"GEOID","year","variable","Variable_Description","estimate","moe","County","Geography","State"
"3603700474",2017,"B17001B_ChildPov","Black (Non-Hispanic)",0,0,"Genesee","Alabama town","New York"
"3603700474",2017,"B17001C_ChildPov","Native American (Non-Hispanic)",0,0,"Genesee","Alabama town","New York"
"3603700474",2017,"B17001D_ChildPov","Asian (Non-Hispanic)",0,0,"Genesee","Alabama town","New York"
"3603700474",2017,"B17001E_ChildPov","Pacific Islander (Non-Hispanic)",0,0,"Genesee","Alabama town","New York"
"3603700474",2017,"B17001F_ChildPov","Other (Non-Hispanic)",0,0,"Genesee","Alabama town","New York"
"3603700474",2017,"B17001G_ChildPov","Two or More Races (Non-Hispanic)",0,190.525588832576,"Genesee","Alabama town","New York"
"3603700474",2017,"B17001H_ChildPov","White (Non-Hispanic)",14.4654088050314,9.8810160423052,"Genesee","Alabama town","New York"
"3603700474",2017,"B17001I_ChildPov","Hispanic or Latino (Any Race)",0,544.358825235933,"Genesee","Alabama town","New York"
"3603700474",2018,"B17001B_ChildPov","Black (Non-Hispanic)",0,0,"Genesee","Alabama town","New York"
"3603700474",2018,"B17001C_ChildPov","Native American (Non-Hispanic)",0,0,"Genesee","Alabama town","New York"
"3603700474",2018,"B17001D_ChildPov","Asian (Non-Hispanic)",0,0,"Genesee","Alabama town","New York"
"3603700474",2018,"B17001E_ChildPov","Pacific Islander (Non-Hispanic)",0,0,"Genesee","Alabama town","New York"
"3603700474",2018,"B17001F_ChildPov","Other (Non-Hispanic)",0,0,"Genesee","Alabama town","New York"
"3603700474",2018,"B17001G_ChildPov","Two or More Races (Non-Hispanic)",0,244.524819892077,"Genesee","Alabama town","New York"
"3603700474",2018,"B17001H_ChildPov","White (Non-Hispanic)",12.4629080118694,10.5200937535629,"Genesee","Alabama town","New York"
"3603700474",2018,"B17001I_ChildPov","Hispanic or Latino (Any Race)",0,1039.23048454133,"Genesee","Alabama town","New York"
"3603700474",2019,"B17001B_ChildPov","Black (Non-Hispanic)",0,0,"Genesee","Alabama town","New York"
"3603700474",2019,"B17001C_ChildPov","Native American (Non-Hispanic)",0,0,"Genesee","Alabama town","New York"
"3603700474",2019,"B17001D_ChildPov","Asian (Non-Hispanic)",0,0,"Genesee","Alabama town","New York"
"3603700474",2019,"B17001E_ChildPov","Pacific Islander (Non-Hispanic)",0,0,"Genesee","Alabama town","New York"
"3603700474",2019,"B17001F_ChildPov","Other (Non-Hispanic)",0,0,"Genesee","Alabama town","New York"
"3603700474",2019,"B17001G_ChildPov","Two or More Races (Non-Hispanic)",0,159.881613006358,"Genesee","Alabama town","New York"
"3603700474",2019,"B17001H_ChildPov","White (Non-Hispanic)",4.0133779264214,13.5519781526447,"Genesee","Alabama town","New York"
"3603700474",2019,"B17001I_ChildPov","Hispanic or Latino (Any Race)",0,831.384387633061,"Genesee","Alabama town","New York"
"3603700474",2020,"B17001B_ChildPov","Black (Non-Hispanic)",100,900,"Genesee","Alabama town","New York"
"3603700474",2020,"B17001C_ChildPov","Native American (Non-Hispanic)",0,0,"Genesee","Alabama town","New York"
"3603700474",2020,"B17001D_ChildPov","Asian (Non-Hispanic)",0,0,"Genesee","Alabama town","New York"
"3603700474",2020,"B17001E_ChildPov","Pacific Islander (Non-Hispanic)",0,0,"Genesee","Alabama town","New York"
"3603700474",2020,"B17001F_ChildPov","Other (Non-Hispanic)",0,0,"Genesee","Alabama town","New York"
"3603700474",2020,"B17001G_ChildPov","Two or More Races (Non-Hispanic)",34.0909090909091,87.2123413433165,"Genesee","Alabama town","New York"
"3603700474",2020,"B17001H_ChildPov","White (Non-Hispanic)",0.66006600660066,13.2369742894275,"Genesee","Alabama town","New York"
"3603700474",2020,"B17001I_ChildPov","Hispanic or Latino (Any Race)",0,593.845991166472,"Genesee","Alabama town","New York"
"3603700474",2021,"B17001B_ChildPov","Black (Non-Hispanic)",100,1528.92118828931,"Genesee","Alabama town","New York"
"3603700474",2021,"B17001C_ChildPov","Native American (Non-Hispanic)",0,0,"Genesee","Alabama town","New York"
"3603700474",2021,"B17001D_ChildPov","Asian (Non-Hispanic)",0,0,"Genesee","Alabama town","New York"
"3603700474",2021,"B17001E_ChildPov","Pacific Islander (Non-Hispanic)",0,0,"Genesee","Alabama town","New York"
"3603700474",2021,"B17001F_ChildPov","Other (Non-Hispanic)",0,0,"Genesee","Alabama town","New York"
"3603700474",2021,"B17001G_ChildPov","Two or More Races (Non-Hispanic)",5.45454545454545,78.4469287724923,"Genesee","Alabama town","New York"
"3603700474",2021,"B17001H_ChildPov","White (Non-Hispanic)",2.97029702970297,13.0804753179883,"Genesee","Alabama town","New York"
"3603700474",2021,"B17001I_ChildPov","Hispanic or Latino (Any Race)",0,173.205080756888,"Genesee","Alabama town","New York"
"3603700474",2022,"B17001B_ChildPov","Black (Non-Hispanic)",100,1906.89538255249,"Genesee","Alabama town","New York"
"3603700474",2022,"B17001C_ChildPov","Native American (Non-Hispanic)",0,0,"Genesee","Alabama town","New York"
"3603700474",2022,"B17001D_ChildPov","Asian (Non-Hispanic)",0,0,"Genesee","Alabama town","New York"
"3603700474",2022,"B17001E_ChildPov","Pacific Islander (Non-Hispanic)",0,0,"Genesee","Alabama town","New York"
"3603700474",2022,"B17001F_ChildPov","Other (Non-Hispanic)",0,0,"Genesee","Alabama town","New York"
"3603700474",2022,"B17001G_ChildPov","Two or More Races (Non-Hispanic)",4.76190476190476,68.9022001231277,"Genesee","Alabama town","New York"
"3603700474",2022,"B17001H_ChildPov","White (Non-Hispanic)",6.46258503401361,13.0674196994943,"Genesee","Alabama town","New York"
"3603700474",2022,"B17001I_ChildPov","Hispanic or Latino (Any Race)",0,173.205080756888,"Genesee","Alabama town","New York"
"3603700474",2023,"B17001B_ChildPov","Black (Non-Hispanic)",100,1532.84050050878,"Genesee","Alabama town","New York"
"3603700474",2023,"B17001C_ChildPov","Native American (Non-Hispanic)",0,0,"Genesee","Alabama town","New York"
"3603700474",2023,"B17001D_ChildPov","Asian (Non-Hispanic)",0,0,"Genesee","Alabama town","New York"
"3603700474",2023,"B17001E_ChildPov","Pacific Islander (Non-Hispanic)",0,0,"Genesee","Alabama town","New York"
"3603700474",2023,"B17001F_ChildPov","Other (Non-Hispanic)",0,0,"Genesee","Alabama town","New York"
"3603700474",2023,"B17001G_ChildPov","Two or More Races (Non-Hispanic)",5.63380281690141,61.0550437474107,"Genesee","Alabama town","New York"
"3603700474",2023,"B17001H_ChildPov","White (Non-Hispanic)",4.71014492753623,13.7783731705028,"Genesee","Alabama town","New York"
"3603700474",2023,"B17001I_ChildPov","Hispanic or Latino (Any Race)",0,145.268777409003,"Genesee","Alabama town","New York"
"3603700474",2024,"B17001B_ChildPov","Black (Non-Hispanic)",100,1187.17637910381,"Genesee","Alabama town","New York"
"3603700474",2024,"B17001C_ChildPov","Native American (Non-Hispanic)",100,1373.5598518691,"Genesee","Alabama town","New York"
"3603700474",2024,"B17001D_ChildPov","Asian (Non-Hispanic)",0,0,"Genesee","Alabama town","New York"
"3603700474",2024,"B17001E_ChildPov","Pacific Islander (Non-Hispanic)",0,0,"Genesee","Alabama town","New York"
"3603700474",2024,"B17001F_ChildPov","Other (Non-Hispanic)",0,0,"Genesee","Alabama town","New York"
"3603700474",2024,"B17001G_ChildPov","Two or More Races (Non-Hispanic)",3.06122448979592,47.7090264652319,"Genesee","Alabama town","New York"
"3603700474",2024,"B17001H_ChildPov","White (Non-Hispanic)",7.08661417322835,16.2658415364636,"Genesee","Alabama town","New York"
"3603700474",2024,"B17001I_ChildPov","Hispanic or Latino (Any Race)",0,115.470053837925,"Genesee","Alabama town","New York"
"3603701165",2017,"B17001B_ChildPov","Black (Non-Hispanic)",66.6666666666667,186.32979597193,"Genesee","Alexander town","New York"
"3603701165",2017,"B17001C_ChildPov","Native American (Non-Hispanic)",0,0,"Genesee","Alexander town","New York"
"3603701165",2017,"B17001D_ChildPov","Asian (Non-Hispanic)",0,0,"Genesee","Alexander town","New York"
"3603701165",2017,"B17001E_ChildPov","Pacific Islander (Non-Hispanic)",0,0,"Genesee","Alexander town","New York"
"3603701165",2017,"B17001F_ChildPov","Other (Non-Hispanic)",0,0,"Genesee","Alexander town","New York"
"3603701165",2017,"B17001G_ChildPov","Two or More Races (Non-Hispanic)",0,952.627944162882,"Genesee","Alexander town","New York"
"3603701165",2017,"B17001H_ChildPov","White (Non-Hispanic)",18.1481481481481,9.84739280025276,"Genesee","Alexander town","New York"
"3603701165",2017,"B17001I_ChildPov","Hispanic or Latino (Any Race)",0,762.102355330306,"Genesee","Alexander town","New York"
"3603701165",2018,"B17001B_ChildPov","Black (Non-Hispanic)",54.5454545454545,253.965207493141,"Genesee","Alexander town","New York"
"3603701165",2018,"B17001C_ChildPov","Native American (Non-Hispanic)",0,0,"Genesee","Alexander town","New York"
"3603701165",2018,"B17001D_ChildPov","Asian (Non-Hispanic)",0,0,"Genesee","Alexander town","New York"
"3603701165",2018,"B17001E_ChildPov","Pacific Islander (Non-Hispanic)",0,0,"Genesee","Alexander town","New York"
"3603701165",2018,"B17001F_ChildPov","Other (Non-Hispanic)",0,831.384387633061,"Genesee","Alexander town","New York"
"3603701165",2018,"B17001G_ChildPov","Two or More Races (Non-Hispanic)",0,593.845991166472,"Genesee","Alexander town","New York"
"3603701165",2018,"B17001H_ChildPov","White (Non-Hispanic)",15.7712305025997,8.7491076323675,"Genesee","Alexander town","New York"
"3603701165",2018,"B17001I_ChildPov","Hispanic or Latino (Any Race)",0,461.880215351701,"Genesee","Alexander town","New York"
"3603701165",2019,"B17001B_ChildPov","Black (Non-Hispanic)",0,1039.23048454133,"Genesee","Alexander town","New York"
"3603701165",2019,"B17001C_ChildPov","Native American (Non-Hispanic)",0,0,"Genesee","Alexander town","New York"
"3603701165",2019,"B17001D_ChildPov","Asian (Non-Hispanic)",0,0,"Genesee","Alexander town","New York"
"3603701165",2019,"B17001E_ChildPov","Pacific Islander (Non-Hispanic)",0,0,"Genesee","Alexander town","New York"
"3603701165",2019,"B17001F_ChildPov","Other (Non-Hispanic)",0,1039.23048454133,"Genesee","Alexander town","New York"
"3603701165",2019,"B17001G_ChildPov","Two or More Races (Non-Hispanic)",38.4615384615385,231.903599448121,"Genesee","Alexander town","New York"
"3603701165",2019,"B17001H_ChildPov","White (Non-Hispanic)",17.4418604651163,8.99863191994782,"Genesee","Alexander town","New York"
"3603701165",2019,"B17001I_ChildPov","Hispanic or Latino (Any Race)",0,519.615242270663,"Genesee","Alexander town","New York"
"3603701165",2020,"B17001B_ChildPov","Black (Non-Hispanic)",0,1039.23048454133,"Genesee","Alexander town","New York"
"3603701165",2020,"B17001C_ChildPov","Native American (Non-Hispanic)",0,0,"Genesee","Alexander town","New York"
"3603701165",2020,"B17001D_ChildPov","Asian (Non-Hispanic)",0,0,"Genesee","Alexander town","New York"
"3603701165",2020,"B17001E_ChildPov","Pacific Islander (Non-Hispanic)",0,0,"Genesee","Alexander town","New York"
"3603701165",2020,"B17001F_ChildPov","Other (Non-Hispanic)",0,2078.46096908265,"Genesee","Alexander town","New York"
"3603701165",2020,"B17001G_ChildPov","Two or More Races (Non-Hispanic)",76.1904761904762,280.062243011465,"Genesee","Alexander town","New York"
"3603701165",2020,"B17001H_ChildPov","White (Non-Hispanic)",8.39363241678726,4.71350909675929,"Genesee","Alexander town","New York"
"3603701165",2020,"B17001I_ChildPov","Hispanic or Latino (Any Race)",0,2078.46096908265,"Genesee","Alexander town","New York"
"3603701165",2021,"B17001B_ChildPov","Black (Non-Hispanic)",0,2251.66604983954,"Genesee","Alexander town","New York"
"3603701165",2021,"B17001C_ChildPov","Native American (Non-Hispanic)",0,0,"Genesee","Alexander town","New York"
"3603701165",2021,"B17001D_ChildPov","Asian (Non-Hispanic)",0,0,"Genesee","Alexander town","New York"
"3603701165",2021,"B17001E_ChildPov","Pacific Islander (Non-Hispanic)",0,0,"Genesee","Alexander town","New York"
"3603701165",2021,"B17001F_ChildPov","Other (Non-Hispanic)",0,1501.11069989303,"Genesee","Alexander town","New York"
"3603701165",2021,"B17001G_ChildPov","Two or More Races (Non-Hispanic)",20.9302325581395,88.3882106240793,"Genesee","Alexander town","New York"
"3603701165",2021,"B17001H_ChildPov","White (Non-Hispanic)",8.87728459530026,4.60263332762045,"Genesee","Alexander town","New York"
"3603701165",2021,"B17001I_ChildPov","Hispanic or Latino (Any Race)",0,375.277674973257,"Genesee","Alexander town","New York"
"3603701165",2022,"B17001B_ChildPov","Black (Non-Hispanic)",0,0,"Genesee","Alexander town","New York"
"3603701165",2022,"B17001C_ChildPov","Native American (Non-Hispanic)",0,0,"Genesee","Alexander town","New York"
"3603701165",2022,"B17001D_ChildPov","Asian (Non-Hispanic)",0,0,"Genesee","Alexander town","New York"
"3603701165",2022,"B17001E_ChildPov","Pacific Islander (Non-Hispanic)",0,0,"Genesee","Alexander town","New York"
"3603701165",2022,"B17001F_ChildPov","Other (Non-Hispanic)",0,900.666419935816,"Genesee","Alexander town","New York"
"3603701165",2022,"B17001G_ChildPov","Two or More Races (Non-Hispanic)",21.2765957446809,79.9419213317855,"Genesee","Alexander town","New York"
"3603701165",2022,"B17001H_ChildPov","White (Non-Hispanic)",3.82436260623229,5.47903938266137,"Genesee","Alexander town","New York"
"3603701165",2022,"B17001I_ChildPov","Hispanic or Latino (Any Race)",0,225.166604983954,"Genesee","Alexander town","New York"
"3603701165",2023,"B17001B_ChildPov","Black (Non-Hispanic)",0,0,"Genesee","Alexander town","New York"
"3603701165",2023,"B17001C_ChildPov","Native American (Non-Hispanic)",0,0,"Genesee","Alexander town","New York"
"3603701165",2023,"B17001D_ChildPov","Asian (Non-Hispanic)",0,0,"Genesee","Alexander town","New York"
"3603701165",2023,"B17001E_ChildPov","Pacific Islander (Non-Hispanic)",0,0,"Genesee","Alexander town","New York"
"3603701165",2023,"B17001F_ChildPov","Other (Non-Hispanic)",0,0,"Genesee","Alexander town","New York"
"3603701165",2023,"B17001G_ChildPov","Two or More Races (Non-Hispanic)",22.0588235294118,56.3278913710438,"Genesee","Alexander town","New York"
"3603701165",2023,"B17001H_ChildPov","White (Non-Hispanic)",2.96875,6.19969305713019,"Genesee","Alexander town","New York"
"3603701165",2023,"B17001I_ChildPov","Hispanic or Latino (Any Race)",0,166.790077765892,"Genesee","Alexander town","New York"
"3603701165",2024,"B17001B_ChildPov","Black (Non-Hispanic)",0,0,"Genesee","Alexander town","New York"
"3603701165",2024,"B17001C_ChildPov","Native American (Non-Hispanic)",0,0,"Genesee","Alexander town","New York"
"3603701165",2024,"B17001D_ChildPov","Asian (Non-Hispanic)",0,0,"Genesee","Alexander town","New York"
"3603701165",2024,"B17001E_ChildPov","Pacific Islander (Non-Hispanic)",0,0,"Genesee","Alexander town","New York"
"3603701165",2024,"B17001F_ChildPov","Other (Non-Hispanic)",0,0,"Genesee","Alexander town","New York"
"3603701165",2024,"B17001G_ChildPov","Two or More Races (Non-Hispanic)",0,118.28639661446,"Genesee","Alexander town","New York"
"3603701165",2024,"B17001H_ChildPov","White (Non-Hispanic)",0.824175824175824,6.20022085844607,"Genesee","Alexander town","New York"
"3603701165",2024,"B17001I_ChildPov","Hispanic or Latino (Any Race)",0,202.072594216369,"Genesee","Alexander town","New York"
"3603704715",2017,"B17001B_ChildPov","Black (Non-Hispanic)",85.9903381642512,57.9266831241687,"Genesee","Batavia city","New York"
"3603704715",2017,"B17001C_ChildPov","Native American (Non-Hispanic)",100,370.856702619153,"Genesee","Batavia city","New York"
"3603704715",2017,"B17001D_ChildPov","Asian (Non-Hispanic)",0,445.384493374854,"Genesee","Batavia city","New York"
"3603704715",2017,"B17001E_ChildPov","Pacific Islander (Non-Hispanic)",0,0,"Genesee","Batavia city","New York"
"3603704715",2017,"B17001F_ChildPov","Other (Non-Hispanic)",0,173.205080756888,"Genesee","Batavia city","New York"
"3603704715",2017,"B17001G_ChildPov","Two or More Races (Non-Hispanic)",46,24.2782470536898,"Genesee","Batavia city","New York"
"3603704715",2017,"B17001H_ChildPov","White (Non-Hispanic)",22.623723487824,5.44602414335065,"Genesee","Batavia city","New York"
"3603704715",2017,"B17001I_ChildPov","Hispanic or Latino (Any Race)",48.3870967741936,20.4223178660945,"Genesee","Batavia city","New York"
"3603704715",2018,"B17001B_ChildPov","Black (Non-Hispanic)",40,69.3466653848619,"Genesee","Batavia city","New York"
"3603704715",2018,"B17001C_ChildPov","Native American (Non-Hispanic)",0,0,"Genesee","Batavia city","New York"
"3603704715",2018,"B17001D_ChildPov","Asian (Non-Hispanic)",0,365.655170486763,"Genesee","Batavia city","New York"
"3603704715",2018,"B17001E_ChildPov","Pacific Islander (Non-Hispanic)",0,0,"Genesee","Batavia city","New York"
"3603704715",2018,"B17001F_ChildPov","Other (Non-Hispanic)",0,173.205080756888,"Genesee","Batavia city","New York"
"3603704715",2018,"B17001G_ChildPov","Two or More Races (Non-Hispanic)",81.3620071684588,51.9729561031211,"Genesee","Batavia city","New York"
"3603704715",2018,"B17001H_ChildPov","White (Non-Hispanic)",20.2233745512565,5.40050887310047,"Genesee","Batavia city","New York"
"3603704715",2018,"B17001I_ChildPov","Hispanic or Latino (Any Race)",50.2673796791444,19.2576545896613,"Genesee","Batavia city","New York"
"3603704715",2019,"B17001B_ChildPov","Black (Non-Hispanic)",49.0909090909091,88.6428451270245,"Genesee","Batavia city","New York"
"3603704715",2019,"B17001C_ChildPov","Native American (Non-Hispanic)",0,0,"Genesee","Batavia city","New York"
"3603704715",2019,"B17001D_ChildPov","Asian (Non-Hispanic)",0,0,"Genesee","Batavia city","New York"
"3603704715",2019,"B17001E_ChildPov","Pacific Islander (Non-Hispanic)",0,0,"Genesee","Batavia city","New York"
"3603704715",2019,"B17001F_ChildPov","Other (Non-Hispanic)",0,212.315905443927,"Genesee","Batavia city","New York"
"3603704715",2019,"B17001G_ChildPov","Two or More Races (Non-Hispanic)",68.8095238095238,9.38087127592559,"Genesee","Batavia city","New York"
"3603704715",2019,"B17001H_ChildPov","White (Non-Hispanic)",17.247311827957,5.79277569769131,"Genesee","Batavia city","New York"
"3603704715",2019,"B17001I_ChildPov","Hispanic or Latino (Any Race)",56.1643835616438,13.1034299140134,"Genesee","Batavia city","New York"
"3603704715",2020,"B17001B_ChildPov","Black (Non-Hispanic)",34.8837209302326,69.4103434013297,"Genesee","Batavia city","New York"
"3603704715",2020,"B17001C_ChildPov","Native American (Non-Hispanic)",0,0,"Genesee","Batavia city","New York"
"3603704715",2020,"B17001D_ChildPov","Asian (Non-Hispanic)",0,0,"Genesee","Batavia city","New York"
"3603704715",2020,"B17001E_ChildPov","Pacific Islander (Non-Hispanic)",0,0,"Genesee","Batavia city","New York"
"3603704715",2020,"B17001F_ChildPov","Other (Non-Hispanic)",0,156.709358780041,"Genesee","Batavia city","New York"
"3603704715",2020,"B17001G_ChildPov","Two or More Races (Non-Hispanic)",46.0069444444444,10.0759559378264,"Genesee","Batavia city","New York"
"3603704715",2020,"B17001H_ChildPov","White (Non-Hispanic)",14.5204027556969,5.99134509158062,"Genesee","Batavia city","New York"
"3603704715",2020,"B17001I_ChildPov","Hispanic or Latino (Any Race)",39.1608391608392,18.3997672487349,"Genesee","Batavia city","New York"
"3603704715",2021,"B17001B_ChildPov","Black (Non-Hispanic)",27.0833333333333,67.8699791811073,"Genesee","Batavia city","New York"
"3603704715",2021,"B17001C_ChildPov","Native American (Non-Hispanic)",0,0,"Genesee","Batavia city","New York"
"3603704715",2021,"B17001D_ChildPov","Asian (Non-Hispanic)",0,0,"Genesee","Batavia city","New York"
"3603704715",2021,"B17001E_ChildPov","Pacific Islander (Non-Hispanic)",0,0,"Genesee","Batavia city","New York"
"3603704715",2021,"B17001F_ChildPov","Other (Non-Hispanic)",0,104.972776216296,"Genesee","Batavia city","New York"
"3603704715",2021,"B17001G_ChildPov","Two or More Races (Non-Hispanic)",38.9770723104056,8.38746824873129,"Genesee","Batavia city","New York"
"3603704715",2021,"B17001H_ChildPov","White (Non-Hispanic)",11.7489270386266,6.53966714418786,"Genesee","Batavia city","New York"
"3603704715",2021,"B17001I_ChildPov","Hispanic or Latino (Any Race)",39.3643031784841,14.6294814344702,"Genesee","Batavia city","New York"
"3603704715",2022,"B17001B_ChildPov","Black (Non-Hispanic)",0,61.6492660321126,"Genesee","Batavia city","New York"
"3603704715",2022,"B17001C_ChildPov","Native American (Non-Hispanic)",0,0,"Genesee","Batavia city","New York"
"3603704715",2022,"B17001D_ChildPov","Asian (Non-Hispanic)",0,186.528548507418,"Genesee","Batavia city","New York"
"3603704715",2022,"B17001E_ChildPov","Pacific Islander (Non-Hispanic)",0,0,"Genesee","Batavia city","New York"
"3603704715",2022,"B17001F_ChildPov","Other (Non-Hispanic)",0,661.328490162662,"Genesee","Batavia city","New York"
"3603704715",2022,"B17001G_ChildPov","Two or More Races (Non-Hispanic)",30.0194931773879,16.0224227834538,"Genesee","Batavia city","New York"
"3603704715",2022,"B17001H_ChildPov","White (Non-Hispanic)",6.94042799305957,5.6118121873237,"Genesee","Batavia city","New York"
"3603704715",2022,"B17001I_ChildPov","Hispanic or Latino (Any Race)",22.9916897506925,22.2938917089772,"Genesee","Batavia city","New York"
"3603704715",2023,"B17001B_ChildPov","Black (Non-Hispanic)",0,80.8290376865476,"Genesee","Batavia city","New York"
"3603704715",2023,"B17001C_ChildPov","Native American (Non-Hispanic)",0,0,"Genesee","Batavia city","New York"
"3603704715",2023,"B17001D_ChildPov","Asian (Non-Hispanic)",0,303.108891324553,"Genesee","Batavia city","New York"
"3603704715",2023,"B17001E_ChildPov","Pacific Islander (Non-Hispanic)",0,0,"Genesee","Batavia city","New York"
"3603704715",2023,"B17001F_ChildPov","Other (Non-Hispanic)",0,484.974226119286,"Genesee","Batavia city","New York"
"3603704715",2023,"B17001G_ChildPov","Two or More Races (Non-Hispanic)",8.13953488372093,11.5314071778132,"Genesee","Batavia city","New York"
"3603704715",2023,"B17001H_ChildPov","White (Non-Hispanic)",10.1355013550136,5.81650422947124,"Genesee","Batavia city","New York"
"3603704715",2023,"B17001I_ChildPov","Hispanic or Latino (Any Race)",6.51465798045603,23.1342975878224,"Genesee","Batavia city","New York"
"3603704715",2024,"B17001B_ChildPov","Black (Non-Hispanic)",0,54.2881596402185,"Genesee","Batavia city","New York"
"3603704715",2024,"B17001C_ChildPov","Native American (Non-Hispanic)",0,0,"Genesee","Batavia city","New York"
"3603704715",2024,"B17001D_ChildPov","Asian (Non-Hispanic)",0,259.807621135332,"Genesee","Batavia city","New York"
"3603704715",2024,"B17001E_ChildPov","Pacific Islander (Non-Hispanic)",0,0,"Genesee","Batavia city","New York"
"3603704715",2024,"B17001F_ChildPov","Other (Non-Hispanic)",0,259.807621135332,"Genesee","Batavia city","New York"
"3603704715",2024,"B17001G_ChildPov","Two or More Races (Non-Hispanic)",17.7619893428064,16.0714405916099,"Genesee","Batavia city","New York"
"3603704715",2024,"B17001H_ChildPov","White (Non-Hispanic)",11.0601719197708,5.26698115968655,"Genesee","Batavia city","New York"
"3603704715",2024,"B17001I_ChildPov","Hispanic or Latino (Any Race)",33.2179930795848,30.7895406974275,"Genesee","Batavia city","New York"
"3603704726",2017,"B17001B_ChildPov","Black (Non-Hispanic)",0,0,"Genesee","Batavia town","New York"
"3603704726",2017,"B17001C_ChildPov","Native American (Non-Hispanic)",0,0,"Genesee","Batavia town","New York"
"3603704726",2017,"B17001D_ChildPov","Asian (Non-Hispanic)",0,0,"Genesee","Batavia town","New York"
"3603704726",2017,"B17001E_ChildPov","Pacific Islander (Non-Hispanic)",0,0,"Genesee","Batavia town","New York"
"3603704726",2017,"B17001F_ChildPov","Other (Non-Hispanic)",0,0,"Genesee","Batavia town","New York"
"3603704726",2017,"B17001G_ChildPov","Two or More Races (Non-Hispanic)",0,0,"Genesee","Batavia town","New York"
"3603704726",2017,"B17001H_ChildPov","White (Non-Hispanic)",14.4648023143684,8.55924584289317,"Genesee","Batavia town","New York"
"3603704726",2017,"B17001I_ChildPov","Hispanic or Latino (Any Race)",0,0,"Genesee","Batavia town","New York"
"3603704726",2018,"B17001B_ChildPov","Black (Non-Hispanic)",0,0,"Genesee","Batavia town","New York"
"3603704726",2018,"B17001C_ChildPov","Native American (Non-Hispanic)",0,0,"Genesee","Batavia town","New York"
"3603704726",2018,"B17001D_ChildPov","Asian (Non-Hispanic)",0,0,"Genesee","Batavia town","New York"
"3603704726",2018,"B17001E_ChildPov","Pacific Islander (Non-Hispanic)",0,0,"Genesee","Batavia town","New York"
"3603704726",2018,"B17001F_ChildPov","Other (Non-Hispanic)",0,0,"Genesee","Batavia town","New York"
"3603704726",2018,"B17001G_ChildPov","Two or More Races (Non-Hispanic)",0,0,"Genesee","Batavia town","New York"
"3603704726",2018,"B17001H_ChildPov","White (Non-Hispanic)",13.1413141314131,8.15262321063992,"Genesee","Batavia town","New York"
"3603704726",2018,"B17001I_ChildPov","Hispanic or Latino (Any Race)",0,0,"Genesee","Batavia town","New York"
"3603704726",2019,"B17001B_ChildPov","Black (Non-Hispanic)",0,0,"Genesee","Batavia town","New York"
"3603704726",2019,"B17001C_ChildPov","Native American (Non-Hispanic)",0,0,"Genesee","Batavia town","New York"
"3603704726",2019,"B17001D_ChildPov","Asian (Non-Hispanic)",0,0,"Genesee","Batavia town","New York"
"3603704726",2019,"B17001E_ChildPov","Pacific Islander (Non-Hispanic)",0,0,"Genesee","Batavia town","New York"
"3603704726",2019,"B17001F_ChildPov","Other (Non-Hispanic)",0,0,"Genesee","Batavia town","New York"
"3603704726",2019,"B17001G_ChildPov","Two or More Races (Non-Hispanic)",0,0,"Genesee","Batavia town","New York"
"3603704726",2019,"B17001H_ChildPov","White (Non-Hispanic)",12.4787775891341,7.1917946261381,"Genesee","Batavia town","New York"
"3603704726",2019,"B17001I_ChildPov","Hispanic or Latino (Any Race)",0,0,"Genesee","Batavia town","New York"
"3603704726",2020,"B17001B_ChildPov","Black (Non-Hispanic)",0,0,"Genesee","Batavia town","New York"
"3603704726",2020,"B17001C_ChildPov","Native American (Non-Hispanic)",0,0,"Genesee","Batavia town","New York"
"3603704726",2020,"B17001D_ChildPov","Asian (Non-Hispanic)",0,0,"Genesee","Batavia town","New York"
"3603704726",2020,"B17001E_ChildPov","Pacific Islander (Non-Hispanic)",0,0,"Genesee","Batavia town","New York"
"3603704726",2020,"B17001F_ChildPov","Other (Non-Hispanic)",0,0,"Genesee","Batavia town","New York"
"3603704726",2020,"B17001G_ChildPov","Two or More Races (Non-Hispanic)",0,0,"Genesee","Batavia town","New York"
"3603704726",2020,"B17001H_ChildPov","White (Non-Hispanic)",14.6579804560261,7.86858429366121,"Genesee","Batavia town","New York"
"3603704726",2020,"B17001I_ChildPov","Hispanic or Latino (Any Race)",0,0,"Genesee","Batavia town","New York"
"3603704726",2021,"B17001B_ChildPov","Black (Non-Hispanic)",0,0,"Genesee","Batavia town","New York"
"3603704726",2021,"B17001C_ChildPov","Native American (Non-Hispanic)",0,0,"Genesee","Batavia town","New York"
"3603704726",2021,"B17001D_ChildPov","Asian (Non-Hispanic)",0,0,"Genesee","Batavia town","New York"
"3603704726",2021,"B17001E_ChildPov","Pacific Islander (Non-Hispanic)",0,0,"Genesee","Batavia town","New York"
"3603704726",2021,"B17001F_ChildPov","Other (Non-Hispanic)",0,0,"Genesee","Batavia town","New York"
"3603704726",2021,"B17001G_ChildPov","Two or More Races (Non-Hispanic)",0,0,"Genesee","Batavia town","New York"
"3603704726",2021,"B17001H_ChildPov","White (Non-Hispanic)",6.3963963963964,7.83785087194371,"Genesee","Batavia town","New York"
"3603704726",2021,"B17001I_ChildPov","Hispanic or Latino (Any Race)",0,0,"Genesee","Batavia town","New York"
"3603704726",2022,"B17001B_ChildPov","Black (Non-Hispanic)",0,0,"Genesee","Batavia town","New York"
"3603704726",2022,"B17001C_ChildPov","Native American (Non-Hispanic)",0,0,"Genesee","Batavia town","New York"
"3603704726",2022,"B17001D_ChildPov","Asian (Non-Hispanic)",0,0,"Genesee","Batavia town","New York"
"3603704726",2022,"B17001E_ChildPov","Pacific Islander (Non-Hispanic)",0,0,"Genesee","Batavia town","New York"
"3603704726",2022,"B17001F_ChildPov","Other (Non-Hispanic)",0,0,"Genesee","Batavia town","New York"
"3603704726",2022,"B17001G_ChildPov","Two or More Races (Non-Hispanic)",0,470.128076340124,"Genesee","Batavia town","New York"
"3603704726",2022,"B17001H_ChildPov","White (Non-Hispanic)",18.2917002417405,7.8838595371265,"Genesee","Batavia town","New York"
"3603704726",2022,"B17001I_ChildPov","Hispanic or Latino (Any Race)",0,470.128076340124,"Genesee","Batavia town","New York"
"3603704726",2023,"B17001B_ChildPov","Black (Non-Hispanic)",0,0,"Genesee","Batavia town","New York"
"3603704726",2023,"B17001C_ChildPov","Native American (Non-Hispanic)",0,0,"Genesee","Batavia town","New York"
"3603704726",2023,"B17001D_ChildPov","Asian (Non-Hispanic)",0,0,"Genesee","Batavia town","New York"
"3603704726",2023,"B17001E_ChildPov","Pacific Islander (Non-Hispanic)",0,0,"Genesee","Batavia town","New York"
"3603704726",2023,"B17001F_ChildPov","Other (Non-Hispanic)",0,0,"Genesee","Batavia town","New York"
"3603704726",2023,"B17001G_ChildPov","Two or More Races (Non-Hispanic)",0,126.572943630033,"Genesee","Batavia town","New York"
"3603704726",2023,"B17001H_ChildPov","White (Non-Hispanic)",14.9475524475524,8.21500717265043,"Genesee","Batavia town","New York"
"3603704726",2023,"B17001I_ChildPov","Hispanic or Latino (Any Race)",0,126.572943630033,"Genesee","Batavia town","New York"
"3603704726",2024,"B17001B_ChildPov","Black (Non-Hispanic)",0,0,"Genesee","Batavia town","New York"
"3603704726",2024,"B17001C_ChildPov","Native American (Non-Hispanic)",0,0,"Genesee","Batavia town","New York"
"3603704726",2024,"B17001D_ChildPov","Asian (Non-Hispanic)",0,0,"Genesee","Batavia town","New York"
"3603704726",2024,"B17001E_ChildPov","Pacific Islander (Non-Hispanic)",0,0,"Genesee","Batavia town","New York"
"3603704726",2024,"B17001F_ChildPov","Other (Non-Hispanic)",0,0,"Genesee","Batavia town","New York"
"3603704726",2024,"B17001G_ChildPov","Two or More Races (Non-Hispanic)",0,134.32230752575,"Genesee","Batavia town","New York"
"3603704726",2024,"B17001H_ChildPov","White (Non-Hispanic)",11.9502868068834,7.55396961193985,"Genesee","Batavia town","New York"
"3603704726",2024,"B17001I_ChildPov","Hispanic or Latino (Any Race)",0,134.32230752575,"Genesee","Batavia town","New York"
"3603706057",2017,"B17001B_ChildPov","Black (Non-Hispanic)",0,0,"Genesee","Bergen town","New York"
"3603706057",2017,"B17001C_ChildPov","Native American (Non-Hispanic)",0,635.085296108588,"Genesee","Bergen town","New York"
"3603706057",2017,"B17001D_ChildPov","Asian (Non-Hispanic)",0,146.558145255828,"Genesee","Bergen town","New York"
"3603706057",2017,"B17001E_ChildPov","Pacific Islander (Non-Hispanic)",0,0,"Genesee","Bergen town","New York"
"3603706057",2017,"B17001F_ChildPov","Other (Non-Hispanic)",100,942.857142857143,"Genesee","Bergen town","New York"
"3603706057",2017,"B17001G_ChildPov","Two or More Races (Non-Hispanic)",0,28.6504644861017,"Genesee","Bergen town","New York"
"3603706057",2017,"B17001H_ChildPov","White (Non-Hispanic)",16.0320641282565,7.70534027244919,"Genesee","Bergen town","New York"
"3603706057",2017,"B17001I_ChildPov","Hispanic or Latino (Any Race)",77.7777777777778,624.3338165799,"Genesee","Bergen town","New York"
"3603706057",2018,"B17001B_ChildPov","Black (Non-Hispanic)",100,1772.00451466693,"Genesee","Bergen town","New York"
"3603706057",2018,"B17001C_ChildPov","Native American (Non-Hispanic)",0,1385.6406460551,"Genesee","Bergen town","New York"
"3603706057",2018,"B17001D_ChildPov","Asian (Non-Hispanic)",0,134.094256069849,"Genesee","Bergen town","New York"
"3603706057",2018,"B17001E_ChildPov","Pacific Islander (Non-Hispanic)",0,0,"Genesee","Bergen town","New York"
"3603706057",2018,"B17001F_ChildPov","Other (Non-Hispanic)",100,1028.57142857143,"Genesee","Bergen town","New York"
"3603706057",2018,"B17001G_ChildPov","Two or More Races (Non-Hispanic)",0,57.7350269189626,"Genesee","Bergen town","New York"
"3603706057",2018,"B17001H_ChildPov","White (Non-Hispanic)",12.8151260504202,8.34966071059432,"Genesee","Bergen town","New York"
"3603706057",2018,"B17001I_ChildPov","Hispanic or Latino (Any Race)",70,96.3690821788816,"Genesee","Bergen town","New York"
"3603706057",2019,"B17001B_ChildPov","Black (Non-Hispanic)",100,731.163456417236,"Genesee","Bergen town","New York"
"3603706057",2019,"B17001C_ChildPov","Native American (Non-Hispanic)",0,0,"Genesee","Bergen town","New York"
"3603706057",2019,"B17001D_ChildPov","Asian (Non-Hispanic)",0,0,"Genesee","Bergen town","New York"
"3603706057",2019,"B17001E_ChildPov","Pacific Islander (Non-Hispanic)",0,0,"Genesee","Bergen town","New York"
"3603706057",2019,"B17001F_ChildPov","Other (Non-Hispanic)",100,1023.99776785471,"Genesee","Bergen town","New York"
"3603706057",2019,"B17001G_ChildPov","Two or More Races (Non-Hispanic)",0,53.985999196952,"Genesee","Bergen town","New York"
"3603706057",2019,"B17001H_ChildPov","White (Non-Hispanic)",10.6508875739645,8.49175477269074,"Genesee","Bergen town","New York"
"3603706057",2019,"B17001I_ChildPov","Hispanic or Latino (Any Race)",58.3333333333333,207.1319527097,"Genesee","Bergen town","New York"
"3603706057",2020,"B17001B_ChildPov","Black (Non-Hispanic)",100,624.610990048117,"Genesee","Bergen town","New York"
"3603706057",2020,"B17001C_ChildPov","Native American (Non-Hispanic)",0,0,"Genesee","Bergen town","New York"
"3603706057",2020,"B17001D_ChildPov","Asian (Non-Hispanic)",0,0,"Genesee","Bergen town","New York"
"3603706057",2020,"B17001E_ChildPov","Pacific Islander (Non-Hispanic)",0,0,"Genesee","Bergen town","New York"
"3603706057",2020,"B17001F_ChildPov","Other (Non-Hispanic)",0,0,"Genesee","Bergen town","New York"
"3603706057",2020,"B17001G_ChildPov","Two or More Races (Non-Hispanic)",0,244.524819892077,"Genesee","Bergen town","New York"
"3603706057",2020,"B17001H_ChildPov","White (Non-Hispanic)",3.89380530973451,6.56439565499625,"Genesee","Bergen town","New York"
"3603706057",2020,"B17001I_ChildPov","Hispanic or Latino (Any Race)",0,593.845991166472,"Genesee","Bergen town","New York"
"3603706057",2021,"B17001B_ChildPov","Black (Non-Hispanic)",100,870.504323813373,"Genesee","Bergen town","New York"
"3603706057",2021,"B17001C_ChildPov","Native American (Non-Hispanic)",0,0,"Genesee","Bergen town","New York"
"3603706057",2021,"B17001D_ChildPov","Asian (Non-Hispanic)",0,0,"Genesee","Bergen town","New York"
"3603706057",2021,"B17001E_ChildPov","Pacific Islander (Non-Hispanic)",0,0,"Genesee","Bergen town","New York"
"3603706057",2021,"B17001F_ChildPov","Other (Non-Hispanic)",0,0,"Genesee","Bergen town","New York"
"3603706057",2021,"B17001G_ChildPov","Two or More Races (Non-Hispanic)",0,0,"Genesee","Bergen town","New York"
"3603706057",2021,"B17001H_ChildPov","White (Non-Hispanic)",2.33009708737864,9.12410962206036,"Genesee","Bergen town","New York"
"3603706057",2021,"B17001I_ChildPov","Hispanic or Latino (Any Race)",0,750.555349946513,"Genesee","Bergen town","New York"
"3603706057",2022,"B17001B_ChildPov","Black (Non-Hispanic)",100,1537.27030804605,"Genesee","Bergen town","New York"
"3603706057",2022,"B17001C_ChildPov","Native American (Non-Hispanic)",0,0,"Genesee","Bergen town","New York"
"3603706057",2022,"B17001D_ChildPov","Asian (Non-Hispanic)",0,300.222139978605,"Genesee","Bergen town","New York"
"3603706057",2022,"B17001E_ChildPov","Pacific Islander (Non-Hispanic)",0,0,"Genesee","Bergen town","New York"
"3603706057",2022,"B17001F_ChildPov","Other (Non-Hispanic)",0,0,"Genesee","Bergen town","New York"
"3603706057",2022,"B17001G_ChildPov","Two or More Races (Non-Hispanic)",0,0,"Genesee","Bergen town","New York"
"3603706057",2022,"B17001H_ChildPov","White (Non-Hispanic)",3.7037037037037,7.4839155882216,"Genesee","Bergen town","New York"
"3603706057",2022,"B17001I_ChildPov","Hispanic or Latino (Any Race)",0,1125.83302491977,"Genesee","Bergen town","New York"
"3603706057",2023,"B17001B_ChildPov","Black (Non-Hispanic)",0,0,"Genesee","Bergen town","New York"
"3603706057",2023,"B17001C_ChildPov","Native American (Non-Hispanic)",0,0,"Genesee","Bergen town","New York"
"3603706057",2023,"B17001D_ChildPov","Asian (Non-Hispanic)",0,225.166604983954,"Genesee","Bergen town","New York"
"3603706057",2023,"B17001E_ChildPov","Pacific Islander (Non-Hispanic)",0,0,"Genesee","Bergen town","New York"
"3603706057",2023,"B17001F_ChildPov","Other (Non-Hispanic)",0,0,"Genesee","Bergen town","New York"
"3603706057",2023,"B17001G_ChildPov","Two or More Races (Non-Hispanic)",0,900.666419935816,"Genesee","Bergen town","New York"
"3603706057",2023,"B17001H_ChildPov","White (Non-Hispanic)",4.90018148820327,7.53646215342411,"Genesee","Bergen town","New York"
"3603706057",2023,"B17001I_ChildPov","Hispanic or Latino (Any Race)",38.4615384615385,282.081624828203,"Genesee","Bergen town","New York"
"3603706057",2024,"B17001B_ChildPov","Black (Non-Hispanic)",100,604.8691318514,"Genesee","Bergen town","New York"
"3603706057",2024,"B17001C_ChildPov","Native American (Non-Hispanic)",0,0,"Genesee","Bergen town","New York"
"3603706057",2024,"B17001D_ChildPov","Asian (Non-Hispanic)",0,346.410161513775,"Genesee","Bergen town","New York"
"3603706057",2024,"B17001E_ChildPov","Pacific Islander (Non-Hispanic)",0,0,"Genesee","Bergen town","New York"
"3603706057",2024,"B17001F_ChildPov","Other (Non-Hispanic)",0,0,"Genesee","Bergen town","New York"
"3603706057",2024,"B17001G_ChildPov","Two or More Races (Non-Hispanic)",0,1212.43556529821,"Genesee","Bergen town","New York"
"3603706057",2024,"B17001H_ChildPov","White (Non-Hispanic)",5.55555555555556,9.74341994999113,"Genesee","Bergen town","New York"
"3603706057",2024,"B17001I_ChildPov","Hispanic or Latino (Any Race)",100,1380.82101181387,"Genesee","Bergen town","New York"
"3603706266",2017,"B17001B_ChildPov","Black (Non-Hispanic)",0,952.627944162882,"Genesee","Bethany town","New York"
"3603706266",2017,"B17001C_ChildPov","Native American (Non-Hispanic)",0,0,"Genesee","Bethany town","New York"
"3603706266",2017,"B17001D_ChildPov","Asian (Non-Hispanic)",0,0,"Genesee","Bethany town","New York"
"3603706266",2017,"B17001E_ChildPov","Pacific Islander (Non-Hispanic)",0,0,"Genesee","Bethany town","New York"
"3603706266",2017,"B17001F_ChildPov","Other (Non-Hispanic)",0,47.0433552673028,"Genesee","Bethany town","New York"
"3603706266",2017,"B17001G_ChildPov","Two or More Races (Non-Hispanic)",0,635.085296108588,"Genesee","Bethany town","New York"
"3603706266",2017,"B17001H_ChildPov","White (Non-Hispanic)",0,14.3792897232133,"Genesee","Bethany town","New York"
"3603706266",2017,"B17001I_ChildPov","Hispanic or Latino (Any Race)",5.79710144927536,53.5765158697077,"Genesee","Bethany town","New York"
"3603706266",2018,"B17001B_ChildPov","Black (Non-Hispanic)",0,519.615242270663,"Genesee","Bethany town","New York"
"3603706266",2018,"B17001C_ChildPov","Native American (Non-Hispanic)",0,0,"Genesee","Bethany town","New York"
"3603706266",2018,"B17001D_ChildPov","Asian (Non-Hispanic)",0,0,"Genesee","Bethany town","New York"
"3603706266",2018,"B17001E_ChildPov","Pacific Islander (Non-Hispanic)",0,0,"Genesee","Bethany town","New York"
"3603706266",2018,"B17001F_ChildPov","Other (Non-Hispanic)",0,41.1576429521317,"Genesee","Bethany town","New York"
"3603706266",2018,"B17001G_ChildPov","Two or More Races (Non-Hispanic)",0,519.615242270663,"Genesee","Bethany town","New York"
"3603706266",2018,"B17001H_ChildPov","White (Non-Hispanic)",2.93159609120521,12.0871439371444,"Genesee","Bethany town","New York"
"3603706266",2018,"B17001I_ChildPov","Hispanic or Latino (Any Race)",4.54545454545455,45.5872405720187,"Genesee","Bethany town","New York"
"3603706266",2019,"B17001B_ChildPov","Black (Non-Hispanic)",0,593.845991166472,"Genesee","Bethany town","New York"
"3603706266",2019,"B17001C_ChildPov","Native American (Non-Hispanic)",0,0,"Genesee","Bethany town","New York"
"3603706266",2019,"B17001D_ChildPov","Asian (Non-Hispanic)",0,0,"Genesee","Bethany town","New York"
"3603706266",2019,"B17001E_ChildPov","Pacific Islander (Non-Hispanic)",0,0,"Genesee","Bethany town","New York"
"3603706266",2019,"B17001F_ChildPov","Other (Non-Hispanic)",0,47.7807119329346,"Genesee","Bethany town","New York"
"3603706266",2019,"B17001G_ChildPov","Two or More Races (Non-Hispanic)",0,296.922995583236,"Genesee","Bethany town","New York"
"3603706266",2019,"B17001H_ChildPov","White (Non-Hispanic)",3.19767441860465,10.7606405120482,"Genesee","Bethany town","New York"
"3603706266",2019,"B17001I_ChildPov","Hispanic or Latino (Any Race)",4.3956043956044,44.0967279072156,"Genesee","Bethany town","New York"
"3603706266",2020,"B17001B_ChildPov","Black (Non-Hispanic)",0,0,"Genesee","Bethany town","New York"
"3603706266",2020,"B17001C_ChildPov","Native American (Non-Hispanic)",0,0,"Genesee","Bethany town","New York"
"3603706266",2020,"B17001D_ChildPov","Asian (Non-Hispanic)",0,0,"Genesee","Bethany town","New York"
"3603706266",2020,"B17001E_ChildPov","Pacific Islander (Non-Hispanic)",0,0,"Genesee","Bethany town","New York"
"3603706266",2020,"B17001F_ChildPov","Other (Non-Hispanic)",0,51.3200239279667,"Genesee","Bethany town","New York"
"3603706266",2020,"B17001G_ChildPov","Two or More Races (Non-Hispanic)",35,167.33480660042,"Genesee","Bethany town","New York"
"3603706266",2020,"B17001H_ChildPov","White (Non-Hispanic)",2.33160621761658,9.57952531750682,"Genesee","Bethany town","New York"
"3603706266",2020,"B17001I_ChildPov","Hispanic or Latino (Any Race)",7.77777777777778,42.9396878915076,"Genesee","Bethany town","New York"
"3603706266",2021,"B17001B_ChildPov","Black (Non-Hispanic)",0,450.333209967908,"Genesee","Bethany town","New York"
"3603706266",2021,"B17001C_ChildPov","Native American (Non-Hispanic)",0,0,"Genesee","Bethany town","New York"
"3603706266",2021,"B17001D_ChildPov","Asian (Non-Hispanic)",0,0,"Genesee","Bethany town","New York"
"3603706266",2021,"B17001E_ChildPov","Pacific Islander (Non-Hispanic)",0,0,"Genesee","Bethany town","New York"
"3603706266",2021,"B17001F_ChildPov","Other (Non-Hispanic)",0,54.9186841424278,"Genesee","Bethany town","New York"
"3603706266",2021,"B17001G_ChildPov","Two or More Races (Non-Hispanic)",63.6363636363636,177.645584498146,"Genesee","Bethany town","New York"
"3603706266",2021,"B17001H_ChildPov","White (Non-Hispanic)",2.9940119760479,11.902403822637,"Genesee","Bethany town","New York"
"3603706266",2021,"B17001I_ChildPov","Hispanic or Latino (Any Race)",7.77777777777778,46.8797181235748,"Genesee","Bethany town","New York"
"3603706266",2022,"B17001B_ChildPov","Black (Non-Hispanic)",0,500.370233297676,"Genesee","Bethany town","New York"
"3603706266",2022,"B17001C_ChildPov","Native American (Non-Hispanic)",0,0,"Genesee","Bethany town","New York"
"3603706266",2022,"B17001D_ChildPov","Asian (Non-Hispanic)",0,0,"Genesee","Bethany town","New York"
"3603706266",2022,"B17001E_ChildPov","Pacific Islander (Non-Hispanic)",0,0,"Genesee","Bethany town","New York"
"3603706266",2022,"B17001F_ChildPov","Other (Non-Hispanic)",0,450.333209967908,"Genesee","Bethany town","New York"
"3603706266",2022,"B17001G_ChildPov","Two or More Races (Non-Hispanic)",78.2608695652174,277.839007390266,"Genesee","Bethany town","New York"
"3603706266",2022,"B17001H_ChildPov","White (Non-Hispanic)",8.41836734693877,10.9502870754765,"Genesee","Bethany town","New York"
"3603706266",2022,"B17001I_ChildPov","Hispanic or Latino (Any Race)",36.8421052631579,186.393867547093,"Genesee","Bethany town","New York"
"3603706266",2023,"B17001B_ChildPov","Black (Non-Hispanic)",0,750.555349946513,"Genesee","Bethany town","New York"
"3603706266",2023,"B17001C_ChildPov","Native American (Non-Hispanic)",0,0,"Genesee","Bethany town","New York"
"3603706266",2023,"B17001D_ChildPov","Asian (Non-Hispanic)",0,0,"Genesee","Bethany town","New York"
"3603706266",2023,"B17001E_ChildPov","Pacific Islander (Non-Hispanic)",0,0,"Genesee","Bethany town","New York"
"3603706266",2023,"B17001F_ChildPov","Other (Non-Hispanic)",0,1125.83302491977,"Genesee","Bethany town","New York"
"3603706266",2023,"B17001G_ChildPov","Two or More Races (Non-Hispanic)",43.859649122807,67.9065273439979,"Genesee","Bethany town","New York"
"3603706266",2023,"B17001H_ChildPov","White (Non-Hispanic)",6.25,12.4188267939218,"Genesee","Bethany town","New York"
"3603706266",2023,"B17001I_ChildPov","Hispanic or Latino (Any Race)",26.3157894736842,107.45325170946,"Genesee","Bethany town","New York"
"3603706266",2024,"B17001B_ChildPov","Black (Non-Hispanic)",33.3333333333333,341.598909270529,"Genesee","Bethany town","New York"
"3603706266",2024,"B17001C_ChildPov","Native American (Non-Hispanic)",0,0,"Genesee","Bethany town","New York"
"3603706266",2024,"B17001D_ChildPov","Asian (Non-Hispanic)",0,0,"Genesee","Bethany town","New York"
"3603706266",2024,"B17001E_ChildPov","Pacific Islander (Non-Hispanic)",0,0,"Genesee","Bethany town","New York"
"3603706266",2024,"B17001F_ChildPov","Other (Non-Hispanic)",0,1616.58075373095,"Genesee","Bethany town","New York"
"3603706266",2024,"B17001G_ChildPov","Two or More Races (Non-Hispanic)",42.1052631578947,72.5064217816943,"Genesee","Bethany town","New York"
"3603706266",2024,"B17001H_ChildPov","White (Non-Hispanic)",13.4246575342466,11.2470595516808,"Genesee","Bethany town","New York"
"3603706266",2024,"B17001I_ChildPov","Hispanic or Latino (Any Race)",34.1463414634146,104.15696826715,"Genesee","Bethany town","New York"
"3603711572",2017,"B17001B_ChildPov","Black (Non-Hispanic)",100,958.953511247909,"Genesee","Byron town","New York"
"3603711572",2017,"B17001C_ChildPov","Native American (Non-Hispanic)",0,0,"Genesee","Byron town","New York"
"3603711572",2017,"B17001D_ChildPov","Asian (Non-Hispanic)",0,635.085296108588,"Genesee","Byron town","New York"
"3603711572",2017,"B17001E_ChildPov","Pacific Islander (Non-Hispanic)",0,0,"Genesee","Byron town","New York"
"3603711572",2017,"B17001F_ChildPov","Other (Non-Hispanic)",0,0,"Genesee","Byron town","New York"
"3603711572",2017,"B17001G_ChildPov","Two or More Races (Non-Hispanic)",0,635.085296108588,"Genesee","Byron town","New York"
"3603711572",2017,"B17001H_ChildPov","White (Non-Hispanic)",25,13.9447180387306,"Genesee","Byron town","New York"
"3603711572",2017,"B17001I_ChildPov","Hispanic or Latino (Any Race)",0,635.085296108588,"Genesee","Byron town","New York"
"3603711572",2018,"B17001B_ChildPov","Black (Non-Hispanic)",100,458.728785629845,"Genesee","Byron town","New York"
"3603711572",2018,"B17001C_ChildPov","Native American (Non-Hispanic)",0,0,"Genesee","Byron town","New York"
"3603711572",2018,"B17001D_ChildPov","Asian (Non-Hispanic)",0,461.880215351701,"Genesee","Byron town","New York"
"3603711572",2018,"B17001E_ChildPov","Pacific Islander (Non-Hispanic)",0,0,"Genesee","Byron town","New York"
"3603711572",2018,"B17001F_ChildPov","Other (Non-Hispanic)",0,0,"Genesee","Byron town","New York"
"3603711572",2018,"B17001G_ChildPov","Two or More Races (Non-Hispanic)",0,0,"Genesee","Byron town","New York"
"3603711572",2018,"B17001H_ChildPov","White (Non-Hispanic)",29.8368298368298,16.6623238379944,"Genesee","Byron town","New York"
"3603711572",2018,"B17001I_ChildPov","Hispanic or Latino (Any Race)",0,692.820323027551,"Genesee","Byron town","New York"
"3603711572",2019,"B17001B_ChildPov","Black (Non-Hispanic)",0,0,"Genesee","Byron town","New York"
"3603711572",2019,"B17001C_ChildPov","Native American (Non-Hispanic)",0,0,"Genesee","Byron town","New York"
"3603711572",2019,"B17001D_ChildPov","Asian (Non-Hispanic)",0,319.763226012716,"Genesee","Byron town","New York"
"3603711572",2019,"B17001E_ChildPov","Pacific Islander (Non-Hispanic)",0,0,"Genesee","Byron town","New York"
"3603711572",2019,"B17001F_ChildPov","Other (Non-Hispanic)",0,0,"Genesee","Byron town","New York"
"3603711572",2019,"B17001G_ChildPov","Two or More Races (Non-Hispanic)",0,692.820323027551,"Genesee","Byron town","New York"
"3603711572",2019,"B17001H_ChildPov","White (Non-Hispanic)",11.0062893081761,12.0302416452295,"Genesee","Byron town","New York"
"3603711572",2019,"B17001I_ChildPov","Hispanic or Latino (Any Race)",0,692.820323027551,"Genesee","Byron town","New York"
"3603711572",2020,"B17001B_ChildPov","Black (Non-Hispanic)",0,0,"Genesee","Byron town","New York"
"3603711572",2020,"B17001C_ChildPov","Native American (Non-Hispanic)",0,0,"Genesee","Byron town","New York"
"3603711572",2020,"B17001D_ChildPov","Asian (Non-Hispanic)",0,0,"Genesee","Byron town","New York"
"3603711572",2020,"B17001E_ChildPov","Pacific Islander (Non-Hispanic)",0,0,"Genesee","Byron town","New York"
"3603711572",2020,"B17001F_ChildPov","Other (Non-Hispanic)",0,0,"Genesee","Byron town","New York"
"3603711572",2020,"B17001G_ChildPov","Two or More Races (Non-Hispanic)",0,1039.23048454133,"Genesee","Byron town","New York"
"3603711572",2020,"B17001H_ChildPov","White (Non-Hispanic)",0,7.6414006216274,"Genesee","Byron town","New York"
"3603711572",2020,"B17001I_ChildPov","Hispanic or Latino (Any Race)",0,0,"Genesee","Byron town","New York"
"3603711572",2021,"B17001B_ChildPov","Black (Non-Hispanic)",0,0,"Genesee","Byron town","New York"
"3603711572",2021,"B17001C_ChildPov","Native American (Non-Hispanic)",0,0,"Genesee","Byron town","New York"
"3603711572",2021,"B17001D_ChildPov","Asian (Non-Hispanic)",0,0,"Genesee","Byron town","New York"
"3603711572",2021,"B17001E_ChildPov","Pacific Islander (Non-Hispanic)",0,0,"Genesee","Byron town","New York"
"3603711572",2021,"B17001F_ChildPov","Other (Non-Hispanic)",0,562.916512459885,"Genesee","Byron town","New York"
"3603711572",2021,"B17001G_ChildPov","Two or More Races (Non-Hispanic)",0,150.111069989303,"Genesee","Byron town","New York"
"3603711572",2021,"B17001H_ChildPov","White (Non-Hispanic)",0,8.09951816489043,"Genesee","Byron town","New York"
"3603711572",2021,"B17001I_ChildPov","Hispanic or Latino (Any Race)",0,0,"Genesee","Byron town","New York"
"3603711572",2022,"B17001B_ChildPov","Black (Non-Hispanic)",0,0,"Genesee","Byron town","New York"
"3603711572",2022,"B17001C_ChildPov","Native American (Non-Hispanic)",0,0,"Genesee","Byron town","New York"
"3603711572",2022,"B17001D_ChildPov","Asian (Non-Hispanic)",0,0,"Genesee","Byron town","New York"
"3603711572",2022,"B17001E_ChildPov","Pacific Islander (Non-Hispanic)",0,0,"Genesee","Byron town","New York"
"3603711572",2022,"B17001F_ChildPov","Other (Non-Hispanic)",0,450.333209967908,"Genesee","Byron town","New York"
"3603711572",2022,"B17001G_ChildPov","Two or More Races (Non-Hispanic)",0,60.8558391848524,"Genesee","Byron town","New York"
"3603711572",2022,"B17001H_ChildPov","White (Non-Hispanic)",0,9.44094779806935,"Genesee","Byron town","New York"
"3603711572",2022,"B17001I_ChildPov","Hispanic or Latino (Any Race)",0,409.393827243553,"Genesee","Byron town","New York"
"3603711572",2023,"B17001B_ChildPov","Black (Non-Hispanic)",0,0,"Genesee","Byron town","New York"
"3603711572",2023,"B17001C_ChildPov","Native American (Non-Hispanic)",0,0,"Genesee","Byron town","New York"
"3603711572",2023,"B17001D_ChildPov","Asian (Non-Hispanic)",0,0,"Genesee","Byron town","New York"
"3603711572",2023,"B17001E_ChildPov","Pacific Islander (Non-Hispanic)",0,0,"Genesee","Byron town","New York"
"3603711572",2023,"B17001F_ChildPov","Other (Non-Hispanic)",0,500.370233297676,"Genesee","Byron town","New York"
"3603711572",2023,"B17001G_ChildPov","Two or More Races (Non-Hispanic)",0,58.4848324633647,"Genesee","Byron town","New York"
"3603711572",2023,"B17001H_ChildPov","White (Non-Hispanic)",0,10.3287433478878,"Genesee","Byron town","New York"
"3603711572",2023,"B17001I_ChildPov","Hispanic or Latino (Any Race)",0,321.666578548506,"Genesee","Byron town","New York"
"3603711572",2024,"B17001B_ChildPov","Black (Non-Hispanic)",0,0,"Genesee","Byron town","New York"
"3603711572",2024,"B17001C_ChildPov","Native American (Non-Hispanic)",0,0,"Genesee","Byron town","New York"
"3603711572",2024,"B17001D_ChildPov","Asian (Non-Hispanic)",0,0,"Genesee","Byron town","New York"
"3603711572",2024,"B17001E_ChildPov","Pacific Islander (Non-Hispanic)",0,0,"Genesee","Byron town","New York"
"3603711572",2024,"B17001F_ChildPov","Other (Non-Hispanic)",0,346.410161513775,"Genesee","Byron town","New York"
"3603711572",2024,"B17001G_ChildPov","Two or More Races (Non-Hispanic)",0,54.4914860808186,"Genesee","Byron town","New York"
"3603711572",2024,"B17001H_ChildPov","White (Non-Hispanic)",0,10.7533087831327,"Genesee","Byron town","New York"
"3603711572",2024,"B17001I_ChildPov","Hispanic or Latino (Any Race)",0,220.442830054221,"Genesee","Byron town","New York"
"3603719719",2017,"B17001B_ChildPov","Black (Non-Hispanic)",0,0,"Genesee","Darien town","New York"
"3603719719",2017,"B17001C_ChildPov","Native American (Non-Hispanic)",0,0,"Genesee","Darien town","New York"
"3603719719",2017,"B17001D_ChildPov","Asian (Non-Hispanic)",0,0,"Genesee","Darien town","New York"
"3603719719",2017,"B17001E_ChildPov","Pacific Islander (Non-Hispanic)",0,0,"Genesee","Darien town","New York"
"3603719719",2017,"B17001F_ChildPov","Other (Non-Hispanic)",0,0,"Genesee","Darien town","New York"
"3603719719",2017,"B17001G_ChildPov","Two or More Races (Non-Hispanic)",0,0,"Genesee","Darien town","New York"
"3603719719",2017,"B17001H_ChildPov","White (Non-Hispanic)",26.08,10.8655107119524,"Genesee","Darien town","New York"
"3603719719",2017,"B17001I_ChildPov","Hispanic or Latino (Any Race)",0,90.7264708726555,"Genesee","Darien town","New York"
"3603719719",2018,"B17001B_ChildPov","Black (Non-Hispanic)",0,0,"Genesee","Darien town","New York"
"3603719719",2018,"B17001C_ChildPov","Native American (Non-Hispanic)",0,0,"Genesee","Darien town","New York"
"3603719719",2018,"B17001D_ChildPov","Asian (Non-Hispanic)",0,0,"Genesee","Darien town","New York"
"3603719719",2018,"B17001E_ChildPov","Pacific Islander (Non-Hispanic)",0,0,"Genesee","Darien town","New York"
"3603719719",2018,"B17001F_ChildPov","Other (Non-Hispanic)",0,0,"Genesee","Darien town","New York"
"3603719719",2018,"B17001G_ChildPov","Two or More Races (Non-Hispanic)",0,0,"Genesee","Darien town","New York"
"3603719719",2018,"B17001H_ChildPov","White (Non-Hispanic)",20.7658321060383,10.7658930050232,"Genesee","Darien town","New York"
"3603719719",2018,"B17001I_ChildPov","Hispanic or Latino (Any Race)",0,98.9743318610787,"Genesee","Darien town","New York"
"3603719719",2019,"B17001B_ChildPov","Black (Non-Hispanic)",0,0,"Genesee","Darien town","New York"
"3603719719",2019,"B17001C_ChildPov","Native American (Non-Hispanic)",0,0,"Genesee","Darien town","New York"
"3603719719",2019,"B17001D_ChildPov","Asian (Non-Hispanic)",0,0,"Genesee","Darien town","New York"
"3603719719",2019,"B17001E_ChildPov","Pacific Islander (Non-Hispanic)",0,0,"Genesee","Darien town","New York"
"3603719719",2019,"B17001F_ChildPov","Other (Non-Hispanic)",0,0,"Genesee","Darien town","New York"
"3603719719",2019,"B17001G_ChildPov","Two or More Races (Non-Hispanic)",0,0,"Genesee","Darien town","New York"
"3603719719",2019,"B17001H_ChildPov","White (Non-Hispanic)",18.3161004431315,11.3965879021216,"Genesee","Darien town","New York"
"3603719719",2019,"B17001I_ChildPov","Hispanic or Latino (Any Race)",0,118.769198233294,"Genesee","Darien town","New York"
"3603719719",2020,"B17001B_ChildPov","Black (Non-Hispanic)",0,0,"Genesee","Darien town","New York"
"3603719719",2020,"B17001C_ChildPov","Native American (Non-Hispanic)",0,0,"Genesee","Darien town","New York"
"3603719719",2020,"B17001D_ChildPov","Asian (Non-Hispanic)",0,0,"Genesee","Darien town","New York"
"3603719719",2020,"B17001E_ChildPov","Pacific Islander (Non-Hispanic)",0,0,"Genesee","Darien town","New York"
"3603719719",2020,"B17001F_ChildPov","Other (Non-Hispanic)",0,0,"Genesee","Darien town","New York"
"3603719719",2020,"B17001G_ChildPov","Two or More Races (Non-Hispanic)",0,0,"Genesee","Darien town","New York"
"3603719719",2020,"B17001H_ChildPov","White (Non-Hispanic)",15.2129817444219,9.58402405442087,"Genesee","Darien town","New York"
"3603719719",2020,"B17001I_ChildPov","Hispanic or Latino (Any Race)",0,118.769198233294,"Genesee","Darien town","New York"
"3603719719",2021,"B17001B_ChildPov","Black (Non-Hispanic)",0,0,"Genesee","Darien town","New York"
"3603719719",2021,"B17001C_ChildPov","Native American (Non-Hispanic)",0,0,"Genesee","Darien town","New York"
"3603719719",2021,"B17001D_ChildPov","Asian (Non-Hispanic)",0,0,"Genesee","Darien town","New York"
"3603719719",2021,"B17001E_ChildPov","Pacific Islander (Non-Hispanic)",0,0,"Genesee","Darien town","New York"
"3603719719",2021,"B17001F_ChildPov","Other (Non-Hispanic)",0,0,"Genesee","Darien town","New York"
"3603719719",2021,"B17001G_ChildPov","Two or More Races (Non-Hispanic)",0,0,"Genesee","Darien town","New York"
"3603719719",2021,"B17001H_ChildPov","White (Non-Hispanic)",0,9.3044051646262,"Genesee","Darien town","New York"
"3603719719",2021,"B17001I_ChildPov","Hispanic or Latino (Any Race)",0,0,"Genesee","Darien town","New York"
"3603719719",2022,"B17001B_ChildPov","Black (Non-Hispanic)",0,0,"Genesee","Darien town","New York"
"3603719719",2022,"B17001C_ChildPov","Native American (Non-Hispanic)",0,0,"Genesee","Darien town","New York"
"3603719719",2022,"B17001D_ChildPov","Asian (Non-Hispanic)",0,0,"Genesee","Darien town","New York"
"3603719719",2022,"B17001E_ChildPov","Pacific Islander (Non-Hispanic)",0,0,"Genesee","Darien town","New York"
"3603719719",2022,"B17001F_ChildPov","Other (Non-Hispanic)",0,0,"Genesee","Darien town","New York"
"3603719719",2022,"B17001G_ChildPov","Two or More Races (Non-Hispanic)",0,0,"Genesee","Darien town","New York"
"3603719719",2022,"B17001H_ChildPov","White (Non-Hispanic)",0,8.01304644071011,"Genesee","Darien town","New York"
"3603719719",2022,"B17001I_ChildPov","Hispanic or Latino (Any Race)",0,0,"Genesee","Darien town","New York"
"3603719719",2023,"B17001B_ChildPov","Black (Non-Hispanic)",0,0,"Genesee","Darien town","New York"
"3603719719",2023,"B17001C_ChildPov","Native American (Non-Hispanic)",0,0,"Genesee","Darien town","New York"
"3603719719",2023,"B17001D_ChildPov","Asian (Non-Hispanic)",0,0,"Genesee","Darien town","New York"
"3603719719",2023,"B17001E_ChildPov","Pacific Islander (Non-Hispanic)",0,0,"Genesee","Darien town","New York"
"3603719719",2023,"B17001F_ChildPov","Other (Non-Hispanic)",0,0,"Genesee","Darien town","New York"
"3603719719",2023,"B17001G_ChildPov","Two or More Races (Non-Hispanic)",0,0,"Genesee","Darien town","New York"
"3603719719",2023,"B17001H_ChildPov","White (Non-Hispanic)",21.8694885361552,18.5501849903314,"Genesee","Darien town","New York"
"3603719719",2023,"B17001I_ChildPov","Hispanic or Latino (Any Race)",0,0,"Genesee","Darien town","New York"
"3603719719",2024,"B17001B_ChildPov","Black (Non-Hispanic)",0,0,"Genesee","Darien town","New York"
"3603719719",2024,"B17001C_ChildPov","Native American (Non-Hispanic)",0,0,"Genesee","Darien town","New York"
"3603719719",2024,"B17001D_ChildPov","Asian (Non-Hispanic)",0,0,"Genesee","Darien town","New York"
"3603719719",2024,"B17001E_ChildPov","Pacific Islander (Non-Hispanic)",0,0,"Genesee","Darien town","New York"
"3603719719",2024,"B17001F_ChildPov","Other (Non-Hispanic)",0,0,"Genesee","Darien town","New York"
"3603719719",2024,"B17001G_ChildPov","Two or More Races (Non-Hispanic)",0,0,"Genesee","Darien town","New York"
"3603719719",2024,"B17001H_ChildPov","White (Non-Hispanic)",24.290780141844,20.2121078202757,"Genesee","Darien town","New York"
"3603719719",2024,"B17001I_ChildPov","Hispanic or Latino (Any Race)",0,0,"Genesee","Darien town","New York"
"3603723756",2017,"B17001B_ChildPov","Black (Non-Hispanic)",0,423.390197405726,"Genesee","Elba town","New York"
"3603723756",2017,"B17001C_ChildPov","Native American (Non-Hispanic)",0,0,"Genesee","Elba town","New York"
"3603723756",2017,"B17001D_ChildPov","Asian (Non-Hispanic)",0,0,"Genesee","Elba town","New York"
"3603723756",2017,"B17001E_ChildPov","Pacific Islander (Non-Hispanic)",0,0,"Genesee","Elba town","New York"
"3603723756",2017,"B17001F_ChildPov","Other (Non-Hispanic)",2.1978021978022,40.1883395028235,"Genesee","Elba town","New York"
"3603723756",2017,"B17001G_ChildPov","Two or More Races (Non-Hispanic)",40,161.564228714156,"Genesee","Elba town","New York"
"3603723756",2017,"B17001H_ChildPov","White (Non-Hispanic)",7.71513353115727,13.4469496307622,"Genesee","Elba town","New York"
"3603723756",2017,"B17001I_ChildPov","Hispanic or Latino (Any Race)",1.50375939849624,27.5093902658824,"Genesee","Elba town","New York"
"3603723756",2018,"B17001B_ChildPov","Black (Non-Hispanic)",0,519.615242270663,"Genesee","Elba town","New York"
"3603723756",2018,"B17001C_ChildPov","Native American (Non-Hispanic)",0,0,"Genesee","Elba town","New York"
"3603723756",2018,"B17001D_ChildPov","Asian (Non-Hispanic)",0,0,"Genesee","Elba town","New York"
"3603723756",2018,"B17001E_ChildPov","Pacific Islander (Non-Hispanic)",0,0,"Genesee","Elba town","New York"
"3603723756",2018,"B17001F_ChildPov","Other (Non-Hispanic)",1.21951219512195,48.7685206443409,"Genesee","Elba town","New York"
"3603723756",2018,"B17001G_ChildPov","Two or More Races (Non-Hispanic)",31.25,120.464120422149,"Genesee","Elba town","New York"
"3603723756",2018,"B17001H_ChildPov","White (Non-Hispanic)",6.94864048338369,13.7527240915849,"Genesee","Elba town","New York"
"3603723756",2018,"B17001I_ChildPov","Hispanic or Latino (Any Race)",0.8,31.9962423393748,"Genesee","Elba town","New York"
"3603723756",2019,"B17001B_ChildPov","Black (Non-Hispanic)",0,415.692193816531,"Genesee","Elba town","New York"
"3603723756",2019,"B17001C_ChildPov","Native American (Non-Hispanic)",0,0,"Genesee","Elba town","New York"
"3603723756",2019,"B17001D_ChildPov","Asian (Non-Hispanic)",0,0,"Genesee","Elba town","New York"
"3603723756",2019,"B17001E_ChildPov","Pacific Islander (Non-Hispanic)",0,0,"Genesee","Elba town","New York"
"3603723756",2019,"B17001F_ChildPov","Other (Non-Hispanic)",2.1978021978022,43.9197683032907,"Genesee","Elba town","New York"
"3603723756",2019,"B17001G_ChildPov","Two or More Races (Non-Hispanic)",42.4657534246575,56.9019094639329,"Genesee","Elba town","New York"
"3603723756",2019,"B17001H_ChildPov","White (Non-Hispanic)",7.5801749271137,12.208731147588,"Genesee","Elba town","New York"
"3603723756",2019,"B17001I_ChildPov","Hispanic or Latino (Any Race)",9.85915492957746,26.9021767140312,"Genesee","Elba town","New York"
"3603723756",2020,"B17001B_ChildPov","Black (Non-Hispanic)",0,259.807621135332,"Genesee","Elba town","New York"
"3603723756",2020,"B17001C_ChildPov","Native American (Non-Hispanic)",0,0,"Genesee","Elba town","New York"
"3603723756",2020,"B17001D_ChildPov","Asian (Non-Hispanic)",0,0,"Genesee","Elba town","New York"
"3603723756",2020,"B17001E_ChildPov","Pacific Islander (Non-Hispanic)",0,0,"Genesee","Elba town","New York"
"3603723756",2020,"B17001F_ChildPov","Other (Non-Hispanic)",7.35294117647059,59.2304060745791,"Genesee","Elba town","New York"
"3603723756",2020,"B17001G_ChildPov","Two or More Races (Non-Hispanic)",49.1228070175439,67.6630456277697,"Genesee","Elba town","New York"
"3603723756",2020,"B17001H_ChildPov","White (Non-Hispanic)",2.73037542662116,12.57676043045,"Genesee","Elba town","New York"
"3603723756",2020,"B17001I_ChildPov","Hispanic or Latino (Any Race)",16.3265306122449,38.8273470676856,"Genesee","Elba town","New York"
"3603723756",2021,"B17001B_ChildPov","Black (Non-Hispanic)",0,214.444385699004,"Genesee","Elba town","New York"
"3603723756",2021,"B17001C_ChildPov","Native American (Non-Hispanic)",0,0,"Genesee","Elba town","New York"
"3603723756",2021,"B17001D_ChildPov","Asian (Non-Hispanic)",0,0,"Genesee","Elba town","New York"
"3603723756",2021,"B17001E_ChildPov","Pacific Islander (Non-Hispanic)",0,0,"Genesee","Elba town","New York"
"3603723756",2021,"B17001F_ChildPov","Other (Non-Hispanic)",78.4313725490196,127.442774675057,"Genesee","Elba town","New York"
"3603723756",2021,"B17001G_ChildPov","Two or More Races (Non-Hispanic)",13.4615384615385,82.723181114112,"Genesee","Elba town","New York"
"3603723756",2021,"B17001H_ChildPov","White (Non-Hispanic)",2.58620689655172,11.4838751401718,"Genesee","Elba town","New York"
"3603723756",2021,"B17001I_ChildPov","Hispanic or Latino (Any Race)",63.3333333333333,21.0412750034852,"Genesee","Elba town","New York"
"3603723756",2022,"B17001B_ChildPov","Black (Non-Hispanic)",0,0,"Genesee","Elba town","New York"
"3603723756",2022,"B17001C_ChildPov","Native American (Non-Hispanic)",0,0,"Genesee","Elba town","New York"
"3603723756",2022,"B17001D_ChildPov","Asian (Non-Hispanic)",0,0,"Genesee","Elba town","New York"
"3603723756",2022,"B17001E_ChildPov","Pacific Islander (Non-Hispanic)",0,0,"Genesee","Elba town","New York"
"3603723756",2022,"B17001F_ChildPov","Other (Non-Hispanic)",69.6969696969697,178.346993020195,"Genesee","Elba town","New York"
"3603723756",2022,"B17001G_ChildPov","Two or More Races (Non-Hispanic)",5.19480519480519,28.894101374772,"Genesee","Elba town","New York"
"3603723756",2022,"B17001H_ChildPov","White (Non-Hispanic)",1.13960113960114,11.7701076431963,"Genesee","Elba town","New York"
"3603723756",2022,"B17001I_ChildPov","Hispanic or Latino (Any Race)",33.9181286549708,22.9835664763413,"Genesee","Elba town","New York"
"3603723756",2023,"B17001B_ChildPov","Black (Non-Hispanic)",0,0,"Genesee","Elba town","New York"
"3603723756",2023,"B17001C_ChildPov","Native American (Non-Hispanic)",0,0,"Genesee","Elba town","New York"
"3603723756",2023,"B17001D_ChildPov","Asian (Non-Hispanic)",0,0,"Genesee","Elba town","New York"
"3603723756",2023,"B17001E_ChildPov","Pacific Islander (Non-Hispanic)",0,0,"Genesee","Elba town","New York"
"3603723756",2023,"B17001F_ChildPov","Other (Non-Hispanic)",79.6296296296296,133.356299568244,"Genesee","Elba town","New York"
"3603723756",2023,"B17001G_ChildPov","Two or More Races (Non-Hispanic)",3.125,17.5204496451273,"Genesee","Elba town","New York"
"3603723756",2023,"B17001H_ChildPov","White (Non-Hispanic)",1.27877237851662,10.5846569734665,"Genesee","Elba town","New York"
"3603723756",2023,"B17001I_ChildPov","Hispanic or Latino (Any Race)",28.6792452830189,15.8856900522992,"Genesee","Elba town","New York"
"3603723756",2024,"B17001B_ChildPov","Black (Non-Hispanic)",0,0,"Genesee","Elba town","New York"
"3603723756",2024,"B17001C_ChildPov","Native American (Non-Hispanic)",0,0,"Genesee","Elba town","New York"
"3603723756",2024,"B17001D_ChildPov","Asian (Non-Hispanic)",0,0,"Genesee","Elba town","New York"
"3603723756",2024,"B17001E_ChildPov","Pacific Islander (Non-Hispanic)",0,0,"Genesee","Elba town","New York"
"3603723756",2024,"B17001F_ChildPov","Other (Non-Hispanic)",34.1463414634146,44.9876868826104,"Genesee","Elba town","New York"
"3603723756",2024,"B17001G_ChildPov","Two or More Races (Non-Hispanic)",0,26.6469355010596,"Genesee","Elba town","New York"
"3603723756",2024,"B17001H_ChildPov","White (Non-Hispanic)",4.67625899280576,15.5607900163829,"Genesee","Elba town","New York"
"3603723756",2024,"B17001I_ChildPov","Hispanic or Latino (Any Race)",22.8855721393035,23.5485894362481,"Genesee","Elba town","New York"
"3603742037",2017,"B17001B_ChildPov","Black (Non-Hispanic)",0,0,"Genesee","Le Roy town","New York"
"3603742037",2017,"B17001C_ChildPov","Native American (Non-Hispanic)",0,0,"Genesee","Le Roy town","New York"
"3603742037",2017,"B17001D_ChildPov","Asian (Non-Hispanic)",0,0,"Genesee","Le Roy town","New York"
"3603742037",2017,"B17001E_ChildPov","Pacific Islander (Non-Hispanic)",0,0,"Genesee","Le Roy town","New York"
"3603742037",2017,"B17001F_ChildPov","Other (Non-Hispanic)",0,138.56406460551,"Genesee","Le Roy town","New York"
"3603742037",2017,"B17001G_ChildPov","Two or More Races (Non-Hispanic)",56.25,45.6078734978951,"Genesee","Le Roy town","New York"
"3603742037",2017,"B17001H_ChildPov","White (Non-Hispanic)",9.71428571428571,4.67593504158468,"Genesee","Le Roy town","New York"
"3603742037",2017,"B17001I_ChildPov","Hispanic or Latino (Any Race)",11.1111111111111,60.4470718786648,"Genesee","Le Roy town","New York"
"3603742037",2018,"B17001B_ChildPov","Black (Non-Hispanic)",0,0,"Genesee","Le Roy town","New York"
"3603742037",2018,"B17001C_ChildPov","Native American (Non-Hispanic)",0,0,"Genesee","Le Roy town","New York"
"3603742037",2018,"B17001D_ChildPov","Asian (Non-Hispanic)",0,392.598183048946,"Genesee","Le Roy town","New York"
"3603742037",2018,"B17001E_ChildPov","Pacific Islander (Non-Hispanic)",0,0,"Genesee","Le Roy town","New York"
"3603742037",2018,"B17001F_ChildPov","Other (Non-Hispanic)",0,203.068025714972,"Genesee","Le Roy town","New York"
"3603742037",2018,"B17001G_ChildPov","Two or More Races (Non-Hispanic)",56.2962962962963,42.9572016101716,"Genesee","Le Roy town","New York"
"3603742037",2018,"B17001H_ChildPov","White (Non-Hispanic)",7.6814658210007,4.50619663250436,"Genesee","Le Roy town","New York"
"3603742037",2018,"B17001I_ChildPov","Hispanic or Latino (Any Race)",8.97435897435897,72.9070179465467,"Genesee","Le Roy town","New York"
"3603742037",2019,"B17001B_ChildPov","Black (Non-Hispanic)",0,0,"Genesee","Le Roy town","New York"
"3603742037",2019,"B17001C_ChildPov","Native American (Non-Hispanic)",0,0,"Genesee","Le Roy town","New York"
"3603742037",2019,"B17001D_ChildPov","Asian (Non-Hispanic)",0,280.42727360639,"Genesee","Le Roy town","New York"
"3603742037",2019,"B17001E_ChildPov","Pacific Islander (Non-Hispanic)",0,0,"Genesee","Le Roy town","New York"
"3603742037",2019,"B17001F_ChildPov","Other (Non-Hispanic)",0,0,"Genesee","Le Roy town","New York"
"3603742037",2019,"B17001G_ChildPov","Two or More Races (Non-Hispanic)",0,109.055050846929,"Genesee","Le Roy town","New York"
"3603742037",2019,"B17001H_ChildPov","White (Non-Hispanic)",10.9845947756196,5.061650469724,"Genesee","Le Roy town","New York"
"3603742037",2019,"B17001I_ChildPov","Hispanic or Latino (Any Race)",14.5454545454545,102.86458114679,"Genesee","Le Roy town","New York"
"3603742037",2020,"B17001B_ChildPov","Black (Non-Hispanic)",0,0,"Genesee","Le Roy town","New York"
"3603742037",2020,"B17001C_ChildPov","Native American (Non-Hispanic)",0,0,"Genesee","Le Roy town","New York"
"3603742037",2020,"B17001D_ChildPov","Asian (Non-Hispanic)",0,218.110101693859,"Genesee","Le Roy town","New York"
"3603742037",2020,"B17001E_ChildPov","Pacific Islander (Non-Hispanic)",0,0,"Genesee","Le Roy town","New York"
"3603742037",2020,"B17001F_ChildPov","Other (Non-Hispanic)",0,0,"Genesee","Le Roy town","New York"
"3603742037",2020,"B17001G_ChildPov","Two or More Races (Non-Hispanic)",0,125.297292462429,"Genesee","Le Roy town","New York"
"3603742037",2020,"B17001H_ChildPov","White (Non-Hispanic)",10.0208768267223,6.11067816300313,"Genesee","Le Roy town","New York"
"3603742037",2020,"B17001I_ChildPov","Hispanic or Latino (Any Race)",20.5479452054795,79.5579121875406,"Genesee","Le Roy town","New York"
"3603742037",2021,"B17001B_ChildPov","Black (Non-Hispanic)",0,0,"Genesee","Le Roy town","New York"
"3603742037",2021,"B17001C_ChildPov","Native American (Non-Hispanic)",0,0,"Genesee","Le Roy town","New York"
"3603742037",2021,"B17001D_ChildPov","Asian (Non-Hispanic)",0,67.0471280349243,"Genesee","Le Roy town","New York"
"3603742037",2021,"B17001E_ChildPov","Pacific Islander (Non-Hispanic)",0,0,"Genesee","Le Roy town","New York"
"3603742037",2021,"B17001F_ChildPov","Other (Non-Hispanic)",0,0,"Genesee","Le Roy town","New York"
"3603742037",2021,"B17001G_ChildPov","Two or More Races (Non-Hispanic)",0,1247.07658144959,"Genesee","Le Roy town","New York"
"3603742037",2021,"B17001H_ChildPov","White (Non-Hispanic)",6.94444444444444,5.80262501256117,"Genesee","Le Roy town","New York"
"3603742037",2021,"B17001I_ChildPov","Hispanic or Latino (Any Race)",0,296.922995583236,"Genesee","Le Roy town","New York"
"3603742037",2022,"B17001B_ChildPov","Black (Non-Hispanic)",0,0,"Genesee","Le Roy town","New York"
"3603742037",2022,"B17001C_ChildPov","Native American (Non-Hispanic)",0,0,"Genesee","Le Roy town","New York"
"3603742037",2022,"B17001D_ChildPov","Asian (Non-Hispanic)",0,78.3546793900206,"Genesee","Le Roy town","New York"
"3603742037",2022,"B17001E_ChildPov","Pacific Islander (Non-Hispanic)",0,0,"Genesee","Le Roy town","New York"
"3603742037",2022,"B17001F_ChildPov","Other (Non-Hispanic)",0,0,"Genesee","Le Roy town","New York"
"3603742037",2022,"B17001G_ChildPov","Two or More Races (Non-Hispanic)",0,193.582149081227,"Genesee","Le Roy town","New York"
"3603742037",2022,"B17001H_ChildPov","White (Non-Hispanic)",4.54545454545455,5.58518077447425,"Genesee","Le Roy town","New York"
"3603742037",2022,"B17001I_ChildPov","Hispanic or Latino (Any Race)",0,0,"Genesee","Le Roy town","New York"
"3603742037",2023,"B17001B_ChildPov","Black (Non-Hispanic)",0,0,"Genesee","Le Roy town","New York"
"3603742037",2023,"B17001C_ChildPov","Native American (Non-Hispanic)",0,0,"Genesee","Le Roy town","New York"
"3603742037",2023,"B17001D_ChildPov","Asian (Non-Hispanic)",0,0,"Genesee","Le Roy town","New York"
"3603742037",2023,"B17001E_ChildPov","Pacific Islander (Non-Hispanic)",0,0,"Genesee","Le Roy town","New York"
"3603742037",2023,"B17001F_ChildPov","Other (Non-Hispanic)",0,0,"Genesee","Le Roy town","New York"
"3603742037",2023,"B17001G_ChildPov","Two or More Races (Non-Hispanic)",0,156.709358780041,"Genesee","Le Roy town","New York"
"3603742037",2023,"B17001H_ChildPov","White (Non-Hispanic)",4.10742496050553,6.08467960435287,"Genesee","Le Roy town","New York"
"3603742037",2023,"B17001I_ChildPov","Hispanic or Latino (Any Race)",0,0,"Genesee","Le Roy town","New York"
"3603742037",2024,"B17001B_ChildPov","Black (Non-Hispanic)",0,0,"Genesee","Le Roy town","New York"
"3603742037",2024,"B17001C_ChildPov","Native American (Non-Hispanic)",0,0,"Genesee","Le Roy town","New York"
"3603742037",2024,"B17001D_ChildPov","Asian (Non-Hispanic)",0,0,"Genesee","Le Roy town","New York"
"3603742037",2024,"B17001E_ChildPov","Pacific Islander (Non-Hispanic)",0,0,"Genesee","Le Roy town","New York"
"3603742037",2024,"B17001F_ChildPov","Other (Non-Hispanic)",0,235.064038170062,"Genesee","Le Roy town","New York"
"3603742037",2024,"B17001G_ChildPov","Two or More Races (Non-Hispanic)",0,253.145887260067,"Genesee","Le Roy town","New York"
"3603742037",2024,"B17001H_ChildPov","White (Non-Hispanic)",1.8095987411487,5.42358550070717,"Genesee","Le Roy town","New York"
"3603742037",2024,"B17001I_ChildPov","Hispanic or Latino (Any Race)",0,235.064038170062,"Genesee","Le Roy town","New York"
"3603754166",2017,"B17001B_ChildPov","Black (Non-Hispanic)",66.6666666666667,149.805543823383,"Genesee","Oakfield town","New York"
"3603754166",2017,"B17001C_ChildPov","Native American (Non-Hispanic)",0,0,"Genesee","Oakfield town","New York"
"3603754166",2017,"B17001D_ChildPov","Asian (Non-Hispanic)",0,0,"Genesee","Oakfield town","New York"
"3603754166",2017,"B17001E_ChildPov","Pacific Islander (Non-Hispanic)",0,0,"Genesee","Oakfield town","New York"
"3603754166",2017,"B17001F_ChildPov","Other (Non-Hispanic)",0,0,"Genesee","Oakfield town","New York"
"3603754166",2017,"B17001G_ChildPov","Two or More Races (Non-Hispanic)",6.66666666666667,121.422637058019,"Genesee","Oakfield town","New York"
"3603754166",2017,"B17001H_ChildPov","White (Non-Hispanic)",16.4885496183206,7.69334632723364,"Genesee","Oakfield town","New York"
"3603754166",2017,"B17001I_ChildPov","Hispanic or Latino (Any Race)",0,1905.25588832576,"Genesee","Oakfield town","New York"
"3603754166",2018,"B17001B_ChildPov","Black (Non-Hispanic)",100,812.403840463596,"Genesee","Oakfield town","New York"
"3603754166",2018,"B17001C_ChildPov","Native American (Non-Hispanic)",0,0,"Genesee","Oakfield town","New York"
"3603754166",2018,"B17001D_ChildPov","Asian (Non-Hispanic)",0,0,"Genesee","Oakfield town","New York"
"3603754166",2018,"B17001E_ChildPov","Pacific Islander (Non-Hispanic)",0,0,"Genesee","Oakfield town","New York"
"3603754166",2018,"B17001F_ChildPov","Other (Non-Hispanic)",0,0,"Genesee","Oakfield town","New York"
"3603754166",2018,"B17001G_ChildPov","Two or More Races (Non-Hispanic)",7.89473684210526,104.83440253461,"Genesee","Oakfield town","New York"
"3603754166",2018,"B17001H_ChildPov","White (Non-Hispanic)",9.04436860068259,7.13891458639686,"Genesee","Oakfield town","New York"
"3603754166",2018,"B17001I_ChildPov","Hispanic or Latino (Any Race)",0,1385.6406460551,"Genesee","Oakfield town","New York"
"3603754166",2019,"B17001B_ChildPov","Black (Non-Hispanic)",100,1194.66406249716,"Genesee","Oakfield town","New York"
"3603754166",2019,"B17001C_ChildPov","Native American (Non-Hispanic)",0,0,"Genesee","Oakfield town","New York"
"3603754166",2019,"B17001D_ChildPov","Asian (Non-Hispanic)",0,0,"Genesee","Oakfield town","New York"
"3603754166",2019,"B17001E_ChildPov","Pacific Islander (Non-Hispanic)",0,0,"Genesee","Oakfield town","New York"
"3603754166",2019,"B17001F_ChildPov","Other (Non-Hispanic)",0,0,"Genesee","Oakfield town","New York"
"3603754166",2019,"B17001G_ChildPov","Two or More Races (Non-Hispanic)",6.97674418604651,92.7090262916007,"Genesee","Oakfield town","New York"
"3603754166",2019,"B17001H_ChildPov","White (Non-Hispanic)",7.47826086956522,6.23349188673435,"Genesee","Oakfield town","New York"
"3603754166",2019,"B17001I_ChildPov","Hispanic or Latino (Any Race)",0,461.880215351701,"Genesee","Oakfield town","New York"
"3603754166",2020,"B17001B_ChildPov","Black (Non-Hispanic)",100,2349.46802489415,"Genesee","Oakfield town","New York"
"3603754166",2020,"B17001C_ChildPov","Native American (Non-Hispanic)",0,0,"Genesee","Oakfield town","New York"
"3603754166",2020,"B17001D_ChildPov","Asian (Non-Hispanic)",0,0,"Genesee","Oakfield town","New York"
"3603754166",2020,"B17001E_ChildPov","Pacific Islander (Non-Hispanic)",0,0,"Genesee","Oakfield town","New York"
"3603754166",2020,"B17001F_ChildPov","Other (Non-Hispanic)",0,0,"Genesee","Oakfield town","New York"
"3603754166",2020,"B17001G_ChildPov","Two or More Races (Non-Hispanic)",34.9206349206349,58.8101108892044,"Genesee","Oakfield town","New York"
"3603754166",2020,"B17001H_ChildPov","White (Non-Hispanic)",20.5438066465257,12.7248659626796,"Genesee","Oakfield town","New York"
"3603754166",2020,"B17001I_ChildPov","Hispanic or Latino (Any Race)",0,593.845991166472,"Genesee","Oakfield town","New York"
"3603754166",2021,"B17001B_ChildPov","Black (Non-Hispanic)",0,0,"Genesee","Oakfield town","New York"
"3603754166",2021,"B17001C_ChildPov","Native American (Non-Hispanic)",0,0,"Genesee","Oakfield town","New York"
"3603754166",2021,"B17001D_ChildPov","Asian (Non-Hispanic)",0,0,"Genesee","Oakfield town","New York"
"3603754166",2021,"B17001E_ChildPov","Pacific Islander (Non-Hispanic)",0,0,"Genesee","Oakfield town","New York"
"3603754166",2021,"B17001F_ChildPov","Other (Non-Hispanic)",0,0,"Genesee","Oakfield town","New York"
"3603754166",2021,"B17001G_ChildPov","Two or More Races (Non-Hispanic)",14.1176470588235,47.0851849632547,"Genesee","Oakfield town","New York"
"3603754166",2021,"B17001H_ChildPov","White (Non-Hispanic)",21.5007215007215,16.2496366787818,"Genesee","Oakfield town","New York"
"3603754166",2021,"B17001I_ChildPov","Hispanic or Latino (Any Race)",0,140.729128114971,"Genesee","Oakfield town","New York"
"3603754166",2022,"B17001B_ChildPov","Black (Non-Hispanic)",0,0,"Genesee","Oakfield town","New York"
"3603754166",2022,"B17001C_ChildPov","Native American (Non-Hispanic)",100,1906.89538255249,"Genesee","Oakfield town","New York"
"3603754166",2022,"B17001D_ChildPov","Asian (Non-Hispanic)",0,0,"Genesee","Oakfield town","New York"
"3603754166",2022,"B17001E_ChildPov","Pacific Islander (Non-Hispanic)",0,0,"Genesee","Oakfield town","New York"
"3603754166",2022,"B17001F_ChildPov","Other (Non-Hispanic)",0,0,"Genesee","Oakfield town","New York"
"3603754166",2022,"B17001G_ChildPov","Two or More Races (Non-Hispanic)",19.6428571428571,76.2893998427933,"Genesee","Oakfield town","New York"
"3603754166",2022,"B17001H_ChildPov","White (Non-Hispanic)",26.3793103448276,19.7755043139947,"Genesee","Oakfield town","New York"
"3603754166",2022,"B17001I_ChildPov","Hispanic or Latino (Any Race)",0,100.074046659535,"Genesee","Oakfield town","New York"
"3603754166",2023,"B17001B_ChildPov","Black (Non-Hispanic)",0,900.666419935816,"Genesee","Oakfield town","New York"
"3603754166",2023,"B17001C_ChildPov","Native American (Non-Hispanic)",100,1906.89538255249,"Genesee","Oakfield town","New York"
"3603754166",2023,"B17001D_ChildPov","Asian (Non-Hispanic)",0,0,"Genesee","Oakfield town","New York"
"3603754166",2023,"B17001E_ChildPov","Pacific Islander (Non-Hispanic)",0,0,"Genesee","Oakfield town","New York"
"3603754166",2023,"B17001F_ChildPov","Other (Non-Hispanic)",0,0,"Genesee","Oakfield town","New York"
"3603754166",2023,"B17001G_ChildPov","Two or More Races (Non-Hispanic)",17.8082191780822,58.689547504487,"Genesee","Oakfield town","New York"
"3603754166",2023,"B17001H_ChildPov","White (Non-Hispanic)",37.0851370851371,18.9043142222485,"Genesee","Oakfield town","New York"
"3603754166",2023,"B17001I_ChildPov","Hispanic or Latino (Any Race)",0,81.8787654487106,"Genesee","Oakfield town","New York"
"3603754166",2024,"B17001B_ChildPov","Black (Non-Hispanic)",75,84.3364109286929,"Genesee","Oakfield town","New York"
"3603754166",2024,"B17001C_ChildPov","Native American (Non-Hispanic)",100,4091.45450909576,"Genesee","Oakfield town","New York"
"3603754166",2024,"B17001D_ChildPov","Asian (Non-Hispanic)",0,0,"Genesee","Oakfield town","New York"
"3603754166",2024,"B17001E_ChildPov","Pacific Islander (Non-Hispanic)",0,0,"Genesee","Oakfield town","New York"
"3603754166",2024,"B17001F_ChildPov","Other (Non-Hispanic)",0,0,"Genesee","Oakfield town","New York"
"3603754166",2024,"B17001G_ChildPov","Two or More Races (Non-Hispanic)",12.280701754386,41.905583082841,"Genesee","Oakfield town","New York"
"3603754166",2024,"B17001H_ChildPov","White (Non-Hispanic)",36.8,19.1075046915917,"Genesee","Oakfield town","New York"
"3603754166",2024,"B17001I_ChildPov","Hispanic or Latino (Any Race)",30.5084745762712,95.8200492718371,"Genesee","Oakfield town","New York"
"3603756792",2017,"B17001B_ChildPov","Black (Non-Hispanic)",0,0,"Genesee","Pavilion town","New York"
"3603756792",2017,"B17001C_ChildPov","Native American (Non-Hispanic)",0,0,"Genesee","Pavilion town","New York"
"3603756792",2017,"B17001D_ChildPov","Asian (Non-Hispanic)",0,0,"Genesee","Pavilion town","New York"
"3603756792",2017,"B17001E_ChildPov","Pacific Islander (Non-Hispanic)",0,0,"Genesee","Pavilion town","New York"
"3603756792",2017,"B17001F_ChildPov","Other (Non-Hispanic)",0,68.0448531544916,"Genesee","Pavilion town","New York"
"3603756792",2017,"B17001G_ChildPov","Two or More Races (Non-Hispanic)",69.2307692307692,34.1148764624843,"Genesee","Pavilion town","New York"
"3603756792",2017,"B17001H_ChildPov","White (Non-Hispanic)",0,8.44902832960428,"Genesee","Pavilion town","New York"
"3603756792",2017,"B17001I_ChildPov","Hispanic or Latino (Any Race)",0,68.0448531544916,"Genesee","Pavilion town","New York"
"3603756792",2018,"B17001B_ChildPov","Black (Non-Hispanic)",0,0,"Genesee","Pavilion town","New York"
"3603756792",2018,"B17001C_ChildPov","Native American (Non-Hispanic)",0,0,"Genesee","Pavilion town","New York"
"3603756792",2018,"B17001D_ChildPov","Asian (Non-Hispanic)",0,0,"Genesee","Pavilion town","New York"
"3603756792",2018,"B17001E_ChildPov","Pacific Islander (Non-Hispanic)",0,0,"Genesee","Pavilion town","New York"
"3603756792",2018,"B17001F_ChildPov","Other (Non-Hispanic)",0,90.3678682209849,"Genesee","Pavilion town","New York"
"3603756792",2018,"B17001G_ChildPov","Two or More Races (Non-Hispanic)",0,0,"Genesee","Pavilion town","New York"
"3603756792",2018,"B17001H_ChildPov","White (Non-Hispanic)",0,10.2387239856288,"Genesee","Pavilion town","New York"
"3603756792",2018,"B17001I_ChildPov","Hispanic or Latino (Any Race)",0,90.3678682209849,"Genesee","Pavilion town","New York"
"3603756792",2019,"B17001B_ChildPov","Black (Non-Hispanic)",0,0,"Genesee","Pavilion town","New York"
"3603756792",2019,"B17001C_ChildPov","Native American (Non-Hispanic)",0,0,"Genesee","Pavilion town","New York"
"3603756792",2019,"B17001D_ChildPov","Asian (Non-Hispanic)",0,0,"Genesee","Pavilion town","New York"
"3603756792",2019,"B17001E_ChildPov","Pacific Islander (Non-Hispanic)",0,0,"Genesee","Pavilion town","New York"
"3603756792",2019,"B17001F_ChildPov","Other (Non-Hispanic)",0,90.3678682209849,"Genesee","Pavilion town","New York"
"3603756792",2019,"B17001G_ChildPov","Two or More Races (Non-Hispanic)",0,0,"Genesee","Pavilion town","New York"
"3603756792",2019,"B17001H_ChildPov","White (Non-Hispanic)",6.66666666666667,11.1487462552421,"Genesee","Pavilion town","New York"
"3603756792",2019,"B17001I_ChildPov","Hispanic or Latino (Any Race)",0,90.3678682209849,"Genesee","Pavilion town","New York"
"3603756792",2020,"B17001B_ChildPov","Black (Non-Hispanic)",0,0,"Genesee","Pavilion town","New York"
"3603756792",2020,"B17001C_ChildPov","Native American (Non-Hispanic)",0,0,"Genesee","Pavilion town","New York"
"3603756792",2020,"B17001D_ChildPov","Asian (Non-Hispanic)",0,0,"Genesee","Pavilion town","New York"
"3603756792",2020,"B17001E_ChildPov","Pacific Islander (Non-Hispanic)",0,0,"Genesee","Pavilion town","New York"
"3603756792",2020,"B17001F_ChildPov","Other (Non-Hispanic)",0,92.3760430703401,"Genesee","Pavilion town","New York"
"3603756792",2020,"B17001G_ChildPov","Two or More Races (Non-Hispanic)",0,346.410161513776,"Genesee","Pavilion town","New York"
"3603756792",2020,"B17001H_ChildPov","White (Non-Hispanic)",5.54016620498615,11.0592610894264,"Genesee","Pavilion town","New York"
"3603756792",2020,"B17001I_ChildPov","Hispanic or Latino (Any Race)",0,83.1384387633061,"Genesee","Pavilion town","New York"
"3603756792",2021,"B17001B_ChildPov","Black (Non-Hispanic)",0,0,"Genesee","Pavilion town","New York"
"3603756792",2021,"B17001C_ChildPov","Native American (Non-Hispanic)",0,0,"Genesee","Pavilion town","New York"
"3603756792",2021,"B17001D_ChildPov","Asian (Non-Hispanic)",0,0,"Genesee","Pavilion town","New York"
"3603756792",2021,"B17001E_ChildPov","Pacific Islander (Non-Hispanic)",0,0,"Genesee","Pavilion town","New York"
"3603756792",2021,"B17001F_ChildPov","Other (Non-Hispanic)",0,0,"Genesee","Pavilion town","New York"
"3603756792",2021,"B17001G_ChildPov","Two or More Races (Non-Hispanic)",0,173.205080756888,"Genesee","Pavilion town","New York"
"3603756792",2021,"B17001H_ChildPov","White (Non-Hispanic)",5.76923076923077,10.6390431372787,"Genesee","Pavilion town","New York"
"3603756792",2021,"B17001I_ChildPov","Hispanic or Latino (Any Race)",0,900.666419935816,"Genesee","Pavilion town","New York"
"3603756792",2022,"B17001B_ChildPov","Black (Non-Hispanic)",0,0,"Genesee","Pavilion town","New York"
"3603756792",2022,"B17001C_ChildPov","Native American (Non-Hispanic)",0,0,"Genesee","Pavilion town","New York"
"3603756792",2022,"B17001D_ChildPov","Asian (Non-Hispanic)",0,0,"Genesee","Pavilion town","New York"
"3603756792",2022,"B17001E_ChildPov","Pacific Islander (Non-Hispanic)",0,0,"Genesee","Pavilion town","New York"
"3603756792",2022,"B17001F_ChildPov","Other (Non-Hispanic)",0,0,"Genesee","Pavilion town","New York"
"3603756792",2022,"B17001G_ChildPov","Two or More Races (Non-Hispanic)",0,225.166604983954,"Genesee","Pavilion town","New York"
"3603756792",2022,"B17001H_ChildPov","White (Non-Hispanic)",7.23514211886305,11.5776734453473,"Genesee","Pavilion town","New York"
"3603756792",2022,"B17001I_ChildPov","Hispanic or Latino (Any Race)",0,1501.11069989303,"Genesee","Pavilion town","New York"
"3603756792",2023,"B17001B_ChildPov","Black (Non-Hispanic)",0,0,"Genesee","Pavilion town","New York"
"3603756792",2023,"B17001C_ChildPov","Native American (Non-Hispanic)",0,0,"Genesee","Pavilion town","New York"
"3603756792",2023,"B17001D_ChildPov","Asian (Non-Hispanic)",0,0,"Genesee","Pavilion town","New York"
"3603756792",2023,"B17001E_ChildPov","Pacific Islander (Non-Hispanic)",0,0,"Genesee","Pavilion town","New York"
"3603756792",2023,"B17001F_ChildPov","Other (Non-Hispanic)",0,0,"Genesee","Pavilion town","New York"
"3603756792",2023,"B17001G_ChildPov","Two or More Races (Non-Hispanic)",0,50.5992370750458,"Genesee","Pavilion town","New York"
"3603756792",2023,"B17001H_ChildPov","White (Non-Hispanic)",10.1983002832861,12.7775283649127,"Genesee","Pavilion town","New York"
"3603756792",2023,"B17001I_ChildPov","Hispanic or Latino (Any Race)",0,64.3333157097012,"Genesee","Pavilion town","New York"
"3603756792",2024,"B17001B_ChildPov","Black (Non-Hispanic)",0,0,"Genesee","Pavilion town","New York"
"3603756792",2024,"B17001C_ChildPov","Native American (Non-Hispanic)",0,0,"Genesee","Pavilion town","New York"
"3603756792",2024,"B17001D_ChildPov","Asian (Non-Hispanic)",0,0,"Genesee","Pavilion town","New York"
"3603756792",2024,"B17001E_ChildPov","Pacific Islander (Non-Hispanic)",0,0,"Genesee","Pavilion town","New York"
"3603756792",2024,"B17001F_ChildPov","Other (Non-Hispanic)",0,303.108891324553,"Genesee","Pavilion town","New York"
"3603756792",2024,"B17001G_ChildPov","Two or More Races (Non-Hispanic)",0,54.4914860808186,"Genesee","Pavilion town","New York"
"3603756792",2024,"B17001H_ChildPov","White (Non-Hispanic)",6.38977635782748,15.8424534157124,"Genesee","Pavilion town","New York"
"3603756792",2024,"B17001I_ChildPov","Hispanic or Latino (Any Race)",0,51.5930027786474,"Genesee","Pavilion town","New York"
"3603757078",2017,"B17001B_ChildPov","Black (Non-Hispanic)",0,152.420471066061,"Genesee","Pembroke town","New York"
"3603757078",2017,"B17001C_ChildPov","Native American (Non-Hispanic)",0,0,"Genesee","Pembroke town","New York"
"3603757078",2017,"B17001D_ChildPov","Asian (Non-Hispanic)",0,190.525588832576,"Genesee","Pembroke town","New York"
"3603757078",2017,"B17001E_ChildPov","Pacific Islander (Non-Hispanic)",0,0,"Genesee","Pembroke town","New York"
"3603757078",2017,"B17001F_ChildPov","Other (Non-Hispanic)",0,146.558145255828,"Genesee","Pembroke town","New York"
"3603757078",2017,"B17001G_ChildPov","Two or More Races (Non-Hispanic)",100,189.594779874224,"Genesee","Pembroke town","New York"
"3603757078",2017,"B17001H_ChildPov","White (Non-Hispanic)",33.2402234636872,18.5760129355908,"Genesee","Pembroke town","New York"
"3603757078",2017,"B17001I_ChildPov","Hispanic or Latino (Any Race)",0,127.017059221718,"Genesee","Pembroke town","New York"
"3603757078",2018,"B17001B_ChildPov","Black (Non-Hispanic)",0,143.342135798804,"Genesee","Pembroke town","New York"
"3603757078",2018,"B17001C_ChildPov","Native American (Non-Hispanic)",0,0,"Genesee","Pembroke town","New York"
"3603757078",2018,"B17001D_ChildPov","Asian (Non-Hispanic)",0,143.342135798804,"Genesee","Pembroke town","New York"
"3603757078",2018,"B17001E_ChildPov","Pacific Islander (Non-Hispanic)",0,0,"Genesee","Pembroke town","New York"
"3603757078",2018,"B17001F_ChildPov","Other (Non-Hispanic)",0,143.342135798804,"Genesee","Pembroke town","New York"
"3603757078",2018,"B17001G_ChildPov","Two or More Races (Non-Hispanic)",100,131.259535821001,"Genesee","Pembroke town","New York"
"3603757078",2018,"B17001H_ChildPov","White (Non-Hispanic)",26.4864864864865,18.9942545491054,"Genesee","Pembroke town","New York"
"3603757078",2018,"B17001I_ChildPov","Hispanic or Latino (Any Race)",0,125.967331459555,"Genesee","Pembroke town","New York"
"3603757078",2019,"B17001B_ChildPov","Black (Non-Hispanic)",0,0,"Genesee","Pembroke town","New York"
"3603757078",2019,"B17001C_ChildPov","Native American (Non-Hispanic)",0,0,"Genesee","Pembroke town","New York"
"3603757078",2019,"B17001D_ChildPov","Asian (Non-Hispanic)",0,0,"Genesee","Pembroke town","New York"
"3603757078",2019,"B17001E_ChildPov","Pacific Islander (Non-Hispanic)",0,0,"Genesee","Pembroke town","New York"
"3603757078",2019,"B17001F_ChildPov","Other (Non-Hispanic)",0,692.820323027551,"Genesee","Pembroke town","New York"
"3603757078",2019,"B17001G_ChildPov","Two or More Races (Non-Hispanic)",100,147.398787994323,"Genesee","Pembroke town","New York"
"3603757078",2019,"B17001H_ChildPov","White (Non-Hispanic)",15.9021406727829,11.1912647785152,"Genesee","Pembroke town","New York"
"3603757078",2019,"B17001I_ChildPov","Hispanic or Latino (Any Race)",0,415.692193816531,"Genesee","Pembroke town","New York"
"3603757078",2020,"B17001B_ChildPov","Black (Non-Hispanic)",0,0,"Genesee","Pembroke town","New York"
"3603757078",2020,"B17001C_ChildPov","Native American (Non-Hispanic)",0,0,"Genesee","Pembroke town","New York"
"3603757078",2020,"B17001D_ChildPov","Asian (Non-Hispanic)",0,0,"Genesee","Pembroke town","New York"
"3603757078",2020,"B17001E_ChildPov","Pacific Islander (Non-Hispanic)",0,0,"Genesee","Pembroke town","New York"
"3603757078",2020,"B17001F_ChildPov","Other (Non-Hispanic)",0,461.880215351701,"Genesee","Pembroke town","New York"
"3603757078",2020,"B17001G_ChildPov","Two or More Races (Non-Hispanic)",0,4156.92193816531,"Genesee","Pembroke town","New York"
"3603757078",2020,"B17001H_ChildPov","White (Non-Hispanic)",14.5996860282575,10.5404947224537,"Genesee","Pembroke town","New York"
"3603757078",2020,"B17001I_ChildPov","Hispanic or Latino (Any Race)",0,461.880215351701,"Genesee","Pembroke town","New York"
"3603757078",2021,"B17001B_ChildPov","Black (Non-Hispanic)",0,0,"Genesee","Pembroke town","New York"
"3603757078",2021,"B17001C_ChildPov","Native American (Non-Hispanic)",0,0,"Genesee","Pembroke town","New York"
"3603757078",2021,"B17001D_ChildPov","Asian (Non-Hispanic)",0,0,"Genesee","Pembroke town","New York"
"3603757078",2021,"B17001E_ChildPov","Pacific Islander (Non-Hispanic)",0,0,"Genesee","Pembroke town","New York"
"3603757078",2021,"B17001F_ChildPov","Other (Non-Hispanic)",0,321.666578548506,"Genesee","Pembroke town","New York"
"3603757078",2021,"B17001G_ChildPov","Two or More Races (Non-Hispanic)",93.3333333333333,524.230276420629,"Genesee","Pembroke town","New York"
"3603757078",2021,"B17001H_ChildPov","White (Non-Hispanic)",20.0899550224888,10.7074703779474,"Genesee","Pembroke town","New York"
"3603757078",2021,"B17001I_ChildPov","Hispanic or Latino (Any Race)",0,321.666578548506,"Genesee","Pembroke town","New York"
"3603757078",2022,"B17001B_ChildPov","Black (Non-Hispanic)",0,0,"Genesee","Pembroke town","New York"
"3603757078",2022,"B17001C_ChildPov","Native American (Non-Hispanic)",0,0,"Genesee","Pembroke town","New York"
"3603757078",2022,"B17001D_ChildPov","Asian (Non-Hispanic)",0,0,"Genesee","Pembroke town","New York"
"3603757078",2022,"B17001E_ChildPov","Pacific Islander (Non-Hispanic)",0,0,"Genesee","Pembroke town","New York"
"3603757078",2022,"B17001F_ChildPov","Other (Non-Hispanic)",0,195.797047812134,"Genesee","Pembroke town","New York"
"3603757078",2022,"B17001G_ChildPov","Two or More Races (Non-Hispanic)",94.7368421052632,427.169089459471,"Genesee","Pembroke town","New York"
"3603757078",2022,"B17001H_ChildPov","White (Non-Hispanic)",12.184249628529,11.9784179988528,"Genesee","Pembroke town","New York"
"3603757078",2022,"B17001I_ChildPov","Hispanic or Latino (Any Race)",0,195.797047812134,"Genesee","Pembroke town","New York"
"3603757078",2023,"B17001B_ChildPov","Black (Non-Hispanic)",0,0,"Genesee","Pembroke town","New York"
"3603757078",2023,"B17001C_ChildPov","Native American (Non-Hispanic)",0,0,"Genesee","Pembroke town","New York"
"3603757078",2023,"B17001D_ChildPov","Asian (Non-Hispanic)",0,0,"Genesee","Pembroke town","New York"
"3603757078",2023,"B17001E_ChildPov","Pacific Islander (Non-Hispanic)",0,1125.83302491977,"Genesee","Pembroke town","New York"
"3603757078",2023,"B17001F_ChildPov","Other (Non-Hispanic)",0,1125.83302491977,"Genesee","Pembroke town","New York"
"3603757078",2023,"B17001G_ChildPov","Two or More Races (Non-Hispanic)",17.3076923076923,84.4651077664141,"Genesee","Pembroke town","New York"
"3603757078",2023,"B17001H_ChildPov","White (Non-Hispanic)",5.33562822719449,8.12475864130291,"Genesee","Pembroke town","New York"
"3603757078",2023,"B17001I_ChildPov","Hispanic or Latino (Any Race)",0,90.0666419935816,"Genesee","Pembroke town","New York"
"3603757078",2024,"B17001B_ChildPov","Black (Non-Hispanic)",0,0,"Genesee","Pembroke town","New York"
"3603757078",2024,"B17001C_ChildPov","Native American (Non-Hispanic)",0,0,"Genesee","Pembroke town","New York"
"3603757078",2024,"B17001D_ChildPov","Asian (Non-Hispanic)",0,0,"Genesee","Pembroke town","New York"
"3603757078",2024,"B17001E_ChildPov","Pacific Islander (Non-Hispanic)",0,969.948452238571,"Genesee","Pembroke town","New York"
"3603757078",2024,"B17001F_ChildPov","Other (Non-Hispanic)",0,404.145188432738,"Genesee","Pembroke town","New York"
"3603757078",2024,"B17001G_ChildPov","Two or More Races (Non-Hispanic)",30.0884955752212,51.4484170935018,"Genesee","Pembroke town","New York"
"3603757078",2024,"B17001H_ChildPov","White (Non-Hispanic)",10.6635071090047,8.22295987885254,"Genesee","Pembroke town","New York"
"3603757078",2024,"B17001I_ChildPov","Hispanic or Latino (Any Race)",0,101.036297108185,"Genesee","Pembroke town","New York"
"3603770607",2017,"B17001B_ChildPov","Black (Non-Hispanic)",0,0,"Genesee","Stafford town","New York"
"3603770607",2017,"B17001C_ChildPov","Native American (Non-Hispanic)",0,0,"Genesee","Stafford town","New York"
"3603770607",2017,"B17001D_ChildPov","Asian (Non-Hispanic)",0,0,"Genesee","Stafford town","New York"
"3603770607",2017,"B17001E_ChildPov","Pacific Islander (Non-Hispanic)",0,0,"Genesee","Stafford town","New York"
"3603770607",2017,"B17001F_ChildPov","Other (Non-Hispanic)",0,0,"Genesee","Stafford town","New York"
"3603770607",2017,"B17001G_ChildPov","Two or More Races (Non-Hispanic)",82.3529411764706,196.262033247941,"Genesee","Stafford town","New York"
"3603770607",2017,"B17001H_ChildPov","White (Non-Hispanic)",6.22950819672131,13.5971341121172,"Genesee","Stafford town","New York"
"3603770607",2017,"B17001I_ChildPov","Hispanic or Latino (Any Race)",0,0,"Genesee","Stafford town","New York"
"3603770607",2018,"B17001B_ChildPov","Black (Non-Hispanic)",0,0,"Genesee","Stafford town","New York"
"3603770607",2018,"B17001C_ChildPov","Native American (Non-Hispanic)",0,0,"Genesee","Stafford town","New York"
"3603770607",2018,"B17001D_ChildPov","Asian (Non-Hispanic)",0,0,"Genesee","Stafford town","New York"
"3603770607",2018,"B17001E_ChildPov","Pacific Islander (Non-Hispanic)",0,0,"Genesee","Stafford town","New York"
"3603770607",2018,"B17001F_ChildPov","Other (Non-Hispanic)",0,0,"Genesee","Stafford town","New York"
"3603770607",2018,"B17001G_ChildPov","Two or More Races (Non-Hispanic)",82.3529411764706,221.786756928325,"Genesee","Stafford town","New York"
"3603770607",2018,"B17001H_ChildPov","White (Non-Hispanic)",5.6390977443609,15.5413071999463,"Genesee","Stafford town","New York"
"3603770607",2018,"B17001I_ChildPov","Hispanic or Latino (Any Race)",0,0,"Genesee","Stafford town","New York"
"3603770607",2019,"B17001B_ChildPov","Black (Non-Hispanic)",0,0,"Genesee","Stafford town","New York"
"3603770607",2019,"B17001C_ChildPov","Native American (Non-Hispanic)",0,0,"Genesee","Stafford town","New York"
"3603770607",2019,"B17001D_ChildPov","Asian (Non-Hispanic)",0,0,"Genesee","Stafford town","New York"
"3603770607",2019,"B17001E_ChildPov","Pacific Islander (Non-Hispanic)",0,0,"Genesee","Stafford town","New York"
"3603770607",2019,"B17001F_ChildPov","Other (Non-Hispanic)",0,0,"Genesee","Stafford town","New York"
"3603770607",2019,"B17001G_ChildPov","Two or More Races (Non-Hispanic)",0,134.094256069849,"Genesee","Stafford town","New York"
"3603770607",2019,"B17001H_ChildPov","White (Non-Hispanic)",8.10810810810811,19.9639408542114,"Genesee","Stafford town","New York"
"3603770607",2019,"B17001I_ChildPov","Hispanic or Latino (Any Race)",0,692.820323027551,"Genesee","Stafford town","New York"
"3603770607",2020,"B17001B_ChildPov","Black (Non-Hispanic)",0,0,"Genesee","Stafford town","New York"
"3603770607",2020,"B17001C_ChildPov","Native American (Non-Hispanic)",0,0,"Genesee","Stafford town","New York"
"3603770607",2020,"B17001D_ChildPov","Asian (Non-Hispanic)",0,0,"Genesee","Stafford town","New York"
"3603770607",2020,"B17001E_ChildPov","Pacific Islander (Non-Hispanic)",0,0,"Genesee","Stafford town","New York"
"3603770607",2020,"B17001F_ChildPov","Other (Non-Hispanic)",0,0,"Genesee","Stafford town","New York"
"3603770607",2020,"B17001G_ChildPov","Two or More Races (Non-Hispanic)",0,76.9800358919501,"Genesee","Stafford town","New York"
"3603770607",2020,"B17001H_ChildPov","White (Non-Hispanic)",7.34693877551021,17.3989307017347,"Genesee","Stafford town","New York"
"3603770607",2020,"B17001I_ChildPov","Hispanic or Latino (Any Race)",0,118.769198233294,"Genesee","Stafford town","New York"
"3603770607",2021,"B17001B_ChildPov","Black (Non-Hispanic)",0,0,"Genesee","Stafford town","New York"
"3603770607",2021,"B17001C_ChildPov","Native American (Non-Hispanic)",0,0,"Genesee","Stafford town","New York"
"3603770607",2021,"B17001D_ChildPov","Asian (Non-Hispanic)",0,0,"Genesee","Stafford town","New York"
"3603770607",2021,"B17001E_ChildPov","Pacific Islander (Non-Hispanic)",0,0,"Genesee","Stafford town","New York"
"3603770607",2021,"B17001F_ChildPov","Other (Non-Hispanic)",0,0,"Genesee","Stafford town","New York"
"3603770607",2021,"B17001G_ChildPov","Two or More Races (Non-Hispanic)",0,69.2820323027551,"Genesee","Stafford town","New York"
"3603770607",2021,"B17001H_ChildPov","White (Non-Hispanic)",5.84958217270195,13.1993103069756,"Genesee","Stafford town","New York"
"3603770607",2021,"B17001I_ChildPov","Hispanic or Latino (Any Race)",0,112.583302491977,"Genesee","Stafford town","New York"
"3603770607",2022,"B17001B_ChildPov","Black (Non-Hispanic)",0,0,"Genesee","Stafford town","New York"
"3603770607",2022,"B17001C_ChildPov","Native American (Non-Hispanic)",0,0,"Genesee","Stafford town","New York"
"3603770607",2022,"B17001D_ChildPov","Asian (Non-Hispanic)",0,0,"Genesee","Stafford town","New York"
"3603770607",2022,"B17001E_ChildPov","Pacific Islander (Non-Hispanic)",0,0,"Genesee","Stafford town","New York"
"3603770607",2022,"B17001F_ChildPov","Other (Non-Hispanic)",0,0,"Genesee","Stafford town","New York"
"3603770607",2022,"B17001G_ChildPov","Two or More Races (Non-Hispanic)",18.6666666666667,60.4193621161174,"Genesee","Stafford town","New York"
"3603770607",2022,"B17001H_ChildPov","White (Non-Hispanic)",0,11.8197692904963,"Genesee","Stafford town","New York"
"3603770607",2022,"B17001I_ChildPov","Hispanic or Latino (Any Race)",0,150.111069989303,"Genesee","Stafford town","New York"
"3603770607",2023,"B17001B_ChildPov","Black (Non-Hispanic)",0,0,"Genesee","Stafford town","New York"
"3603770607",2023,"B17001C_ChildPov","Native American (Non-Hispanic)",0,0,"Genesee","Stafford town","New York"
"3603770607",2023,"B17001D_ChildPov","Asian (Non-Hispanic)",0,0,"Genesee","Stafford town","New York"
"3603770607",2023,"B17001E_ChildPov","Pacific Islander (Non-Hispanic)",0,0,"Genesee","Stafford town","New York"
"3603770607",2023,"B17001F_ChildPov","Other (Non-Hispanic)",0,0,"Genesee","Stafford town","New York"
"3603770607",2023,"B17001G_ChildPov","Two or More Races (Non-Hispanic)",20.7317073170732,57.2522749919457,"Genesee","Stafford town","New York"
"3603770607",2023,"B17001H_ChildPov","White (Non-Hispanic)",0,10.2348456810888,"Genesee","Stafford town","New York"
"3603770607",2023,"B17001I_ChildPov","Hispanic or Latino (Any Race)",0,104.728653480909,"Genesee","Stafford town","New York"
"3603770607",2024,"B17001B_ChildPov","Black (Non-Hispanic)",100,2055.78452178238,"Genesee","Stafford town","New York"
"3603770607",2024,"B17001C_ChildPov","Native American (Non-Hispanic)",0,0,"Genesee","Stafford town","New York"
"3603770607",2024,"B17001D_ChildPov","Asian (Non-Hispanic)",0,0,"Genesee","Stafford town","New York"
"3603770607",2024,"B17001E_ChildPov","Pacific Islander (Non-Hispanic)",0,0,"Genesee","Stafford town","New York"
"3603770607",2024,"B17001F_ChildPov","Other (Non-Hispanic)",0,0,"Genesee","Stafford town","New York"
"3603770607",2024,"B17001G_ChildPov","Two or More Races (Non-Hispanic)",12.8,41.42248500899,"Genesee","Stafford town","New York"
"3603770607",2024,"B17001H_ChildPov","White (Non-Hispanic)",3.2967032967033,9.64139364335408,"Genesee","Stafford town","New York"
"3603770607",2024,"B17001I_ChildPov","Hispanic or Latino (Any Race)",7.69230769230769,89.443110553912,"Genesee","Stafford town","New York"
"3603775011",2017,"B17001B_ChildPov","Black (Non-Hispanic)",0,0,"Genesee","Tonawanda Reservation","New York"
"3603775011",2017,"B17001C_ChildPov","Native American (Non-Hispanic)",82.051282051282,174.949627916656,"Genesee","Tonawanda Reservation","New York"
"3603775011",2017,"B17001D_ChildPov","Asian (Non-Hispanic)",100,660,"Genesee","Tonawanda Reservation","New York"
"3603775011",2017,"B17001E_ChildPov","Pacific Islander (Non-Hispanic)",0,0,"Genesee","Tonawanda Reservation","New York"
"3603775011",2017,"B17001F_ChildPov","Other (Non-Hispanic)",0,346.410161513775,"Genesee","Tonawanda Reservation","New York"
"3603775011",2017,"B17001G_ChildPov","Two or More Races (Non-Hispanic)",0,238.156986040721,"Genesee","Tonawanda Reservation","New York"
"3603775011",2017,"B17001H_ChildPov","White (Non-Hispanic)",0,0,"Genesee","Tonawanda Reservation","New York"
"3603775011",2017,"B17001I_ChildPov","Hispanic or Latino (Any Race)",0,544.358825235933,"Genesee","Tonawanda Reservation","New York"
"3603775011",2018,"B17001B_ChildPov","Black (Non-Hispanic)",0,0,"Genesee","Tonawanda Reservation","New York"
"3603775011",2018,"B17001C_ChildPov","Native American (Non-Hispanic)",52.6315789473684,152.668776982561,"Genesee","Tonawanda Reservation","New York"
"3603775011",2018,"B17001D_ChildPov","Asian (Non-Hispanic)",100,605.988632089928,"Genesee","Tonawanda Reservation","New York"
"3603775011",2018,"B17001E_ChildPov","Pacific Islander (Non-Hispanic)",0,0,"Genesee","Tonawanda Reservation","New York"
"3603775011",2018,"B17001F_ChildPov","Other (Non-Hispanic)",0,0,"Genesee","Tonawanda Reservation","New York"
"3603775011",2018,"B17001G_ChildPov","Two or More Races (Non-Hispanic)",0,461.880215351701,"Genesee","Tonawanda Reservation","New York"
"3603775011",2018,"B17001H_ChildPov","White (Non-Hispanic)",0,0,"Genesee","Tonawanda Reservation","New York"
"3603775011",2018,"B17001I_ChildPov","Hispanic or Latino (Any Race)",0,461.880215351701,"Genesee","Tonawanda Reservation","New York"
"3603775011",2019,"B17001B_ChildPov","Black (Non-Hispanic)",0,0,"Genesee","Tonawanda Reservation","New York"
"3603775011",2019,"B17001C_ChildPov","Native American (Non-Hispanic)",47.3684210526316,168.136286084233,"Genesee","Tonawanda Reservation","New York"
"3603775011",2019,"B17001D_ChildPov","Asian (Non-Hispanic)",0,0,"Genesee","Tonawanda Reservation","New York"
"3603775011",2019,"B17001E_ChildPov","Pacific Islander (Non-Hispanic)",0,0,"Genesee","Tonawanda Reservation","New York"
"3603775011",2019,"B17001F_ChildPov","Other (Non-Hispanic)",0,0,"Genesee","Tonawanda Reservation","New York"
"3603775011",2019,"B17001G_ChildPov","Two or More Races (Non-Hispanic)",0,173.205080756888,"Genesee","Tonawanda Reservation","New York"
"3603775011",2019,"B17001H_ChildPov","White (Non-Hispanic)",0,0,"Genesee","Tonawanda Reservation","New York"
"3603775011",2019,"B17001I_ChildPov","Hispanic or Latino (Any Race)",0,415.692193816531,"Genesee","Tonawanda Reservation","New York"
"3603775011",2020,"B17001B_ChildPov","Black (Non-Hispanic)",0,0,"Genesee","Tonawanda Reservation","New York"
"3603775011",2020,"B17001C_ChildPov","Native American (Non-Hispanic)",0,0,"Genesee","Tonawanda Reservation","New York"
"3603775011",2020,"B17001D_ChildPov","Asian (Non-Hispanic)",100,704.982269280583,"Genesee","Tonawanda Reservation","New York"
"3603775011",2020,"B17001E_ChildPov","Pacific Islander (Non-Hispanic)",0,0,"Genesee","Tonawanda Reservation","New York"
"3603775011",2020,"B17001F_ChildPov","Other (Non-Hispanic)",0,0,"Genesee","Tonawanda Reservation","New York"
"3603775011",2020,"B17001G_ChildPov","Two or More Races (Non-Hispanic)",0,166.276877526612,"Genesee","Tonawanda Reservation","New York"
"3603775011",2020,"B17001H_ChildPov","White (Non-Hispanic)",0,0,"Genesee","Tonawanda Reservation","New York"
"3603775011",2020,"B17001I_ChildPov","Hispanic or Latino (Any Race)",0,0,"Genesee","Tonawanda Reservation","New York"
"3603775011",2021,"B17001B_ChildPov","Black (Non-Hispanic)",0,0,"Genesee","Tonawanda Reservation","New York"
"3603775011",2021,"B17001C_ChildPov","Native American (Non-Hispanic)",0,0,"Genesee","Tonawanda Reservation","New York"
"3603775011",2021,"B17001D_ChildPov","Asian (Non-Hispanic)",100,597.529430336568,"Genesee","Tonawanda Reservation","New York"
"3603775011",2021,"B17001E_ChildPov","Pacific Islander (Non-Hispanic)",0,0,"Genesee","Tonawanda Reservation","New York"
"3603775011",2021,"B17001F_ChildPov","Other (Non-Hispanic)",0,0,"Genesee","Tonawanda Reservation","New York"
"3603775011",2021,"B17001G_ChildPov","Two or More Races (Non-Hispanic)",0,346.410161513775,"Genesee","Tonawanda Reservation","New York"
"3603775011",2021,"B17001H_ChildPov","White (Non-Hispanic)",0,0,"Genesee","Tonawanda Reservation","New York"
"3603775011",2021,"B17001I_ChildPov","Hispanic or Latino (Any Race)",0,0,"Genesee","Tonawanda Reservation","New York"
"3603775011",2022,"B17001B_ChildPov","Black (Non-Hispanic)",0,0,"Genesee","Tonawanda Reservation","New York"
"3603775011",2022,"B17001C_ChildPov","Native American (Non-Hispanic)",0,0,"Genesee","Tonawanda Reservation","New York"
"3603775011",2022,"B17001D_ChildPov","Asian (Non-Hispanic)",100,698.049229834635,"Genesee","Tonawanda Reservation","New York"
"3603775011",2022,"B17001E_ChildPov","Pacific Islander (Non-Hispanic)",0,0,"Genesee","Tonawanda Reservation","New York"
"3603775011",2022,"B17001F_ChildPov","Other (Non-Hispanic)",0,0,"Genesee","Tonawanda Reservation","New York"
"3603775011",2022,"B17001G_ChildPov","Two or More Races (Non-Hispanic)",0,346.410161513775,"Genesee","Tonawanda Reservation","New York"
"3603775011",2022,"B17001H_ChildPov","White (Non-Hispanic)",0,0,"Genesee","Tonawanda Reservation","New York"
"3603775011",2022,"B17001I_ChildPov","Hispanic or Latino (Any Race)",0,0,"Genesee","Tonawanda Reservation","New York"
"3603775011",2023,"B17001B_ChildPov","Black (Non-Hispanic)",0,0,"Genesee","Tonawanda Reservation","New York"
"3603775011",2023,"B17001C_ChildPov","Native American (Non-Hispanic)",100,1094.88607179198,"Genesee","Tonawanda Reservation","New York"
"3603775011",2023,"B17001D_ChildPov","Asian (Non-Hispanic)",100,757.099729229908,"Genesee","Tonawanda Reservation","New York"
"3603775011",2023,"B17001E_ChildPov","Pacific Islander (Non-Hispanic)",0,0,"Genesee","Tonawanda Reservation","New York"
"3603775011",2023,"B17001F_ChildPov","Other (Non-Hispanic)",0,0,"Genesee","Tonawanda Reservation","New York"
"3603775011",2023,"B17001G_ChildPov","Two or More Races (Non-Hispanic)",0,150.111069989303,"Genesee","Tonawanda Reservation","New York"
"3603775011",2023,"B17001H_ChildPov","White (Non-Hispanic)",0,0,"Genesee","Tonawanda Reservation","New York"
"3603775011",2023,"B17001I_ChildPov","Hispanic or Latino (Any Race)",0,0,"Genesee","Tonawanda Reservation","New York"
"3603775011",2024,"B17001B_ChildPov","Black (Non-Hispanic)",0,0,"Genesee","Tonawanda Reservation","New York"
"3603775011",2024,"B17001C_ChildPov","Native American (Non-Hispanic)",100,1644.6276174259,"Genesee","Tonawanda Reservation","New York"
"3603775011",2024,"B17001D_ChildPov","Asian (Non-Hispanic)",100,1154.22913581281,"Genesee","Tonawanda Reservation","New York"
"3603775011",2024,"B17001E_ChildPov","Pacific Islander (Non-Hispanic)",0,0,"Genesee","Tonawanda Reservation","New York"
"3603775011",2024,"B17001F_ChildPov","Other (Non-Hispanic)",0,0,"Genesee","Tonawanda Reservation","New York"
"3603775011",2024,"B17001G_ChildPov","Two or More Races (Non-Hispanic)",0,404.145188432738,"Genesee","Tonawanda Reservation","New York"
"3603775011",2024,"B17001H_ChildPov","White (Non-Hispanic)",0,0,"Genesee","Tonawanda Reservation","New York"
"3603775011",2024,"B17001I_ChildPov","Hispanic or Latino (Any Race)",0,0,"Genesee","Tonawanda Reservation","New York"
"3605103364",2017,"B17001B_ChildPov","Black (Non-Hispanic)",0,0,"Livingston","Avon town","New York"
"3605103364",2017,"B17001C_ChildPov","Native American (Non-Hispanic)",0,0,"Livingston","Avon town","New York"
"3605103364",2017,"B17001D_ChildPov","Asian (Non-Hispanic)",0,191.122847731738,"Livingston","Avon town","New York"
"3605103364",2017,"B17001E_ChildPov","Pacific Islander (Non-Hispanic)",0,0,"Livingston","Avon town","New York"
"3605103364",2017,"B17001F_ChildPov","Other (Non-Hispanic)",0,0,"Livingston","Avon town","New York"
"3605103364",2017,"B17001G_ChildPov","Two or More Races (Non-Hispanic)",86.2745098039216,112.604445311541,"Livingston","Avon town","New York"
"3605103364",2017,"B17001H_ChildPov","White (Non-Hispanic)",2.4390243902439,4.17516699623945,"Livingston","Avon town","New York"
"3605103364",2017,"B17001I_ChildPov","Hispanic or Latino (Any Race)",100,304.123904816719,"Livingston","Avon town","New York"
"3605103364",2018,"B17001B_ChildPov","Black (Non-Hispanic)",0,0,"Livingston","Avon town","New York"
"3605103364",2018,"B17001C_ChildPov","Native American (Non-Hispanic)",0,0,"Livingston","Avon town","New York"
"3605103364",2018,"B17001D_ChildPov","Asian (Non-Hispanic)",0,235.558909829367,"Livingston","Avon town","New York"
"3605103364",2018,"B17001E_ChildPov","Pacific Islander (Non-Hispanic)",0,0,"Livingston","Avon town","New York"
"3605103364",2018,"B17001F_ChildPov","Other (Non-Hispanic)",0,0,"Livingston","Avon town","New York"
"3605103364",2018,"B17001G_ChildPov","Two or More Races (Non-Hispanic)",85.1063829787234,119.645627287218,"Livingston","Avon town","New York"
"3605103364",2018,"B17001H_ChildPov","White (Non-Hispanic)",1.09427609427609,5.03083749744338,"Livingston","Avon town","New York"
"3605103364",2018,"B17001I_ChildPov","Hispanic or Latino (Any Race)",100,281.911387218149,"Livingston","Avon town","New York"
"3605103364",2019,"B17001B_ChildPov","Black (Non-Hispanic)",0,0,"Livingston","Avon town","New York"
"3605103364",2019,"B17001C_ChildPov","Native American (Non-Hispanic)",0,0,"Livingston","Avon town","New York"
"3605103364",2019,"B17001D_ChildPov","Asian (Non-Hispanic)",0,226.498951759007,"Livingston","Avon town","New York"
"3605103364",2019,"B17001E_ChildPov","Pacific Islander (Non-Hispanic)",0,0,"Livingston","Avon town","New York"
"3605103364",2019,"B17001F_ChildPov","Other (Non-Hispanic)",0,0,"Livingston","Avon town","New York"
"3605103364",2019,"B17001G_ChildPov","Two or More Races (Non-Hispanic)",100,181.619813118132,"Livingston","Avon town","New York"
"3605103364",2019,"B17001H_ChildPov","White (Non-Hispanic)",2.31444533120511,4.61405114464486,"Livingston","Avon town","New York"
"3605103364",2019,"B17001I_ChildPov","Hispanic or Latino (Any Race)",71.1111111111111,39.7147272946805,"Livingston","Avon town","New York"
"3605103364",2020,"B17001B_ChildPov","Black (Non-Hispanic)",0,0,"Livingston","Avon town","New York"
"3605103364",2020,"B17001C_ChildPov","Native American (Non-Hispanic)",0,0,"Livingston","Avon town","New York"
"3605103364",2020,"B17001D_ChildPov","Asian (Non-Hispanic)",0,0,"Livingston","Avon town","New York"
"3605103364",2020,"B17001E_ChildPov","Pacific Islander (Non-Hispanic)",0,0,"Livingston","Avon town","New York"
"3605103364",2020,"B17001F_ChildPov","Other (Non-Hispanic)",0,0,"Livingston","Avon town","New York"
"3605103364",2020,"B17001G_ChildPov","Two or More Races (Non-Hispanic)",0,113.249475879504,"Livingston","Avon town","New York"
"3605103364",2020,"B17001H_ChildPov","White (Non-Hispanic)",3.84615384615385,5.38899836968996,"Livingston","Avon town","New York"
"3605103364",2020,"B17001I_ChildPov","Hispanic or Latino (Any Race)",83.3333333333333,191.419299914167,"Livingston","Avon town","New York"
"3605103364",2021,"B17001B_ChildPov","Black (Non-Hispanic)",0,0,"Livingston","Avon town","New York"
"3605103364",2021,"B17001C_ChildPov","Native American (Non-Hispanic)",0,0,"Livingston","Avon town","New York"
"3605103364",2021,"B17001D_ChildPov","Asian (Non-Hispanic)",0,0,"Livingston","Avon town","New York"
"3605103364",2021,"B17001E_ChildPov","Pacific Islander (Non-Hispanic)",0,0,"Livingston","Avon town","New York"
"3605103364",2021,"B17001F_ChildPov","Other (Non-Hispanic)",0,0,"Livingston","Avon town","New York"
"3605103364",2021,"B17001G_ChildPov","Two or More Races (Non-Hispanic)",0,72.50445240986,"Livingston","Avon town","New York"
"3605103364",2021,"B17001H_ChildPov","White (Non-Hispanic)",1.44230769230769,4.8189063580202,"Livingston","Avon town","New York"
"3605103364",2021,"B17001I_ChildPov","Hispanic or Latino (Any Race)",70.1492537313433,38.0783602360958,"Livingston","Avon town","New York"
"3605103364",2022,"B17001B_ChildPov","Black (Non-Hispanic)",0,0,"Livingston","Avon town","New York"
"3605103364",2022,"B17001C_ChildPov","Native American (Non-Hispanic)",0,0,"Livingston","Avon town","New York"
"3605103364",2022,"B17001D_ChildPov","Asian (Non-Hispanic)",0,0,"Livingston","Avon town","New York"
"3605103364",2022,"B17001E_ChildPov","Pacific Islander (Non-Hispanic)",0,0,"Livingston","Avon town","New York"
"3605103364",2022,"B17001F_ChildPov","Other (Non-Hispanic)",0,0,"Livingston","Avon town","New York"
"3605103364",2022,"B17001G_ChildPov","Two or More Races (Non-Hispanic)",0,63.2864718150167,"Livingston","Avon town","New York"
"3605103364",2022,"B17001H_ChildPov","White (Non-Hispanic)",3.34148329258354,5.26610419357936,"Livingston","Avon town","New York"
"3605103364",2022,"B17001I_ChildPov","Hispanic or Latino (Any Race)",60.5633802816901,59.9802579293534,"Livingston","Avon town","New York"
"3605103364",2023,"B17001B_ChildPov","Black (Non-Hispanic)",0,0,"Livingston","Avon town","New York"
"3605103364",2023,"B17001C_ChildPov","Native American (Non-Hispanic)",0,0,"Livingston","Avon town","New York"
"3605103364",2023,"B17001D_ChildPov","Asian (Non-Hispanic)",0,0,"Livingston","Avon town","New York"
"3605103364",2023,"B17001E_ChildPov","Pacific Islander (Non-Hispanic)",0,0,"Livingston","Avon town","New York"
"3605103364",2023,"B17001F_ChildPov","Other (Non-Hispanic)",0,0,"Livingston","Avon town","New York"
"3605103364",2023,"B17001G_ChildPov","Two or More Races (Non-Hispanic)",0,58.2459563607233,"Livingston","Avon town","New York"
"3605103364",2023,"B17001H_ChildPov","White (Non-Hispanic)",3.16239316239316,5.46112156835639,"Livingston","Avon town","New York"
"3605103364",2023,"B17001I_ChildPov","Hispanic or Latino (Any Race)",0,140.038150399186,"Livingston","Avon town","New York"
"3605103364",2024,"B17001B_ChildPov","Black (Non-Hispanic)",0,156.709358780041,"Livingston","Avon town","New York"
"3605103364",2024,"B17001C_ChildPov","Native American (Non-Hispanic)",0,0,"Livingston","Avon town","New York"
"3605103364",2024,"B17001D_ChildPov","Asian (Non-Hispanic)",0,0,"Livingston","Avon town","New York"
"3605103364",2024,"B17001E_ChildPov","Pacific Islander (Non-Hispanic)",0,0,"Livingston","Avon town","New York"
"3605103364",2024,"B17001F_ChildPov","Other (Non-Hispanic)",0,0,"Livingston","Avon town","New York"
"3605103364",2024,"B17001G_ChildPov","Two or More Races (Non-Hispanic)",0,81.256704552614,"Livingston","Avon town","New York"
"3605103364",2024,"B17001H_ChildPov","White (Non-Hispanic)",3.31632653061224,5.53119593222302,"Livingston","Avon town","New York"
"3605103364",2024,"B17001I_ChildPov","Hispanic or Latino (Any Race)",0,243.770113657842,"Livingston","Avon town","New York"
"3605111715",2017,"B17001B_ChildPov","Black (Non-Hispanic)",100,6438.9440128021,"Livingston","Caledonia town","New York"
"3605111715",2017,"B17001C_ChildPov","Native American (Non-Hispanic)",0,0,"Livingston","Caledonia town","New York"
"3605111715",2017,"B17001D_ChildPov","Asian (Non-Hispanic)",0,76.2102355330306,"Livingston","Caledonia town","New York"
"3605111715",2017,"B17001E_ChildPov","Pacific Islander (Non-Hispanic)",0,0,"Livingston","Caledonia town","New York"
"3605111715",2017,"B17001F_ChildPov","Other (Non-Hispanic)",0,635.085296108588,"Livingston","Caledonia town","New York"
"3605111715",2017,"B17001G_ChildPov","Two or More Races (Non-Hispanic)",0,423.390197405726,"Livingston","Caledonia town","New York"
"3605111715",2017,"B17001H_ChildPov","White (Non-Hispanic)",3.20945945945946,5.84397210066746,"Livingston","Caledonia town","New York"
"3605111715",2017,"B17001I_ChildPov","Hispanic or Latino (Any Race)",0,200.553251402712,"Livingston","Caledonia town","New York"
"3605111715",2018,"B17001B_ChildPov","Black (Non-Hispanic)",100,2344.26012966897,"Livingston","Caledonia town","New York"
"3605111715",2018,"B17001C_ChildPov","Native American (Non-Hispanic)",0,0,"Livingston","Caledonia town","New York"
"3605111715",2018,"B17001D_ChildPov","Asian (Non-Hispanic)",0,92.3760430703401,"Livingston","Caledonia town","New York"
"3605111715",2018,"B17001E_ChildPov","Pacific Islander (Non-Hispanic)",0,0,"Livingston","Caledonia town","New York"
"3605111715",2018,"B17001F_ChildPov","Other (Non-Hispanic)",0,692.820323027551,"Livingston","Caledonia town","New York"
"3605111715",2018,"B17001G_ChildPov","Two or More Races (Non-Hispanic)",0,230.94010767585,"Livingston","Caledonia town","New York"
"3605111715",2018,"B17001H_ChildPov","White (Non-Hispanic)",7.69230769230769,7.77880364014391,"Livingston","Caledonia town","New York"
"3605111715",2018,"B17001I_ChildPov","Hispanic or Latino (Any Race)",0,134.094256069849,"Livingston","Caledonia town","New York"
"3605111715",2019,"B17001B_ChildPov","Black (Non-Hispanic)",0,0,"Livingston","Caledonia town","New York"
"3605111715",2019,"B17001C_ChildPov","Native American (Non-Hispanic)",0,0,"Livingston","Caledonia town","New York"
"3605111715",2019,"B17001D_ChildPov","Asian (Non-Hispanic)",0,106.587742004239,"Livingston","Caledonia town","New York"
"3605111715",2019,"B17001E_ChildPov","Pacific Islander (Non-Hispanic)",0,0,"Livingston","Caledonia town","New York"
"3605111715",2019,"B17001F_ChildPov","Other (Non-Hispanic)",0,831.384387633061,"Livingston","Caledonia town","New York"
"3605111715",2019,"B17001G_ChildPov","Two or More Races (Non-Hispanic)",0,118.769198233294,"Livingston","Caledonia town","New York"
"3605111715",2019,"B17001H_ChildPov","White (Non-Hispanic)",9.39907550077042,7.39517261572762,"Livingston","Caledonia town","New York"
"3605111715",2019,"B17001I_ChildPov","Hispanic or Latino (Any Race)",0,118.769198233294,"Livingston","Caledonia town","New York"
"3605111715",2020,"B17001B_ChildPov","Black (Non-Hispanic)",0,0,"Livingston","Caledonia town","New York"
"3605111715",2020,"B17001C_ChildPov","Native American (Non-Hispanic)",0,0,"Livingston","Caledonia town","New York"
"3605111715",2020,"B17001D_ChildPov","Asian (Non-Hispanic)",0,148.461497791618,"Livingston","Caledonia town","New York"
"3605111715",2020,"B17001E_ChildPov","Pacific Islander (Non-Hispanic)",0,0,"Livingston","Caledonia town","New York"
"3605111715",2020,"B17001F_ChildPov","Other (Non-Hispanic)",0,1385.6406460551,"Livingston","Caledonia town","New York"
"3605111715",2020,"B17001G_ChildPov","Two or More Races (Non-Hispanic)",0,57.7350269189626,"Livingston","Caledonia town","New York"
"3605111715",2020,"B17001H_ChildPov","White (Non-Hispanic)",8.48585690515807,7.87895127226922,"Livingston","Caledonia town","New York"
"3605111715",2020,"B17001I_ChildPov","Hispanic or Latino (Any Race)",0,180.73573644197,"Livingston","Caledonia town","New York"
"3605111715",2021,"B17001B_ChildPov","Black (Non-Hispanic)",0,0,"Livingston","Caledonia town","New York"
"3605111715",2021,"B17001C_ChildPov","Native American (Non-Hispanic)",0,0,"Livingston","Caledonia town","New York"
"3605111715",2021,"B17001D_ChildPov","Asian (Non-Hispanic)",0,450.333209967908,"Livingston","Caledonia town","New York"
"3605111715",2021,"B17001E_ChildPov","Pacific Islander (Non-Hispanic)",0,0,"Livingston","Caledonia town","New York"
"3605111715",2021,"B17001F_ChildPov","Other (Non-Hispanic)",0,1501.11069989303,"Livingston","Caledonia town","New York"
"3605111715",2021,"B17001G_ChildPov","Two or More Races (Non-Hispanic)",0,60.0444279957211,"Livingston","Caledonia town","New York"
"3605111715",2021,"B17001H_ChildPov","White (Non-Hispanic)",11.6197183098592,8.84495070664157,"Livingston","Caledonia town","New York"
"3605111715",2021,"B17001I_ChildPov","Hispanic or Latino (Any Race)",0,160.833289274253,"Livingston","Caledonia town","New York"
"3605111715",2022,"B17001B_ChildPov","Black (Non-Hispanic)",0,166.790077765892,"Livingston","Caledonia town","New York"
"3605111715",2022,"B17001C_ChildPov","Native American (Non-Hispanic)",0,0,"Livingston","Caledonia town","New York"
"3605111715",2022,"B17001D_ChildPov","Asian (Non-Hispanic)",0,562.916512459885,"Livingston","Caledonia town","New York"
"3605111715",2022,"B17001E_ChildPov","Pacific Islander (Non-Hispanic)",0,0,"Livingston","Caledonia town","New York"
"3605111715",2022,"B17001F_ChildPov","Other (Non-Hispanic)",0,0,"Livingston","Caledonia town","New York"
"3605111715",2022,"B17001G_ChildPov","Two or More Races (Non-Hispanic)",0,49.4871659305393,"Livingston","Caledonia town","New York"
"3605111715",2022,"B17001H_ChildPov","White (Non-Hispanic)",12,8.9424862589491,"Livingston","Caledonia town","New York"
"3605111715",2022,"B17001I_ChildPov","Hispanic or Latino (Any Race)",0,102.348456810888,"Livingston","Caledonia town","New York"
"3605111715",2023,"B17001B_ChildPov","Black (Non-Hispanic)",0,102.348456810888,"Livingston","Caledonia town","New York"
"3605111715",2023,"B17001C_ChildPov","Native American (Non-Hispanic)",0,0,"Livingston","Caledonia town","New York"
"3605111715",2023,"B17001D_ChildPov","Asian (Non-Hispanic)",0,321.666578548506,"Livingston","Caledonia town","New York"
"3605111715",2023,"B17001E_ChildPov","Pacific Islander (Non-Hispanic)",0,0,"Livingston","Caledonia town","New York"
"3605111715",2023,"B17001F_ChildPov","Other (Non-Hispanic)",0,0,"Livingston","Caledonia town","New York"
"3605111715",2023,"B17001G_ChildPov","Two or More Races (Non-Hispanic)",0,64.3333157097012,"Livingston","Caledonia town","New York"
"3605111715",2023,"B17001H_ChildPov","White (Non-Hispanic)",5.78231292517007,6.59878238530717,"Livingston","Caledonia town","New York"
"3605111715",2023,"B17001I_ChildPov","Hispanic or Latino (Any Race)",0,60.8558391848524,"Livingston","Caledonia town","New York"
"3605111715",2024,"B17001B_ChildPov","Black (Non-Hispanic)",0,98.9743318610787,"Livingston","Caledonia town","New York"
"3605111715",2024,"B17001C_ChildPov","Native American (Non-Hispanic)",0,0,"Livingston","Caledonia town","New York"
"3605111715",2024,"B17001D_ChildPov","Asian (Non-Hispanic)",0,0,"Livingston","Caledonia town","New York"
"3605111715",2024,"B17001E_ChildPov","Pacific Islander (Non-Hispanic)",0,0,"Livingston","Caledonia town","New York"
"3605111715",2024,"B17001F_ChildPov","Other (Non-Hispanic)",0,0,"Livingston","Caledonia town","New York"
"3605111715",2024,"B17001G_ChildPov","Two or More Races (Non-Hispanic)",5.26315789473684,61.5432034832636,"Livingston","Caledonia town","New York"
"3605111715",2024,"B17001H_ChildPov","White (Non-Hispanic)",3.40909090909091,6.61960370465077,"Livingston","Caledonia town","New York"
"3605111715",2024,"B17001I_ChildPov","Hispanic or Latino (Any Race)",3.84615384615385,45.0142484318586,"Livingston","Caledonia town","New York"
"3605117618",2017,"B17001B_ChildPov","Black (Non-Hispanic)",0,0,"Livingston","Conesus town","New York"
"3605117618",2017,"B17001C_ChildPov","Native American (Non-Hispanic)",0,0,"Livingston","Conesus town","New York"
"3605117618",2017,"B17001D_ChildPov","Asian (Non-Hispanic)",0,0,"Livingston","Conesus town","New York"
"3605117618",2017,"B17001E_ChildPov","Pacific Islander (Non-Hispanic)",0,0,"Livingston","Conesus town","New York"
"3605117618",2017,"B17001F_ChildPov","Other (Non-Hispanic)",0,0,"Livingston","Conesus town","New York"
"3605117618",2017,"B17001G_ChildPov","Two or More Races (Non-Hispanic)",100,515.901004218684,"Livingston","Conesus town","New York"
"3605117618",2017,"B17001H_ChildPov","White (Non-Hispanic)",10.3932584269663,9.48856866484565,"Livingston","Conesus town","New York"
"3605117618",2017,"B17001I_ChildPov","Hispanic or Latino (Any Race)",0,346.410161513775,"Livingston","Conesus town","New York"
"3605117618",2018,"B17001B_ChildPov","Black (Non-Hispanic)",0,0,"Livingston","Conesus town","New York"
"3605117618",2018,"B17001C_ChildPov","Native American (Non-Hispanic)",0,0,"Livingston","Conesus town","New York"
"3605117618",2018,"B17001D_ChildPov","Asian (Non-Hispanic)",0,0,"Livingston","Conesus town","New York"
"3605117618",2018,"B17001E_ChildPov","Pacific Islander (Non-Hispanic)",0,0,"Livingston","Conesus town","New York"
"3605117618",2018,"B17001F_ChildPov","Other (Non-Hispanic)",0,0,"Livingston","Conesus town","New York"
"3605117618",2018,"B17001G_ChildPov","Two or More Races (Non-Hispanic)",100,511.998883927355,"Livingston","Conesus town","New York"
"3605117618",2018,"B17001H_ChildPov","White (Non-Hispanic)",10.1796407185629,11.3219239731272,"Livingston","Conesus town","New York"
"3605117618",2018,"B17001I_ChildPov","Hispanic or Latino (Any Race)",0,415.692193816531,"Livingston","Conesus town","New York"
"3605117618",2019,"B17001B_ChildPov","Black (Non-Hispanic)",0,0,"Livingston","Conesus town","New York"
"3605117618",2019,"B17001C_ChildPov","Native American (Non-Hispanic)",0,0,"Livingston","Conesus town","New York"
"3605117618",2019,"B17001D_ChildPov","Asian (Non-Hispanic)",0,0,"Livingston","Conesus town","New York"
"3605117618",2019,"B17001E_ChildPov","Pacific Islander (Non-Hispanic)",0,0,"Livingston","Conesus town","New York"
"3605117618",2019,"B17001F_ChildPov","Other (Non-Hispanic)",0,0,"Livingston","Conesus town","New York"
"3605117618",2019,"B17001G_ChildPov","Two or More Races (Non-Hispanic)",100,553.846153846154,"Livingston","Conesus town","New York"
"3605117618",2019,"B17001H_ChildPov","White (Non-Hispanic)",13.3079847908745,14.8018090897594,"Livingston","Conesus town","New York"
"3605117618",2019,"B17001I_ChildPov","Hispanic or Latino (Any Race)",0,346.410161513776,"Livingston","Conesus town","New York"
"3605117618",2020,"B17001B_ChildPov","Black (Non-Hispanic)",0,0,"Livingston","Conesus town","New York"
"3605117618",2020,"B17001C_ChildPov","Native American (Non-Hispanic)",0,0,"Livingston","Conesus town","New York"
"3605117618",2020,"B17001D_ChildPov","Asian (Non-Hispanic)",0,0,"Livingston","Conesus town","New York"
"3605117618",2020,"B17001E_ChildPov","Pacific Islander (Non-Hispanic)",0,0,"Livingston","Conesus town","New York"
"3605117618",2020,"B17001F_ChildPov","Other (Non-Hispanic)",0,0,"Livingston","Conesus town","New York"
"3605117618",2020,"B17001G_ChildPov","Two or More Races (Non-Hispanic)",0,0,"Livingston","Conesus town","New York"
"3605117618",2020,"B17001H_ChildPov","White (Non-Hispanic)",10.7981220657277,17.3658344110789,"Livingston","Conesus town","New York"
"3605117618",2020,"B17001I_ChildPov","Hispanic or Latino (Any Race)",0,0,"Livingston","Conesus town","New York"
"3605117618",2021,"B17001B_ChildPov","Black (Non-Hispanic)",0,0,"Livingston","Conesus town","New York"
"3605117618",2021,"B17001C_ChildPov","Native American (Non-Hispanic)",0,0,"Livingston","Conesus town","New York"
"3605117618",2021,"B17001D_ChildPov","Asian (Non-Hispanic)",0,0,"Livingston","Conesus town","New York"
"3605117618",2021,"B17001E_ChildPov","Pacific Islander (Non-Hispanic)",0,0,"Livingston","Conesus town","New York"
"3605117618",2021,"B17001F_ChildPov","Other (Non-Hispanic)",0,0,"Livingston","Conesus town","New York"
"3605117618",2021,"B17001G_ChildPov","Two or More Races (Non-Hispanic)",0,0,"Livingston","Conesus town","New York"
"3605117618",2021,"B17001H_ChildPov","White (Non-Hispanic)",10.2702702702703,21.9418602012647,"Livingston","Conesus town","New York"
"3605117618",2021,"B17001I_ChildPov","Hispanic or Latino (Any Race)",0,0,"Livingston","Conesus town","New York"
"3605117618",2022,"B17001B_ChildPov","Black (Non-Hispanic)",0,0,"Livingston","Conesus town","New York"
"3605117618",2022,"B17001C_ChildPov","Native American (Non-Hispanic)",0,0,"Livingston","Conesus town","New York"
"3605117618",2022,"B17001D_ChildPov","Asian (Non-Hispanic)",0,0,"Livingston","Conesus town","New York"
"3605117618",2022,"B17001E_ChildPov","Pacific Islander (Non-Hispanic)",0,0,"Livingston","Conesus town","New York"
"3605117618",2022,"B17001F_ChildPov","Other (Non-Hispanic)",0,0,"Livingston","Conesus town","New York"
"3605117618",2022,"B17001G_ChildPov","Two or More Races (Non-Hispanic)",0,346.410161513775,"Livingston","Conesus town","New York"
"3605117618",2022,"B17001H_ChildPov","White (Non-Hispanic)",4.375,28.0698414738347,"Livingston","Conesus town","New York"
"3605117618",2022,"B17001I_ChildPov","Hispanic or Latino (Any Race)",0,0,"Livingston","Conesus town","New York"
"3605117618",2023,"B17001B_ChildPov","Black (Non-Hispanic)",0,0,"Livingston","Conesus town","New York"
"3605117618",2023,"B17001C_ChildPov","Native American (Non-Hispanic)",0,0,"Livingston","Conesus town","New York"
"3605117618",2023,"B17001D_ChildPov","Asian (Non-Hispanic)",0,0,"Livingston","Conesus town","New York"
"3605117618",2023,"B17001E_ChildPov","Pacific Islander (Non-Hispanic)",0,0,"Livingston","Conesus town","New York"
"3605117618",2023,"B17001F_ChildPov","Other (Non-Hispanic)",0,0,"Livingston","Conesus town","New York"
"3605117618",2023,"B17001G_ChildPov","Two or More Races (Non-Hispanic)",0,375.277674973257,"Livingston","Conesus town","New York"
"3605117618",2023,"B17001H_ChildPov","White (Non-Hispanic)",2.5974025974026,19.0431447507907,"Livingston","Conesus town","New York"
"3605117618",2023,"B17001I_ChildPov","Hispanic or Latino (Any Race)",100,726.931738243775,"Livingston","Conesus town","New York"
"3605117618",2024,"B17001B_ChildPov","Black (Non-Hispanic)",0,0,"Livingston","Conesus town","New York"
"3605117618",2024,"B17001C_ChildPov","Native American (Non-Hispanic)",0,0,"Livingston","Conesus town","New York"
"3605117618",2024,"B17001D_ChildPov","Asian (Non-Hispanic)",0,0,"Livingston","Conesus town","New York"
"3605117618",2024,"B17001E_ChildPov","Pacific Islander (Non-Hispanic)",0,0,"Livingston","Conesus town","New York"
"3605117618",2024,"B17001F_ChildPov","Other (Non-Hispanic)",0,0,"Livingston","Conesus town","New York"
"3605117618",2024,"B17001G_ChildPov","Two or More Races (Non-Hispanic)",0,323.31615074619,"Livingston","Conesus town","New York"
"3605117618",2024,"B17001H_ChildPov","White (Non-Hispanic)",0,18.4400846433188,"Livingston","Conesus town","New York"
"3605117618",2024,"B17001I_ChildPov","Hispanic or Latino (Any Race)",100,627.67793639472,"Livingston","Conesus town","New York"
"3605128629",2017,"B17001B_ChildPov","Black (Non-Hispanic)",100,284.45122604763,"Livingston","Geneseo town","New York"
"3605128629",2017,"B17001C_ChildPov","Native American (Non-Hispanic)",0,0,"Livingston","Geneseo town","New York"
"3605128629",2017,"B17001D_ChildPov","Asian (Non-Hispanic)",0,346.410161513776,"Livingston","Geneseo town","New York"
"3605128629",2017,"B17001E_ChildPov","Pacific Islander (Non-Hispanic)",0,0,"Livingston","Geneseo town","New York"
"3605128629",2017,"B17001F_ChildPov","Other (Non-Hispanic)",0,0,"Livingston","Geneseo town","New York"
"3605128629",2017,"B17001G_ChildPov","Two or More Races (Non-Hispanic)",54,65.4005504563991,"Livingston","Geneseo town","New York"
"3605128629",2017,"B17001H_ChildPov","White (Non-Hispanic)",11.4616193480547,6.46887857863792,"Livingston","Geneseo town","New York"
"3605128629",2017,"B17001I_ChildPov","Hispanic or Latino (Any Race)",86,182.160645585154,"Livingston","Geneseo town","New York"
"3605128629",2018,"B17001B_ChildPov","Black (Non-Hispanic)",80.5555555555556,266.768311157366,"Livingston","Geneseo town","New York"
"3605128629",2018,"B17001C_ChildPov","Native American (Non-Hispanic)",0,0,"Livingston","Geneseo town","New York"
"3605128629",2018,"B17001D_ChildPov","Asian (Non-Hispanic)",0,411.362066797608,"Livingston","Geneseo town","New York"
"3605128629",2018,"B17001E_ChildPov","Pacific Islander (Non-Hispanic)",0,0,"Livingston","Geneseo town","New York"
"3605128629",2018,"B17001F_ChildPov","Other (Non-Hispanic)",0,0,"Livingston","Geneseo town","New York"
"3605128629",2018,"B17001G_ChildPov","Two or More Races (Non-Hispanic)",25,295.150914787673,"Livingston","Geneseo town","New York"
"3605128629",2018,"B17001H_ChildPov","White (Non-Hispanic)",10.5476673427992,6.44692616263538,"Livingston","Geneseo town","New York"
"3605128629",2018,"B17001I_ChildPov","Hispanic or Latino (Any Race)",45,109.639608490727,"Livingston","Geneseo town","New York"
"3605128629",2019,"B17001B_ChildPov","Black (Non-Hispanic)",75,303.863067304789,"Livingston","Geneseo town","New York"
"3605128629",2019,"B17001C_ChildPov","Native American (Non-Hispanic)",0,0,"Livingston","Geneseo town","New York"
"3605128629",2019,"B17001D_ChildPov","Asian (Non-Hispanic)",0,411.362066797608,"Livingston","Geneseo town","New York"
"3605128629",2019,"B17001E_ChildPov","Pacific Islander (Non-Hispanic)",0,0,"Livingston","Geneseo town","New York"
"3605128629",2019,"B17001F_ChildPov","Other (Non-Hispanic)",0,0,"Livingston","Geneseo town","New York"
"3605128629",2019,"B17001G_ChildPov","Two or More Races (Non-Hispanic)",33.3333333333333,266.345233335864,"Livingston","Geneseo town","New York"
"3605128629",2019,"B17001H_ChildPov","White (Non-Hispanic)",23.9845261121857,10.6160960398434,"Livingston","Geneseo town","New York"
"3605128629",2019,"B17001I_ChildPov","Hispanic or Latino (Any Race)",29.5774647887324,74.4312125485873,"Livingston","Geneseo town","New York"
"3605128629",2020,"B17001B_ChildPov","Black (Non-Hispanic)",88.7096774193548,212.043809922245,"Livingston","Geneseo town","New York"
"3605128629",2020,"B17001C_ChildPov","Native American (Non-Hispanic)",0,0,"Livingston","Geneseo town","New York"
"3605128629",2020,"B17001D_ChildPov","Asian (Non-Hispanic)",0,253.145887260067,"Livingston","Geneseo town","New York"
"3605128629",2020,"B17001E_ChildPov","Pacific Islander (Non-Hispanic)",0,0,"Livingston","Geneseo town","New York"
"3605128629",2020,"B17001F_ChildPov","Other (Non-Hispanic)",0,0,"Livingston","Geneseo town","New York"
"3605128629",2020,"B17001G_ChildPov","Two or More Races (Non-Hispanic)",29.3103448275862,103.941096029962,"Livingston","Geneseo town","New York"
"3605128629",2020,"B17001H_ChildPov","White (Non-Hispanic)",32.0652173913043,12.3672693765372,"Livingston","Geneseo town","New York"
"3605128629",2020,"B17001I_ChildPov","Hispanic or Latino (Any Race)",42.4778761061947,49.1050650286756,"Livingston","Geneseo town","New York"
"3605128629",2021,"B17001B_ChildPov","Black (Non-Hispanic)",0,769.800358919501,"Livingston","Geneseo town","New York"
"3605128629",2021,"B17001C_ChildPov","Native American (Non-Hispanic)",0,0,"Livingston","Geneseo town","New York"
"3605128629",2021,"B17001D_ChildPov","Asian (Non-Hispanic)",0,0,"Livingston","Geneseo town","New York"
"3605128629",2021,"B17001E_ChildPov","Pacific Islander (Non-Hispanic)",0,0,"Livingston","Geneseo town","New York"
"3605128629",2021,"B17001F_ChildPov","Other (Non-Hispanic)",0,0,"Livingston","Geneseo town","New York"
"3605128629",2021,"B17001G_ChildPov","Two or More Races (Non-Hispanic)",9.09090909090909,120.312754106239,"Livingston","Geneseo town","New York"
"3605128629",2021,"B17001H_ChildPov","White (Non-Hispanic)",24.9053747161241,10.7348384327534,"Livingston","Geneseo town","New York"
"3605128629",2021,"B17001I_ChildPov","Hispanic or Latino (Any Race)",0,192.450089729875,"Livingston","Geneseo town","New York"
"3605128629",2022,"B17001B_ChildPov","Black (Non-Hispanic)",0,1818.65334794732,"Livingston","Geneseo town","New York"
"3605128629",2022,"B17001C_ChildPov","Native American (Non-Hispanic)",0,0,"Livingston","Geneseo town","New York"
"3605128629",2022,"B17001D_ChildPov","Asian (Non-Hispanic)",0,0,"Livingston","Geneseo town","New York"
"3605128629",2022,"B17001E_ChildPov","Pacific Islander (Non-Hispanic)",0,0,"Livingston","Geneseo town","New York"
"3605128629",2022,"B17001F_ChildPov","Other (Non-Hispanic)",0,0,"Livingston","Geneseo town","New York"
"3605128629",2022,"B17001G_ChildPov","Two or More Races (Non-Hispanic)",4.3010752688172,74.9791014267222,"Livingston","Geneseo town","New York"
"3605128629",2022,"B17001H_ChildPov","White (Non-Hispanic)",26.3307984790875,12.2970937062153,"Livingston","Geneseo town","New York"
"3605128629",2022,"B17001I_ChildPov","Hispanic or Latino (Any Race)",0,95.7185972603853,"Livingston","Geneseo town","New York"
"3605128629",2023,"B17001B_ChildPov","Black (Non-Hispanic)",0,0,"Livingston","Geneseo town","New York"
"3605128629",2023,"B17001C_ChildPov","Native American (Non-Hispanic)",0,250.848737647906,"Livingston","Geneseo town","New York"
"3605128629",2023,"B17001D_ChildPov","Asian (Non-Hispanic)",0,0,"Livingston","Geneseo town","New York"
"3605128629",2023,"B17001E_ChildPov","Pacific Islander (Non-Hispanic)",0,0,"Livingston","Geneseo town","New York"
"3605128629",2023,"B17001F_ChildPov","Other (Non-Hispanic)",0,0,"Livingston","Geneseo town","New York"
"3605128629",2023,"B17001G_ChildPov","Two or More Races (Non-Hispanic)",13,71.3133213361992,"Livingston","Geneseo town","New York"
"3605128629",2023,"B17001H_ChildPov","White (Non-Hispanic)",26.9911504424779,12.9455374360798,"Livingston","Geneseo town","New York"
"3605128629",2023,"B17001I_ChildPov","Hispanic or Latino (Any Race)",0,63.8123981735902,"Livingston","Geneseo town","New York"
"3605128629",2024,"B17001B_ChildPov","Black (Non-Hispanic)",0,559.585645522253,"Livingston","Geneseo town","New York"
"3605128629",2024,"B17001C_ChildPov","Native American (Non-Hispanic)",0,454.66333698683,"Livingston","Geneseo town","New York"
"3605128629",2024,"B17001D_ChildPov","Asian (Non-Hispanic)",0,0,"Livingston","Geneseo town","New York"
"3605128629",2024,"B17001E_ChildPov","Pacific Islander (Non-Hispanic)",0,0,"Livingston","Geneseo town","New York"
"3605128629",2024,"B17001F_ChildPov","Other (Non-Hispanic)",0,0,"Livingston","Geneseo town","New York"
"3605128629",2024,"B17001G_ChildPov","Two or More Races (Non-Hispanic)",4.3956043956044,38.7996506012927,"Livingston","Geneseo town","New York"
"3605128629",2024,"B17001H_ChildPov","White (Non-Hispanic)",13.7791286727457,13.1250857314553,"Livingston","Geneseo town","New York"
"3605128629",2024,"B17001I_ChildPov","Hispanic or Latino (Any Race)",0,59.6279786212236,"Livingston","Geneseo town","New York"
"3605131016",2017,"B17001B_ChildPov","Black (Non-Hispanic)",0,0,"Livingston","Groveland town","New York"
"3605131016",2017,"B17001C_ChildPov","Native American (Non-Hispanic)",0,0,"Livingston","Groveland town","New York"
"3605131016",2017,"B17001D_ChildPov","Asian (Non-Hispanic)",0,0,"Livingston","Groveland town","New York"
"3605131016",2017,"B17001E_ChildPov","Pacific Islander (Non-Hispanic)",0,0,"Livingston","Groveland town","New York"
"3605131016",2017,"B17001F_ChildPov","Other (Non-Hispanic)",0,423.390197405726,"Livingston","Groveland town","New York"
"3605131016",2017,"B17001G_ChildPov","Two or More Races (Non-Hispanic)",100,403.306645122542,"Livingston","Groveland town","New York"
"3605131016",2017,"B17001H_ChildPov","White (Non-Hispanic)",6.00858369098712,15.4876940736898,"Livingston","Groveland town","New York"
"3605131016",2017,"B17001I_ChildPov","Hispanic or Latino (Any Race)",0,92.9393116256471,"Livingston","Groveland town","New York"
"3605131016",2018,"B17001B_ChildPov","Black (Non-Hispanic)",0,0,"Livingston","Groveland town","New York"
"3605131016",2018,"B17001C_ChildPov","Native American (Non-Hispanic)",0,0,"Livingston","Groveland town","New York"
"3605131016",2018,"B17001D_ChildPov","Asian (Non-Hispanic)",0,0,"Livingston","Groveland town","New York"
"3605131016",2018,"B17001E_ChildPov","Pacific Islander (Non-Hispanic)",0,0,"Livingston","Groveland town","New York"
"3605131016",2018,"B17001F_ChildPov","Other (Non-Hispanic)",0,461.880215351701,"Livingston","Groveland town","New York"
"3605131016",2018,"B17001G_ChildPov","Two or More Races (Non-Hispanic)",100,952.119011597236,"Livingston","Groveland town","New York"
"3605131016",2018,"B17001H_ChildPov","White (Non-Hispanic)",2.98507462686567,19.1238241997472,"Livingston","Groveland town","New York"
"3605131016",2018,"B17001I_ChildPov","Hispanic or Latino (Any Race)",0,98.9743318610787,"Livingston","Groveland town","New York"
"3605131016",2019,"B17001B_ChildPov","Black (Non-Hispanic)",0,0,"Livingston","Groveland town","New York"
"3605131016",2019,"B17001C_ChildPov","Native American (Non-Hispanic)",0,0,"Livingston","Groveland town","New York"
"3605131016",2019,"B17001D_ChildPov","Asian (Non-Hispanic)",0,0,"Livingston","Groveland town","New York"
"3605131016",2019,"B17001E_ChildPov","Pacific Islander (Non-Hispanic)",0,0,"Livingston","Groveland town","New York"
"3605131016",2019,"B17001F_ChildPov","Other (Non-Hispanic)",0,1039.23048454133,"Livingston","Groveland town","New York"
"3605131016",2019,"B17001G_ChildPov","Two or More Races (Non-Hispanic)",0,1385.6406460551,"Livingston","Groveland town","New York"
"3605131016",2019,"B17001H_ChildPov","White (Non-Hispanic)",0,19.9852016257947,"Livingston","Groveland town","New York"
"3605131016",2019,"B17001I_ChildPov","Hispanic or Latino (Any Race)",4.08163265306122,81.2878612145933,"Livingston","Groveland town","New York"
"3605131016",2020,"B17001B_ChildPov","Black (Non-Hispanic)",0,0,"Livingston","Groveland town","New York"
"3605131016",2020,"B17001C_ChildPov","Native American (Non-Hispanic)",0,0,"Livingston","Groveland town","New York"
"3605131016",2020,"B17001D_ChildPov","Asian (Non-Hispanic)",0,0,"Livingston","Groveland town","New York"
"3605131016",2020,"B17001E_ChildPov","Pacific Islander (Non-Hispanic)",0,0,"Livingston","Groveland town","New York"
"3605131016",2020,"B17001F_ChildPov","Other (Non-Hispanic)",0,0,"Livingston","Groveland town","New York"
"3605131016",2020,"B17001G_ChildPov","Two or More Races (Non-Hispanic)",0,346.410161513776,"Livingston","Groveland town","New York"
"3605131016",2020,"B17001H_ChildPov","White (Non-Hispanic)",30.4182509505703,26.3325397657921,"Livingston","Groveland town","New York"
"3605131016",2020,"B17001I_ChildPov","Hispanic or Latino (Any Race)",11.5384615384615,151.775003748619,"Livingston","Groveland town","New York"
"3605131016",2021,"B17001B_ChildPov","Black (Non-Hispanic)",0,0,"Livingston","Groveland town","New York"
"3605131016",2021,"B17001C_ChildPov","Native American (Non-Hispanic)",0,0,"Livingston","Groveland town","New York"
"3605131016",2021,"B17001D_ChildPov","Asian (Non-Hispanic)",0,0,"Livingston","Groveland town","New York"
"3605131016",2021,"B17001E_ChildPov","Pacific Islander (Non-Hispanic)",0,0,"Livingston","Groveland town","New York"
"3605131016",2021,"B17001F_ChildPov","Other (Non-Hispanic)",0,0,"Livingston","Groveland town","New York"
"3605131016",2021,"B17001G_ChildPov","Two or More Races (Non-Hispanic)",0,155.287313782037,"Livingston","Groveland town","New York"
"3605131016",2021,"B17001H_ChildPov","White (Non-Hispanic)",33.210332103321,28.9285395453963,"Livingston","Groveland town","New York"
"3605131016",2021,"B17001I_ChildPov","Hispanic or Latino (Any Race)",33.3333333333333,323.810739571325,"Livingston","Groveland town","New York"
"3605131016",2022,"B17001B_ChildPov","Black (Non-Hispanic)",0,0,"Livingston","Groveland town","New York"
"3605131016",2022,"B17001C_ChildPov","Native American (Non-Hispanic)",0,0,"Livingston","Groveland town","New York"
"3605131016",2022,"B17001D_ChildPov","Asian (Non-Hispanic)",0,0,"Livingston","Groveland town","New York"
"3605131016",2022,"B17001E_ChildPov","Pacific Islander (Non-Hispanic)",0,0,"Livingston","Groveland town","New York"
"3605131016",2022,"B17001F_ChildPov","Other (Non-Hispanic)",0,0,"Livingston","Groveland town","New York"
"3605131016",2022,"B17001G_ChildPov","Two or More Races (Non-Hispanic)",0,65.2656826040447,"Livingston","Groveland town","New York"
"3605131016",2022,"B17001H_ChildPov","White (Non-Hispanic)",40.5982905982906,32.3834318690115,"Livingston","Groveland town","New York"
"3605131016",2022,"B17001I_ChildPov","Hispanic or Latino (Any Race)",25,340.234549408362,"Livingston","Groveland town","New York"
"3605131016",2023,"B17001B_ChildPov","Black (Non-Hispanic)",0,0,"Livingston","Groveland town","New York"
"3605131016",2023,"B17001C_ChildPov","Native American (Non-Hispanic)",0,0,"Livingston","Groveland town","New York"
"3605131016",2023,"B17001D_ChildPov","Asian (Non-Hispanic)",0,0,"Livingston","Groveland town","New York"
"3605131016",2023,"B17001E_ChildPov","Pacific Islander (Non-Hispanic)",0,0,"Livingston","Groveland town","New York"
"3605131016",2023,"B17001F_ChildPov","Other (Non-Hispanic)",0,0,"Livingston","Groveland town","New York"
"3605131016",2023,"B17001G_ChildPov","Two or More Races (Non-Hispanic)",0,53.611096424751,"Livingston","Groveland town","New York"
"3605131016",2023,"B17001H_ChildPov","White (Non-Hispanic)",43.0894308943089,31.4465220737915,"Livingston","Groveland town","New York"
"3605131016",2023,"B17001I_ChildPov","Hispanic or Latino (Any Race)",33.3333333333333,323.429252668155,"Livingston","Groveland town","New York"
"3605131016",2024,"B17001B_ChildPov","Black (Non-Hispanic)",0,0,"Livingston","Groveland town","New York"
"3605131016",2024,"B17001C_ChildPov","Native American (Non-Hispanic)",0,0,"Livingston","Groveland town","New York"
"3605131016",2024,"B17001D_ChildPov","Asian (Non-Hispanic)",0,0,"Livingston","Groveland town","New York"
"3605131016",2024,"B17001E_ChildPov","Pacific Islander (Non-Hispanic)",0,0,"Livingston","Groveland town","New York"
"3605131016",2024,"B17001F_ChildPov","Other (Non-Hispanic)",0,0,"Livingston","Groveland town","New York"
"3605131016",2024,"B17001G_ChildPov","Two or More Races (Non-Hispanic)",0,40.0805145553129,"Livingston","Groveland town","New York"
"3605131016",2024,"B17001H_ChildPov","White (Non-Hispanic)",42.8571428571429,30.4008852824492,"Livingston","Groveland town","New York"
"3605131016",2024,"B17001I_ChildPov","Hispanic or Latino (Any Race)",0,269.430125621825,"Livingston","Groveland town","New York"
"3605141883",2017,"B17001B_ChildPov","Black (Non-Hispanic)",0,0,"Livingston","Leicester town","New York"
"3605141883",2017,"B17001C_ChildPov","Native American (Non-Hispanic)",0,0,"Livingston","Leicester town","New York"
"3605141883",2017,"B17001D_ChildPov","Asian (Non-Hispanic)",0,0,"Livingston","Leicester town","New York"
"3605141883",2017,"B17001E_ChildPov","Pacific Islander (Non-Hispanic)",0,0,"Livingston","Leicester town","New York"
"3605141883",2017,"B17001F_ChildPov","Other (Non-Hispanic)",0,0,"Livingston","Leicester town","New York"
"3605141883",2017,"B17001G_ChildPov","Two or More Races (Non-Hispanic)",0,200.553251402712,"Livingston","Leicester town","New York"
"3605141883",2017,"B17001H_ChildPov","White (Non-Hispanic)",6,11.9205314222041,"Livingston","Leicester town","New York"
"3605141883",2017,"B17001I_ChildPov","Hispanic or Latino (Any Race)",0,3810.51177665153,"Livingston","Leicester town","New York"
"3605141883",2018,"B17001B_ChildPov","Black (Non-Hispanic)",0,0,"Livingston","Leicester town","New York"
"3605141883",2018,"B17001C_ChildPov","Native American (Non-Hispanic)",0,0,"Livingston","Leicester town","New York"
"3605141883",2018,"B17001D_ChildPov","Asian (Non-Hispanic)",0,0,"Livingston","Leicester town","New York"
"3605141883",2018,"B17001E_ChildPov","Pacific Islander (Non-Hispanic)",0,0,"Livingston","Leicester town","New York"
"3605141883",2018,"B17001F_ChildPov","Other (Non-Hispanic)",0,0,"Livingston","Leicester town","New York"
"3605141883",2018,"B17001G_ChildPov","Two or More Races (Non-Hispanic)",0,346.410161513776,"Livingston","Leicester town","New York"
"3605141883",2018,"B17001H_ChildPov","White (Non-Hispanic)",6.52680652680653,11.1726903356221,"Livingston","Leicester town","New York"
"3605141883",2018,"B17001I_ChildPov","Hispanic or Latino (Any Race)",0,831.384387633061,"Livingston","Leicester town","New York"
"3605141883",2019,"B17001B_ChildPov","Black (Non-Hispanic)",0,0,"Livingston","Leicester town","New York"
"3605141883",2019,"B17001C_ChildPov","Native American (Non-Hispanic)",0,0,"Livingston","Leicester town","New York"
"3605141883",2019,"B17001D_ChildPov","Asian (Non-Hispanic)",0,0,"Livingston","Leicester town","New York"
"3605141883",2019,"B17001E_ChildPov","Pacific Islander (Non-Hispanic)",0,0,"Livingston","Leicester town","New York"
"3605141883",2019,"B17001F_ChildPov","Other (Non-Hispanic)",0,0,"Livingston","Leicester town","New York"
"3605141883",2019,"B17001G_ChildPov","Two or More Races (Non-Hispanic)",48.3870967741936,102.572799851324,"Livingston","Leicester town","New York"
"3605141883",2019,"B17001H_ChildPov","White (Non-Hispanic)",9.89690721649485,7.65697075589431,"Livingston","Leicester town","New York"
"3605141883",2019,"B17001I_ChildPov","Hispanic or Latino (Any Race)",0,1039.23048454133,"Livingston","Leicester town","New York"
"3605141883",2020,"B17001B_ChildPov","Black (Non-Hispanic)",0,0,"Livingston","Leicester town","New York"
"3605141883",2020,"B17001C_ChildPov","Native American (Non-Hispanic)",0,0,"Livingston","Leicester town","New York"
"3605141883",2020,"B17001D_ChildPov","Asian (Non-Hispanic)",0,0,"Livingston","Leicester town","New York"
"3605141883",2020,"B17001E_ChildPov","Pacific Islander (Non-Hispanic)",0,0,"Livingston","Leicester town","New York"
"3605141883",2020,"B17001F_ChildPov","Other (Non-Hispanic)",0,0,"Livingston","Leicester town","New York"
"3605141883",2020,"B17001G_ChildPov","Two or More Races (Non-Hispanic)",31.8181818181818,152.977277178124,"Livingston","Leicester town","New York"
"3605141883",2020,"B17001H_ChildPov","White (Non-Hispanic)",9.75056689342404,8.50405888691586,"Livingston","Leicester town","New York"
"3605141883",2020,"B17001I_ChildPov","Hispanic or Latino (Any Race)",0,1385.6406460551,"Livingston","Leicester town","New York"
"3605141883",2021,"B17001B_ChildPov","Black (Non-Hispanic)",0,0,"Livingston","Leicester town","New York"
"3605141883",2021,"B17001C_ChildPov","Native American (Non-Hispanic)",0,0,"Livingston","Leicester town","New York"
"3605141883",2021,"B17001D_ChildPov","Asian (Non-Hispanic)",0,0,"Livingston","Leicester town","New York"
"3605141883",2021,"B17001E_ChildPov","Pacific Islander (Non-Hispanic)",0,0,"Livingston","Leicester town","New York"
"3605141883",2021,"B17001F_ChildPov","Other (Non-Hispanic)",0,0,"Livingston","Leicester town","New York"
"3605141883",2021,"B17001G_ChildPov","Two or More Races (Non-Hispanic)",59.375,78.985193627527,"Livingston","Leicester town","New York"
"3605141883",2021,"B17001H_ChildPov","White (Non-Hispanic)",11.1617312072893,8.78956764820325,"Livingston","Leicester town","New York"
"3605141883",2021,"B17001I_ChildPov","Hispanic or Latino (Any Race)",0,1501.11069989303,"Livingston","Leicester town","New York"
"3605141883",2022,"B17001B_ChildPov","Black (Non-Hispanic)",0,0,"Livingston","Leicester town","New York"
"3605141883",2022,"B17001C_ChildPov","Native American (Non-Hispanic)",0,0,"Livingston","Leicester town","New York"
"3605141883",2022,"B17001D_ChildPov","Asian (Non-Hispanic)",0,0,"Livingston","Leicester town","New York"
"3605141883",2022,"B17001E_ChildPov","Pacific Islander (Non-Hispanic)",0,0,"Livingston","Leicester town","New York"
"3605141883",2022,"B17001F_ChildPov","Other (Non-Hispanic)",0,0,"Livingston","Leicester town","New York"
"3605141883",2022,"B17001G_ChildPov","Two or More Races (Non-Hispanic)",81.25,202.355721020163,"Livingston","Leicester town","New York"
"3605141883",2022,"B17001H_ChildPov","White (Non-Hispanic)",10.6235565819861,8.47702784612122,"Livingston","Leicester town","New York"
"3605141883",2022,"B17001I_ChildPov","Hispanic or Latino (Any Race)",40,347.326935321751,"Livingston","Leicester town","New York"
"3605141883",2023,"B17001B_ChildPov","Black (Non-Hispanic)",0,0,"Livingston","Leicester town","New York"
"3605141883",2023,"B17001C_ChildPov","Native American (Non-Hispanic)",0,0,"Livingston","Leicester town","New York"
"3605141883",2023,"B17001D_ChildPov","Asian (Non-Hispanic)",0,0,"Livingston","Leicester town","New York"
"3605141883",2023,"B17001E_ChildPov","Pacific Islander (Non-Hispanic)",0,0,"Livingston","Leicester town","New York"
"3605141883",2023,"B17001F_ChildPov","Other (Non-Hispanic)",0,0,"Livingston","Leicester town","New York"
"3605141883",2023,"B17001G_ChildPov","Two or More Races (Non-Hispanic)",92.1052631578947,116.958712118381,"Livingston","Leicester town","New York"
"3605141883",2023,"B17001H_ChildPov","White (Non-Hispanic)",12.3493975903614,11.5437629988787,"Livingston","Leicester town","New York"
"3605141883",2023,"B17001I_ChildPov","Hispanic or Latino (Any Race)",58.8235294117647,142.977771585609,"Livingston","Leicester town","New York"
"3605141883",2024,"B17001B_ChildPov","Black (Non-Hispanic)",0,0,"Livingston","Leicester town","New York"
"3605141883",2024,"B17001C_ChildPov","Native American (Non-Hispanic)",0,0,"Livingston","Leicester town","New York"
"3605141883",2024,"B17001D_ChildPov","Asian (Non-Hispanic)",0,0,"Livingston","Leicester town","New York"
"3605141883",2024,"B17001E_ChildPov","Pacific Islander (Non-Hispanic)",0,0,"Livingston","Leicester town","New York"
"3605141883",2024,"B17001F_ChildPov","Other (Non-Hispanic)",0,0,"Livingston","Leicester town","New York"
"3605141883",2024,"B17001G_ChildPov","Two or More Races (Non-Hispanic)",57.1428571428571,206.720188060101,"Livingston","Leicester town","New York"
"3605141883",2024,"B17001H_ChildPov","White (Non-Hispanic)",0.40650406504065,18.8919372577297,"Livingston","Leicester town","New York"
"3605141883",2024,"B17001I_ChildPov","Hispanic or Latino (Any Race)",53.3333333333333,197.285780056105,"Livingston","Leicester town","New York"
"3605142334",2017,"B17001B_ChildPov","Black (Non-Hispanic)",0,272.179412617966,"Livingston","Lima town","New York"
"3605142334",2017,"B17001C_ChildPov","Native American (Non-Hispanic)",0,0,"Livingston","Lima town","New York"
"3605142334",2017,"B17001D_ChildPov","Asian (Non-Hispanic)",0,224.147751567737,"Livingston","Lima town","New York"
"3605142334",2017,"B17001E_ChildPov","Pacific Islander (Non-Hispanic)",0,0,"Livingston","Lima town","New York"
"3605142334",2017,"B17001F_ChildPov","Other (Non-Hispanic)",0,86.6025403784439,"Livingston","Lima town","New York"
"3605142334",2017,"B17001G_ChildPov","Two or More Races (Non-Hispanic)",0,173.205080756888,"Livingston","Lima town","New York"
"3605142334",2017,"B17001H_ChildPov","White (Non-Hispanic)",16.5969316596932,7.47006613079952,"Livingston","Lima town","New York"
"3605142334",2017,"B17001I_ChildPov","Hispanic or Latino (Any Race)",8,73.4424400466107,"Livingston","Lima town","New York"
"3605142334",2018,"B17001B_ChildPov","Black (Non-Hispanic)",37.5,429.872119429139,"Livingston","Lima town","New York"
"3605142334",2018,"B17001C_ChildPov","Native American (Non-Hispanic)",0,0,"Livingston","Lima town","New York"
"3605142334",2018,"B17001D_ChildPov","Asian (Non-Hispanic)",0,207.846096908265,"Livingston","Lima town","New York"
"3605142334",2018,"B17001E_ChildPov","Pacific Islander (Non-Hispanic)",0,0,"Livingston","Lima town","New York"
"3605142334",2018,"B17001F_ChildPov","Other (Non-Hispanic)",0,103.923048454133,"Livingston","Lima town","New York"
"3605142334",2018,"B17001G_ChildPov","Two or More Races (Non-Hispanic)",33.3333333333333,393.621990753741,"Livingston","Lima town","New York"
"3605142334",2018,"B17001H_ChildPov","White (Non-Hispanic)",11.7994100294985,7.56159197977614,"Livingston","Lima town","New York"
"3605142334",2018,"B17001I_ChildPov","Hispanic or Latino (Any Race)",12.5,79.0342059330343,"Livingston","Lima town","New York"
"3605142334",2019,"B17001B_ChildPov","Black (Non-Hispanic)",27.2727272727273,336.817165361739,"Livingston","Lima town","New York"
"3605142334",2019,"B17001C_ChildPov","Native American (Non-Hispanic)",0,0,"Livingston","Lima town","New York"
"3605142334",2019,"B17001D_ChildPov","Asian (Non-Hispanic)",0,259.807621135332,"Livingston","Lima town","New York"
"3605142334",2019,"B17001E_ChildPov","Pacific Islander (Non-Hispanic)",0,0,"Livingston","Lima town","New York"
"3605142334",2019,"B17001F_ChildPov","Other (Non-Hispanic)",0,90.3678682209849,"Livingston","Lima town","New York"
"3605142334",2019,"B17001G_ChildPov","Two or More Races (Non-Hispanic)",28.5714285714286,520.408163265306,"Livingston","Lima town","New York"
"3605142334",2019,"B17001H_ChildPov","White (Non-Hispanic)",10.2760736196319,6.77593157260657,"Livingston","Lima town","New York"
"3605142334",2019,"B17001I_ChildPov","Hispanic or Latino (Any Race)",12.5,59.1590568412619,"Livingston","Lima town","New York"
"3605142334",2020,"B17001B_ChildPov","Black (Non-Hispanic)",100,2339.99050330457,"Livingston","Lima town","New York"
"3605142334",2020,"B17001C_ChildPov","Native American (Non-Hispanic)",0,0,"Livingston","Lima town","New York"
"3605142334",2020,"B17001D_ChildPov","Asian (Non-Hispanic)",0,415.692193816531,"Livingston","Lima town","New York"
"3605142334",2020,"B17001E_ChildPov","Pacific Islander (Non-Hispanic)",0,0,"Livingston","Lima town","New York"
"3605142334",2020,"B17001F_ChildPov","Other (Non-Hispanic)",0,129.903810567666,"Livingston","Lima town","New York"
"3605142334",2020,"B17001G_ChildPov","Two or More Races (Non-Hispanic)",100,3504.99643366438,"Livingston","Lima town","New York"
"3605142334",2020,"B17001H_ChildPov","White (Non-Hispanic)",4.28994082840237,5.76855849471874,"Livingston","Lima town","New York"
"3605142334",2020,"B17001I_ChildPov","Hispanic or Latino (Any Race)",12.2641509433962,37.4406693428123,"Livingston","Lima town","New York"
"3605142334",2021,"B17001B_ChildPov","Black (Non-Hispanic)",100,2542.52717673665,"Livingston","Lima town","New York"
"3605142334",2021,"B17001C_ChildPov","Native American (Non-Hispanic)",0,0,"Livingston","Lima town","New York"
"3605142334",2021,"B17001D_ChildPov","Asian (Non-Hispanic)",0,643.333157097012,"Livingston","Lima town","New York"
"3605142334",2021,"B17001E_ChildPov","Pacific Islander (Non-Hispanic)",0,0,"Livingston","Lima town","New York"
"3605142334",2021,"B17001F_ChildPov","Other (Non-Hispanic)",0,750.555349946513,"Livingston","Lima town","New York"
"3605142334",2021,"B17001G_ChildPov","Two or More Races (Non-Hispanic)",33.3333333333333,81.1579488055298,"Livingston","Lima town","New York"
"3605142334",2021,"B17001H_ChildPov","White (Non-Hispanic)",4.52674897119342,6.3232614127695,"Livingston","Lima town","New York"
"3605142334",2021,"B17001I_ChildPov","Hispanic or Latino (Any Race)",33.3333333333333,47.1821892466995,"Livingston","Lima town","New York"
"3605142334",2022,"B17001B_ChildPov","Black (Non-Hispanic)",100,1916.05062563597,"Livingston","Lima town","New York"
"3605142334",2022,"B17001C_ChildPov","Native American (Non-Hispanic)",0,0,"Livingston","Lima town","New York"
"3605142334",2022,"B17001D_ChildPov","Asian (Non-Hispanic)",0,375.277674973257,"Livingston","Lima town","New York"
"3605142334",2022,"B17001E_ChildPov","Pacific Islander (Non-Hispanic)",0,0,"Livingston","Lima town","New York"
"3605142334",2022,"B17001F_ChildPov","Other (Non-Hispanic)",0,900.666419935816,"Livingston","Lima town","New York"
"3605142334",2022,"B17001G_ChildPov","Two or More Races (Non-Hispanic)",46.3768115942029,45.5340748330405,"Livingston","Lima town","New York"
"3605142334",2022,"B17001H_ChildPov","White (Non-Hispanic)",3.62903225806452,5.89726697499922,"Livingston","Lima town","New York"
"3605142334",2022,"B17001I_ChildPov","Hispanic or Latino (Any Race)",5.79710144927536,63.2539601818219,"Livingston","Lima town","New York"
"3605142334",2023,"B17001B_ChildPov","Black (Non-Hispanic)",0,0,"Livingston","Lima town","New York"
"3605142334",2023,"B17001C_ChildPov","Native American (Non-Hispanic)",0,0,"Livingston","Lima town","New York"
"3605142334",2023,"B17001D_ChildPov","Asian (Non-Hispanic)",0,250.185116648838,"Livingston","Lima town","New York"
"3605142334",2023,"B17001E_ChildPov","Pacific Islander (Non-Hispanic)",0,0,"Livingston","Lima town","New York"
"3605142334",2023,"B17001F_ChildPov","Other (Non-Hispanic)",0,500.370233297676,"Livingston","Lima town","New York"
"3605142334",2023,"B17001G_ChildPov","Two or More Races (Non-Hispanic)",15.2173913043478,83.1181328251864,"Livingston","Lima town","New York"
"3605142334",2023,"B17001H_ChildPov","White (Non-Hispanic)",4.23497267759563,5.97333895334195,"Livingston","Lima town","New York"
"3605142334",2023,"B17001I_ChildPov","Hispanic or Latino (Any Race)",0,57.0042037934061,"Livingston","Lima town","New York"
"3605142334",2024,"B17001B_ChildPov","Black (Non-Hispanic)",0,269.430125621825,"Livingston","Lima town","New York"
"3605142334",2024,"B17001C_ChildPov","Native American (Non-Hispanic)",0,0,"Livingston","Lima town","New York"
"3605142334",2024,"B17001D_ChildPov","Asian (Non-Hispanic)",0,346.410161513775,"Livingston","Lima town","New York"
"3605142334",2024,"B17001E_ChildPov","Pacific Islander (Non-Hispanic)",0,0,"Livingston","Lima town","New York"
"3605142334",2024,"B17001F_ChildPov","Other (Non-Hispanic)",0,692.820323027551,"Livingston","Lima town","New York"
"3605142334",2024,"B17001G_ChildPov","Two or More Races (Non-Hispanic)",5.84415584415584,26.5165029115827,"Livingston","Lima town","New York"
"3605142334",2024,"B17001H_ChildPov","White (Non-Hispanic)",3.3175355450237,6.83918046614097,"Livingston","Lima town","New York"
"3605142334",2024,"B17001I_ChildPov","Hispanic or Latino (Any Race)",0,31.4918328648887,"Livingston","Lima town","New York"
"3605142961",2017,"B17001B_ChildPov","Black (Non-Hispanic)",100,546.368482361967,"Livingston","Livonia town","New York"
"3605142961",2017,"B17001C_ChildPov","Native American (Non-Hispanic)",0,0,"Livingston","Livonia town","New York"
"3605142961",2017,"B17001D_ChildPov","Asian (Non-Hispanic)",0,221.702503368816,"Livingston","Livonia town","New York"
"3605142961",2017,"B17001E_ChildPov","Pacific Islander (Non-Hispanic)",0,0,"Livingston","Livonia town","New York"
"3605142961",2017,"B17001F_ChildPov","Other (Non-Hispanic)",0,0,"Livingston","Livonia town","New York"
"3605142961",2017,"B17001G_ChildPov","Two or More Races (Non-Hispanic)",0,58.9634317470256,"Livingston","Livonia town","New York"
"3605142961",2017,"B17001H_ChildPov","White (Non-Hispanic)",14.6896127842655,8.0481069850649,"Livingston","Livonia town","New York"
"3605142961",2017,"B17001I_ChildPov","Hispanic or Latino (Any Race)",0,326.033093189436,"Livingston","Livonia town","New York"
"3605142961",2018,"B17001B_ChildPov","Black (Non-Hispanic)",100,320.851103532056,"Livingston","Livonia town","New York"
"3605142961",2018,"B17001C_ChildPov","Native American (Non-Hispanic)",0,0,"Livingston","Livonia town","New York"
"3605142961",2018,"B17001D_ChildPov","Asian (Non-Hispanic)",0,0,"Livingston","Livonia town","New York"
"3605142961",2018,"B17001E_ChildPov","Pacific Islander (Non-Hispanic)",0,0,"Livingston","Livonia town","New York"
"3605142961",2018,"B17001F_ChildPov","Other (Non-Hispanic)",0,0,"Livingston","Livonia town","New York"
"3605142961",2018,"B17001G_ChildPov","Two or More Races (Non-Hispanic)",0,35.4757394321336,"Livingston","Livonia town","New York"
"3605142961",2018,"B17001H_ChildPov","White (Non-Hispanic)",18.7641296156745,9.868580763034,"Livingston","Livonia town","New York"
"3605142961",2018,"B17001I_ChildPov","Hispanic or Latino (Any Race)",0,94.9834313828094,"Livingston","Livonia town","New York"
"3605142961",2019,"B17001B_ChildPov","Black (Non-Hispanic)",100,682.283746773372,"Livingston","Livonia town","New York"
"3605142961",2019,"B17001C_ChildPov","Native American (Non-Hispanic)",0,0,"Livingston","Livonia town","New York"
"3605142961",2019,"B17001D_ChildPov","Asian (Non-Hispanic)",0,0,"Livingston","Livonia town","New York"
"3605142961",2019,"B17001E_ChildPov","Pacific Islander (Non-Hispanic)",0,0,"Livingston","Livonia town","New York"
"3605142961",2019,"B17001F_ChildPov","Other (Non-Hispanic)",0,0,"Livingston","Livonia town","New York"
"3605142961",2019,"B17001G_ChildPov","Two or More Races (Non-Hispanic)",0,33.271032461775,"Livingston","Livonia town","New York"
"3605142961",2019,"B17001H_ChildPov","White (Non-Hispanic)",7.22135007849294,6.0316031897706,"Livingston","Livonia town","New York"
"3605142961",2019,"B17001I_ChildPov","Hispanic or Latino (Any Race)",0,99.8130973853251,"Livingston","Livonia town","New York"
"3605142961",2020,"B17001B_ChildPov","Black (Non-Hispanic)",100,844.755059831612,"Livingston","Livonia town","New York"
"3605142961",2020,"B17001C_ChildPov","Native American (Non-Hispanic)",0,0,"Livingston","Livonia town","New York"
"3605142961",2020,"B17001D_ChildPov","Asian (Non-Hispanic)",0,0,"Livingston","Livonia town","New York"
"3605142961",2020,"B17001E_ChildPov","Pacific Islander (Non-Hispanic)",0,0,"Livingston","Livonia town","New York"
"3605142961",2020,"B17001F_ChildPov","Other (Non-Hispanic)",0,0,"Livingston","Livonia town","New York"
"3605142961",2020,"B17001G_ChildPov","Two or More Races (Non-Hispanic)",0,31.6611437942698,"Livingston","Livonia town","New York"
"3605142961",2020,"B17001H_ChildPov","White (Non-Hispanic)",9.73180076628352,7.25986761449403,"Livingston","Livonia town","New York"
"3605142961",2020,"B17001I_ChildPov","Hispanic or Latino (Any Race)",0,346.410161513775,"Livingston","Livonia town","New York"
"3605142961",2021,"B17001B_ChildPov","Black (Non-Hispanic)",100,344.567164152716,"Livingston","Livonia town","New York"
"3605142961",2021,"B17001C_ChildPov","Native American (Non-Hispanic)",0,0,"Livingston","Livonia town","New York"
"3605142961",2021,"B17001D_ChildPov","Asian (Non-Hispanic)",0,0,"Livingston","Livonia town","New York"
"3605142961",2021,"B17001E_ChildPov","Pacific Islander (Non-Hispanic)",0,0,"Livingston","Livonia town","New York"
"3605142961",2021,"B17001F_ChildPov","Other (Non-Hispanic)",0,6235.38290724796,"Livingston","Livonia town","New York"
"3605142961",2021,"B17001G_ChildPov","Two or More Races (Non-Hispanic)",0,21.13689121101,"Livingston","Livonia town","New York"
"3605142961",2021,"B17001H_ChildPov","White (Non-Hispanic)",0,6.11911963419819,"Livingston","Livonia town","New York"
"3605142961",2021,"B17001I_ChildPov","Hispanic or Latino (Any Race)",0,97.4278579257494,"Livingston","Livonia town","New York"
"3605142961",2022,"B17001B_ChildPov","Black (Non-Hispanic)",0,0,"Livingston","Livonia town","New York"
"3605142961",2022,"B17001C_ChildPov","Native American (Non-Hispanic)",0,0,"Livingston","Livonia town","New York"
"3605142961",2022,"B17001D_ChildPov","Asian (Non-Hispanic)",0,0,"Livingston","Livonia town","New York"
"3605142961",2022,"B17001E_ChildPov","Pacific Islander (Non-Hispanic)",0,0,"Livingston","Livonia town","New York"
"3605142961",2022,"B17001F_ChildPov","Other (Non-Hispanic)",0,3290.89653438087,"Livingston","Livonia town","New York"
"3605142961",2022,"B17001G_ChildPov","Two or More Races (Non-Hispanic)",23.7410071942446,34.9361785390438,"Livingston","Livonia town","New York"
"3605142961",2022,"B17001H_ChildPov","White (Non-Hispanic)",6.62431941923775,7.72499264265891,"Livingston","Livonia town","New York"
"3605142961",2022,"B17001I_ChildPov","Hispanic or Latino (Any Race)",0,107.898247028881,"Livingston","Livonia town","New York"
"3605142961",2023,"B17001B_ChildPov","Black (Non-Hispanic)",0,0,"Livingston","Livonia town","New York"
"3605142961",2023,"B17001C_ChildPov","Native American (Non-Hispanic)",0,0,"Livingston","Livonia town","New York"
"3605142961",2023,"B17001D_ChildPov","Asian (Non-Hispanic)",0,0,"Livingston","Livonia town","New York"
"3605142961",2023,"B17001E_ChildPov","Pacific Islander (Non-Hispanic)",0,0,"Livingston","Livonia town","New York"
"3605142961",2023,"B17001F_ChildPov","Other (Non-Hispanic)",0,1096.96551146029,"Livingston","Livonia town","New York"
"3605142961",2023,"B17001G_ChildPov","Two or More Races (Non-Hispanic)",40.5529953917051,44.5117368186628,"Livingston","Livonia town","New York"
"3605142961",2023,"B17001H_ChildPov","White (Non-Hispanic)",5.09181969949917,6.17699942979612,"Livingston","Livonia town","New York"
"3605142961",2023,"B17001I_ChildPov","Hispanic or Latino (Any Race)",0,96.7910745406137,"Livingston","Livonia town","New York"
"3605142961",2024,"B17001B_ChildPov","Black (Non-Hispanic)",0,0,"Livingston","Livonia town","New York"
"3605142961",2024,"B17001C_ChildPov","Native American (Non-Hispanic)",0,0,"Livingston","Livonia town","New York"
"3605142961",2024,"B17001D_ChildPov","Asian (Non-Hispanic)",0,0,"Livingston","Livonia town","New York"
"3605142961",2024,"B17001E_ChildPov","Pacific Islander (Non-Hispanic)",0,0,"Livingston","Livonia town","New York"
"3605142961",2024,"B17001F_ChildPov","Other (Non-Hispanic)",0,2193.93102292058,"Livingston","Livonia town","New York"
"3605142961",2024,"B17001G_ChildPov","Two or More Races (Non-Hispanic)",38.0228136882129,40.2511328422927,"Livingston","Livonia town","New York"
"3605142961",2024,"B17001H_ChildPov","White (Non-Hispanic)",9.56521739130435,8.0823396519965,"Livingston","Livonia town","New York"
"3605142961",2024,"B17001I_ChildPov","Hispanic or Latino (Any Race)",0,47.6941526721865,"Livingston","Livonia town","New York"
"3605148956",2017,"B17001B_ChildPov","Black (Non-Hispanic)",100,172.529522071323,"Livingston","Mount Morris town","New York"
"3605148956",2017,"B17001C_ChildPov","Native American (Non-Hispanic)",0,0,"Livingston","Mount Morris town","New York"
"3605148956",2017,"B17001D_ChildPov","Asian (Non-Hispanic)",0,0,"Livingston","Mount Morris town","New York"
"3605148956",2017,"B17001E_ChildPov","Pacific Islander (Non-Hispanic)",0,0,"Livingston","Mount Morris town","New York"
"3605148956",2017,"B17001F_ChildPov","Other (Non-Hispanic)",0,317.542648054294,"Livingston","Mount Morris town","New York"
"3605148956",2017,"B17001G_ChildPov","Two or More Races (Non-Hispanic)",0,1270.17059221718,"Livingston","Mount Morris town","New York"
"3605148956",2017,"B17001H_ChildPov","White (Non-Hispanic)",24.1150442477876,10.9800538332199,"Livingston","Mount Morris town","New York"
"3605148956",2017,"B17001I_ChildPov","Hispanic or Latino (Any Race)",39.1549295774648,16.4253217145947,"Livingston","Mount Morris town","New York"
"3605148956",2018,"B17001B_ChildPov","Black (Non-Hispanic)",37.5,44.2469298213007,"Livingston","Mount Morris town","New York"
"3605148956",2018,"B17001C_ChildPov","Native American (Non-Hispanic)",0,0,"Livingston","Mount Morris town","New York"
"3605148956",2018,"B17001D_ChildPov","Asian (Non-Hispanic)",0,0,"Livingston","Mount Morris town","New York"
"3605148956",2018,"B17001E_ChildPov","Pacific Islander (Non-Hispanic)",0,0,"Livingston","Mount Morris town","New York"
"3605148956",2018,"B17001F_ChildPov","Other (Non-Hispanic)",0,519.615242270663,"Livingston","Mount Morris town","New York"
"3605148956",2018,"B17001G_ChildPov","Two or More Races (Non-Hispanic)",0,0,"Livingston","Mount Morris town","New York"
"3605148956",2018,"B17001H_ChildPov","White (Non-Hispanic)",22.6923076923077,11.5750032526716,"Livingston","Mount Morris town","New York"
"3605148956",2018,"B17001I_ChildPov","Hispanic or Latino (Any Race)",37.2168284789644,17.9324211276054,"Livingston","Mount Morris town","New York"
"3605148956",2019,"B17001B_ChildPov","Black (Non-Hispanic)",45.8333333333333,45.8015008822589,"Livingston","Mount Morris town","New York"
"3605148956",2019,"B17001C_ChildPov","Native American (Non-Hispanic)",0,0,"Livingston","Mount Morris town","New York"
"3605148956",2019,"B17001D_ChildPov","Asian (Non-Hispanic)",0,0,"Livingston","Mount Morris town","New York"
"3605148956",2019,"B17001E_ChildPov","Pacific Islander (Non-Hispanic)",0,0,"Livingston","Mount Morris town","New York"
"3605148956",2019,"B17001F_ChildPov","Other (Non-Hispanic)",0,346.410161513776,"Livingston","Mount Morris town","New York"
"3605148956",2019,"B17001G_ChildPov","Two or More Races (Non-Hispanic)",0,159.881613006358,"Livingston","Mount Morris town","New York"
"3605148956",2019,"B17001H_ChildPov","White (Non-Hispanic)",17.4418604651163,17.929447800659,"Livingston","Mount Morris town","New York"
"3605148956",2019,"B17001I_ChildPov","Hispanic or Latino (Any Race)",42.4,39.4414579527684,"Livingston","Mount Morris town","New York"
"3605148956",2020,"B17001B_ChildPov","Black (Non-Hispanic)",37.9310344827586,48.467067517902,"Livingston","Mount Morris town","New York"
"3605148956",2020,"B17001C_ChildPov","Native American (Non-Hispanic)",0,0,"Livingston","Mount Morris town","New York"
"3605148956",2020,"B17001D_ChildPov","Asian (Non-Hispanic)",0,0,"Livingston","Mount Morris town","New York"
"3605148956",2020,"B17001E_ChildPov","Pacific Islander (Non-Hispanic)",0,0,"Livingston","Mount Morris town","New York"
"3605148956",2020,"B17001F_ChildPov","Other (Non-Hispanic)",0,0,"Livingston","Mount Morris town","New York"
"3605148956",2020,"B17001G_ChildPov","Two or More Races (Non-Hispanic)",0,59.3845991166472,"Livingston","Mount Morris town","New York"
"3605148956",2020,"B17001H_ChildPov","White (Non-Hispanic)",14.9450549450549,15.7990011612128,"Livingston","Mount Morris town","New York"
"3605148956",2020,"B17001I_ChildPov","Hispanic or Latino (Any Race)",33.6734693877551,49.4544168457773,"Livingston","Mount Morris town","New York"
"3605148956",2021,"B17001B_ChildPov","Black (Non-Hispanic)",0,97.898523906067,"Livingston","Mount Morris town","New York"
"3605148956",2021,"B17001C_ChildPov","Native American (Non-Hispanic)",0,0,"Livingston","Mount Morris town","New York"
"3605148956",2021,"B17001D_ChildPov","Asian (Non-Hispanic)",0,0,"Livingston","Mount Morris town","New York"
"3605148956",2021,"B17001E_ChildPov","Pacific Islander (Non-Hispanic)",0,0,"Livingston","Mount Morris town","New York"
"3605148956",2021,"B17001F_ChildPov","Other (Non-Hispanic)",0,93.8194187433142,"Livingston","Mount Morris town","New York"
"3605148956",2021,"B17001G_ChildPov","Two or More Races (Non-Hispanic)",0,41.697519441473,"Livingston","Mount Morris town","New York"
"3605148956",2021,"B17001H_ChildPov","White (Non-Hispanic)",11.5555555555556,12.7894468384831,"Livingston","Mount Morris town","New York"
"3605148956",2021,"B17001I_ChildPov","Hispanic or Latino (Any Race)",22.6744186046512,32.7629765436236,"Livingston","Mount Morris town","New York"
"3605148956",2022,"B17001B_ChildPov","Black (Non-Hispanic)",0,68.2323045405921,"Livingston","Mount Morris town","New York"
"3605148956",2022,"B17001C_ChildPov","Native American (Non-Hispanic)",0,0,"Livingston","Mount Morris town","New York"
"3605148956",2022,"B17001D_ChildPov","Asian (Non-Hispanic)",0,0,"Livingston","Mount Morris town","New York"
"3605148956",2022,"B17001E_ChildPov","Pacific Islander (Non-Hispanic)",0,0,"Livingston","Mount Morris town","New York"
"3605148956",2022,"B17001F_ChildPov","Other (Non-Hispanic)",0,71.4814618996679,"Livingston","Mount Morris town","New York"
"3605148956",2022,"B17001G_ChildPov","Two or More Races (Non-Hispanic)",0,51.1742284054441,"Livingston","Mount Morris town","New York"
"3605148956",2022,"B17001H_ChildPov","White (Non-Hispanic)",23.9713774597496,16.9736851577934,"Livingston","Mount Morris town","New York"
"3605148956",2022,"B17001I_ChildPov","Hispanic or Latino (Any Race)",14.7727272727273,26.6316842904182,"Livingston","Mount Morris town","New York"
"3605148956",2023,"B17001B_ChildPov","Black (Non-Hispanic)",0,0,"Livingston","Mount Morris town","New York"
"3605148956",2023,"B17001C_ChildPov","Native American (Non-Hispanic)",0,0,"Livingston","Mount Morris town","New York"
"3605148956",2023,"B17001D_ChildPov","Asian (Non-Hispanic)",0,0,"Livingston","Mount Morris town","New York"
"3605148956",2023,"B17001E_ChildPov","Pacific Islander (Non-Hispanic)",0,0,"Livingston","Mount Morris town","New York"
"3605148956",2023,"B17001F_ChildPov","Other (Non-Hispanic)",0,46.9097093716571,"Livingston","Mount Morris town","New York"
"3605148956",2023,"B17001G_ChildPov","Two or More Races (Non-Hispanic)",0,45.0333209967908,"Livingston","Mount Morris town","New York"
"3605148956",2023,"B17001H_ChildPov","White (Non-Hispanic)",28.9757412398922,14.8986846161426,"Livingston","Mount Morris town","New York"
"3605148956",2023,"B17001I_ChildPov","Hispanic or Latino (Any Race)",21.8045112781955,39.1818703187057,"Livingston","Mount Morris town","New York"
"3605148956",2024,"B17001B_ChildPov","Black (Non-Hispanic)",0,0,"Livingston","Mount Morris town","New York"
"3605148956",2024,"B17001C_ChildPov","Native American (Non-Hispanic)",0,0,"Livingston","Mount Morris town","New York"
"3605148956",2024,"B17001D_ChildPov","Asian (Non-Hispanic)",0,0,"Livingston","Mount Morris town","New York"
"3605148956",2024,"B17001E_ChildPov","Pacific Islander (Non-Hispanic)",0,0,"Livingston","Mount Morris town","New York"
"3605148956",2024,"B17001F_ChildPov","Other (Non-Hispanic)",0,52.1477662493856,"Livingston","Mount Morris town","New York"
"3605148956",2024,"B17001G_ChildPov","Two or More Races (Non-Hispanic)",0,52.7145897955745,"Livingston","Mount Morris town","New York"
"3605148956",2024,"B17001H_ChildPov","White (Non-Hispanic)",25.2080856123662,15.1871097052173,"Livingston","Mount Morris town","New York"
"3605148956",2024,"B17001I_ChildPov","Hispanic or Latino (Any Race)",0,52.1477662493856,"Livingston","Mount Morris town","New York"
"3605151869",2017,"B17001B_ChildPov","Black (Non-Hispanic)",0,0,"Livingston","North Dansville town","New York"
"3605151869",2017,"B17001C_ChildPov","Native American (Non-Hispanic)",0,0,"Livingston","North Dansville town","New York"
"3605151869",2017,"B17001D_ChildPov","Asian (Non-Hispanic)",0,0,"Livingston","North Dansville town","New York"
"3605151869",2017,"B17001E_ChildPov","Pacific Islander (Non-Hispanic)",0,0,"Livingston","North Dansville town","New York"
"3605151869",2017,"B17001F_ChildPov","Other (Non-Hispanic)",0,0,"Livingston","North Dansville town","New York"
"3605151869",2017,"B17001G_ChildPov","Two or More Races (Non-Hispanic)",0,205.280095711867,"Livingston","North Dansville town","New York"
"3605151869",2017,"B17001H_ChildPov","White (Non-Hispanic)",45.6273764258555,16.1643796729019,"Livingston","North Dansville town","New York"
"3605151869",2017,"B17001I_ChildPov","Hispanic or Latino (Any Race)",0,554.256258422041,"Livingston","North Dansville town","New York"
"3605151869",2018,"B17001B_ChildPov","Black (Non-Hispanic)",0,736.121593216773,"Livingston","North Dansville town","New York"
"3605151869",2018,"B17001C_ChildPov","Native American (Non-Hispanic)",0,0,"Livingston","North Dansville town","New York"
"3605151869",2018,"B17001D_ChildPov","Asian (Non-Hispanic)",0,0,"Livingston","North Dansville town","New York"
"3605151869",2018,"B17001E_ChildPov","Pacific Islander (Non-Hispanic)",0,0,"Livingston","North Dansville town","New York"
"3605151869",2018,"B17001F_ChildPov","Other (Non-Hispanic)",0,0,"Livingston","North Dansville town","New York"
"3605151869",2018,"B17001G_ChildPov","Two or More Races (Non-Hispanic)",0,203.068025714972,"Livingston","North Dansville town","New York"
"3605151869",2018,"B17001H_ChildPov","White (Non-Hispanic)",31.5436241610738,15.1394779266559,"Livingston","North Dansville town","New York"
"3605151869",2018,"B17001I_ChildPov","Hispanic or Latino (Any Race)",0,841.281820819169,"Livingston","North Dansville town","New York"
"3605151869",2019,"B17001B_ChildPov","Black (Non-Hispanic)",0,490.747728811182,"Livingston","North Dansville town","New York"
"3605151869",2019,"B17001C_ChildPov","Native American (Non-Hispanic)",0,0,"Livingston","North Dansville town","New York"
"3605151869",2019,"B17001D_ChildPov","Asian (Non-Hispanic)",0,0,"Livingston","North Dansville town","New York"
"3605151869",2019,"B17001E_ChildPov","Pacific Islander (Non-Hispanic)",0,0,"Livingston","North Dansville town","New York"
"3605151869",2019,"B17001F_ChildPov","Other (Non-Hispanic)",100,75.5803988757328,"Livingston","North Dansville town","New York"
"3605151869",2019,"B17001G_ChildPov","Two or More Races (Non-Hispanic)",0,309.94593398601,"Livingston","North Dansville town","New York"
"3605151869",2019,"B17001H_ChildPov","White (Non-Hispanic)",22.3223223223223,12.9910321908202,"Livingston","North Dansville town","New York"
"3605151869",2019,"B17001I_ChildPov","Hispanic or Latino (Any Race)",100,76.0412549664385,"Livingston","North Dansville town","New York"
"3605151869",2020,"B17001B_ChildPov","Black (Non-Hispanic)",0,841.281820819169,"Livingston","North Dansville town","New York"
"3605151869",2020,"B17001C_ChildPov","Native American (Non-Hispanic)",0,0,"Livingston","North Dansville town","New York"
"3605151869",2020,"B17001D_ChildPov","Asian (Non-Hispanic)",0,0,"Livingston","North Dansville town","New York"
"3605151869",2020,"B17001E_ChildPov","Pacific Islander (Non-Hispanic)",0,0,"Livingston","North Dansville town","New York"
"3605151869",2020,"B17001F_ChildPov","Other (Non-Hispanic)",100,76.9598193949852,"Livingston","North Dansville town","New York"
"3605151869",2020,"B17001G_ChildPov","Two or More Races (Non-Hispanic)",0,490.747728811182,"Livingston","North Dansville town","New York"
"3605151869",2020,"B17001H_ChildPov","White (Non-Hispanic)",15.0506512301013,11.5013413258538,"Livingston","North Dansville town","New York"
"3605151869",2020,"B17001I_ChildPov","Hispanic or Latino (Any Race)",100,77.6502972519328,"Livingston","North Dansville town","New York"
"3605151869",2021,"B17001B_ChildPov","Black (Non-Hispanic)",25,284.77513058552,"Livingston","North Dansville town","New York"
"3605151869",2021,"B17001C_ChildPov","Native American (Non-Hispanic)",0,0,"Livingston","North Dansville town","New York"
"3605151869",2021,"B17001D_ChildPov","Asian (Non-Hispanic)",0,0,"Livingston","North Dansville town","New York"
"3605151869",2021,"B17001E_ChildPov","Pacific Islander (Non-Hispanic)",0,0,"Livingston","North Dansville town","New York"
"3605151869",2021,"B17001F_ChildPov","Other (Non-Hispanic)",100,80.5020959215761,"Livingston","North Dansville town","New York"
"3605151869",2021,"B17001G_ChildPov","Two or More Races (Non-Hispanic)",0,366.787229838115,"Livingston","North Dansville town","New York"
"3605151869",2021,"B17001H_ChildPov","White (Non-Hispanic)",5.00658761528327,8.21549285845682,"Livingston","North Dansville town","New York"
"3605151869",2021,"B17001I_ChildPov","Hispanic or Latino (Any Race)",100,81.5408326431449,"Livingston","North Dansville town","New York"
"3605151869",2022,"B17001B_ChildPov","Black (Non-Hispanic)",42.8571428571429,246.916286151945,"Livingston","North Dansville town","New York"
"3605151869",2022,"B17001C_ChildPov","Native American (Non-Hispanic)",0,0,"Livingston","North Dansville town","New York"
"3605151869",2022,"B17001D_ChildPov","Asian (Non-Hispanic)",0,0,"Livingston","North Dansville town","New York"
"3605151869",2022,"B17001E_ChildPov","Pacific Islander (Non-Hispanic)",0,0,"Livingston","North Dansville town","New York"
"3605151869",2022,"B17001F_ChildPov","Other (Non-Hispanic)",100,97.6226280879228,"Livingston","North Dansville town","New York"
"3605151869",2022,"B17001G_ChildPov","Two or More Races (Non-Hispanic)",0,0,"Livingston","North Dansville town","New York"
"3605151869",2022,"B17001H_ChildPov","White (Non-Hispanic)",0.559440559440559,8.85201677401153,"Livingston","North Dansville town","New York"
"3605151869",2022,"B17001I_ChildPov","Hispanic or Latino (Any Race)",91.970802919708,87.8366312603971,"Livingston","North Dansville town","New York"
"3605151869",2023,"B17001B_ChildPov","Black (Non-Hispanic)",100,635.644807521968,"Livingston","North Dansville town","New York"
"3605151869",2023,"B17001C_ChildPov","Native American (Non-Hispanic)",0,0,"Livingston","North Dansville town","New York"
"3605151869",2023,"B17001D_ChildPov","Asian (Non-Hispanic)",0,658.179306876173,"Livingston","North Dansville town","New York"
"3605151869",2023,"B17001E_ChildPov","Pacific Islander (Non-Hispanic)",0,0,"Livingston","North Dansville town","New York"
"3605151869",2023,"B17001F_ChildPov","Other (Non-Hispanic)",100,86.1969606246874,"Livingston","North Dansville town","New York"
"3605151869",2023,"B17001G_ChildPov","Two or More Races (Non-Hispanic)",0,0,"Livingston","North Dansville town","New York"
"3605151869",2023,"B17001H_ChildPov","White (Non-Hispanic)",0.451127819548872,9.51805021147738,"Livingston","North Dansville town","New York"
"3605151869",2023,"B17001I_ChildPov","Hispanic or Latino (Any Race)",85.5555555555556,69.0439894104351,"Livingston","North Dansville town","New York"
"3605151869",2024,"B17001B_ChildPov","Black (Non-Hispanic)",100,530.113944309005,"Livingston","North Dansville town","New York"
"3605151869",2024,"B17001C_ChildPov","Native American (Non-Hispanic)",0,0,"Livingston","North Dansville town","New York"
"3605151869",2024,"B17001D_ChildPov","Asian (Non-Hispanic)",0,117.532019085031,"Livingston","North Dansville town","New York"
"3605151869",2024,"B17001E_ChildPov","Pacific Islander (Non-Hispanic)",0,0,"Livingston","North Dansville town","New York"
"3605151869",2024,"B17001F_ChildPov","Other (Non-Hispanic)",0,0,"Livingston","North Dansville town","New York"
"3605151869",2024,"B17001G_ChildPov","Two or More Races (Non-Hispanic)",0,88.9431495778613,"Livingston","North Dansville town","New York"
"3605151869",2024,"B17001H_ChildPov","White (Non-Hispanic)",0,10.0179498763497,"Livingston","North Dansville town","New York"
"3605151869",2024,"B17001I_ChildPov","Hispanic or Latino (Any Race)",0,226.958381681439,"Livingston","North Dansville town","New York"
"3605154089",2017,"B17001B_ChildPov","Black (Non-Hispanic)",0,0,"Livingston","Nunda town","New York"
"3605154089",2017,"B17001C_ChildPov","Native American (Non-Hispanic)",0,0,"Livingston","Nunda town","New York"
"3605154089",2017,"B17001D_ChildPov","Asian (Non-Hispanic)",0,0,"Livingston","Nunda town","New York"
"3605154089",2017,"B17001E_ChildPov","Pacific Islander (Non-Hispanic)",0,0,"Livingston","Nunda town","New York"
"3605154089",2017,"B17001F_ChildPov","Other (Non-Hispanic)",0,0,"Livingston","Nunda town","New York"
"3605154089",2017,"B17001G_ChildPov","Two or More Races (Non-Hispanic)",100,627.338599966768,"Livingston","Nunda town","New York"
"3605154089",2017,"B17001H_ChildPov","White (Non-Hispanic)",23.8095238095238,12.1517166338404,"Livingston","Nunda town","New York"
"3605154089",2017,"B17001I_ChildPov","Hispanic or Latino (Any Race)",100,627.338599966768,"Livingston","Nunda town","New York"
"3605154089",2018,"B17001B_ChildPov","Black (Non-Hispanic)",0,0,"Livingston","Nunda town","New York"
"3605154089",2018,"B17001C_ChildPov","Native American (Non-Hispanic)",0,0,"Livingston","Nunda town","New York"
"3605154089",2018,"B17001D_ChildPov","Asian (Non-Hispanic)",0,0,"Livingston","Nunda town","New York"
"3605154089",2018,"B17001E_ChildPov","Pacific Islander (Non-Hispanic)",0,0,"Livingston","Nunda town","New York"
"3605154089",2018,"B17001F_ChildPov","Other (Non-Hispanic)",0,0,"Livingston","Nunda town","New York"
"3605154089",2018,"B17001G_ChildPov","Two or More Races (Non-Hispanic)",100,744.580418759451,"Livingston","Nunda town","New York"
"3605154089",2018,"B17001H_ChildPov","White (Non-Hispanic)",27.4647887323944,13.8039142274776,"Livingston","Nunda town","New York"
"3605154089",2018,"B17001I_ChildPov","Hispanic or Latino (Any Race)",100,744.580418759451,"Livingston","Nunda town","New York"
"3605154089",2019,"B17001B_ChildPov","Black (Non-Hispanic)",0,1039.23048454133,"Livingston","Nunda town","New York"
"3605154089",2019,"B17001C_ChildPov","Native American (Non-Hispanic)",0,0,"Livingston","Nunda town","New York"
"3605154089",2019,"B17001D_ChildPov","Asian (Non-Hispanic)",0,0,"Livingston","Nunda town","New York"
"3605154089",2019,"B17001E_ChildPov","Pacific Islander (Non-Hispanic)",0,0,"Livingston","Nunda town","New York"
"3605154089",2019,"B17001F_ChildPov","Other (Non-Hispanic)",0,0,"Livingston","Nunda town","New York"
"3605154089",2019,"B17001G_ChildPov","Two or More Races (Non-Hispanic)",0,0,"Livingston","Nunda town","New York"
"3605154089",2019,"B17001H_ChildPov","White (Non-Hispanic)",31.0861423220974,15.531097993452,"Livingston","Nunda town","New York"
"3605154089",2019,"B17001I_ChildPov","Hispanic or Latino (Any Race)",0,0,"Livingston","Nunda town","New York"
"3605154089",2020,"B17001B_ChildPov","Black (Non-Hispanic)",0,1039.23048454133,"Livingston","Nunda town","New York"
"3605154089",2020,"B17001C_ChildPov","Native American (Non-Hispanic)",0,0,"Livingston","Nunda town","New York"
"3605154089",2020,"B17001D_ChildPov","Asian (Non-Hispanic)",0,0,"Livingston","Nunda town","New York"
"3605154089",2020,"B17001E_ChildPov","Pacific Islander (Non-Hispanic)",0,0,"Livingston","Nunda town","New York"
"3605154089",2020,"B17001F_ChildPov","Other (Non-Hispanic)",0,0,"Livingston","Nunda town","New York"
"3605154089",2020,"B17001G_ChildPov","Two or More Races (Non-Hispanic)",0,122.262409946038,"Livingston","Nunda town","New York"
"3605154089",2020,"B17001H_ChildPov","White (Non-Hispanic)",33.1372549019608,16.7340203132454,"Livingston","Nunda town","New York"
"3605154089",2020,"B17001I_ChildPov","Hispanic or Latino (Any Race)",0,0,"Livingston","Nunda town","New York"
"3605154089",2021,"B17001B_ChildPov","Black (Non-Hispanic)",0,409.393827243553,"Livingston","Nunda town","New York"
"3605154089",2021,"B17001C_ChildPov","Native American (Non-Hispanic)",0,0,"Livingston","Nunda town","New York"
"3605154089",2021,"B17001D_ChildPov","Asian (Non-Hispanic)",0,0,"Livingston","Nunda town","New York"
"3605154089",2021,"B17001E_ChildPov","Pacific Islander (Non-Hispanic)",0,0,"Livingston","Nunda town","New York"
"3605154089",2021,"B17001F_ChildPov","Other (Non-Hispanic)",0,0,"Livingston","Nunda town","New York"
"3605154089",2021,"B17001G_ChildPov","Two or More Races (Non-Hispanic)",0,70.3645640574856,"Livingston","Nunda town","New York"
"3605154089",2021,"B17001H_ChildPov","White (Non-Hispanic)",34.3980343980344,18.7927625431944,"Livingston","Nunda town","New York"
"3605154089",2021,"B17001I_ChildPov","Hispanic or Latino (Any Race)",0,0,"Livingston","Nunda town","New York"
"3605154089",2022,"B17001B_ChildPov","Black (Non-Hispanic)",0,281.458256229943,"Livingston","Nunda town","New York"
"3605154089",2022,"B17001C_ChildPov","Native American (Non-Hispanic)",0,0,"Livingston","Nunda town","New York"
"3605154089",2022,"B17001D_ChildPov","Asian (Non-Hispanic)",0,0,"Livingston","Nunda town","New York"
"3605154089",2022,"B17001E_ChildPov","Pacific Islander (Non-Hispanic)",0,0,"Livingston","Nunda town","New York"
"3605154089",2022,"B17001F_ChildPov","Other (Non-Hispanic)",0,0,"Livingston","Nunda town","New York"
"3605154089",2022,"B17001G_ChildPov","Two or More Races (Non-Hispanic)",0,71.4814618996679,"Livingston","Nunda town","New York"
"3605154089",2022,"B17001H_ChildPov","White (Non-Hispanic)",30.0268096514745,23.3687217065393,"Livingston","Nunda town","New York"
"3605154089",2022,"B17001I_ChildPov","Hispanic or Latino (Any Race)",0,0,"Livingston","Nunda town","New York"
"3605154089",2023,"B17001B_ChildPov","Black (Non-Hispanic)",0,195.797047812134,"Livingston","Nunda town","New York"
"3605154089",2023,"B17001C_ChildPov","Native American (Non-Hispanic)",0,0,"Livingston","Nunda town","New York"
"3605154089",2023,"B17001D_ChildPov","Asian (Non-Hispanic)",0,0,"Livingston","Nunda town","New York"
"3605154089",2023,"B17001E_ChildPov","Pacific Islander (Non-Hispanic)",0,0,"Livingston","Nunda town","New York"
"3605154089",2023,"B17001F_ChildPov","Other (Non-Hispanic)",0,0,"Livingston","Nunda town","New York"
"3605154089",2023,"B17001G_ChildPov","Two or More Races (Non-Hispanic)",0,64.3333157097012,"Livingston","Nunda town","New York"
"3605154089",2023,"B17001H_ChildPov","White (Non-Hispanic)",15.7575757575758,15.1329898714003,"Livingston","Nunda town","New York"
"3605154089",2023,"B17001I_ChildPov","Hispanic or Latino (Any Race)",0,0,"Livingston","Nunda town","New York"
"3605154089",2024,"B17001B_ChildPov","Black (Non-Hispanic)",0,0,"Livingston","Nunda town","New York"
"3605154089",2024,"B17001C_ChildPov","Native American (Non-Hispanic)",0,0,"Livingston","Nunda town","New York"
"3605154089",2024,"B17001D_ChildPov","Asian (Non-Hispanic)",0,0,"Livingston","Nunda town","New York"
"3605154089",2024,"B17001E_ChildPov","Pacific Islander (Non-Hispanic)",0,0,"Livingston","Nunda town","New York"
"3605154089",2024,"B17001F_ChildPov","Other (Non-Hispanic)",0,0,"Livingston","Nunda town","New York"
"3605154089",2024,"B17001G_ChildPov","Two or More Races (Non-Hispanic)",4.34782608695652,100.960842862023,"Livingston","Nunda town","New York"
"3605154089",2024,"B17001H_ChildPov","White (Non-Hispanic)",30.4054054054054,20.0680942157901,"Livingston","Nunda town","New York"
"3605154089",2024,"B17001I_ChildPov","Hispanic or Latino (Any Race)",0,0,"Livingston","Nunda town","New York"
"3605155508",2017,"B17001B_ChildPov","Black (Non-Hispanic)",0,0,"Livingston","Ossian town","New York"
"3605155508",2017,"B17001C_ChildPov","Native American (Non-Hispanic)",0,0,"Livingston","Ossian town","New York"
"3605155508",2017,"B17001D_ChildPov","Asian (Non-Hispanic)",0,0,"Livingston","Ossian town","New York"
"3605155508",2017,"B17001E_ChildPov","Pacific Islander (Non-Hispanic)",0,0,"Livingston","Ossian town","New York"
"3605155508",2017,"B17001F_ChildPov","Other (Non-Hispanic)",0,0,"Livingston","Ossian town","New York"
"3605155508",2017,"B17001G_ChildPov","Two or More Races (Non-Hispanic)",100,1628.26594879338,"Livingston","Ossian town","New York"
"3605155508",2017,"B17001H_ChildPov","White (Non-Hispanic)",0,19.743584334982,"Livingston","Ossian town","New York"
"3605155508",2017,"B17001I_ChildPov","Hispanic or Latino (Any Race)",0,0,"Livingston","Ossian town","New York"
"3605155508",2018,"B17001B_ChildPov","Black (Non-Hispanic)",0,0,"Livingston","Ossian town","New York"
"3605155508",2018,"B17001C_ChildPov","Native American (Non-Hispanic)",0,0,"Livingston","Ossian town","New York"
"3605155508",2018,"B17001D_ChildPov","Asian (Non-Hispanic)",0,0,"Livingston","Ossian town","New York"
"3605155508",2018,"B17001E_ChildPov","Pacific Islander (Non-Hispanic)",0,0,"Livingston","Ossian town","New York"
"3605155508",2018,"B17001F_ChildPov","Other (Non-Hispanic)",0,0,"Livingston","Ossian town","New York"
"3605155508",2018,"B17001G_ChildPov","Two or More Races (Non-Hispanic)",0,0,"Livingston","Ossian town","New York"
"3605155508",2018,"B17001H_ChildPov","White (Non-Hispanic)",0,29.6922995583236,"Livingston","Ossian town","New York"
"3605155508",2018,"B17001I_ChildPov","Hispanic or Latino (Any Race)",0,0,"Livingston","Ossian town","New York"
"3605155508",2019,"B17001B_ChildPov","Black (Non-Hispanic)",0,0,"Livingston","Ossian town","New York"
"3605155508",2019,"B17001C_ChildPov","Native American (Non-Hispanic)",0,0,"Livingston","Ossian town","New York"
"3605155508",2019,"B17001D_ChildPov","Asian (Non-Hispanic)",0,0,"Livingston","Ossian town","New York"
"3605155508",2019,"B17001E_ChildPov","Pacific Islander (Non-Hispanic)",0,0,"Livingston","Ossian town","New York"
"3605155508",2019,"B17001F_ChildPov","Other (Non-Hispanic)",0,0,"Livingston","Ossian town","New York"
"3605155508",2019,"B17001G_ChildPov","Two or More Races (Non-Hispanic)",0,0,"Livingston","Ossian town","New York"
"3605155508",2019,"B17001H_ChildPov","White (Non-Hispanic)",11.4285714285714,25.4900736900929,"Livingston","Ossian town","New York"
"3605155508",2019,"B17001I_ChildPov","Hispanic or Latino (Any Race)",0,0,"Livingston","Ossian town","New York"
"3605155508",2020,"B17001B_ChildPov","Black (Non-Hispanic)",0,0,"Livingston","Ossian town","New York"
"3605155508",2020,"B17001C_ChildPov","Native American (Non-Hispanic)",0,0,"Livingston","Ossian town","New York"
"3605155508",2020,"B17001D_ChildPov","Asian (Non-Hispanic)",0,0,"Livingston","Ossian town","New York"
"3605155508",2020,"B17001E_ChildPov","Pacific Islander (Non-Hispanic)",0,0,"Livingston","Ossian town","New York"
"3605155508",2020,"B17001F_ChildPov","Other (Non-Hispanic)",0,0,"Livingston","Ossian town","New York"
"3605155508",2020,"B17001G_ChildPov","Two or More Races (Non-Hispanic)",0,0,"Livingston","Ossian town","New York"
"3605155508",2020,"B17001H_ChildPov","White (Non-Hispanic)",10.1910828025478,22.792257476516,"Livingston","Ossian town","New York"
"3605155508",2020,"B17001I_ChildPov","Hispanic or Latino (Any Race)",0,0,"Livingston","Ossian town","New York"
"3605155508",2021,"B17001B_ChildPov","Black (Non-Hispanic)",0,0,"Livingston","Ossian town","New York"
"3605155508",2021,"B17001C_ChildPov","Native American (Non-Hispanic)",0,0,"Livingston","Ossian town","New York"
"3605155508",2021,"B17001D_ChildPov","Asian (Non-Hispanic)",0,0,"Livingston","Ossian town","New York"
"3605155508",2021,"B17001E_ChildPov","Pacific Islander (Non-Hispanic)",0,0,"Livingston","Ossian town","New York"
"3605155508",2021,"B17001F_ChildPov","Other (Non-Hispanic)",0,0,"Livingston","Ossian town","New York"
"3605155508",2021,"B17001G_ChildPov","Two or More Races (Non-Hispanic)",0,0,"Livingston","Ossian town","New York"
"3605155508",2021,"B17001H_ChildPov","White (Non-Hispanic)",23.943661971831,22.3181643550301,"Livingston","Ossian town","New York"
"3605155508",2021,"B17001I_ChildPov","Hispanic or Latino (Any Race)",0,0,"Livingston","Ossian town","New York"
"3605155508",2022,"B17001B_ChildPov","Black (Non-Hispanic)",0,0,"Livingston","Ossian town","New York"
"3605155508",2022,"B17001C_ChildPov","Native American (Non-Hispanic)",0,0,"Livingston","Ossian town","New York"
"3605155508",2022,"B17001D_ChildPov","Asian (Non-Hispanic)",0,0,"Livingston","Ossian town","New York"
"3605155508",2022,"B17001E_ChildPov","Pacific Islander (Non-Hispanic)",0,0,"Livingston","Ossian town","New York"
"3605155508",2022,"B17001F_ChildPov","Other (Non-Hispanic)",0,0,"Livingston","Ossian town","New York"
"3605155508",2022,"B17001G_ChildPov","Two or More Races (Non-Hispanic)",0,0,"Livingston","Ossian town","New York"
"3605155508",2022,"B17001H_ChildPov","White (Non-Hispanic)",27.5229357798165,28.2964940088369,"Livingston","Ossian town","New York"
"3605155508",2022,"B17001I_ChildPov","Hispanic or Latino (Any Race)",0,0,"Livingston","Ossian town","New York"
"3605155508",2023,"B17001B_ChildPov","Black (Non-Hispanic)",0,0,"Livingston","Ossian town","New York"
"3605155508",2023,"B17001C_ChildPov","Native American (Non-Hispanic)",0,0,"Livingston","Ossian town","New York"
"3605155508",2023,"B17001D_ChildPov","Asian (Non-Hispanic)",0,1125.83302491977,"Livingston","Ossian town","New York"
"3605155508",2023,"B17001E_ChildPov","Pacific Islander (Non-Hispanic)",0,0,"Livingston","Ossian town","New York"
"3605155508",2023,"B17001F_ChildPov","Other (Non-Hispanic)",0,0,"Livingston","Ossian town","New York"
"3605155508",2023,"B17001G_ChildPov","Two or More Races (Non-Hispanic)",0,0,"Livingston","Ossian town","New York"
"3605155508",2023,"B17001H_ChildPov","White (Non-Hispanic)",25,28.7065934867825,"Livingston","Ossian town","New York"
"3605155508",2023,"B17001I_ChildPov","Hispanic or Latino (Any Race)",0,0,"Livingston","Ossian town","New York"
"3605155508",2024,"B17001B_ChildPov","Black (Non-Hispanic)",0,0,"Livingston","Ossian town","New York"
"3605155508",2024,"B17001C_ChildPov","Native American (Non-Hispanic)",0,0,"Livingston","Ossian town","New York"
"3605155508",2024,"B17001D_ChildPov","Asian (Non-Hispanic)",0,1212.43556529821,"Livingston","Ossian town","New York"
"3605155508",2024,"B17001E_ChildPov","Pacific Islander (Non-Hispanic)",0,0,"Livingston","Ossian town","New York"
"3605155508",2024,"B17001F_ChildPov","Other (Non-Hispanic)",0,0,"Livingston","Ossian town","New York"
"3605155508",2024,"B17001G_ChildPov","Two or More Races (Non-Hispanic)",0,4849.74226119286,"Livingston","Ossian town","New York"
"3605155508",2024,"B17001H_ChildPov","White (Non-Hispanic)",16.5289256198347,29.5803862298357,"Livingston","Ossian town","New York"
"3605155508",2024,"B17001I_ChildPov","Hispanic or Latino (Any Race)",0,0,"Livingston","Ossian town","New York"
"3605159179",2017,"B17001B_ChildPov","Black (Non-Hispanic)",0,3810.51177665153,"Livingston","Portage town","New York"
"3605159179",2017,"B17001C_ChildPov","Native American (Non-Hispanic)",0,0,"Livingston","Portage town","New York"
"3605159179",2017,"B17001D_ChildPov","Asian (Non-Hispanic)",0,0,"Livingston","Portage town","New York"
"3605159179",2017,"B17001E_ChildPov","Pacific Islander (Non-Hispanic)",0,0,"Livingston","Portage town","New York"
"3605159179",2017,"B17001F_ChildPov","Other (Non-Hispanic)",0,0,"Livingston","Portage town","New York"
"3605159179",2017,"B17001G_ChildPov","Two or More Races (Non-Hispanic)",0,0,"Livingston","Portage town","New York"
"3605159179",2017,"B17001H_ChildPov","White (Non-Hispanic)",16,17.7082681023208,"Livingston","Portage town","New York"
"3605159179",2017,"B17001I_ChildPov","Hispanic or Latino (Any Race)",0,3810.51177665153,"Livingston","Portage town","New York"
"3605159179",2018,"B17001B_ChildPov","Black (Non-Hispanic)",0,4156.92193816531,"Livingston","Portage town","New York"
"3605159179",2018,"B17001C_ChildPov","Native American (Non-Hispanic)",0,0,"Livingston","Portage town","New York"
"3605159179",2018,"B17001D_ChildPov","Asian (Non-Hispanic)",0,0,"Livingston","Portage town","New York"
"3605159179",2018,"B17001E_ChildPov","Pacific Islander (Non-Hispanic)",0,0,"Livingston","Portage town","New York"
"3605159179",2018,"B17001F_ChildPov","Other (Non-Hispanic)",0,0,"Livingston","Portage town","New York"
"3605159179",2018,"B17001G_ChildPov","Two or More Races (Non-Hispanic)",0,0,"Livingston","Portage town","New York"
"3605159179",2018,"B17001H_ChildPov","White (Non-Hispanic)",16.3636363636364,18.9727075908533,"Livingston","Portage town","New York"
"3605159179",2018,"B17001I_ChildPov","Hispanic or Latino (Any Race)",0,4156.92193816531,"Livingston","Portage town","New York"
"3605159179",2019,"B17001B_ChildPov","Black (Non-Hispanic)",0,4156.92193816531,"Livingston","Portage town","New York"
"3605159179",2019,"B17001C_ChildPov","Native American (Non-Hispanic)",0,0,"Livingston","Portage town","New York"
"3605159179",2019,"B17001D_ChildPov","Asian (Non-Hispanic)",0,0,"Livingston","Portage town","New York"
"3605159179",2019,"B17001E_ChildPov","Pacific Islander (Non-Hispanic)",0,0,"Livingston","Portage town","New York"
"3605159179",2019,"B17001F_ChildPov","Other (Non-Hispanic)",0,0,"Livingston","Portage town","New York"
"3605159179",2019,"B17001G_ChildPov","Two or More Races (Non-Hispanic)",0,0,"Livingston","Portage town","New York"
"3605159179",2019,"B17001H_ChildPov","White (Non-Hispanic)",14.367816091954,18.0934101044839,"Livingston","Portage town","New York"
"3605159179",2019,"B17001I_ChildPov","Hispanic or Latino (Any Race)",0,4156.92193816531,"Livingston","Portage town","New York"
"3605159179",2020,"B17001B_ChildPov","Black (Non-Hispanic)",0,4156.92193816531,"Livingston","Portage town","New York"
"3605159179",2020,"B17001C_ChildPov","Native American (Non-Hispanic)",0,0,"Livingston","Portage town","New York"
"3605159179",2020,"B17001D_ChildPov","Asian (Non-Hispanic)",0,0,"Livingston","Portage town","New York"
"3605159179",2020,"B17001E_ChildPov","Pacific Islander (Non-Hispanic)",0,0,"Livingston","Portage town","New York"
"3605159179",2020,"B17001F_ChildPov","Other (Non-Hispanic)",0,0,"Livingston","Portage town","New York"
"3605159179",2020,"B17001G_ChildPov","Two or More Races (Non-Hispanic)",0,0,"Livingston","Portage town","New York"
"3605159179",2020,"B17001H_ChildPov","White (Non-Hispanic)",8.08080808080808,16.6876653931304,"Livingston","Portage town","New York"
"3605159179",2020,"B17001I_ChildPov","Hispanic or Latino (Any Race)",96.969696969697,261.146208054921,"Livingston","Portage town","New York"
"3605159179",2021,"B17001B_ChildPov","Black (Non-Hispanic)",0,4503.33209967908,"Livingston","Portage town","New York"
"3605159179",2021,"B17001C_ChildPov","Native American (Non-Hispanic)",0,0,"Livingston","Portage town","New York"
"3605159179",2021,"B17001D_ChildPov","Asian (Non-Hispanic)",0,0,"Livingston","Portage town","New York"
"3605159179",2021,"B17001E_ChildPov","Pacific Islander (Non-Hispanic)",0,0,"Livingston","Portage town","New York"
"3605159179",2021,"B17001F_ChildPov","Other (Non-Hispanic)",0,0,"Livingston","Portage town","New York"
"3605159179",2021,"B17001G_ChildPov","Two or More Races (Non-Hispanic)",0,2251.66604983954,"Livingston","Portage town","New York"
"3605159179",2021,"B17001H_ChildPov","White (Non-Hispanic)",11.5183246073298,18.084241605141,"Livingston","Portage town","New York"
"3605159179",2021,"B17001I_ChildPov","Hispanic or Latino (Any Race)",91.6666666666667,326.96554407749,"Livingston","Portage town","New York"
"3605159179",2022,"B17001B_ChildPov","Black (Non-Hispanic)",0,900.666419935816,"Livingston","Portage town","New York"
"3605159179",2022,"B17001C_ChildPov","Native American (Non-Hispanic)",0,0,"Livingston","Portage town","New York"
"3605159179",2022,"B17001D_ChildPov","Asian (Non-Hispanic)",0,0,"Livingston","Portage town","New York"
"3605159179",2022,"B17001E_ChildPov","Pacific Islander (Non-Hispanic)",0,0,"Livingston","Portage town","New York"
"3605159179",2022,"B17001F_ChildPov","Other (Non-Hispanic)",0,0,"Livingston","Portage town","New York"
"3605159179",2022,"B17001G_ChildPov","Two or More Races (Non-Hispanic)",0,1125.83302491977,"Livingston","Portage town","New York"
"3605159179",2022,"B17001H_ChildPov","White (Non-Hispanic)",10,16.071555495043,"Livingston","Portage town","New York"
"3605159179",2022,"B17001I_ChildPov","Hispanic or Latino (Any Race)",84,292.519340899025,"Livingston","Portage town","New York"
"3605159179",2023,"B17001B_ChildPov","Black (Non-Hispanic)",0,900.666419935816,"Livingston","Portage town","New York"
"3605159179",2023,"B17001C_ChildPov","Native American (Non-Hispanic)",0,0,"Livingston","Portage town","New York"
"3605159179",2023,"B17001D_ChildPov","Asian (Non-Hispanic)",0,0,"Livingston","Portage town","New York"
"3605159179",2023,"B17001E_ChildPov","Pacific Islander (Non-Hispanic)",0,0,"Livingston","Portage town","New York"
"3605159179",2023,"B17001F_ChildPov","Other (Non-Hispanic)",0,0,"Livingston","Portage town","New York"
"3605159179",2023,"B17001G_ChildPov","Two or More Races (Non-Hispanic)",0,1125.83302491977,"Livingston","Portage town","New York"
"3605159179",2023,"B17001H_ChildPov","White (Non-Hispanic)",9.09090909090909,18.8537540405825,"Livingston","Portage town","New York"
"3605159179",2023,"B17001I_ChildPov","Hispanic or Latino (Any Race)",86.6666666666667,258.704941803554,"Livingston","Portage town","New York"
"3605159179",2024,"B17001B_ChildPov","Black (Non-Hispanic)",0,969.948452238571,"Livingston","Portage town","New York"
"3605159179",2024,"B17001C_ChildPov","Native American (Non-Hispanic)",0,0,"Livingston","Portage town","New York"
"3605159179",2024,"B17001D_ChildPov","Asian (Non-Hispanic)",0,0,"Livingston","Portage town","New York"
"3605159179",2024,"B17001E_ChildPov","Pacific Islander (Non-Hispanic)",0,0,"Livingston","Portage town","New York"
"3605159179",2024,"B17001F_ChildPov","Other (Non-Hispanic)",0,0,"Livingston","Portage town","New York"
"3605159179",2024,"B17001G_ChildPov","Two or More Races (Non-Hispanic)",0,808.290376865476,"Livingston","Portage town","New York"
"3605159179",2024,"B17001H_ChildPov","White (Non-Hispanic)",9.56937799043062,20.3576288768968,"Livingston","Portage town","New York"
"3605159179",2024,"B17001I_ChildPov","Hispanic or Latino (Any Race)",85.7142857142857,296.015114374856,"Livingston","Portage town","New York"
"3605170101",2017,"B17001B_ChildPov","Black (Non-Hispanic)",0,0,"Livingston","Sparta town","New York"
"3605170101",2017,"B17001C_ChildPov","Native American (Non-Hispanic)",0,0,"Livingston","Sparta town","New York"
"3605170101",2017,"B17001D_ChildPov","Asian (Non-Hispanic)",0,0,"Livingston","Sparta town","New York"
"3605170101",2017,"B17001E_ChildPov","Pacific Islander (Non-Hispanic)",0,0,"Livingston","Sparta town","New York"
"3605170101",2017,"B17001F_ChildPov","Other (Non-Hispanic)",0,0,"Livingston","Sparta town","New York"
"3605170101",2017,"B17001G_ChildPov","Two or More Races (Non-Hispanic)",0,0,"Livingston","Sparta town","New York"
"3605170101",2017,"B17001H_ChildPov","White (Non-Hispanic)",9.12698412698413,14.2970331069107,"Livingston","Sparta town","New York"
"3605170101",2017,"B17001I_ChildPov","Hispanic or Latino (Any Race)",0,0,"Livingston","Sparta town","New York"
"3605170101",2018,"B17001B_ChildPov","Black (Non-Hispanic)",0,0,"Livingston","Sparta town","New York"
"3605170101",2018,"B17001C_ChildPov","Native American (Non-Hispanic)",0,0,"Livingston","Sparta town","New York"
"3605170101",2018,"B17001D_ChildPov","Asian (Non-Hispanic)",0,0,"Livingston","Sparta town","New York"
"3605170101",2018,"B17001E_ChildPov","Pacific Islander (Non-Hispanic)",0,0,"Livingston","Sparta town","New York"
"3605170101",2018,"B17001F_ChildPov","Other (Non-Hispanic)",0,0,"Livingston","Sparta town","New York"
"3605170101",2018,"B17001G_ChildPov","Two or More Races (Non-Hispanic)",0,0,"Livingston","Sparta town","New York"
"3605170101",2018,"B17001H_ChildPov","White (Non-Hispanic)",5.05836575875486,14.5904220343281,"Livingston","Sparta town","New York"
"3605170101",2018,"B17001I_ChildPov","Hispanic or Latino (Any Race)",0,0,"Livingston","Sparta town","New York"
"3605170101",2019,"B17001B_ChildPov","Black (Non-Hispanic)",0,0,"Livingston","Sparta town","New York"
"3605170101",2019,"B17001C_ChildPov","Native American (Non-Hispanic)",0,0,"Livingston","Sparta town","New York"
"3605170101",2019,"B17001D_ChildPov","Asian (Non-Hispanic)",0,0,"Livingston","Sparta town","New York"
"3605170101",2019,"B17001E_ChildPov","Pacific Islander (Non-Hispanic)",0,0,"Livingston","Sparta town","New York"
"3605170101",2019,"B17001F_ChildPov","Other (Non-Hispanic)",0,0,"Livingston","Sparta town","New York"
"3605170101",2019,"B17001G_ChildPov","Two or More Races (Non-Hispanic)",0,0,"Livingston","Sparta town","New York"
"3605170101",2019,"B17001H_ChildPov","White (Non-Hispanic)",15.3333333333333,14.6650490690461,"Livingston","Sparta town","New York"
"3605170101",2019,"B17001I_ChildPov","Hispanic or Latino (Any Race)",0,0,"Livingston","Sparta town","New York"
"3605170101",2020,"B17001B_ChildPov","Black (Non-Hispanic)",0,0,"Livingston","Sparta town","New York"
"3605170101",2020,"B17001C_ChildPov","Native American (Non-Hispanic)",0,0,"Livingston","Sparta town","New York"
"3605170101",2020,"B17001D_ChildPov","Asian (Non-Hispanic)",0,0,"Livingston","Sparta town","New York"
"3605170101",2020,"B17001E_ChildPov","Pacific Islander (Non-Hispanic)",0,0,"Livingston","Sparta town","New York"
"3605170101",2020,"B17001F_ChildPov","Other (Non-Hispanic)",0,0,"Livingston","Sparta town","New York"
"3605170101",2020,"B17001G_ChildPov","Two or More Races (Non-Hispanic)",0,692.820323027551,"Livingston","Sparta town","New York"
"3605170101",2020,"B17001H_ChildPov","White (Non-Hispanic)",21.3991769547325,17.6291188575407,"Livingston","Sparta town","New York"
"3605170101",2020,"B17001I_ChildPov","Hispanic or Latino (Any Race)",0,692.820323027551,"Livingston","Sparta town","New York"
"3605170101",2021,"B17001B_ChildPov","Black (Non-Hispanic)",0,0,"Livingston","Sparta town","New York"
"3605170101",2021,"B17001C_ChildPov","Native American (Non-Hispanic)",0,0,"Livingston","Sparta town","New York"
"3605170101",2021,"B17001D_ChildPov","Asian (Non-Hispanic)",0,0,"Livingston","Sparta town","New York"
"3605170101",2021,"B17001E_ChildPov","Pacific Islander (Non-Hispanic)",0,0,"Livingston","Sparta town","New York"
"3605170101",2021,"B17001F_ChildPov","Other (Non-Hispanic)",0,0,"Livingston","Sparta town","New York"
"3605170101",2021,"B17001G_ChildPov","Two or More Races (Non-Hispanic)",0,900.666419935816,"Livingston","Sparta town","New York"
"3605170101",2021,"B17001H_ChildPov","White (Non-Hispanic)",22.8070175438596,19.403948135575,"Livingston","Sparta town","New York"
"3605170101",2021,"B17001I_ChildPov","Hispanic or Latino (Any Race)",0,900.666419935816,"Livingston","Sparta town","New York"
"3605170101",2022,"B17001B_ChildPov","Black (Non-Hispanic)",0,0,"Livingston","Sparta town","New York"
"3605170101",2022,"B17001C_ChildPov","Native American (Non-Hispanic)",0,0,"Livingston","Sparta town","New York"
"3605170101",2022,"B17001D_ChildPov","Asian (Non-Hispanic)",0,0,"Livingston","Sparta town","New York"
"3605170101",2022,"B17001E_ChildPov","Pacific Islander (Non-Hispanic)",0,0,"Livingston","Sparta town","New York"
"3605170101",2022,"B17001F_ChildPov","Other (Non-Hispanic)",0,0,"Livingston","Sparta town","New York"
"3605170101",2022,"B17001G_ChildPov","Two or More Races (Non-Hispanic)",0,375.277674973257,"Livingston","Sparta town","New York"
"3605170101",2022,"B17001H_ChildPov","White (Non-Hispanic)",21.0526315789474,17.9275414556166,"Livingston","Sparta town","New York"
"3605170101",2022,"B17001I_ChildPov","Hispanic or Latino (Any Race)",0,750.555349946513,"Livingston","Sparta town","New York"
"3605170101",2023,"B17001B_ChildPov","Black (Non-Hispanic)",0,0,"Livingston","Sparta town","New York"
"3605170101",2023,"B17001C_ChildPov","Native American (Non-Hispanic)",0,0,"Livingston","Sparta town","New York"
"3605170101",2023,"B17001D_ChildPov","Asian (Non-Hispanic)",0,0,"Livingston","Sparta town","New York"
"3605170101",2023,"B17001E_ChildPov","Pacific Islander (Non-Hispanic)",0,0,"Livingston","Sparta town","New York"
"3605170101",2023,"B17001F_ChildPov","Other (Non-Hispanic)",0,0,"Livingston","Sparta town","New York"
"3605170101",2023,"B17001G_ChildPov","Two or More Races (Non-Hispanic)",14.2857142857143,202.56579908045,"Livingston","Sparta town","New York"
"3605170101",2023,"B17001H_ChildPov","White (Non-Hispanic)",31.6363636363636,16.8554633303771,"Livingston","Sparta town","New York"
"3605170101",2023,"B17001I_ChildPov","Hispanic or Latino (Any Race)",0,643.333157097012,"Livingston","Sparta town","New York"
"3605170101",2024,"B17001B_ChildPov","Black (Non-Hispanic)",0,0,"Livingston","Sparta town","New York"
"3605170101",2024,"B17001C_ChildPov","Native American (Non-Hispanic)",0,0,"Livingston","Sparta town","New York"
"3605170101",2024,"B17001D_ChildPov","Asian (Non-Hispanic)",0,0,"Livingston","Sparta town","New York"
"3605170101",2024,"B17001E_ChildPov","Pacific Islander (Non-Hispanic)",0,0,"Livingston","Sparta town","New York"
"3605170101",2024,"B17001F_ChildPov","Other (Non-Hispanic)",0,0,"Livingston","Sparta town","New York"
"3605170101",2024,"B17001G_ChildPov","Two or More Races (Non-Hispanic)",12.5,286.50047038574,"Livingston","Sparta town","New York"
"3605170101",2024,"B17001H_ChildPov","White (Non-Hispanic)",20.0787401574803,17.4834421642815,"Livingston","Sparta town","New York"
"3605170101",2024,"B17001I_ChildPov","Hispanic or Latino (Any Race)",0,808.290376865476,"Livingston","Sparta town","New York"
"3605170475",2017,"B17001B_ChildPov","Black (Non-Hispanic)",0,1905.25588832576,"Livingston","Springwater town","New York"
"3605170475",2017,"B17001C_ChildPov","Native American (Non-Hispanic)",0,0,"Livingston","Springwater town","New York"
"3605170475",2017,"B17001D_ChildPov","Asian (Non-Hispanic)",0,0,"Livingston","Springwater town","New York"
"3605170475",2017,"B17001E_ChildPov","Pacific Islander (Non-Hispanic)",0,0,"Livingston","Springwater town","New York"
"3605170475",2017,"B17001F_ChildPov","Other (Non-Hispanic)",0,0,"Livingston","Springwater town","New York"
"3605170475",2017,"B17001G_ChildPov","Two or More Races (Non-Hispanic)",100,232.593471515625,"Livingston","Springwater town","New York"
"3605170475",2017,"B17001H_ChildPov","White (Non-Hispanic)",12.2401847575058,7.47125923440762,"Livingston","Springwater town","New York"
"3605170475",2017,"B17001I_ChildPov","Hispanic or Latino (Any Race)",0,0,"Livingston","Springwater town","New York"
"3605170475",2018,"B17001B_ChildPov","Black (Non-Hispanic)",0,2078.46096908265,"Livingston","Springwater town","New York"
"3605170475",2018,"B17001C_ChildPov","Native American (Non-Hispanic)",0,0,"Livingston","Springwater town","New York"
"3605170475",2018,"B17001D_ChildPov","Asian (Non-Hispanic)",0,0,"Livingston","Springwater town","New York"
"3605170475",2018,"B17001E_ChildPov","Pacific Islander (Non-Hispanic)",0,0,"Livingston","Springwater town","New York"
"3605170475",2018,"B17001F_ChildPov","Other (Non-Hispanic)",0,1039.23048454133,"Livingston","Springwater town","New York"
"3605170475",2018,"B17001G_ChildPov","Two or More Races (Non-Hispanic)",0,0,"Livingston","Springwater town","New York"
"3605170475",2018,"B17001H_ChildPov","White (Non-Hispanic)",19.917864476386,9.8135308100038,"Livingston","Springwater town","New York"
"3605170475",2018,"B17001I_ChildPov","Hispanic or Latino (Any Race)",0,1039.23048454133,"Livingston","Springwater town","New York"
"3605170475",2019,"B17001B_ChildPov","Black (Non-Hispanic)",0,2078.46096908265,"Livingston","Springwater town","New York"
"3605170475",2019,"B17001C_ChildPov","Native American (Non-Hispanic)",0,0,"Livingston","Springwater town","New York"
"3605170475",2019,"B17001D_ChildPov","Asian (Non-Hispanic)",0,0,"Livingston","Springwater town","New York"
"3605170475",2019,"B17001E_ChildPov","Pacific Islander (Non-Hispanic)",0,0,"Livingston","Springwater town","New York"
"3605170475",2019,"B17001F_ChildPov","Other (Non-Hispanic)",36.3636363636364,316.62385560491,"Livingston","Springwater town","New York"
"3605170475",2019,"B17001G_ChildPov","Two or More Races (Non-Hispanic)",0,0,"Livingston","Springwater town","New York"
"3605170475",2019,"B17001H_ChildPov","White (Non-Hispanic)",16.1100196463654,9.04515234344559,"Livingston","Springwater town","New York"
"3605170475",2019,"B17001I_ChildPov","Hispanic or Latino (Any Race)",0,593.845991166472,"Livingston","Springwater town","New York"
"3605170475",2020,"B17001B_ChildPov","Black (Non-Hispanic)",0,4156.92193816531,"Livingston","Springwater town","New York"
"3605170475",2020,"B17001C_ChildPov","Native American (Non-Hispanic)",0,0,"Livingston","Springwater town","New York"
"3605170475",2020,"B17001D_ChildPov","Asian (Non-Hispanic)",0,0,"Livingston","Springwater town","New York"
"3605170475",2020,"B17001E_ChildPov","Pacific Islander (Non-Hispanic)",0,0,"Livingston","Springwater town","New York"
"3605170475",2020,"B17001F_ChildPov","Other (Non-Hispanic)",12.5,490.821517171721,"Livingston","Springwater town","New York"
"3605170475",2020,"B17001G_ChildPov","Two or More Races (Non-Hispanic)",0,0,"Livingston","Springwater town","New York"
"3605170475",2020,"B17001H_ChildPov","White (Non-Hispanic)",34.0681362725451,14.6198516646486,"Livingston","Springwater town","New York"
"3605170475",2020,"B17001I_ChildPov","Hispanic or Latino (Any Race)",0,593.845991166472,"Livingston","Springwater town","New York"
"3605170475",2021,"B17001B_ChildPov","Black (Non-Hispanic)",0,0,"Livingston","Springwater town","New York"
"3605170475",2021,"B17001C_ChildPov","Native American (Non-Hispanic)",0,0,"Livingston","Springwater town","New York"
"3605170475",2021,"B17001D_ChildPov","Asian (Non-Hispanic)",0,0,"Livingston","Springwater town","New York"
"3605170475",2021,"B17001E_ChildPov","Pacific Islander (Non-Hispanic)",0,0,"Livingston","Springwater town","New York"
"3605170475",2021,"B17001F_ChildPov","Other (Non-Hispanic)",12.5,532.500825263445,"Livingston","Springwater town","New York"
"3605170475",2021,"B17001G_ChildPov","Two or More Races (Non-Hispanic)",0,0,"Livingston","Springwater town","New York"
"3605170475",2021,"B17001H_ChildPov","White (Non-Hispanic)",34.3881856540084,13.3262827966821,"Livingston","Springwater town","New York"
"3605170475",2021,"B17001I_ChildPov","Hispanic or Latino (Any Race)",0,643.333157097012,"Livingston","Springwater town","New York"
"3605170475",2022,"B17001B_ChildPov","Black (Non-Hispanic)",0,0,"Livingston","Springwater town","New York"
"3605170475",2022,"B17001C_ChildPov","Native American (Non-Hispanic)",0,0,"Livingston","Springwater town","New York"
"3605170475",2022,"B17001D_ChildPov","Asian (Non-Hispanic)",0,0,"Livingston","Springwater town","New York"
"3605170475",2022,"B17001E_ChildPov","Pacific Islander (Non-Hispanic)",0,0,"Livingston","Springwater town","New York"
"3605170475",2022,"B17001F_ChildPov","Other (Non-Hispanic)",15.3846153846154,326.365022109592,"Livingston","Springwater town","New York"
"3605170475",2022,"B17001G_ChildPov","Two or More Races (Non-Hispanic)",0,1125.83302491977,"Livingston","Springwater town","New York"
"3605170475",2022,"B17001H_ChildPov","White (Non-Hispanic)",42.1471172962227,17.8977386464952,"Livingston","Springwater town","New York"
"3605170475",2022,"B17001I_ChildPov","Hispanic or Latino (Any Race)",0,409.393827243553,"Livingston","Springwater town","New York"
"3605170475",2023,"B17001B_ChildPov","Black (Non-Hispanic)",0,0,"Livingston","Springwater town","New York"
"3605170475",2023,"B17001C_ChildPov","Native American (Non-Hispanic)",0,0,"Livingston","Springwater town","New York"
"3605170475",2023,"B17001D_ChildPov","Asian (Non-Hispanic)",0,0,"Livingston","Springwater town","New York"
"3605170475",2023,"B17001E_ChildPov","Pacific Islander (Non-Hispanic)",0,0,"Livingston","Springwater town","New York"
"3605170475",2023,"B17001F_ChildPov","Other (Non-Hispanic)",100,3800.65783779598,"Livingston","Springwater town","New York"
"3605170475",2023,"B17001G_ChildPov","Two or More Races (Non-Hispanic)",0,83.3950388829459,"Livingston","Springwater town","New York"
"3605170475",2023,"B17001H_ChildPov","White (Non-Hispanic)",13.2307692307692,10.9421246219966,"Livingston","Springwater town","New York"
"3605170475",2023,"B17001I_ChildPov","Hispanic or Latino (Any Race)",0,0,"Livingston","Springwater town","New York"
"3605170475",2024,"B17001B_ChildPov","Black (Non-Hispanic)",0,0,"Livingston","Springwater town","New York"
"3605170475",2024,"B17001C_ChildPov","Native American (Non-Hispanic)",0,0,"Livingston","Springwater town","New York"
"3605170475",2024,"B17001D_ChildPov","Asian (Non-Hispanic)",0,0,"Livingston","Springwater town","New York"
"3605170475",2024,"B17001E_ChildPov","Pacific Islander (Non-Hispanic)",0,0,"Livingston","Springwater town","New York"
"3605170475",2024,"B17001F_ChildPov","Other (Non-Hispanic)",0,0,"Livingston","Springwater town","New York"
"3605170475",2024,"B17001G_ChildPov","Two or More Races (Non-Hispanic)",0,74.611419402967,"Livingston","Springwater town","New York"
"3605170475",2024,"B17001H_ChildPov","White (Non-Hispanic)",15.954415954416,11.8717633541368,"Livingston","Springwater town","New York"
"3605170475",2024,"B17001I_ChildPov","Hispanic or Latino (Any Race)",0,0,"Livingston","Springwater town","New York"
"3605181006",2017,"B17001B_ChildPov","Black (Non-Hispanic)",0,0,"Livingston","West Sparta town","New York"
"3605181006",2017,"B17001C_ChildPov","Native American (Non-Hispanic)",0,0,"Livingston","West Sparta town","New York"
"3605181006",2017,"B17001D_ChildPov","Asian (Non-Hispanic)",0,0,"Livingston","West Sparta town","New York"
"3605181006",2017,"B17001E_ChildPov","Pacific Islander (Non-Hispanic)",0,0,"Livingston","West Sparta town","New York"
"3605181006",2017,"B17001F_ChildPov","Other (Non-Hispanic)",0,0,"Livingston","West Sparta town","New York"
"3605181006",2017,"B17001G_ChildPov","Two or More Races (Non-Hispanic)",40,148.361046100383,"Livingston","West Sparta town","New York"
"3605181006",2017,"B17001H_ChildPov","White (Non-Hispanic)",42.3236514522822,20.855557731202,"Livingston","West Sparta town","New York"
"3605181006",2017,"B17001I_ChildPov","Hispanic or Latino (Any Race)",0,1270.17059221718,"Livingston","West Sparta town","New York"
"3605181006",2018,"B17001B_ChildPov","Black (Non-Hispanic)",0,0,"Livingston","West Sparta town","New York"
"3605181006",2018,"B17001C_ChildPov","Native American (Non-Hispanic)",0,0,"Livingston","West Sparta town","New York"
"3605181006",2018,"B17001D_ChildPov","Asian (Non-Hispanic)",0,0,"Livingston","West Sparta town","New York"
"3605181006",2018,"B17001E_ChildPov","Pacific Islander (Non-Hispanic)",0,0,"Livingston","West Sparta town","New York"
"3605181006",2018,"B17001F_ChildPov","Other (Non-Hispanic)",0,0,"Livingston","West Sparta town","New York"
"3605181006",2018,"B17001G_ChildPov","Two or More Races (Non-Hispanic)",0,377.901994378664,"Livingston","West Sparta town","New York"
"3605181006",2018,"B17001H_ChildPov","White (Non-Hispanic)",41.2213740458015,22.6092283908858,"Livingston","West Sparta town","New York"
"3605181006",2018,"B17001I_ChildPov","Hispanic or Latino (Any Race)",0,1385.6406460551,"Livingston","West Sparta town","New York"
"3605181006",2019,"B17001B_ChildPov","Black (Non-Hispanic)",0,0,"Livingston","West Sparta town","New York"
"3605181006",2019,"B17001C_ChildPov","Native American (Non-Hispanic)",0,0,"Livingston","West Sparta town","New York"
"3605181006",2019,"B17001D_ChildPov","Asian (Non-Hispanic)",0,0,"Livingston","West Sparta town","New York"
"3605181006",2019,"B17001E_ChildPov","Pacific Islander (Non-Hispanic)",0,0,"Livingston","West Sparta town","New York"
"3605181006",2019,"B17001F_ChildPov","Other (Non-Hispanic)",0,0,"Livingston","West Sparta town","New York"
"3605181006",2019,"B17001G_ChildPov","Two or More Races (Non-Hispanic)",0,461.880215351701,"Livingston","West Sparta town","New York"
"3605181006",2019,"B17001H_ChildPov","White (Non-Hispanic)",8.98876404494382,19.9008580193248,"Livingston","West Sparta town","New York"
"3605181006",2019,"B17001I_ChildPov","Hispanic or Latino (Any Race)",0,1385.6406460551,"Livingston","West Sparta town","New York"
"3605181006",2020,"B17001B_ChildPov","Black (Non-Hispanic)",0,0,"Livingston","West Sparta town","New York"
"3605181006",2020,"B17001C_ChildPov","Native American (Non-Hispanic)",0,0,"Livingston","West Sparta town","New York"
"3605181006",2020,"B17001D_ChildPov","Asian (Non-Hispanic)",0,0,"Livingston","West Sparta town","New York"
"3605181006",2020,"B17001E_ChildPov","Pacific Islander (Non-Hispanic)",0,0,"Livingston","West Sparta town","New York"
"3605181006",2020,"B17001F_ChildPov","Other (Non-Hispanic)",0,0,"Livingston","West Sparta town","New York"
"3605181006",2020,"B17001G_ChildPov","Two or More Races (Non-Hispanic)",0,0,"Livingston","West Sparta town","New York"
"3605181006",2020,"B17001H_ChildPov","White (Non-Hispanic)",5.75221238938053,15.6121852901922,"Livingston","West Sparta town","New York"
"3605181006",2020,"B17001I_ChildPov","Hispanic or Latino (Any Race)",0,2078.46096908265,"Livingston","West Sparta town","New York"
"3605181006",2021,"B17001B_ChildPov","Black (Non-Hispanic)",0,0,"Livingston","West Sparta town","New York"
"3605181006",2021,"B17001C_ChildPov","Native American (Non-Hispanic)",0,0,"Livingston","West Sparta town","New York"
"3605181006",2021,"B17001D_ChildPov","Asian (Non-Hispanic)",0,0,"Livingston","West Sparta town","New York"
"3605181006",2021,"B17001E_ChildPov","Pacific Islander (Non-Hispanic)",0,0,"Livingston","West Sparta town","New York"
"3605181006",2021,"B17001F_ChildPov","Other (Non-Hispanic)",0,0,"Livingston","West Sparta town","New York"
"3605181006",2021,"B17001G_ChildPov","Two or More Races (Non-Hispanic)",0,0,"Livingston","West Sparta town","New York"
"3605181006",2021,"B17001H_ChildPov","White (Non-Hispanic)",6.84931506849315,17.2628450882371,"Livingston","West Sparta town","New York"
"3605181006",2021,"B17001I_ChildPov","Hispanic or Latino (Any Race)",0,1501.11069989303,"Livingston","West Sparta town","New York"
"3605181006",2022,"B17001B_ChildPov","Black (Non-Hispanic)",0,0,"Livingston","West Sparta town","New York"
"3605181006",2022,"B17001C_ChildPov","Native American (Non-Hispanic)",0,0,"Livingston","West Sparta town","New York"
"3605181006",2022,"B17001D_ChildPov","Asian (Non-Hispanic)",0,0,"Livingston","West Sparta town","New York"
"3605181006",2022,"B17001E_ChildPov","Pacific Islander (Non-Hispanic)",0,0,"Livingston","West Sparta town","New York"
"3605181006",2022,"B17001F_ChildPov","Other (Non-Hispanic)",0,0,"Livingston","West Sparta town","New York"
"3605181006",2022,"B17001G_ChildPov","Two or More Races (Non-Hispanic)",0,0,"Livingston","West Sparta town","New York"
"3605181006",2022,"B17001H_ChildPov","White (Non-Hispanic)",7.72946859903382,18.5440539301969,"Livingston","West Sparta town","New York"
"3605181006",2022,"B17001I_ChildPov","Hispanic or Latino (Any Race)",0,0,"Livingston","West Sparta town","New York"
"3605181006",2023,"B17001B_ChildPov","Black (Non-Hispanic)",0,0,"Livingston","West Sparta town","New York"
"3605181006",2023,"B17001C_ChildPov","Native American (Non-Hispanic)",0,0,"Livingston","West Sparta town","New York"
"3605181006",2023,"B17001D_ChildPov","Asian (Non-Hispanic)",0,0,"Livingston","West Sparta town","New York"
"3605181006",2023,"B17001E_ChildPov","Pacific Islander (Non-Hispanic)",0,0,"Livingston","West Sparta town","New York"
"3605181006",2023,"B17001F_ChildPov","Other (Non-Hispanic)",0,0,"Livingston","West Sparta town","New York"
"3605181006",2023,"B17001G_ChildPov","Two or More Races (Non-Hispanic)",100,517.154695997084,"Livingston","West Sparta town","New York"
"3605181006",2023,"B17001H_ChildPov","White (Non-Hispanic)",4.6242774566474,24.1029217220707,"Livingston","West Sparta town","New York"
"3605181006",2023,"B17001I_ChildPov","Hispanic or Latino (Any Race)",0,0,"Livingston","West Sparta town","New York"
"3605181006",2024,"B17001B_ChildPov","Black (Non-Hispanic)",0,0,"Livingston","West Sparta town","New York"
"3605181006",2024,"B17001C_ChildPov","Native American (Non-Hispanic)",0,0,"Livingston","West Sparta town","New York"
"3605181006",2024,"B17001D_ChildPov","Asian (Non-Hispanic)",0,0,"Livingston","West Sparta town","New York"
"3605181006",2024,"B17001E_ChildPov","Pacific Islander (Non-Hispanic)",0,0,"Livingston","West Sparta town","New York"
"3605181006",2024,"B17001F_ChildPov","Other (Non-Hispanic)",0,0,"Livingston","West Sparta town","New York"
"3605181006",2024,"B17001G_ChildPov","Two or More Races (Non-Hispanic)",100,965.174854624798,"Livingston","West Sparta town","New York"
"3605181006",2024,"B17001H_ChildPov","White (Non-Hispanic)",2.3121387283237,27.0429267015073,"Livingston","West Sparta town","New York"
"3605181006",2024,"B17001I_ChildPov","Hispanic or Latino (Any Race)",0,0,"Livingston","West Sparta town","New York"
"3605184022",2017,"B17001B_ChildPov","Black (Non-Hispanic)",0,0,"Livingston","York town","New York"
"3605184022",2017,"B17001C_ChildPov","Native American (Non-Hispanic)",0,0,"Livingston","York town","New York"
"3605184022",2017,"B17001D_ChildPov","Asian (Non-Hispanic)",0,0,"Livingston","York town","New York"
"3605184022",2017,"B17001E_ChildPov","Pacific Islander (Non-Hispanic)",0,0,"Livingston","York town","New York"
"3605184022",2017,"B17001F_ChildPov","Other (Non-Hispanic)",0,0,"Livingston","York town","New York"
"3605184022",2017,"B17001G_ChildPov","Two or More Races (Non-Hispanic)",16.6666666666667,87.3421622881935,"Livingston","York town","New York"
"3605184022",2017,"B17001H_ChildPov","White (Non-Hispanic)",7.12365591397849,8.7284677712865,"Livingston","York town","New York"
"3605184022",2017,"B17001I_ChildPov","Hispanic or Latino (Any Race)",0,0,"Livingston","York town","New York"
"3605184022",2018,"B17001B_ChildPov","Black (Non-Hispanic)",0,0,"Livingston","York town","New York"
"3605184022",2018,"B17001C_ChildPov","Native American (Non-Hispanic)",0,0,"Livingston","York town","New York"
"3605184022",2018,"B17001D_ChildPov","Asian (Non-Hispanic)",0,0,"Livingston","York town","New York"
"3605184022",2018,"B17001E_ChildPov","Pacific Islander (Non-Hispanic)",0,0,"Livingston","York town","New York"
"3605184022",2018,"B17001F_ChildPov","Other (Non-Hispanic)",0,0,"Livingston","York town","New York"
"3605184022",2018,"B17001G_ChildPov","Two or More Races (Non-Hispanic)",31.5789473684211,104.10759509626,"Livingston","York town","New York"
"3605184022",2018,"B17001H_ChildPov","White (Non-Hispanic)",0.702247191011236,5.72863241650382,"Livingston","York town","New York"
"3605184022",2018,"B17001I_ChildPov","Hispanic or Latino (Any Race)",0,0,"Livingston","York town","New York"
"3605184022",2019,"B17001B_ChildPov","Black (Non-Hispanic)",0,0,"Livingston","York town","New York"
"3605184022",2019,"B17001C_ChildPov","Native American (Non-Hispanic)",0,0,"Livingston","York town","New York"
"3605184022",2019,"B17001D_ChildPov","Asian (Non-Hispanic)",0,0,"Livingston","York town","New York"
"3605184022",2019,"B17001E_ChildPov","Pacific Islander (Non-Hispanic)",0,0,"Livingston","York town","New York"
"3605184022",2019,"B17001F_ChildPov","Other (Non-Hispanic)",0,0,"Livingston","York town","New York"
"3605184022",2019,"B17001G_ChildPov","Two or More Races (Non-Hispanic)",18.1818181818182,119.215970158247,"Livingston","York town","New York"
"3605184022",2019,"B17001H_ChildPov","White (Non-Hispanic)",3.84068278805121,6.41660939921674,"Livingston","York town","New York"
"3605184022",2019,"B17001I_ChildPov","Hispanic or Latino (Any Race)",0,0,"Livingston","York town","New York"
"3605184022",2020,"B17001B_ChildPov","Black (Non-Hispanic)",0,0,"Livingston","York town","New York"
"3605184022",2020,"B17001C_ChildPov","Native American (Non-Hispanic)",0,0,"Livingston","York town","New York"
"3605184022",2020,"B17001D_ChildPov","Asian (Non-Hispanic)",0,0,"Livingston","York town","New York"
"3605184022",2020,"B17001E_ChildPov","Pacific Islander (Non-Hispanic)",0,0,"Livingston","York town","New York"
"3605184022",2020,"B17001F_ChildPov","Other (Non-Hispanic)",0,103.923048454133,"Livingston","York town","New York"
"3605184022",2020,"B17001G_ChildPov","Two or More Races (Non-Hispanic)",52.9411764705882,95.7769903567771,"Livingston","York town","New York"
"3605184022",2020,"B17001H_ChildPov","White (Non-Hispanic)",7.26698262243286,7.94578886783272,"Livingston","York town","New York"
"3605184022",2020,"B17001I_ChildPov","Hispanic or Latino (Any Race)",0,103.923048454133,"Livingston","York town","New York"
"3605184022",2021,"B17001B_ChildPov","Black (Non-Hispanic)",0,0,"Livingston","York town","New York"
"3605184022",2021,"B17001C_ChildPov","Native American (Non-Hispanic)",0,0,"Livingston","York town","New York"
"3605184022",2021,"B17001D_ChildPov","Asian (Non-Hispanic)",0,0,"Livingston","York town","New York"
"3605184022",2021,"B17001E_ChildPov","Pacific Islander (Non-Hispanic)",0,0,"Livingston","York town","New York"
"3605184022",2021,"B17001F_ChildPov","Other (Non-Hispanic)",0,118.508739465239,"Livingston","York town","New York"
"3605184022",2021,"B17001G_ChildPov","Two or More Races (Non-Hispanic)",0,346.410161513775,"Livingston","York town","New York"
"3605184022",2021,"B17001H_ChildPov","White (Non-Hispanic)",7.45814307458143,8.30866411315546,"Livingston","York town","New York"
"3605184022",2021,"B17001I_ChildPov","Hispanic or Latino (Any Race)",0,118.508739465239,"Livingston","York town","New York"
"3605184022",2022,"B17001B_ChildPov","Black (Non-Hispanic)",0,0,"Livingston","York town","New York"
"3605184022",2022,"B17001C_ChildPov","Native American (Non-Hispanic)",0,0,"Livingston","York town","New York"
"3605184022",2022,"B17001D_ChildPov","Asian (Non-Hispanic)",0,0,"Livingston","York town","New York"
"3605184022",2022,"B17001E_ChildPov","Pacific Islander (Non-Hispanic)",0,0,"Livingston","York town","New York"
"3605184022",2022,"B17001F_ChildPov","Other (Non-Hispanic)",0,112.583302491977,"Livingston","York town","New York"
"3605184022",2022,"B17001G_ChildPov","Two or More Races (Non-Hispanic)",0,195.797047812134,"Livingston","York town","New York"
"3605184022",2022,"B17001H_ChildPov","White (Non-Hispanic)",8.25545171339564,9.29380508481036,"Livingston","York town","New York"
"3605184022",2022,"B17001I_ChildPov","Hispanic or Latino (Any Race)",35.4838709677419,63.8382237146673,"Livingston","York town","New York"
"3605184022",2023,"B17001B_ChildPov","Black (Non-Hispanic)",0,0,"Livingston","York town","New York"
"3605184022",2023,"B17001C_ChildPov","Native American (Non-Hispanic)",0,0,"Livingston","York town","New York"
"3605184022",2023,"B17001D_ChildPov","Asian (Non-Hispanic)",0,0,"Livingston","York town","New York"
"3605184022",2023,"B17001E_ChildPov","Pacific Islander (Non-Hispanic)",0,0,"Livingston","York town","New York"
"3605184022",2023,"B17001F_ChildPov","Other (Non-Hispanic)",0,100.074046659535,"Livingston","York town","New York"
"3605184022",2023,"B17001G_ChildPov","Two or More Races (Non-Hispanic)",0,187.638837486628,"Livingston","York town","New York"
"3605184022",2023,"B17001H_ChildPov","White (Non-Hispanic)",8.31918505942275,10.6182231837227,"Livingston","York town","New York"
"3605184022",2023,"B17001I_ChildPov","Hispanic or Latino (Any Race)",45.7831325301205,49.0681308849832,"Livingston","York town","New York"
"3605184022",2024,"B17001B_ChildPov","Black (Non-Hispanic)",0,0,"Livingston","York town","New York"
"3605184022",2024,"B17001C_ChildPov","Native American (Non-Hispanic)",0,0,"Livingston","York town","New York"
"3605184022",2024,"B17001D_ChildPov","Asian (Non-Hispanic)",0,0,"Livingston","York town","New York"
"3605184022",2024,"B17001E_ChildPov","Pacific Islander (Non-Hispanic)",0,0,"Livingston","York town","New York"
"3605184022",2024,"B17001F_ChildPov","Other (Non-Hispanic)",0,110.22141502711,"Livingston","York town","New York"
"3605184022",2024,"B17001G_ChildPov","Two or More Races (Non-Hispanic)",0,110.22141502711,"Livingston","York town","New York"
"3605184022",2024,"B17001H_ChildPov","White (Non-Hispanic)",6.34920634920635,8.2553655178176,"Livingston","York town","New York"
"3605184022",2024,"B17001I_ChildPov","Hispanic or Latino (Any Race)",62.7118644067797,33.4758358822683,"Livingston","York town","New York"
"3605500000",2017,"B17001B_ChildPov","Black (Non-Hispanic)",0,0,"Monroe","County subdivisions not defined","New York"
"3605500000",2017,"B17001C_ChildPov","Native American (Non-Hispanic)",0,0,"Monroe","County subdivisions not defined","New York"
"3605500000",2017,"B17001D_ChildPov","Asian (Non-Hispanic)",0,0,"Monroe","County subdivisions not defined","New York"
"3605500000",2017,"B17001E_ChildPov","Pacific Islander (Non-Hispanic)",0,0,"Monroe","County subdivisions not defined","New York"
"3605500000",2017,"B17001F_ChildPov","Other (Non-Hispanic)",0,0,"Monroe","County subdivisions not defined","New York"
"3605500000",2017,"B17001G_ChildPov","Two or More Races (Non-Hispanic)",0,0,"Monroe","County subdivisions not defined","New York"
"3605500000",2017,"B17001H_ChildPov","White (Non-Hispanic)",0,0,"Monroe","County subdivisions not defined","New York"
"3605500000",2017,"B17001I_ChildPov","Hispanic or Latino (Any Race)",0,0,"Monroe","County subdivisions not defined","New York"
"3605500000",2018,"B17001B_ChildPov","Black (Non-Hispanic)",0,0,"Monroe","County subdivisions not defined","New York"
"3605500000",2018,"B17001C_ChildPov","Native American (Non-Hispanic)",0,0,"Monroe","County subdivisions not defined","New York"
"3605500000",2018,"B17001D_ChildPov","Asian (Non-Hispanic)",0,0,"Monroe","County subdivisions not defined","New York"
"3605500000",2018,"B17001E_ChildPov","Pacific Islander (Non-Hispanic)",0,0,"Monroe","County subdivisions not defined","New York"
"3605500000",2018,"B17001F_ChildPov","Other (Non-Hispanic)",0,0,"Monroe","County subdivisions not defined","New York"
"3605500000",2018,"B17001G_ChildPov","Two or More Races (Non-Hispanic)",0,0,"Monroe","County subdivisions not defined","New York"
"3605500000",2018,"B17001H_ChildPov","White (Non-Hispanic)",0,0,"Monroe","County subdivisions not defined","New York"
"3605500000",2018,"B17001I_ChildPov","Hispanic or Latino (Any Race)",0,0,"Monroe","County subdivisions not defined","New York"
"3605500000",2019,"B17001B_ChildPov","Black (Non-Hispanic)",0,0,"Monroe","County subdivisions not defined","New York"
"3605500000",2019,"B17001C_ChildPov","Native American (Non-Hispanic)",0,0,"Monroe","County subdivisions not defined","New York"
"3605500000",2019,"B17001D_ChildPov","Asian (Non-Hispanic)",0,0,"Monroe","County subdivisions not defined","New York"
"3605500000",2019,"B17001E_ChildPov","Pacific Islander (Non-Hispanic)",0,0,"Monroe","County subdivisions not defined","New York"
"3605500000",2019,"B17001F_ChildPov","Other (Non-Hispanic)",0,0,"Monroe","County subdivisions not defined","New York"
"3605500000",2019,"B17001G_ChildPov","Two or More Races (Non-Hispanic)",0,0,"Monroe","County subdivisions not defined","New York"
"3605500000",2019,"B17001H_ChildPov","White (Non-Hispanic)",0,0,"Monroe","County subdivisions not defined","New York"
"3605500000",2019,"B17001I_ChildPov","Hispanic or Latino (Any Race)",0,0,"Monroe","County subdivisions not defined","New York"
"3605500000",2020,"B17001B_ChildPov","Black (Non-Hispanic)",0,0,"Monroe","County subdivisions not defined","New York"
"3605500000",2020,"B17001C_ChildPov","Native American (Non-Hispanic)",0,0,"Monroe","County subdivisions not defined","New York"
"3605500000",2020,"B17001D_ChildPov","Asian (Non-Hispanic)",0,0,"Monroe","County subdivisions not defined","New York"
"3605500000",2020,"B17001E_ChildPov","Pacific Islander (Non-Hispanic)",0,0,"Monroe","County subdivisions not defined","New York"
"3605500000",2020,"B17001F_ChildPov","Other (Non-Hispanic)",0,0,"Monroe","County subdivisions not defined","New York"
"3605500000",2020,"B17001G_ChildPov","Two or More Races (Non-Hispanic)",0,0,"Monroe","County subdivisions not defined","New York"
"3605500000",2020,"B17001H_ChildPov","White (Non-Hispanic)",0,0,"Monroe","County subdivisions not defined","New York"
"3605500000",2020,"B17001I_ChildPov","Hispanic or Latino (Any Race)",0,0,"Monroe","County subdivisions not defined","New York"
"3605500000",2021,"B17001B_ChildPov","Black (Non-Hispanic)",0,0,"Monroe","County subdivisions not defined","New York"
"3605500000",2021,"B17001C_ChildPov","Native American (Non-Hispanic)",0,0,"Monroe","County subdivisions not defined","New York"
"3605500000",2021,"B17001D_ChildPov","Asian (Non-Hispanic)",0,0,"Monroe","County subdivisions not defined","New York"
"3605500000",2021,"B17001E_ChildPov","Pacific Islander (Non-Hispanic)",0,0,"Monroe","County subdivisions not defined","New York"
"3605500000",2021,"B17001F_ChildPov","Other (Non-Hispanic)",0,0,"Monroe","County subdivisions not defined","New York"
"3605500000",2021,"B17001G_ChildPov","Two or More Races (Non-Hispanic)",0,0,"Monroe","County subdivisions not defined","New York"
"3605500000",2021,"B17001H_ChildPov","White (Non-Hispanic)",0,0,"Monroe","County subdivisions not defined","New York"
"3605500000",2021,"B17001I_ChildPov","Hispanic or Latino (Any Race)",0,0,"Monroe","County subdivisions not defined","New York"
"3605500000",2022,"B17001B_ChildPov","Black (Non-Hispanic)",0,0,"Monroe","County subdivisions not defined","New York"
"3605500000",2022,"B17001C_ChildPov","Native American (Non-Hispanic)",0,0,"Monroe","County subdivisions not defined","New York"
"3605500000",2022,"B17001D_ChildPov","Asian (Non-Hispanic)",0,0,"Monroe","County subdivisions not defined","New York"
"3605500000",2022,"B17001E_ChildPov","Pacific Islander (Non-Hispanic)",0,0,"Monroe","County subdivisions not defined","New York"
"3605500000",2022,"B17001F_ChildPov","Other (Non-Hispanic)",0,0,"Monroe","County subdivisions not defined","New York"
"3605500000",2022,"B17001G_ChildPov","Two or More Races (Non-Hispanic)",0,0,"Monroe","County subdivisions not defined","New York"
"3605500000",2022,"B17001H_ChildPov","White (Non-Hispanic)",0,0,"Monroe","County subdivisions not defined","New York"
"3605500000",2022,"B17001I_ChildPov","Hispanic or Latino (Any Race)",0,0,"Monroe","County subdivisions not defined","New York"
"3605500000",2023,"B17001B_ChildPov","Black (Non-Hispanic)",0,0,"Monroe","County subdivisions not defined","New York"
"3605500000",2023,"B17001C_ChildPov","Native American (Non-Hispanic)",0,0,"Monroe","County subdivisions not defined","New York"
"3605500000",2023,"B17001D_ChildPov","Asian (Non-Hispanic)",0,0,"Monroe","County subdivisions not defined","New York"
"3605500000",2023,"B17001E_ChildPov","Pacific Islander (Non-Hispanic)",0,0,"Monroe","County subdivisions not defined","New York"
"3605500000",2023,"B17001F_ChildPov","Other (Non-Hispanic)",0,0,"Monroe","County subdivisions not defined","New York"
"3605500000",2023,"B17001G_ChildPov","Two or More Races (Non-Hispanic)",0,0,"Monroe","County subdivisions not defined","New York"
"3605500000",2023,"B17001H_ChildPov","White (Non-Hispanic)",0,0,"Monroe","County subdivisions not defined","New York"
"3605500000",2023,"B17001I_ChildPov","Hispanic or Latino (Any Race)",0,0,"Monroe","County subdivisions not defined","New York"
"3605500000",2024,"B17001B_ChildPov","Black (Non-Hispanic)",0,0,"Monroe","County subdivisions not defined","New York"
"3605500000",2024,"B17001C_ChildPov","Native American (Non-Hispanic)",0,0,"Monroe","County subdivisions not defined","New York"
"3605500000",2024,"B17001D_ChildPov","Asian (Non-Hispanic)",0,0,"Monroe","County subdivisions not defined","New York"
"3605500000",2024,"B17001E_ChildPov","Pacific Islander (Non-Hispanic)",0,0,"Monroe","County subdivisions not defined","New York"
"3605500000",2024,"B17001F_ChildPov","Other (Non-Hispanic)",0,0,"Monroe","County subdivisions not defined","New York"
"3605500000",2024,"B17001G_ChildPov","Two or More Races (Non-Hispanic)",0,0,"Monroe","County subdivisions not defined","New York"
"3605500000",2024,"B17001H_ChildPov","White (Non-Hispanic)",0,0,"Monroe","County subdivisions not defined","New York"
"3605500000",2024,"B17001I_ChildPov","Hispanic or Latino (Any Race)",0,0,"Monroe","County subdivisions not defined","New York"
"3605508246",2017,"B17001B_ChildPov","Black (Non-Hispanic)",52.6315789473684,23.5894867291166,"Monroe","Brighton town","New York"
"3605508246",2017,"B17001C_ChildPov","Native American (Non-Hispanic)",45.2380952380952,143.586382891501,"Monroe","Brighton town","New York"
"3605508246",2017,"B17001D_ChildPov","Asian (Non-Hispanic)",7.99492385786802,10.6001777596985,"Monroe","Brighton town","New York"
"3605508246",2017,"B17001E_ChildPov","Pacific Islander (Non-Hispanic)",0,0,"Monroe","Brighton town","New York"
"3605508246",2017,"B17001F_ChildPov","Other (Non-Hispanic)",0,346.410161513776,"Monroe","Brighton town","New York"
"3605508246",2017,"B17001G_ChildPov","Two or More Races (Non-Hispanic)",9.34782608695652,22.4536511579649,"Monroe","Brighton town","New York"
"3605508246",2017,"B17001H_ChildPov","White (Non-Hispanic)",5.67715458276334,4.44120202668785,"Monroe","Brighton town","New York"
"3605508246",2017,"B17001I_ChildPov","Hispanic or Latino (Any Race)",0,44.6980853566162,"Monroe","Brighton town","New York"
"3605508246",2018,"B17001B_ChildPov","Black (Non-Hispanic)",68.2451253481894,26.0296276891873,"Monroe","Brighton town","New York"
"3605508246",2018,"B17001C_ChildPov","Native American (Non-Hispanic)",54.5454545454545,120.844986197858,"Monroe","Brighton town","New York"
"3605508246",2018,"B17001D_ChildPov","Asian (Non-Hispanic)",6.2266500622665,10.9256759039693,"Monroe","Brighton town","New York"
"3605508246",2018,"B17001E_ChildPov","Pacific Islander (Non-Hispanic)",0,0,"Monroe","Brighton town","New York"
"3605508246",2018,"B17001F_ChildPov","Other (Non-Hispanic)",0,962.250448649376,"Monroe","Brighton town","New York"
"3605508246",2018,"B17001G_ChildPov","Two or More Races (Non-Hispanic)",11.3065326633166,26.9813833090382,"Monroe","Brighton town","New York"
"3605508246",2018,"B17001H_ChildPov","White (Non-Hispanic)",5.04014272970562,4.32628580316672,"Monroe","Brighton town","New York"
"3605508246",2018,"B17001I_ChildPov","Hispanic or Latino (Any Race)",5.72289156626506,26.421287096328,"Monroe","Brighton town","New York"
"3605508246",2019,"B17001B_ChildPov","Black (Non-Hispanic)",54.1254125412541,24.87818080537,"Monroe","Brighton town","New York"
"3605508246",2019,"B17001C_ChildPov","Native American (Non-Hispanic)",54.1666666666667,111.011748920722,"Monroe","Brighton town","New York"
"3605508246",2019,"B17001D_ChildPov","Asian (Non-Hispanic)",6.59203980099503,11.0627566657534,"Monroe","Brighton town","New York"
"3605508246",2019,"B17001E_ChildPov","Pacific Islander (Non-Hispanic)",0,0,"Monroe","Brighton town","New York"
"3605508246",2019,"B17001F_ChildPov","Other (Non-Hispanic)",0,163.40101958197,"Monroe","Brighton town","New York"
"3605508246",2019,"B17001G_ChildPov","Two or More Races (Non-Hispanic)",0,18.5444411945276,"Monroe","Brighton town","New York"
"3605508246",2019,"B17001H_ChildPov","White (Non-Hispanic)",7.33501954472292,4.93137709822811,"Monroe","Brighton town","New York"
"3605508246",2019,"B17001I_ChildPov","Hispanic or Latino (Any Race)",12.0547945205479,23.8843184693123,"Monroe","Brighton town","New York"
"3605508246",2020,"B17001B_ChildPov","Black (Non-Hispanic)",60.4904632152589,24.2955019394004,"Monroe","Brighton town","New York"
"3605508246",2020,"B17001C_ChildPov","Native American (Non-Hispanic)",69.2307692307692,31.2882936482896,"Monroe","Brighton town","New York"
"3605508246",2020,"B17001D_ChildPov","Asian (Non-Hispanic)",4.66101694915254,9.21315110086538,"Monroe","Brighton town","New York"
"3605508246",2020,"B17001E_ChildPov","Pacific Islander (Non-Hispanic)",0,0,"Monroe","Brighton town","New York"
"3605508246",2020,"B17001F_ChildPov","Other (Non-Hispanic)",0,150.111069989303,"Monroe","Brighton town","New York"
"3605508246",2020,"B17001G_ChildPov","Two or More Races (Non-Hispanic)",15.5824508320726,16.8708555776718,"Monroe","Brighton town","New York"
"3605508246",2020,"B17001H_ChildPov","White (Non-Hispanic)",5.18758684576193,4.24564799947446,"Monroe","Brighton town","New York"
"3605508246",2020,"B17001I_ChildPov","Hispanic or Latino (Any Race)",13.4615384615385,28.7355151521332,"Monroe","Brighton town","New York"
"3605508246",2021,"B17001B_ChildPov","Black (Non-Hispanic)",32.5259515570934,35.3339055469249,"Monroe","Brighton town","New York"
"3605508246",2021,"B17001C_ChildPov","Native American (Non-Hispanic)",0,1336.15348012456,"Monroe","Brighton town","New York"
"3605508246",2021,"B17001D_ChildPov","Asian (Non-Hispanic)",0,9.88697078316273,"Monroe","Brighton town","New York"
"3605508246",2021,"B17001E_ChildPov","Pacific Islander (Non-Hispanic)",0,0,"Monroe","Brighton town","New York"
"3605508246",2021,"B17001F_ChildPov","Other (Non-Hispanic)",0,93.5307436087194,"Monroe","Brighton town","New York"
"3605508246",2021,"B17001G_ChildPov","Two or More Races (Non-Hispanic)",17.8205128205128,16.5711880929476,"Monroe","Brighton town","New York"
"3605508246",2021,"B17001H_ChildPov","White (Non-Hispanic)",4.93500771094955,4.11498954381187,"Monroe","Brighton town","New York"
"3605508246",2021,"B17001I_ChildPov","Hispanic or Latino (Any Race)",8.08080808080808,18.5850904293527,"Monroe","Brighton town","New York"
"3605508246",2022,"B17001B_ChildPov","Black (Non-Hispanic)",44.1295546558704,35.5764182710026,"Monroe","Brighton town","New York"
"3605508246",2022,"B17001C_ChildPov","Native American (Non-Hispanic)",0,0,"Monroe","Brighton town","New York"
"3605508246",2022,"B17001D_ChildPov","Asian (Non-Hispanic)",0,9.73843827548766,"Monroe","Brighton town","New York"
"3605508246",2022,"B17001E_ChildPov","Pacific Islander (Non-Hispanic)",0,0,"Monroe","Brighton town","New York"
"3605508246",2022,"B17001F_ChildPov","Other (Non-Hispanic)",0,99.9946857977909,"Monroe","Brighton town","New York"
"3605508246",2022,"B17001G_ChildPov","Two or More Races (Non-Hispanic)",19.4214876033058,18.0459408081355,"Monroe","Brighton town","New York"
"3605508246",2022,"B17001H_ChildPov","White (Non-Hispanic)",6.67571848834578,3.40818671404496,"Monroe","Brighton town","New York"
"3605508246",2022,"B17001I_ChildPov","Hispanic or Latino (Any Race)",10.2908277404922,21.091885399184,"Monroe","Brighton town","New York"
"3605508246",2023,"B17001B_ChildPov","Black (Non-Hispanic)",8.65384615384615,46.1865607379896,"Monroe","Brighton town","New York"
"3605508246",2023,"B17001C_ChildPov","Native American (Non-Hispanic)",0,0,"Monroe","Brighton town","New York"
"3605508246",2023,"B17001D_ChildPov","Asian (Non-Hispanic)",6.14634146341463,9.85762143088543,"Monroe","Brighton town","New York"
"3605508246",2023,"B17001E_ChildPov","Pacific Islander (Non-Hispanic)",0,0,"Monroe","Brighton town","New York"
"3605508246",2023,"B17001F_ChildPov","Other (Non-Hispanic)",25.8064516129032,55.2888889999942,"Monroe","Brighton town","New York"
"3605508246",2023,"B17001G_ChildPov","Two or More Races (Non-Hispanic)",19.9737187910644,17.0459135744452,"Monroe","Brighton town","New York"
"3605508246",2023,"B17001H_ChildPov","White (Non-Hispanic)",4.29589270746018,3.07908960087415,"Monroe","Brighton town","New York"
"3605508246",2023,"B17001I_ChildPov","Hispanic or Latino (Any Race)",11.5384615384615,22.0369830429303,"Monroe","Brighton town","New York"
"3605508246",2024,"B17001B_ChildPov","Black (Non-Hispanic)",12.4444444444444,44.1357335100903,"Monroe","Brighton town","New York"
"3605508246",2024,"B17001C_ChildPov","Native American (Non-Hispanic)",0,0,"Monroe","Brighton town","New York"
"3605508246",2024,"B17001D_ChildPov","Asian (Non-Hispanic)",6.55241935483871,10.4279395364004,"Monroe","Brighton town","New York"
"3605508246",2024,"B17001E_ChildPov","Pacific Islander (Non-Hispanic)",0,0,"Monroe","Brighton town","New York"
"3605508246",2024,"B17001F_ChildPov","Other (Non-Hispanic)",28.735632183908,47.7826856209695,"Monroe","Brighton town","New York"
"3605508246",2024,"B17001G_ChildPov","Two or More Races (Non-Hispanic)",20.4288939051919,14.8106330728391,"Monroe","Brighton town","New York"
"3605508246",2024,"B17001H_ChildPov","White (Non-Hispanic)",2.00089928057554,2.53989364906388,"Monroe","Brighton town","New York"
"3605508246",2024,"B17001I_ChildPov","Hispanic or Latino (Any Race)",5.73248407643312,21.2331213645882,"Monroe","Brighton town","New York"
"3605515462",2017,"B17001B_ChildPov","Black (Non-Hispanic)",5.64705882352941,9.22399032648739,"Monroe","Chili town","New York"
"3605515462",2017,"B17001C_ChildPov","Native American (Non-Hispanic)",0,559.585645522253,"Monroe","Chili town","New York"
"3605515462",2017,"B17001D_ChildPov","Asian (Non-Hispanic)",0,84.5885278115033,"Monroe","Chili town","New York"
"3605515462",2017,"B17001E_ChildPov","Pacific Islander (Non-Hispanic)",0,0,"Monroe","Chili town","New York"
"3605515462",2017,"B17001F_ChildPov","Other (Non-Hispanic)",0,207.846096908265,"Monroe","Chili town","New York"
"3605515462",2017,"B17001G_ChildPov","Two or More Races (Non-Hispanic)",14.1826923076923,22.021868959609,"Monroe","Chili town","New York"
"3605515462",2017,"B17001H_ChildPov","White (Non-Hispanic)",1.26698917300161,1.73373283952053,"Monroe","Chili town","New York"
"3605515462",2017,"B17001I_ChildPov","Hispanic or Latino (Any Race)",30.050505050505,23.3632366419209,"Monroe","Chili town","New York"
"3605515462",2018,"B17001B_ChildPov","Black (Non-Hispanic)",15.0112866817156,12.5694030958024,"Monroe","Chili town","New York"
"3605515462",2018,"B17001C_ChildPov","Native American (Non-Hispanic)",0,846.780394811451,"Monroe","Chili town","New York"
"3605515462",2018,"B17001D_ChildPov","Asian (Non-Hispanic)",0,177.233105890769,"Monroe","Chili town","New York"
"3605515462",2018,"B17001E_ChildPov","Pacific Islander (Non-Hispanic)",100,942.857142857143,"Monroe","Chili town","New York"
"3605515462",2018,"B17001F_ChildPov","Other (Non-Hispanic)",0,448.295503135474,"Monroe","Chili town","New York"
"3605515462",2018,"B17001G_ChildPov","Two or More Races (Non-Hispanic)",15.9453302961276,22.6685061821919,"Monroe","Chili town","New York"
"3605515462",2018,"B17001H_ChildPov","White (Non-Hispanic)",2.6865671641791,1.61620968448356,"Monroe","Chili town","New York"
"3605515462",2018,"B17001I_ChildPov","Hispanic or Latino (Any Race)",20.353982300885,27.26290322147,"Monroe","Chili town","New York"
"3605515462",2019,"B17001B_ChildPov","Black (Non-Hispanic)",19.5828505214368,13.8198228884187,"Monroe","Chili town","New York"
"3605515462",2019,"B17001C_ChildPov","Native American (Non-Hispanic)",0,762.102355330306,"Monroe","Chili town","New York"
"3605515462",2019,"B17001D_ChildPov","Asian (Non-Hispanic)",0,92.9393116256471,"Monroe","Chili town","New York"
"3605515462",2019,"B17001E_ChildPov","Pacific Islander (Non-Hispanic)",100,884.63426215458,"Monroe","Chili town","New York"
"3605515462",2019,"B17001F_ChildPov","Other (Non-Hispanic)",0,133.702167601808,"Monroe","Chili town","New York"
"3605515462",2019,"B17001G_ChildPov","Two or More Races (Non-Hispanic)",14.1361256544503,23.0702359817547,"Monroe","Chili town","New York"
"3605515462",2019,"B17001H_ChildPov","White (Non-Hispanic)",3.28671328671329,1.91756922406361,"Monroe","Chili town","New York"
"3605515462",2019,"B17001I_ChildPov","Hispanic or Latino (Any Race)",19.7026022304833,29.6143000027087,"Monroe","Chili town","New York"
"3605515462",2020,"B17001B_ChildPov","Black (Non-Hispanic)",16.7872648335745,15.6204153190581,"Monroe","Chili town","New York"
"3605515462",2020,"B17001C_ChildPov","Native American (Non-Hispanic)",0,995.929214352105,"Monroe","Chili town","New York"
"3605515462",2020,"B17001D_ChildPov","Asian (Non-Hispanic)",0,61.7630520528437,"Monroe","Chili town","New York"
"3605515462",2020,"B17001E_ChildPov","Pacific Islander (Non-Hispanic)",100,735.976935685824,"Monroe","Chili town","New York"
"3605515462",2020,"B17001F_ChildPov","Other (Non-Hispanic)",0,73.7725343964522,"Monroe","Chili town","New York"
"3605515462",2020,"B17001G_ChildPov","Two or More Races (Non-Hispanic)",6.53465346534654,16.2066943463271,"Monroe","Chili town","New York"
"3605515462",2020,"B17001H_ChildPov","White (Non-Hispanic)",3.02958015267176,1.93387635754995,"Monroe","Chili town","New York"
"3605515462",2020,"B17001I_ChildPov","Hispanic or Latino (Any Race)",11.5987460815047,25.6302931243891,"Monroe","Chili town","New York"
"3605515462",2021,"B17001B_ChildPov","Black (Non-Hispanic)",12.7376425855513,13.3745845873005,"Monroe","Chili town","New York"
"3605515462",2021,"B17001C_ChildPov","Native American (Non-Hispanic)",0,0,"Monroe","Chili town","New York"
"3605515462",2021,"B17001D_ChildPov","Asian (Non-Hispanic)",0,61.5840287135601,"Monroe","Chili town","New York"
"3605515462",2021,"B17001E_ChildPov","Pacific Islander (Non-Hispanic)",100,612.825877028341,"Monroe","Chili town","New York"
"3605515462",2021,"B17001F_ChildPov","Other (Non-Hispanic)",10.1010101010101,38.9219450449443,"Monroe","Chili town","New York"
"3605515462",2021,"B17001G_ChildPov","Two or More Races (Non-Hispanic)",8.31408775981524,17.5441489630831,"Monroe","Chili town","New York"
"3605515462",2021,"B17001H_ChildPov","White (Non-Hispanic)",5.05441354292624,2.38547558615064,"Monroe","Chili town","New York"
"3605515462",2021,"B17001I_ChildPov","Hispanic or Latino (Any Race)",10.1781170483461,22.3504603273409,"Monroe","Chili town","New York"
"3605515462",2022,"B17001B_ChildPov","Black (Non-Hispanic)",11.8020304568528,17.2946101319716,"Monroe","Chili town","New York"
"3605515462",2022,"B17001C_ChildPov","Native American (Non-Hispanic)",0,0,"Monroe","Chili town","New York"
"3605515462",2022,"B17001D_ChildPov","Asian (Non-Hispanic)",0,74.0192652807212,"Monroe","Chili town","New York"
"3605515462",2022,"B17001E_ChildPov","Pacific Islander (Non-Hispanic)",100,542.794110043339,"Monroe","Chili town","New York"
"3605515462",2022,"B17001F_ChildPov","Other (Non-Hispanic)",10.4895104895105,55.7516312675388,"Monroe","Chili town","New York"
"3605515462",2022,"B17001G_ChildPov","Two or More Races (Non-Hispanic)",15.1119402985075,15.5006662804515,"Monroe","Chili town","New York"
"3605515462",2022,"B17001H_ChildPov","White (Non-Hispanic)",4.07640344747263,2.02768728073242,"Monroe","Chili town","New York"
"3605515462",2022,"B17001I_ChildPov","Hispanic or Latino (Any Race)",4.93827160493827,21.7255886166949,"Monroe","Chili town","New York"
"3605515462",2023,"B17001B_ChildPov","Black (Non-Hispanic)",17.6470588235294,19.7721453875086,"Monroe","Chili town","New York"
"3605515462",2023,"B17001C_ChildPov","Native American (Non-Hispanic)",0,0,"Monroe","Chili town","New York"
"3605515462",2023,"B17001D_ChildPov","Asian (Non-Hispanic)",0,60.140653040586,"Monroe","Chili town","New York"
"3605515462",2023,"B17001E_ChildPov","Pacific Islander (Non-Hispanic)",0,0,"Monroe","Chili town","New York"
"3605515462",2023,"B17001F_ChildPov","Other (Non-Hispanic)",12.1212121212121,38.5630108025442,"Monroe","Chili town","New York"
"3605515462",2023,"B17001G_ChildPov","Two or More Races (Non-Hispanic)",17.9357021996616,15.9939114865065,"Monroe","Chili town","New York"
"3605515462",2023,"B17001H_ChildPov","White (Non-Hispanic)",4.30720145852325,2.4993227283264,"Monroe","Chili town","New York"
"3605515462",2023,"B17001I_ChildPov","Hispanic or Latino (Any Race)",20.7661290322581,26.7844583563918,"Monroe","Chili town","New York"
"3605515462",2024,"B17001B_ChildPov","Black (Non-Hispanic)",19.226393629124,17.625019927652,"Monroe","Chili town","New York"
"3605515462",2024,"B17001C_ChildPov","Native American (Non-Hispanic)",0,0,"Monroe","Chili town","New York"
"3605515462",2024,"B17001D_ChildPov","Asian (Non-Hispanic)",0,93.1210111596171,"Monroe","Chili town","New York"
"3605515462",2024,"B17001E_ChildPov","Pacific Islander (Non-Hispanic)",0,0,"Monroe","Chili town","New York"
"3605515462",2024,"B17001F_ChildPov","Other (Non-Hispanic)",15.5660377358491,36.6294586787904,"Monroe","Chili town","New York"
"3605515462",2024,"B17001G_ChildPov","Two or More Races (Non-Hispanic)",18.8172043010753,14.1018277326891,"Monroe","Chili town","New York"
"3605515462",2024,"B17001H_ChildPov","White (Non-Hispanic)",3.35120643431635,3.12343353503274,"Monroe","Chili town","New York"
"3605515462",2024,"B17001I_ChildPov","Hispanic or Latino (Any Race)",17.0515097690941,24.7634352927251,"Monroe","Chili town","New York"
"3605515957",2017,"B17001B_ChildPov","Black (Non-Hispanic)",0,0,"Monroe","Clarkson town","New York"
"3605515957",2017,"B17001C_ChildPov","Native American (Non-Hispanic)",0,0,"Monroe","Clarkson town","New York"
"3605515957",2017,"B17001D_ChildPov","Asian (Non-Hispanic)",0,0,"Monroe","Clarkson town","New York"
"3605515957",2017,"B17001E_ChildPov","Pacific Islander (Non-Hispanic)",0,0,"Monroe","Clarkson town","New York"
"3605515957",2017,"B17001F_ChildPov","Other (Non-Hispanic)",0,0,"Monroe","Clarkson town","New York"
"3605515957",2017,"B17001G_ChildPov","Two or More Races (Non-Hispanic)",0,158.358930977726,"Monroe","Clarkson town","New York"
"3605515957",2017,"B17001H_ChildPov","White (Non-Hispanic)",12.2114668652271,9.05912591421963,"Monroe","Clarkson town","New York"
"3605515957",2017,"B17001I_ChildPov","Hispanic or Latino (Any Race)",0,44.6980853566162,"Monroe","Clarkson town","New York"
"3605515957",2018,"B17001B_ChildPov","Black (Non-Hispanic)",0,128.021146646395,"Monroe","Clarkson town","New York"
"3605515957",2018,"B17001C_ChildPov","Native American (Non-Hispanic)",0,0,"Monroe","Clarkson town","New York"
"3605515957",2018,"B17001D_ChildPov","Asian (Non-Hispanic)",0,0,"Monroe","Clarkson town","New York"
"3605515957",2018,"B17001E_ChildPov","Pacific Islander (Non-Hispanic)",0,0,"Monroe","Clarkson town","New York"
"3605515957",2018,"B17001F_ChildPov","Other (Non-Hispanic)",0,0,"Monroe","Clarkson town","New York"
"3605515957",2018,"B17001G_ChildPov","Two or More Races (Non-Hispanic)",0,173.205080756888,"Monroe","Clarkson town","New York"
"3605515957",2018,"B17001H_ChildPov","White (Non-Hispanic)",2.19106047326906,5.93669105498103,"Monroe","Clarkson town","New York"
"3605515957",2018,"B17001I_ChildPov","Hispanic or Latino (Any Race)",0,41.4716390544661,"Monroe","Clarkson town","New York"
"3605515957",2019,"B17001B_ChildPov","Black (Non-Hispanic)",0,64.7139862168592,"Monroe","Clarkson town","New York"
"3605515957",2019,"B17001C_ChildPov","Native American (Non-Hispanic)",0,0,"Monroe","Clarkson town","New York"
"3605515957",2019,"B17001D_ChildPov","Asian (Non-Hispanic)",0,0,"Monroe","Clarkson town","New York"
"3605515957",2019,"B17001E_ChildPov","Pacific Islander (Non-Hispanic)",0,0,"Monroe","Clarkson town","New York"
"3605515957",2019,"B17001F_ChildPov","Other (Non-Hispanic)",0,0,"Monroe","Clarkson town","New York"
"3605515957",2019,"B17001G_ChildPov","Two or More Races (Non-Hispanic)",0,0,"Monroe","Clarkson town","New York"
"3605515957",2019,"B17001H_ChildPov","White (Non-Hispanic)",12.6871552403467,7.38945520989942,"Monroe","Clarkson town","New York"
"3605515957",2019,"B17001I_ChildPov","Hispanic or Latino (Any Race)",0,56.0854547212779,"Monroe","Clarkson town","New York"
"3605515957",2020,"B17001B_ChildPov","Black (Non-Hispanic)",0,77.4864834965024,"Monroe","Clarkson town","New York"
"3605515957",2020,"B17001C_ChildPov","Native American (Non-Hispanic)",0,0,"Monroe","Clarkson town","New York"
"3605515957",2020,"B17001D_ChildPov","Asian (Non-Hispanic)",0,0,"Monroe","Clarkson town","New York"
"3605515957",2020,"B17001E_ChildPov","Pacific Islander (Non-Hispanic)",0,0,"Monroe","Clarkson town","New York"
"3605515957",2020,"B17001F_ChildPov","Other (Non-Hispanic)",0,59.4845731892342,"Monroe","Clarkson town","New York"
"3605515957",2020,"B17001G_ChildPov","Two or More Races (Non-Hispanic)",0,0,"Monroe","Clarkson town","New York"
"3605515957",2020,"B17001H_ChildPov","White (Non-Hispanic)",13.9204545454545,8.4201407364285,"Monroe","Clarkson town","New York"
"3605515957",2020,"B17001I_ChildPov","Hispanic or Latino (Any Race)",0,32.0052866615988,"Monroe","Clarkson town","New York"
"3605515957",2021,"B17001B_ChildPov","Black (Non-Hispanic)",0,91.6968074595288,"Monroe","Clarkson town","New York"
"3605515957",2021,"B17001C_ChildPov","Native American (Non-Hispanic)",0,0,"Monroe","Clarkson town","New York"
"3605515957",2021,"B17001D_ChildPov","Asian (Non-Hispanic)",0,0,"Monroe","Clarkson town","New York"
"3605515957",2021,"B17001E_ChildPov","Pacific Islander (Non-Hispanic)",0,0,"Monroe","Clarkson town","New York"
"3605515957",2021,"B17001F_ChildPov","Other (Non-Hispanic)",0,47.5983428034195,"Monroe","Clarkson town","New York"
"3605515957",2021,"B17001G_ChildPov","Two or More Races (Non-Hispanic)",0,0,"Monroe","Clarkson town","New York"
"3605515957",2021,"B17001H_ChildPov","White (Non-Hispanic)",11.4285714285714,8.61872914264944,"Monroe","Clarkson town","New York"
"3605515957",2021,"B17001I_ChildPov","Hispanic or Latino (Any Race)",0,33.5235640174621,"Monroe","Clarkson town","New York"
"3605515957",2022,"B17001B_ChildPov","Black (Non-Hispanic)",0,78.3546793900206,"Monroe","Clarkson town","New York"
"3605515957",2022,"B17001C_ChildPov","Native American (Non-Hispanic)",0,0,"Monroe","Clarkson town","New York"
"3605515957",2022,"B17001D_ChildPov","Asian (Non-Hispanic)",0,0,"Monroe","Clarkson town","New York"
"3605515957",2022,"B17001E_ChildPov","Pacific Islander (Non-Hispanic)",0,0,"Monroe","Clarkson town","New York"
"3605515957",2022,"B17001F_ChildPov","Other (Non-Hispanic)",0,50.6291774520133,"Monroe","Clarkson town","New York"
"3605515957",2022,"B17001G_ChildPov","Two or More Races (Non-Hispanic)",0,313.418717560083,"Monroe","Clarkson town","New York"
"3605515957",2022,"B17001H_ChildPov","White (Non-Hispanic)",8.05785123966942,7.831954343743,"Monroe","Clarkson town","New York"
"3605515957",2022,"B17001I_ChildPov","Hispanic or Latino (Any Race)",0,44.4715747889306,"Monroe","Clarkson town","New York"
"3605515957",2023,"B17001B_ChildPov","Black (Non-Hispanic)",0,42.7389160309204,"Monroe","Clarkson town","New York"
"3605515957",2023,"B17001C_ChildPov","Native American (Non-Hispanic)",0,0,"Monroe","Clarkson town","New York"
"3605515957",2023,"B17001D_ChildPov","Asian (Non-Hispanic)",0,0,"Monroe","Clarkson town","New York"
"3605515957",2023,"B17001E_ChildPov","Pacific Islander (Non-Hispanic)",0,0,"Monroe","Clarkson town","New York"
"3605515957",2023,"B17001F_ChildPov","Other (Non-Hispanic)",0,49.1178587221025,"Monroe","Clarkson town","New York"
"3605515957",2023,"B17001G_ChildPov","Two or More Races (Non-Hispanic)",0,226.958381681439,"Monroe","Clarkson town","New York"
"3605515957",2023,"B17001H_ChildPov","White (Non-Hispanic)",7.97687861271676,8.75145846967107,"Monroe","Clarkson town","New York"
"3605515957",2023,"B17001I_ChildPov","Hispanic or Latino (Any Race)",0,36.1636981800095,"Monroe","Clarkson town","New York"
"3605515957",2024,"B17001B_ChildPov","Black (Non-Hispanic)",0,33.0743370289534,"Monroe","Clarkson town","New York"
"3605515957",2024,"B17001C_ChildPov","Native American (Non-Hispanic)",0,0,"Monroe","Clarkson town","New York"
"3605515957",2024,"B17001D_ChildPov","Asian (Non-Hispanic)",0,0,"Monroe","Clarkson town","New York"
"3605515957",2024,"B17001E_ChildPov","Pacific Islander (Non-Hispanic)",0,0,"Monroe","Clarkson town","New York"
"3605515957",2024,"B17001F_ChildPov","Other (Non-Hispanic)",0,49.1178587221025,"Monroe","Clarkson town","New York"
"3605515957",2024,"B17001G_ChildPov","Two or More Races (Non-Hispanic)",0,119.668964886577,"Monroe","Clarkson town","New York"
"3605515957",2024,"B17001H_ChildPov","White (Non-Hispanic)",0,9.06583067322553,"Monroe","Clarkson town","New York"
"3605515957",2024,"B17001I_ChildPov","Hispanic or Latino (Any Race)",0,28.2480389217242,"Monroe","Clarkson town","New York"
"3605522870",2017,"B17001B_ChildPov","Black (Non-Hispanic)",45.1612903225806,36.3620678240775,"Monroe","East Rochester town","New York"
"3605522870",2017,"B17001C_ChildPov","Native American (Non-Hispanic)",0,0,"Monroe","East Rochester town","New York"
"3605522870",2017,"B17001D_ChildPov","Asian (Non-Hispanic)",0,0,"Monroe","East Rochester town","New York"
"3605522870",2017,"B17001E_ChildPov","Pacific Islander (Non-Hispanic)",0,0,"Monroe","East Rochester town","New York"
"3605522870",2017,"B17001F_ChildPov","Other (Non-Hispanic)",0,113.113522126947,"Monroe","East Rochester town","New York"
"3605522870",2017,"B17001G_ChildPov","Two or More Races (Non-Hispanic)",0,25.3085049507781,"Monroe","East Rochester town","New York"
"3605522870",2017,"B17001H_ChildPov","White (Non-Hispanic)",24.0165631469979,15.355276915946,"Monroe","East Rochester town","New York"
"3605522870",2017,"B17001I_ChildPov","Hispanic or Latino (Any Race)",28.75,30.9638116095957,"Monroe","East Rochester town","New York"
"3605522870",2018,"B17001B_ChildPov","Black (Non-Hispanic)",44.3037974683544,38.1891605872349,"Monroe","East Rochester town","New York"
"3605522870",2018,"B17001C_ChildPov","Native American (Non-Hispanic)",0,0,"Monroe","East Rochester town","New York"
"3605522870",2018,"B17001D_ChildPov","Asian (Non-Hispanic)",0,0,"Monroe","East Rochester town","New York"
"3605522870",2018,"B17001E_ChildPov","Pacific Islander (Non-Hispanic)",0,0,"Monroe","East Rochester town","New York"
"3605522870",2018,"B17001F_ChildPov","Other (Non-Hispanic)",0,64.0105733231976,"Monroe","East Rochester town","New York"
"3605522870",2018,"B17001G_ChildPov","Two or More Races (Non-Hispanic)",0,29.7422865946171,"Monroe","East Rochester town","New York"
"3605522870",2018,"B17001H_ChildPov","White (Non-Hispanic)",12.4423963133641,14.0889357601562,"Monroe","East Rochester town","New York"
"3605522870",2018,"B17001I_ChildPov","Hispanic or Latino (Any Race)",25.2380952380952,27.0280024022847,"Monroe","East Rochester town","New York"
"3605522870",2019,"B17001B_ChildPov","Black (Non-Hispanic)",0,64.0105733231976,"Monroe","East Rochester town","New York"
"3605522870",2019,"B17001C_ChildPov","Native American (Non-Hispanic)",100,302.090223942054,"Monroe","East Rochester town","New York"
"3605522870",2019,"B17001D_ChildPov","Asian (Non-Hispanic)",0,0,"Monroe","East Rochester town","New York"
"3605522870",2019,"B17001E_ChildPov","Pacific Islander (Non-Hispanic)",0,0,"Monroe","East Rochester town","New York"
"3605522870",2019,"B17001F_ChildPov","Other (Non-Hispanic)",0,147.224318643355,"Monroe","East Rochester town","New York"
"3605522870",2019,"B17001G_ChildPov","Two or More Races (Non-Hispanic)",0,32.1801789384382,"Monroe","East Rochester town","New York"
"3605522870",2019,"B17001H_ChildPov","White (Non-Hispanic)",8.94206549118388,8.86715412507735,"Monroe","East Rochester town","New York"
"3605522870",2019,"B17001I_ChildPov","Hispanic or Latino (Any Race)",0,55.0371284648054,"Monroe","East Rochester town","New York"
"3605522870",2020,"B17001B_ChildPov","Black (Non-Hispanic)",0,63.3222875885396,"Monroe","East Rochester town","New York"
"3605522870",2020,"B17001C_ChildPov","Native American (Non-Hispanic)",100,422.709270742926,"Monroe","East Rochester town","New York"
"3605522870",2020,"B17001D_ChildPov","Asian (Non-Hispanic)",0,0,"Monroe","East Rochester town","New York"
"3605522870",2020,"B17001E_ChildPov","Pacific Islander (Non-Hispanic)",0,0,"Monroe","East Rochester town","New York"
"3605522870",2020,"B17001F_ChildPov","Other (Non-Hispanic)",0,178.453719567703,"Monroe","East Rochester town","New York"
"3605522870",2020,"B17001G_ChildPov","Two or More Races (Non-Hispanic)",0,40.6136051429944,"Monroe","East Rochester town","New York"
"3605522870",2020,"B17001H_ChildPov","White (Non-Hispanic)",3.8961038961039,8.53147755995041,"Monroe","East Rochester town","New York"
"3605522870",2020,"B17001I_ChildPov","Hispanic or Latino (Any Race)",0,57.1744926770309,"Monroe","East Rochester town","New York"
"3605522870",2021,"B17001B_ChildPov","Black (Non-Hispanic)",0,111.346123343714,"Monroe","East Rochester town","New York"
"3605522870",2021,"B17001C_ChildPov","Native American (Non-Hispanic)",100,656.98272243481,"Monroe","East Rochester town","New York"
"3605522870",2021,"B17001D_ChildPov","Asian (Non-Hispanic)",0,0,"Monroe","East Rochester town","New York"
"3605522870",2021,"B17001E_ChildPov","Pacific Islander (Non-Hispanic)",0,0,"Monroe","East Rochester town","New York"
"3605522870",2021,"B17001F_ChildPov","Other (Non-Hispanic)",0,207.846096908265,"Monroe","East Rochester town","New York"
"3605522870",2021,"B17001G_ChildPov","Two or More Races (Non-Hispanic)",0,42.7081021044381,"Monroe","East Rochester town","New York"
"3605522870",2021,"B17001H_ChildPov","White (Non-Hispanic)",4.79651162790698,9.16202181370626,"Monroe","East Rochester town","New York"
"3605522870",2021,"B17001I_ChildPov","Hispanic or Latino (Any Race)",0,57.7350269189626,"Monroe","East Rochester town","New York"
"3605522870",2022,"B17001B_ChildPov","Black (Non-Hispanic)",0,168.763924840044,"Monroe","East Rochester town","New York"
"3605522870",2022,"B17001C_ChildPov","Native American (Non-Hispanic)",100,775.284893872354,"Monroe","East Rochester town","New York"
"3605522870",2022,"B17001D_ChildPov","Asian (Non-Hispanic)",0,0,"Monroe","East Rochester town","New York"
"3605522870",2022,"B17001E_ChildPov","Pacific Islander (Non-Hispanic)",0,0,"Monroe","East Rochester town","New York"
"3605522870",2022,"B17001F_ChildPov","Other (Non-Hispanic)",0,199.448274810962,"Monroe","East Rochester town","New York"
"3605522870",2022,"B17001G_ChildPov","Two or More Races (Non-Hispanic)",0,65.8179306876173,"Monroe","East Rochester town","New York"
"3605522870",2022,"B17001H_ChildPov","White (Non-Hispanic)",8.05755395683453,10.3686486838818,"Monroe","East Rochester town","New York"
"3605522870",2022,"B17001I_ChildPov","Hispanic or Latino (Any Race)",0,94.0256152680248,"Monroe","East Rochester town","New York"
"3605522870",2023,"B17001B_ChildPov","Black (Non-Hispanic)",0,182.827585243381,"Monroe","East Rochester town","New York"
"3605522870",2023,"B17001C_ChildPov","Native American (Non-Hispanic)",100,821.956352185418,"Monroe","East Rochester town","New York"
"3605522870",2023,"B17001D_ChildPov","Asian (Non-Hispanic)",0,0,"Monroe","East Rochester town","New York"
"3605522870",2023,"B17001E_ChildPov","Pacific Islander (Non-Hispanic)",0,0,"Monroe","East Rochester town","New York"
"3605522870",2023,"B17001F_ChildPov","Other (Non-Hispanic)",0,0,"Monroe","East Rochester town","New York"
"3605522870",2023,"B17001G_ChildPov","Two or More Races (Non-Hispanic)",0,73.9527311096824,"Monroe","East Rochester town","New York"
"3605522870",2023,"B17001H_ChildPov","White (Non-Hispanic)",13.3828996282528,9.87852231871224,"Monroe","East Rochester town","New York"
"3605522870",2023,"B17001I_ChildPov","Hispanic or Latino (Any Race)",0,109.696551146029,"Monroe","East Rochester town","New York"
"3605522870",2024,"B17001B_ChildPov","Black (Non-Hispanic)",0,226.958381681439,"Monroe","East Rochester town","New York"
"3605522870",2024,"B17001C_ChildPov","Native American (Non-Hispanic)",0,0,"Monroe","East Rochester town","New York"
"3605522870",2024,"B17001D_ChildPov","Asian (Non-Hispanic)",0,0,"Monroe","East Rochester town","New York"
"3605522870",2024,"B17001E_ChildPov","Pacific Islander (Non-Hispanic)",0,0,"Monroe","East Rochester town","New York"
"3605522870",2024,"B17001F_ChildPov","Other (Non-Hispanic)",0,0,"Monroe","East Rochester town","New York"
"3605522870",2024,"B17001G_ChildPov","Two or More Races (Non-Hispanic)",0,49.1178587221025,"Monroe","East Rochester town","New York"
"3605522870",2024,"B17001H_ChildPov","White (Non-Hispanic)",5.14354066985646,8.23063143463921,"Monroe","East Rochester town","New York"
"3605522870",2024,"B17001I_ChildPov","Hispanic or Latino (Any Race)",0,53.5105127541604,"Monroe","East Rochester town","New York"
"3605528442",2017,"B17001B_ChildPov","Black (Non-Hispanic)",26.657263751763,16.9028331342777,"Monroe","Gates town","New York"
"3605528442",2017,"B17001C_ChildPov","Native American (Non-Hispanic)",0,316.287538773447,"Monroe","Gates town","New York"
"3605528442",2017,"B17001D_ChildPov","Asian (Non-Hispanic)",15.210355987055,24.0582704702288,"Monroe","Gates town","New York"
"3605528442",2017,"B17001E_ChildPov","Pacific Islander (Non-Hispanic)",0,0,"Monroe","Gates town","New York"
"3605528442",2017,"B17001F_ChildPov","Other (Non-Hispanic)",0,95.7185972603853,"Monroe","Gates town","New York"
"3605528442",2017,"B17001G_ChildPov","Two or More Races (Non-Hispanic)",8.04953560371517,22.1977073243438,"Monroe","Gates town","New York"
"3605528442",2017,"B17001H_ChildPov","White (Non-Hispanic)",5.23394131641554,2.53614109076272,"Monroe","Gates town","New York"
"3605528442",2017,"B17001I_ChildPov","Hispanic or Latino (Any Race)",19.3308550185874,17.1354626696138,"Monroe","Gates town","New York"
"3605528442",2018,"B17001B_ChildPov","Black (Non-Hispanic)",20.1871657754011,13.7191238626104,"Monroe","Gates town","New York"
"3605528442",2018,"B17001C_ChildPov","Native American (Non-Hispanic)",0,362.905883490622,"Monroe","Gates town","New York"
"3605528442",2018,"B17001D_ChildPov","Asian (Non-Hispanic)",12.1212121212121,20.8131699990519,"Monroe","Gates town","New York"
"3605528442",2018,"B17001E_ChildPov","Pacific Islander (Non-Hispanic)",0,0,"Monroe","Gates town","New York"
"3605528442",2018,"B17001F_ChildPov","Other (Non-Hispanic)",0,146.558145255828,"Monroe","Gates town","New York"
"3605528442",2018,"B17001G_ChildPov","Two or More Races (Non-Hispanic)",17.2602739726027,22.4473770082606,"Monroe","Gates town","New York"
"3605528442",2018,"B17001H_ChildPov","White (Non-Hispanic)",5.66140446379967,2.88292396607761,"Monroe","Gates town","New York"
"3605528442",2018,"B17001I_ChildPov","Hispanic or Latino (Any Race)",21.52466367713,18.3638875561922,"Monroe","Gates town","New York"
"3605528442",2019,"B17001B_ChildPov","Black (Non-Hispanic)",14.0845070422535,14.42238916981,"Monroe","Gates town","New York"
"3605528442",2019,"B17001C_ChildPov","Native American (Non-Hispanic)",0,401.106502805424,"Monroe","Gates town","New York"
"3605528442",2019,"B17001D_ChildPov","Asian (Non-Hispanic)",11.8980169971671,19.3770041579489,"Monroe","Gates town","New York"
"3605528442",2019,"B17001E_ChildPov","Pacific Islander (Non-Hispanic)",0,0,"Monroe","Gates town","New York"
"3605528442",2019,"B17001F_ChildPov","Other (Non-Hispanic)",0,101.613647377374,"Monroe","Gates town","New York"
"3605528442",2019,"B17001G_ChildPov","Two or More Races (Non-Hispanic)",21.2827988338192,26.1438802465274,"Monroe","Gates town","New York"
"3605528442",2019,"B17001H_ChildPov","White (Non-Hispanic)",4.63101284732596,3.00291850044388,"Monroe","Gates town","New York"
"3605528442",2019,"B17001I_ChildPov","Hispanic or Latino (Any Race)",31.2633832976445,16.7574515443394,"Monroe","Gates town","New York"
"3605528442",2020,"B17001B_ChildPov","Black (Non-Hispanic)",4.46009389671362,9.83108756649169,"Monroe","Gates town","New York"
"3605528442",2020,"B17001C_ChildPov","Native American (Non-Hispanic)",0,569.102408201203,"Monroe","Gates town","New York"
"3605528442",2020,"B17001D_ChildPov","Asian (Non-Hispanic)",16.6666666666667,38.0757902852312,"Monroe","Gates town","New York"
"3605528442",2020,"B17001E_ChildPov","Pacific Islander (Non-Hispanic)",0,0,"Monroe","Gates town","New York"
"3605528442",2020,"B17001F_ChildPov","Other (Non-Hispanic)",0,173.205080756888,"Monroe","Gates town","New York"
"3605528442",2020,"B17001G_ChildPov","Two or More Races (Non-Hispanic)",19.4805194805195,17.0729704484408,"Monroe","Gates town","New York"
"3605528442",2020,"B17001H_ChildPov","White (Non-Hispanic)",10.4180064308682,5.68224659143205,"Monroe","Gates town","New York"
"3605528442",2020,"B17001I_ChildPov","Hispanic or Latino (Any Race)",21.0762331838565,19.4309246316613,"Monroe","Gates town","New York"
"3605528442",2021,"B17001B_ChildPov","Black (Non-Hispanic)",0,10.7692278190811,"Monroe","Gates town","New York"
"3605528442",2021,"B17001C_ChildPov","Native American (Non-Hispanic)",0,755.803988757328,"Monroe","Gates town","New York"
"3605528442",2021,"B17001D_ChildPov","Asian (Non-Hispanic)",25.625,51.7446800851475,"Monroe","Gates town","New York"
"3605528442",2021,"B17001E_ChildPov","Pacific Islander (Non-Hispanic)",0,0,"Monroe","Gates town","New York"
"3605528442",2021,"B17001F_ChildPov","Other (Non-Hispanic)",0,286.684271597607,"Monroe","Gates town","New York"
"3605528442",2021,"B17001G_ChildPov","Two or More Races (Non-Hispanic)",6.76923076923077,24.4288722906627,"Monroe","Gates town","New York"
"3605528442",2021,"B17001H_ChildPov","White (Non-Hispanic)",9.90127758420441,5.22353870971399,"Monroe","Gates town","New York"
"3605528442",2021,"B17001I_ChildPov","Hispanic or Latino (Any Race)",29.7587131367292,23.244678918107,"Monroe","Gates town","New York"
"3605528442",2022,"B17001B_ChildPov","Black (Non-Hispanic)",0,9.10647112286476,"Monroe","Gates town","New York"
"3605528442",2022,"B17001C_ChildPov","Native American (Non-Hispanic)",0,0,"Monroe","Gates town","New York"
"3605528442",2022,"B17001D_ChildPov","Asian (Non-Hispanic)",11.8279569892473,41.6002247590373,"Monroe","Gates town","New York"
"3605528442",2022,"B17001E_ChildPov","Pacific Islander (Non-Hispanic)",0,0,"Monroe","Gates town","New York"
"3605528442",2022,"B17001F_ChildPov","Other (Non-Hispanic)",18.7755102040816,36.2881137770212,"Monroe","Gates town","New York"
"3605528442",2022,"B17001G_ChildPov","Two or More Races (Non-Hispanic)",3.68763557483731,17.5336962515577,"Monroe","Gates town","New York"
"3605528442",2022,"B17001H_ChildPov","White (Non-Hispanic)",10.4890387858347,5.70357325542219,"Monroe","Gates town","New York"
"3605528442",2022,"B17001I_ChildPov","Hispanic or Latino (Any Race)",28.3828382838284,16.6514054690643,"Monroe","Gates town","New York"
"3605528442",2023,"B17001B_ChildPov","Black (Non-Hispanic)",7.5,11.2597739416203,"Monroe","Gates town","New York"
"3605528442",2023,"B17001C_ChildPov","Native American (Non-Hispanic)",0,0,"Monroe","Gates town","New York"
"3605528442",2023,"B17001D_ChildPov","Asian (Non-Hispanic)",23.2558139534884,59.3478029663223,"Monroe","Gates town","New York"
"3605528442",2023,"B17001E_ChildPov","Pacific Islander (Non-Hispanic)",0,0,"Monroe","Gates town","New York"
"3605528442",2023,"B17001F_ChildPov","Other (Non-Hispanic)",27.5862068965517,25.0403725269768,"Monroe","Gates town","New York"
"3605528442",2023,"B17001G_ChildPov","Two or More Races (Non-Hispanic)",5.37383177570093,20.1572006459177,"Monroe","Gates town","New York"
"3605528442",2023,"B17001H_ChildPov","White (Non-Hispanic)",13.0247578040904,6.50496672822209,"Monroe","Gates town","New York"
"3605528442",2023,"B17001I_ChildPov","Hispanic or Latino (Any Race)",38.283378746594,15.8513947964704,"Monroe","Gates town","New York"
"3605528442",2024,"B17001B_ChildPov","Black (Non-Hispanic)",19.3436960276339,14.3803582815625,"Monroe","Gates town","New York"
"3605528442",2024,"B17001C_ChildPov","Native American (Non-Hispanic)",0,0,"Monroe","Gates town","New York"
"3605528442",2024,"B17001D_ChildPov","Asian (Non-Hispanic)",43.2432432432432,50.0646704672327,"Monroe","Gates town","New York"
"3605528442",2024,"B17001E_ChildPov","Pacific Islander (Non-Hispanic)",0,0,"Monroe","Gates town","New York"
"3605528442",2024,"B17001F_ChildPov","Other (Non-Hispanic)",24.8815165876777,21.4373985003896,"Monroe","Gates town","New York"
"3605528442",2024,"B17001G_ChildPov","Two or More Races (Non-Hispanic)",12.7118644067797,12.8995432602558,"Monroe","Gates town","New York"
"3605528442",2024,"B17001H_ChildPov","White (Non-Hispanic)",15.3421633554084,6.76262328200321,"Monroe","Gates town","New York"
"3605528442",2024,"B17001I_ChildPov","Hispanic or Latino (Any Race)",28.8909599254427,14.9409014580269,"Monroe","Gates town","New York"
"3605530290",2017,"B17001B_ChildPov","Black (Non-Hispanic)",31.3008130081301,12.5980387418831,"Monroe","Greece town","New York"
"3605530290",2017,"B17001C_ChildPov","Native American (Non-Hispanic)",0,1039.23048454133,"Monroe","Greece town","New York"
"3605530290",2017,"B17001D_ChildPov","Asian (Non-Hispanic)",3.10192023633678,13.15083111537,"Monroe","Greece town","New York"
"3605530290",2017,"B17001E_ChildPov","Pacific Islander (Non-Hispanic)",0,0,"Monroe","Greece town","New York"
"3605530290",2017,"B17001F_ChildPov","Other (Non-Hispanic)",22.8279386712095,24.2231244286389,"Monroe","Greece town","New York"
"3605530290",2017,"B17001G_ChildPov","Two or More Races (Non-Hispanic)",17.1052631578947,9.3724143804202,"Monroe","Greece town","New York"
"3605530290",2017,"B17001H_ChildPov","White (Non-Hispanic)",8.89612739775606,2.11327652133847,"Monroe","Greece town","New York"
"3605530290",2017,"B17001I_ChildPov","Hispanic or Latino (Any Race)",20.6323687031083,8.26742577123224,"Monroe","Greece town","New York"
"3605530290",2018,"B17001B_ChildPov","Black (Non-Hispanic)",44.8196114708603,11.5744817372601,"Monroe","Greece town","New York"
"3605530290",2018,"B17001C_ChildPov","Native American (Non-Hispanic)",0,0,"Monroe","Greece town","New York"
"3605530290",2018,"B17001D_ChildPov","Asian (Non-Hispanic)",2.58249641319943,13.0346217125259,"Monroe","Greece town","New York"
"3605530290",2018,"B17001E_ChildPov","Pacific Islander (Non-Hispanic)",0,0,"Monroe","Greece town","New York"
"3605530290",2018,"B17001F_ChildPov","Other (Non-Hispanic)",13.9874739039666,28.3818590459329,"Monroe","Greece town","New York"
"3605530290",2018,"B17001G_ChildPov","Two or More Races (Non-Hispanic)",23.8816242257398,11.1308747124987,"Monroe","Greece town","New York"
"3605530290",2018,"B17001H_ChildPov","White (Non-Hispanic)",9.08284023668639,1.82924991985468,"Monroe","Greece town","New York"
"3605530290",2018,"B17001I_ChildPov","Hispanic or Latino (Any Race)",23.1003039513678,8.69553942483783,"Monroe","Greece town","New York"
"3605530290",2019,"B17001B_ChildPov","Black (Non-Hispanic)",45.4152664426308,12.3248037158411,"Monroe","Greece town","New York"
"3605530290",2019,"B17001C_ChildPov","Native American (Non-Hispanic)",0,0,"Monroe","Greece town","New York"
"3605530290",2019,"B17001D_ChildPov","Asian (Non-Hispanic)",2.10918114143921,11.2846224660698,"Monroe","Greece town","New York"
"3605530290",2019,"B17001E_ChildPov","Pacific Islander (Non-Hispanic)",0,0,"Monroe","Greece town","New York"
"3605530290",2019,"B17001F_ChildPov","Other (Non-Hispanic)",5.04451038575668,26.0906066901378,"Monroe","Greece town","New York"
"3605530290",2019,"B17001G_ChildPov","Two or More Races (Non-Hispanic)",26.634382566586,14.2304453314567,"Monroe","Greece town","New York"
"3605530290",2019,"B17001H_ChildPov","White (Non-Hispanic)",8.87871177426503,1.88269382118515,"Monroe","Greece town","New York"
"3605530290",2019,"B17001I_ChildPov","Hispanic or Latino (Any Race)",17.4311926605505,6.81164827830066,"Monroe","Greece town","New York"
"3605530290",2020,"B17001B_ChildPov","Black (Non-Hispanic)",49.8743086978381,16.1347368586869,"Monroe","Greece town","New York"
"3605530290",2020,"B17001C_ChildPov","Native American (Non-Hispanic)",0,0,"Monroe","Greece town","New York"
"3605530290",2020,"B17001D_ChildPov","Asian (Non-Hispanic)",1.69971671388102,13.9338246154412,"Monroe","Greece town","New York"
"3605530290",2020,"B17001E_ChildPov","Pacific Islander (Non-Hispanic)",0,0,"Monroe","Greece town","New York"
"3605530290",2020,"B17001F_ChildPov","Other (Non-Hispanic)",8.41423948220065,29.7469240418436,"Monroe","Greece town","New York"
"3605530290",2020,"B17001G_ChildPov","Two or More Races (Non-Hispanic)",17.6792828685259,9.22649961209227,"Monroe","Greece town","New York"
"3605530290",2020,"B17001H_ChildPov","White (Non-Hispanic)",11.0850128807395,2.53136682468784,"Monroe","Greece town","New York"
"3605530290",2020,"B17001I_ChildPov","Hispanic or Latino (Any Race)",18.7537447573397,7.50025665640369,"Monroe","Greece town","New York"
"3605530290",2021,"B17001B_ChildPov","Black (Non-Hispanic)",55.250095456281,13.3454538759803,"Monroe","Greece town","New York"
"3605530290",2021,"B17001C_ChildPov","Native American (Non-Hispanic)",0,0,"Monroe","Greece town","New York"
"3605530290",2021,"B17001D_ChildPov","Asian (Non-Hispanic)",8.10014727540501,15.2524145464522,"Monroe","Greece town","New York"
"3605530290",2021,"B17001E_ChildPov","Pacific Islander (Non-Hispanic)",0,0,"Monroe","Greece town","New York"
"3605530290",2021,"B17001F_ChildPov","Other (Non-Hispanic)",15.7453936348409,16.0136323914697,"Monroe","Greece town","New York"
"3605530290",2021,"B17001G_ChildPov","Two or More Races (Non-Hispanic)",15.6118143459916,5.60198544864083,"Monroe","Greece town","New York"
"3605530290",2021,"B17001H_ChildPov","White (Non-Hispanic)",10.8038095238095,2.59012939683587,"Monroe","Greece town","New York"
"3605530290",2021,"B17001I_ChildPov","Hispanic or Latino (Any Race)",22.7873448137765,7.80050512534489,"Monroe","Greece town","New York"
"3605530290",2022,"B17001B_ChildPov","Black (Non-Hispanic)",45.2512155591572,12.1010107191654,"Monroe","Greece town","New York"
"3605530290",2022,"B17001C_ChildPov","Native American (Non-Hispanic)",0,0,"Monroe","Greece town","New York"
"3605530290",2022,"B17001D_ChildPov","Asian (Non-Hispanic)",30.6779661016949,25.0447880474093,"Monroe","Greece town","New York"
"3605530290",2022,"B17001E_ChildPov","Pacific Islander (Non-Hispanic)",0,0,"Monroe","Greece town","New York"
"3605530290",2022,"B17001F_ChildPov","Other (Non-Hispanic)",13.588850174216,17.8128241197125,"Monroe","Greece town","New York"
"3605530290",2022,"B17001G_ChildPov","Two or More Races (Non-Hispanic)",11.6660454714871,4.63966924860726,"Monroe","Greece town","New York"
"3605530290",2022,"B17001H_ChildPov","White (Non-Hispanic)",9.74654193651555,2.42995176290378,"Monroe","Greece town","New York"
"3605530290",2022,"B17001I_ChildPov","Hispanic or Latino (Any Race)",14.4128113879004,6.1128306349107,"Monroe","Greece town","New York"
"3605530290",2023,"B17001B_ChildPov","Black (Non-Hispanic)",43.8764643237487,12.9431673816368,"Monroe","Greece town","New York"
"3605530290",2023,"B17001C_ChildPov","Native American (Non-Hispanic)",0,0,"Monroe","Greece town","New York"
"3605530290",2023,"B17001D_ChildPov","Asian (Non-Hispanic)",38.3211678832117,28.304348164784,"Monroe","Greece town","New York"
"3605530290",2023,"B17001E_ChildPov","Pacific Islander (Non-Hispanic)",0,0,"Monroe","Greece town","New York"
"3605530290",2023,"B17001F_ChildPov","Other (Non-Hispanic)",15.6549520766773,15.7906288333304,"Monroe","Greece town","New York"
"3605530290",2023,"B17001G_ChildPov","Two or More Races (Non-Hispanic)",5.66801619433198,3.00748033626702,"Monroe","Greece town","New York"
"3605530290",2023,"B17001H_ChildPov","White (Non-Hispanic)",8.54466160555645,2.47405389632351,"Monroe","Greece town","New York"
"3605530290",2023,"B17001I_ChildPov","Hispanic or Latino (Any Race)",10.6418918918919,5.16594909895358,"Monroe","Greece town","New York"
"3605530290",2024,"B17001B_ChildPov","Black (Non-Hispanic)",46.0555149744339,13.9316052506715,"Monroe","Greece town","New York"
"3605530290",2024,"B17001C_ChildPov","Native American (Non-Hispanic)",0,1108.51251684408,"Monroe","Greece town","New York"
"3605530290",2024,"B17001D_ChildPov","Asian (Non-Hispanic)",45.0381679389313,25.5081005245011,"Monroe","Greece town","New York"
"3605530290",2024,"B17001E_ChildPov","Pacific Islander (Non-Hispanic)",0,0,"Monroe","Greece town","New York"
"3605530290",2024,"B17001F_ChildPov","Other (Non-Hispanic)",32.3643410852713,17.1862492932359,"Monroe","Greece town","New York"
"3605530290",2024,"B17001G_ChildPov","Two or More Races (Non-Hispanic)",7.2554347826087,3.58358560236932,"Monroe","Greece town","New York"
"3605530290",2024,"B17001H_ChildPov","White (Non-Hispanic)",9.28020565552699,2.60372287504899,"Monroe","Greece town","New York"
"3605530290",2024,"B17001I_ChildPov","Hispanic or Latino (Any Race)",8.37138508371385,5.17941272741449,"Monroe","Greece town","New York"
"3605531797",2017,"B17001B_ChildPov","Black (Non-Hispanic)",34.5588235294118,37.6347472722969,"Monroe","Hamlin town","New York"
"3605531797",2017,"B17001C_ChildPov","Native American (Non-Hispanic)",0,0,"Monroe","Hamlin town","New York"
"3605531797",2017,"B17001D_ChildPov","Asian (Non-Hispanic)",0,426.350968016954,"Monroe","Hamlin town","New York"
"3605531797",2017,"B17001E_ChildPov","Pacific Islander (Non-Hispanic)",0,0,"Monroe","Hamlin town","New York"
"3605531797",2017,"B17001F_ChildPov","Other (Non-Hispanic)",0,0,"Monroe","Hamlin town","New York"
"3605531797",2017,"B17001G_ChildPov","Two or More Races (Non-Hispanic)",17.6470588235294,105.114781965445,"Monroe","Hamlin town","New York"
"3605531797",2017,"B17001H_ChildPov","White (Non-Hispanic)",8.20224719101124,4.13534462640786,"Monroe","Hamlin town","New York"
"3605531797",2017,"B17001I_ChildPov","Hispanic or Latino (Any Race)",60.2739726027397,61.6560703714146,"Monroe","Hamlin town","New York"
"3605531797",2018,"B17001B_ChildPov","Black (Non-Hispanic)",31.7307692307692,48.4025266547597,"Monroe","Hamlin town","New York"
"3605531797",2018,"B17001C_ChildPov","Native American (Non-Hispanic)",0,0,"Monroe","Hamlin town","New York"
"3605531797",2018,"B17001D_ChildPov","Asian (Non-Hispanic)",0,0,"Monroe","Hamlin town","New York"
"3605531797",2018,"B17001E_ChildPov","Pacific Islander (Non-Hispanic)",0,0,"Monroe","Hamlin town","New York"
"3605531797",2018,"B17001F_ChildPov","Other (Non-Hispanic)",0,0,"Monroe","Hamlin town","New York"
"3605531797",2018,"B17001G_ChildPov","Two or More Races (Non-Hispanic)",26.4705882352941,157.295982013348,"Monroe","Hamlin town","New York"
"3605531797",2018,"B17001H_ChildPov","White (Non-Hispanic)",9.37142857142857,4.45467378985946,"Monroe","Hamlin town","New York"
"3605531797",2018,"B17001I_ChildPov","Hispanic or Latino (Any Race)",60.9375,65.3990124207922,"Monroe","Hamlin town","New York"
"3605531797",2019,"B17001B_ChildPov","Black (Non-Hispanic)",70.8333333333333,175.75019015716,"Monroe","Hamlin town","New York"
"3605531797",2019,"B17001C_ChildPov","Native American (Non-Hispanic)",0,0,"Monroe","Hamlin town","New York"
"3605531797",2019,"B17001D_ChildPov","Asian (Non-Hispanic)",0,0,"Monroe","Hamlin town","New York"
"3605531797",2019,"B17001E_ChildPov","Pacific Islander (Non-Hispanic)",0,0,"Monroe","Hamlin town","New York"
"3605531797",2019,"B17001F_ChildPov","Other (Non-Hispanic)",0,0,"Monroe","Hamlin town","New York"
"3605531797",2019,"B17001G_ChildPov","Two or More Races (Non-Hispanic)",26.4705882352941,157.984886387325,"Monroe","Hamlin town","New York"
"3605531797",2019,"B17001H_ChildPov","White (Non-Hispanic)",9.50744558991982,4.47418267291705,"Monroe","Hamlin town","New York"
"3605531797",2019,"B17001I_ChildPov","Hispanic or Latino (Any Race)",100,336.704713776263,"Monroe","Hamlin town","New York"
"3605531797",2020,"B17001B_ChildPov","Black (Non-Hispanic)",0,0,"Monroe","Hamlin town","New York"
"3605531797",2020,"B17001C_ChildPov","Native American (Non-Hispanic)",0,0,"Monroe","Hamlin town","New York"
"3605531797",2020,"B17001D_ChildPov","Asian (Non-Hispanic)",0,0,"Monroe","Hamlin town","New York"
"3605531797",2020,"B17001E_ChildPov","Pacific Islander (Non-Hispanic)",0,0,"Monroe","Hamlin town","New York"
"3605531797",2020,"B17001F_ChildPov","Other (Non-Hispanic)",0,0,"Monroe","Hamlin town","New York"
"3605531797",2020,"B17001G_ChildPov","Two or More Races (Non-Hispanic)",21.2121212121212,166.895698259722,"Monroe","Hamlin town","New York"
"3605531797",2020,"B17001H_ChildPov","White (Non-Hispanic)",7.70547945205479,4.46264530295035,"Monroe","Hamlin town","New York"
"3605531797",2020,"B17001I_ChildPov","Hispanic or Latino (Any Race)",0,0,"Monroe","Hamlin town","New York"
"3605531797",2021,"B17001B_ChildPov","Black (Non-Hispanic)",0,0,"Monroe","Hamlin town","New York"
"3605531797",2021,"B17001C_ChildPov","Native American (Non-Hispanic)",0,0,"Monroe","Hamlin town","New York"
"3605531797",2021,"B17001D_ChildPov","Asian (Non-Hispanic)",0,0,"Monroe","Hamlin town","New York"
"3605531797",2021,"B17001E_ChildPov","Pacific Islander (Non-Hispanic)",0,0,"Monroe","Hamlin town","New York"
"3605531797",2021,"B17001F_ChildPov","Other (Non-Hispanic)",0,0,"Monroe","Hamlin town","New York"
"3605531797",2021,"B17001G_ChildPov","Two or More Races (Non-Hispanic)",0,80.978998795428,"Monroe","Hamlin town","New York"
"3605531797",2021,"B17001H_ChildPov","White (Non-Hispanic)",8.81316098707403,4.8824624487758,"Monroe","Hamlin town","New York"
"3605531797",2021,"B17001I_ChildPov","Hispanic or Latino (Any Race)",0,207.846096908265,"Monroe","Hamlin town","New York"
"3605531797",2022,"B17001B_ChildPov","Black (Non-Hispanic)",0,0,"Monroe","Hamlin town","New York"
"3605531797",2022,"B17001C_ChildPov","Native American (Non-Hispanic)",0,0,"Monroe","Hamlin town","New York"
"3605531797",2022,"B17001D_ChildPov","Asian (Non-Hispanic)",0,0,"Monroe","Hamlin town","New York"
"3605531797",2022,"B17001E_ChildPov","Pacific Islander (Non-Hispanic)",0,0,"Monroe","Hamlin town","New York"
"3605531797",2022,"B17001F_ChildPov","Other (Non-Hispanic)",0,0,"Monroe","Hamlin town","New York"
"3605531797",2022,"B17001G_ChildPov","Two or More Races (Non-Hispanic)",0,51.8251422737144,"Monroe","Hamlin town","New York"
"3605531797",2022,"B17001H_ChildPov","White (Non-Hispanic)",10.1421188630491,5.44505100962206,"Monroe","Hamlin town","New York"
"3605531797",2022,"B17001I_ChildPov","Hispanic or Latino (Any Race)",0,193.582149081227,"Monroe","Hamlin town","New York"
"3605531797",2023,"B17001B_ChildPov","Black (Non-Hispanic)",0,1316.35861375235,"Monroe","Hamlin town","New York"
"3605531797",2023,"B17001C_ChildPov","Native American (Non-Hispanic)",0,0,"Monroe","Hamlin town","New York"
"3605531797",2023,"B17001D_ChildPov","Asian (Non-Hispanic)",0,0,"Monroe","Hamlin town","New York"
"3605531797",2023,"B17001E_ChildPov","Pacific Islander (Non-Hispanic)",0,0,"Monroe","Hamlin town","New York"
"3605531797",2023,"B17001F_ChildPov","Other (Non-Hispanic)",0,0,"Monroe","Hamlin town","New York"
"3605531797",2023,"B17001G_ChildPov","Two or More Races (Non-Hispanic)",0,39.4119345434834,"Monroe","Hamlin town","New York"
"3605531797",2023,"B17001H_ChildPov","White (Non-Hispanic)",8.08871493803001,5.66388562449999,"Monroe","Hamlin town","New York"
"3605531797",2023,"B17001I_ChildPov","Hispanic or Latino (Any Race)",0,168.763924840044,"Monroe","Hamlin town","New York"
"3605531797",2024,"B17001B_ChildPov","Black (Non-Hispanic)",0,940.256152680248,"Monroe","Hamlin town","New York"
"3605531797",2024,"B17001C_ChildPov","Native American (Non-Hispanic)",0,0,"Monroe","Hamlin town","New York"
"3605531797",2024,"B17001D_ChildPov","Asian (Non-Hispanic)",0,0,"Monroe","Hamlin town","New York"
"3605531797",2024,"B17001E_ChildPov","Pacific Islander (Non-Hispanic)",0,0,"Monroe","Hamlin town","New York"
"3605531797",2024,"B17001F_ChildPov","Other (Non-Hispanic)",0,0,"Monroe","Hamlin town","New York"
"3605531797",2024,"B17001G_ChildPov","Two or More Races (Non-Hispanic)",0,34.6410161513775,"Monroe","Hamlin town","New York"
"3605531797",2024,"B17001H_ChildPov","White (Non-Hispanic)",11.9047619047619,6.45688380988941,"Monroe","Hamlin town","New York"
"3605531797",2024,"B17001I_ChildPov","Hispanic or Latino (Any Race)",0,98.235717444205,"Monroe","Hamlin town","New York"
"3605534099",2017,"B17001B_ChildPov","Black (Non-Hispanic)",42.8134556574924,20.8686296334992,"Monroe","Henrietta town","New York"
"3605534099",2017,"B17001C_ChildPov","Native American (Non-Hispanic)",0,519.615242270663,"Monroe","Henrietta town","New York"
"3605534099",2017,"B17001D_ChildPov","Asian (Non-Hispanic)",19.7875166002656,14.6341892299404,"Monroe","Henrietta town","New York"
"3605534099",2017,"B17001E_ChildPov","Pacific Islander (Non-Hispanic)",0,319.763226012716,"Monroe","Henrietta town","New York"
"3605534099",2017,"B17001F_ChildPov","Other (Non-Hispanic)",0,71.6710678994018,"Monroe","Henrietta town","New York"
"3605534099",2017,"B17001G_ChildPov","Two or More Races (Non-Hispanic)",0,12.3902293238906,"Monroe","Henrietta town","New York"
"3605534099",2017,"B17001H_ChildPov","White (Non-Hispanic)",9.37975646879756,3.32281029263104,"Monroe","Henrietta town","New York"
"3605534099",2017,"B17001I_ChildPov","Hispanic or Latino (Any Race)",0,22.4698483144071,"Monroe","Henrietta town","New York"
"3605534099",2018,"B17001B_ChildPov","Black (Non-Hispanic)",42.0335429769392,22.0176326108847,"Monroe","Henrietta town","New York"
"3605534099",2018,"B17001C_ChildPov","Native American (Non-Hispanic)",0,577.350269189626,"Monroe","Henrietta town","New York"
"3605534099",2018,"B17001D_ChildPov","Asian (Non-Hispanic)",19.3645990922844,15.4454270747697,"Monroe","Henrietta town","New York"
"3605534099",2018,"B17001E_ChildPov","Pacific Islander (Non-Hispanic)",0,309.294787065871,"Monroe","Henrietta town","New York"
"3605534099",2018,"B17001F_ChildPov","Other (Non-Hispanic)",0,91.1605688194146,"Monroe","Henrietta town","New York"
"3605534099",2018,"B17001G_ChildPov","Two or More Races (Non-Hispanic)",7.40740740740741,19.4153263805607,"Monroe","Henrietta town","New York"
"3605534099",2018,"B17001H_ChildPov","White (Non-Hispanic)",11.1408882082695,4.29657631141905,"Monroe","Henrietta town","New York"
"3605534099",2018,"B17001I_ChildPov","Hispanic or Latino (Any Race)",0,25.2485540461935,"Monroe","Henrietta town","New York"
"3605534099",2019,"B17001B_ChildPov","Black (Non-Hispanic)",46.1297888975762,17.3703319298708,"Monroe","Henrietta town","New York"
"3605534099",2019,"B17001C_ChildPov","Native American (Non-Hispanic)",0,618.589574131742,"Monroe","Henrietta town","New York"
"3605534099",2019,"B17001D_ChildPov","Asian (Non-Hispanic)",15.4299175500589,13.0402675238935,"Monroe","Henrietta town","New York"
"3605534099",2019,"B17001E_ChildPov","Pacific Islander (Non-Hispanic)",0,346.410161513775,"Monroe","Henrietta town","New York"
"3605534099",2019,"B17001F_ChildPov","Other (Non-Hispanic)",0,58.9132927744516,"Monroe","Henrietta town","New York"
"3605534099",2019,"B17001G_ChildPov","Two or More Races (Non-Hispanic)",48.014440433213,29.9153687758303,"Monroe","Henrietta town","New York"
"3605534099",2019,"B17001H_ChildPov","White (Non-Hispanic)",9.68139773895169,4.1917617539743,"Monroe","Henrietta town","New York"
"3605534099",2019,"B17001I_ChildPov","Hispanic or Latino (Any Race)",31.8485523385301,30.5195629162075,"Monroe","Henrietta town","New York"
"3605534099",2020,"B17001B_ChildPov","Black (Non-Hispanic)",37.8926038500507,17.5087957379222,"Monroe","Henrietta town","New York"
"3605534099",2020,"B17001C_ChildPov","Native American (Non-Hispanic)",0,818.787654487106,"Monroe","Henrietta town","New York"
"3605534099",2020,"B17001D_ChildPov","Asian (Non-Hispanic)",16.2230671736375,13.4221128427106,"Monroe","Henrietta town","New York"
"3605534099",2020,"B17001E_ChildPov","Pacific Islander (Non-Hispanic)",0,257.333262838805,"Monroe","Henrietta town","New York"
"3605534099",2020,"B17001F_ChildPov","Other (Non-Hispanic)",0,195.797047812134,"Monroe","Henrietta town","New York"
"3605534099",2020,"B17001G_ChildPov","Two or More Races (Non-Hispanic)",40.7142857142857,23.4147602264001,"Monroe","Henrietta town","New York"
"3605534099",2020,"B17001H_ChildPov","White (Non-Hispanic)",6.77124702144559,3.09325762468377,"Monroe","Henrietta town","New York"
"3605534099",2020,"B17001I_ChildPov","Hispanic or Latino (Any Race)",23.4608985024958,22.7605177302902,"Monroe","Henrietta town","New York"
"3605534099",2021,"B17001B_ChildPov","Black (Non-Hispanic)",16.5038002171553,16.4269743096146,"Monroe","Henrietta town","New York"
"3605534099",2021,"B17001C_ChildPov","Native American (Non-Hispanic)",0,668.076740062281,"Monroe","Henrietta town","New York"
"3605534099",2021,"B17001D_ChildPov","Asian (Non-Hispanic)",20.4515272244356,15.126914582354,"Monroe","Henrietta town","New York"
"3605534099",2021,"B17001E_ChildPov","Pacific Islander (Non-Hispanic)",0,0,"Monroe","Henrietta town","New York"
"3605534099",2021,"B17001F_ChildPov","Other (Non-Hispanic)",0,190.879068589223,"Monroe","Henrietta town","New York"
"3605534099",2021,"B17001G_ChildPov","Two or More Races (Non-Hispanic)",27.9816513761468,22.3738895478326,"Monroe","Henrietta town","New York"
"3605534099",2021,"B17001H_ChildPov","White (Non-Hispanic)",5.18886679920477,3.01103186245725,"Monroe","Henrietta town","New York"
"3605534099",2021,"B17001I_ChildPov","Hispanic or Latino (Any Race)",14.3081761006289,17.6408559937798,"Monroe","Henrietta town","New York"
"3605534099",2022,"B17001B_ChildPov","Black (Non-Hispanic)",5.91517857142857,12.8043868530363,"Monroe","Henrietta town","New York"
"3605534099",2022,"B17001C_ChildPov","Native American (Non-Hispanic)",0,0,"Monroe","Henrietta town","New York"
"3605534099",2022,"B17001D_ChildPov","Asian (Non-Hispanic)",17.0426065162907,16.469911792089,"Monroe","Henrietta town","New York"
"3605534099",2022,"B17001E_ChildPov","Pacific Islander (Non-Hispanic)",0,0,"Monroe","Henrietta town","New York"
"3605534099",2022,"B17001F_ChildPov","Other (Non-Hispanic)",0,186.528548507418,"Monroe","Henrietta town","New York"
"3605534099",2022,"B17001G_ChildPov","Two or More Races (Non-Hispanic)",22.7579556412729,20.7250293220356,"Monroe","Henrietta town","New York"
"3605534099",2022,"B17001H_ChildPov","White (Non-Hispanic)",3.7770612620912,3.29948546045072,"Monroe","Henrietta town","New York"
"3605534099",2022,"B17001I_ChildPov","Hispanic or Latino (Any Race)",11.1666666666667,17.9349439547631,"Monroe","Henrietta town","New York"
"3605534099",2023,"B17001B_ChildPov","Black (Non-Hispanic)",8.69565217391304,27.363270785249,"Monroe","Henrietta town","New York"
"3605534099",2023,"B17001C_ChildPov","Native American (Non-Hispanic)",0,0,"Monroe","Henrietta town","New York"
"3605534099",2023,"B17001D_ChildPov","Asian (Non-Hispanic)",22.0556745182013,13.3789939315832,"Monroe","Henrietta town","New York"
"3605534099",2023,"B17001E_ChildPov","Pacific Islander (Non-Hispanic)",0,0,"Monroe","Henrietta town","New York"
"3605534099",2023,"B17001F_ChildPov","Other (Non-Hispanic)",87.3134328358209,56.3352261655141,"Monroe","Henrietta town","New York"
"3605534099",2023,"B17001G_ChildPov","Two or More Races (Non-Hispanic)",19.8630136986301,23.3242170856779,"Monroe","Henrietta town","New York"
"3605534099",2023,"B17001H_ChildPov","White (Non-Hispanic)",6.28721124077161,3.3739363207253,"Monroe","Henrietta town","New York"
"3605534099",2023,"B17001I_ChildPov","Hispanic or Latino (Any Race)",32.2952710495963,18.1942500151651,"Monroe","Henrietta town","New York"
"3605534099",2024,"B17001B_ChildPov","Black (Non-Hispanic)",0,27.7510902870152,"Monroe","Henrietta town","New York"
"3605534099",2024,"B17001C_ChildPov","Native American (Non-Hispanic)",0,0,"Monroe","Henrietta town","New York"
"3605534099",2024,"B17001D_ChildPov","Asian (Non-Hispanic)",27.0833333333333,15.5353941591512,"Monroe","Henrietta town","New York"
"3605534099",2024,"B17001E_ChildPov","Pacific Islander (Non-Hispanic)",0,0,"Monroe","Henrietta town","New York"
"3605534099",2024,"B17001F_ChildPov","Other (Non-Hispanic)",100,80.9918229978287,"Monroe","Henrietta town","New York"
"3605534099",2024,"B17001G_ChildPov","Two or More Races (Non-Hispanic)",3.59147025813693,17.3078316640547,"Monroe","Henrietta town","New York"
"3605534099",2024,"B17001H_ChildPov","White (Non-Hispanic)",7.0504239178938,3.92143847212267,"Monroe","Henrietta town","New York"
"3605534099",2024,"B17001I_ChildPov","Hispanic or Latino (Any Race)",41.1764705882353,28.312855634902,"Monroe","Henrietta town","New York"
"3605537726",2017,"B17001B_ChildPov","Black (Non-Hispanic)",22.1145374449339,14.6104522979069,"Monroe","Irondequoit town","New York"
"3605537726",2017,"B17001C_ChildPov","Native American (Non-Hispanic)",36.3636363636364,237.029090152944,"Monroe","Irondequoit town","New York"
"3605537726",2017,"B17001D_ChildPov","Asian (Non-Hispanic)",0,70.323867374977,"Monroe","Irondequoit town","New York"
"3605537726",2017,"B17001E_ChildPov","Pacific Islander (Non-Hispanic)",0,0,"Monroe","Irondequoit town","New York"
"3605537726",2017,"B17001F_ChildPov","Other (Non-Hispanic)",61.6883116883117,27.7637555831824,"Monroe","Irondequoit town","New York"
"3605537726",2017,"B17001G_ChildPov","Two or More Races (Non-Hispanic)",18.1935483870968,16.185628818577,"Monroe","Irondequoit town","New York"
"3605537726",2017,"B17001H_ChildPov","White (Non-Hispanic)",5.83674663545933,1.95757770505547,"Monroe","Irondequoit town","New York"
"3605537726",2017,"B17001I_ChildPov","Hispanic or Latino (Any Race)",39.0691977954685,9.63592903521079,"Monroe","Irondequoit town","New York"
"3605537726",2018,"B17001B_ChildPov","Black (Non-Hispanic)",14.9847094801223,10.5928745198936,"Monroe","Irondequoit town","New York"
"3605537726",2018,"B17001C_ChildPov","Native American (Non-Hispanic)",0,346.410161513775,"Monroe","Irondequoit town","New York"
"3605537726",2018,"B17001D_ChildPov","Asian (Non-Hispanic)",0,262.148230334749,"Monroe","Irondequoit town","New York"
"3605537726",2018,"B17001E_ChildPov","Pacific Islander (Non-Hispanic)",0,0,"Monroe","Irondequoit town","New York"
"3605537726",2018,"B17001F_ChildPov","Other (Non-Hispanic)",57.2327044025157,31.2915240643531,"Monroe","Irondequoit town","New York"
"3605537726",2018,"B17001G_ChildPov","Two or More Races (Non-Hispanic)",4.46998722860792,12.4231616139179,"Monroe","Irondequoit town","New York"
"3605537726",2018,"B17001H_ChildPov","White (Non-Hispanic)",5.45763760049474,2.21200349437435,"Monroe","Irondequoit town","New York"
"3605537726",2018,"B17001I_ChildPov","Hispanic or Latino (Any Race)",37.0999346832136,10.0998826407801,"Monroe","Irondequoit town","New York"
"3605537726",2019,"B17001B_ChildPov","Black (Non-Hispanic)",15.817223198594,9.01612296238146,"Monroe","Irondequoit town","New York"
"3605537726",2019,"B17001C_ChildPov","Native American (Non-Hispanic)",0,461.880215351701,"Monroe","Irondequoit town","New York"
"3605537726",2019,"B17001D_ChildPov","Asian (Non-Hispanic)",25,160.60139884579,"Monroe","Irondequoit town","New York"
"3605537726",2019,"B17001E_ChildPov","Pacific Islander (Non-Hispanic)",0,0,"Monroe","Irondequoit town","New York"
"3605537726",2019,"B17001F_ChildPov","Other (Non-Hispanic)",52.9085872576177,27.9752680593874,"Monroe","Irondequoit town","New York"
"3605537726",2019,"B17001G_ChildPov","Two or More Races (Non-Hispanic)",4.87179487179487,12.6150603002046,"Monroe","Irondequoit town","New York"
"3605537726",2019,"B17001H_ChildPov","White (Non-Hispanic)",4.65154775699387,1.98808530652949,"Monroe","Irondequoit town","New York"
"3605537726",2019,"B17001I_ChildPov","Hispanic or Latino (Any Race)",37.3413897280967,8.60018264277721,"Monroe","Irondequoit town","New York"
"3605537726",2020,"B17001B_ChildPov","Black (Non-Hispanic)",25.4066615027111,15.7003072754457,"Monroe","Irondequoit town","New York"
"3605537726",2020,"B17001C_ChildPov","Native American (Non-Hispanic)",0,558.105260216638,"Monroe","Irondequoit town","New York"
"3605537726",2020,"B17001D_ChildPov","Asian (Non-Hispanic)",38.8571428571429,53.2013830398337,"Monroe","Irondequoit town","New York"
"3605537726",2020,"B17001E_ChildPov","Pacific Islander (Non-Hispanic)",0,0,"Monroe","Irondequoit town","New York"
"3605537726",2020,"B17001F_ChildPov","Other (Non-Hispanic)",53.9007092198582,61.7494940091883,"Monroe","Irondequoit town","New York"
"3605537726",2020,"B17001G_ChildPov","Two or More Races (Non-Hispanic)",9.83412322274881,13.3531662107694,"Monroe","Irondequoit town","New York"
"3605537726",2020,"B17001H_ChildPov","White (Non-Hispanic)",3.59550561797753,1.97040434059975,"Monroe","Irondequoit town","New York"
"3605537726",2020,"B17001I_ChildPov","Hispanic or Latino (Any Race)",37.8040762656147,13.3787617674531,"Monroe","Irondequoit town","New York"
"3605537726",2021,"B17001B_ChildPov","Black (Non-Hispanic)",28.5449490268767,17.2061295954975,"Monroe","Irondequoit town","New York"
"3605537726",2021,"B17001C_ChildPov","Native American (Non-Hispanic)",0,0,"Monroe","Irondequoit town","New York"
"3605537726",2021,"B17001D_ChildPov","Asian (Non-Hispanic)",91.9354838709677,118.900227832768,"Monroe","Irondequoit town","New York"
"3605537726",2021,"B17001E_ChildPov","Pacific Islander (Non-Hispanic)",0,0,"Monroe","Irondequoit town","New York"
"3605537726",2021,"B17001F_ChildPov","Other (Non-Hispanic)",68.2692307692308,58.181338124961,"Monroe","Irondequoit town","New York"
"3605537726",2021,"B17001G_ChildPov","Two or More Races (Non-Hispanic)",6.33561643835616,10.0194709974325,"Monroe","Irondequoit town","New York"
"3605537726",2021,"B17001H_ChildPov","White (Non-Hispanic)",5.47990700763866,2.41504382472413,"Monroe","Irondequoit town","New York"
"3605537726",2021,"B17001I_ChildPov","Hispanic or Latino (Any Race)",31.1178247734139,14.1186935018945,"Monroe","Irondequoit town","New York"
"3605537726",2022,"B17001B_ChildPov","Black (Non-Hispanic)",34.956304619226,18.0073738587938,"Monroe","Irondequoit town","New York"
"3605537726",2022,"B17001C_ChildPov","Native American (Non-Hispanic)",0,0,"Monroe","Irondequoit town","New York"
"3605537726",2022,"B17001D_ChildPov","Asian (Non-Hispanic)",91.4590747330961,106.294691618228,"Monroe","Irondequoit town","New York"
"3605537726",2022,"B17001E_ChildPov","Pacific Islander (Non-Hispanic)",0,0,"Monroe","Irondequoit town","New York"
"3605537726",2022,"B17001F_ChildPov","Other (Non-Hispanic)",0,157.922279513633,"Monroe","Irondequoit town","New York"
"3605537726",2022,"B17001G_ChildPov","Two or More Races (Non-Hispanic)",18.52487135506,12.3246151657594,"Monroe","Irondequoit town","New York"
"3605537726",2022,"B17001H_ChildPov","White (Non-Hispanic)",3.75066976245758,2.11729499944713,"Monroe","Irondequoit town","New York"
"3605537726",2022,"B17001I_ChildPov","Hispanic or Latino (Any Race)",29.287598944591,15.4229407327105,"Monroe","Irondequoit town","New York"
"3605537726",2023,"B17001B_ChildPov","Black (Non-Hispanic)",32.7923894795747,19.3393192388167,"Monroe","Irondequoit town","New York"
"3605537726",2023,"B17001C_ChildPov","Native American (Non-Hispanic)",0,0,"Monroe","Irondequoit town","New York"
"3605537726",2023,"B17001D_ChildPov","Asian (Non-Hispanic)",57.0480928689884,20.0188151314072,"Monroe","Irondequoit town","New York"
"3605537726",2023,"B17001E_ChildPov","Pacific Islander (Non-Hispanic)",0,0,"Monroe","Irondequoit town","New York"
"3605537726",2023,"B17001F_ChildPov","Other (Non-Hispanic)",23.7113402061856,107.78273601383,"Monroe","Irondequoit town","New York"
"3605537726",2023,"B17001G_ChildPov","Two or More Races (Non-Hispanic)",14.0233722871452,12.1866298522871,"Monroe","Irondequoit town","New York"
"3605537726",2023,"B17001H_ChildPov","White (Non-Hispanic)",2.4,1.88316918124084,"Monroe","Irondequoit town","New York"
"3605537726",2023,"B17001I_ChildPov","Hispanic or Latino (Any Race)",25.7756563245823,14.217445631793,"Monroe","Irondequoit town","New York"
"3605537726",2024,"B17001B_ChildPov","Black (Non-Hispanic)",37.0505789152956,21.9637223974589,"Monroe","Irondequoit town","New York"
"3605537726",2024,"B17001C_ChildPov","Native American (Non-Hispanic)",0,0,"Monroe","Irondequoit town","New York"
"3605537726",2024,"B17001D_ChildPov","Asian (Non-Hispanic)",54.7169811320755,25.4985897975897,"Monroe","Irondequoit town","New York"
"3605537726",2024,"B17001E_ChildPov","Pacific Islander (Non-Hispanic)",0,0,"Monroe","Irondequoit town","New York"
"3605537726",2024,"B17001F_ChildPov","Other (Non-Hispanic)",21.505376344086,112.847282623125,"Monroe","Irondequoit town","New York"
"3605537726",2024,"B17001G_ChildPov","Two or More Races (Non-Hispanic)",8.16191108161911,8.30578143412604,"Monroe","Irondequoit town","New York"
"3605537726",2024,"B17001H_ChildPov","White (Non-Hispanic)",3.37684943429069,2.09015821011955,"Monroe","Irondequoit town","New York"
"3605537726",2024,"B17001I_ChildPov","Hispanic or Latino (Any Race)",26.7497034400949,14.4280312530269,"Monroe","Irondequoit town","New York"
"3605546558",2017,"B17001B_ChildPov","Black (Non-Hispanic)",0,554.256258422041,"Monroe","Mendon town","New York"
"3605546558",2017,"B17001C_ChildPov","Native American (Non-Hispanic)",0,554.256258422041,"Monroe","Mendon town","New York"
"3605546558",2017,"B17001D_ChildPov","Asian (Non-Hispanic)",0,49.4871659305393,"Monroe","Mendon town","New York"
"3605546558",2017,"B17001E_ChildPov","Pacific Islander (Non-Hispanic)",0,0,"Monroe","Mendon town","New York"
"3605546558",2017,"B17001F_ChildPov","Other (Non-Hispanic)",0,0,"Monroe","Mendon town","New York"
"3605546558",2017,"B17001G_ChildPov","Two or More Races (Non-Hispanic)",0,78.0642617495832,"Monroe","Mendon town","New York"
"3605546558",2017,"B17001H_ChildPov","White (Non-Hispanic)",12.6373626373626,5.57089876152686,"Monroe","Mendon town","New York"
"3605546558",2017,"B17001I_ChildPov","Hispanic or Latino (Any Race)",0,554.256258422041,"Monroe","Mendon town","New York"
"3605546558",2018,"B17001B_ChildPov","Black (Non-Hispanic)",0,588.897274573418,"Monroe","Mendon town","New York"
"3605546558",2018,"B17001C_ChildPov","Native American (Non-Hispanic)",0,490.747728811182,"Monroe","Mendon town","New York"
"3605546558",2018,"B17001D_ChildPov","Asian (Non-Hispanic)",0,73.6121593216773,"Monroe","Mendon town","New York"
"3605546558",2018,"B17001E_ChildPov","Pacific Islander (Non-Hispanic)",0,0,"Monroe","Mendon town","New York"
"3605546558",2018,"B17001F_ChildPov","Other (Non-Hispanic)",0,0,"Monroe","Mendon town","New York"
"3605546558",2018,"B17001G_ChildPov","Two or More Races (Non-Hispanic)",0,45.2997903518014,"Monroe","Mendon town","New York"
"3605546558",2018,"B17001H_ChildPov","White (Non-Hispanic)",11.4588591620394,5.98722213562995,"Monroe","Mendon town","New York"
"3605546558",2018,"B17001I_ChildPov","Hispanic or Latino (Any Race)",0,294.448637286709,"Monroe","Mendon town","New York"
"3605546558",2019,"B17001B_ChildPov","Black (Non-Hispanic)",0,235.558909829367,"Monroe","Mendon town","New York"
"3605546558",2019,"B17001C_ChildPov","Native American (Non-Hispanic)",0,535.361158703108,"Monroe","Mendon town","New York"
"3605546558",2019,"B17001D_ChildPov","Asian (Non-Hispanic)",0,203.068025714972,"Monroe","Mendon town","New York"
"3605546558",2019,"B17001E_ChildPov","Pacific Islander (Non-Hispanic)",0,0,"Monroe","Mendon town","New York"
"3605546558",2019,"B17001F_ChildPov","Other (Non-Hispanic)",0,0,"Monroe","Mendon town","New York"
"3605546558",2019,"B17001G_ChildPov","Two or More Races (Non-Hispanic)",0,76.4801655290154,"Monroe","Mendon town","New York"
"3605546558",2019,"B17001H_ChildPov","White (Non-Hispanic)",13.2616487455197,6.42663142039694,"Monroe","Mendon town","New York"
"3605546558",2019,"B17001I_ChildPov","Hispanic or Latino (Any Race)",0,203.068025714972,"Monroe","Mendon town","New York"
"3605546558",2020,"B17001B_ChildPov","Black (Non-Hispanic)",0,196.299091524473,"Monroe","Mendon town","New York"
"3605546558",2020,"B17001C_ChildPov","Native American (Non-Hispanic)",0,654.330305081576,"Monroe","Mendon town","New York"
"3605546558",2020,"B17001D_ChildPov","Asian (Non-Hispanic)",0,490.747728811182,"Monroe","Mendon town","New York"
"3605546558",2020,"B17001E_ChildPov","Pacific Islander (Non-Hispanic)",0,0,"Monroe","Mendon town","New York"
"3605546558",2020,"B17001F_ChildPov","Other (Non-Hispanic)",0,0,"Monroe","Mendon town","New York"
"3605546558",2020,"B17001G_ChildPov","Two or More Races (Non-Hispanic)",0,30.6717330506989,"Monroe","Mendon town","New York"
"3605546558",2020,"B17001H_ChildPov","White (Non-Hispanic)",5.47045951859956,3.51145874954832,"Monroe","Mendon town","New York"
"3605546558",2020,"B17001I_ChildPov","Hispanic or Latino (Any Race)",0,107.072231740622,"Monroe","Mendon town","New York"
"3605546558",2021,"B17001B_ChildPov","Black (Non-Hispanic)",0,207.846096908265,"Monroe","Mendon town","New York"
"3605546558",2021,"B17001C_ChildPov","Native American (Non-Hispanic)",0,0,"Monroe","Mendon town","New York"
"3605546558",2021,"B17001D_ChildPov","Asian (Non-Hispanic)",0,194.855715851499,"Monroe","Mendon town","New York"
"3605546558",2021,"B17001E_ChildPov","Pacific Islander (Non-Hispanic)",0,0,"Monroe","Mendon town","New York"
"3605546558",2021,"B17001F_ChildPov","Other (Non-Hispanic)",0,0,"Monroe","Mendon town","New York"
"3605546558",2021,"B17001G_ChildPov","Two or More Races (Non-Hispanic)",0,29.551577759469,"Monroe","Mendon town","New York"
"3605546558",2021,"B17001H_ChildPov","White (Non-Hispanic)",5.82857142857143,4.53709802341054,"Monroe","Mendon town","New York"
"3605546558",2021,"B17001I_ChildPov","Hispanic or Latino (Any Race)",40.3508771929825,65.110156214497,"Monroe","Mendon town","New York"
"3605546558",2022,"B17001B_ChildPov","Black (Non-Hispanic)",0,173.205080756888,"Monroe","Mendon town","New York"
"3605546558",2022,"B17001C_ChildPov","Native American (Non-Hispanic)",0,0,"Monroe","Mendon town","New York"
"3605546558",2022,"B17001D_ChildPov","Asian (Non-Hispanic)",0,140.038150399186,"Monroe","Mendon town","New York"
"3605546558",2022,"B17001E_ChildPov","Pacific Islander (Non-Hispanic)",0,0,"Monroe","Mendon town","New York"
"3605546558",2022,"B17001F_ChildPov","Other (Non-Hispanic)",0,1096.96551146029,"Monroe","Mendon town","New York"
"3605546558",2022,"B17001G_ChildPov","Two or More Races (Non-Hispanic)",0,41.6569181567198,"Monroe","Mendon town","New York"
"3605546558",2022,"B17001H_ChildPov","White (Non-Hispanic)",5.70762958648806,4.81596760497672,"Monroe","Mendon town","New York"
"3605546558",2022,"B17001I_ChildPov","Hispanic or Latino (Any Race)",33.5820895522388,60.1371979978158,"Monroe","Mendon town","New York"
"3605546558",2023,"B17001B_ChildPov","Black (Non-Hispanic)",0,90.161548887147,"Monroe","Mendon town","New York"
"3605546558",2023,"B17001C_ChildPov","Native American (Non-Hispanic)",0,0,"Monroe","Mendon town","New York"
"3605546558",2023,"B17001D_ChildPov","Asian (Non-Hispanic)",0,188.05123053605,"Monroe","Mendon town","New York"
"3605546558",2023,"B17001E_ChildPov","Pacific Islander (Non-Hispanic)",0,0,"Monroe","Mendon town","New York"
"3605546558",2023,"B17001F_ChildPov","Other (Non-Hispanic)",0,1645.44826719043,"Monroe","Mendon town","New York"
"3605546558",2023,"B17001G_ChildPov","Two or More Races (Non-Hispanic)",0,32.9089653438087,"Monroe","Mendon town","New York"
"3605546558",2023,"B17001H_ChildPov","White (Non-Hispanic)",4.73520249221184,4.37650996613249,"Monroe","Mendon town","New York"
"3605546558",2023,"B17001I_ChildPov","Hispanic or Latino (Any Race)",38.5321100917431,67.1252707301765,"Monroe","Mendon town","New York"
"3605546558",2024,"B17001B_ChildPov","Black (Non-Hispanic)",0,153.064955087482,"Monroe","Mendon town","New York"
"3605546558",2024,"B17001C_ChildPov","Native American (Non-Hispanic)",0,0,"Monroe","Mendon town","New York"
"3605546558",2024,"B17001D_ChildPov","Asian (Non-Hispanic)",0,124.184774882297,"Monroe","Mendon town","New York"
"3605546558",2024,"B17001E_ChildPov","Pacific Islander (Non-Hispanic)",0,0,"Monroe","Mendon town","New York"
"3605546558",2024,"B17001F_ChildPov","Other (Non-Hispanic)",0,1316.35861375235,"Monroe","Mendon town","New York"
"3605546558",2024,"B17001G_ChildPov","Two or More Races (Non-Hispanic)",26.027397260274,40.3224410252997,"Monroe","Mendon town","New York"
"3605546558",2024,"B17001H_ChildPov","White (Non-Hispanic)",2.48756218905473,3.86852539841605,"Monroe","Mendon town","New York"
"3605546558",2024,"B17001I_ChildPov","Hispanic or Latino (Any Race)",87.3134328358209,28.4810829657644,"Monroe","Mendon town","New York"
"3605554474",2017,"B17001B_ChildPov","Black (Non-Hispanic)",0,60.6217782649107,"Monroe","Ogden town","New York"
"3605554474",2017,"B17001C_ChildPov","Native American (Non-Hispanic)",0,0,"Monroe","Ogden town","New York"
"3605554474",2017,"B17001D_ChildPov","Asian (Non-Hispanic)",0,606.217782649107,"Monroe","Ogden town","New York"
"3605554474",2017,"B17001E_ChildPov","Pacific Islander (Non-Hispanic)",0,0,"Monroe","Ogden town","New York"
"3605554474",2017,"B17001F_ChildPov","Other (Non-Hispanic)",0,0,"Monroe","Ogden town","New York"
"3605554474",2017,"B17001G_ChildPov","Two or More Races (Non-Hispanic)",43.010752688172,59.0732471930412,"Monroe","Ogden town","New York"
"3605554474",2017,"B17001H_ChildPov","White (Non-Hispanic)",2.36842105263158,2.49004441537188,"Monroe","Ogden town","New York"
"3605554474",2017,"B17001I_ChildPov","Hispanic or Latino (Any Race)",56.3258232235702,36.7992562169399,"Monroe","Ogden town","New York"
"3605554474",2018,"B17001B_ChildPov","Black (Non-Hispanic)",0,52.558783126228,"Monroe","Ogden town","New York"
"3605554474",2018,"B17001C_ChildPov","Native American (Non-Hispanic)",0,635.085296108588,"Monroe","Ogden town","New York"
"3605554474",2018,"B17001D_ChildPov","Asian (Non-Hispanic)",0,544.358825235933,"Monroe","Ogden town","New York"
"3605554474",2018,"B17001E_ChildPov","Pacific Islander (Non-Hispanic)",0,0,"Monroe","Ogden town","New York"
"3605554474",2018,"B17001F_ChildPov","Other (Non-Hispanic)",0,245.839469461389,"Monroe","Ogden town","New York"
"3605554474",2018,"B17001G_ChildPov","Two or More Races (Non-Hispanic)",33.3333333333333,57.7069709635671,"Monroe","Ogden town","New York"
"3605554474",2018,"B17001H_ChildPov","White (Non-Hispanic)",3.3969010727056,2.97039279937572,"Monroe","Ogden town","New York"
"3605554474",2018,"B17001I_ChildPov","Hispanic or Latino (Any Race)",44.0766550522648,36.5712492657269,"Monroe","Ogden town","New York"
"3605554474",2019,"B17001B_ChildPov","Black (Non-Hispanic)",0,47.3355500205159,"Monroe","Ogden town","New York"
"3605554474",2019,"B17001C_ChildPov","Native American (Non-Hispanic)",0,635.085296108588,"Monroe","Ogden town","New York"
"3605554474",2019,"B17001D_ChildPov","Asian (Non-Hispanic)",0,544.358825235933,"Monroe","Ogden town","New York"
"3605554474",2019,"B17001E_ChildPov","Pacific Islander (Non-Hispanic)",0,0,"Monroe","Ogden town","New York"
"3605554474",2019,"B17001F_ChildPov","Other (Non-Hispanic)",0,317.542648054294,"Monroe","Ogden town","New York"
"3605554474",2019,"B17001G_ChildPov","Two or More Races (Non-Hispanic)",18.75,90.0965871691667,"Monroe","Ogden town","New York"
"3605554474",2019,"B17001H_ChildPov","White (Non-Hispanic)",2.52004581901489,2.74181533160977,"Monroe","Ogden town","New York"
"3605554474",2019,"B17001I_ChildPov","Hispanic or Latino (Any Race)",42.3459244532803,34.7200886971076,"Monroe","Ogden town","New York"
"3605554474",2020,"B17001B_ChildPov","Black (Non-Hispanic)",0,56.5066220908995,"Monroe","Ogden town","New York"
"3605554474",2020,"B17001C_ChildPov","Native American (Non-Hispanic)",0,663.95280956807,"Monroe","Ogden town","New York"
"3605554474",2020,"B17001D_ChildPov","Asian (Non-Hispanic)",0,318.697348592673,"Monroe","Ogden town","New York"
"3605554474",2020,"B17001E_ChildPov","Pacific Islander (Non-Hispanic)",0,0,"Monroe","Ogden town","New York"
"3605554474",2020,"B17001F_ChildPov","Other (Non-Hispanic)",0,331.976404784035,"Monroe","Ogden town","New York"
"3605554474",2020,"B17001G_ChildPov","Two or More Races (Non-Hispanic)",12.5,118.594097393266,"Monroe","Ogden town","New York"
"3605554474",2020,"B17001H_ChildPov","White (Non-Hispanic)",4.06527340395076,2.97234133125907,"Monroe","Ogden town","New York"
"3605554474",2020,"B17001I_ChildPov","Hispanic or Latino (Any Race)",66.1048689138577,34.2757493313037,"Monroe","Ogden town","New York"
"3605554474",2021,"B17001B_ChildPov","Black (Non-Hispanic)",0,61.1312049730192,"Monroe","Ogden town","New York"
"3605554474",2021,"B17001C_ChildPov","Native American (Non-Hispanic)",0,554.256258422041,"Monroe","Ogden town","New York"
"3605554474",2021,"B17001D_ChildPov","Asian (Non-Hispanic)",0,0,"Monroe","Ogden town","New York"
"3605554474",2021,"B17001E_ChildPov","Pacific Islander (Non-Hispanic)",0,0,"Monroe","Ogden town","New York"
"3605554474",2021,"B17001F_ChildPov","Other (Non-Hispanic)",0,519.615242270663,"Monroe","Ogden town","New York"
"3605554474",2021,"B17001G_ChildPov","Two or More Races (Non-Hispanic)",4.21686746987952,48.1721877023408,"Monroe","Ogden town","New York"
"3605554474",2021,"B17001H_ChildPov","White (Non-Hispanic)",3.37268128161889,2.27268867113093,"Monroe","Ogden town","New York"
"3605554474",2021,"B17001I_ChildPov","Hispanic or Latino (Any Race)",66.9338677354709,35.0069831274374,"Monroe","Ogden town","New York"
"3605554474",2022,"B17001B_ChildPov","Black (Non-Hispanic)",22.9508196721311,51.8245397906611,"Monroe","Ogden town","New York"
"3605554474",2022,"B17001C_ChildPov","Native American (Non-Hispanic)",0,666.173387526491,"Monroe","Ogden town","New York"
"3605554474",2022,"B17001D_ChildPov","Asian (Non-Hispanic)",0,509.426708108493,"Monroe","Ogden town","New York"
"3605554474",2022,"B17001E_ChildPov","Pacific Islander (Non-Hispanic)",0,0,"Monroe","Ogden town","New York"
"3605554474",2022,"B17001F_ChildPov","Other (Non-Hispanic)",38.2352941176471,211.698809629934,"Monroe","Ogden town","New York"
"3605554474",2022,"B17001G_ChildPov","Two or More Races (Non-Hispanic)",0,40.093768693724,"Monroe","Ogden town","New York"
"3605554474",2022,"B17001H_ChildPov","White (Non-Hispanic)",6.73429134967597,3.31306482813155,"Monroe","Ogden town","New York"
"3605554474",2022,"B17001I_ChildPov","Hispanic or Latino (Any Race)",53.5620052770449,47.7973918060595,"Monroe","Ogden town","New York"
"3605554474",2023,"B17001B_ChildPov","Black (Non-Hispanic)",68.8172043010753,50.3938779912765,"Monroe","Ogden town","New York"
"3605554474",2023,"B17001C_ChildPov","Native American (Non-Hispanic)",0,0,"Monroe","Ogden town","New York"
"3605554474",2023,"B17001D_ChildPov","Asian (Non-Hispanic)",0,541.265877365274,"Monroe","Ogden town","New York"
"3605554474",2023,"B17001E_ChildPov","Pacific Islander (Non-Hispanic)",100,673.393909445194,"Monroe","Ogden town","New York"
"3605554474",2023,"B17001F_ChildPov","Other (Non-Hispanic)",22.0338983050847,135.084463852539,"Monroe","Ogden town","New York"
"3605554474",2023,"B17001G_ChildPov","Two or More Races (Non-Hispanic)",0,23.5332990158815,"Monroe","Ogden town","New York"
"3605554474",2023,"B17001H_ChildPov","White (Non-Hispanic)",6.5954606141522,2.84834307659911,"Monroe","Ogden town","New York"
"3605554474",2023,"B17001I_ChildPov","Hispanic or Latino (Any Race)",62.111801242236,47.7930979680584,"Monroe","Ogden town","New York"
"3605554474",2024,"B17001B_ChildPov","Black (Non-Hispanic)",71.7647058823529,35.2186696120088,"Monroe","Ogden town","New York"
"3605554474",2024,"B17001C_ChildPov","Native American (Non-Hispanic)",0,0,"Monroe","Ogden town","New York"
"3605554474",2024,"B17001D_ChildPov","Asian (Non-Hispanic)",0,131.215970270369,"Monroe","Ogden town","New York"
"3605554474",2024,"B17001E_ChildPov","Pacific Islander (Non-Hispanic)",100,1071.42857142857,"Monroe","Ogden town","New York"
"3605554474",2024,"B17001F_ChildPov","Other (Non-Hispanic)",23.0769230769231,152.552380310795,"Monroe","Ogden town","New York"
"3605554474",2024,"B17001G_ChildPov","Two or More Races (Non-Hispanic)",0,14.4820301636194,"Monroe","Ogden town","New York"
"3605554474",2024,"B17001H_ChildPov","White (Non-Hispanic)",7.53754604703882,3.29108273573774,"Monroe","Ogden town","New York"
"3605554474",2024,"B17001I_ChildPov","Hispanic or Latino (Any Race)",39.7489539748954,40.1302572156968,"Monroe","Ogden town","New York"
"3605556561",2017,"B17001B_ChildPov","Black (Non-Hispanic)",100,185.891811534191,"Monroe","Parma town","New York"
"3605556561",2017,"B17001C_ChildPov","Native American (Non-Hispanic)",0,890.768986749708,"Monroe","Parma town","New York"
"3605556561",2017,"B17001D_ChildPov","Asian (Non-Hispanic)",0,346.410161513776,"Monroe","Parma town","New York"
"3605556561",2017,"B17001E_ChildPov","Pacific Islander (Non-Hispanic)",0,0,"Monroe","Parma town","New York"
"3605556561",2017,"B17001F_ChildPov","Other (Non-Hispanic)",0,0,"Monroe","Parma town","New York"
"3605556561",2017,"B17001G_ChildPov","Two or More Races (Non-Hispanic)",13.1313131313131,62.499443975542,"Monroe","Parma town","New York"
"3605556561",2017,"B17001H_ChildPov","White (Non-Hispanic)",8.67507886435331,4.23237228731139,"Monroe","Parma town","New York"
"3605556561",2017,"B17001I_ChildPov","Hispanic or Latino (Any Race)",33.1775700934579,31.6903192212512,"Monroe","Parma town","New York"
"3605556561",2018,"B17001B_ChildPov","Black (Non-Hispanic)",100,112.077579955009,"Monroe","Parma town","New York"
"3605556561",2018,"B17001C_ChildPov","Native American (Non-Hispanic)",0,0,"Monroe","Parma town","New York"
"3605556561",2018,"B17001D_ChildPov","Asian (Non-Hispanic)",0,188.05123053605,"Monroe","Parma town","New York"
"3605556561",2018,"B17001E_ChildPov","Pacific Islander (Non-Hispanic)",0,0,"Monroe","Parma town","New York"
"3605556561",2018,"B17001F_ChildPov","Other (Non-Hispanic)",0,0,"Monroe","Parma town","New York"
"3605556561",2018,"B17001G_ChildPov","Two or More Races (Non-Hispanic)",12.9032258064516,69.9908246259831,"Monroe","Parma town","New York"
"3605556561",2018,"B17001H_ChildPov","White (Non-Hispanic)",7.45161290322581,4.36823011740594,"Monroe","Parma town","New York"
"3605556561",2018,"B17001I_ChildPov","Hispanic or Latino (Any Race)",35.0769230769231,39.2288215854324,"Monroe","Parma town","New York"
"3605556561",2019,"B17001B_ChildPov","Black (Non-Hispanic)",91.6666666666667,15.0285479367243,"Monroe","Parma town","New York"
"3605556561",2019,"B17001C_ChildPov","Native American (Non-Hispanic)",0,0,"Monroe","Parma town","New York"
"3605556561",2019,"B17001D_ChildPov","Asian (Non-Hispanic)",0,329.089653438087,"Monroe","Parma town","New York"
"3605556561",2019,"B17001E_ChildPov","Pacific Islander (Non-Hispanic)",0,0,"Monroe","Parma town","New York"
"3605556561",2019,"B17001F_ChildPov","Other (Non-Hispanic)",0,0,"Monroe","Parma town","New York"
"3605556561",2019,"B17001G_ChildPov","Two or More Races (Non-Hispanic)",0,106.157952721963,"Monroe","Parma town","New York"
"3605556561",2019,"B17001H_ChildPov","White (Non-Hispanic)",5.76796308503626,3.35640464943435,"Monroe","Parma town","New York"
"3605556561",2019,"B17001I_ChildPov","Hispanic or Latino (Any Race)",39.0572390572391,45.3454178911954,"Monroe","Parma town","New York"
"3605556561",2020,"B17001B_ChildPov","Black (Non-Hispanic)",79.2207792207792,57.2074632422627,"Monroe","Parma town","New York"
"3605556561",2020,"B17001C_ChildPov","Native American (Non-Hispanic)",0,0,"Monroe","Parma town","New York"
"3605556561",2020,"B17001D_ChildPov","Asian (Non-Hispanic)",0,329.089653438087,"Monroe","Parma town","New York"
"3605556561",2020,"B17001E_ChildPov","Pacific Islander (Non-Hispanic)",0,0,"Monroe","Parma town","New York"
"3605556561",2020,"B17001F_ChildPov","Other (Non-Hispanic)",0,0,"Monroe","Parma town","New York"
"3605556561",2020,"B17001G_ChildPov","Two or More Races (Non-Hispanic)",0,43.0182553513839,"Monroe","Parma town","New York"
"3605556561",2020,"B17001H_ChildPov","White (Non-Hispanic)",3.80499405469679,2.86251134994683,"Monroe","Parma town","New York"
"3605556561",2020,"B17001I_ChildPov","Hispanic or Latino (Any Race)",7.58426966292135,20.9712679541035,"Monroe","Parma town","New York"
"3605556561",2021,"B17001B_ChildPov","Black (Non-Hispanic)",49.5934959349593,49.089059304294,"Monroe","Parma town","New York"
"3605556561",2021,"B17001C_ChildPov","Native American (Non-Hispanic)",0,577.350269189626,"Monroe","Parma town","New York"
"3605556561",2021,"B17001D_ChildPov","Asian (Non-Hispanic)",0,346.410161513776,"Monroe","Parma town","New York"
"3605556561",2021,"B17001E_ChildPov","Pacific Islander (Non-Hispanic)",0,0,"Monroe","Parma town","New York"
"3605556561",2021,"B17001F_ChildPov","Other (Non-Hispanic)",0,0,"Monroe","Parma town","New York"
"3605556561",2021,"B17001G_ChildPov","Two or More Races (Non-Hispanic)",18.2965299684543,22.3872953382849,"Monroe","Parma town","New York"
"3605556561",2021,"B17001H_ChildPov","White (Non-Hispanic)",3.31807780320366,2.89762445779596,"Monroe","Parma town","New York"
"3605556561",2021,"B17001I_ChildPov","Hispanic or Latino (Any Race)",15.633423180593,19.6278068507762,"Monroe","Parma town","New York"
"3605556561",2022,"B17001B_ChildPov","Black (Non-Hispanic)",53.781512605042,52.2419329831094,"Monroe","Parma town","New York"
"3605556561",2022,"B17001C_ChildPov","Native American (Non-Hispanic)",0,808.290376865476,"Monroe","Parma town","New York"
"3605556561",2022,"B17001D_ChildPov","Asian (Non-Hispanic)",0,519.615242270663,"Monroe","Parma town","New York"
"3605556561",2022,"B17001E_ChildPov","Pacific Islander (Non-Hispanic)",0,0,"Monroe","Parma town","New York"
"3605556561",2022,"B17001F_ChildPov","Other (Non-Hispanic)",0,0,"Monroe","Parma town","New York"
"3605556561",2022,"B17001G_ChildPov","Two or More Races (Non-Hispanic)",25.41567695962,18.4462227682599,"Monroe","Parma town","New York"
"3605556561",2022,"B17001H_ChildPov","White (Non-Hispanic)",4.57788347205707,3.11495361262457,"Monroe","Parma town","New York"
"3605556561",2022,"B17001I_ChildPov","Hispanic or Latino (Any Race)",8.49056603773585,21.5470758391089,"Monroe","Parma town","New York"
"3605556561",2023,"B17001B_ChildPov","Black (Non-Hispanic)",0,87.645944479389,"Monroe","Parma town","New York"
"3605556561",2023,"B17001C_ChildPov","Native American (Non-Hispanic)",0,909.326673973661,"Monroe","Parma town","New York"
"3605556561",2023,"B17001D_ChildPov","Asian (Non-Hispanic)",0,0,"Monroe","Parma town","New York"
"3605556561",2023,"B17001E_ChildPov","Pacific Islander (Non-Hispanic)",0,0,"Monroe","Parma town","New York"
"3605556561",2023,"B17001F_ChildPov","Other (Non-Hispanic)",0,0,"Monroe","Parma town","New York"
"3605556561",2023,"B17001G_ChildPov","Two or More Races (Non-Hispanic)",24.6031746031746,17.0299806394397,"Monroe","Parma town","New York"
"3605556561",2023,"B17001H_ChildPov","White (Non-Hispanic)",2.84290738569754,2.7181421880052,"Monroe","Parma town","New York"
"3605556561",2023,"B17001I_ChildPov","Hispanic or Latino (Any Race)",14.3312101910828,22.545523243686,"Monroe","Parma town","New York"
"3605556561",2024,"B17001B_ChildPov","Black (Non-Hispanic)",0,169.177055623007,"Monroe","Parma town","New York"
"3605556561",2024,"B17001C_ChildPov","Native American (Non-Hispanic)",0,808.290376865476,"Monroe","Parma town","New York"
"3605556561",2024,"B17001D_ChildPov","Asian (Non-Hispanic)",0,279.792822761126,"Monroe","Parma town","New York"
"3605556561",2024,"B17001E_ChildPov","Pacific Islander (Non-Hispanic)",0,0,"Monroe","Parma town","New York"
"3605556561",2024,"B17001F_ChildPov","Other (Non-Hispanic)",0,0,"Monroe","Parma town","New York"
"3605556561",2024,"B17001G_ChildPov","Two or More Races (Non-Hispanic)",24.3064729194188,15.6501236388453,"Monroe","Parma town","New York"
"3605556561",2024,"B17001H_ChildPov","White (Non-Hispanic)",4.09302325581395,3.01112324594357,"Monroe","Parma town","New York"
"3605556561",2024,"B17001I_ChildPov","Hispanic or Latino (Any Race)",19.1616766467066,22.1478664605306,"Monroe","Parma town","New York"
"3605557144",2017,"B17001B_ChildPov","Black (Non-Hispanic)",4.8689138576779,30.6741121660019,"Monroe","Penfield town","New York"
"3605557144",2017,"B17001C_ChildPov","Native American (Non-Hispanic)",0,0,"Monroe","Penfield town","New York"
"3605557144",2017,"B17001D_ChildPov","Asian (Non-Hispanic)",0,29.5866330118527,"Monroe","Penfield town","New York"
"3605557144",2017,"B17001E_ChildPov","Pacific Islander (Non-Hispanic)",0,0,"Monroe","Penfield town","New York"
"3605557144",2017,"B17001F_ChildPov","Other (Non-Hispanic)",0,277.12812921102,"Monroe","Penfield town","New York"
"3605557144",2017,"B17001G_ChildPov","Two or More Races (Non-Hispanic)",7.88863109048724,22.0714587231457,"Monroe","Penfield town","New York"
"3605557144",2017,"B17001H_ChildPov","White (Non-Hispanic)",5.28532016843328,1.78674859053396,"Monroe","Penfield town","New York"
"3605557144",2017,"B17001I_ChildPov","Hispanic or Latino (Any Race)",5.89198036006547,15.8052753994568,"Monroe","Penfield town","New York"
"3605557144",2018,"B17001B_ChildPov","Black (Non-Hispanic)",0,34.09548833797,"Monroe","Penfield town","New York"
"3605557144",2018,"B17001C_ChildPov","Native American (Non-Hispanic)",0,0,"Monroe","Penfield town","New York"
"3605557144",2018,"B17001D_ChildPov","Asian (Non-Hispanic)",0,22.4358912897523,"Monroe","Penfield town","New York"
"3605557144",2018,"B17001E_ChildPov","Pacific Islander (Non-Hispanic)",0,0,"Monroe","Penfield town","New York"
"3605557144",2018,"B17001F_ChildPov","Other (Non-Hispanic)",0,133.234677505298,"Monroe","Penfield town","New York"
"3605557144",2018,"B17001G_ChildPov","Two or More Races (Non-Hispanic)",6.55737704918033,32.8617942482197,"Monroe","Penfield town","New York"
"3605557144",2018,"B17001H_ChildPov","White (Non-Hispanic)",4.00296515937732,1.44219442246239,"Monroe","Penfield town","New York"
"3605557144",2018,"B17001I_ChildPov","Hispanic or Latino (Any Race)",3.80313199105145,19.4480450838123,"Monroe","Penfield town","New York"
"3605557144",2019,"B17001B_ChildPov","Black (Non-Hispanic)",3.3195020746888,34.6262683199121,"Monroe","Penfield town","New York"
"3605557144",2019,"B17001C_ChildPov","Native American (Non-Hispanic)",0,0,"Monroe","Penfield town","New York"
"3605557144",2019,"B17001D_ChildPov","Asian (Non-Hispanic)",0,24.4639944571875,"Monroe","Penfield town","New York"
"3605557144",2019,"B17001E_ChildPov","Pacific Islander (Non-Hispanic)",0,0,"Monroe","Penfield town","New York"
"3605557144",2019,"B17001F_ChildPov","Other (Non-Hispanic)",0,129.257522952901,"Monroe","Penfield town","New York"
"3605557144",2019,"B17001G_ChildPov","Two or More Races (Non-Hispanic)",2.68199233716475,30.850725063141,"Monroe","Penfield town","New York"
"3605557144",2019,"B17001H_ChildPov","White (Non-Hispanic)",4.24675905230219,1.67351830162556,"Monroe","Penfield town","New York"
"3605557144",2019,"B17001I_ChildPov","Hispanic or Latino (Any Race)",5.53097345132743,18.4570375838594,"Monroe","Penfield town","New York"
"3605557144",2020,"B17001B_ChildPov","Black (Non-Hispanic)",2.28310502283105,39.5499467162472,"Monroe","Penfield town","New York"
"3605557144",2020,"B17001C_ChildPov","Native American (Non-Hispanic)",0,0,"Monroe","Penfield town","New York"
"3605557144",2020,"B17001D_ChildPov","Asian (Non-Hispanic)",0,23.6395385809926,"Monroe","Penfield town","New York"
"3605557144",2020,"B17001E_ChildPov","Pacific Islander (Non-Hispanic)",0,0,"Monroe","Penfield town","New York"
"3605557144",2020,"B17001F_ChildPov","Other (Non-Hispanic)",0,130.531365208089,"Monroe","Penfield town","New York"
"3605557144",2020,"B17001G_ChildPov","Two or More Races (Non-Hispanic)",2.51256281407035,20.9238369391742,"Monroe","Penfield town","New York"
"3605557144",2020,"B17001H_ChildPov","White (Non-Hispanic)",4.3453154323661,1.71105698374839,"Monroe","Penfield town","New York"
"3605557144",2020,"B17001I_ChildPov","Hispanic or Latino (Any Race)",4.06852248394004,18.2560640535744,"Monroe","Penfield town","New York"
"3605557144",2021,"B17001B_ChildPov","Black (Non-Hispanic)",2.84090909090909,50.9793176175537,"Monroe","Penfield town","New York"
"3605557144",2021,"B17001C_ChildPov","Native American (Non-Hispanic)",0,0,"Monroe","Penfield town","New York"
"3605557144",2021,"B17001D_ChildPov","Asian (Non-Hispanic)",0,27.9196249578267,"Monroe","Penfield town","New York"
"3605557144",2021,"B17001E_ChildPov","Pacific Islander (Non-Hispanic)",0,0,"Monroe","Penfield town","New York"
"3605557144",2021,"B17001F_ChildPov","Other (Non-Hispanic)",0,492.267071624839,"Monroe","Penfield town","New York"
"3605557144",2021,"B17001G_ChildPov","Two or More Races (Non-Hispanic)",21.5759849906191,19.2418914500727,"Monroe","Penfield town","New York"
"3605557144",2021,"B17001H_ChildPov","White (Non-Hispanic)",2.71084337349398,1.30033061606484,"Monroe","Penfield town","New York"
"3605557144",2021,"B17001I_ChildPov","Hispanic or Latino (Any Race)",25.9958071278826,20.6951902709943,"Monroe","Penfield town","New York"
"3605557144",2022,"B17001B_ChildPov","Black (Non-Hispanic)",46.3768115942029,99.162189443121,"Monroe","Penfield town","New York"
"3605557144",2022,"B17001C_ChildPov","Native American (Non-Hispanic)",0,0,"Monroe","Penfield town","New York"
"3605557144",2022,"B17001D_ChildPov","Asian (Non-Hispanic)",0,30.8900780967698,"Monroe","Penfield town","New York"
"3605557144",2022,"B17001E_ChildPov","Pacific Islander (Non-Hispanic)",0,0,"Monroe","Penfield town","New York"
"3605557144",2022,"B17001F_ChildPov","Other (Non-Hispanic)",0,510.499185388722,"Monroe","Penfield town","New York"
"3605557144",2022,"B17001G_ChildPov","Two or More Races (Non-Hispanic)",23.5993208828523,18.1981668397254,"Monroe","Penfield town","New York"
"3605557144",2022,"B17001H_ChildPov","White (Non-Hispanic)",3.3195020746888,1.49515553597807,"Monroe","Penfield town","New York"
"3605557144",2022,"B17001I_ChildPov","Hispanic or Latino (Any Race)",22.2943722943723,18.0884196575546,"Monroe","Penfield town","New York"
"3605557144",2023,"B17001B_ChildPov","Black (Non-Hispanic)",30.4878048780488,95.9353749815675,"Monroe","Penfield town","New York"
"3605557144",2023,"B17001C_ChildPov","Native American (Non-Hispanic)",0,0,"Monroe","Penfield town","New York"
"3605557144",2023,"B17001D_ChildPov","Asian (Non-Hispanic)",0,37.7411849120067,"Monroe","Penfield town","New York"
"3605557144",2023,"B17001E_ChildPov","Pacific Islander (Non-Hispanic)",0,0,"Monroe","Penfield town","New York"
"3605557144",2023,"B17001F_ChildPov","Other (Non-Hispanic)",0,101.036297108185,"Monroe","Penfield town","New York"
"3605557144",2023,"B17001G_ChildPov","Two or More Races (Non-Hispanic)",10.2487562189055,10.5399896355406,"Monroe","Penfield town","New York"
"3605557144",2023,"B17001H_ChildPov","White (Non-Hispanic)",5.91522420607878,2.14395993750018,"Monroe","Penfield town","New York"
"3605557144",2023,"B17001I_ChildPov","Hispanic or Latino (Any Race)",8.29346092503987,12.3779222463245,"Monroe","Penfield town","New York"
"3605557144",2024,"B17001B_ChildPov","Black (Non-Hispanic)",28.125,134.771516090669,"Monroe","Penfield town","New York"
"3605557144",2024,"B17001C_ChildPov","Native American (Non-Hispanic)",0,0,"Monroe","Penfield town","New York"
"3605557144",2024,"B17001D_ChildPov","Asian (Non-Hispanic)",0,42.2096415289894,"Monroe","Penfield town","New York"
"3605557144",2024,"B17001E_ChildPov","Pacific Islander (Non-Hispanic)",0,0,"Monroe","Penfield town","New York"
"3605557144",2024,"B17001F_ChildPov","Other (Non-Hispanic)",0,88.9017228663672,"Monroe","Penfield town","New York"
"3605557144",2024,"B17001G_ChildPov","Two or More Races (Non-Hispanic)",12.6279863481229,9.8920736387081,"Monroe","Penfield town","New York"
"3605557144",2024,"B17001H_ChildPov","White (Non-Hispanic)",5.02700457000415,2.08598623306464,"Monroe","Penfield town","New York"
"3605557144",2024,"B17001I_ChildPov","Hispanic or Latino (Any Race)",13.1510416666667,13.1963505225638,"Monroe","Penfield town","New York"
"3605557221",2017,"B17001B_ChildPov","Black (Non-Hispanic)",8.19672131147541,44.908920732081,"Monroe","Perinton town","New York"
"3605557221",2017,"B17001C_ChildPov","Native American (Non-Hispanic)",0,0,"Monroe","Perinton town","New York"
"3605557221",2017,"B17001D_ChildPov","Asian (Non-Hispanic)",11.2244897959184,21.0924991744002,"Monroe","Perinton town","New York"
"3605557221",2017,"B17001E_ChildPov","Pacific Islander (Non-Hispanic)",0,0,"Monroe","Perinton town","New York"
"3605557221",2017,"B17001F_ChildPov","Other (Non-Hispanic)",0,101.388339955251,"Monroe","Perinton town","New York"
"3605557221",2017,"B17001G_ChildPov","Two or More Races (Non-Hispanic)",0,20.1303725819143,"Monroe","Perinton town","New York"
"3605557221",2017,"B17001H_ChildPov","White (Non-Hispanic)",4.82904476559746,2.182991517499,"Monroe","Perinton town","New York"
"3605557221",2017,"B17001I_ChildPov","Hispanic or Latino (Any Race)",8.70406189555126,17.352486983029,"Monroe","Perinton town","New York"
"3605557221",2018,"B17001B_ChildPov","Black (Non-Hispanic)",8.38709677419355,54.7356313638075,"Monroe","Perinton town","New York"
"3605557221",2018,"B17001C_ChildPov","Native American (Non-Hispanic)",0,0,"Monroe","Perinton town","New York"
"3605557221",2018,"B17001D_ChildPov","Asian (Non-Hispanic)",22.2826086956522,21.4563849044741,"Monroe","Perinton town","New York"
"3605557221",2018,"B17001E_ChildPov","Pacific Islander (Non-Hispanic)",0,0,"Monroe","Perinton town","New York"
"3605557221",2018,"B17001F_ChildPov","Other (Non-Hispanic)",0,117.03045997087,"Monroe","Perinton town","New York"
"3605557221",2018,"B17001G_ChildPov","Two or More Races (Non-Hispanic)",2.19123505976096,16.7953277220387,"Monroe","Perinton town","New York"
"3605557221",2018,"B17001H_ChildPov","White (Non-Hispanic)",5.06239698610784,2.31523414829296,"Monroe","Perinton town","New York"
"3605557221",2018,"B17001I_ChildPov","Hispanic or Latino (Any Race)",5.74412532637076,12.1008436336785,"Monroe","Perinton town","New York"
"3605557221",2019,"B17001B_ChildPov","Black (Non-Hispanic)",8.16326530612245,57.2953610412285,"Monroe","Perinton town","New York"
"3605557221",2019,"B17001C_ChildPov","Native American (Non-Hispanic)",0,0,"Monroe","Perinton town","New York"
"3605557221",2019,"B17001D_ChildPov","Asian (Non-Hispanic)",16.0337552742616,18.0644677343841,"Monroe","Perinton town","New York"
"3605557221",2019,"B17001E_ChildPov","Pacific Islander (Non-Hispanic)",0,0,"Monroe","Perinton town","New York"
"3605557221",2019,"B17001F_ChildPov","Other (Non-Hispanic)",0,154.647393532935,"Monroe","Perinton town","New York"
"3605557221",2019,"B17001G_ChildPov","Two or More Races (Non-Hispanic)",15.5339805825243,15.9504189193162,"Monroe","Perinton town","New York"
"3605557221",2019,"B17001H_ChildPov","White (Non-Hispanic)",6.85111989459816,2.91159224573531,"Monroe","Perinton town","New York"
"3605557221",2019,"B17001I_ChildPov","Hispanic or Latino (Any Race)",3.36239103362391,10.6423973447232,"Monroe","Perinton town","New York"
"3605557221",2020,"B17001B_ChildPov","Black (Non-Hispanic)",2.47524752475248,21.7048625066172,"Monroe","Perinton town","New York"
"3605557221",2020,"B17001C_ChildPov","Native American (Non-Hispanic)",0,0,"Monroe","Perinton town","New York"
"3605557221",2020,"B17001D_ChildPov","Asian (Non-Hispanic)",17.1021377672209,22.4150383427377,"Monroe","Perinton town","New York"
"3605557221",2020,"B17001E_ChildPov","Pacific Islander (Non-Hispanic)",0,0,"Monroe","Perinton town","New York"
"3605557221",2020,"B17001F_ChildPov","Other (Non-Hispanic)",0,0,"Monroe","Perinton town","New York"
"3605557221",2020,"B17001G_ChildPov","Two or More Races (Non-Hispanic)",9.04458598726115,9.76125115071106,"Monroe","Perinton town","New York"
"3605557221",2020,"B17001H_ChildPov","White (Non-Hispanic)",7.00428319475938,3.54427473810865,"Monroe","Perinton town","New York"
"3605557221",2020,"B17001I_ChildPov","Hispanic or Latino (Any Race)",2.75229357798165,9.22531757248042,"Monroe","Perinton town","New York"
"3605557221",2021,"B17001B_ChildPov","Black (Non-Hispanic)",0,33.1669303577019,"Monroe","Perinton town","New York"
"3605557221",2021,"B17001C_ChildPov","Native American (Non-Hispanic)",0,0,"Monroe","Perinton town","New York"
"3605557221",2021,"B17001D_ChildPov","Asian (Non-Hispanic)",5.91259640102828,22.9045479430605,"Monroe","Perinton town","New York"
"3605557221",2021,"B17001E_ChildPov","Pacific Islander (Non-Hispanic)",0,0,"Monroe","Perinton town","New York"
"3605557221",2021,"B17001F_ChildPov","Other (Non-Hispanic)",0,212.569871837999,"Monroe","Perinton town","New York"
"3605557221",2021,"B17001G_ChildPov","Two or More Races (Non-Hispanic)",7.54716981132075,7.64921325565946,"Monroe","Perinton town","New York"
"3605557221",2021,"B17001H_ChildPov","White (Non-Hispanic)",5.90069860279441,2.99338375759377,"Monroe","Perinton town","New York"
"3605557221",2021,"B17001I_ChildPov","Hispanic or Latino (Any Race)",3.09178743961353,9.13493483435616,"Monroe","Perinton town","New York"
"3605557221",2022,"B17001B_ChildPov","Black (Non-Hispanic)",0,35.2708528086753,"Monroe","Perinton town","New York"
"3605557221",2022,"B17001C_ChildPov","Native American (Non-Hispanic)",0,0,"Monroe","Perinton town","New York"
"3605557221",2022,"B17001D_ChildPov","Asian (Non-Hispanic)",2.96052631578947,30.9053174678257,"Monroe","Perinton town","New York"
"3605557221",2022,"B17001E_ChildPov","Pacific Islander (Non-Hispanic)",0,0,"Monroe","Perinton town","New York"
"3605557221",2022,"B17001F_ChildPov","Other (Non-Hispanic)",17.3228346456693,75.478397110504,"Monroe","Perinton town","New York"
"3605557221",2022,"B17001G_ChildPov","Two or More Races (Non-Hispanic)",9.75160993560258,8.56493552192841,"Monroe","Perinton town","New York"
"3605557221",2022,"B17001H_ChildPov","White (Non-Hispanic)",6.8254990341275,3.05989970869326,"Monroe","Perinton town","New York"
"3605557221",2022,"B17001I_ChildPov","Hispanic or Latino (Any Race)",2.41492864983535,10.8555719513806,"Monroe","Perinton town","New York"
"3605557221",2023,"B17001B_ChildPov","Black (Non-Hispanic)",0,46.1880215351701,"Monroe","Perinton town","New York"
"3605557221",2023,"B17001C_ChildPov","Native American (Non-Hispanic)",0,0,"Monroe","Perinton town","New York"
"3605557221",2023,"B17001D_ChildPov","Asian (Non-Hispanic)",2.84697508896797,33.2917589410723,"Monroe","Perinton town","New York"
"3605557221",2023,"B17001E_ChildPov","Pacific Islander (Non-Hispanic)",0,0,"Monroe","Perinton town","New York"
"3605557221",2023,"B17001F_ChildPov","Other (Non-Hispanic)",16.0714285714286,83.8747269111293,"Monroe","Perinton town","New York"
"3605557221",2023,"B17001G_ChildPov","Two or More Races (Non-Hispanic)",4.08888888888889,8.56533779469989,"Monroe","Perinton town","New York"
"3605557221",2023,"B17001H_ChildPov","White (Non-Hispanic)",5.49741687640747,3.13084531936654,"Monroe","Perinton town","New York"
"3605557221",2023,"B17001I_ChildPov","Hispanic or Latino (Any Race)",2.97029702970297,15.890290452563,"Monroe","Perinton town","New York"
"3605557221",2024,"B17001B_ChildPov","Black (Non-Hispanic)",0,47.8375937328547,"Monroe","Perinton town","New York"
"3605557221",2024,"B17001C_ChildPov","Native American (Non-Hispanic)",0,528.731299152605,"Monroe","Perinton town","New York"
"3605557221",2024,"B17001D_ChildPov","Asian (Non-Hispanic)",0,41.0036517710183,"Monroe","Perinton town","New York"
"3605557221",2024,"B17001E_ChildPov","Pacific Islander (Non-Hispanic)",0,0,"Monroe","Perinton town","New York"
"3605557221",2024,"B17001F_ChildPov","Other (Non-Hispanic)",15.1515151515152,97.6640995747412,"Monroe","Perinton town","New York"
"3605557221",2024,"B17001G_ChildPov","Two or More Races (Non-Hispanic)",8.61709520500347,9.28458401752142,"Monroe","Perinton town","New York"
"3605557221",2024,"B17001H_ChildPov","White (Non-Hispanic)",4.7283565912478,2.78745526934257,"Monroe","Perinton town","New York"
"3605557221",2024,"B17001I_ChildPov","Hispanic or Latino (Any Race)",18.9014539579968,19.7918638951045,"Monroe","Perinton town","New York"
"3605558365",2017,"B17001B_ChildPov","Black (Non-Hispanic)",0,427.918434811134,"Monroe","Pittsford town","New York"
"3605558365",2017,"B17001C_ChildPov","Native American (Non-Hispanic)",0,0,"Monroe","Pittsford town","New York"
"3605558365",2017,"B17001D_ChildPov","Asian (Non-Hispanic)",1.82529335071708,9.55380388424221,"Monroe","Pittsford town","New York"
"3605558365",2017,"B17001E_ChildPov","Pacific Islander (Non-Hispanic)",0,0,"Monroe","Pittsford town","New York"
"3605558365",2017,"B17001F_ChildPov","Other (Non-Hispanic)",0,316.287538773447,"Monroe","Pittsford town","New York"
"3605558365",2017,"B17001G_ChildPov","Two or More Races (Non-Hispanic)",0,24.5763965938827,"Monroe","Pittsford town","New York"
"3605558365",2017,"B17001H_ChildPov","White (Non-Hispanic)",1.65537998495109,1.22132665567365,"Monroe","Pittsford town","New York"
"3605558365",2017,"B17001I_ChildPov","Hispanic or Latino (Any Race)",17.5,29.3381972470759,"Monroe","Pittsford town","New York"
"3605558365",2018,"B17001B_ChildPov","Black (Non-Hispanic)",0,346.410161513775,"Monroe","Pittsford town","New York"
"3605558365",2018,"B17001C_ChildPov","Native American (Non-Hispanic)",0,0,"Monroe","Pittsford town","New York"
"3605558365",2018,"B17001D_ChildPov","Asian (Non-Hispanic)",0,10.0541207827217,"Monroe","Pittsford town","New York"
"3605558365",2018,"B17001E_ChildPov","Pacific Islander (Non-Hispanic)",0,0,"Monroe","Pittsford town","New York"
"3605558365",2018,"B17001F_ChildPov","Other (Non-Hispanic)",0,293.116290511656,"Monroe","Pittsford town","New York"
"3605558365",2018,"B17001G_ChildPov","Two or More Races (Non-Hispanic)",0,18.0592975196755,"Monroe","Pittsford town","New York"
"3605558365",2018,"B17001H_ChildPov","White (Non-Hispanic)",1.60550458715596,1.42214306080384,"Monroe","Pittsford town","New York"
"3605558365",2018,"B17001I_ChildPov","Hispanic or Latino (Any Race)",8.33333333333333,28.9317458273378,"Monroe","Pittsford town","New York"
"3605558365",2019,"B17001B_ChildPov","Black (Non-Hispanic)",0,92.9393116256471,"Monroe","Pittsford town","New York"
"3605558365",2019,"B17001C_ChildPov","Native American (Non-Hispanic)",0,0,"Monroe","Pittsford town","New York"
"3605558365",2019,"B17001D_ChildPov","Asian (Non-Hispanic)",0,10.5554342843533,"Monroe","Pittsford town","New York"
"3605558365",2019,"B17001E_ChildPov","Pacific Islander (Non-Hispanic)",0,0,"Monroe","Pittsford town","New York"
"3605558365",2019,"B17001F_ChildPov","Other (Non-Hispanic)",0,317.542648054294,"Monroe","Pittsford town","New York"
"3605558365",2019,"B17001G_ChildPov","Two or More Races (Non-Hispanic)",0,12.8084429467278,"Monroe","Pittsford town","New York"
"3605558365",2019,"B17001H_ChildPov","White (Non-Hispanic)",1.35682462535439,1.38857224739149,"Monroe","Pittsford town","New York"
"3605558365",2019,"B17001I_ChildPov","Hispanic or Latino (Any Race)",5.76368876080692,20.950996866119,"Monroe","Pittsford town","New York"
"3605558365",2020,"B17001B_ChildPov","Black (Non-Hispanic)",0,29.2920357162384,"Monroe","Pittsford town","New York"
"3605558365",2020,"B17001C_ChildPov","Native American (Non-Hispanic)",0,0,"Monroe","Pittsford town","New York"
"3605558365",2020,"B17001D_ChildPov","Asian (Non-Hispanic)",0,10.2146586087395,"Monroe","Pittsford town","New York"
"3605558365",2020,"B17001E_ChildPov","Pacific Islander (Non-Hispanic)",0,0,"Monroe","Pittsford town","New York"
"3605558365",2020,"B17001F_ChildPov","Other (Non-Hispanic)",0,284.551204100601,"Monroe","Pittsford town","New York"
"3605558365",2020,"B17001G_ChildPov","Two or More Races (Non-Hispanic)",0,13.5041249403675,"Monroe","Pittsford town","New York"
"3605558365",2020,"B17001H_ChildPov","White (Non-Hispanic)",1.40485312899106,1.48390845368592,"Monroe","Pittsford town","New York"
"3605558365",2020,"B17001I_ChildPov","Hispanic or Latino (Any Race)",0,21.0778669704149,"Monroe","Pittsford town","New York"
"3605558365",2021,"B17001B_ChildPov","Black (Non-Hispanic)",0,36.25222620493,"Monroe","Pittsford town","New York"
"3605558365",2021,"B17001C_ChildPov","Native American (Non-Hispanic)",0,389.711431702997,"Monroe","Pittsford town","New York"
"3605558365",2021,"B17001D_ChildPov","Asian (Non-Hispanic)",0,13.0995439227898,"Monroe","Pittsford town","New York"
"3605558365",2021,"B17001E_ChildPov","Pacific Islander (Non-Hispanic)",0,0,"Monroe","Pittsford town","New York"
"3605558365",2021,"B17001F_ChildPov","Other (Non-Hispanic)",0,935.307436087194,"Monroe","Pittsford town","New York"
"3605558365",2021,"B17001G_ChildPov","Two or More Races (Non-Hispanic)",0,14.7524832190409,"Monroe","Pittsford town","New York"
"3605558365",2021,"B17001H_ChildPov","White (Non-Hispanic)",1.46596858638743,1.69415493700107,"Monroe","Pittsford town","New York"
"3605558365",2021,"B17001I_ChildPov","Hispanic or Latino (Any Race)",0,22.4294349181581,"Monroe","Pittsford town","New York"
"3605558365",2022,"B17001B_ChildPov","Black (Non-Hispanic)",0,46.1880215351701,"Monroe","Pittsford town","New York"
"3605558365",2022,"B17001C_ChildPov","Native American (Non-Hispanic)",0,421.716718364596,"Monroe","Pittsford town","New York"
"3605558365",2022,"B17001D_ChildPov","Asian (Non-Hispanic)",0,13.1074115167375,"Monroe","Pittsford town","New York"
"3605558365",2022,"B17001E_ChildPov","Pacific Islander (Non-Hispanic)",0,0,"Monroe","Pittsford town","New York"
"3605558365",2022,"B17001F_ChildPov","Other (Non-Hispanic)",0,570.557913081513,"Monroe","Pittsford town","New York"
"3605558365",2022,"B17001G_ChildPov","Two or More Races (Non-Hispanic)",2.76073619631902,14.8973829055727,"Monroe","Pittsford town","New York"
"3605558365",2022,"B17001H_ChildPov","White (Non-Hispanic)",0.485641891891892,1.94107135354814,"Monroe","Pittsford town","New York"
"3605558365",2022,"B17001I_ChildPov","Hispanic or Latino (Any Race)",3.93873085339168,21.2362996608619,"Monroe","Pittsford town","New York"
"3605558365",2023,"B17001B_ChildPov","Black (Non-Hispanic)",0,43.6913717224582,"Monroe","Pittsford town","New York"
"3605558365",2023,"B17001C_ChildPov","Native American (Non-Hispanic)",0,461.880215351701,"Monroe","Pittsford town","New York"
"3605558365",2023,"B17001D_ChildPov","Asian (Non-Hispanic)",0,15.3472856366863,"Monroe","Pittsford town","New York"
"3605558365",2023,"B17001E_ChildPov","Pacific Islander (Non-Hispanic)",0,0,"Monroe","Pittsford town","New York"
"3605558365",2023,"B17001F_ChildPov","Other (Non-Hispanic)",0,127.62479634718,"Monroe","Pittsford town","New York"
"3605558365",2023,"B17001G_ChildPov","Two or More Races (Non-Hispanic)",6.77165354330709,13.6318880252504,"Monroe","Pittsford town","New York"
"3605558365",2023,"B17001H_ChildPov","White (Non-Hispanic)",0.421940928270042,2.06493608740623,"Monroe","Pittsford town","New York"
"3605558365",2023,"B17001I_ChildPov","Hispanic or Latino (Any Race)",5.4320987654321,22.9312833006233,"Monroe","Pittsford town","New York"
"3605558365",2024,"B17001B_ChildPov","Black (Non-Hispanic)",11.6279069767442,45.8374843060845,"Monroe","Pittsford town","New York"
"3605558365",2024,"B17001C_ChildPov","Native American (Non-Hispanic)",0,590.934981405852,"Monroe","Pittsford town","New York"
"3605558365",2024,"B17001D_ChildPov","Asian (Non-Hispanic)",0,14.9492480415171,"Monroe","Pittsford town","New York"
"3605558365",2024,"B17001E_ChildPov","Pacific Islander (Non-Hispanic)",0,0,"Monroe","Pittsford town","New York"
"3605558365",2024,"B17001F_ChildPov","Other (Non-Hispanic)",0,95.6751874657094,"Monroe","Pittsford town","New York"
"3605558365",2024,"B17001G_ChildPov","Two or More Races (Non-Hispanic)",4.97981157469717,11.7537942827135,"Monroe","Pittsford town","New York"
"3605558365",2024,"B17001H_ChildPov","White (Non-Hispanic)",0,2.19822640785547,"Monroe","Pittsford town","New York"
"3605558365",2024,"B17001I_ChildPov","Hispanic or Latino (Any Race)",5.23415977961433,26.006590156471,"Monroe","Pittsford town","New York"
"3605561808",2017,"B17001B_ChildPov","Black (Non-Hispanic)",0,0,"Monroe","Riga town","New York"
"3605561808",2017,"B17001C_ChildPov","Native American (Non-Hispanic)",0,0,"Monroe","Riga town","New York"
"3605561808",2017,"B17001D_ChildPov","Asian (Non-Hispanic)",0,0,"Monroe","Riga town","New York"
"3605561808",2017,"B17001E_ChildPov","Pacific Islander (Non-Hispanic)",0,0,"Monroe","Riga town","New York"
"3605561808",2017,"B17001F_ChildPov","Other (Non-Hispanic)",0,0,"Monroe","Riga town","New York"
"3605561808",2017,"B17001G_ChildPov","Two or More Races (Non-Hispanic)",0,263.931551629543,"Monroe","Riga town","New York"
"3605561808",2017,"B17001H_ChildPov","White (Non-Hispanic)",12.3469387755102,8.27842162166671,"Monroe","Riga town","New York"
"3605561808",2017,"B17001I_ChildPov","Hispanic or Latino (Any Race)",61.2903225806452,117.260330510064,"Monroe","Riga town","New York"
"3605561808",2018,"B17001B_ChildPov","Black (Non-Hispanic)",0,535.361158703108,"Monroe","Riga town","New York"
"3605561808",2018,"B17001C_ChildPov","Native American (Non-Hispanic)",0,0,"Monroe","Riga town","New York"
"3605561808",2018,"B17001D_ChildPov","Asian (Non-Hispanic)",0,327.165152540788,"Monroe","Riga town","New York"
"3605561808",2018,"B17001E_ChildPov","Pacific Islander (Non-Hispanic)",0,0,"Monroe","Riga town","New York"
"3605561808",2018,"B17001F_ChildPov","Other (Non-Hispanic)",0,0,"Monroe","Riga town","New York"
"3605561808",2018,"B17001G_ChildPov","Two or More Races (Non-Hispanic)",0,99.8130973853251,"Monroe","Riga town","New York"
"3605561808",2018,"B17001H_ChildPov","White (Non-Hispanic)",12.6858275520317,8.71512377042213,"Monroe","Riga town","New York"
"3605561808",2018,"B17001I_ChildPov","Hispanic or Latino (Any Race)",62.0689655172414,123.761507818967,"Monroe","Riga town","New York"
"3605561808",2019,"B17001B_ChildPov","Black (Non-Hispanic)",0,490.747728811182,"Monroe","Riga town","New York"
"3605561808",2019,"B17001C_ChildPov","Native American (Non-Hispanic)",0,0,"Monroe","Riga town","New York"
"3605561808",2019,"B17001D_ChildPov","Asian (Non-Hispanic)",0,392.598183048946,"Monroe","Riga town","New York"
"3605561808",2019,"B17001E_ChildPov","Pacific Islander (Non-Hispanic)",0,0,"Monroe","Riga town","New York"
"3605561808",2019,"B17001F_ChildPov","Other (Non-Hispanic)",0,0,"Monroe","Riga town","New York"
"3605561808",2019,"B17001G_ChildPov","Two or More Races (Non-Hispanic)",0,147.224318643355,"Monroe","Riga town","New York"
"3605561808",2019,"B17001H_ChildPov","White (Non-Hispanic)",16.40625,9.83150112834816,"Monroe","Riga town","New York"
"3605561808",2019,"B17001I_ChildPov","Hispanic or Latino (Any Race)",0,490.747728811182,"Monroe","Riga town","New York"
"3605561808",2020,"B17001B_ChildPov","Black (Non-Hispanic)",0,490.747728811182,"Monroe","Riga town","New York"
"3605561808",2020,"B17001C_ChildPov","Native American (Non-Hispanic)",0,0,"Monroe","Riga town","New York"
"3605561808",2020,"B17001D_ChildPov","Asian (Non-Hispanic)",0,210.320455204792,"Monroe","Riga town","New York"
"3605561808",2020,"B17001E_ChildPov","Pacific Islander (Non-Hispanic)",0,0,"Monroe","Riga town","New York"
"3605561808",2020,"B17001F_ChildPov","Other (Non-Hispanic)",0,0,"Monroe","Riga town","New York"
"3605561808",2020,"B17001G_ChildPov","Two or More Races (Non-Hispanic)",0,150.999301172671,"Monroe","Riga town","New York"
"3605561808",2020,"B17001H_ChildPov","White (Non-Hispanic)",13.1174089068826,8.73707068760456,"Monroe","Riga town","New York"
"3605561808",2020,"B17001I_ChildPov","Hispanic or Latino (Any Race)",0,0,"Monroe","Riga town","New York"
"3605561808",2021,"B17001B_ChildPov","Black (Non-Hispanic)",0,623.538290724796,"Monroe","Riga town","New York"
"3605561808",2021,"B17001C_ChildPov","Native American (Non-Hispanic)",0,0,"Monroe","Riga town","New York"
"3605561808",2021,"B17001D_ChildPov","Asian (Non-Hispanic)",0,296.922995583236,"Monroe","Riga town","New York"
"3605561808",2021,"B17001E_ChildPov","Pacific Islander (Non-Hispanic)",0,0,"Monroe","Riga town","New York"
"3605561808",2021,"B17001F_ChildPov","Other (Non-Hispanic)",0,145.00890481972,"Monroe","Riga town","New York"
"3605561808",2021,"B17001G_ChildPov","Two or More Races (Non-Hispanic)",0,64.9519052838329,"Monroe","Riga town","New York"
"3605561808",2021,"B17001H_ChildPov","White (Non-Hispanic)",12.9551227773074,9.04500099093668,"Monroe","Riga town","New York"
"3605561808",2021,"B17001I_ChildPov","Hispanic or Latino (Any Race)",0,68.5206912884391,"Monroe","Riga town","New York"
"3605561808",2022,"B17001B_ChildPov","Black (Non-Hispanic)",0,548.482755730144,"Monroe","Riga town","New York"
"3605561808",2022,"B17001C_ChildPov","Native American (Non-Hispanic)",0,0,"Monroe","Riga town","New York"
"3605561808",2022,"B17001D_ChildPov","Asian (Non-Hispanic)",0,387.164298162455,"Monroe","Riga town","New York"
"3605561808",2022,"B17001E_ChildPov","Pacific Islander (Non-Hispanic)",0,0,"Monroe","Riga town","New York"
"3605561808",2022,"B17001F_ChildPov","Other (Non-Hispanic)",0,121.885056828921,"Monroe","Riga town","New York"
"3605561808",2022,"B17001G_ChildPov","Two or More Races (Non-Hispanic)",0,59.2954330519075,"Monroe","Riga town","New York"
"3605561808",2022,"B17001H_ChildPov","White (Non-Hispanic)",9.87124463519313,9.60417407092324,"Monroe","Riga town","New York"
"3605561808",2022,"B17001I_ChildPov","Hispanic or Latino (Any Race)",0,60.3834226491902,"Monroe","Riga town","New York"
"3605561808",2023,"B17001B_ChildPov","Black (Non-Hispanic)",0,0,"Monroe","Riga town","New York"
"3605561808",2023,"B17001C_ChildPov","Native American (Non-Hispanic)",0,0,"Monroe","Riga town","New York"
"3605561808",2023,"B17001D_ChildPov","Asian (Non-Hispanic)",0,1645.44826719043,"Monroe","Riga town","New York"
"3605561808",2023,"B17001E_ChildPov","Pacific Islander (Non-Hispanic)",0,0,"Monroe","Riga town","New York"
"3605561808",2023,"B17001F_ChildPov","Other (Non-Hispanic)",0,173.205080756888,"Monroe","Riga town","New York"
"3605561808",2023,"B17001G_ChildPov","Two or More Races (Non-Hispanic)",0,92.70131082763,"Monroe","Riga town","New York"
"3605561808",2023,"B17001H_ChildPov","White (Non-Hispanic)",13.2075471698113,12.7674717784496,"Monroe","Riga town","New York"
"3605561808",2023,"B17001I_ChildPov","Hispanic or Latino (Any Race)",0,67.8535367913581,"Monroe","Riga town","New York"
"3605561808",2024,"B17001B_ChildPov","Black (Non-Hispanic)",0,0,"Monroe","Riga town","New York"
"3605561808",2024,"B17001C_ChildPov","Native American (Non-Hispanic)",0,0,"Monroe","Riga town","New York"
"3605561808",2024,"B17001D_ChildPov","Asian (Non-Hispanic)",0,1645.44826719043,"Monroe","Riga town","New York"
"3605561808",2024,"B17001E_ChildPov","Pacific Islander (Non-Hispanic)",0,0,"Monroe","Riga town","New York"
"3605561808",2024,"B17001F_ChildPov","Other (Non-Hispanic)",0,57.7350269189626,"Monroe","Riga town","New York"
"3605561808",2024,"B17001G_ChildPov","Two or More Races (Non-Hispanic)",0,85.4778320618407,"Monroe","Riga town","New York"
"3605561808",2024,"B17001H_ChildPov","White (Non-Hispanic)",0,6.99446659804648,"Monroe","Riga town","New York"
"3605561808",2024,"B17001I_ChildPov","Hispanic or Latino (Any Race)",0,39.8896549621923,"Monroe","Riga town","New York"
"3605563000",2017,"B17001B_ChildPov","Black (Non-Hispanic)",55.6908861822764,1.9321813876679,"Monroe","Rochester city","New York"
"3605563000",2017,"B17001C_ChildPov","Native American (Non-Hispanic)",60.056657223796,9.92005696413536,"Monroe","Rochester city","New York"
"3605563000",2017,"B17001D_ChildPov","Asian (Non-Hispanic)",38.5145482388974,8.00540738911711,"Monroe","Rochester city","New York"
"3605563000",2017,"B17001E_ChildPov","Pacific Islander (Non-Hispanic)",100,2632.48931621764,"Monroe","Rochester city","New York"
"3605563000",2017,"B17001F_ChildPov","Other (Non-Hispanic)",63.0252100840336,6.4199202125714,"Monroe","Rochester city","New York"
"3605563000",2017,"B17001G_ChildPov","Two or More Races (Non-Hispanic)",49.2773261065944,5.63513733937659,"Monroe","Rochester city","New York"
"3605563000",2017,"B17001H_ChildPov","White (Non-Hispanic)",32.4380781856162,3.88584433055205,"Monroe","Rochester city","New York"
"3605563000",2017,"B17001I_ChildPov","Hispanic or Latino (Any Race)",54.8883221269032,2.6777151375659,"Monroe","Rochester city","New York"
"3605563000",2018,"B17001B_ChildPov","Black (Non-Hispanic)",55.7726322559897,2.21242971831261,"Monroe","Rochester city","New York"
"3605563000",2018,"B17001C_ChildPov","Native American (Non-Hispanic)",60.5700712589074,4.94752832576775,"Monroe","Rochester city","New York"
"3605563000",2018,"B17001D_ChildPov","Asian (Non-Hispanic)",32.1934945788157,8.10124543680213,"Monroe","Rochester city","New York"
"3605563000",2018,"B17001E_ChildPov","Pacific Islander (Non-Hispanic)",100,3277.56006809944,"Monroe","Rochester city","New York"
"3605563000",2018,"B17001F_ChildPov","Other (Non-Hispanic)",56.7914438502674,8.57355605237344,"Monroe","Rochester city","New York"
"3605563000",2018,"B17001G_ChildPov","Two or More Races (Non-Hispanic)",48.8462417180717,5.90706519601932,"Monroe","Rochester city","New York"
"3605563000",2018,"B17001H_ChildPov","White (Non-Hispanic)",26.2253341820496,3.34539081955774,"Monroe","Rochester city","New York"
"3605563000",2018,"B17001I_ChildPov","Hispanic or Latino (Any Race)",55.4179331306991,2.72652666204884,"Monroe","Rochester city","New York"
"3605563000",2019,"B17001B_ChildPov","Black (Non-Hispanic)",52.3256293000453,2.39081441033856,"Monroe","Rochester city","New York"
"3605563000",2019,"B17001C_ChildPov","Native American (Non-Hispanic)",55.0918196994992,5.99112388498416,"Monroe","Rochester city","New York"
"3605563000",2019,"B17001D_ChildPov","Asian (Non-Hispanic)",25.0965250965251,9.61127348363665,"Monroe","Rochester city","New York"
"3605563000",2019,"B17001E_ChildPov","Pacific Islander (Non-Hispanic)",13.4615384615385,176.446946884251,"Monroe","Rochester city","New York"
"3605563000",2019,"B17001F_ChildPov","Other (Non-Hispanic)",46.7945482079758,7.30163195681977,"Monroe","Rochester city","New York"
"3605563000",2019,"B17001G_ChildPov","Two or More Races (Non-Hispanic)",50.9038322487346,5.31960924034922,"Monroe","Rochester city","New York"
"3605563000",2019,"B17001H_ChildPov","White (Non-Hispanic)",26.4607932182864,3.50864897801629,"Monroe","Rochester city","New York"
"3605563000",2019,"B17001I_ChildPov","Hispanic or Latino (Any Race)",48.8501483679525,2.64617382806611,"Monroe","Rochester city","New York"
"3605563000",2020,"B17001B_ChildPov","Black (Non-Hispanic)",53.2067837465565,2.5960587393972,"Monroe","Rochester city","New York"
"3605563000",2020,"B17001C_ChildPov","Native American (Non-Hispanic)",42.7251732101617,13.7895169292979,"Monroe","Rochester city","New York"
"3605563000",2020,"B17001D_ChildPov","Asian (Non-Hispanic)",33.7278106508876,12.2973887710908,"Monroe","Rochester city","New York"
"3605563000",2020,"B17001E_ChildPov","Pacific Islander (Non-Hispanic)",24.5283018867925,173.300062921353,"Monroe","Rochester city","New York"
"3605563000",2020,"B17001F_ChildPov","Other (Non-Hispanic)",41.9598940597806,5.12954639249847,"Monroe","Rochester city","New York"
"3605563000",2020,"B17001G_ChildPov","Two or More Races (Non-Hispanic)",49.5444191343964,5.99117929277831,"Monroe","Rochester city","New York"
"3605563000",2020,"B17001H_ChildPov","White (Non-Hispanic)",28.9895356442119,5.73039089072046,"Monroe","Rochester city","New York"
"3605563000",2020,"B17001I_ChildPov","Hispanic or Latino (Any Race)",49.5700742265011,3.22535973131791,"Monroe","Rochester city","New York"
"3605563000",2021,"B17001B_ChildPov","Black (Non-Hispanic)",52.3758285271585,2.7210438273176,"Monroe","Rochester city","New York"
"3605563000",2021,"B17001C_ChildPov","Native American (Non-Hispanic)",68.1978798586572,8.97215048520576,"Monroe","Rochester city","New York"
"3605563000",2021,"B17001D_ChildPov","Asian (Non-Hispanic)",28.7968441814596,12.6163696728742,"Monroe","Rochester city","New York"
"3605563000",2021,"B17001E_ChildPov","Pacific Islander (Non-Hispanic)",0,203.770683243397,"Monroe","Rochester city","New York"
"3605563000",2021,"B17001F_ChildPov","Other (Non-Hispanic)",40.0606469002695,5.91961830524115,"Monroe","Rochester city","New York"
"3605563000",2021,"B17001G_ChildPov","Two or More Races (Non-Hispanic)",46.6771874452043,5.40432328345794,"Monroe","Rochester city","New York"
"3605563000",2021,"B17001H_ChildPov","White (Non-Hispanic)",26.8342820999368,5.74774244776976,"Monroe","Rochester city","New York"
"3605563000",2021,"B17001I_ChildPov","Hispanic or Latino (Any Race)",46.7512255855575,3.35633205787066,"Monroe","Rochester city","New York"
"3605563000",2022,"B17001B_ChildPov","Black (Non-Hispanic)",45.9417110623629,2.72545310064793,"Monroe","Rochester city","New York"
"3605563000",2022,"B17001C_ChildPov","Native American (Non-Hispanic)",79.3893129770992,108.019332228525,"Monroe","Rochester city","New York"
"3605563000",2022,"B17001D_ChildPov","Asian (Non-Hispanic)",37.9892037786775,12.1380766294559,"Monroe","Rochester city","New York"
"3605563000",2022,"B17001E_ChildPov","Pacific Islander (Non-Hispanic)",0,185.150258740121,"Monroe","Rochester city","New York"
"3605563000",2022,"B17001F_ChildPov","Other (Non-Hispanic)",34.9904397705545,5.70898490424891,"Monroe","Rochester city","New York"
"3605563000",2022,"B17001G_ChildPov","Two or More Races (Non-Hispanic)",43.8133200465039,5.73883352797479,"Monroe","Rochester city","New York"
"3605563000",2022,"B17001H_ChildPov","White (Non-Hispanic)",25.3409451316207,5.45506802426186,"Monroe","Rochester city","New York"
"3605563000",2022,"B17001I_ChildPov","Hispanic or Latino (Any Race)",43.0142773892774,3.015961690584,"Monroe","Rochester city","New York"
"3605563000",2023,"B17001B_ChildPov","Black (Non-Hispanic)",43.6203110294447,2.87630490407498,"Monroe","Rochester city","New York"
"3605563000",2023,"B17001C_ChildPov","Native American (Non-Hispanic)",61.5384615384615,284.066811319013,"Monroe","Rochester city","New York"
"3605563000",2023,"B17001D_ChildPov","Asian (Non-Hispanic)",39.7099447513812,12.7557500399584,"Monroe","Rochester city","New York"
"3605563000",2023,"B17001E_ChildPov","Pacific Islander (Non-Hispanic)",0,94.1992544467284,"Monroe","Rochester city","New York"
"3605563000",2023,"B17001F_ChildPov","Other (Non-Hispanic)",41.6143497757848,5.8749028537939,"Monroe","Rochester city","New York"
"3605563000",2023,"B17001G_ChildPov","Two or More Races (Non-Hispanic)",47.5219941348974,5.542300167023,"Monroe","Rochester city","New York"
"3605563000",2023,"B17001H_ChildPov","White (Non-Hispanic)",26.0999007608336,6.04718173857473,"Monroe","Rochester city","New York"
"3605563000",2023,"B17001I_ChildPov","Hispanic or Latino (Any Race)",44.5334946317859,3.28549435722246,"Monroe","Rochester city","New York"
"3605563000",2024,"B17001B_ChildPov","Black (Non-Hispanic)",46.2508825606025,3.13258722813268,"Monroe","Rochester city","New York"
"3605563000",2024,"B17001C_ChildPov","Native American (Non-Hispanic)",59.0909090909091,82.2351541060602,"Monroe","Rochester city","New York"
"3605563000",2024,"B17001D_ChildPov","Asian (Non-Hispanic)",38.1126554498903,12.7166517403814,"Monroe","Rochester city","New York"
"3605563000",2024,"B17001E_ChildPov","Pacific Islander (Non-Hispanic)",0,527.863103259086,"Monroe","Rochester city","New York"
"3605563000",2024,"B17001F_ChildPov","Other (Non-Hispanic)",32.3190135242641,5.13965711169176,"Monroe","Rochester city","New York"
"3605563000",2024,"B17001G_ChildPov","Two or More Races (Non-Hispanic)",43.7958115183246,5.10786494328952,"Monroe","Rochester city","New York"
"3605563000",2024,"B17001H_ChildPov","White (Non-Hispanic)",26.0560880369187,5.92839797122187,"Monroe","Rochester city","New York"
"3605563000",2024,"B17001I_ChildPov","Hispanic or Latino (Any Race)",42.3687817463517,3.64199427742905,"Monroe","Rochester city","New York"
"3605564144",2017,"B17001B_ChildPov","Black (Non-Hispanic)",0,0,"Monroe","Rush town","New York"
"3605564144",2017,"B17001C_ChildPov","Native American (Non-Hispanic)",0,0,"Monroe","Rush town","New York"
"3605564144",2017,"B17001D_ChildPov","Asian (Non-Hispanic)",0,0,"Monroe","Rush town","New York"
"3605564144",2017,"B17001E_ChildPov","Pacific Islander (Non-Hispanic)",0,0,"Monroe","Rush town","New York"
"3605564144",2017,"B17001F_ChildPov","Other (Non-Hispanic)",0,0,"Monroe","Rush town","New York"
"3605564144",2017,"B17001G_ChildPov","Two or More Races (Non-Hispanic)",0,0,"Monroe","Rush town","New York"
"3605564144",2017,"B17001H_ChildPov","White (Non-Hispanic)",5.89198036006547,6.93357712896494,"Monroe","Rush town","New York"
"3605564144",2017,"B17001I_ChildPov","Hispanic or Latino (Any Race)",0,238.156986040721,"Monroe","Rush town","New York"
"3605564144",2018,"B17001B_ChildPov","Black (Non-Hispanic)",0,0,"Monroe","Rush town","New York"
"3605564144",2018,"B17001C_ChildPov","Native American (Non-Hispanic)",0,0,"Monroe","Rush town","New York"
"3605564144",2018,"B17001D_ChildPov","Asian (Non-Hispanic)",0,0,"Monroe","Rush town","New York"
"3605564144",2018,"B17001E_ChildPov","Pacific Islander (Non-Hispanic)",0,0,"Monroe","Rush town","New York"
"3605564144",2018,"B17001F_ChildPov","Other (Non-Hispanic)",0,0,"Monroe","Rush town","New York"
"3605564144",2018,"B17001G_ChildPov","Two or More Races (Non-Hispanic)",0,0,"Monroe","Rush town","New York"
"3605564144",2018,"B17001H_ChildPov","White (Non-Hispanic)",4.77759472817133,7.16987448101679,"Monroe","Rush town","New York"
"3605564144",2018,"B17001I_ChildPov","Hispanic or Latino (Any Race)",0,277.12812921102,"Monroe","Rush town","New York"
"3605564144",2019,"B17001B_ChildPov","Black (Non-Hispanic)",0,0,"Monroe","Rush town","New York"
"3605564144",2019,"B17001C_ChildPov","Native American (Non-Hispanic)",0,0,"Monroe","Rush town","New York"
"3605564144",2019,"B17001D_ChildPov","Asian (Non-Hispanic)",0,0,"Monroe","Rush town","New York"
"3605564144",2019,"B17001E_ChildPov","Pacific Islander (Non-Hispanic)",0,0,"Monroe","Rush town","New York"
"3605564144",2019,"B17001F_ChildPov","Other (Non-Hispanic)",0,0,"Monroe","Rush town","New York"
"3605564144",2019,"B17001G_ChildPov","Two or More Races (Non-Hispanic)",0,0,"Monroe","Rush town","New York"
"3605564144",2019,"B17001H_ChildPov","White (Non-Hispanic)",0,6.61930244930781,"Monroe","Rush town","New York"
"3605564144",2019,"B17001I_ChildPov","Hispanic or Latino (Any Race)",0,0,"Monroe","Rush town","New York"
"3605564144",2020,"B17001B_ChildPov","Black (Non-Hispanic)",0,0,"Monroe","Rush town","New York"
"3605564144",2020,"B17001C_ChildPov","Native American (Non-Hispanic)",0,0,"Monroe","Rush town","New York"
"3605564144",2020,"B17001D_ChildPov","Asian (Non-Hispanic)",0,0,"Monroe","Rush town","New York"
"3605564144",2020,"B17001E_ChildPov","Pacific Islander (Non-Hispanic)",0,0,"Monroe","Rush town","New York"
"3605564144",2020,"B17001F_ChildPov","Other (Non-Hispanic)",0,0,"Monroe","Rush town","New York"
"3605564144",2020,"B17001G_ChildPov","Two or More Races (Non-Hispanic)",100,314.027516708329,"Monroe","Rush town","New York"
"3605564144",2020,"B17001H_ChildPov","White (Non-Hispanic)",0,7.35738396135452,"Monroe","Rush town","New York"
"3605564144",2020,"B17001I_ChildPov","Hispanic or Latino (Any Race)",0,0,"Monroe","Rush town","New York"
"3605564144",2021,"B17001B_ChildPov","Black (Non-Hispanic)",0,0,"Monroe","Rush town","New York"
"3605564144",2021,"B17001C_ChildPov","Native American (Non-Hispanic)",0,0,"Monroe","Rush town","New York"
"3605564144",2021,"B17001D_ChildPov","Asian (Non-Hispanic)",0,0,"Monroe","Rush town","New York"
"3605564144",2021,"B17001E_ChildPov","Pacific Islander (Non-Hispanic)",0,0,"Monroe","Rush town","New York"
"3605564144",2021,"B17001F_ChildPov","Other (Non-Hispanic)",0,0,"Monroe","Rush town","New York"
"3605564144",2021,"B17001G_ChildPov","Two or More Races (Non-Hispanic)",100,307.431757816732,"Monroe","Rush town","New York"
"3605564144",2021,"B17001H_ChildPov","White (Non-Hispanic)",0,7.26343887045013,"Monroe","Rush town","New York"
"3605564144",2021,"B17001I_ChildPov","Hispanic or Latino (Any Race)",0,0,"Monroe","Rush town","New York"
"3605564144",2022,"B17001B_ChildPov","Black (Non-Hispanic)",0,0,"Monroe","Rush town","New York"
"3605564144",2022,"B17001C_ChildPov","Native American (Non-Hispanic)",0,0,"Monroe","Rush town","New York"
"3605564144",2022,"B17001D_ChildPov","Asian (Non-Hispanic)",0,0,"Monroe","Rush town","New York"
"3605564144",2022,"B17001E_ChildPov","Pacific Islander (Non-Hispanic)",0,0,"Monroe","Rush town","New York"
"3605564144",2022,"B17001F_ChildPov","Other (Non-Hispanic)",0,0,"Monroe","Rush town","New York"
"3605564144",2022,"B17001G_ChildPov","Two or More Races (Non-Hispanic)",57.5757575757576,79.7327149969002,"Monroe","Rush town","New York"
"3605564144",2022,"B17001H_ChildPov","White (Non-Hispanic)",0,8.76134649743012,"Monroe","Rush town","New York"
"3605564144",2022,"B17001I_ChildPov","Hispanic or Latino (Any Race)",0,0,"Monroe","Rush town","New York"
"3605564144",2023,"B17001B_ChildPov","Black (Non-Hispanic)",0,0,"Monroe","Rush town","New York"
"3605564144",2023,"B17001C_ChildPov","Native American (Non-Hispanic)",0,0,"Monroe","Rush town","New York"
"3605564144",2023,"B17001D_ChildPov","Asian (Non-Hispanic)",0,0,"Monroe","Rush town","New York"
"3605564144",2023,"B17001E_ChildPov","Pacific Islander (Non-Hispanic)",0,0,"Monroe","Rush town","New York"
"3605564144",2023,"B17001F_ChildPov","Other (Non-Hispanic)",0,0,"Monroe","Rush town","New York"
"3605564144",2023,"B17001G_ChildPov","Two or More Races (Non-Hispanic)",48.0519480519481,75.9299609036361,"Monroe","Rush town","New York"
"3605564144",2023,"B17001H_ChildPov","White (Non-Hispanic)",1.49532710280374,8.4106808017717,"Monroe","Rush town","New York"
"3605564144",2023,"B17001I_ChildPov","Hispanic or Latino (Any Race)",0,0,"Monroe","Rush town","New York"
"3605564144",2024,"B17001B_ChildPov","Black (Non-Hispanic)",0,0,"Monroe","Rush town","New York"
"3605564144",2024,"B17001C_ChildPov","Native American (Non-Hispanic)",0,0,"Monroe","Rush town","New York"
"3605564144",2024,"B17001D_ChildPov","Asian (Non-Hispanic)",0,0,"Monroe","Rush town","New York"
"3605564144",2024,"B17001E_ChildPov","Pacific Islander (Non-Hispanic)",0,0,"Monroe","Rush town","New York"
"3605564144",2024,"B17001F_ChildPov","Other (Non-Hispanic)",0,0,"Monroe","Rush town","New York"
"3605564144",2024,"B17001G_ChildPov","Two or More Races (Non-Hispanic)",52.112676056338,82.1141749012461,"Monroe","Rush town","New York"
"3605564144",2024,"B17001H_ChildPov","White (Non-Hispanic)",1.7353579175705,10.393892609489,"Monroe","Rush town","New York"
"3605564144",2024,"B17001I_ChildPov","Hispanic or Latino (Any Race)",0,0,"Monroe","Rush town","New York"
"3605572455",2017,"B17001B_ChildPov","Black (Non-Hispanic)",0,311.769145362398,"Monroe","Sweden town","New York"
"3605572455",2017,"B17001C_ChildPov","Native American (Non-Hispanic)",0,0,"Monroe","Sweden town","New York"
"3605572455",2017,"B17001D_ChildPov","Asian (Non-Hispanic)",22.5352112676056,79.0799036095819,"Monroe","Sweden town","New York"
"3605572455",2017,"B17001E_ChildPov","Pacific Islander (Non-Hispanic)",0,0,"Monroe","Sweden town","New York"
"3605572455",2017,"B17001F_ChildPov","Other (Non-Hispanic)",0,415.692193816531,"Monroe","Sweden town","New York"
"3605572455",2017,"B17001G_ChildPov","Two or More Races (Non-Hispanic)",15.1785714285714,52.3608530001549,"Monroe","Sweden town","New York"
"3605572455",2017,"B17001H_ChildPov","White (Non-Hispanic)",5.84099513250406,4.41571868821396,"Monroe","Sweden town","New York"
"3605572455",2017,"B17001I_ChildPov","Hispanic or Latino (Any Race)",33.1395348837209,39.8098556872244,"Monroe","Sweden town","New York"
"3605572455",2018,"B17001B_ChildPov","Black (Non-Hispanic)",0,365.655170486763,"Monroe","Sweden town","New York"
"3605572455",2018,"B17001C_ChildPov","Native American (Non-Hispanic)",0,0,"Monroe","Sweden town","New York"
"3605572455",2018,"B17001D_ChildPov","Asian (Non-Hispanic)",28.8135593220339,97.7592308120183,"Monroe","Sweden town","New York"
"3605572455",2018,"B17001E_ChildPov","Pacific Islander (Non-Hispanic)",0,940.256152680248,"Monroe","Sweden town","New York"
"3605572455",2018,"B17001F_ChildPov","Other (Non-Hispanic)",0,387.164298162455,"Monroe","Sweden town","New York"
"3605572455",2018,"B17001G_ChildPov","Two or More Races (Non-Hispanic)",0,83.3138363134397,"Monroe","Sweden town","New York"
"3605572455",2018,"B17001H_ChildPov","White (Non-Hispanic)",5.13347022587269,4.02616017782938,"Monroe","Sweden town","New York"
"3605572455",2018,"B17001I_ChildPov","Hispanic or Latino (Any Race)",4.51612903225806,41.2777566811068,"Monroe","Sweden town","New York"
"3605572455",2019,"B17001B_ChildPov","Black (Non-Hispanic)",0,286.164916033119,"Monroe","Sweden town","New York"
"3605572455",2019,"B17001C_ChildPov","Native American (Non-Hispanic)",0,0,"Monroe","Sweden town","New York"
"3605572455",2019,"B17001D_ChildPov","Asian (Non-Hispanic)",29.5081967213115,95.007193594132,"Monroe","Sweden town","New York"
"3605572455",2019,"B17001E_ChildPov","Pacific Islander (Non-Hispanic)",0,940.256152680248,"Monroe","Sweden town","New York"
"3605572455",2019,"B17001F_ChildPov","Other (Non-Hispanic)",0,411.362066797608,"Monroe","Sweden town","New York"
"3605572455",2019,"B17001G_ChildPov","Two or More Races (Non-Hispanic)",0,95.388305344373,"Monroe","Sweden town","New York"
"3605572455",2019,"B17001H_ChildPov","White (Non-Hispanic)",5.96546310832025,4.22303681618855,"Monroe","Sweden town","New York"
"3605572455",2019,"B17001I_ChildPov","Hispanic or Latino (Any Race)",6.72268907563025,53.7741444721025,"Monroe","Sweden town","New York"
"3605572455",2020,"B17001B_ChildPov","Black (Non-Hispanic)",0,470.128076340124,"Monroe","Sweden town","New York"
"3605572455",2020,"B17001C_ChildPov","Native American (Non-Hispanic)",0,0,"Monroe","Sweden town","New York"
"3605572455",2020,"B17001D_ChildPov","Asian (Non-Hispanic)",58.6206896551724,116.978973759768,"Monroe","Sweden town","New York"
"3605572455",2020,"B17001E_ChildPov","Pacific Islander (Non-Hispanic)",0,940.256152680248,"Monroe","Sweden town","New York"
"3605572455",2020,"B17001F_ChildPov","Other (Non-Hispanic)",0,137.120688932536,"Monroe","Sweden town","New York"
"3605572455",2020,"B17001G_ChildPov","Two or More Races (Non-Hispanic)",32.8358208955224,53.1545666076769,"Monroe","Sweden town","New York"
"3605572455",2020,"B17001H_ChildPov","White (Non-Hispanic)",14.5867098865478,9.37725370816597,"Monroe","Sweden town","New York"
"3605572455",2020,"B17001I_ChildPov","Hispanic or Latino (Any Race)",4.3956043956044,35.125016166939,"Monroe","Sweden town","New York"
"3605572455",2021,"B17001B_ChildPov","Black (Non-Hispanic)",0,433.012701892219,"Monroe","Sweden town","New York"
"3605572455",2021,"B17001C_ChildPov","Native American (Non-Hispanic)",0,0,"Monroe","Sweden town","New York"
"3605572455",2021,"B17001D_ChildPov","Asian (Non-Hispanic)",100,725.538593046572,"Monroe","Sweden town","New York"
"3605572455",2021,"B17001E_ChildPov","Pacific Islander (Non-Hispanic)",0,1385.6406460551,"Monroe","Sweden town","New York"
"3605572455",2021,"B17001F_ChildPov","Other (Non-Hispanic)",0,0,"Monroe","Sweden town","New York"
"3605572455",2021,"B17001G_ChildPov","Two or More Races (Non-Hispanic)",64.84375,49.1932973444423,"Monroe","Sweden town","New York"
"3605572455",2021,"B17001H_ChildPov","White (Non-Hispanic)",14.5901639344262,10.4599324836742,"Monroe","Sweden town","New York"
"3605572455",2021,"B17001I_ChildPov","Hispanic or Latino (Any Race)",5,47.9514396157664,"Monroe","Sweden town","New York"
"3605572455",2022,"B17001B_ChildPov","Black (Non-Hispanic)",65.2173913043478,138.294211749438,"Monroe","Sweden town","New York"
"3605572455",2022,"B17001C_ChildPov","Native American (Non-Hispanic)",0,316.287538773447,"Monroe","Sweden town","New York"
"3605572455",2022,"B17001D_ChildPov","Asian (Non-Hispanic)",0,0,"Monroe","Sweden town","New York"
"3605572455",2022,"B17001E_ChildPov","Pacific Islander (Non-Hispanic)",0,727.461339178928,"Monroe","Sweden town","New York"
"3605572455",2022,"B17001F_ChildPov","Other (Non-Hispanic)",0,0,"Monroe","Sweden town","New York"
"3605572455",2022,"B17001G_ChildPov","Two or More Races (Non-Hispanic)",33.7606837606838,36.9688067479518,"Monroe","Sweden town","New York"
"3605572455",2022,"B17001H_ChildPov","White (Non-Hispanic)",19.8679867986799,12.2478242424517,"Monroe","Sweden town","New York"
"3605572455",2022,"B17001I_ChildPov","Hispanic or Latino (Any Race)",0,73.4809433514069,"Monroe","Sweden town","New York"
"3605572455",2023,"B17001B_ChildPov","Black (Non-Hispanic)",70.8333333333333,209.339655783157,"Monroe","Sweden town","New York"
"3605572455",2023,"B17001C_ChildPov","Native American (Non-Hispanic)",0,454.66333698683,"Monroe","Sweden town","New York"
"3605572455",2023,"B17001D_ChildPov","Asian (Non-Hispanic)",0,0,"Monroe","Sweden town","New York"
"3605572455",2023,"B17001E_ChildPov","Pacific Islander (Non-Hispanic)",0,0,"Monroe","Sweden town","New York"
"3605572455",2023,"B17001F_ChildPov","Other (Non-Hispanic)",0,0,"Monroe","Sweden town","New York"
"3605572455",2023,"B17001G_ChildPov","Two or More Races (Non-Hispanic)",19.6936542669584,22.021508284992,"Monroe","Sweden town","New York"
"3605572455",2023,"B17001H_ChildPov","White (Non-Hispanic)",21.3217938630999,15.6563417224575,"Monroe","Sweden town","New York"
"3605572455",2023,"B17001I_ChildPov","Hispanic or Latino (Any Race)",0,83.6162458826355,"Monroe","Sweden town","New York"
"3605572455",2024,"B17001B_ChildPov","Black (Non-Hispanic)",77.7777777777778,206.379216259765,"Monroe","Sweden town","New York"
"3605572455",2024,"B17001C_ChildPov","Native American (Non-Hispanic)",0,519.615242270663,"Monroe","Sweden town","New York"
"3605572455",2024,"B17001D_ChildPov","Asian (Non-Hispanic)",0,0,"Monroe","Sweden town","New York"
"3605572455",2024,"B17001E_ChildPov","Pacific Islander (Non-Hispanic)",0,0,"Monroe","Sweden town","New York"
"3605572455",2024,"B17001F_ChildPov","Other (Non-Hispanic)",0,161.658075373095,"Monroe","Sweden town","New York"
"3605572455",2024,"B17001G_ChildPov","Two or More Races (Non-Hispanic)",23.3031674208145,22.121596334459,"Monroe","Sweden town","New York"
"3605572455",2024,"B17001H_ChildPov","White (Non-Hispanic)",21.6235632183908,14.8588068821606,"Monroe","Sweden town","New York"
"3605572455",2024,"B17001I_ChildPov","Hispanic or Latino (Any Race)",8.65384615384615,67.6722028068988,"Monroe","Sweden town","New York"
"3605578971",2017,"B17001B_ChildPov","Black (Non-Hispanic)",6.57142857142857,24.7325185276328,"Monroe","Webster town","New York"
"3605578971",2017,"B17001C_ChildPov","Native American (Non-Hispanic)",0,831.384387633061,"Monroe","Webster town","New York"
"3605578971",2017,"B17001D_ChildPov","Asian (Non-Hispanic)",6.86274509803922,19.9139648457379,"Monroe","Webster town","New York"
"3605578971",2017,"B17001E_ChildPov","Pacific Islander (Non-Hispanic)",0,0,"Monroe","Webster town","New York"
"3605578971",2017,"B17001F_ChildPov","Other (Non-Hispanic)",0,143.342135798804,"Monroe","Webster town","New York"
"3605578971",2017,"B17001G_ChildPov","Two or More Races (Non-Hispanic)",25.9197324414716,20.0088152383665,"Monroe","Webster town","New York"
"3605578971",2017,"B17001H_ChildPov","White (Non-Hispanic)",3.35044929396662,1.76742089214368,"Monroe","Webster town","New York"
"3605578971",2017,"B17001I_ChildPov","Hispanic or Latino (Any Race)",7.3015873015873,27.4030728493628,"Monroe","Webster town","New York"
"3605578971",2018,"B17001B_ChildPov","Black (Non-Hispanic)",7.10227272727273,25.5083906833892,"Monroe","Webster town","New York"
"3605578971",2018,"B17001C_ChildPov","Native American (Non-Hispanic)",0,618.589574131742,"Monroe","Webster town","New York"
"3605578971",2018,"B17001D_ChildPov","Asian (Non-Hispanic)",4.89510489510489,29.9698059463086,"Monroe","Webster town","New York"
"3605578971",2018,"B17001E_ChildPov","Pacific Islander (Non-Hispanic)",0,0,"Monroe","Webster town","New York"
"3605578971",2018,"B17001F_ChildPov","Other (Non-Hispanic)",2.66666666666667,110.58772231096,"Monroe","Webster town","New York"
"3605578971",2018,"B17001G_ChildPov","Two or More Races (Non-Hispanic)",25.1712328767123,19.9591417570895,"Monroe","Webster town","New York"
"3605578971",2018,"B17001H_ChildPov","White (Non-Hispanic)",3.41618865519439,1.67301013656506,"Monroe","Webster town","New York"
"3605578971",2018,"B17001I_ChildPov","Hispanic or Latino (Any Race)",8.49056603773585,27.0828144359277,"Monroe","Webster town","New York"
"3605578971",2019,"B17001B_ChildPov","Black (Non-Hispanic)",10.5263157894737,34.6114956173786,"Monroe","Webster town","New York"
"3605578971",2019,"B17001C_ChildPov","Native American (Non-Hispanic)",0,433.012701892219,"Monroe","Webster town","New York"
"3605578971",2019,"B17001D_ChildPov","Asian (Non-Hispanic)",2.84697508896797,29.8065329089396,"Monroe","Webster town","New York"
"3605578971",2019,"B17001E_ChildPov","Pacific Islander (Non-Hispanic)",0,0,"Monroe","Webster town","New York"
"3605578971",2019,"B17001F_ChildPov","Other (Non-Hispanic)",1.86915887850467,77.5975412894922,"Monroe","Webster town","New York"
"3605578971",2019,"B17001G_ChildPov","Two or More Races (Non-Hispanic)",3.89294403892944,19.6015195073157,"Monroe","Webster town","New York"
"3605578971",2019,"B17001H_ChildPov","White (Non-Hispanic)",4.22393140839743,2.15911267548173,"Monroe","Webster town","New York"
"3605578971",2019,"B17001I_ChildPov","Hispanic or Latino (Any Race)",0.588235294117647,24.4290781193299,"Monroe","Webster town","New York"
"3605578971",2020,"B17001B_ChildPov","Black (Non-Hispanic)",16.1048689138577,36.8431085670202,"Monroe","Webster town","New York"
"3605578971",2020,"B17001C_ChildPov","Native American (Non-Hispanic)",0,643.333157097012,"Monroe","Webster town","New York"
"3605578971",2020,"B17001D_ChildPov","Asian (Non-Hispanic)",4.29184549356223,37.509637218689,"Monroe","Webster town","New York"
"3605578971",2020,"B17001E_ChildPov","Pacific Islander (Non-Hispanic)",0,0,"Monroe","Webster town","New York"
"3605578971",2020,"B17001F_ChildPov","Other (Non-Hispanic)",1.94174757281553,83.821492758203,"Monroe","Webster town","New York"
"3605578971",2020,"B17001G_ChildPov","Two or More Races (Non-Hispanic)",17.7478580171359,17.8964440316974,"Monroe","Webster town","New York"
"3605578971",2020,"B17001H_ChildPov","White (Non-Hispanic)",3.04575338789749,1.87166145295545,"Monroe","Webster town","New York"
"3605578971",2020,"B17001I_ChildPov","Hispanic or Latino (Any Race)",0.48661800486618,21.0145862600044,"Monroe","Webster town","New York"
"3605578971",2021,"B17001B_ChildPov","Black (Non-Hispanic)",20.2666666666667,31.7332882922805,"Monroe","Webster town","New York"
"3605578971",2021,"B17001C_ChildPov","Native American (Non-Hispanic)",0,0,"Monroe","Webster town","New York"
"3605578971",2021,"B17001D_ChildPov","Asian (Non-Hispanic)",48.7414187643021,38.8203916119718,"Monroe","Webster town","New York"
"3605578971",2021,"B17001E_ChildPov","Pacific Islander (Non-Hispanic)",0,0,"Monroe","Webster town","New York"
"3605578971",2021,"B17001F_ChildPov","Other (Non-Hispanic)",4.25531914893617,95.4497376510161,"Monroe","Webster town","New York"
"3605578971",2021,"B17001G_ChildPov","Two or More Races (Non-Hispanic)",1.78359096313912,10.2970315173968,"Monroe","Webster town","New York"
"3605578971",2021,"B17001H_ChildPov","White (Non-Hispanic)",2.05156639866925,1.42409819689566,"Monroe","Webster town","New York"
"3605578971",2021,"B17001I_ChildPov","Hispanic or Latino (Any Race)",0.782778864970646,17.5904925081846,"Monroe","Webster town","New York"
"3605578971",2022,"B17001B_ChildPov","Black (Non-Hispanic)",10.1960784313725,39.1433613088209,"Monroe","Webster town","New York"
"3605578971",2022,"B17001C_ChildPov","Native American (Non-Hispanic)",0,0,"Monroe","Webster town","New York"
"3605578971",2022,"B17001D_ChildPov","Asian (Non-Hispanic)",48.9655172413793,39.4972513061483,"Monroe","Webster town","New York"
"3605578971",2022,"B17001E_ChildPov","Pacific Islander (Non-Hispanic)",0,0,"Monroe","Webster town","New York"
"3605578971",2022,"B17001F_ChildPov","Other (Non-Hispanic)",3.36134453781513,78.2157895281522,"Monroe","Webster town","New York"
"3605578971",2022,"B17001G_ChildPov","Two or More Races (Non-Hispanic)",3.74064837905237,11.8061918672847,"Monroe","Webster town","New York"
"3605578971",2022,"B17001H_ChildPov","White (Non-Hispanic)",2.67907501410039,1.18860080015312,"Monroe","Webster town","New York"
"3605578971",2022,"B17001I_ChildPov","Hispanic or Latino (Any Race)",10.9170305676856,19.2385737975757,"Monroe","Webster town","New York"
"3605578971",2023,"B17001B_ChildPov","Black (Non-Hispanic)",20,39.0998122967032,"Monroe","Webster town","New York"
"3605578971",2023,"B17001C_ChildPov","Native American (Non-Hispanic)",0,0,"Monroe","Webster town","New York"
"3605578971",2023,"B17001D_ChildPov","Asian (Non-Hispanic)",52.4271844660194,40.8901539199288,"Monroe","Webster town","New York"
"3605578971",2023,"B17001E_ChildPov","Pacific Islander (Non-Hispanic)",0,0,"Monroe","Webster town","New York"
"3605578971",2023,"B17001F_ChildPov","Other (Non-Hispanic)",0,118.28639661446,"Monroe","Webster town","New York"
"3605578971",2023,"B17001G_ChildPov","Two or More Races (Non-Hispanic)",2.38704177323103,7.98366108088032,"Monroe","Webster town","New York"
"3605578971",2023,"B17001H_ChildPov","White (Non-Hispanic)",2.0476328783038,1.35321119072313,"Monroe","Webster town","New York"
"3605578971",2023,"B17001I_ChildPov","Hispanic or Latino (Any Race)",6.34920634920635,13.3459268590436,"Monroe","Webster town","New York"
"3605578971",2024,"B17001B_ChildPov","Black (Non-Hispanic)",0,37.0697220808099,"Monroe","Webster town","New York"
"3605578971",2024,"B17001C_ChildPov","Native American (Non-Hispanic)",0,0,"Monroe","Webster town","New York"
"3605578971",2024,"B17001D_ChildPov","Asian (Non-Hispanic)",57.7656675749319,45.2106740041952,"Monroe","Webster town","New York"
"3605578971",2024,"B17001E_ChildPov","Pacific Islander (Non-Hispanic)",0,0,"Monroe","Webster town","New York"
"3605578971",2024,"B17001F_ChildPov","Other (Non-Hispanic)",0,130.466164725967,"Monroe","Webster town","New York"
"3605578971",2024,"B17001G_ChildPov","Two or More Races (Non-Hispanic)",4.97000856898029,8.80962617152252,"Monroe","Webster town","New York"
"3605578971",2024,"B17001H_ChildPov","White (Non-Hispanic)",1.16331096196868,1.21742117402805,"Monroe","Webster town","New York"
"3605578971",2024,"B17001I_ChildPov","Hispanic or Latino (Any Race)",9.18367346938776,15.247359096558,"Monroe","Webster town","New York"
"3605581402",2017,"B17001B_ChildPov","Black (Non-Hispanic)",69.2307692307692,20.9143408818901,"Monroe","Wheatland town","New York"
"3605581402",2017,"B17001C_ChildPov","Native American (Non-Hispanic)",0,0,"Monroe","Wheatland town","New York"
"3605581402",2017,"B17001D_ChildPov","Asian (Non-Hispanic)",0,635.085296108588,"Monroe","Wheatland town","New York"
"3605581402",2017,"B17001E_ChildPov","Pacific Islander (Non-Hispanic)",0,0,"Monroe","Wheatland town","New York"
"3605581402",2017,"B17001F_ChildPov","Other (Non-Hispanic)",0,0,"Monroe","Wheatland town","New York"
"3605581402",2017,"B17001G_ChildPov","Two or More Races (Non-Hispanic)",37.9310344827586,121.859863395044,"Monroe","Wheatland town","New York"
"3605581402",2017,"B17001H_ChildPov","White (Non-Hispanic)",14.3742255266419,10.581340505546,"Monroe","Wheatland town","New York"
"3605581402",2017,"B17001I_ChildPov","Hispanic or Latino (Any Race)",68.0672268907563,25.2431354091872,"Monroe","Wheatland town","New York"
"3605581402",2018,"B17001B_ChildPov","Black (Non-Hispanic)",61.3445378151261,25.2166127402459,"Monroe","Wheatland town","New York"
"3605581402",2018,"B17001C_ChildPov","Native American (Non-Hispanic)",0,0,"Monroe","Wheatland town","New York"
"3605581402",2018,"B17001D_ChildPov","Asian (Non-Hispanic)",0,831.384387633061,"Monroe","Wheatland town","New York"
"3605581402",2018,"B17001E_ChildPov","Pacific Islander (Non-Hispanic)",0,0,"Monroe","Wheatland town","New York"
"3605581402",2018,"B17001F_ChildPov","Other (Non-Hispanic)",0,0,"Monroe","Wheatland town","New York"
"3605581402",2018,"B17001G_ChildPov","Two or More Races (Non-Hispanic)",40.7407407407407,134.117310521835,"Monroe","Wheatland town","New York"
"3605581402",2018,"B17001H_ChildPov","White (Non-Hispanic)",17.9976162097735,11.1916490581896,"Monroe","Wheatland town","New York"
"3605581402",2018,"B17001I_ChildPov","Hispanic or Latino (Any Race)",28.448275862069,34.6088010901131,"Monroe","Wheatland town","New York"
"3605581402",2019,"B17001B_ChildPov","Black (Non-Hispanic)",94.1176470588235,131.420908089819,"Monroe","Wheatland town","New York"
"3605581402",2019,"B17001C_ChildPov","Native American (Non-Hispanic)",0,0,"Monroe","Wheatland town","New York"
"3605581402",2019,"B17001D_ChildPov","Asian (Non-Hispanic)",0,1039.23048454133,"Monroe","Wheatland town","New York"
"3605581402",2019,"B17001E_ChildPov","Pacific Islander (Non-Hispanic)",0,0,"Monroe","Wheatland town","New York"
"3605581402",2019,"B17001F_ChildPov","Other (Non-Hispanic)",0,0,"Monroe","Wheatland town","New York"
"3605581402",2019,"B17001G_ChildPov","Two or More Races (Non-Hispanic)",25,123.800396146125,"Monroe","Wheatland town","New York"
"3605581402",2019,"B17001H_ChildPov","White (Non-Hispanic)",23.0961298377029,13.9957728813616,"Monroe","Wheatland town","New York"
"3605581402",2019,"B17001I_ChildPov","Hispanic or Latino (Any Race)",31.6455696202532,51.2251536451934,"Monroe","Wheatland town","New York"
"3605581402",2020,"B17001B_ChildPov","Black (Non-Hispanic)",94.0476190476191,130.202127245008,"Monroe","Wheatland town","New York"
"3605581402",2020,"B17001C_ChildPov","Native American (Non-Hispanic)",0,0,"Monroe","Wheatland town","New York"
"3605581402",2020,"B17001D_ChildPov","Asian (Non-Hispanic)",0,0,"Monroe","Wheatland town","New York"
"3605581402",2020,"B17001E_ChildPov","Pacific Islander (Non-Hispanic)",0,0,"Monroe","Wheatland town","New York"
"3605581402",2020,"B17001F_ChildPov","Other (Non-Hispanic)",0,0,"Monroe","Wheatland town","New York"
"3605581402",2020,"B17001G_ChildPov","Two or More Races (Non-Hispanic)",18.4210526315789,105.461751356712,"Monroe","Wheatland town","New York"
"3605581402",2020,"B17001H_ChildPov","White (Non-Hispanic)",24,14.9742971454423,"Monroe","Wheatland town","New York"
"3605581402",2020,"B17001I_ChildPov","Hispanic or Latino (Any Race)",52.4390243902439,47.492504431787,"Monroe","Wheatland town","New York"
"3605581402",2021,"B17001B_ChildPov","Black (Non-Hispanic)",82.7586206896552,118.12057904061,"Monroe","Wheatland town","New York"
"3605581402",2021,"B17001C_ChildPov","Native American (Non-Hispanic)",0,0,"Monroe","Wheatland town","New York"
"3605581402",2021,"B17001D_ChildPov","Asian (Non-Hispanic)",0,0,"Monroe","Wheatland town","New York"
"3605581402",2021,"B17001E_ChildPov","Pacific Islander (Non-Hispanic)",0,0,"Monroe","Wheatland town","New York"
"3605581402",2021,"B17001F_ChildPov","Other (Non-Hispanic)",0,0,"Monroe","Wheatland town","New York"
"3605581402",2021,"B17001G_ChildPov","Two or More Races (Non-Hispanic)",29.7297297297297,115.206008093301,"Monroe","Wheatland town","New York"
"3605581402",2021,"B17001H_ChildPov","White (Non-Hispanic)",21.4132762312634,12.2389695478164,"Monroe","Wheatland town","New York"
"3605581402",2021,"B17001I_ChildPov","Hispanic or Latino (Any Race)",53.3333333333333,42.5037991276924,"Monroe","Wheatland town","New York"
"3605581402",2022,"B17001B_ChildPov","Black (Non-Hispanic)",68.75,34.1873131374388,"Monroe","Wheatland town","New York"
"3605581402",2022,"B17001C_ChildPov","Native American (Non-Hispanic)",0,0,"Monroe","Wheatland town","New York"
"3605581402",2022,"B17001D_ChildPov","Asian (Non-Hispanic)",0,0,"Monroe","Wheatland town","New York"
"3605581402",2022,"B17001E_ChildPov","Pacific Islander (Non-Hispanic)",0,0,"Monroe","Wheatland town","New York"
"3605581402",2022,"B17001F_ChildPov","Other (Non-Hispanic)",0,0,"Monroe","Wheatland town","New York"
"3605581402",2022,"B17001G_ChildPov","Two or More Races (Non-Hispanic)",0,180.133283987163,"Monroe","Wheatland town","New York"
"3605581402",2022,"B17001H_ChildPov","White (Non-Hispanic)",13.8364779874214,12.5295559212539,"Monroe","Wheatland town","New York"
"3605581402",2022,"B17001I_ChildPov","Hispanic or Latino (Any Race)",25.3731343283582,71.5021694720136,"Monroe","Wheatland town","New York"
"3605581402",2023,"B17001B_ChildPov","Black (Non-Hispanic)",63.4920634920635,41.823150489082,"Monroe","Wheatland town","New York"
"3605581402",2023,"B17001C_ChildPov","Native American (Non-Hispanic)",0,0,"Monroe","Wheatland town","New York"
"3605581402",2023,"B17001D_ChildPov","Asian (Non-Hispanic)",0,0,"Monroe","Wheatland town","New York"
"3605581402",2023,"B17001E_ChildPov","Pacific Islander (Non-Hispanic)",0,0,"Monroe","Wheatland town","New York"
"3605581402",2023,"B17001F_ChildPov","Other (Non-Hispanic)",0,0,"Monroe","Wheatland town","New York"
"3605581402",2023,"B17001G_ChildPov","Two or More Races (Non-Hispanic)",0,140.729128114971,"Monroe","Wheatland town","New York"
"3605581402",2023,"B17001H_ChildPov","White (Non-Hispanic)",9.71709717097171,12.3131359804739,"Monroe","Wheatland town","New York"
"3605581402",2023,"B17001I_ChildPov","Hispanic or Latino (Any Race)",41.4634146341463,106.16196218011,"Monroe","Wheatland town","New York"
"3605581402",2024,"B17001B_ChildPov","Black (Non-Hispanic)",56.9230769230769,50.1732944524158,"Monroe","Wheatland town","New York"
"3605581402",2024,"B17001C_ChildPov","Native American (Non-Hispanic)",0,0,"Monroe","Wheatland town","New York"
"3605581402",2024,"B17001D_ChildPov","Asian (Non-Hispanic)",0,0,"Monroe","Wheatland town","New York"
"3605581402",2024,"B17001E_ChildPov","Pacific Islander (Non-Hispanic)",0,0,"Monroe","Wheatland town","New York"
"3605581402",2024,"B17001F_ChildPov","Other (Non-Hispanic)",0,0,"Monroe","Wheatland town","New York"
"3605581402",2024,"B17001G_ChildPov","Two or More Races (Non-Hispanic)",0,210.858359182298,"Monroe","Wheatland town","New York"
"3605581402",2024,"B17001H_ChildPov","White (Non-Hispanic)",10.7772020725389,10.2454382508577,"Monroe","Wheatland town","New York"
"3605581402",2024,"B17001I_ChildPov","Hispanic or Latino (Any Race)",61.5384615384615,121.339653488465,"Monroe","Wheatland town","New York"
"3606908378",2017,"B17001B_ChildPov","Black (Non-Hispanic)",0,0,"Ontario","Bristol town","New York"
"3606908378",2017,"B17001C_ChildPov","Native American (Non-Hispanic)",0,0,"Ontario","Bristol town","New York"
"3606908378",2017,"B17001D_ChildPov","Asian (Non-Hispanic)",0,0,"Ontario","Bristol town","New York"
"3606908378",2017,"B17001E_ChildPov","Pacific Islander (Non-Hispanic)",0,0,"Ontario","Bristol town","New York"
"3606908378",2017,"B17001F_ChildPov","Other (Non-Hispanic)",0,0,"Ontario","Bristol town","New York"
"3606908378",2017,"B17001G_ChildPov","Two or More Races (Non-Hispanic)",0,158.771324027147,"Ontario","Bristol town","New York"
"3606908378",2017,"B17001H_ChildPov","White (Non-Hispanic)",8.15047021943574,11.1856815674929,"Ontario","Bristol town","New York"
"3606908378",2017,"B17001I_ChildPov","Hispanic or Latino (Any Race)",0,476.313972081441,"Ontario","Bristol town","New York"
"3606908378",2018,"B17001B_ChildPov","Black (Non-Hispanic)",0,0,"Ontario","Bristol town","New York"
"3606908378",2018,"B17001C_ChildPov","Native American (Non-Hispanic)",0,0,"Ontario","Bristol town","New York"
"3606908378",2018,"B17001D_ChildPov","Asian (Non-Hispanic)",0,0,"Ontario","Bristol town","New York"
"3606908378",2018,"B17001E_ChildPov","Pacific Islander (Non-Hispanic)",0,0,"Ontario","Bristol town","New York"
"3606908378",2018,"B17001F_ChildPov","Other (Non-Hispanic)",0,0,"Ontario","Bristol town","New York"
"3606908378",2018,"B17001G_ChildPov","Two or More Races (Non-Hispanic)",0,1039.23048454133,"Ontario","Bristol town","New York"
"3606908378",2018,"B17001H_ChildPov","White (Non-Hispanic)",15.6521739130435,11.8806290370211,"Ontario","Bristol town","New York"
"3606908378",2018,"B17001I_ChildPov","Hispanic or Latino (Any Race)",0,0,"Ontario","Bristol town","New York"
"3606908378",2019,"B17001B_ChildPov","Black (Non-Hispanic)",0,0,"Ontario","Bristol town","New York"
"3606908378",2019,"B17001C_ChildPov","Native American (Non-Hispanic)",0,0,"Ontario","Bristol town","New York"
"3606908378",2019,"B17001D_ChildPov","Asian (Non-Hispanic)",0,0,"Ontario","Bristol town","New York"
"3606908378",2019,"B17001E_ChildPov","Pacific Islander (Non-Hispanic)",0,0,"Ontario","Bristol town","New York"
"3606908378",2019,"B17001F_ChildPov","Other (Non-Hispanic)",0,0,"Ontario","Bristol town","New York"
"3606908378",2019,"B17001G_ChildPov","Two or More Races (Non-Hispanic)",0,1039.23048454133,"Ontario","Bristol town","New York"
"3606908378",2019,"B17001H_ChildPov","White (Non-Hispanic)",15.7728706624606,13.4917965027596,"Ontario","Bristol town","New York"
"3606908378",2019,"B17001I_ChildPov","Hispanic or Latino (Any Race)",0,0,"Ontario","Bristol town","New York"
"3606908378",2020,"B17001B_ChildPov","Black (Non-Hispanic)",0,0,"Ontario","Bristol town","New York"
"3606908378",2020,"B17001C_ChildPov","Native American (Non-Hispanic)",0,0,"Ontario","Bristol town","New York"
"3606908378",2020,"B17001D_ChildPov","Asian (Non-Hispanic)",0,0,"Ontario","Bristol town","New York"
"3606908378",2020,"B17001E_ChildPov","Pacific Islander (Non-Hispanic)",0,0,"Ontario","Bristol town","New York"
"3606908378",2020,"B17001F_ChildPov","Other (Non-Hispanic)",0,0,"Ontario","Bristol town","New York"
"3606908378",2020,"B17001G_ChildPov","Two or More Races (Non-Hispanic)",0,346.410161513776,"Ontario","Bristol town","New York"
"3606908378",2020,"B17001H_ChildPov","White (Non-Hispanic)",18.3050847457627,13.3456377400216,"Ontario","Bristol town","New York"
"3606908378",2020,"B17001I_ChildPov","Hispanic or Latino (Any Race)",0,0,"Ontario","Bristol town","New York"
"3606908378",2021,"B17001B_ChildPov","Black (Non-Hispanic)",0,0,"Ontario","Bristol town","New York"
"3606908378",2021,"B17001C_ChildPov","Native American (Non-Hispanic)",0,0,"Ontario","Bristol town","New York"
"3606908378",2021,"B17001D_ChildPov","Asian (Non-Hispanic)",0,0,"Ontario","Bristol town","New York"
"3606908378",2021,"B17001E_ChildPov","Pacific Islander (Non-Hispanic)",0,0,"Ontario","Bristol town","New York"
"3606908378",2021,"B17001F_ChildPov","Other (Non-Hispanic)",0,0,"Ontario","Bristol town","New York"
"3606908378",2021,"B17001G_ChildPov","Two or More Races (Non-Hispanic)",0,1501.11069989303,"Ontario","Bristol town","New York"
"3606908378",2021,"B17001H_ChildPov","White (Non-Hispanic)",12.8654970760234,12.2056830402498,"Ontario","Bristol town","New York"
"3606908378",2021,"B17001I_ChildPov","Hispanic or Latino (Any Race)",0,0,"Ontario","Bristol town","New York"
"3606908378",2022,"B17001B_ChildPov","Black (Non-Hispanic)",0,0,"Ontario","Bristol town","New York"
"3606908378",2022,"B17001C_ChildPov","Native American (Non-Hispanic)",0,0,"Ontario","Bristol town","New York"
"3606908378",2022,"B17001D_ChildPov","Asian (Non-Hispanic)",0,0,"Ontario","Bristol town","New York"
"3606908378",2022,"B17001E_ChildPov","Pacific Islander (Non-Hispanic)",0,0,"Ontario","Bristol town","New York"
"3606908378",2022,"B17001F_ChildPov","Other (Non-Hispanic)",0,0,"Ontario","Bristol town","New York"
"3606908378",2022,"B17001G_ChildPov","Two or More Races (Non-Hispanic)",0,1501.11069989303,"Ontario","Bristol town","New York"
"3606908378",2022,"B17001H_ChildPov","White (Non-Hispanic)",15.0326797385621,12.8519233240271,"Ontario","Bristol town","New York"
"3606908378",2022,"B17001I_ChildPov","Hispanic or Latino (Any Race)",0,0,"Ontario","Bristol town","New York"
"3606908378",2023,"B17001B_ChildPov","Black (Non-Hispanic)",0,0,"Ontario","Bristol town","New York"
"3606908378",2023,"B17001C_ChildPov","Native American (Non-Hispanic)",0,0,"Ontario","Bristol town","New York"
"3606908378",2023,"B17001D_ChildPov","Asian (Non-Hispanic)",0,0,"Ontario","Bristol town","New York"
"3606908378",2023,"B17001E_ChildPov","Pacific Islander (Non-Hispanic)",0,0,"Ontario","Bristol town","New York"
"3606908378",2023,"B17001F_ChildPov","Other (Non-Hispanic)",0,0,"Ontario","Bristol town","New York"
"3606908378",2023,"B17001G_ChildPov","Two or More Races (Non-Hispanic)",0,900.666419935816,"Ontario","Bristol town","New York"
"3606908378",2023,"B17001H_ChildPov","White (Non-Hispanic)",13.4099616858238,17.0698606679642,"Ontario","Bristol town","New York"
"3606908378",2023,"B17001I_ChildPov","Hispanic or Latino (Any Race)",0,0,"Ontario","Bristol town","New York"
"3606908378",2024,"B17001B_ChildPov","Black (Non-Hispanic)",0,0,"Ontario","Bristol town","New York"
"3606908378",2024,"B17001C_ChildPov","Native American (Non-Hispanic)",0,0,"Ontario","Bristol town","New York"
"3606908378",2024,"B17001D_ChildPov","Asian (Non-Hispanic)",0,0,"Ontario","Bristol town","New York"
"3606908378",2024,"B17001E_ChildPov","Pacific Islander (Non-Hispanic)",0,0,"Ontario","Bristol town","New York"
"3606908378",2024,"B17001F_ChildPov","Other (Non-Hispanic)",0,0,"Ontario","Bristol town","New York"
"3606908378",2024,"B17001G_ChildPov","Two or More Races (Non-Hispanic)",0,269.430125621825,"Ontario","Bristol town","New York"
"3606908378",2024,"B17001H_ChildPov","White (Non-Hispanic)",22.9885057471264,19.2488567663706,"Ontario","Bristol town","New York"
"3606908378",2024,"B17001I_ChildPov","Hispanic or Latino (Any Race)",0,323.31615074619,"Ontario","Bristol town","New York"
"3606912100",2017,"B17001B_ChildPov","Black (Non-Hispanic)",0,0,"Ontario","Canadice town","New York"
"3606912100",2017,"B17001C_ChildPov","Native American (Non-Hispanic)",0,0,"Ontario","Canadice town","New York"
"3606912100",2017,"B17001D_ChildPov","Asian (Non-Hispanic)",0,0,"Ontario","Canadice town","New York"
"3606912100",2017,"B17001E_ChildPov","Pacific Islander (Non-Hispanic)",0,0,"Ontario","Canadice town","New York"
"3606912100",2017,"B17001F_ChildPov","Other (Non-Hispanic)",0,952.627944162882,"Ontario","Canadice town","New York"
"3606912100",2017,"B17001G_ChildPov","Two or More Races (Non-Hispanic)",0,0,"Ontario","Canadice town","New York"
"3606912100",2017,"B17001H_ChildPov","White (Non-Hispanic)",15.2892561983471,15.1898139522003,"Ontario","Canadice town","New York"
"3606912100",2017,"B17001I_ChildPov","Hispanic or Latino (Any Race)",0,635.085296108588,"Ontario","Canadice town","New York"
"3606912100",2018,"B17001B_ChildPov","Black (Non-Hispanic)",0,0,"Ontario","Canadice town","New York"
"3606912100",2018,"B17001C_ChildPov","Native American (Non-Hispanic)",0,0,"Ontario","Canadice town","New York"
"3606912100",2018,"B17001D_ChildPov","Asian (Non-Hispanic)",0,0,"Ontario","Canadice town","New York"
"3606912100",2018,"B17001E_ChildPov","Pacific Islander (Non-Hispanic)",0,0,"Ontario","Canadice town","New York"
"3606912100",2018,"B17001F_ChildPov","Other (Non-Hispanic)",0,831.384387633061,"Ontario","Canadice town","New York"
"3606912100",2018,"B17001G_ChildPov","Two or More Races (Non-Hispanic)",0,0,"Ontario","Canadice town","New York"
"3606912100",2018,"B17001H_ChildPov","White (Non-Hispanic)",19.5121951219512,17.4621310304726,"Ontario","Canadice town","New York"
"3606912100",2018,"B17001I_ChildPov","Hispanic or Latino (Any Race)",0,519.615242270663,"Ontario","Canadice town","New York"
"3606912100",2019,"B17001B_ChildPov","Black (Non-Hispanic)",0,0,"Ontario","Canadice town","New York"
"3606912100",2019,"B17001C_ChildPov","Native American (Non-Hispanic)",0,0,"Ontario","Canadice town","New York"
"3606912100",2019,"B17001D_ChildPov","Asian (Non-Hispanic)",0,0,"Ontario","Canadice town","New York"
"3606912100",2019,"B17001E_ChildPov","Pacific Islander (Non-Hispanic)",0,0,"Ontario","Canadice town","New York"
"3606912100",2019,"B17001F_ChildPov","Other (Non-Hispanic)",0,1039.23048454133,"Ontario","Canadice town","New York"
"3606912100",2019,"B17001G_ChildPov","Two or More Races (Non-Hispanic)",0,0,"Ontario","Canadice town","New York"
"3606912100",2019,"B17001H_ChildPov","White (Non-Hispanic)",0,17.4660585637198,"Ontario","Canadice town","New York"
"3606912100",2019,"B17001I_ChildPov","Hispanic or Latino (Any Race)",0,230.94010767585,"Ontario","Canadice town","New York"
"3606912100",2020,"B17001B_ChildPov","Black (Non-Hispanic)",0,0,"Ontario","Canadice town","New York"
"3606912100",2020,"B17001C_ChildPov","Native American (Non-Hispanic)",0,0,"Ontario","Canadice town","New York"
"3606912100",2020,"B17001D_ChildPov","Asian (Non-Hispanic)",0,0,"Ontario","Canadice town","New York"
"3606912100",2020,"B17001E_ChildPov","Pacific Islander (Non-Hispanic)",0,0,"Ontario","Canadice town","New York"
"3606912100",2020,"B17001F_ChildPov","Other (Non-Hispanic)",0,0,"Ontario","Canadice town","New York"
"3606912100",2020,"B17001G_ChildPov","Two or More Races (Non-Hispanic)",0,0,"Ontario","Canadice town","New York"
"3606912100",2020,"B17001H_ChildPov","White (Non-Hispanic)",0,24.4524819892077,"Ontario","Canadice town","New York"
"3606912100",2020,"B17001I_ChildPov","Hispanic or Latino (Any Race)",0,180.73573644197,"Ontario","Canadice town","New York"
"3606912100",2021,"B17001B_ChildPov","Black (Non-Hispanic)",0,0,"Ontario","Canadice town","New York"
"3606912100",2021,"B17001C_ChildPov","Native American (Non-Hispanic)",0,0,"Ontario","Canadice town","New York"
"3606912100",2021,"B17001D_ChildPov","Asian (Non-Hispanic)",0,0,"Ontario","Canadice town","New York"
"3606912100",2021,"B17001E_ChildPov","Pacific Islander (Non-Hispanic)",0,0,"Ontario","Canadice town","New York"
"3606912100",2021,"B17001F_ChildPov","Other (Non-Hispanic)",0,0,"Ontario","Canadice town","New York"
"3606912100",2021,"B17001G_ChildPov","Two or More Races (Non-Hispanic)",0,1501.11069989303,"Ontario","Canadice town","New York"
"3606912100",2021,"B17001H_ChildPov","White (Non-Hispanic)",3.6144578313253,24.9640339087544,"Ontario","Canadice town","New York"
"3606912100",2021,"B17001I_ChildPov","Hispanic or Latino (Any Race)",0,173.205080756888,"Ontario","Canadice town","New York"
"3606912100",2022,"B17001B_ChildPov","Black (Non-Hispanic)",0,0,"Ontario","Canadice town","New York"
"3606912100",2022,"B17001C_ChildPov","Native American (Non-Hispanic)",0,0,"Ontario","Canadice town","New York"
"3606912100",2022,"B17001D_ChildPov","Asian (Non-Hispanic)",0,0,"Ontario","Canadice town","New York"
"3606912100",2022,"B17001E_ChildPov","Pacific Islander (Non-Hispanic)",0,0,"Ontario","Canadice town","New York"
"3606912100",2022,"B17001F_ChildPov","Other (Non-Hispanic)",0,900.666419935816,"Ontario","Canadice town","New York"
"3606912100",2022,"B17001G_ChildPov","Two or More Races (Non-Hispanic)",0,2251.66604983954,"Ontario","Canadice town","New York"
"3606912100",2022,"B17001H_ChildPov","White (Non-Hispanic)",2.68456375838926,27.8267842634326,"Ontario","Canadice town","New York"
"3606912100",2022,"B17001I_ChildPov","Hispanic or Latino (Any Race)",0,104.728653480909,"Ontario","Canadice town","New York"
"3606912100",2023,"B17001B_ChildPov","Black (Non-Hispanic)",0,0,"Ontario","Canadice town","New York"
"3606912100",2023,"B17001C_ChildPov","Native American (Non-Hispanic)",0,0,"Ontario","Canadice town","New York"
"3606912100",2023,"B17001D_ChildPov","Asian (Non-Hispanic)",0,0,"Ontario","Canadice town","New York"
"3606912100",2023,"B17001E_ChildPov","Pacific Islander (Non-Hispanic)",0,0,"Ontario","Canadice town","New York"
"3606912100",2023,"B17001F_ChildPov","Other (Non-Hispanic)",0,750.555349946513,"Ontario","Canadice town","New York"
"3606912100",2023,"B17001G_ChildPov","Two or More Races (Non-Hispanic)",0,2251.66604983954,"Ontario","Canadice town","New York"
"3606912100",2023,"B17001H_ChildPov","White (Non-Hispanic)",3.06748466257669,25.4887832060416,"Ontario","Canadice town","New York"
"3606912100",2023,"B17001I_ChildPov","Hispanic or Latino (Any Race)",0,237.017478930478,"Ontario","Canadice town","New York"
"3606912100",2024,"B17001B_ChildPov","Black (Non-Hispanic)",0,0,"Ontario","Canadice town","New York"
"3606912100",2024,"B17001C_ChildPov","Native American (Non-Hispanic)",0,0,"Ontario","Canadice town","New York"
"3606912100",2024,"B17001D_ChildPov","Asian (Non-Hispanic)",0,0,"Ontario","Canadice town","New York"
"3606912100",2024,"B17001E_ChildPov","Pacific Islander (Non-Hispanic)",0,0,"Ontario","Canadice town","New York"
"3606912100",2024,"B17001F_ChildPov","Other (Non-Hispanic)",0,303.108891324553,"Ontario","Canadice town","New York"
"3606912100",2024,"B17001G_ChildPov","Two or More Races (Non-Hispanic)",0,1616.58075373095,"Ontario","Canadice town","New York"
"3606912100",2024,"B17001H_ChildPov","White (Non-Hispanic)",6.71641791044776,33.5430004206997,"Ontario","Canadice town","New York"
"3606912100",2024,"B17001I_ChildPov","Hispanic or Latino (Any Race)",0,323.31615074619,"Ontario","Canadice town","New York"
"3606912144",2017,"B17001B_ChildPov","Black (Non-Hispanic)",47.6190476190476,217.181006618916,"Ontario","Canandaigua city","New York"
"3606912144",2017,"B17001C_ChildPov","Native American (Non-Hispanic)",100,426.933250052043,"Ontario","Canandaigua city","New York"
"3606912144",2017,"B17001D_ChildPov","Asian (Non-Hispanic)",0,311.769145362398,"Ontario","Canandaigua city","New York"
"3606912144",2017,"B17001E_ChildPov","Pacific Islander (Non-Hispanic)",0,86.6025403784439,"Ontario","Canandaigua city","New York"
"3606912144",2017,"B17001F_ChildPov","Other (Non-Hispanic)",0,1039.23048454133,"Ontario","Canandaigua city","New York"
"3606912144",2017,"B17001G_ChildPov","Two or More Races (Non-Hispanic)",0,519.615242270663,"Ontario","Canandaigua city","New York"
"3606912144",2017,"B17001H_ChildPov","White (Non-Hispanic)",20.736329182458,6.65643998184498,"Ontario","Canandaigua city","New York"
"3606912144",2017,"B17001I_ChildPov","Hispanic or Latino (Any Race)",0,259.807621135332,"Ontario","Canandaigua city","New York"
"3606912144",2018,"B17001B_ChildPov","Black (Non-Hispanic)",45.4545454545455,225.013944425943,"Ontario","Canandaigua city","New York"
"3606912144",2018,"B17001C_ChildPov","Native American (Non-Hispanic)",100,322.605136465733,"Ontario","Canandaigua city","New York"
"3606912144",2018,"B17001D_ChildPov","Asian (Non-Hispanic)",0,598.344824432885,"Ontario","Canandaigua city","New York"
"3606912144",2018,"B17001E_ChildPov","Pacific Islander (Non-Hispanic)",0,0,"Ontario","Canandaigua city","New York"
"3606912144",2018,"B17001F_ChildPov","Other (Non-Hispanic)",0,1316.35861375235,"Ontario","Canandaigua city","New York"
"3606912144",2018,"B17001G_ChildPov","Two or More Races (Non-Hispanic)",0,243.770113657842,"Ontario","Canandaigua city","New York"
"3606912144",2018,"B17001H_ChildPov","White (Non-Hispanic)",16.7022411953042,5.84280280834762,"Ontario","Canandaigua city","New York"
"3606912144",2018,"B17001I_ChildPov","Hispanic or Latino (Any Race)",0,84.3819624200222,"Ontario","Canandaigua city","New York"
"3606912144",2019,"B17001B_ChildPov","Black (Non-Hispanic)",0,598.344824432885,"Ontario","Canandaigua city","New York"
"3606912144",2019,"B17001C_ChildPov","Native American (Non-Hispanic)",100,512.408024401525,"Ontario","Canandaigua city","New York"
"3606912144",2019,"B17001D_ChildPov","Asian (Non-Hispanic)",0,731.310340973526,"Ontario","Canandaigua city","New York"
"3606912144",2019,"B17001E_ChildPov","Pacific Islander (Non-Hispanic)",0,0,"Ontario","Canandaigua city","New York"
"3606912144",2019,"B17001F_ChildPov","Other (Non-Hispanic)",0,548.482755730144,"Ontario","Canandaigua city","New York"
"3606912144",2019,"B17001G_ChildPov","Two or More Races (Non-Hispanic)",0,182.827585243381,"Ontario","Canandaigua city","New York"
"3606912144",2019,"B17001H_ChildPov","White (Non-Hispanic)",17.4603174603175,5.81440771930847,"Ontario","Canandaigua city","New York"
"3606912144",2019,"B17001I_ChildPov","Hispanic or Latino (Any Race)",0,75.652793893813,"Ontario","Canandaigua city","New York"
"3606912144",2020,"B17001B_ChildPov","Black (Non-Hispanic)",0,822.724133595217,"Ontario","Canandaigua city","New York"
"3606912144",2020,"B17001C_ChildPov","Native American (Non-Hispanic)",100,925.562891794321,"Ontario","Canandaigua city","New York"
"3606912144",2020,"B17001D_ChildPov","Asian (Non-Hispanic)",0,1096.96551146029,"Ontario","Canandaigua city","New York"
"3606912144",2020,"B17001E_ChildPov","Pacific Islander (Non-Hispanic)",0,0,"Ontario","Canandaigua city","New York"
"3606912144",2020,"B17001F_ChildPov","Other (Non-Hispanic)",0,387.164298162455,"Ontario","Canandaigua city","New York"
"3606912144",2020,"B17001G_ChildPov","Two or More Races (Non-Hispanic)",0,168.763924840044,"Ontario","Canandaigua city","New York"
"3606912144",2020,"B17001H_ChildPov","White (Non-Hispanic)",10.8974358974359,5.81783821054953,"Ontario","Canandaigua city","New York"
"3606912144",2020,"B17001I_ChildPov","Hispanic or Latino (Any Race)",21.4285714285714,36.4151667760394,"Ontario","Canandaigua city","New York"
"3606912144",2021,"B17001B_ChildPov","Black (Non-Hispanic)",0,0,"Ontario","Canandaigua city","New York"
"3606912144",2021,"B17001C_ChildPov","Native American (Non-Hispanic)",100,1051.40598507643,"Ontario","Canandaigua city","New York"
"3606912144",2021,"B17001D_ChildPov","Asian (Non-Hispanic)",0,989.743318610787,"Ontario","Canandaigua city","New York"
"3606912144",2021,"B17001E_ChildPov","Pacific Islander (Non-Hispanic)",0,0,"Ontario","Canandaigua city","New York"
"3606912144",2021,"B17001F_ChildPov","Other (Non-Hispanic)",0,329.914439536929,"Ontario","Canandaigua city","New York"
"3606912144",2021,"B17001G_ChildPov","Two or More Races (Non-Hispanic)",23.8805970149254,100.052608544351,"Ontario","Canandaigua city","New York"
"3606912144",2021,"B17001H_ChildPov","White (Non-Hispanic)",3.33988212180747,4.36573623700736,"Ontario","Canandaigua city","New York"
"3606912144",2021,"B17001I_ChildPov","Hispanic or Latino (Any Race)",14.8325358851675,34.2867255056526,"Ontario","Canandaigua city","New York"
"3606912144",2022,"B17001B_ChildPov","Black (Non-Hispanic)",0,0,"Ontario","Canandaigua city","New York"
"3606912144",2022,"B17001C_ChildPov","Native American (Non-Hispanic)",0,0,"Ontario","Canandaigua city","New York"
"3606912144",2022,"B17001D_ChildPov","Asian (Non-Hispanic)",0,0,"Ontario","Canandaigua city","New York"
"3606912144",2022,"B17001E_ChildPov","Pacific Islander (Non-Hispanic)",0,0,"Ontario","Canandaigua city","New York"
"3606912144",2022,"B17001F_ChildPov","Other (Non-Hispanic)",0,427.918434811134,"Ontario","Canandaigua city","New York"
"3606912144",2022,"B17001G_ChildPov","Two or More Races (Non-Hispanic)",24.6753246753247,95.1443645928405,"Ontario","Canandaigua city","New York"
"3606912144",2022,"B17001H_ChildPov","White (Non-Hispanic)",4.78229835831549,5.23209035113271,"Ontario","Canandaigua city","New York"
"3606912144",2022,"B17001I_ChildPov","Hispanic or Latino (Any Race)",17.3913043478261,44.8818289861134,"Ontario","Canandaigua city","New York"
"3606912144",2023,"B17001B_ChildPov","Black (Non-Hispanic)",0,0,"Ontario","Canandaigua city","New York"
"3606912144",2023,"B17001C_ChildPov","Native American (Non-Hispanic)",0,0,"Ontario","Canandaigua city","New York"
"3606912144",2023,"B17001D_ChildPov","Asian (Non-Hispanic)",0,0,"Ontario","Canandaigua city","New York"
"3606912144",2023,"B17001E_ChildPov","Pacific Islander (Non-Hispanic)",0,0,"Ontario","Canandaigua city","New York"
"3606912144",2023,"B17001F_ChildPov","Other (Non-Hispanic)",0,427.918434811134,"Ontario","Canandaigua city","New York"
"3606912144",2023,"B17001G_ChildPov","Two or More Races (Non-Hispanic)",18.705035971223,46.7212776612092,"Ontario","Canandaigua city","New York"
"3606912144",2023,"B17001H_ChildPov","White (Non-Hispanic)",6.58771280532939,5.86503885234712,"Ontario","Canandaigua city","New York"
"3606912144",2023,"B17001I_ChildPov","Hispanic or Latino (Any Race)",12.3853211009174,33.0293736441762,"Ontario","Canandaigua city","New York"
"3606912144",2024,"B17001B_ChildPov","Black (Non-Hispanic)",0,0,"Ontario","Canandaigua city","New York"
"3606912144",2024,"B17001C_ChildPov","Native American (Non-Hispanic)",0,0,"Ontario","Canandaigua city","New York"
"3606912144",2024,"B17001D_ChildPov","Asian (Non-Hispanic)",0,0,"Ontario","Canandaigua city","New York"
"3606912144",2024,"B17001E_ChildPov","Pacific Islander (Non-Hispanic)",0,0,"Ontario","Canandaigua city","New York"
"3606912144",2024,"B17001F_ChildPov","Other (Non-Hispanic)",0,1454.92267835786,"Ontario","Canandaigua city","New York"
"3606912144",2024,"B17001G_ChildPov","Two or More Races (Non-Hispanic)",22.0994475138122,38.4336027124329,"Ontario","Canandaigua city","New York"
"3606912144",2024,"B17001H_ChildPov","White (Non-Hispanic)",9.00967982129561,5.55437073548396,"Ontario","Canandaigua city","New York"
"3606912144",2024,"B17001I_ChildPov","Hispanic or Latino (Any Race)",16.0919540229885,41.7147118238286,"Ontario","Canandaigua city","New York"
"3606912155",2017,"B17001B_ChildPov","Black (Non-Hispanic)",0,0,"Ontario","Canandaigua town","New York"
"3606912155",2017,"B17001C_ChildPov","Native American (Non-Hispanic)",0,0,"Ontario","Canandaigua town","New York"
"3606912155",2017,"B17001D_ChildPov","Asian (Non-Hispanic)",0,479.644839019074,"Ontario","Canandaigua town","New York"
"3606912155",2017,"B17001E_ChildPov","Pacific Islander (Non-Hispanic)",0,0,"Ontario","Canandaigua town","New York"
"3606912155",2017,"B17001F_ChildPov","Other (Non-Hispanic)",0,201.141384104773,"Ontario","Canandaigua town","New York"
"3606912155",2017,"B17001G_ChildPov","Two or More Races (Non-Hispanic)",50,123.992479401361,"Ontario","Canandaigua town","New York"
"3606912155",2017,"B17001H_ChildPov","White (Non-Hispanic)",6.07966457023061,3.68551425686491,"Ontario","Canandaigua town","New York"
"3606912155",2017,"B17001I_ChildPov","Hispanic or Latino (Any Race)",0,113.370598313599,"Ontario","Canandaigua town","New York"
"3606912155",2018,"B17001B_ChildPov","Black (Non-Hispanic)",0,0,"Ontario","Canandaigua town","New York"
"3606912155",2018,"B17001C_ChildPov","Native American (Non-Hispanic)",100,1101.36279218067,"Ontario","Canandaigua town","New York"
"3606912155",2018,"B17001D_ChildPov","Asian (Non-Hispanic)",0,470.128076340124,"Ontario","Canandaigua town","New York"
"3606912155",2018,"B17001E_ChildPov","Pacific Islander (Non-Hispanic)",0,0,"Ontario","Canandaigua town","New York"
"3606912155",2018,"B17001F_ChildPov","Other (Non-Hispanic)",0,365.655170486763,"Ontario","Canandaigua town","New York"
"3606912155",2018,"B17001G_ChildPov","Two or More Races (Non-Hispanic)",28.3018867924528,109.053410500722,"Ontario","Canandaigua town","New York"
"3606912155",2018,"B17001H_ChildPov","White (Non-Hispanic)",4.67899891186072,3.69329799058484,"Ontario","Canandaigua town","New York"
"3606912155",2018,"B17001I_ChildPov","Hispanic or Latino (Any Race)",0,109.696551146029,"Ontario","Canandaigua town","New York"
"3606912155",2019,"B17001B_ChildPov","Black (Non-Hispanic)",0,0,"Ontario","Canandaigua town","New York"
"3606912155",2019,"B17001C_ChildPov","Native American (Non-Hispanic)",100,513.495555920802,"Ontario","Canandaigua town","New York"
"3606912155",2019,"B17001D_ChildPov","Asian (Non-Hispanic)",0,411.362066797608,"Ontario","Canandaigua town","New York"
"3606912155",2019,"B17001E_ChildPov","Pacific Islander (Non-Hispanic)",0,0,"Ontario","Canandaigua town","New York"
"3606912155",2019,"B17001F_ChildPov","Other (Non-Hispanic)",0,235.064038170062,"Ontario","Canandaigua town","New York"
"3606912155",2019,"B17001G_ChildPov","Two or More Races (Non-Hispanic)",0,182.827585243381,"Ontario","Canandaigua town","New York"
"3606912155",2019,"B17001H_ChildPov","White (Non-Hispanic)",1.69306389950847,3.4514358947175,"Ontario","Canandaigua town","New York"
"3606912155",2019,"B17001I_ChildPov","Hispanic or Latino (Any Race)",0,84.3819624200222,"Ontario","Canandaigua town","New York"
"3606912155",2020,"B17001B_ChildPov","Black (Non-Hispanic)",0,0,"Ontario","Canandaigua town","New York"
"3606912155",2020,"B17001C_ChildPov","Native American (Non-Hispanic)",100,1104.17389934738,"Ontario","Canandaigua town","New York"
"3606912155",2020,"B17001D_ChildPov","Asian (Non-Hispanic)",0,470.128076340124,"Ontario","Canandaigua town","New York"
"3606912155",2020,"B17001E_ChildPov","Pacific Islander (Non-Hispanic)",0,0,"Ontario","Canandaigua town","New York"
"3606912155",2020,"B17001F_ChildPov","Other (Non-Hispanic)",0,263.271722750469,"Ontario","Canandaigua town","New York"
"3606912155",2020,"B17001G_ChildPov","Two or More Races (Non-Hispanic)",13.2352941176471,94.2078012438258,"Ontario","Canandaigua town","New York"
"3606912155",2020,"B17001H_ChildPov","White (Non-Hispanic)",0.954907161803713,3.35159935249796,"Ontario","Canandaigua town","New York"
"3606912155",2020,"B17001I_ChildPov","Hispanic or Latino (Any Race)",17.3913043478261,94.2750923017395,"Ontario","Canandaigua town","New York"
"3606912155",2021,"B17001B_ChildPov","Black (Non-Hispanic)",0,0,"Ontario","Canandaigua town","New York"
"3606912155",2021,"B17001C_ChildPov","Native American (Non-Hispanic)",100,1646.88946136624,"Ontario","Canandaigua town","New York"
"3606912155",2021,"B17001D_ChildPov","Asian (Non-Hispanic)",0,692.820323027551,"Ontario","Canandaigua town","New York"
"3606912155",2021,"B17001E_ChildPov","Pacific Islander (Non-Hispanic)",0,0,"Ontario","Canandaigua town","New York"
"3606912155",2021,"B17001F_ChildPov","Other (Non-Hispanic)",0,230.94010767585,"Ontario","Canandaigua town","New York"
"3606912155",2021,"B17001G_ChildPov","Two or More Races (Non-Hispanic)",8.03571428571429,60.8939949578306,"Ontario","Canandaigua town","New York"
"3606912155",2021,"B17001H_ChildPov","White (Non-Hispanic)",0.833333333333333,3.38883424586311,"Ontario","Canandaigua town","New York"
"3606912155",2021,"B17001I_ChildPov","Hispanic or Latino (Any Race)",14.4,57.5296936254661,"Ontario","Canandaigua town","New York"
"3606912155",2022,"B17001B_ChildPov","Black (Non-Hispanic)",0,0,"Ontario","Canandaigua town","New York"
"3606912155",2022,"B17001C_ChildPov","Native American (Non-Hispanic)",100,1329.81016003353,"Ontario","Canandaigua town","New York"
"3606912155",2022,"B17001D_ChildPov","Asian (Non-Hispanic)",0,0,"Ontario","Canandaigua town","New York"
"3606912155",2022,"B17001E_ChildPov","Pacific Islander (Non-Hispanic)",0,0,"Ontario","Canandaigua town","New York"
"3606912155",2022,"B17001F_ChildPov","Other (Non-Hispanic)",0,242.487113059643,"Ontario","Canandaigua town","New York"
"3606912155",2022,"B17001G_ChildPov","Two or More Races (Non-Hispanic)",9.4017094017094,61.2615005544812,"Ontario","Canandaigua town","New York"
"3606912155",2022,"B17001H_ChildPov","White (Non-Hispanic)",1.73228346456693,3.96194421675534,"Ontario","Canandaigua town","New York"
"3606912155",2022,"B17001I_ChildPov","Hispanic or Latino (Any Race)",13.9130434782609,63.8322542324854,"Ontario","Canandaigua town","New York"
"3606912155",2023,"B17001B_ChildPov","Black (Non-Hispanic)",0,0,"Ontario","Canandaigua town","New York"
"3606912155",2023,"B17001C_ChildPov","Native American (Non-Hispanic)",0,0,"Ontario","Canandaigua town","New York"
"3606912155",2023,"B17001D_ChildPov","Asian (Non-Hispanic)",0,0,"Ontario","Canandaigua town","New York"
"3606912155",2023,"B17001E_ChildPov","Pacific Islander (Non-Hispanic)",0,0,"Ontario","Canandaigua town","New York"
"3606912155",2023,"B17001F_ChildPov","Other (Non-Hispanic)",0,909.326673973661,"Ontario","Canandaigua town","New York"
"3606912155",2023,"B17001G_ChildPov","Two or More Races (Non-Hispanic)",7.27272727272727,64.6902957887586,"Ontario","Canandaigua town","New York"
"3606912155",2023,"B17001H_ChildPov","White (Non-Hispanic)",2.43778567800914,3.937535162653,"Ontario","Canandaigua town","New York"
"3606912155",2023,"B17001I_ChildPov","Hispanic or Latino (Any Race)",17.4418604651163,83.3481696950002,"Ontario","Canandaigua town","New York"
"3606912155",2024,"B17001B_ChildPov","Black (Non-Hispanic)",0,0,"Ontario","Canandaigua town","New York"
"3606912155",2024,"B17001C_ChildPov","Native American (Non-Hispanic)",0,0,"Ontario","Canandaigua town","New York"
"3606912155",2024,"B17001D_ChildPov","Asian (Non-Hispanic)",0,0,"Ontario","Canandaigua town","New York"
"3606912155",2024,"B17001E_ChildPov","Pacific Islander (Non-Hispanic)",0,0,"Ontario","Canandaigua town","New York"
"3606912155",2024,"B17001F_ChildPov","Other (Non-Hispanic)",100,492.857142857143,"Ontario","Canandaigua town","New York"
"3606912155",2024,"B17001G_ChildPov","Two or More Races (Non-Hispanic)",6.2992125984252,55.7049594818777,"Ontario","Canandaigua town","New York"
"3606912155",2024,"B17001H_ChildPov","White (Non-Hispanic)",3.29977628635347,3.96353033545148,"Ontario","Canandaigua town","New York"
"3606912155",2024,"B17001I_ChildPov","Hispanic or Latino (Any Race)",16.8224299065421,68.8271424851338,"Ontario","Canandaigua town","New York"
"3606921699",2017,"B17001B_ChildPov","Black (Non-Hispanic)",38.8888888888889,147.84079486023,"Ontario","East Bloomfield town","New York"
"3606921699",2017,"B17001C_ChildPov","Native American (Non-Hispanic)",0,0,"Ontario","East Bloomfield town","New York"
"3606921699",2017,"B17001D_ChildPov","Asian (Non-Hispanic)",0,0,"Ontario","East Bloomfield town","New York"
"3606921699",2017,"B17001E_ChildPov","Pacific Islander (Non-Hispanic)",0,0,"Ontario","East Bloomfield town","New York"
"3606921699",2017,"B17001F_ChildPov","Other (Non-Hispanic)",0,0,"Ontario","East Bloomfield town","New York"
"3606921699",2017,"B17001G_ChildPov","Two or More Races (Non-Hispanic)",77.7777777777778,595.495717977513,"Ontario","East Bloomfield town","New York"
"3606921699",2017,"B17001H_ChildPov","White (Non-Hispanic)",12.2347066167291,6.51261293377419,"Ontario","East Bloomfield town","New York"
"3606921699",2017,"B17001I_ChildPov","Hispanic or Latino (Any Race)",58.3333333333333,135.958673141764,"Ontario","East Bloomfield town","New York"
"3606921699",2018,"B17001B_ChildPov","Black (Non-Hispanic)",43.75,169.875622296965,"Ontario","East Bloomfield town","New York"
"3606921699",2018,"B17001C_ChildPov","Native American (Non-Hispanic)",0,0,"Ontario","East Bloomfield town","New York"
"3606921699",2018,"B17001D_ChildPov","Asian (Non-Hispanic)",0,0,"Ontario","East Bloomfield town","New York"
"3606921699",2018,"B17001E_ChildPov","Pacific Islander (Non-Hispanic)",0,0,"Ontario","East Bloomfield town","New York"
"3606921699",2018,"B17001F_ChildPov","Other (Non-Hispanic)",0,0,"Ontario","East Bloomfield town","New York"
"3606921699",2018,"B17001G_ChildPov","Two or More Races (Non-Hispanic)",77.7777777777778,675.870396275876,"Ontario","East Bloomfield town","New York"
"3606921699",2018,"B17001H_ChildPov","White (Non-Hispanic)",8.92857142857143,6.31958129636408,"Ontario","East Bloomfield town","New York"
"3606921699",2018,"B17001I_ChildPov","Hispanic or Latino (Any Race)",58.3333333333333,149.586299361907,"Ontario","East Bloomfield town","New York"
"3606921699",2019,"B17001B_ChildPov","Black (Non-Hispanic)",0,461.880215351701,"Ontario","East Bloomfield town","New York"
"3606921699",2019,"B17001C_ChildPov","Native American (Non-Hispanic)",0,0,"Ontario","East Bloomfield town","New York"
"3606921699",2019,"B17001D_ChildPov","Asian (Non-Hispanic)",0,0,"Ontario","East Bloomfield town","New York"
"3606921699",2019,"B17001E_ChildPov","Pacific Islander (Non-Hispanic)",0,0,"Ontario","East Bloomfield town","New York"
"3606921699",2019,"B17001F_ChildPov","Other (Non-Hispanic)",0,0,"Ontario","East Bloomfield town","New York"
"3606921699",2019,"B17001G_ChildPov","Two or More Races (Non-Hispanic)",75,746.77692870763,"Ontario","East Bloomfield town","New York"
"3606921699",2019,"B17001H_ChildPov","White (Non-Hispanic)",8.23211875843455,6.48250057904724,"Ontario","East Bloomfield town","New York"
"3606921699",2019,"B17001I_ChildPov","Hispanic or Latino (Any Race)",0,461.880215351701,"Ontario","East Bloomfield town","New York"
"3606921699",2020,"B17001B_ChildPov","Black (Non-Hispanic)",0,0,"Ontario","East Bloomfield town","New York"
"3606921699",2020,"B17001C_ChildPov","Native American (Non-Hispanic)",0,0,"Ontario","East Bloomfield town","New York"
"3606921699",2020,"B17001D_ChildPov","Asian (Non-Hispanic)",0,0,"Ontario","East Bloomfield town","New York"
"3606921699",2020,"B17001E_ChildPov","Pacific Islander (Non-Hispanic)",0,0,"Ontario","East Bloomfield town","New York"
"3606921699",2020,"B17001F_ChildPov","Other (Non-Hispanic)",0,0,"Ontario","East Bloomfield town","New York"
"3606921699",2020,"B17001G_ChildPov","Two or More Races (Non-Hispanic)",100,398.559907667593,"Ontario","East Bloomfield town","New York"
"3606921699",2020,"B17001H_ChildPov","White (Non-Hispanic)",8.85416666666667,7.31814475435709,"Ontario","East Bloomfield town","New York"
"3606921699",2020,"B17001I_ChildPov","Hispanic or Latino (Any Race)",0,0,"Ontario","East Bloomfield town","New York"
"3606921699",2021,"B17001B_ChildPov","Black (Non-Hispanic)",0,0,"Ontario","East Bloomfield town","New York"
"3606921699",2021,"B17001C_ChildPov","Native American (Non-Hispanic)",0,0,"Ontario","East Bloomfield town","New York"
"3606921699",2021,"B17001D_ChildPov","Asian (Non-Hispanic)",0,0,"Ontario","East Bloomfield town","New York"
"3606921699",2021,"B17001E_ChildPov","Pacific Islander (Non-Hispanic)",0,0,"Ontario","East Bloomfield town","New York"
"3606921699",2021,"B17001F_ChildPov","Other (Non-Hispanic)",0,0,"Ontario","East Bloomfield town","New York"
"3606921699",2021,"B17001G_ChildPov","Two or More Races (Non-Hispanic)",100,468.053494885012,"Ontario","East Bloomfield town","New York"
"3606921699",2021,"B17001H_ChildPov","White (Non-Hispanic)",5.31914893617021,6.38508501360084,"Ontario","East Bloomfield town","New York"
"3606921699",2021,"B17001I_ChildPov","Hispanic or Latino (Any Race)",0,0,"Ontario","East Bloomfield town","New York"
"3606921699",2022,"B17001B_ChildPov","Black (Non-Hispanic)",0,0,"Ontario","East Bloomfield town","New York"
"3606921699",2022,"B17001C_ChildPov","Native American (Non-Hispanic)",0,0,"Ontario","East Bloomfield town","New York"
"3606921699",2022,"B17001D_ChildPov","Asian (Non-Hispanic)",0,0,"Ontario","East Bloomfield town","New York"
"3606921699",2022,"B17001E_ChildPov","Pacific Islander (Non-Hispanic)",0,0,"Ontario","East Bloomfield town","New York"
"3606921699",2022,"B17001F_ChildPov","Other (Non-Hispanic)",0,0,"Ontario","East Bloomfield town","New York"
"3606921699",2022,"B17001G_ChildPov","Two or More Races (Non-Hispanic)",0,1125.83302491977,"Ontario","East Bloomfield town","New York"
"3606921699",2022,"B17001H_ChildPov","White (Non-Hispanic)",5.22696011004127,7.48709368036624,"Ontario","East Bloomfield town","New York"
"3606921699",2022,"B17001I_ChildPov","Hispanic or Latino (Any Race)",0,2251.66604983954,"Ontario","East Bloomfield town","New York"
"3606921699",2023,"B17001B_ChildPov","Black (Non-Hispanic)",0,0,"Ontario","East Bloomfield town","New York"
"3606921699",2023,"B17001C_ChildPov","Native American (Non-Hispanic)",0,0,"Ontario","East Bloomfield town","New York"
"3606921699",2023,"B17001D_ChildPov","Asian (Non-Hispanic)",0,500.370233297676,"Ontario","East Bloomfield town","New York"
"3606921699",2023,"B17001E_ChildPov","Pacific Islander (Non-Hispanic)",0,0,"Ontario","East Bloomfield town","New York"
"3606921699",2023,"B17001F_ChildPov","Other (Non-Hispanic)",0,0,"Ontario","East Bloomfield town","New York"
"3606921699",2023,"B17001G_ChildPov","Two or More Races (Non-Hispanic)",0,643.333157097012,"Ontario","East Bloomfield town","New York"
"3606921699",2023,"B17001H_ChildPov","White (Non-Hispanic)",1.19940029985008,6.74544088313521,"Ontario","East Bloomfield town","New York"
"3606921699",2023,"B17001I_ChildPov","Hispanic or Latino (Any Race)",0,1501.11069989303,"Ontario","East Bloomfield town","New York"
"3606921699",2024,"B17001B_ChildPov","Black (Non-Hispanic)",0,0,"Ontario","East Bloomfield town","New York"
"3606921699",2024,"B17001C_ChildPov","Native American (Non-Hispanic)",0,0,"Ontario","East Bloomfield town","New York"
"3606921699",2024,"B17001D_ChildPov","Asian (Non-Hispanic)",0,606.217782649107,"Ontario","East Bloomfield town","New York"
"3606921699",2024,"B17001E_ChildPov","Pacific Islander (Non-Hispanic)",0,0,"Ontario","East Bloomfield town","New York"
"3606921699",2024,"B17001F_ChildPov","Other (Non-Hispanic)",0,0,"Ontario","East Bloomfield town","New York"
"3606921699",2024,"B17001G_ChildPov","Two or More Races (Non-Hispanic)",0,969.948452238571,"Ontario","East Bloomfield town","New York"
"3606921699",2024,"B17001H_ChildPov","White (Non-Hispanic)",0.941915227629513,7.48739618621921,"Ontario","East Bloomfield town","New York"
"3606921699",2024,"B17001I_ChildPov","Hispanic or Latino (Any Race)",0,1616.58075373095,"Ontario","East Bloomfield town","New York"
"3606925406",2017,"B17001B_ChildPov","Black (Non-Hispanic)",2.22222222222222,44.4023608105314,"Ontario","Farmington town","New York"
"3606925406",2017,"B17001C_ChildPov","Native American (Non-Hispanic)",0,127.252712392815,"Ontario","Farmington town","New York"
"3606925406",2017,"B17001D_ChildPov","Asian (Non-Hispanic)",0,0,"Ontario","Farmington town","New York"
"3606925406",2017,"B17001E_ChildPov","Pacific Islander (Non-Hispanic)",0,0,"Ontario","Farmington town","New York"
"3606925406",2017,"B17001F_ChildPov","Other (Non-Hispanic)",59.0909090909091,94.290229670836,"Ontario","Farmington town","New York"
"3606925406",2017,"B17001G_ChildPov","Two or More Races (Non-Hispanic)",0,98.9743318610787,"Ontario","Farmington town","New York"
"3606925406",2017,"B17001H_ChildPov","White (Non-Hispanic)",7.86259541984733,3.44654627349378,"Ontario","Farmington town","New York"
"3606925406",2017,"B17001I_ChildPov","Hispanic or Latino (Any Race)",16.9139465875371,21.9250723538468,"Ontario","Farmington town","New York"
"3606925406",2018,"B17001B_ChildPov","Black (Non-Hispanic)",0,53.5105127541604,"Ontario","Farmington town","New York"
"3606925406",2018,"B17001C_ChildPov","Native American (Non-Hispanic)",0,115.470053837925,"Ontario","Farmington town","New York"
"3606925406",2018,"B17001D_ChildPov","Asian (Non-Hispanic)",0,0,"Ontario","Farmington town","New York"
"3606925406",2018,"B17001E_ChildPov","Pacific Islander (Non-Hispanic)",0,0,"Ontario","Farmington town","New York"
"3606925406",2018,"B17001F_ChildPov","Other (Non-Hispanic)",0,387.164298162455,"Ontario","Farmington town","New York"
"3606925406",2018,"B17001G_ChildPov","Two or More Races (Non-Hispanic)",0,113.47919084072,"Ontario","Farmington town","New York"
"3606925406",2018,"B17001H_ChildPov","White (Non-Hispanic)",9.54662734979727,4.01425724788105,"Ontario","Farmington town","New York"
"3606925406",2018,"B17001I_ChildPov","Hispanic or Latino (Any Race)",22.5913621262458,27.7660826290973,"Ontario","Farmington town","New York"
"3606925406",2019,"B17001B_ChildPov","Black (Non-Hispanic)",0,42.4631810887854,"Ontario","Farmington town","New York"
"3606925406",2019,"B17001C_ChildPov","Native American (Non-Hispanic)",0,156.709358780041,"Ontario","Farmington town","New York"
"3606925406",2019,"B17001D_ChildPov","Asian (Non-Hispanic)",0,0,"Ontario","Farmington town","New York"
"3606925406",2019,"B17001E_ChildPov","Pacific Islander (Non-Hispanic)",0,0,"Ontario","Farmington town","New York"
"3606925406",2019,"B17001F_ChildPov","Other (Non-Hispanic)",0,506.291774520133,"Ontario","Farmington town","New York"
"3606925406",2019,"B17001G_ChildPov","Two or More Races (Non-Hispanic)",0,62.6837435120165,"Ontario","Farmington town","New York"
"3606925406",2019,"B17001H_ChildPov","White (Non-Hispanic)",10.3920118343195,4.60906213449367,"Ontario","Farmington town","New York"
"3606925406",2019,"B17001I_ChildPov","Hispanic or Latino (Any Race)",0,26.3271722750469,"Ontario","Farmington town","New York"
"3606925406",2020,"B17001B_ChildPov","Black (Non-Hispanic)",0,49.1178587221025,"Ontario","Farmington town","New York"
"3606925406",2020,"B17001C_ChildPov","Native American (Non-Hispanic)",0,253.145887260067,"Ontario","Farmington town","New York"
"3606925406",2020,"B17001D_ChildPov","Asian (Non-Hispanic)",0,0,"Ontario","Farmington town","New York"
"3606925406",2020,"B17001E_ChildPov","Pacific Islander (Non-Hispanic)",0,0,"Ontario","Farmington town","New York"
"3606925406",2020,"B17001F_ChildPov","Other (Non-Hispanic)",0,731.310340973526,"Ontario","Farmington town","New York"
"3606925406",2020,"B17001G_ChildPov","Two or More Races (Non-Hispanic)",0,40.628352276307,"Ontario","Farmington town","New York"
"3606925406",2020,"B17001H_ChildPov","White (Non-Hispanic)",15.8724471515586,5.39305778965813,"Ontario","Farmington town","New York"
"3606925406",2020,"B17001I_ChildPov","Hispanic or Latino (Any Race)",0,43.0182553513839,"Ontario","Farmington town","New York"
"3606925406",2021,"B17001B_ChildPov","Black (Non-Hispanic)",0,87.6987750667786,"Ontario","Farmington town","New York"
"3606925406",2021,"B17001C_ChildPov","Native American (Non-Hispanic)",0,0,"Ontario","Farmington town","New York"
"3606925406",2021,"B17001D_ChildPov","Asian (Non-Hispanic)",0,0,"Ontario","Farmington town","New York"
"3606925406",2021,"B17001E_ChildPov","Pacific Islander (Non-Hispanic)",0,0,"Ontario","Farmington town","New York"
"3606925406",2021,"B17001F_ChildPov","Other (Non-Hispanic)",0,769.800358919501,"Ontario","Farmington town","New York"
"3606925406",2021,"B17001G_ChildPov","Two or More Races (Non-Hispanic)",0,32.6802039163939,"Ontario","Farmington town","New York"
"3606925406",2021,"B17001H_ChildPov","White (Non-Hispanic)",13.6316337148803,5.82160829200799,"Ontario","Farmington town","New York"
"3606925406",2021,"B17001I_ChildPov","Hispanic or Latino (Any Race)",0,47.1306342195613,"Ontario","Farmington town","New York"
"3606925406",2022,"B17001B_ChildPov","Black (Non-Hispanic)",0,382.874389041541,"Ontario","Farmington town","New York"
"3606925406",2022,"B17001C_ChildPov","Native American (Non-Hispanic)",0,0,"Ontario","Farmington town","New York"
"3606925406",2022,"B17001D_ChildPov","Asian (Non-Hispanic)",0,0,"Ontario","Farmington town","New York"
"3606925406",2022,"B17001E_ChildPov","Pacific Islander (Non-Hispanic)",0,0,"Ontario","Farmington town","New York"
"3606925406",2022,"B17001F_ChildPov","Other (Non-Hispanic)",0,0,"Ontario","Farmington town","New York"
"3606925406",2022,"B17001G_ChildPov","Two or More Races (Non-Hispanic)",0,19.2960567421466,"Ontario","Farmington town","New York"
"3606925406",2022,"B17001H_ChildPov","White (Non-Hispanic)",11.8361153262519,5.84741000747378,"Ontario","Farmington town","New York"
"3606925406",2022,"B17001I_ChildPov","Hispanic or Latino (Any Race)",0,35.485918984338,"Ontario","Farmington town","New York"
"3606925406",2023,"B17001B_ChildPov","Black (Non-Hispanic)",0,71.3197391351891,"Ontario","Farmington town","New York"
"3606925406",2023,"B17001C_ChildPov","Native American (Non-Hispanic)",0,0,"Ontario","Farmington town","New York"
"3606925406",2023,"B17001D_ChildPov","Asian (Non-Hispanic)",0,234.664948122235,"Ontario","Farmington town","New York"
"3606925406",2023,"B17001E_ChildPov","Pacific Islander (Non-Hispanic)",0,0,"Ontario","Farmington town","New York"
"3606925406",2023,"B17001F_ChildPov","Other (Non-Hispanic)",0,0,"Ontario","Farmington town","New York"
"3606925406",2023,"B17001G_ChildPov","Two or More Races (Non-Hispanic)",2.58964143426295,14.4578909432738,"Ontario","Farmington town","New York"
"3606925406",2023,"B17001H_ChildPov","White (Non-Hispanic)",11.4308238076468,5.82876621448396,"Ontario","Farmington town","New York"
"3606925406",2023,"B17001I_ChildPov","Hispanic or Latino (Any Race)",5.2,28.9429783346497,"Ontario","Farmington town","New York"
"3606925406",2024,"B17001B_ChildPov","Black (Non-Hispanic)",0,66.7395724017366,"Ontario","Farmington town","New York"
"3606925406",2024,"B17001C_ChildPov","Native American (Non-Hispanic)",0,0,"Ontario","Farmington town","New York"
"3606925406",2024,"B17001D_ChildPov","Asian (Non-Hispanic)",0,151.554445662277,"Ontario","Farmington town","New York"
"3606925406",2024,"B17001E_ChildPov","Pacific Islander (Non-Hispanic)",0,0,"Ontario","Farmington town","New York"
"3606925406",2024,"B17001F_ChildPov","Other (Non-Hispanic)",0,661.328490162662,"Ontario","Farmington town","New York"
"3606925406",2024,"B17001G_ChildPov","Two or More Races (Non-Hispanic)",4.85436893203883,15.2932234274506,"Ontario","Farmington town","New York"
"3606925406",2024,"B17001H_ChildPov","White (Non-Hispanic)",10.4663973558575,5.52466803698893,"Ontario","Farmington town","New York"
"3606925406",2024,"B17001I_ChildPov","Hispanic or Latino (Any Race)",8.50340136054422,26.5207220496438,"Ontario","Farmington town","New York"
"3606928640",2017,"B17001B_ChildPov","Black (Non-Hispanic)",38.8888888888889,21.20146148642,"Ontario","Geneva city","New York"
"3606928640",2017,"B17001C_ChildPov","Native American (Non-Hispanic)",0,779.422863405995,"Ontario","Geneva city","New York"
"3606928640",2017,"B17001D_ChildPov","Asian (Non-Hispanic)",90.2777777777778,158.100529121894,"Ontario","Geneva city","New York"
"3606928640",2017,"B17001E_ChildPov","Pacific Islander (Non-Hispanic)",0,0,"Ontario","Geneva city","New York"
"3606928640",2017,"B17001F_ChildPov","Other (Non-Hispanic)",29.0123456790123,34.0576698495184,"Ontario","Geneva city","New York"
"3606928640",2017,"B17001G_ChildPov","Two or More Races (Non-Hispanic)",4.9079754601227,37.0992335165055,"Ontario","Geneva city","New York"
"3606928640",2017,"B17001H_ChildPov","White (Non-Hispanic)",21.4094558429973,9.04183267689504,"Ontario","Geneva city","New York"
"3606928640",2017,"B17001I_ChildPov","Hispanic or Latino (Any Race)",39.6358543417367,11.5691023775023,"Ontario","Geneva city","New York"
"3606928640",2018,"B17001B_ChildPov","Black (Non-Hispanic)",42.9292929292929,18.9687135318683,"Ontario","Geneva city","New York"
"3606928640",2018,"B17001C_ChildPov","Native American (Non-Hispanic)",0,0,"Ontario","Geneva city","New York"
"3606928640",2018,"B17001D_ChildPov","Asian (Non-Hispanic)",91.566265060241,144.787350609577,"Ontario","Geneva city","New York"
"3606928640",2018,"B17001E_ChildPov","Pacific Islander (Non-Hispanic)",0,0,"Ontario","Geneva city","New York"
"3606928640",2018,"B17001F_ChildPov","Other (Non-Hispanic)",38.7596899224806,42.5650257599648,"Ontario","Geneva city","New York"
"3606928640",2018,"B17001G_ChildPov","Two or More Races (Non-Hispanic)",24.4979919678715,28.3448474719394,"Ontario","Geneva city","New York"
"3606928640",2018,"B17001H_ChildPov","White (Non-Hispanic)",20.3335980937252,8.04826460068915,"Ontario","Geneva city","New York"
"3606928640",2018,"B17001I_ChildPov","Hispanic or Latino (Any Race)",31.6476345840131,13.1393888345626,"Ontario","Geneva city","New York"
"3606928640",2019,"B17001B_ChildPov","Black (Non-Hispanic)",38.0090497737557,21.1606697077801,"Ontario","Geneva city","New York"
"3606928640",2019,"B17001C_ChildPov","Native American (Non-Hispanic)",0,0,"Ontario","Geneva city","New York"
"3606928640",2019,"B17001D_ChildPov","Asian (Non-Hispanic)",0,346.410161513775,"Ontario","Geneva city","New York"
"3606928640",2019,"B17001E_ChildPov","Pacific Islander (Non-Hispanic)",0,0,"Ontario","Geneva city","New York"
"3606928640",2019,"B17001F_ChildPov","Other (Non-Hispanic)",44.9612403100775,38.9767707507858,"Ontario","Geneva city","New York"
"3606928640",2019,"B17001G_ChildPov","Two or More Races (Non-Hispanic)",28.436018957346,33.1252374636306,"Ontario","Geneva city","New York"
"3606928640",2019,"B17001H_ChildPov","White (Non-Hispanic)",16.8573607932876,6.70314784262736,"Ontario","Geneva city","New York"
"3606928640",2019,"B17001I_ChildPov","Hispanic or Latino (Any Race)",32.9289428076257,13.762985941459,"Ontario","Geneva city","New York"
"3606928640",2020,"B17001B_ChildPov","Black (Non-Hispanic)",17.0616113744076,31.679921723838,"Ontario","Geneva city","New York"
"3606928640",2020,"B17001C_ChildPov","Native American (Non-Hispanic)",0,0,"Ontario","Geneva city","New York"
"3606928640",2020,"B17001D_ChildPov","Asian (Non-Hispanic)",0,387.164298162455,"Ontario","Geneva city","New York"
"3606928640",2020,"B17001E_ChildPov","Pacific Islander (Non-Hispanic)",0,0,"Ontario","Geneva city","New York"
"3606928640",2020,"B17001F_ChildPov","Other (Non-Hispanic)",64.2857142857143,37.2991309521375,"Ontario","Geneva city","New York"
"3606928640",2020,"B17001G_ChildPov","Two or More Races (Non-Hispanic)",43.2071269487751,21.8952718064763,"Ontario","Geneva city","New York"
"3606928640",2020,"B17001H_ChildPov","White (Non-Hispanic)",14.8554336989033,7.28087591903589,"Ontario","Geneva city","New York"
"3606928640",2020,"B17001I_ChildPov","Hispanic or Latino (Any Race)",34.978229317852,13.6482050465908,"Ontario","Geneva city","New York"
"3606928640",2021,"B17001B_ChildPov","Black (Non-Hispanic)",0,34.1290799520961,"Ontario","Geneva city","New York"
"3606928640",2021,"B17001C_ChildPov","Native American (Non-Hispanic)",0,0,"Ontario","Geneva city","New York"
"3606928640",2021,"B17001D_ChildPov","Asian (Non-Hispanic)",0,314.918328648887,"Ontario","Geneva city","New York"
"3606928640",2021,"B17001E_ChildPov","Pacific Islander (Non-Hispanic)",0,0,"Ontario","Geneva city","New York"
"3606928640",2021,"B17001F_ChildPov","Other (Non-Hispanic)",52.2388059701493,75.674872787756,"Ontario","Geneva city","New York"
"3606928640",2021,"B17001G_ChildPov","Two or More Races (Non-Hispanic)",51.5806988352745,14.8860046899634,"Ontario","Geneva city","New York"
"3606928640",2021,"B17001H_ChildPov","White (Non-Hispanic)",14.098690835851,8.02527365621724,"Ontario","Geneva city","New York"
"3606928640",2021,"B17001I_ChildPov","Hispanic or Latino (Any Race)",44.6685878962536,13.74003117634,"Ontario","Geneva city","New York"
"3606928640",2022,"B17001B_ChildPov","Black (Non-Hispanic)",0,66.7395724017366,"Ontario","Geneva city","New York"
"3606928640",2022,"B17001C_ChildPov","Native American (Non-Hispanic)",0,0,"Ontario","Geneva city","New York"
"3606928640",2022,"B17001D_ChildPov","Asian (Non-Hispanic)",0,330.664245081331,"Ontario","Geneva city","New York"
"3606928640",2022,"B17001E_ChildPov","Pacific Islander (Non-Hispanic)",0,0,"Ontario","Geneva city","New York"
"3606928640",2022,"B17001F_ChildPov","Other (Non-Hispanic)",0,259.807621135332,"Ontario","Geneva city","New York"
"3606928640",2022,"B17001G_ChildPov","Two or More Races (Non-Hispanic)",47.1760797342193,14.3939176154615,"Ontario","Geneva city","New York"
"3606928640",2022,"B17001H_ChildPov","White (Non-Hispanic)",11.1801242236025,7.12962703232625,"Ontario","Geneva city","New York"
"3606928640",2022,"B17001I_ChildPov","Hispanic or Latino (Any Race)",51.6687268232386,10.7735292669024,"Ontario","Geneva city","New York"
"3606928640",2023,"B17001B_ChildPov","Black (Non-Hispanic)",0,32.0467550299087,"Ontario","Geneva city","New York"
"3606928640",2023,"B17001C_ChildPov","Native American (Non-Hispanic)",0,0,"Ontario","Geneva city","New York"
"3606928640",2023,"B17001D_ChildPov","Asian (Non-Hispanic)",0,220.442830054221,"Ontario","Geneva city","New York"
"3606928640",2023,"B17001E_ChildPov","Pacific Islander (Non-Hispanic)",0,0,"Ontario","Geneva city","New York"
"3606928640",2023,"B17001F_ChildPov","Other (Non-Hispanic)",0,186.528548507418,"Ontario","Geneva city","New York"
"3606928640",2023,"B17001G_ChildPov","Two or More Races (Non-Hispanic)",53.2967032967033,21.4009234203466,"Ontario","Geneva city","New York"
"3606928640",2023,"B17001H_ChildPov","White (Non-Hispanic)",15.4054054054054,9.58027938049892,"Ontario","Geneva city","New York"
"3606928640",2023,"B17001I_ChildPov","Hispanic or Latino (Any Race)",60.8599779492833,9.35410261139581,"Ontario","Geneva city","New York"
"3606928640",2024,"B17001B_ChildPov","Black (Non-Hispanic)",0,41.3330306351664,"Ontario","Geneva city","New York"
"3606928640",2024,"B17001C_ChildPov","Native American (Non-Hispanic)",0,0,"Ontario","Geneva city","New York"
"3606928640",2024,"B17001D_ChildPov","Asian (Non-Hispanic)",0,269.430125621825,"Ontario","Geneva city","New York"
"3606928640",2024,"B17001E_ChildPov","Pacific Islander (Non-Hispanic)",0,0,"Ontario","Geneva city","New York"
"3606928640",2024,"B17001F_ChildPov","Other (Non-Hispanic)",0,129.903810567666,"Ontario","Geneva city","New York"
"3606928640",2024,"B17001G_ChildPov","Two or More Races (Non-Hispanic)",66.99604743083,8.80296753581827,"Ontario","Geneva city","New York"
"3606928640",2024,"B17001H_ChildPov","White (Non-Hispanic)",5.6551724137931,8.49121705972387,"Ontario","Geneva city","New York"
"3606928640",2024,"B17001I_ChildPov","Hispanic or Latino (Any Race)",72.4941724941725,0.553753287301053,"Ontario","Geneva city","New York"
"3606928651",2017,"B17001B_ChildPov","Black (Non-Hispanic)",100,579.511288357124,"Ontario","Geneva town","New York"
"3606928651",2017,"B17001C_ChildPov","Native American (Non-Hispanic)",0,0,"Ontario","Geneva town","New York"
"3606928651",2017,"B17001D_ChildPov","Asian (Non-Hispanic)",0,44.3082764726922,"Ontario","Geneva town","New York"
"3606928651",2017,"B17001E_ChildPov","Pacific Islander (Non-Hispanic)",0,0,"Ontario","Geneva town","New York"
"3606928651",2017,"B17001F_ChildPov","Other (Non-Hispanic)",65.1515151515152,27.6754003437403,"Ontario","Geneva town","New York"
"3606928651",2017,"B17001G_ChildPov","Two or More Races (Non-Hispanic)",0,108.871765047187,"Ontario","Geneva town","New York"
"3606928651",2017,"B17001H_ChildPov","White (Non-Hispanic)",8.10810810810811,17.028091856465,"Ontario","Geneva town","New York"
"3606928651",2017,"B17001I_ChildPov","Hispanic or Latino (Any Race)",64.2201834862385,25.433925393631,"Ontario","Geneva town","New York"
"3606928651",2018,"B17001B_ChildPov","Black (Non-Hispanic)",14.2857142857143,65.2383750389072,"Ontario","Geneva town","New York"
"3606928651",2018,"B17001C_ChildPov","Native American (Non-Hispanic)",0,0,"Ontario","Geneva town","New York"
"3606928651",2018,"B17001D_ChildPov","Asian (Non-Hispanic)",0,40.3584654190806,"Ontario","Geneva town","New York"
"3606928651",2018,"B17001E_ChildPov","Pacific Islander (Non-Hispanic)",0,0,"Ontario","Geneva town","New York"
"3606928651",2018,"B17001F_ChildPov","Other (Non-Hispanic)",60.2272727272727,44.2247578438711,"Ontario","Geneva town","New York"
"3606928651",2018,"B17001G_ChildPov","Two or More Races (Non-Hispanic)",0,138.56406460551,"Ontario","Geneva town","New York"
"3606928651",2018,"B17001H_ChildPov","White (Non-Hispanic)",8.7378640776699,18.2157030001718,"Ontario","Geneva town","New York"
"3606928651",2018,"B17001I_ChildPov","Hispanic or Latino (Any Race)",65.3333333333333,31.9612493768375,"Ontario","Geneva town","New York"
"3606928651",2019,"B17001B_ChildPov","Black (Non-Hispanic)",16.9811320754717,76.8278002172291,"Ontario","Geneva town","New York"
"3606928651",2019,"B17001C_ChildPov","Native American (Non-Hispanic)",0,0,"Ontario","Geneva town","New York"
"3606928651",2019,"B17001D_ChildPov","Asian (Non-Hispanic)",0,34.6410161513775,"Ontario","Geneva town","New York"
"3606928651",2019,"B17001E_ChildPov","Pacific Islander (Non-Hispanic)",0,0,"Ontario","Geneva town","New York"
"3606928651",2019,"B17001F_ChildPov","Other (Non-Hispanic)",68.2352941176471,36.3812250941249,"Ontario","Geneva town","New York"
"3606928651",2019,"B17001G_ChildPov","Two or More Races (Non-Hispanic)",0,86.6025403784439,"Ontario","Geneva town","New York"
"3606928651",2019,"B17001H_ChildPov","White (Non-Hispanic)",7.30994152046784,16.1078633336856,"Ontario","Geneva town","New York"
"3606928651",2019,"B17001I_ChildPov","Hispanic or Latino (Any Race)",64.4444444444444,29.958712069516,"Ontario","Geneva town","New York"
"3606928651",2020,"B17001B_ChildPov","Black (Non-Hispanic)",0,109.392682583297,"Ontario","Geneva town","New York"
"3606928651",2020,"B17001C_ChildPov","Native American (Non-Hispanic)",0,0,"Ontario","Geneva town","New York"
"3606928651",2020,"B17001D_ChildPov","Asian (Non-Hispanic)",0,56.1746207860176,"Ontario","Geneva town","New York"
"3606928651",2020,"B17001E_ChildPov","Pacific Islander (Non-Hispanic)",0,0,"Ontario","Geneva town","New York"
"3606928651",2020,"B17001F_ChildPov","Other (Non-Hispanic)",37.5,81.512197131779,"Ontario","Geneva town","New York"
"3606928651",2020,"B17001G_ChildPov","Two or More Races (Non-Hispanic)",0,118.769198233294,"Ontario","Geneva town","New York"
"3606928651",2020,"B17001H_ChildPov","White (Non-Hispanic)",5.70570570570571,13.3183550441554,"Ontario","Geneva town","New York"
"3606928651",2020,"B17001I_ChildPov","Hispanic or Latino (Any Race)",38.5714285714286,47.92499867198,"Ontario","Geneva town","New York"
"3606928651",2021,"B17001B_ChildPov","Black (Non-Hispanic)",0,50.0370233297676,"Ontario","Geneva town","New York"
"3606928651",2021,"B17001C_ChildPov","Native American (Non-Hispanic)",0,0,"Ontario","Geneva town","New York"
"3606928651",2021,"B17001D_ChildPov","Asian (Non-Hispanic)",12.0689655172414,75.6505200471562,"Ontario","Geneva town","New York"
"3606928651",2021,"B17001E_ChildPov","Pacific Islander (Non-Hispanic)",0,0,"Ontario","Geneva town","New York"
"3606928651",2021,"B17001F_ChildPov","Other (Non-Hispanic)",0,1125.83302491977,"Ontario","Geneva town","New York"
"3606928651",2021,"B17001G_ChildPov","Two or More Races (Non-Hispanic)",0,187.638837486628,"Ontario","Geneva town","New York"
"3606928651",2021,"B17001H_ChildPov","White (Non-Hispanic)",6.54911838790932,10.6414849921081,"Ontario","Geneva town","New York"
"3606928651",2021,"B17001I_ChildPov","Hispanic or Latino (Any Race)",0,1125.83302491977,"Ontario","Geneva town","New York"
"3606928651",2022,"B17001B_ChildPov","Black (Non-Hispanic)",0,42.8888771398008,"Ontario","Geneva town","New York"
"3606928651",2022,"B17001C_ChildPov","Native American (Non-Hispanic)",0,0,"Ontario","Geneva town","New York"
"3606928651",2022,"B17001D_ChildPov","Asian (Non-Hispanic)",40,151.161899961597,"Ontario","Geneva town","New York"
"3606928651",2022,"B17001E_ChildPov","Pacific Islander (Non-Hispanic)",0,0,"Ontario","Geneva town","New York"
"3606928651",2022,"B17001F_ChildPov","Other (Non-Hispanic)",70.5882352941177,357.781284067293,"Ontario","Geneva town","New York"
"3606928651",2022,"B17001G_ChildPov","Two or More Races (Non-Hispanic)",0,160.833289274253,"Ontario","Geneva town","New York"
"3606928651",2022,"B17001H_ChildPov","White (Non-Hispanic)",8.68544600938967,11.2079909286252,"Ontario","Geneva town","New York"
"3606928651",2022,"B17001I_ChildPov","Hispanic or Latino (Any Race)",70.5882352941177,357.781284067293,"Ontario","Geneva town","New York"
"3606928651",2023,"B17001B_ChildPov","Black (Non-Hispanic)",0,50.0370233297676,"Ontario","Geneva town","New York"
"3606928651",2023,"B17001C_ChildPov","Native American (Non-Hispanic)",0,0,"Ontario","Geneva town","New York"
"3606928651",2023,"B17001D_ChildPov","Asian (Non-Hispanic)",100,988.844022078305,"Ontario","Geneva town","New York"
"3606928651",2023,"B17001E_ChildPov","Pacific Islander (Non-Hispanic)",0,0,"Ontario","Geneva town","New York"
"3606928651",2023,"B17001F_ChildPov","Other (Non-Hispanic)",68.5714285714286,28.7820805930583,"Ontario","Geneva town","New York"
"3606928651",2023,"B17001G_ChildPov","Two or More Races (Non-Hispanic)",0,86.6025403784439,"Ontario","Geneva town","New York"
"3606928651",2023,"B17001H_ChildPov","White (Non-Hispanic)",7.3972602739726,11.7790484176828,"Ontario","Geneva town","New York"
"3606928651",2023,"B17001I_ChildPov","Hispanic or Latino (Any Race)",35.2941176470588,57.430130669932,"Ontario","Geneva town","New York"
"3606928651",2024,"B17001B_ChildPov","Black (Non-Hispanic)",0,73.4809433514069,"Ontario","Geneva town","New York"
"3606928651",2024,"B17001C_ChildPov","Native American (Non-Hispanic)",0,0,"Ontario","Geneva town","New York"
"3606928651",2024,"B17001D_ChildPov","Asian (Non-Hispanic)",58.3333333333333,122.857310684307,"Ontario","Geneva town","New York"
"3606928651",2024,"B17001E_ChildPov","Pacific Islander (Non-Hispanic)",0,0,"Ontario","Geneva town","New York"
"3606928651",2024,"B17001F_ChildPov","Other (Non-Hispanic)",71.9298245614035,137.631314903764,"Ontario","Geneva town","New York"
"3606928651",2024,"B17001G_ChildPov","Two or More Races (Non-Hispanic)",0,115.470053837925,"Ontario","Geneva town","New York"
"3606928651",2024,"B17001H_ChildPov","White (Non-Hispanic)",10.8753315649867,12.8488800665221,"Ontario","Geneva town","New York"
"3606928651",2024,"B17001I_ChildPov","Hispanic or Latino (Any Race)",38.6792452830189,42.432867744887,"Ontario","Geneva town","New York"
"3606929531",2017,"B17001B_ChildPov","Black (Non-Hispanic)",0,0,"Ontario","Gorham town","New York"
"3606929531",2017,"B17001C_ChildPov","Native American (Non-Hispanic)",0,0,"Ontario","Gorham town","New York"
"3606929531",2017,"B17001D_ChildPov","Asian (Non-Hispanic)",0,0,"Ontario","Gorham town","New York"
"3606929531",2017,"B17001E_ChildPov","Pacific Islander (Non-Hispanic)",0,0,"Ontario","Gorham town","New York"
"3606929531",2017,"B17001F_ChildPov","Other (Non-Hispanic)",0,0,"Ontario","Gorham town","New York"
"3606929531",2017,"B17001G_ChildPov","Two or More Races (Non-Hispanic)",0,1270.17059221718,"Ontario","Gorham town","New York"
"3606929531",2017,"B17001H_ChildPov","White (Non-Hispanic)",20.6415620641562,13.397615875401,"Ontario","Gorham town","New York"
"3606929531",2017,"B17001I_ChildPov","Hispanic or Latino (Any Race)",0,0,"Ontario","Gorham town","New York"
"3606929531",2018,"B17001B_ChildPov","Black (Non-Hispanic)",0,0,"Ontario","Gorham town","New York"
"3606929531",2018,"B17001C_ChildPov","Native American (Non-Hispanic)",0,0,"Ontario","Gorham town","New York"
"3606929531",2018,"B17001D_ChildPov","Asian (Non-Hispanic)",0,0,"Ontario","Gorham town","New York"
"3606929531",2018,"B17001E_ChildPov","Pacific Islander (Non-Hispanic)",0,0,"Ontario","Gorham town","New York"
"3606929531",2018,"B17001F_ChildPov","Other (Non-Hispanic)",0,0,"Ontario","Gorham town","New York"
"3606929531",2018,"B17001G_ChildPov","Two or More Races (Non-Hispanic)",0,2078.46096908265,"Ontario","Gorham town","New York"
"3606929531",2018,"B17001H_ChildPov","White (Non-Hispanic)",17.8477690288714,11.7794939335342,"Ontario","Gorham town","New York"
"3606929531",2018,"B17001I_ChildPov","Hispanic or Latino (Any Race)",0,0,"Ontario","Gorham town","New York"
"3606929531",2019,"B17001B_ChildPov","Black (Non-Hispanic)",0,0,"Ontario","Gorham town","New York"
"3606929531",2019,"B17001C_ChildPov","Native American (Non-Hispanic)",0,0,"Ontario","Gorham town","New York"
"3606929531",2019,"B17001D_ChildPov","Asian (Non-Hispanic)",0,0,"Ontario","Gorham town","New York"
"3606929531",2019,"B17001E_ChildPov","Pacific Islander (Non-Hispanic)",0,0,"Ontario","Gorham town","New York"
"3606929531",2019,"B17001F_ChildPov","Other (Non-Hispanic)",0,0,"Ontario","Gorham town","New York"
"3606929531",2019,"B17001G_ChildPov","Two or More Races (Non-Hispanic)",0,230.94010767585,"Ontario","Gorham town","New York"
"3606929531",2019,"B17001H_ChildPov","White (Non-Hispanic)",11.4795918367347,10.7472451202656,"Ontario","Gorham town","New York"
"3606929531",2019,"B17001I_ChildPov","Hispanic or Latino (Any Race)",0,0,"Ontario","Gorham town","New York"
"3606929531",2020,"B17001B_ChildPov","Black (Non-Hispanic)",0,0,"Ontario","Gorham town","New York"
"3606929531",2020,"B17001C_ChildPov","Native American (Non-Hispanic)",0,0,"Ontario","Gorham town","New York"
"3606929531",2020,"B17001D_ChildPov","Asian (Non-Hispanic)",0,0,"Ontario","Gorham town","New York"
"3606929531",2020,"B17001E_ChildPov","Pacific Islander (Non-Hispanic)",0,0,"Ontario","Gorham town","New York"
"3606929531",2020,"B17001F_ChildPov","Other (Non-Hispanic)",0,0,"Ontario","Gorham town","New York"
"3606929531",2020,"B17001G_ChildPov","Two or More Races (Non-Hispanic)",0,461.880215351701,"Ontario","Gorham town","New York"
"3606929531",2020,"B17001H_ChildPov","White (Non-Hispanic)",9.82048574445618,9.13531864639154,"Ontario","Gorham town","New York"
"3606929531",2020,"B17001I_ChildPov","Hispanic or Latino (Any Race)",0,0,"Ontario","Gorham town","New York"
"3606929531",2021,"B17001B_ChildPov","Black (Non-Hispanic)",0,0,"Ontario","Gorham town","New York"
"3606929531",2021,"B17001C_ChildPov","Native American (Non-Hispanic)",0,0,"Ontario","Gorham town","New York"
"3606929531",2021,"B17001D_ChildPov","Asian (Non-Hispanic)",0,0,"Ontario","Gorham town","New York"
"3606929531",2021,"B17001E_ChildPov","Pacific Islander (Non-Hispanic)",0,0,"Ontario","Gorham town","New York"
"3606929531",2021,"B17001F_ChildPov","Other (Non-Hispanic)",0,0,"Ontario","Gorham town","New York"
"3606929531",2021,"B17001G_ChildPov","Two or More Races (Non-Hispanic)",0,409.393827243553,"Ontario","Gorham town","New York"
"3606929531",2021,"B17001H_ChildPov","White (Non-Hispanic)",7.90645879732739,8.08022597235705,"Ontario","Gorham town","New York"
"3606929531",2021,"B17001I_ChildPov","Hispanic or Latino (Any Race)",0,0,"Ontario","Gorham town","New York"
"3606929531",2022,"B17001B_ChildPov","Black (Non-Hispanic)",0,0,"Ontario","Gorham town","New York"
"3606929531",2022,"B17001C_ChildPov","Native American (Non-Hispanic)",0,0,"Ontario","Gorham town","New York"
"3606929531",2022,"B17001D_ChildPov","Asian (Non-Hispanic)",0,0,"Ontario","Gorham town","New York"
"3606929531",2022,"B17001E_ChildPov","Pacific Islander (Non-Hispanic)",0,0,"Ontario","Gorham town","New York"
"3606929531",2022,"B17001F_ChildPov","Other (Non-Hispanic)",0,0,"Ontario","Gorham town","New York"
"3606929531",2022,"B17001G_ChildPov","Two or More Races (Non-Hispanic)",0,104.728653480909,"Ontario","Gorham town","New York"
"3606929531",2022,"B17001H_ChildPov","White (Non-Hispanic)",3.85674931129477,7.94905174686349,"Ontario","Gorham town","New York"
"3606929531",2022,"B17001I_ChildPov","Hispanic or Latino (Any Race)",0,0,"Ontario","Gorham town","New York"
"3606929531",2023,"B17001B_ChildPov","Black (Non-Hispanic)",0,0,"Ontario","Gorham town","New York"
"3606929531",2023,"B17001C_ChildPov","Native American (Non-Hispanic)",0,0,"Ontario","Gorham town","New York"
"3606929531",2023,"B17001D_ChildPov","Asian (Non-Hispanic)",0,0,"Ontario","Gorham town","New York"
"3606929531",2023,"B17001E_ChildPov","Pacific Islander (Non-Hispanic)",0,0,"Ontario","Gorham town","New York"
"3606929531",2023,"B17001F_ChildPov","Other (Non-Hispanic)",0,0,"Ontario","Gorham town","New York"
"3606929531",2023,"B17001G_ChildPov","Two or More Races (Non-Hispanic)",0,75.0555349946513,"Ontario","Gorham town","New York"
"3606929531",2023,"B17001H_ChildPov","White (Non-Hispanic)",5.49132947976879,7.05947770898717,"Ontario","Gorham town","New York"
"3606929531",2023,"B17001I_ChildPov","Hispanic or Latino (Any Race)",0,0,"Ontario","Gorham town","New York"
"3606929531",2024,"B17001B_ChildPov","Black (Non-Hispanic)",0,0,"Ontario","Gorham town","New York"
"3606929531",2024,"B17001C_ChildPov","Native American (Non-Hispanic)",0,0,"Ontario","Gorham town","New York"
"3606929531",2024,"B17001D_ChildPov","Asian (Non-Hispanic)",0,0,"Ontario","Gorham town","New York"
"3606929531",2024,"B17001E_ChildPov","Pacific Islander (Non-Hispanic)",0,0,"Ontario","Gorham town","New York"
"3606929531",2024,"B17001F_ChildPov","Other (Non-Hispanic)",0,0,"Ontario","Gorham town","New York"
"3606929531",2024,"B17001G_ChildPov","Two or More Races (Non-Hispanic)",0,138.56406460551,"Ontario","Gorham town","New York"
"3606929531",2024,"B17001H_ChildPov","White (Non-Hispanic)",4.90322580645161,6.7124997908695,"Ontario","Gorham town","New York"
"3606929531",2024,"B17001I_ChildPov","Hispanic or Latino (Any Race)",0,0,"Ontario","Gorham town","New York"
"3606935551",2017,"B17001B_ChildPov","Black (Non-Hispanic)",0,762.102355330306,"Ontario","Hopewell town","New York"
"3606935551",2017,"B17001C_ChildPov","Native American (Non-Hispanic)",0,0,"Ontario","Hopewell town","New York"
"3606935551",2017,"B17001D_ChildPov","Asian (Non-Hispanic)",0,0,"Ontario","Hopewell town","New York"
"3606935551",2017,"B17001E_ChildPov","Pacific Islander (Non-Hispanic)",0,0,"Ontario","Hopewell town","New York"
"3606935551",2017,"B17001F_ChildPov","Other (Non-Hispanic)",0,0,"Ontario","Hopewell town","New York"
"3606935551",2017,"B17001G_ChildPov","Two or More Races (Non-Hispanic)",0,211.695098702863,"Ontario","Hopewell town","New York"
"3606935551",2017,"B17001H_ChildPov","White (Non-Hispanic)",17.6691729323308,17.3490587098842,"Ontario","Hopewell town","New York"
"3606935551",2017,"B17001I_ChildPov","Hispanic or Latino (Any Race)",33.3333333333333,72.0645663385279,"Ontario","Hopewell town","New York"
"3606935551",2018,"B17001B_ChildPov","Black (Non-Hispanic)",0,0,"Ontario","Hopewell town","New York"
"3606935551",2018,"B17001C_ChildPov","Native American (Non-Hispanic)",0,0,"Ontario","Hopewell town","New York"
"3606935551",2018,"B17001D_ChildPov","Asian (Non-Hispanic)",0,0,"Ontario","Hopewell town","New York"
"3606935551",2018,"B17001E_ChildPov","Pacific Islander (Non-Hispanic)",0,0,"Ontario","Hopewell town","New York"
"3606935551",2018,"B17001F_ChildPov","Other (Non-Hispanic)",0,0,"Ontario","Hopewell town","New York"
"3606935551",2018,"B17001G_ChildPov","Two or More Races (Non-Hispanic)",0,166.276877526612,"Ontario","Hopewell town","New York"
"3606935551",2018,"B17001H_ChildPov","White (Non-Hispanic)",14.7838214783821,16.7218344780802,"Ontario","Hopewell town","New York"
"3606935551",2018,"B17001I_ChildPov","Hispanic or Latino (Any Race)",36.25,57.274385414506,"Ontario","Hopewell town","New York"
"3606935551",2019,"B17001B_ChildPov","Black (Non-Hispanic)",0,0,"Ontario","Hopewell town","New York"
"3606935551",2019,"B17001C_ChildPov","Native American (Non-Hispanic)",0,0,"Ontario","Hopewell town","New York"
"3606935551",2019,"B17001D_ChildPov","Asian (Non-Hispanic)",0,0,"Ontario","Hopewell town","New York"
"3606935551",2019,"B17001E_ChildPov","Pacific Islander (Non-Hispanic)",0,0,"Ontario","Hopewell town","New York"
"3606935551",2019,"B17001F_ChildPov","Other (Non-Hispanic)",0,0,"Ontario","Hopewell town","New York"
"3606935551",2019,"B17001G_ChildPov","Two or More Races (Non-Hispanic)",0,94.475498594666,"Ontario","Hopewell town","New York"
"3606935551",2019,"B17001H_ChildPov","White (Non-Hispanic)",13.4730538922156,18.3564409455981,"Ontario","Hopewell town","New York"
"3606935551",2019,"B17001I_ChildPov","Hispanic or Latino (Any Race)",33.0578512396694,44.7418968081016,"Ontario","Hopewell town","New York"
"3606935551",2020,"B17001B_ChildPov","Black (Non-Hispanic)",0,0,"Ontario","Hopewell town","New York"
"3606935551",2020,"B17001C_ChildPov","Native American (Non-Hispanic)",0,0,"Ontario","Hopewell town","New York"
"3606935551",2020,"B17001D_ChildPov","Asian (Non-Hispanic)",0,0,"Ontario","Hopewell town","New York"
"3606935551",2020,"B17001E_ChildPov","Pacific Islander (Non-Hispanic)",0,0,"Ontario","Hopewell town","New York"
"3606935551",2020,"B17001F_ChildPov","Other (Non-Hispanic)",0,0,"Ontario","Hopewell town","New York"
"3606935551",2020,"B17001G_ChildPov","Two or More Races (Non-Hispanic)",0,143.342135798804,"Ontario","Hopewell town","New York"
"3606935551",2020,"B17001H_ChildPov","White (Non-Hispanic)",11.470113085622,17.2466894746392,"Ontario","Hopewell town","New York"
"3606935551",2020,"B17001I_ChildPov","Hispanic or Latino (Any Race)",37.7777777777778,49.3552454457499,"Ontario","Hopewell town","New York"
"3606935551",2021,"B17001B_ChildPov","Black (Non-Hispanic)",0,0,"Ontario","Hopewell town","New York"
"3606935551",2021,"B17001C_ChildPov","Native American (Non-Hispanic)",0,0,"Ontario","Hopewell town","New York"
"3606935551",2021,"B17001D_ChildPov","Asian (Non-Hispanic)",0,0,"Ontario","Hopewell town","New York"
"3606935551",2021,"B17001E_ChildPov","Pacific Islander (Non-Hispanic)",0,0,"Ontario","Hopewell town","New York"
"3606935551",2021,"B17001F_ChildPov","Other (Non-Hispanic)",0,0,"Ontario","Hopewell town","New York"
"3606935551",2021,"B17001G_ChildPov","Two or More Races (Non-Hispanic)",0,0,"Ontario","Hopewell town","New York"
"3606935551",2021,"B17001H_ChildPov","White (Non-Hispanic)",10.1949025487256,17.2118722944411,"Ontario","Hopewell town","New York"
"3606935551",2021,"B17001I_ChildPov","Hispanic or Latino (Any Race)",100,254.189276653542,"Ontario","Hopewell town","New York"
"3606935551",2022,"B17001B_ChildPov","Black (Non-Hispanic)",0,0,"Ontario","Hopewell town","New York"
"3606935551",2022,"B17001C_ChildPov","Native American (Non-Hispanic)",0,0,"Ontario","Hopewell town","New York"
"3606935551",2022,"B17001D_ChildPov","Asian (Non-Hispanic)",0,0,"Ontario","Hopewell town","New York"
"3606935551",2022,"B17001E_ChildPov","Pacific Islander (Non-Hispanic)",0,0,"Ontario","Hopewell town","New York"
"3606935551",2022,"B17001F_ChildPov","Other (Non-Hispanic)",0,0,"Ontario","Hopewell town","New York"
"3606935551",2022,"B17001G_ChildPov","Two or More Races (Non-Hispanic)",0,1125.83302491977,"Ontario","Hopewell town","New York"
"3606935551",2022,"B17001H_ChildPov","White (Non-Hispanic)",0,7.55592634174342,"Ontario","Hopewell town","New York"
"3606935551",2022,"B17001I_ChildPov","Hispanic or Latino (Any Race)",0,0,"Ontario","Hopewell town","New York"
"3606935551",2023,"B17001B_ChildPov","Black (Non-Hispanic)",0,0,"Ontario","Hopewell town","New York"
"3606935551",2023,"B17001C_ChildPov","Native American (Non-Hispanic)",0,0,"Ontario","Hopewell town","New York"
"3606935551",2023,"B17001D_ChildPov","Asian (Non-Hispanic)",0,0,"Ontario","Hopewell town","New York"
"3606935551",2023,"B17001E_ChildPov","Pacific Islander (Non-Hispanic)",0,0,"Ontario","Hopewell town","New York"
"3606935551",2023,"B17001F_ChildPov","Other (Non-Hispanic)",0,0,"Ontario","Hopewell town","New York"
"3606935551",2023,"B17001G_ChildPov","Two or More Races (Non-Hispanic)",0,900.666419935816,"Ontario","Hopewell town","New York"
"3606935551",2023,"B17001H_ChildPov","White (Non-Hispanic)",10.4553119730185,11.0597053132532,"Ontario","Hopewell town","New York"
"3606935551",2023,"B17001I_ChildPov","Hispanic or Latino (Any Race)",0,0,"Ontario","Hopewell town","New York"
"3606935551",2024,"B17001B_ChildPov","Black (Non-Hispanic)",0,0,"Ontario","Hopewell town","New York"
"3606935551",2024,"B17001C_ChildPov","Native American (Non-Hispanic)",0,0,"Ontario","Hopewell town","New York"
"3606935551",2024,"B17001D_ChildPov","Asian (Non-Hispanic)",0,0,"Ontario","Hopewell town","New York"
"3606935551",2024,"B17001E_ChildPov","Pacific Islander (Non-Hispanic)",0,0,"Ontario","Hopewell town","New York"
"3606935551",2024,"B17001F_ChildPov","Other (Non-Hispanic)",0,0,"Ontario","Hopewell town","New York"
"3606935551",2024,"B17001G_ChildPov","Two or More Races (Non-Hispanic)",0,1212.43556529821,"Ontario","Hopewell town","New York"
"3606935551",2024,"B17001H_ChildPov","White (Non-Hispanic)",16.4048865619546,12.3565834141785,"Ontario","Hopewell town","New York"
"3606935551",2024,"B17001I_ChildPov","Hispanic or Latino (Any Race)",0,0,"Ontario","Hopewell town","New York"
"3606944864",2017,"B17001B_ChildPov","Black (Non-Hispanic)",0,81.5082732973589,"Ontario","Manchester town","New York"
"3606944864",2017,"B17001C_ChildPov","Native American (Non-Hispanic)",0,0,"Ontario","Manchester town","New York"
"3606944864",2017,"B17001D_ChildPov","Asian (Non-Hispanic)",0,0,"Ontario","Manchester town","New York"
"3606944864",2017,"B17001E_ChildPov","Pacific Islander (Non-Hispanic)",0,0,"Ontario","Manchester town","New York"
"3606944864",2017,"B17001F_ChildPov","Other (Non-Hispanic)",0,138.56406460551,"Ontario","Manchester town","New York"
"3606944864",2017,"B17001G_ChildPov","Two or More Races (Non-Hispanic)",31.5789473684211,258.484824374919,"Ontario","Manchester town","New York"
"3606944864",2017,"B17001H_ChildPov","White (Non-Hispanic)",15.3846153846154,7.66066187402293,"Ontario","Manchester town","New York"
"3606944864",2017,"B17001I_ChildPov","Hispanic or Latino (Any Race)",0,72.9284550555317,"Ontario","Manchester town","New York"
"3606944864",2018,"B17001B_ChildPov","Black (Non-Hispanic)",0,86.6025403784439,"Ontario","Manchester town","New York"
"3606944864",2018,"B17001C_ChildPov","Native American (Non-Hispanic)",0,0,"Ontario","Manchester town","New York"
"3606944864",2018,"B17001D_ChildPov","Asian (Non-Hispanic)",0,0,"Ontario","Manchester town","New York"
"3606944864",2018,"B17001E_ChildPov","Pacific Islander (Non-Hispanic)",0,0,"Ontario","Manchester town","New York"
"3606944864",2018,"B17001F_ChildPov","Other (Non-Hispanic)",100,312.283165769897,"Ontario","Manchester town","New York"
"3606944864",2018,"B17001G_ChildPov","Two or More Races (Non-Hispanic)",37.037037037037,188.574181989701,"Ontario","Manchester town","New York"
"3606944864",2018,"B17001H_ChildPov","White (Non-Hispanic)",14.6562905317769,7.73273950077464,"Ontario","Manchester town","New York"
"3606944864",2018,"B17001I_ChildPov","Hispanic or Latino (Any Race)",56.6666666666667,57.2570671805017,"Ontario","Manchester town","New York"
"3606944864",2019,"B17001B_ChildPov","Black (Non-Hispanic)",0,0,"Ontario","Manchester town","New York"
"3606944864",2019,"B17001C_ChildPov","Native American (Non-Hispanic)",0,0,"Ontario","Manchester town","New York"
"3606944864",2019,"B17001D_ChildPov","Asian (Non-Hispanic)",0,0,"Ontario","Manchester town","New York"
"3606944864",2019,"B17001E_ChildPov","Pacific Islander (Non-Hispanic)",0,0,"Ontario","Manchester town","New York"
"3606944864",2019,"B17001F_ChildPov","Other (Non-Hispanic)",100,279.903952252581,"Ontario","Manchester town","New York"
"3606944864",2019,"B17001G_ChildPov","Two or More Races (Non-Hispanic)",65.9574468085106,46.2962965619482,"Ontario","Manchester town","New York"
"3606944864",2019,"B17001H_ChildPov","White (Non-Hispanic)",16.015625,7.94792644310485,"Ontario","Manchester town","New York"
"3606944864",2019,"B17001I_ChildPov","Hispanic or Latino (Any Race)",45.945945945946,50.2746916608775,"Ontario","Manchester town","New York"
"3606944864",2020,"B17001B_ChildPov","Black (Non-Hispanic)",0,0,"Ontario","Manchester town","New York"
"3606944864",2020,"B17001C_ChildPov","Native American (Non-Hispanic)",0,0,"Ontario","Manchester town","New York"
"3606944864",2020,"B17001D_ChildPov","Asian (Non-Hispanic)",0,841.281820819169,"Ontario","Manchester town","New York"
"3606944864",2020,"B17001E_ChildPov","Pacific Islander (Non-Hispanic)",0,0,"Ontario","Manchester town","New York"
"3606944864",2020,"B17001F_ChildPov","Other (Non-Hispanic)",100,249.181548458849,"Ontario","Manchester town","New York"
"3606944864",2020,"B17001G_ChildPov","Two or More Races (Non-Hispanic)",65.9574468085106,54.5851351745888,"Ontario","Manchester town","New York"
"3606944864",2020,"B17001H_ChildPov","White (Non-Hispanic)",13.5081967213115,6.51893076383608,"Ontario","Manchester town","New York"
"3606944864",2020,"B17001I_ChildPov","Hispanic or Latino (Any Race)",32.4675324675325,39.7675610612227,"Ontario","Manchester town","New York"
"3606944864",2021,"B17001B_ChildPov","Black (Non-Hispanic)",0,2078.46096908265,"Ontario","Manchester town","New York"
"3606944864",2021,"B17001C_ChildPov","Native American (Non-Hispanic)",0,0,"Ontario","Manchester town","New York"
"3606944864",2021,"B17001D_ChildPov","Asian (Non-Hispanic)",0,1247.07658144959,"Ontario","Manchester town","New York"
"3606944864",2021,"B17001E_ChildPov","Pacific Islander (Non-Hispanic)",0,0,"Ontario","Manchester town","New York"
"3606944864",2021,"B17001F_ChildPov","Other (Non-Hispanic)",56.9767441860465,63.3202328505645,"Ontario","Manchester town","New York"
"3606944864",2021,"B17001G_ChildPov","Two or More Races (Non-Hispanic)",45.2830188679245,80.6518604196779,"Ontario","Manchester town","New York"
"3606944864",2021,"B17001H_ChildPov","White (Non-Hispanic)",10.8843537414966,6.71157875939621,"Ontario","Manchester town","New York"
"3606944864",2021,"B17001I_ChildPov","Hispanic or Latino (Any Race)",34.2222222222222,30.007673214703,"Ontario","Manchester town","New York"
"3606944864",2022,"B17001B_ChildPov","Black (Non-Hispanic)",0,2193.93102292058,"Ontario","Manchester town","New York"
"3606944864",2022,"B17001C_ChildPov","Native American (Non-Hispanic)",0,0,"Ontario","Manchester town","New York"
"3606944864",2022,"B17001D_ChildPov","Asian (Non-Hispanic)",0,1645.44826719043,"Ontario","Manchester town","New York"
"3606944864",2022,"B17001E_ChildPov","Pacific Islander (Non-Hispanic)",0,0,"Ontario","Manchester town","New York"
"3606944864",2022,"B17001F_ChildPov","Other (Non-Hispanic)",53.75,68.1809582391319,"Ontario","Manchester town","New York"
"3606944864",2022,"B17001G_ChildPov","Two or More Races (Non-Hispanic)",86.3636363636364,25.6021462449677,"Ontario","Manchester town","New York"
"3606944864",2022,"B17001H_ChildPov","White (Non-Hispanic)",6.80515759312321,5.16683748507327,"Ontario","Manchester town","New York"
"3606944864",2022,"B17001I_ChildPov","Hispanic or Latino (Any Race)",35.4066985645933,30.3940770496748,"Ontario","Manchester town","New York"
"3606944864",2023,"B17001B_ChildPov","Black (Non-Hispanic)",0,2193.93102292058,"Ontario","Manchester town","New York"
"3606944864",2023,"B17001C_ChildPov","Native American (Non-Hispanic)",0,0,"Ontario","Manchester town","New York"
"3606944864",2023,"B17001D_ChildPov","Asian (Non-Hispanic)",0,822.724133595217,"Ontario","Manchester town","New York"
"3606944864",2023,"B17001E_ChildPov","Pacific Islander (Non-Hispanic)",0,0,"Ontario","Manchester town","New York"
"3606944864",2023,"B17001F_ChildPov","Other (Non-Hispanic)",0,129.054766054152,"Ontario","Manchester town","New York"
"3606944864",2023,"B17001G_ChildPov","Two or More Races (Non-Hispanic)",79.7014925373134,31.1958900560434,"Ontario","Manchester town","New York"
"3606944864",2023,"B17001H_ChildPov","White (Non-Hispanic)",7.06371191135734,5.35136926827795,"Ontario","Manchester town","New York"
"3606944864",2023,"B17001I_ChildPov","Hispanic or Latino (Any Race)",11.0132158590308,26.7570533154053,"Ontario","Manchester town","New York"
"3606944864",2024,"B17001B_ChildPov","Black (Non-Hispanic)",0,940.256152680248,"Ontario","Manchester town","New York"
"3606944864",2024,"B17001C_ChildPov","Native American (Non-Hispanic)",0,0,"Ontario","Manchester town","New York"
"3606944864",2024,"B17001D_ChildPov","Asian (Non-Hispanic)",0,1316.35861375235,"Ontario","Manchester town","New York"
"3606944864",2024,"B17001E_ChildPov","Pacific Islander (Non-Hispanic)",0,0,"Ontario","Manchester town","New York"
"3606944864",2024,"B17001F_ChildPov","Other (Non-Hispanic)",0,62.6837435120165,"Ontario","Manchester town","New York"
"3606944864",2024,"B17001G_ChildPov","Two or More Races (Non-Hispanic)",66.5625,34.6090666953104,"Ontario","Manchester town","New York"
"3606944864",2024,"B17001H_ChildPov","White (Non-Hispanic)",5.79505300353357,4.49013705317224,"Ontario","Manchester town","New York"
"3606944864",2024,"B17001I_ChildPov","Hispanic or Latino (Any Race)",20.7547169811321,27.2487958804257,"Ontario","Manchester town","New York"
"3606949440",2017,"B17001B_ChildPov","Black (Non-Hispanic)",0,0,"Ontario","Naples town","New York"
"3606949440",2017,"B17001C_ChildPov","Native American (Non-Hispanic)",0,0,"Ontario","Naples town","New York"
"3606949440",2017,"B17001D_ChildPov","Asian (Non-Hispanic)",0,272.179412617966,"Ontario","Naples town","New York"
"3606949440",2017,"B17001E_ChildPov","Pacific Islander (Non-Hispanic)",0,0,"Ontario","Naples town","New York"
"3606949440",2017,"B17001F_ChildPov","Other (Non-Hispanic)",0,1270.17059221718,"Ontario","Naples town","New York"
"3606949440",2017,"B17001G_ChildPov","Two or More Races (Non-Hispanic)",53.8461538461538,163.361840061067,"Ontario","Naples town","New York"
"3606949440",2017,"B17001H_ChildPov","White (Non-Hispanic)",8.97832817337461,12.2744788976488,"Ontario","Naples town","New York"
"3606949440",2017,"B17001I_ChildPov","Hispanic or Latino (Any Race)",80,197.498804497085,"Ontario","Naples town","New York"
"3606949440",2018,"B17001B_ChildPov","Black (Non-Hispanic)",0,0,"Ontario","Naples town","New York"
"3606949440",2018,"B17001C_ChildPov","Native American (Non-Hispanic)",0,0,"Ontario","Naples town","New York"
"3606949440",2018,"B17001D_ChildPov","Asian (Non-Hispanic)",0,346.410161513776,"Ontario","Naples town","New York"
"3606949440",2018,"B17001E_ChildPov","Pacific Islander (Non-Hispanic)",0,0,"Ontario","Naples town","New York"
"3606949440",2018,"B17001F_ChildPov","Other (Non-Hispanic)",0,1385.6406460551,"Ontario","Naples town","New York"
"3606949440",2018,"B17001G_ChildPov","Two or More Races (Non-Hispanic)",55.5555555555556,264.529040888814,"Ontario","Naples town","New York"
"3606949440",2018,"B17001H_ChildPov","White (Non-Hispanic)",14.3790849673203,14.4847755406339,"Ontario","Naples town","New York"
"3606949440",2018,"B17001I_ChildPov","Hispanic or Latino (Any Race)",78.2608695652174,274.053447220855,"Ontario","Naples town","New York"
"3606949440",2019,"B17001B_ChildPov","Black (Non-Hispanic)",0,0,"Ontario","Naples town","New York"
"3606949440",2019,"B17001C_ChildPov","Native American (Non-Hispanic)",0,0,"Ontario","Naples town","New York"
"3606949440",2019,"B17001D_ChildPov","Asian (Non-Hispanic)",0,519.615242270663,"Ontario","Naples town","New York"
"3606949440",2019,"B17001E_ChildPov","Pacific Islander (Non-Hispanic)",0,0,"Ontario","Naples town","New York"
"3606949440",2019,"B17001F_ChildPov","Other (Non-Hispanic)",0,2078.46096908265,"Ontario","Naples town","New York"
"3606949440",2019,"B17001G_ChildPov","Two or More Races (Non-Hispanic)",44.4444444444444,331.232520251536,"Ontario","Naples town","New York"
"3606949440",2019,"B17001H_ChildPov","White (Non-Hispanic)",21.8579234972678,14.1881515183832,"Ontario","Naples town","New York"
"3606949440",2019,"B17001I_ChildPov","Hispanic or Latino (Any Race)",72.2222222222222,31.0794959880842,"Ontario","Naples town","New York"
"3606949440",2020,"B17001B_ChildPov","Black (Non-Hispanic)",0,0,"Ontario","Naples town","New York"
"3606949440",2020,"B17001C_ChildPov","Native American (Non-Hispanic)",0,0,"Ontario","Naples town","New York"
"3606949440",2020,"B17001D_ChildPov","Asian (Non-Hispanic)",0,166.276877526612,"Ontario","Naples town","New York"
"3606949440",2020,"B17001E_ChildPov","Pacific Islander (Non-Hispanic)",0,0,"Ontario","Naples town","New York"
"3606949440",2020,"B17001F_ChildPov","Other (Non-Hispanic)",0,2078.46096908265,"Ontario","Naples town","New York"
"3606949440",2020,"B17001G_ChildPov","Two or More Races (Non-Hispanic)",0,1039.23048454133,"Ontario","Naples town","New York"
"3606949440",2020,"B17001H_ChildPov","White (Non-Hispanic)",29.7413793103448,16.9139481505477,"Ontario","Naples town","New York"
"3606949440",2020,"B17001I_ChildPov","Hispanic or Latino (Any Race)",0,1039.23048454133,"Ontario","Naples town","New York"
"3606949440",2021,"B17001B_ChildPov","Black (Non-Hispanic)",0,0,"Ontario","Naples town","New York"
"3606949440",2021,"B17001C_ChildPov","Native American (Non-Hispanic)",0,0,"Ontario","Naples town","New York"
"3606949440",2021,"B17001D_ChildPov","Asian (Non-Hispanic)",0,155.287313782037,"Ontario","Naples town","New York"
"3606949440",2021,"B17001E_ChildPov","Pacific Islander (Non-Hispanic)",0,0,"Ontario","Naples town","New York"
"3606949440",2021,"B17001F_ChildPov","Other (Non-Hispanic)",0,2251.66604983954,"Ontario","Naples town","New York"
"3606949440",2021,"B17001G_ChildPov","Two or More Races (Non-Hispanic)",0,900.666419935816,"Ontario","Naples town","New York"
"3606949440",2021,"B17001H_ChildPov","White (Non-Hispanic)",36.8888888888889,18.2914604695422,"Ontario","Naples town","New York"
"3606949440",2021,"B17001I_ChildPov","Hispanic or Latino (Any Race)",0,1125.83302491977,"Ontario","Naples town","New York"
"3606949440",2022,"B17001B_ChildPov","Black (Non-Hispanic)",0,0,"Ontario","Naples town","New York"
"3606949440",2022,"B17001C_ChildPov","Native American (Non-Hispanic)",0,0,"Ontario","Naples town","New York"
"3606949440",2022,"B17001D_ChildPov","Asian (Non-Hispanic)",0,0,"Ontario","Naples town","New York"
"3606949440",2022,"B17001E_ChildPov","Pacific Islander (Non-Hispanic)",0,0,"Ontario","Naples town","New York"
"3606949440",2022,"B17001F_ChildPov","Other (Non-Hispanic)",0,0,"Ontario","Naples town","New York"
"3606949440",2022,"B17001G_ChildPov","Two or More Races (Non-Hispanic)",0,409.393827243553,"Ontario","Naples town","New York"
"3606949440",2022,"B17001H_ChildPov","White (Non-Hispanic)",36.1616161616162,16.279341741567,"Ontario","Naples town","New York"
"3606949440",2022,"B17001I_ChildPov","Hispanic or Latino (Any Race)",0,0,"Ontario","Naples town","New York"
"3606949440",2023,"B17001B_ChildPov","Black (Non-Hispanic)",0,0,"Ontario","Naples town","New York"
"3606949440",2023,"B17001C_ChildPov","Native American (Non-Hispanic)",0,0,"Ontario","Naples town","New York"
"3606949440",2023,"B17001D_ChildPov","Asian (Non-Hispanic)",0,0,"Ontario","Naples town","New York"
"3606949440",2023,"B17001E_ChildPov","Pacific Islander (Non-Hispanic)",0,0,"Ontario","Naples town","New York"
"3606949440",2023,"B17001F_ChildPov","Other (Non-Hispanic)",0,0,"Ontario","Naples town","New York"
"3606949440",2023,"B17001G_ChildPov","Two or More Races (Non-Hispanic)",0,160.833289274253,"Ontario","Naples town","New York"
"3606949440",2023,"B17001H_ChildPov","White (Non-Hispanic)",36.864406779661,16.9519319031559,"Ontario","Naples town","New York"
"3606949440",2023,"B17001I_ChildPov","Hispanic or Latino (Any Race)",0,0,"Ontario","Naples town","New York"
"3606949440",2024,"B17001B_ChildPov","Black (Non-Hispanic)",0,0,"Ontario","Naples town","New York"
"3606949440",2024,"B17001C_ChildPov","Native American (Non-Hispanic)",0,0,"Ontario","Naples town","New York"
"3606949440",2024,"B17001D_ChildPov","Asian (Non-Hispanic)",0,0,"Ontario","Naples town","New York"
"3606949440",2024,"B17001E_ChildPov","Pacific Islander (Non-Hispanic)",0,0,"Ontario","Naples town","New York"
"3606949440",2024,"B17001F_ChildPov","Other (Non-Hispanic)",0,0,"Ontario","Naples town","New York"
"3606949440",2024,"B17001G_ChildPov","Two or More Races (Non-Hispanic)",0,76.9800358919501,"Ontario","Naples town","New York"
"3606949440",2024,"B17001H_ChildPov","White (Non-Hispanic)",19.959266802444,15.5778950914235,"Ontario","Naples town","New York"
"3606949440",2024,"B17001I_ChildPov","Hispanic or Latino (Any Race)",0,193.989690447714,"Ontario","Naples town","New York"
"3606957529",2017,"B17001B_ChildPov","Black (Non-Hispanic)",100,1074.50821366547,"Ontario","Phelps town","New York"
"3606957529",2017,"B17001C_ChildPov","Native American (Non-Hispanic)",0,0,"Ontario","Phelps town","New York"
"3606957529",2017,"B17001D_ChildPov","Asian (Non-Hispanic)",0,123.16805742712,"Ontario","Phelps town","New York"
"3606957529",2017,"B17001E_ChildPov","Pacific Islander (Non-Hispanic)",0,0,"Ontario","Phelps town","New York"
"3606957529",2017,"B17001F_ChildPov","Other (Non-Hispanic)",0,0,"Ontario","Phelps town","New York"
"3606957529",2017,"B17001G_ChildPov","Two or More Races (Non-Hispanic)",0,123.16805742712,"Ontario","Phelps town","New York"
"3606957529",2017,"B17001H_ChildPov","White (Non-Hispanic)",9.00508351488744,5.53007595519936,"Ontario","Phelps town","New York"
"3606957529",2017,"B17001I_ChildPov","Hispanic or Latino (Any Race)",100,1066.66666666667,"Ontario","Phelps town","New York"
"3606957529",2018,"B17001B_ChildPov","Black (Non-Hispanic)",100,616.329126113233,"Ontario","Phelps town","New York"
"3606957529",2018,"B17001C_ChildPov","Native American (Non-Hispanic)",0,0,"Ontario","Phelps town","New York"
"3606957529",2018,"B17001D_ChildPov","Asian (Non-Hispanic)",0,125.297292462429,"Ontario","Phelps town","New York"
"3606957529",2018,"B17001E_ChildPov","Pacific Islander (Non-Hispanic)",0,0,"Ontario","Phelps town","New York"
"3606957529",2018,"B17001F_ChildPov","Other (Non-Hispanic)",52,162.678696822909,"Ontario","Phelps town","New York"
"3606957529",2018,"B17001G_ChildPov","Two or More Races (Non-Hispanic)",0,368.060796608386,"Ontario","Phelps town","New York"
"3606957529",2018,"B17001H_ChildPov","White (Non-Hispanic)",7.83227848101266,5.76073163379948,"Ontario","Phelps town","New York"
"3606957529",2018,"B17001I_ChildPov","Hispanic or Latino (Any Race)",90.2439024390244,96.7983896274871,"Ontario","Phelps town","New York"
"3606957529",2019,"B17001B_ChildPov","Black (Non-Hispanic)",0,0,"Ontario","Phelps town","New York"
"3606957529",2019,"B17001C_ChildPov","Native American (Non-Hispanic)",0,0,"Ontario","Phelps town","New York"
"3606957529",2019,"B17001D_ChildPov","Asian (Non-Hispanic)",0,93.4757578687965,"Ontario","Phelps town","New York"
"3606957529",2019,"B17001E_ChildPov","Pacific Islander (Non-Hispanic)",0,0,"Ontario","Phelps town","New York"
"3606957529",2019,"B17001F_ChildPov","Other (Non-Hispanic)",51.8518518518518,156.398513881475,"Ontario","Phelps town","New York"
"3606957529",2019,"B17001G_ChildPov","Two or More Races (Non-Hispanic)",0,327.165152540788,"Ontario","Phelps town","New York"
"3606957529",2019,"B17001H_ChildPov","White (Non-Hispanic)",6.98795180722892,5.89828755547045,"Ontario","Phelps town","New York"
"3606957529",2019,"B17001I_ChildPov","Hispanic or Latino (Any Race)",83.3333333333333,94.9449693828361,"Ontario","Phelps town","New York"
"3606957529",2020,"B17001B_ChildPov","Black (Non-Hispanic)",0,0,"Ontario","Phelps town","New York"
"3606957529",2020,"B17001C_ChildPov","Native American (Non-Hispanic)",0,0,"Ontario","Phelps town","New York"
"3606957529",2020,"B17001D_ChildPov","Asian (Non-Hispanic)",0,210.320455204792,"Ontario","Phelps town","New York"
"3606957529",2020,"B17001E_ChildPov","Pacific Islander (Non-Hispanic)",0,0,"Ontario","Phelps town","New York"
"3606957529",2020,"B17001F_ChildPov","Other (Non-Hispanic)",51.4285714285714,70.1204413957943,"Ontario","Phelps town","New York"
"3606957529",2020,"B17001G_ChildPov","Two or More Races (Non-Hispanic)",0,28.4491436991989,"Ontario","Phelps town","New York"
"3606957529",2020,"B17001H_ChildPov","White (Non-Hispanic)",16.1550888529887,8.92974259734059,"Ontario","Phelps town","New York"
"3606957529",2020,"B17001I_ChildPov","Hispanic or Latino (Any Race)",52.3605150214592,22.0744996533296,"Ontario","Phelps town","New York"
"3606957529",2021,"B17001B_ChildPov","Black (Non-Hispanic)",0,0,"Ontario","Phelps town","New York"
"3606957529",2021,"B17001C_ChildPov","Native American (Non-Hispanic)",0,0,"Ontario","Phelps town","New York"
"3606957529",2021,"B17001D_ChildPov","Asian (Non-Hispanic)",0,178.153797349942,"Ontario","Phelps town","New York"
"3606957529",2021,"B17001E_ChildPov","Pacific Islander (Non-Hispanic)",0,0,"Ontario","Phelps town","New York"
"3606957529",2021,"B17001F_ChildPov","Other (Non-Hispanic)",56.4102564102564,67.1351723642798,"Ontario","Phelps town","New York"
"3606957529",2021,"B17001G_ChildPov","Two or More Races (Non-Hispanic)",3.76569037656904,25.4912858874138,"Ontario","Phelps town","New York"
"3606957529",2021,"B17001H_ChildPov","White (Non-Hispanic)",13.3391455972101,9.01229451253213,"Ontario","Phelps town","New York"
"3606957529",2021,"B17001I_ChildPov","Hispanic or Latino (Any Race)",40.5405405405405,30.3503913701109,"Ontario","Phelps town","New York"
"3606957529",2022,"B17001B_ChildPov","Black (Non-Hispanic)",0,0,"Ontario","Phelps town","New York"
"3606957529",2022,"B17001C_ChildPov","Native American (Non-Hispanic)",0,0,"Ontario","Phelps town","New York"
"3606957529",2022,"B17001D_ChildPov","Asian (Non-Hispanic)",0,0,"Ontario","Phelps town","New York"
"3606957529",2022,"B17001E_ChildPov","Pacific Islander (Non-Hispanic)",0,0,"Ontario","Phelps town","New York"
"3606957529",2022,"B17001F_ChildPov","Other (Non-Hispanic)",63.0769230769231,68.9051768159555,"Ontario","Phelps town","New York"
"3606957529",2022,"B17001G_ChildPov","Two or More Races (Non-Hispanic)",2.26244343891403,28.8425720263573,"Ontario","Phelps town","New York"
"3606957529",2022,"B17001H_ChildPov","White (Non-Hispanic)",18.4357541899441,9.89810606646377,"Ontario","Phelps town","New York"
"3606957529",2022,"B17001I_ChildPov","Hispanic or Latino (Any Race)",47.6851851851852,27.803681015214,"Ontario","Phelps town","New York"
"3606957529",2023,"B17001B_ChildPov","Black (Non-Hispanic)",0,0,"Ontario","Phelps town","New York"
"3606957529",2023,"B17001C_ChildPov","Native American (Non-Hispanic)",0,0,"Ontario","Phelps town","New York"
"3606957529",2023,"B17001D_ChildPov","Asian (Non-Hispanic)",0,0,"Ontario","Phelps town","New York"
"3606957529",2023,"B17001E_ChildPov","Pacific Islander (Non-Hispanic)",0,0,"Ontario","Phelps town","New York"
"3606957529",2023,"B17001F_ChildPov","Other (Non-Hispanic)",0,235.064038170062,"Ontario","Phelps town","New York"
"3606957529",2023,"B17001G_ChildPov","Two or More Races (Non-Hispanic)",1.1070110701107,23.3517935861251,"Ontario","Phelps town","New York"
"3606957529",2023,"B17001H_ChildPov","White (Non-Hispanic)",17.9875333926981,9.17582488848238,"Ontario","Phelps town","New York"
"3606957529",2023,"B17001I_ChildPov","Hispanic or Latino (Any Race)",0,69.2820323027551,"Ontario","Phelps town","New York"
"3606957529",2024,"B17001B_ChildPov","Black (Non-Hispanic)",0,0,"Ontario","Phelps town","New York"
"3606957529",2024,"B17001C_ChildPov","Native American (Non-Hispanic)",0,0,"Ontario","Phelps town","New York"
"3606957529",2024,"B17001D_ChildPov","Asian (Non-Hispanic)",0,0,"Ontario","Phelps town","New York"
"3606957529",2024,"B17001E_ChildPov","Pacific Islander (Non-Hispanic)",0,0,"Ontario","Phelps town","New York"
"3606957529",2024,"B17001F_ChildPov","Other (Non-Hispanic)",0,263.271722750469,"Ontario","Phelps town","New York"
"3606957529",2024,"B17001G_ChildPov","Two or More Races (Non-Hispanic)",1.61943319838057,25.7573345256894,"Ontario","Phelps town","New York"
"3606957529",2024,"B17001H_ChildPov","White (Non-Hispanic)",24,9.94183480746099,"Ontario","Phelps town","New York"
"3606957529",2024,"B17001I_ChildPov","Hispanic or Latino (Any Race)",0,63.2864718150167,"Ontario","Phelps town","New York"
"3606961544",2017,"B17001B_ChildPov","Black (Non-Hispanic)",0,0,"Ontario","Richmond town","New York"
"3606961544",2017,"B17001C_ChildPov","Native American (Non-Hispanic)",0,173.205080756888,"Ontario","Richmond town","New York"
"3606961544",2017,"B17001D_ChildPov","Asian (Non-Hispanic)",0,0,"Ontario","Richmond town","New York"
"3606961544",2017,"B17001E_ChildPov","Pacific Islander (Non-Hispanic)",0,0,"Ontario","Richmond town","New York"
"3606961544",2017,"B17001F_ChildPov","Other (Non-Hispanic)",0,0,"Ontario","Richmond town","New York"
"3606961544",2017,"B17001G_ChildPov","Two or More Races (Non-Hispanic)",0,90.7264708726555,"Ontario","Richmond town","New York"
"3606961544",2017,"B17001H_ChildPov","White (Non-Hispanic)",0,14.3252322430509,"Ontario","Richmond town","New York"
"3606961544",2017,"B17001I_ChildPov","Hispanic or Latino (Any Race)",0,21.1695098702863,"Ontario","Richmond town","New York"
"3606961544",2018,"B17001B_ChildPov","Black (Non-Hispanic)",0,0,"Ontario","Richmond town","New York"
"3606961544",2018,"B17001C_ChildPov","Native American (Non-Hispanic)",0,0,"Ontario","Richmond town","New York"
"3606961544",2018,"B17001D_ChildPov","Asian (Non-Hispanic)",0,0,"Ontario","Richmond town","New York"
"3606961544",2018,"B17001E_ChildPov","Pacific Islander (Non-Hispanic)",0,0,"Ontario","Richmond town","New York"
"3606961544",2018,"B17001F_ChildPov","Other (Non-Hispanic)",0,0,"Ontario","Richmond town","New York"
"3606961544",2018,"B17001G_ChildPov","Two or More Races (Non-Hispanic)",0,118.769198233294,"Ontario","Richmond town","New York"
"3606961544",2018,"B17001H_ChildPov","White (Non-Hispanic)",0,13.1133184169253,"Ontario","Richmond town","New York"
"3606961544",2018,"B17001I_ChildPov","Hispanic or Latino (Any Race)",0,22.3490426783081,"Ontario","Richmond town","New York"
"3606961544",2019,"B17001B_ChildPov","Black (Non-Hispanic)",0,0,"Ontario","Richmond town","New York"
"3606961544",2019,"B17001C_ChildPov","Native American (Non-Hispanic)",0,0,"Ontario","Richmond town","New York"
"3606961544",2019,"B17001D_ChildPov","Asian (Non-Hispanic)",0,0,"Ontario","Richmond town","New York"
"3606961544",2019,"B17001E_ChildPov","Pacific Islander (Non-Hispanic)",0,0,"Ontario","Richmond town","New York"
"3606961544",2019,"B17001F_ChildPov","Other (Non-Hispanic)",0,0,"Ontario","Richmond town","New York"
"3606961544",2019,"B17001G_ChildPov","Two or More Races (Non-Hispanic)",0,98.9743318610787,"Ontario","Richmond town","New York"
"3606961544",2019,"B17001H_ChildPov","White (Non-Hispanic)",0,14.2360340348127,"Ontario","Richmond town","New York"
"3606961544",2019,"B17001I_ChildPov","Hispanic or Latino (Any Race)",0,27.5292843587106,"Ontario","Richmond town","New York"
"3606961544",2020,"B17001B_ChildPov","Black (Non-Hispanic)",0,173.205080756888,"Ontario","Richmond town","New York"
"3606961544",2020,"B17001C_ChildPov","Native American (Non-Hispanic)",0,0,"Ontario","Richmond town","New York"
"3606961544",2020,"B17001D_ChildPov","Asian (Non-Hispanic)",0,0,"Ontario","Richmond town","New York"
"3606961544",2020,"B17001E_ChildPov","Pacific Islander (Non-Hispanic)",0,0,"Ontario","Richmond town","New York"
"3606961544",2020,"B17001F_ChildPov","Other (Non-Hispanic)",0,0,"Ontario","Richmond town","New York"
"3606961544",2020,"B17001G_ChildPov","Two or More Races (Non-Hispanic)",0,125.967331459555,"Ontario","Richmond town","New York"
"3606961544",2020,"B17001H_ChildPov","White (Non-Hispanic)",0,9.4475498594666,"Ontario","Richmond town","New York"
"3606961544",2020,"B17001I_ChildPov","Hispanic or Latino (Any Race)",0,0,"Ontario","Richmond town","New York"
"3606961544",2021,"B17001B_ChildPov","Black (Non-Hispanic)",0,180.133283987163,"Ontario","Richmond town","New York"
"3606961544",2021,"B17001C_ChildPov","Native American (Non-Hispanic)",0,0,"Ontario","Richmond town","New York"
"3606961544",2021,"B17001D_ChildPov","Asian (Non-Hispanic)",0,0,"Ontario","Richmond town","New York"
"3606961544",2021,"B17001E_ChildPov","Pacific Islander (Non-Hispanic)",0,0,"Ontario","Richmond town","New York"
"3606961544",2021,"B17001F_ChildPov","Other (Non-Hispanic)",0,0,"Ontario","Richmond town","New York"
"3606961544",2021,"B17001G_ChildPov","Two or More Races (Non-Hispanic)",0,0,"Ontario","Richmond town","New York"
"3606961544",2021,"B17001H_ChildPov","White (Non-Hispanic)",0,8.17301651484407,"Ontario","Richmond town","New York"
"3606961544",2021,"B17001I_ChildPov","Hispanic or Latino (Any Race)",0,0,"Ontario","Richmond town","New York"
"3606961544",2022,"B17001B_ChildPov","Black (Non-Hispanic)",0,237.017478930478,"Ontario","Richmond town","New York"
"3606961544",2022,"B17001C_ChildPov","Native American (Non-Hispanic)",0,0,"Ontario","Richmond town","New York"
"3606961544",2022,"B17001D_ChildPov","Asian (Non-Hispanic)",0,0,"Ontario","Richmond town","New York"
"3606961544",2022,"B17001E_ChildPov","Pacific Islander (Non-Hispanic)",0,0,"Ontario","Richmond town","New York"
"3606961544",2022,"B17001F_ChildPov","Other (Non-Hispanic)",0,0,"Ontario","Richmond town","New York"
"3606961544",2022,"B17001G_ChildPov","Two or More Races (Non-Hispanic)",0,0,"Ontario","Richmond town","New York"
"3606961544",2022,"B17001H_ChildPov","White (Non-Hispanic)",0,9.56121464900017,"Ontario","Richmond town","New York"
"3606961544",2022,"B17001I_ChildPov","Hispanic or Latino (Any Race)",0,0,"Ontario","Richmond town","New York"
"3606961544",2023,"B17001B_ChildPov","Black (Non-Hispanic)",0,187.638837486628,"Ontario","Richmond town","New York"
"3606961544",2023,"B17001C_ChildPov","Native American (Non-Hispanic)",0,0,"Ontario","Richmond town","New York"
"3606961544",2023,"B17001D_ChildPov","Asian (Non-Hispanic)",0,1501.11069989303,"Ontario","Richmond town","New York"
"3606961544",2023,"B17001E_ChildPov","Pacific Islander (Non-Hispanic)",0,0,"Ontario","Richmond town","New York"
"3606961544",2023,"B17001F_ChildPov","Other (Non-Hispanic)",0,0,"Ontario","Richmond town","New York"
"3606961544",2023,"B17001G_ChildPov","Two or More Races (Non-Hispanic)",0,0,"Ontario","Richmond town","New York"
"3606961544",2023,"B17001H_ChildPov","White (Non-Hispanic)",3.58490566037736,8.67439962642378,"Ontario","Richmond town","New York"
"3606961544",2023,"B17001I_ChildPov","Hispanic or Latino (Any Race)",0,0,"Ontario","Richmond town","New York"
"3606961544",2024,"B17001B_ChildPov","Black (Non-Hispanic)",0,151.554445662277,"Ontario","Richmond town","New York"
"3606961544",2024,"B17001C_ChildPov","Native American (Non-Hispanic)",0,0,"Ontario","Richmond town","New York"
"3606961544",2024,"B17001D_ChildPov","Asian (Non-Hispanic)",0,2424.87113059643,"Ontario","Richmond town","New York"
"3606961544",2024,"B17001E_ChildPov","Pacific Islander (Non-Hispanic)",0,0,"Ontario","Richmond town","New York"
"3606961544",2024,"B17001F_ChildPov","Other (Non-Hispanic)",0,0,"Ontario","Richmond town","New York"
"3606961544",2024,"B17001G_ChildPov","Two or More Races (Non-Hispanic)",0,404.145188432738,"Ontario","Richmond town","New York"
"3606961544",2024,"B17001H_ChildPov","White (Non-Hispanic)",6.63176265270506,9.0926493238213,"Ontario","Richmond town","New York"
"3606961544",2024,"B17001I_ChildPov","Hispanic or Latino (Any Race)",0,0,"Ontario","Richmond town","New York"
"3606966289",2017,"B17001B_ChildPov","Black (Non-Hispanic)",0,0,"Ontario","Seneca town","New York"
"3606966289",2017,"B17001C_ChildPov","Native American (Non-Hispanic)",0,0,"Ontario","Seneca town","New York"
"3606966289",2017,"B17001D_ChildPov","Asian (Non-Hispanic)",60,144.369895292151,"Ontario","Seneca town","New York"
"3606966289",2017,"B17001E_ChildPov","Pacific Islander (Non-Hispanic)",0,0,"Ontario","Seneca town","New York"
"3606966289",2017,"B17001F_ChildPov","Other (Non-Hispanic)",0,0,"Ontario","Seneca town","New York"
"3606966289",2017,"B17001G_ChildPov","Two or More Races (Non-Hispanic)",0,200.553251402712,"Ontario","Seneca town","New York"
"3606966289",2017,"B17001H_ChildPov","White (Non-Hispanic)",13.0612244897959,9.18601097333369,"Ontario","Seneca town","New York"
"3606966289",2017,"B17001I_ChildPov","Hispanic or Latino (Any Race)",0,635.085296108588,"Ontario","Seneca town","New York"
"3606966289",2018,"B17001B_ChildPov","Black (Non-Hispanic)",0,0,"Ontario","Seneca town","New York"
"3606966289",2018,"B17001C_ChildPov","Native American (Non-Hispanic)",0,0,"Ontario","Seneca town","New York"
"3606966289",2018,"B17001D_ChildPov","Asian (Non-Hispanic)",70,66.3513375901345,"Ontario","Seneca town","New York"
"3606966289",2018,"B17001E_ChildPov","Pacific Islander (Non-Hispanic)",0,0,"Ontario","Seneca town","New York"
"3606966289",2018,"B17001F_ChildPov","Other (Non-Hispanic)",0,0,"Ontario","Seneca town","New York"
"3606966289",2018,"B17001G_ChildPov","Two or More Races (Non-Hispanic)",0,692.820323027551,"Ontario","Seneca town","New York"
"3606966289",2018,"B17001H_ChildPov","White (Non-Hispanic)",14.8148148148148,11.476081384101,"Ontario","Seneca town","New York"
"3606966289",2018,"B17001I_ChildPov","Hispanic or Latino (Any Race)",0,81.5082732973589,"Ontario","Seneca town","New York"
"3606966289",2019,"B17001B_ChildPov","Black (Non-Hispanic)",0,0,"Ontario","Seneca town","New York"
"3606966289",2019,"B17001C_ChildPov","Native American (Non-Hispanic)",0,0,"Ontario","Seneca town","New York"
"3606966289",2019,"B17001D_ChildPov","Asian (Non-Hispanic)",62.5,130.248691662095,"Ontario","Seneca town","New York"
"3606966289",2019,"B17001E_ChildPov","Pacific Islander (Non-Hispanic)",0,0,"Ontario","Seneca town","New York"
"3606966289",2019,"B17001F_ChildPov","Other (Non-Hispanic)",0,0,"Ontario","Seneca town","New York"
"3606966289",2019,"B17001G_ChildPov","Two or More Races (Non-Hispanic)",0,0,"Ontario","Seneca town","New York"
"3606966289",2019,"B17001H_ChildPov","White (Non-Hispanic)",11.9733924611973,10.2699628995095,"Ontario","Seneca town","New York"
"3606966289",2019,"B17001I_ChildPov","Hispanic or Latino (Any Race)",0,96.6726032131466,"Ontario","Seneca town","New York"
"3606966289",2020,"B17001B_ChildPov","Black (Non-Hispanic)",0,0,"Ontario","Seneca town","New York"
"3606966289",2020,"B17001C_ChildPov","Native American (Non-Hispanic)",0,0,"Ontario","Seneca town","New York"
"3606966289",2020,"B17001D_ChildPov","Asian (Non-Hispanic)",0,1039.23048454133,"Ontario","Seneca town","New York"
"3606966289",2020,"B17001E_ChildPov","Pacific Islander (Non-Hispanic)",0,0,"Ontario","Seneca town","New York"
"3606966289",2020,"B17001F_ChildPov","Other (Non-Hispanic)",0,0,"Ontario","Seneca town","New York"
"3606966289",2020,"B17001G_ChildPov","Two or More Races (Non-Hispanic)",0,0,"Ontario","Seneca town","New York"
"3606966289",2020,"B17001H_ChildPov","White (Non-Hispanic)",3.21199143468951,7.25178517740163,"Ontario","Seneca town","New York"
"3606966289",2020,"B17001I_ChildPov","Hispanic or Latino (Any Race)",0,44.2225738102692,"Ontario","Seneca town","New York"
"3606966289",2021,"B17001B_ChildPov","Black (Non-Hispanic)",0,0,"Ontario","Seneca town","New York"
"3606966289",2021,"B17001C_ChildPov","Native American (Non-Hispanic)",0,0,"Ontario","Seneca town","New York"
"3606966289",2021,"B17001D_ChildPov","Asian (Non-Hispanic)",0,1501.11069989303,"Ontario","Seneca town","New York"
"3606966289",2021,"B17001E_ChildPov","Pacific Islander (Non-Hispanic)",0,0,"Ontario","Seneca town","New York"
"3606966289",2021,"B17001F_ChildPov","Other (Non-Hispanic)",0,0,"Ontario","Seneca town","New York"
"3606966289",2021,"B17001G_ChildPov","Two or More Races (Non-Hispanic)",0,0,"Ontario","Seneca town","New York"
"3606966289",2021,"B17001H_ChildPov","White (Non-Hispanic)",2.9940119760479,7.25038596965616,"Ontario","Seneca town","New York"
"3606966289",2021,"B17001I_ChildPov","Hispanic or Latino (Any Race)",0,46.4261041204029,"Ontario","Seneca town","New York"
"3606966289",2022,"B17001B_ChildPov","Black (Non-Hispanic)",0,0,"Ontario","Seneca town","New York"
"3606966289",2022,"B17001C_ChildPov","Native American (Non-Hispanic)",0,0,"Ontario","Seneca town","New York"
"3606966289",2022,"B17001D_ChildPov","Asian (Non-Hispanic)",0,0,"Ontario","Seneca town","New York"
"3606966289",2022,"B17001E_ChildPov","Pacific Islander (Non-Hispanic)",0,0,"Ontario","Seneca town","New York"
"3606966289",2022,"B17001F_ChildPov","Other (Non-Hispanic)",0,0,"Ontario","Seneca town","New York"
"3606966289",2022,"B17001G_ChildPov","Two or More Races (Non-Hispanic)",0,0,"Ontario","Seneca town","New York"
"3606966289",2022,"B17001H_ChildPov","White (Non-Hispanic)",3.01724137931034,7.83216178515127,"Ontario","Seneca town","New York"
"3606966289",2022,"B17001I_ChildPov","Hispanic or Latino (Any Race)",0,43.7216708706707,"Ontario","Seneca town","New York"
"3606966289",2023,"B17001B_ChildPov","Black (Non-Hispanic)",0,0,"Ontario","Seneca town","New York"
"3606966289",2023,"B17001C_ChildPov","Native American (Non-Hispanic)",0,0,"Ontario","Seneca town","New York"
"3606966289",2023,"B17001D_ChildPov","Asian (Non-Hispanic)",0,1125.83302491977,"Ontario","Seneca town","New York"
"3606966289",2023,"B17001E_ChildPov","Pacific Islander (Non-Hispanic)",0,0,"Ontario","Seneca town","New York"
"3606966289",2023,"B17001F_ChildPov","Other (Non-Hispanic)",0,375.277674973257,"Ontario","Seneca town","New York"
"3606966289",2023,"B17001G_ChildPov","Two or More Races (Non-Hispanic)",0,0,"Ontario","Seneca town","New York"
"3606966289",2023,"B17001H_ChildPov","White (Non-Hispanic)",2.70793036750484,7.01282067705344,"Ontario","Seneca town","New York"
"3606966289",2023,"B17001I_ChildPov","Hispanic or Latino (Any Race)",0,375.277674973257,"Ontario","Seneca town","New York"
"3606966289",2024,"B17001B_ChildPov","Black (Non-Hispanic)",0,0,"Ontario","Seneca town","New York"
"3606966289",2024,"B17001C_ChildPov","Native American (Non-Hispanic)",0,0,"Ontario","Seneca town","New York"
"3606966289",2024,"B17001D_ChildPov","Asian (Non-Hispanic)",0,1616.58075373095,"Ontario","Seneca town","New York"
"3606966289",2024,"B17001E_ChildPov","Pacific Islander (Non-Hispanic)",0,0,"Ontario","Seneca town","New York"
"3606966289",2024,"B17001F_ChildPov","Other (Non-Hispanic)",0,323.31615074619,"Ontario","Seneca town","New York"
"3606966289",2024,"B17001G_ChildPov","Two or More Races (Non-Hispanic)",0,0,"Ontario","Seneca town","New York"
"3606966289",2024,"B17001H_ChildPov","White (Non-Hispanic)",6.07287449392713,7.74572450590885,"Ontario","Seneca town","New York"
"3606966289",2024,"B17001I_ChildPov","Hispanic or Latino (Any Race)",0,323.31615074619,"Ontario","Seneca town","New York"
"3606968660",2017,"B17001B_ChildPov","Black (Non-Hispanic)",0,0,"Ontario","South Bristol town","New York"
"3606968660",2017,"B17001C_ChildPov","Native American (Non-Hispanic)",0,0,"Ontario","South Bristol town","New York"
"3606968660",2017,"B17001D_ChildPov","Asian (Non-Hispanic)",0,1270.17059221718,"Ontario","South Bristol town","New York"
"3606968660",2017,"B17001E_ChildPov","Pacific Islander (Non-Hispanic)",0,0,"Ontario","South Bristol town","New York"
"3606968660",2017,"B17001F_ChildPov","Other (Non-Hispanic)",0,0,"Ontario","South Bristol town","New York"
"3606968660",2017,"B17001G_ChildPov","Two or More Races (Non-Hispanic)",0,635.085296108588,"Ontario","South Bristol town","New York"
"3606968660",2017,"B17001H_ChildPov","White (Non-Hispanic)",30.6201550387597,20.0654341172362,"Ontario","South Bristol town","New York"
"3606968660",2017,"B17001I_ChildPov","Hispanic or Latino (Any Race)",0,952.627944162882,"Ontario","South Bristol town","New York"
"3606968660",2018,"B17001B_ChildPov","Black (Non-Hispanic)",0,0,"Ontario","South Bristol town","New York"
"3606968660",2018,"B17001C_ChildPov","Native American (Non-Hispanic)",0,0,"Ontario","South Bristol town","New York"
"3606968660",2018,"B17001D_ChildPov","Asian (Non-Hispanic)",0,4156.92193816531,"Ontario","South Bristol town","New York"
"3606968660",2018,"B17001E_ChildPov","Pacific Islander (Non-Hispanic)",0,0,"Ontario","South Bristol town","New York"
"3606968660",2018,"B17001F_ChildPov","Other (Non-Hispanic)",0,0,"Ontario","South Bristol town","New York"
"3606968660",2018,"B17001G_ChildPov","Two or More Races (Non-Hispanic)",0,593.845991166472,"Ontario","South Bristol town","New York"
"3606968660",2018,"B17001H_ChildPov","White (Non-Hispanic)",21.1453744493392,21.6349154041539,"Ontario","South Bristol town","New York"
"3606968660",2018,"B17001I_ChildPov","Hispanic or Latino (Any Race)",0,1039.23048454133,"Ontario","South Bristol town","New York"
"3606968660",2019,"B17001B_ChildPov","Black (Non-Hispanic)",0,4156.92193816531,"Ontario","South Bristol town","New York"
"3606968660",2019,"B17001C_ChildPov","Native American (Non-Hispanic)",0,0,"Ontario","South Bristol town","New York"
"3606968660",2019,"B17001D_ChildPov","Asian (Non-Hispanic)",0,4156.92193816531,"Ontario","South Bristol town","New York"
"3606968660",2019,"B17001E_ChildPov","Pacific Islander (Non-Hispanic)",0,0,"Ontario","South Bristol town","New York"
"3606968660",2019,"B17001F_ChildPov","Other (Non-Hispanic)",0,0,"Ontario","South Bristol town","New York"
"3606968660",2019,"B17001G_ChildPov","Two or More Races (Non-Hispanic)",0,1039.23048454133,"Ontario","South Bristol town","New York"
"3606968660",2019,"B17001H_ChildPov","White (Non-Hispanic)",1.47783251231527,19.7536757873177,"Ontario","South Bristol town","New York"
"3606968660",2019,"B17001I_ChildPov","Hispanic or Latino (Any Race)",0,1039.23048454133,"Ontario","South Bristol town","New York"
"3606968660",2020,"B17001B_ChildPov","Black (Non-Hispanic)",0,2078.46096908265,"Ontario","South Bristol town","New York"
"3606968660",2020,"B17001C_ChildPov","Native American (Non-Hispanic)",0,0,"Ontario","South Bristol town","New York"
"3606968660",2020,"B17001D_ChildPov","Asian (Non-Hispanic)",0,0,"Ontario","South Bristol town","New York"
"3606968660",2020,"B17001E_ChildPov","Pacific Islander (Non-Hispanic)",0,0,"Ontario","South Bristol town","New York"
"3606968660",2020,"B17001F_ChildPov","Other (Non-Hispanic)",0,0,"Ontario","South Bristol town","New York"
"3606968660",2020,"B17001G_ChildPov","Two or More Races (Non-Hispanic)",0,0,"Ontario","South Bristol town","New York"
"3606968660",2020,"B17001H_ChildPov","White (Non-Hispanic)",9.39226519337017,19.7708169384666,"Ontario","South Bristol town","New York"
"3606968660",2020,"B17001I_ChildPov","Hispanic or Latino (Any Race)",0,0,"Ontario","South Bristol town","New York"
"3606968660",2021,"B17001B_ChildPov","Black (Non-Hispanic)",0,1501.11069989303,"Ontario","South Bristol town","New York"
"3606968660",2021,"B17001C_ChildPov","Native American (Non-Hispanic)",0,0,"Ontario","South Bristol town","New York"
"3606968660",2021,"B17001D_ChildPov","Asian (Non-Hispanic)",0,0,"Ontario","South Bristol town","New York"
"3606968660",2021,"B17001E_ChildPov","Pacific Islander (Non-Hispanic)",0,0,"Ontario","South Bristol town","New York"
"3606968660",2021,"B17001F_ChildPov","Other (Non-Hispanic)",0,0,"Ontario","South Bristol town","New York"
"3606968660",2021,"B17001G_ChildPov","Two or More Races (Non-Hispanic)",0,750.555349946513,"Ontario","South Bristol town","New York"
"3606968660",2021,"B17001H_ChildPov","White (Non-Hispanic)",9.04255319148936,20.6459542502749,"Ontario","South Bristol town","New York"
"3606968660",2021,"B17001I_ChildPov","Hispanic or Latino (Any Race)",0,0,"Ontario","South Bristol town","New York"
"3606968660",2022,"B17001B_ChildPov","Black (Non-Hispanic)",0,1501.11069989303,"Ontario","South Bristol town","New York"
"3606968660",2022,"B17001C_ChildPov","Native American (Non-Hispanic)",0,0,"Ontario","South Bristol town","New York"
"3606968660",2022,"B17001D_ChildPov","Asian (Non-Hispanic)",0,0,"Ontario","South Bristol town","New York"
"3606968660",2022,"B17001E_ChildPov","Pacific Islander (Non-Hispanic)",0,0,"Ontario","South Bristol town","New York"
"3606968660",2022,"B17001F_ChildPov","Other (Non-Hispanic)",0,0,"Ontario","South Bristol town","New York"
"3606968660",2022,"B17001G_ChildPov","Two or More Races (Non-Hispanic)",0,500.370233297676,"Ontario","South Bristol town","New York"
"3606968660",2022,"B17001H_ChildPov","White (Non-Hispanic)",7.60233918128655,23.8685823087328,"Ontario","South Bristol town","New York"
"3606968660",2022,"B17001I_ChildPov","Hispanic or Latino (Any Race)",0,0,"Ontario","South Bristol town","New York"
"3606968660",2023,"B17001B_ChildPov","Black (Non-Hispanic)",0,1125.83302491977,"Ontario","South Bristol town","New York"
"3606968660",2023,"B17001C_ChildPov","Native American (Non-Hispanic)",0,0,"Ontario","South Bristol town","New York"
"3606968660",2023,"B17001D_ChildPov","Asian (Non-Hispanic)",0,0,"Ontario","South Bristol town","New York"
"3606968660",2023,"B17001E_ChildPov","Pacific Islander (Non-Hispanic)",0,0,"Ontario","South Bristol town","New York"
"3606968660",2023,"B17001F_ChildPov","Other (Non-Hispanic)",0,0,"Ontario","South Bristol town","New York"
"3606968660",2023,"B17001G_ChildPov","Two or More Races (Non-Hispanic)",0,346.410161513775,"Ontario","South Bristol town","New York"
"3606968660",2023,"B17001H_ChildPov","White (Non-Hispanic)",8.52272727272727,23.1544216278689,"Ontario","South Bristol town","New York"
"3606968660",2023,"B17001I_ChildPov","Hispanic or Latino (Any Race)",0,0,"Ontario","South Bristol town","New York"
"3606968660",2024,"B17001B_ChildPov","Black (Non-Hispanic)",0,0,"Ontario","South Bristol town","New York"
"3606968660",2024,"B17001C_ChildPov","Native American (Non-Hispanic)",0,0,"Ontario","South Bristol town","New York"
"3606968660",2024,"B17001D_ChildPov","Asian (Non-Hispanic)",0,0,"Ontario","South Bristol town","New York"
"3606968660",2024,"B17001E_ChildPov","Pacific Islander (Non-Hispanic)",0,0,"Ontario","South Bristol town","New York"
"3606968660",2024,"B17001F_ChildPov","Other (Non-Hispanic)",0,0,"Ontario","South Bristol town","New York"
"3606968660",2024,"B17001G_ChildPov","Two or More Races (Non-Hispanic)",0,323.31615074619,"Ontario","South Bristol town","New York"
"3606968660",2024,"B17001H_ChildPov","White (Non-Hispanic)",8.78378378378378,29.4272434334214,"Ontario","South Bristol town","New York"
"3606968660",2024,"B17001I_ChildPov","Hispanic or Latino (Any Race)",0,0,"Ontario","South Bristol town","New York"
"3606977387",2017,"B17001B_ChildPov","Black (Non-Hispanic)",0,132.667721430808,"Ontario","Victor town","New York"
"3606977387",2017,"B17001C_ChildPov","Native American (Non-Hispanic)",0,239.822419509537,"Ontario","Victor town","New York"
"3606977387",2017,"B17001D_ChildPov","Asian (Non-Hispanic)",0,52.8422280275251,"Ontario","Victor town","New York"
"3606977387",2017,"B17001E_ChildPov","Pacific Islander (Non-Hispanic)",0,0,"Ontario","Victor town","New York"
"3606977387",2017,"B17001F_ChildPov","Other (Non-Hispanic)",0,0,"Ontario","Victor town","New York"
"3606977387",2017,"B17001G_ChildPov","Two or More Races (Non-Hispanic)",0,36.6787229838115,"Ontario","Victor town","New York"
"3606977387",2017,"B17001H_ChildPov","White (Non-Hispanic)",1.29245566576495,2.01053713465761,"Ontario","Victor town","New York"
"3606977387",2017,"B17001I_ChildPov","Hispanic or Latino (Any Race)",0,178.153797349942,"Ontario","Victor town","New York"
"3606977387",2018,"B17001B_ChildPov","Black (Non-Hispanic)",0,149.586206108221,"Ontario","Victor town","New York"
"3606977387",2018,"B17001C_ChildPov","Native American (Non-Hispanic)",0,286.164916033119,"Ontario","Victor town","New York"
"3606977387",2018,"B17001D_ChildPov","Asian (Non-Hispanic)",0,56.7395954203598,"Ontario","Victor town","New York"
"3606977387",2018,"B17001E_ChildPov","Pacific Islander (Non-Hispanic)",0,0,"Ontario","Victor town","New York"
"3606977387",2018,"B17001F_ChildPov","Other (Non-Hispanic)",0,313.418717560083,"Ontario","Victor town","New York"
"3606977387",2018,"B17001G_ChildPov","Two or More Races (Non-Hispanic)",0,35.196754378405,"Ontario","Victor town","New York"
"3606977387",2018,"B17001H_ChildPov","White (Non-Hispanic)",0.250548073911682,2.00878414443064,"Ontario","Victor town","New York"
"3606977387",2018,"B17001I_ChildPov","Hispanic or Latino (Any Race)",0,146.262068194705,"Ontario","Victor town","New York"
"3606977387",2019,"B17001B_ChildPov","Black (Non-Hispanic)",0,205.681033398804,"Ontario","Victor town","New York"
"3606977387",2019,"B17001C_ChildPov","Native American (Non-Hispanic)",0,212.315905443927,"Ontario","Victor town","New York"
"3606977387",2019,"B17001D_ChildPov","Asian (Non-Hispanic)",0,56.7395954203598,"Ontario","Victor town","New York"
"3606977387",2019,"B17001E_ChildPov","Pacific Islander (Non-Hispanic)",0,0,"Ontario","Victor town","New York"
"3606977387",2019,"B17001F_ChildPov","Other (Non-Hispanic)",0,299.172412216442,"Ontario","Victor town","New York"
"3606977387",2019,"B17001G_ChildPov","Two or More Races (Non-Hispanic)",0,28.6164916033119,"Ontario","Victor town","New York"
"3606977387",2019,"B17001H_ChildPov","White (Non-Hispanic)",1.25968992248062,2.15129898640322,"Ontario","Victor town","New York"
"3606977387",2019,"B17001I_ChildPov","Hispanic or Latino (Any Race)",0,168.763924840044,"Ontario","Victor town","New York"
"3606977387",2020,"B17001B_ChildPov","Black (Non-Hispanic)",0,90.161548887147,"Ontario","Victor town","New York"
"3606977387",2020,"B17001C_ChildPov","Native American (Non-Hispanic)",0,253.145887260067,"Ontario","Victor town","New York"
"3606977387",2020,"B17001D_ChildPov","Asian (Non-Hispanic)",0,30.1917113245951,"Ontario","Victor town","New York"
"3606977387",2020,"B17001E_ChildPov","Pacific Islander (Non-Hispanic)",0,0,"Ontario","Victor town","New York"
"3606977387",2020,"B17001F_ChildPov","Other (Non-Hispanic)",0,411.362066797608,"Ontario","Victor town","New York"
"3606977387",2020,"B17001G_ChildPov","Two or More Races (Non-Hispanic)",0,33.4101171003134,"Ontario","Victor town","New York"
"3606977387",2020,"B17001H_ChildPov","White (Non-Hispanic)",1.02853351028534,2.1017776346843,"Ontario","Victor town","New York"
"3606977387",2020,"B17001I_ChildPov","Hispanic or Latino (Any Race)",0,219.393102292058,"Ontario","Victor town","New York"
"3606977387",2021,"B17001B_ChildPov","Black (Non-Hispanic)",0,187.248735953392,"Ontario","Victor town","New York"
"3606977387",2021,"B17001C_ChildPov","Native American (Non-Hispanic)",0,0,"Ontario","Victor town","New York"
"3606977387",2021,"B17001D_ChildPov","Asian (Non-Hispanic)",0,30.79201435678,"Ontario","Victor town","New York"
"3606977387",2021,"B17001E_ChildPov","Pacific Islander (Non-Hispanic)",0,0,"Ontario","Victor town","New York"
"3606977387",2021,"B17001F_ChildPov","Other (Non-Hispanic)",0,223.490426783081,"Ontario","Victor town","New York"
"3606977387",2021,"B17001G_ChildPov","Two or More Races (Non-Hispanic)",0,22.2057795842164,"Ontario","Victor town","New York"
"3606977387",2021,"B17001H_ChildPov","White (Non-Hispanic)",1.12781954887218,2.3124744616234,"Ontario","Victor town","New York"
"3606977387",2021,"B17001I_ChildPov","Hispanic or Latino (Any Race)",0,144.337567297406,"Ontario","Victor town","New York"
"3606977387",2022,"B17001B_ChildPov","Black (Non-Hispanic)",0,108.576319280437,"Ontario","Victor town","New York"
"3606977387",2022,"B17001C_ChildPov","Native American (Non-Hispanic)",0,0,"Ontario","Victor town","New York"
"3606977387",2022,"B17001D_ChildPov","Asian (Non-Hispanic)",0,26.4531396065065,"Ontario","Victor town","New York"
"3606977387",2022,"B17001E_ChildPov","Pacific Islander (Non-Hispanic)",0,0,"Ontario","Victor town","New York"
"3606977387",2022,"B17001F_ChildPov","Other (Non-Hispanic)",0,158.143769386724,"Ontario","Victor town","New York"
"3606977387",2022,"B17001G_ChildPov","Two or More Races (Non-Hispanic)",0,40.868614560614,"Ontario","Victor town","New York"
"3606977387",2022,"B17001H_ChildPov","White (Non-Hispanic)",1.03626943005181,2.24295970833354,"Ontario","Victor town","New York"
"3606977387",2022,"B17001I_ChildPov","Hispanic or Latino (Any Race)",0,145.492267835786,"Ontario","Victor town","New York"
"3606977387",2023,"B17001B_ChildPov","Black (Non-Hispanic)",0,134.715062810913,"Ontario","Victor town","New York"
"3606977387",2023,"B17001C_ChildPov","Native American (Non-Hispanic)",0,0,"Ontario","Victor town","New York"
"3606977387",2023,"B17001D_ChildPov","Asian (Non-Hispanic)",0,36.1921064268124,"Ontario","Victor town","New York"
"3606977387",2023,"B17001E_ChildPov","Pacific Islander (Non-Hispanic)",0,0,"Ontario","Victor town","New York"
"3606977387",2023,"B17001F_ChildPov","Other (Non-Hispanic)",0,661.328490162662,"Ontario","Victor town","New York"
"3606977387",2023,"B17001G_ChildPov","Two or More Races (Non-Hispanic)",0,32.331615074619,"Ontario","Victor town","New York"
"3606977387",2023,"B17001H_ChildPov","White (Non-Hispanic)",0.838644750083865,2.43172845286031,"Ontario","Victor town","New York"
"3606977387",2023,"B17001I_ChildPov","Hispanic or Latino (Any Race)",0,45.466333698683,"Ontario","Victor town","New York"
"3606977387",2024,"B17001B_ChildPov","Black (Non-Hispanic)",0,132.265698032532,"Ontario","Victor town","New York"
"3606977387",2024,"B17001C_ChildPov","Native American (Non-Hispanic)",0,0,"Ontario","Victor town","New York"
"3606977387",2024,"B17001D_ChildPov","Asian (Non-Hispanic)",0,41.5692193816531,"Ontario","Victor town","New York"
"3606977387",2024,"B17001E_ChildPov","Pacific Islander (Non-Hispanic)",0,0,"Ontario","Victor town","New York"
"3606977387",2024,"B17001F_ChildPov","Other (Non-Hispanic)",0,727.461339178928,"Ontario","Victor town","New York"
"3606977387",2024,"B17001G_ChildPov","Two or More Races (Non-Hispanic)",0,15.7800724333824,"Ontario","Victor town","New York"
"3606977387",2024,"B17001H_ChildPov","White (Non-Hispanic)",1.03313145707161,2.40252805332816,"Ontario","Victor town","New York"
"3606977387",2024,"B17001I_ChildPov","Hispanic or Latino (Any Race)",0,29.215314826463,"Ontario","Victor town","New York"
"3606979356",2017,"B17001B_ChildPov","Black (Non-Hispanic)",0,0,"Ontario","West Bloomfield town","New York"
"3606979356",2017,"B17001C_ChildPov","Native American (Non-Hispanic)",0,0,"Ontario","West Bloomfield town","New York"
"3606979356",2017,"B17001D_ChildPov","Asian (Non-Hispanic)",0,0,"Ontario","West Bloomfield town","New York"
"3606979356",2017,"B17001E_ChildPov","Pacific Islander (Non-Hispanic)",0,0,"Ontario","West Bloomfield town","New York"
"3606979356",2017,"B17001F_ChildPov","Other (Non-Hispanic)",0,476.313972081441,"Ontario","West Bloomfield town","New York"
"3606979356",2017,"B17001G_ChildPov","Two or More Races (Non-Hispanic)",0,423.390197405726,"Ontario","West Bloomfield town","New York"
"3606979356",2017,"B17001H_ChildPov","White (Non-Hispanic)",9.74358974358974,9.20346514653406,"Ontario","West Bloomfield town","New York"
"3606979356",2017,"B17001I_ChildPov","Hispanic or Latino (Any Race)",0,165.674425071806,"Ontario","West Bloomfield town","New York"
"3606979356",2018,"B17001B_ChildPov","Black (Non-Hispanic)",0,0,"Ontario","West Bloomfield town","New York"
"3606979356",2018,"B17001C_ChildPov","Native American (Non-Hispanic)",0,0,"Ontario","West Bloomfield town","New York"
"3606979356",2018,"B17001D_ChildPov","Asian (Non-Hispanic)",0,0,"Ontario","West Bloomfield town","New York"
"3606979356",2018,"B17001E_ChildPov","Pacific Islander (Non-Hispanic)",0,0,"Ontario","West Bloomfield town","New York"
"3606979356",2018,"B17001F_ChildPov","Other (Non-Hispanic)",0,593.845991166472,"Ontario","West Bloomfield town","New York"
"3606979356",2018,"B17001G_ChildPov","Two or More Races (Non-Hispanic)",0,0,"Ontario","West Bloomfield town","New York"
"3606979356",2018,"B17001H_ChildPov","White (Non-Hispanic)",15.8150851581509,10.713910680242,"Ontario","West Bloomfield town","New York"
"3606979356",2018,"B17001I_ChildPov","Hispanic or Latino (Any Race)",0,143.342135798804,"Ontario","West Bloomfield town","New York"
"3606979356",2019,"B17001B_ChildPov","Black (Non-Hispanic)",0,0,"Ontario","West Bloomfield town","New York"
"3606979356",2019,"B17001C_ChildPov","Native American (Non-Hispanic)",0,0,"Ontario","West Bloomfield town","New York"
"3606979356",2019,"B17001D_ChildPov","Asian (Non-Hispanic)",0,0,"Ontario","West Bloomfield town","New York"
"3606979356",2019,"B17001E_ChildPov","Pacific Islander (Non-Hispanic)",0,0,"Ontario","West Bloomfield town","New York"
"3606979356",2019,"B17001F_ChildPov","Other (Non-Hispanic)",0,461.880215351701,"Ontario","West Bloomfield town","New York"
"3606979356",2019,"B17001G_ChildPov","Two or More Races (Non-Hispanic)",0,0,"Ontario","West Bloomfield town","New York"
"3606979356",2019,"B17001H_ChildPov","White (Non-Hispanic)",18.705035971223,9.42028714304521,"Ontario","West Bloomfield town","New York"
"3606979356",2019,"B17001I_ChildPov","Hispanic or Latino (Any Race)",0,118.769198233294,"Ontario","West Bloomfield town","New York"
"3606979356",2020,"B17001B_ChildPov","Black (Non-Hispanic)",0,0,"Ontario","West Bloomfield town","New York"
"3606979356",2020,"B17001C_ChildPov","Native American (Non-Hispanic)",0,0,"Ontario","West Bloomfield town","New York"
"3606979356",2020,"B17001D_ChildPov","Asian (Non-Hispanic)",0,0,"Ontario","West Bloomfield town","New York"
"3606979356",2020,"B17001E_ChildPov","Pacific Islander (Non-Hispanic)",0,0,"Ontario","West Bloomfield town","New York"
"3606979356",2020,"B17001F_ChildPov","Other (Non-Hispanic)",0,593.845991166472,"Ontario","West Bloomfield town","New York"
"3606979356",2020,"B17001G_ChildPov","Two or More Races (Non-Hispanic)",0,125.967331459555,"Ontario","West Bloomfield town","New York"
"3606979356",2020,"B17001H_ChildPov","White (Non-Hispanic)",23.0569948186528,14.9500297222799,"Ontario","West Bloomfield town","New York"
"3606979356",2020,"B17001I_ChildPov","Hispanic or Latino (Any Race)",0,122.262409946038,"Ontario","West Bloomfield town","New York"
"3606979356",2021,"B17001B_ChildPov","Black (Non-Hispanic)",0,0,"Ontario","West Bloomfield town","New York"
"3606979356",2021,"B17001C_ChildPov","Native American (Non-Hispanic)",0,0,"Ontario","West Bloomfield town","New York"
"3606979356",2021,"B17001D_ChildPov","Asian (Non-Hispanic)",0,0,"Ontario","West Bloomfield town","New York"
"3606979356",2021,"B17001E_ChildPov","Pacific Islander (Non-Hispanic)",0,0,"Ontario","West Bloomfield town","New York"
"3606979356",2021,"B17001F_ChildPov","Other (Non-Hispanic)",0,562.916512459885,"Ontario","West Bloomfield town","New York"
"3606979356",2021,"B17001G_ChildPov","Two or More Races (Non-Hispanic)",0,115.470053837925,"Ontario","West Bloomfield town","New York"
"3606979356",2021,"B17001H_ChildPov","White (Non-Hispanic)",17.6600441501104,13.66939347509,"Ontario","West Bloomfield town","New York"
"3606979356",2021,"B17001I_ChildPov","Hispanic or Latino (Any Race)",0,160.833289274253,"Ontario","West Bloomfield town","New York"
"3606979356",2022,"B17001B_ChildPov","Black (Non-Hispanic)",0,0,"Ontario","West Bloomfield town","New York"
"3606979356",2022,"B17001C_ChildPov","Native American (Non-Hispanic)",0,0,"Ontario","West Bloomfield town","New York"
"3606979356",2022,"B17001D_ChildPov","Asian (Non-Hispanic)",0,0,"Ontario","West Bloomfield town","New York"
"3606979356",2022,"B17001E_ChildPov","Pacific Islander (Non-Hispanic)",0,0,"Ontario","West Bloomfield town","New York"
"3606979356",2022,"B17001F_ChildPov","Other (Non-Hispanic)",0,0,"Ontario","West Bloomfield town","New York"
"3606979356",2022,"B17001G_ChildPov","Two or More Races (Non-Hispanic)",0,128.666631419402,"Ontario","West Bloomfield town","New York"
"3606979356",2022,"B17001H_ChildPov","White (Non-Hispanic)",20.4176334106729,14.3005188617288,"Ontario","West Bloomfield town","New York"
"3606979356",2022,"B17001I_ChildPov","Hispanic or Latino (Any Race)",0,237.017478930478,"Ontario","West Bloomfield town","New York"
"3606979356",2023,"B17001B_ChildPov","Black (Non-Hispanic)",0,0,"Ontario","West Bloomfield town","New York"
"3606979356",2023,"B17001C_ChildPov","Native American (Non-Hispanic)",0,0,"Ontario","West Bloomfield town","New York"
"3606979356",2023,"B17001D_ChildPov","Asian (Non-Hispanic)",0,0,"Ontario","West Bloomfield town","New York"
"3606979356",2023,"B17001E_ChildPov","Pacific Islander (Non-Hispanic)",0,0,"Ontario","West Bloomfield town","New York"
"3606979356",2023,"B17001F_ChildPov","Other (Non-Hispanic)",0,0,"Ontario","West Bloomfield town","New York"
"3606979356",2023,"B17001G_ChildPov","Two or More Races (Non-Hispanic)",0,90.0666419935816,"Ontario","West Bloomfield town","New York"
"3606979356",2023,"B17001H_ChildPov","White (Non-Hispanic)",20.9134615384615,17.372730993294,"Ontario","West Bloomfield town","New York"
"3606979356",2023,"B17001I_ChildPov","Hispanic or Latino (Any Race)",0,281.458256229943,"Ontario","West Bloomfield town","New York"
"3606979356",2024,"B17001B_ChildPov","Black (Non-Hispanic)",0,0,"Ontario","West Bloomfield town","New York"
"3606979356",2024,"B17001C_ChildPov","Native American (Non-Hispanic)",0,0,"Ontario","West Bloomfield town","New York"
"3606979356",2024,"B17001D_ChildPov","Asian (Non-Hispanic)",0,269.430125621825,"Ontario","West Bloomfield town","New York"
"3606979356",2024,"B17001E_ChildPov","Pacific Islander (Non-Hispanic)",0,0,"Ontario","West Bloomfield town","New York"
"3606979356",2024,"B17001F_ChildPov","Other (Non-Hispanic)",0,0,"Ontario","West Bloomfield town","New York"
"3606979356",2024,"B17001G_ChildPov","Two or More Races (Non-Hispanic)",0,89.8100418739418,"Ontario","West Bloomfield town","New York"
"3606979356",2024,"B17001H_ChildPov","White (Non-Hispanic)",5.26315789473684,13.4762892917113,"Ontario","West Bloomfield town","New York"
"3606979356",2024,"B17001I_ChildPov","Hispanic or Latino (Any Race)",0,220.442830054221,"Ontario","West Bloomfield town","New York"
"3607300000",2017,"B17001B_ChildPov","Black (Non-Hispanic)",0,0,"Orleans","County subdivisions not defined","New York"
"3607300000",2017,"B17001C_ChildPov","Native American (Non-Hispanic)",0,0,"Orleans","County subdivisions not defined","New York"
"3607300000",2017,"B17001D_ChildPov","Asian (Non-Hispanic)",0,0,"Orleans","County subdivisions not defined","New York"
"3607300000",2017,"B17001E_ChildPov","Pacific Islander (Non-Hispanic)",0,0,"Orleans","County subdivisions not defined","New York"
"3607300000",2017,"B17001F_ChildPov","Other (Non-Hispanic)",0,0,"Orleans","County subdivisions not defined","New York"
"3607300000",2017,"B17001G_ChildPov","Two or More Races (Non-Hispanic)",0,0,"Orleans","County subdivisions not defined","New York"
"3607300000",2017,"B17001H_ChildPov","White (Non-Hispanic)",0,0,"Orleans","County subdivisions not defined","New York"
"3607300000",2017,"B17001I_ChildPov","Hispanic or Latino (Any Race)",0,0,"Orleans","County subdivisions not defined","New York"
"3607300000",2018,"B17001B_ChildPov","Black (Non-Hispanic)",0,0,"Orleans","County subdivisions not defined","New York"
"3607300000",2018,"B17001C_ChildPov","Native American (Non-Hispanic)",0,0,"Orleans","County subdivisions not defined","New York"
"3607300000",2018,"B17001D_ChildPov","Asian (Non-Hispanic)",0,0,"Orleans","County subdivisions not defined","New York"
"3607300000",2018,"B17001E_ChildPov","Pacific Islander (Non-Hispanic)",0,0,"Orleans","County subdivisions not defined","New York"
"3607300000",2018,"B17001F_ChildPov","Other (Non-Hispanic)",0,0,"Orleans","County subdivisions not defined","New York"
"3607300000",2018,"B17001G_ChildPov","Two or More Races (Non-Hispanic)",0,0,"Orleans","County subdivisions not defined","New York"
"3607300000",2018,"B17001H_ChildPov","White (Non-Hispanic)",0,0,"Orleans","County subdivisions not defined","New York"
"3607300000",2018,"B17001I_ChildPov","Hispanic or Latino (Any Race)",0,0,"Orleans","County subdivisions not defined","New York"
"3607300000",2019,"B17001B_ChildPov","Black (Non-Hispanic)",0,0,"Orleans","County subdivisions not defined","New York"
"3607300000",2019,"B17001C_ChildPov","Native American (Non-Hispanic)",0,0,"Orleans","County subdivisions not defined","New York"
"3607300000",2019,"B17001D_ChildPov","Asian (Non-Hispanic)",0,0,"Orleans","County subdivisions not defined","New York"
"3607300000",2019,"B17001E_ChildPov","Pacific Islander (Non-Hispanic)",0,0,"Orleans","County subdivisions not defined","New York"
"3607300000",2019,"B17001F_ChildPov","Other (Non-Hispanic)",0,0,"Orleans","County subdivisions not defined","New York"
"3607300000",2019,"B17001G_ChildPov","Two or More Races (Non-Hispanic)",0,0,"Orleans","County subdivisions not defined","New York"
"3607300000",2019,"B17001H_ChildPov","White (Non-Hispanic)",0,0,"Orleans","County subdivisions not defined","New York"
"3607300000",2019,"B17001I_ChildPov","Hispanic or Latino (Any Race)",0,0,"Orleans","County subdivisions not defined","New York"
"3607300000",2020,"B17001B_ChildPov","Black (Non-Hispanic)",0,0,"Orleans","County subdivisions not defined","New York"
"3607300000",2020,"B17001C_ChildPov","Native American (Non-Hispanic)",0,0,"Orleans","County subdivisions not defined","New York"
"3607300000",2020,"B17001D_ChildPov","Asian (Non-Hispanic)",0,0,"Orleans","County subdivisions not defined","New York"
"3607300000",2020,"B17001E_ChildPov","Pacific Islander (Non-Hispanic)",0,0,"Orleans","County subdivisions not defined","New York"
"3607300000",2020,"B17001F_ChildPov","Other (Non-Hispanic)",0,0,"Orleans","County subdivisions not defined","New York"
"3607300000",2020,"B17001G_ChildPov","Two or More Races (Non-Hispanic)",0,0,"Orleans","County subdivisions not defined","New York"
"3607300000",2020,"B17001H_ChildPov","White (Non-Hispanic)",0,0,"Orleans","County subdivisions not defined","New York"
"3607300000",2020,"B17001I_ChildPov","Hispanic or Latino (Any Race)",0,0,"Orleans","County subdivisions not defined","New York"
"3607300000",2021,"B17001B_ChildPov","Black (Non-Hispanic)",0,0,"Orleans","County subdivisions not defined","New York"
"3607300000",2021,"B17001C_ChildPov","Native American (Non-Hispanic)",0,0,"Orleans","County subdivisions not defined","New York"
"3607300000",2021,"B17001D_ChildPov","Asian (Non-Hispanic)",0,0,"Orleans","County subdivisions not defined","New York"
"3607300000",2021,"B17001E_ChildPov","Pacific Islander (Non-Hispanic)",0,0,"Orleans","County subdivisions not defined","New York"
"3607300000",2021,"B17001F_ChildPov","Other (Non-Hispanic)",0,0,"Orleans","County subdivisions not defined","New York"
"3607300000",2021,"B17001G_ChildPov","Two or More Races (Non-Hispanic)",0,0,"Orleans","County subdivisions not defined","New York"
"3607300000",2021,"B17001H_ChildPov","White (Non-Hispanic)",0,0,"Orleans","County subdivisions not defined","New York"
"3607300000",2021,"B17001I_ChildPov","Hispanic or Latino (Any Race)",0,0,"Orleans","County subdivisions not defined","New York"
"3607300000",2022,"B17001B_ChildPov","Black (Non-Hispanic)",0,0,"Orleans","County subdivisions not defined","New York"
"3607300000",2022,"B17001C_ChildPov","Native American (Non-Hispanic)",0,0,"Orleans","County subdivisions not defined","New York"
"3607300000",2022,"B17001D_ChildPov","Asian (Non-Hispanic)",0,0,"Orleans","County subdivisions not defined","New York"
"3607300000",2022,"B17001E_ChildPov","Pacific Islander (Non-Hispanic)",0,0,"Orleans","County subdivisions not defined","New York"
"3607300000",2022,"B17001F_ChildPov","Other (Non-Hispanic)",0,0,"Orleans","County subdivisions not defined","New York"
"3607300000",2022,"B17001G_ChildPov","Two or More Races (Non-Hispanic)",0,0,"Orleans","County subdivisions not defined","New York"
"3607300000",2022,"B17001H_ChildPov","White (Non-Hispanic)",0,0,"Orleans","County subdivisions not defined","New York"
"3607300000",2022,"B17001I_ChildPov","Hispanic or Latino (Any Race)",0,0,"Orleans","County subdivisions not defined","New York"
"3607300000",2023,"B17001B_ChildPov","Black (Non-Hispanic)",0,0,"Orleans","County subdivisions not defined","New York"
"3607300000",2023,"B17001C_ChildPov","Native American (Non-Hispanic)",0,0,"Orleans","County subdivisions not defined","New York"
"3607300000",2023,"B17001D_ChildPov","Asian (Non-Hispanic)",0,0,"Orleans","County subdivisions not defined","New York"
"3607300000",2023,"B17001E_ChildPov","Pacific Islander (Non-Hispanic)",0,0,"Orleans","County subdivisions not defined","New York"
"3607300000",2023,"B17001F_ChildPov","Other (Non-Hispanic)",0,0,"Orleans","County subdivisions not defined","New York"
"3607300000",2023,"B17001G_ChildPov","Two or More Races (Non-Hispanic)",0,0,"Orleans","County subdivisions not defined","New York"
"3607300000",2023,"B17001H_ChildPov","White (Non-Hispanic)",0,0,"Orleans","County subdivisions not defined","New York"
"3607300000",2023,"B17001I_ChildPov","Hispanic or Latino (Any Race)",0,0,"Orleans","County subdivisions not defined","New York"
"3607300000",2024,"B17001B_ChildPov","Black (Non-Hispanic)",0,0,"Orleans","County subdivisions not defined","New York"
"3607300000",2024,"B17001C_ChildPov","Native American (Non-Hispanic)",0,0,"Orleans","County subdivisions not defined","New York"
"3607300000",2024,"B17001D_ChildPov","Asian (Non-Hispanic)",0,0,"Orleans","County subdivisions not defined","New York"
"3607300000",2024,"B17001E_ChildPov","Pacific Islander (Non-Hispanic)",0,0,"Orleans","County subdivisions not defined","New York"
"3607300000",2024,"B17001F_ChildPov","Other (Non-Hispanic)",0,0,"Orleans","County subdivisions not defined","New York"
"3607300000",2024,"B17001G_ChildPov","Two or More Races (Non-Hispanic)",0,0,"Orleans","County subdivisions not defined","New York"
"3607300000",2024,"B17001H_ChildPov","White (Non-Hispanic)",0,0,"Orleans","County subdivisions not defined","New York"
"3607300000",2024,"B17001I_ChildPov","Hispanic or Latino (Any Race)",0,0,"Orleans","County subdivisions not defined","New York"
"3607301044",2017,"B17001B_ChildPov","Black (Non-Hispanic)",0,53.8112872254408,"Orleans","Albion town","New York"
"3607301044",2017,"B17001C_ChildPov","Native American (Non-Hispanic)",0,0,"Orleans","Albion town","New York"
"3607301044",2017,"B17001D_ChildPov","Asian (Non-Hispanic)",0,0,"Orleans","Albion town","New York"
"3607301044",2017,"B17001E_ChildPov","Pacific Islander (Non-Hispanic)",0,0,"Orleans","Albion town","New York"
"3607301044",2017,"B17001F_ChildPov","Other (Non-Hispanic)",93.0232558139535,135.78508094446,"Orleans","Albion town","New York"
"3607301044",2017,"B17001G_ChildPov","Two or More Races (Non-Hispanic)",0,98.9743318610787,"Orleans","Albion town","New York"
"3607301044",2017,"B17001H_ChildPov","White (Non-Hispanic)",30.6142034548944,14.0227562074574,"Orleans","Albion town","New York"
"3607301044",2017,"B17001I_ChildPov","Hispanic or Latino (Any Race)",94.9152542372881,99.5518076951102,"Orleans","Albion town","New York"
"3607301044",2018,"B17001B_ChildPov","Black (Non-Hispanic)",0,36.5774704703987,"Orleans","Albion town","New York"
"3607301044",2018,"B17001C_ChildPov","Native American (Non-Hispanic)",0,0,"Orleans","Albion town","New York"
"3607301044",2018,"B17001D_ChildPov","Asian (Non-Hispanic)",0,0,"Orleans","Albion town","New York"
"3607301044",2018,"B17001E_ChildPov","Pacific Islander (Non-Hispanic)",0,0,"Orleans","Albion town","New York"
"3607301044",2018,"B17001F_ChildPov","Other (Non-Hispanic)",86.1702127659574,122.275042842455,"Orleans","Albion town","New York"
"3607301044",2018,"B17001G_ChildPov","Two or More Races (Non-Hispanic)",0,80.6708595306052,"Orleans","Albion town","New York"
"3607301044",2018,"B17001H_ChildPov","White (Non-Hispanic)",16.5009940357853,10.1838291708253,"Orleans","Albion town","New York"
"3607301044",2018,"B17001I_ChildPov","Hispanic or Latino (Any Race)",86.1702127659574,122.275042842455,"Orleans","Albion town","New York"
"3607301044",2019,"B17001B_ChildPov","Black (Non-Hispanic)",0,109.055050846929,"Orleans","Albion town","New York"
"3607301044",2019,"B17001C_ChildPov","Native American (Non-Hispanic)",0,0,"Orleans","Albion town","New York"
"3607301044",2019,"B17001D_ChildPov","Asian (Non-Hispanic)",0,0,"Orleans","Albion town","New York"
"3607301044",2019,"B17001E_ChildPov","Pacific Islander (Non-Hispanic)",0,0,"Orleans","Albion town","New York"
"3607301044",2019,"B17001F_ChildPov","Other (Non-Hispanic)",0,163.582576270394,"Orleans","Albion town","New York"
"3607301044",2019,"B17001G_ChildPov","Two or More Races (Non-Hispanic)",0,43.6220203387717,"Orleans","Albion town","New York"
"3607301044",2019,"B17001H_ChildPov","White (Non-Hispanic)",17.1717171717172,10.5392235069509,"Orleans","Albion town","New York"
"3607301044",2019,"B17001I_ChildPov","Hispanic or Latino (Any Race)",0,128.021146646395,"Orleans","Albion town","New York"
"3607301044",2020,"B17001B_ChildPov","Black (Non-Hispanic)",0,109.055050846929,"Orleans","Albion town","New York"
"3607301044",2020,"B17001C_ChildPov","Native American (Non-Hispanic)",0,0,"Orleans","Albion town","New York"
"3607301044",2020,"B17001D_ChildPov","Asian (Non-Hispanic)",0,0,"Orleans","Albion town","New York"
"3607301044",2020,"B17001E_ChildPov","Pacific Islander (Non-Hispanic)",0,0,"Orleans","Albion town","New York"
"3607301044",2020,"B17001F_ChildPov","Other (Non-Hispanic)",0,0,"Orleans","Albion town","New York"
"3607301044",2020,"B17001G_ChildPov","Two or More Races (Non-Hispanic)",0,36.3516836156431,"Orleans","Albion town","New York"
"3607301044",2020,"B17001H_ChildPov","White (Non-Hispanic)",18.9218921892189,11.5269011083199,"Orleans","Albion town","New York"
"3607301044",2020,"B17001I_ChildPov","Hispanic or Latino (Any Race)",0,203.068025714972,"Orleans","Albion town","New York"
"3607301044",2021,"B17001B_ChildPov","Black (Non-Hispanic)",0,66.3338607154038,"Orleans","Albion town","New York"
"3607301044",2021,"B17001C_ChildPov","Native American (Non-Hispanic)",0,0,"Orleans","Albion town","New York"
"3607301044",2021,"B17001D_ChildPov","Asian (Non-Hispanic)",0,0,"Orleans","Albion town","New York"
"3607301044",2021,"B17001E_ChildPov","Pacific Islander (Non-Hispanic)",0,0,"Orleans","Albion town","New York"
"3607301044",2021,"B17001F_ChildPov","Other (Non-Hispanic)",0,0,"Orleans","Albion town","New York"
"3607301044",2021,"B17001G_ChildPov","Two or More Races (Non-Hispanic)",12.962962962963,39.2327703427658,"Orleans","Albion town","New York"
"3607301044",2021,"B17001H_ChildPov","White (Non-Hispanic)",18.0159635119726,14.4802082562218,"Orleans","Albion town","New York"
"3607301044",2021,"B17001I_ChildPov","Hispanic or Latino (Any Race)",0,201.141384104773,"Orleans","Albion town","New York"
"3607301044",2022,"B17001B_ChildPov","Black (Non-Hispanic)",24.5,34.6842506586203,"Orleans","Albion town","New York"
"3607301044",2022,"B17001C_ChildPov","Native American (Non-Hispanic)",0,0,"Orleans","Albion town","New York"
"3607301044",2022,"B17001D_ChildPov","Asian (Non-Hispanic)",0,0,"Orleans","Albion town","New York"
"3607301044",2022,"B17001E_ChildPov","Pacific Islander (Non-Hispanic)",0,0,"Orleans","Albion town","New York"
"3607301044",2022,"B17001F_ChildPov","Other (Non-Hispanic)",0,0,"Orleans","Albion town","New York"
"3607301044",2022,"B17001G_ChildPov","Two or More Races (Non-Hispanic)",11.3475177304965,50.2767566891737,"Orleans","Albion town","New York"
"3607301044",2022,"B17001H_ChildPov","White (Non-Hispanic)",18.3850931677019,15.0794808762774,"Orleans","Albion town","New York"
"3607301044",2022,"B17001I_ChildPov","Hispanic or Latino (Any Race)",0,57.2329832066238,"Orleans","Albion town","New York"
"3607301044",2023,"B17001B_ChildPov","Black (Non-Hispanic)",100,243.842115738541,"Orleans","Albion town","New York"
"3607301044",2023,"B17001C_ChildPov","Native American (Non-Hispanic)",0,199.448274810962,"Orleans","Albion town","New York"
"3607301044",2023,"B17001D_ChildPov","Asian (Non-Hispanic)",0,0,"Orleans","Albion town","New York"
"3607301044",2023,"B17001E_ChildPov","Pacific Islander (Non-Hispanic)",0,0,"Orleans","Albion town","New York"
"3607301044",2023,"B17001F_ChildPov","Other (Non-Hispanic)",0,0,"Orleans","Albion town","New York"
"3607301044",2023,"B17001G_ChildPov","Two or More Races (Non-Hispanic)",1.01010101010101,36.3983409874414,"Orleans","Albion town","New York"
"3607301044",2023,"B17001H_ChildPov","White (Non-Hispanic)",18.361581920904,16.1061770713474,"Orleans","Albion town","New York"
"3607301044",2023,"B17001I_ChildPov","Hispanic or Latino (Any Race)",0,57.7350269189626,"Orleans","Albion town","New York"
"3607301044",2024,"B17001B_ChildPov","Black (Non-Hispanic)",38.2352941176471,43.1898441862534,"Orleans","Albion town","New York"
"3607301044",2024,"B17001C_ChildPov","Native American (Non-Hispanic)",0,212.315905443927,"Orleans","Albion town","New York"
"3607301044",2024,"B17001D_ChildPov","Asian (Non-Hispanic)",0,0,"Orleans","Albion town","New York"
"3607301044",2024,"B17001E_ChildPov","Pacific Islander (Non-Hispanic)",0,0,"Orleans","Albion town","New York"
"3607301044",2024,"B17001F_ChildPov","Other (Non-Hispanic)",0,0,"Orleans","Albion town","New York"
"3607301044",2024,"B17001G_ChildPov","Two or More Races (Non-Hispanic)",8.8,26.9391733444068,"Orleans","Albion town","New York"
"3607301044",2024,"B17001H_ChildPov","White (Non-Hispanic)",22.7574750830565,19.234205566202,"Orleans","Albion town","New York"
"3607301044",2024,"B17001I_ChildPov","Hispanic or Latino (Any Race)",0,33.926768395679,"Orleans","Albion town","New York"
"3607304572",2017,"B17001B_ChildPov","Black (Non-Hispanic)",0,0,"Orleans","Barre town","New York"
"3607304572",2017,"B17001C_ChildPov","Native American (Non-Hispanic)",0,0,"Orleans","Barre town","New York"
"3607304572",2017,"B17001D_ChildPov","Asian (Non-Hispanic)",0,0,"Orleans","Barre town","New York"
"3607304572",2017,"B17001E_ChildPov","Pacific Islander (Non-Hispanic)",0,0,"Orleans","Barre town","New York"
"3607304572",2017,"B17001F_ChildPov","Other (Non-Hispanic)",0,762.102355330306,"Orleans","Barre town","New York"
"3607304572",2017,"B17001G_ChildPov","Two or More Races (Non-Hispanic)",0,952.627944162882,"Orleans","Barre town","New York"
"3607304572",2017,"B17001H_ChildPov","White (Non-Hispanic)",14.041095890411,9.94819731250582,"Orleans","Barre town","New York"
"3607304572",2017,"B17001I_ChildPov","Hispanic or Latino (Any Race)",0,181.452941745311,"Orleans","Barre town","New York"
"3607304572",2018,"B17001B_ChildPov","Black (Non-Hispanic)",0,0,"Orleans","Barre town","New York"
"3607304572",2018,"B17001C_ChildPov","Native American (Non-Hispanic)",0,0,"Orleans","Barre town","New York"
"3607304572",2018,"B17001D_ChildPov","Asian (Non-Hispanic)",0,0,"Orleans","Barre town","New York"
"3607304572",2018,"B17001E_ChildPov","Pacific Islander (Non-Hispanic)",0,0,"Orleans","Barre town","New York"
"3607304572",2018,"B17001F_ChildPov","Other (Non-Hispanic)",0,1039.23048454133,"Orleans","Barre town","New York"
"3607304572",2018,"B17001G_ChildPov","Two or More Races (Non-Hispanic)",0,1385.6406460551,"Orleans","Barre town","New York"
"3607304572",2018,"B17001H_ChildPov","White (Non-Hispanic)",21.7543859649123,9.72518122260503,"Orleans","Barre town","New York"
"3607304572",2018,"B17001I_ChildPov","Hispanic or Latino (Any Race)",0,244.524819892077,"Orleans","Barre town","New York"
"3607304572",2019,"B17001B_ChildPov","Black (Non-Hispanic)",0,0,"Orleans","Barre town","New York"
"3607304572",2019,"B17001C_ChildPov","Native American (Non-Hispanic)",0,0,"Orleans","Barre town","New York"
"3607304572",2019,"B17001D_ChildPov","Asian (Non-Hispanic)",0,0,"Orleans","Barre town","New York"
"3607304572",2019,"B17001E_ChildPov","Pacific Islander (Non-Hispanic)",0,0,"Orleans","Barre town","New York"
"3607304572",2019,"B17001F_ChildPov","Other (Non-Hispanic)",0,0,"Orleans","Barre town","New York"
"3607304572",2019,"B17001G_ChildPov","Two or More Races (Non-Hispanic)",0,692.820323027551,"Orleans","Barre town","New York"
"3607304572",2019,"B17001H_ChildPov","White (Non-Hispanic)",16.6051660516605,11.1919876492538,"Orleans","Barre town","New York"
"3607304572",2019,"B17001I_ChildPov","Hispanic or Latino (Any Race)",0,0,"Orleans","Barre town","New York"
"3607304572",2020,"B17001B_ChildPov","Black (Non-Hispanic)",0,0,"Orleans","Barre town","New York"
"3607304572",2020,"B17001C_ChildPov","Native American (Non-Hispanic)",0,0,"Orleans","Barre town","New York"
"3607304572",2020,"B17001D_ChildPov","Asian (Non-Hispanic)",0,0,"Orleans","Barre town","New York"
"3607304572",2020,"B17001E_ChildPov","Pacific Islander (Non-Hispanic)",0,0,"Orleans","Barre town","New York"
"3607304572",2020,"B17001F_ChildPov","Other (Non-Hispanic)",0,0,"Orleans","Barre town","New York"
"3607304572",2020,"B17001G_ChildPov","Two or More Races (Non-Hispanic)",0,0,"Orleans","Barre town","New York"
"3607304572",2020,"B17001H_ChildPov","White (Non-Hispanic)",46.6666666666667,24.0826970311943,"Orleans","Barre town","New York"
"3607304572",2020,"B17001I_ChildPov","Hispanic or Latino (Any Race)",0,0,"Orleans","Barre town","New York"
"3607304572",2021,"B17001B_ChildPov","Black (Non-Hispanic)",0,0,"Orleans","Barre town","New York"
"3607304572",2021,"B17001C_ChildPov","Native American (Non-Hispanic)",0,0,"Orleans","Barre town","New York"
"3607304572",2021,"B17001D_ChildPov","Asian (Non-Hispanic)",0,0,"Orleans","Barre town","New York"
"3607304572",2021,"B17001E_ChildPov","Pacific Islander (Non-Hispanic)",0,0,"Orleans","Barre town","New York"
"3607304572",2021,"B17001F_ChildPov","Other (Non-Hispanic)",0,0,"Orleans","Barre town","New York"
"3607304572",2021,"B17001G_ChildPov","Two or More Races (Non-Hispanic)",0,1501.11069989303,"Orleans","Barre town","New York"
"3607304572",2021,"B17001H_ChildPov","White (Non-Hispanic)",43.4004474272931,20.0053621366001,"Orleans","Barre town","New York"
"3607304572",2021,"B17001I_ChildPov","Hispanic or Latino (Any Race)",0,0,"Orleans","Barre town","New York"
"3607304572",2022,"B17001B_ChildPov","Black (Non-Hispanic)",0,0,"Orleans","Barre town","New York"
"3607304572",2022,"B17001C_ChildPov","Native American (Non-Hispanic)",0,0,"Orleans","Barre town","New York"
"3607304572",2022,"B17001D_ChildPov","Asian (Non-Hispanic)",0,0,"Orleans","Barre town","New York"
"3607304572",2022,"B17001E_ChildPov","Pacific Islander (Non-Hispanic)",0,0,"Orleans","Barre town","New York"
"3607304572",2022,"B17001F_ChildPov","Other (Non-Hispanic)",0,0,"Orleans","Barre town","New York"
"3607304572",2022,"B17001G_ChildPov","Two or More Races (Non-Hispanic)",61.5384615384615,175.095946228034,"Orleans","Barre town","New York"
"3607304572",2022,"B17001H_ChildPov","White (Non-Hispanic)",46.0043196544276,21.4930963534948,"Orleans","Barre town","New York"
"3607304572",2022,"B17001I_ChildPov","Hispanic or Latino (Any Race)",0,0,"Orleans","Barre town","New York"
"3607304572",2023,"B17001B_ChildPov","Black (Non-Hispanic)",0,450.333209967908,"Orleans","Barre town","New York"
"3607304572",2023,"B17001C_ChildPov","Native American (Non-Hispanic)",0,0,"Orleans","Barre town","New York"
"3607304572",2023,"B17001D_ChildPov","Asian (Non-Hispanic)",0,0,"Orleans","Barre town","New York"
"3607304572",2023,"B17001E_ChildPov","Pacific Islander (Non-Hispanic)",0,0,"Orleans","Barre town","New York"
"3607304572",2023,"B17001F_ChildPov","Other (Non-Hispanic)",0,0,"Orleans","Barre town","New York"
"3607304572",2023,"B17001G_ChildPov","Two or More Races (Non-Hispanic)",61.5384615384615,185.156050963967,"Orleans","Barre town","New York"
"3607304572",2023,"B17001H_ChildPov","White (Non-Hispanic)",42.2705314009662,23.3147974064149,"Orleans","Barre town","New York"
"3607304572",2023,"B17001I_ChildPov","Hispanic or Latino (Any Race)",0,450.333209967908,"Orleans","Barre town","New York"
"3607304572",2024,"B17001B_ChildPov","Black (Non-Hispanic)",0,440.885660108442,"Orleans","Barre town","New York"
"3607304572",2024,"B17001C_ChildPov","Native American (Non-Hispanic)",0,0,"Orleans","Barre town","New York"
"3607304572",2024,"B17001D_ChildPov","Asian (Non-Hispanic)",0,0,"Orleans","Barre town","New York"
"3607304572",2024,"B17001E_ChildPov","Pacific Islander (Non-Hispanic)",0,0,"Orleans","Barre town","New York"
"3607304572",2024,"B17001F_ChildPov","Other (Non-Hispanic)",0,0,"Orleans","Barre town","New York"
"3607304572",2024,"B17001G_ChildPov","Two or More Races (Non-Hispanic)",62.962962962963,52.8127393825881,"Orleans","Barre town","New York"
"3607304572",2024,"B17001H_ChildPov","White (Non-Hispanic)",44.139650872818,23.3591508772502,"Orleans","Barre town","New York"
"3607304572",2024,"B17001I_ChildPov","Hispanic or Latino (Any Race)",0,440.885660108442,"Orleans","Barre town","New York"
"3607312496",2017,"B17001B_ChildPov","Black (Non-Hispanic)",100,1628.26594879338,"Orleans","Carlton town","New York"
"3607312496",2017,"B17001C_ChildPov","Native American (Non-Hispanic)",0,0,"Orleans","Carlton town","New York"
"3607312496",2017,"B17001D_ChildPov","Asian (Non-Hispanic)",0,0,"Orleans","Carlton town","New York"
"3607312496",2017,"B17001E_ChildPov","Pacific Islander (Non-Hispanic)",0,0,"Orleans","Carlton town","New York"
"3607312496",2017,"B17001F_ChildPov","Other (Non-Hispanic)",0,0,"Orleans","Carlton town","New York"
"3607312496",2017,"B17001G_ChildPov","Two or More Races (Non-Hispanic)",0,0,"Orleans","Carlton town","New York"
"3607312496",2017,"B17001H_ChildPov","White (Non-Hispanic)",44.7115384615385,16.3154490365583,"Orleans","Carlton town","New York"
"3607312496",2017,"B17001I_ChildPov","Hispanic or Latino (Any Race)",100,1089.85218161812,"Orleans","Carlton town","New York"
"3607312496",2018,"B17001B_ChildPov","Black (Non-Hispanic)",100,2349.46802489415,"Orleans","Carlton town","New York"
"3607312496",2018,"B17001C_ChildPov","Native American (Non-Hispanic)",0,692.820323027551,"Orleans","Carlton town","New York"
"3607312496",2018,"B17001D_ChildPov","Asian (Non-Hispanic)",0,0,"Orleans","Carlton town","New York"
"3607312496",2018,"B17001E_ChildPov","Pacific Islander (Non-Hispanic)",0,0,"Orleans","Carlton town","New York"
"3607312496",2018,"B17001F_ChildPov","Other (Non-Hispanic)",0,0,"Orleans","Carlton town","New York"
"3607312496",2018,"B17001G_ChildPov","Two or More Races (Non-Hispanic)",0,0,"Orleans","Carlton town","New York"
"3607312496",2018,"B17001H_ChildPov","White (Non-Hispanic)",40.4306220095694,14.2507177432091,"Orleans","Carlton town","New York"
"3607312496",2018,"B17001I_ChildPov","Hispanic or Latino (Any Race)",100,1200,"Orleans","Carlton town","New York"
"3607312496",2019,"B17001B_ChildPov","Black (Non-Hispanic)",100,3509.98575495685,"Orleans","Carlton town","New York"
"3607312496",2019,"B17001C_ChildPov","Native American (Non-Hispanic)",0,461.880215351701,"Orleans","Carlton town","New York"
"3607312496",2019,"B17001D_ChildPov","Asian (Non-Hispanic)",0,0,"Orleans","Carlton town","New York"
"3607312496",2019,"B17001E_ChildPov","Pacific Islander (Non-Hispanic)",0,0,"Orleans","Carlton town","New York"
"3607312496",2019,"B17001F_ChildPov","Other (Non-Hispanic)",0,0,"Orleans","Carlton town","New York"
"3607312496",2019,"B17001G_ChildPov","Two or More Races (Non-Hispanic)",0,0,"Orleans","Carlton town","New York"
"3607312496",2019,"B17001H_ChildPov","White (Non-Hispanic)",36.734693877551,13.9477546628531,"Orleans","Carlton town","New York"
"3607312496",2019,"B17001I_ChildPov","Hispanic or Latino (Any Race)",0,0,"Orleans","Carlton town","New York"
"3607312496",2020,"B17001B_ChildPov","Black (Non-Hispanic)",100,3509.98575495685,"Orleans","Carlton town","New York"
"3607312496",2020,"B17001C_ChildPov","Native American (Non-Hispanic)",0,692.820323027551,"Orleans","Carlton town","New York"
"3607312496",2020,"B17001D_ChildPov","Asian (Non-Hispanic)",0,0,"Orleans","Carlton town","New York"
"3607312496",2020,"B17001E_ChildPov","Pacific Islander (Non-Hispanic)",0,0,"Orleans","Carlton town","New York"
"3607312496",2020,"B17001F_ChildPov","Other (Non-Hispanic)",0,0,"Orleans","Carlton town","New York"
"3607312496",2020,"B17001G_ChildPov","Two or More Races (Non-Hispanic)",0,0,"Orleans","Carlton town","New York"
"3607312496",2020,"B17001H_ChildPov","White (Non-Hispanic)",33.4140435835351,13.6314981130881,"Orleans","Carlton town","New York"
"3607312496",2020,"B17001I_ChildPov","Hispanic or Latino (Any Race)",0,0,"Orleans","Carlton town","New York"
"3607312496",2021,"B17001B_ChildPov","Black (Non-Hispanic)",0,0,"Orleans","Carlton town","New York"
"3607312496",2021,"B17001C_ChildPov","Native American (Non-Hispanic)",0,562.916512459885,"Orleans","Carlton town","New York"
"3607312496",2021,"B17001D_ChildPov","Asian (Non-Hispanic)",0,0,"Orleans","Carlton town","New York"
"3607312496",2021,"B17001E_ChildPov","Pacific Islander (Non-Hispanic)",0,0,"Orleans","Carlton town","New York"
"3607312496",2021,"B17001F_ChildPov","Other (Non-Hispanic)",0,0,"Orleans","Carlton town","New York"
"3607312496",2021,"B17001G_ChildPov","Two or More Races (Non-Hispanic)",0,0,"Orleans","Carlton town","New York"
"3607312496",2021,"B17001H_ChildPov","White (Non-Hispanic)",20.7865168539326,14.6125657328307,"Orleans","Carlton town","New York"
"3607312496",2021,"B17001I_ChildPov","Hispanic or Latino (Any Race)",0,0,"Orleans","Carlton town","New York"
"3607312496",2022,"B17001B_ChildPov","Black (Non-Hispanic)",0,0,"Orleans","Carlton town","New York"
"3607312496",2022,"B17001C_ChildPov","Native American (Non-Hispanic)",0,346.410161513775,"Orleans","Carlton town","New York"
"3607312496",2022,"B17001D_ChildPov","Asian (Non-Hispanic)",0,0,"Orleans","Carlton town","New York"
"3607312496",2022,"B17001E_ChildPov","Pacific Islander (Non-Hispanic)",0,0,"Orleans","Carlton town","New York"
"3607312496",2022,"B17001F_ChildPov","Other (Non-Hispanic)",0,0,"Orleans","Carlton town","New York"
"3607312496",2022,"B17001G_ChildPov","Two or More Races (Non-Hispanic)",0,346.410161513775,"Orleans","Carlton town","New York"
"3607312496",2022,"B17001H_ChildPov","White (Non-Hispanic)",11.3879003558719,16.1893958828674,"Orleans","Carlton town","New York"
"3607312496",2022,"B17001I_ChildPov","Hispanic or Latino (Any Race)",0,0,"Orleans","Carlton town","New York"
"3607312496",2023,"B17001B_ChildPov","Black (Non-Hispanic)",0,0,"Orleans","Carlton town","New York"
"3607312496",2023,"B17001C_ChildPov","Native American (Non-Hispanic)",0,0,"Orleans","Carlton town","New York"
"3607312496",2023,"B17001D_ChildPov","Asian (Non-Hispanic)",0,0,"Orleans","Carlton town","New York"
"3607312496",2023,"B17001E_ChildPov","Pacific Islander (Non-Hispanic)",0,0,"Orleans","Carlton town","New York"
"3607312496",2023,"B17001F_ChildPov","Other (Non-Hispanic)",0,0,"Orleans","Carlton town","New York"
"3607312496",2023,"B17001G_ChildPov","Two or More Races (Non-Hispanic)",73.3333333333333,28.6416773079432,"Orleans","Carlton town","New York"
"3607312496",2023,"B17001H_ChildPov","White (Non-Hispanic)",7.60869565217391,15.5486305969985,"Orleans","Carlton town","New York"
"3607312496",2023,"B17001I_ChildPov","Hispanic or Latino (Any Race)",100,254.003752602374,"Orleans","Carlton town","New York"
"3607312496",2024,"B17001B_ChildPov","Black (Non-Hispanic)",0,0,"Orleans","Carlton town","New York"
"3607312496",2024,"B17001C_ChildPov","Native American (Non-Hispanic)",0,0,"Orleans","Carlton town","New York"
"3607312496",2024,"B17001D_ChildPov","Asian (Non-Hispanic)",0,0,"Orleans","Carlton town","New York"
"3607312496",2024,"B17001E_ChildPov","Pacific Islander (Non-Hispanic)",0,0,"Orleans","Carlton town","New York"
"3607312496",2024,"B17001F_ChildPov","Other (Non-Hispanic)",0,0,"Orleans","Carlton town","New York"
"3607312496",2024,"B17001G_ChildPov","Two or More Races (Non-Hispanic)",79.4117647058823,14.7808110471322,"Orleans","Carlton town","New York"
"3607312496",2024,"B17001H_ChildPov","White (Non-Hispanic)",6.15384615384615,14.1825582004568,"Orleans","Carlton town","New York"
"3607312496",2024,"B17001I_ChildPov","Hispanic or Latino (Any Race)",100,189.106628314367,"Orleans","Carlton town","New York"
"3607315880",2017,"B17001B_ChildPov","Black (Non-Hispanic)",100,418.772456556506,"Orleans","Clarendon town","New York"
"3607315880",2017,"B17001C_ChildPov","Native American (Non-Hispanic)",0,0,"Orleans","Clarendon town","New York"
"3607315880",2017,"B17001D_ChildPov","Asian (Non-Hispanic)",0,0,"Orleans","Clarendon town","New York"
"3607315880",2017,"B17001E_ChildPov","Pacific Islander (Non-Hispanic)",0,0,"Orleans","Clarendon town","New York"
"3607315880",2017,"B17001F_ChildPov","Other (Non-Hispanic)",0,0,"Orleans","Clarendon town","New York"
"3607315880",2017,"B17001G_ChildPov","Two or More Races (Non-Hispanic)",0,423.390197405726,"Orleans","Clarendon town","New York"
"3607315880",2017,"B17001H_ChildPov","White (Non-Hispanic)",20.5882352941176,13.896146952521,"Orleans","Clarendon town","New York"
"3607315880",2017,"B17001I_ChildPov","Hispanic or Latino (Any Race)",0,0,"Orleans","Clarendon town","New York"
"3607315880",2018,"B17001B_ChildPov","Black (Non-Hispanic)",100,356.553190302363,"Orleans","Clarendon town","New York"
"3607315880",2018,"B17001C_ChildPov","Native American (Non-Hispanic)",0,0,"Orleans","Clarendon town","New York"
"3607315880",2018,"B17001D_ChildPov","Asian (Non-Hispanic)",0,277.12812921102,"Orleans","Clarendon town","New York"
"3607315880",2018,"B17001E_ChildPov","Pacific Islander (Non-Hispanic)",0,0,"Orleans","Clarendon town","New York"
"3607315880",2018,"B17001F_ChildPov","Other (Non-Hispanic)",0,0,"Orleans","Clarendon town","New York"
"3607315880",2018,"B17001G_ChildPov","Two or More Races (Non-Hispanic)",0,415.692193816531,"Orleans","Clarendon town","New York"
"3607315880",2018,"B17001H_ChildPov","White (Non-Hispanic)",6.34920634920635,8.21710218977035,"Orleans","Clarendon town","New York"
"3607315880",2018,"B17001I_ChildPov","Hispanic or Latino (Any Race)",0,0,"Orleans","Clarendon town","New York"
"3607315880",2019,"B17001B_ChildPov","Black (Non-Hispanic)",0,0,"Orleans","Clarendon town","New York"
"3607315880",2019,"B17001C_ChildPov","Native American (Non-Hispanic)",0,0,"Orleans","Clarendon town","New York"
"3607315880",2019,"B17001D_ChildPov","Asian (Non-Hispanic)",0,218.785365166595,"Orleans","Clarendon town","New York"
"3607315880",2019,"B17001E_ChildPov","Pacific Islander (Non-Hispanic)",0,0,"Orleans","Clarendon town","New York"
"3607315880",2019,"B17001F_ChildPov","Other (Non-Hispanic)",0,0,"Orleans","Clarendon town","New York"
"3607315880",2019,"B17001G_ChildPov","Two or More Races (Non-Hispanic)",0,415.692193816531,"Orleans","Clarendon town","New York"
"3607315880",2019,"B17001H_ChildPov","White (Non-Hispanic)",8.68725868725869,8.34854236966869,"Orleans","Clarendon town","New York"
"3607315880",2019,"B17001I_ChildPov","Hispanic or Latino (Any Race)",100,1033.51984272491,"Orleans","Clarendon town","New York"
"3607315880",2020,"B17001B_ChildPov","Black (Non-Hispanic)",0,0,"Orleans","Clarendon town","New York"
"3607315880",2020,"B17001C_ChildPov","Native American (Non-Hispanic)",0,0,"Orleans","Clarendon town","New York"
"3607315880",2020,"B17001D_ChildPov","Asian (Non-Hispanic)",0,207.846096908265,"Orleans","Clarendon town","New York"
"3607315880",2020,"B17001E_ChildPov","Pacific Islander (Non-Hispanic)",0,0,"Orleans","Clarendon town","New York"
"3607315880",2020,"B17001F_ChildPov","Other (Non-Hispanic)",0,0,"Orleans","Clarendon town","New York"
"3607315880",2020,"B17001G_ChildPov","Two or More Races (Non-Hispanic)",0,461.880215351701,"Orleans","Clarendon town","New York"
"3607315880",2020,"B17001H_ChildPov","White (Non-Hispanic)",5.78386605783866,6.37009056083168,"Orleans","Clarendon town","New York"
"3607315880",2020,"B17001I_ChildPov","Hispanic or Latino (Any Race)",100,950.164459448995,"Orleans","Clarendon town","New York"
"3607315880",2021,"B17001B_ChildPov","Black (Non-Hispanic)",0,0,"Orleans","Clarendon town","New York"
"3607315880",2021,"B17001C_ChildPov","Native American (Non-Hispanic)",0,0,"Orleans","Clarendon town","New York"
"3607315880",2021,"B17001D_ChildPov","Asian (Non-Hispanic)",0,187.638837486628,"Orleans","Clarendon town","New York"
"3607315880",2021,"B17001E_ChildPov","Pacific Islander (Non-Hispanic)",0,0,"Orleans","Clarendon town","New York"
"3607315880",2021,"B17001F_ChildPov","Other (Non-Hispanic)",0,0,"Orleans","Clarendon town","New York"
"3607315880",2021,"B17001G_ChildPov","Two or More Races (Non-Hispanic)",0,562.916512459885,"Orleans","Clarendon town","New York"
"3607315880",2021,"B17001H_ChildPov","White (Non-Hispanic)",13.2846715328467,8.88122294769606,"Orleans","Clarendon town","New York"
"3607315880",2021,"B17001I_ChildPov","Hispanic or Latino (Any Race)",100,687.386354243376,"Orleans","Clarendon town","New York"
"3607315880",2022,"B17001B_ChildPov","Black (Non-Hispanic)",0,0,"Orleans","Clarendon town","New York"
"3607315880",2022,"B17001C_ChildPov","Native American (Non-Hispanic)",0,0,"Orleans","Clarendon town","New York"
"3607315880",2022,"B17001D_ChildPov","Asian (Non-Hispanic)",0,264.901888216417,"Orleans","Clarendon town","New York"
"3607315880",2022,"B17001E_ChildPov","Pacific Islander (Non-Hispanic)",0,0,"Orleans","Clarendon town","New York"
"3607315880",2022,"B17001F_ChildPov","Other (Non-Hispanic)",0,0,"Orleans","Clarendon town","New York"
"3607315880",2022,"B17001G_ChildPov","Two or More Races (Non-Hispanic)",0,195.797047812134,"Orleans","Clarendon town","New York"
"3607315880",2022,"B17001H_ChildPov","White (Non-Hispanic)",13.0690161527166,9.75547466130175,"Orleans","Clarendon town","New York"
"3607315880",2022,"B17001I_ChildPov","Hispanic or Latino (Any Race)",100,464.650704301963,"Orleans","Clarendon town","New York"
"3607315880",2023,"B17001B_ChildPov","Black (Non-Hispanic)",0,0,"Orleans","Clarendon town","New York"
"3607315880",2023,"B17001C_ChildPov","Native American (Non-Hispanic)",0,0,"Orleans","Clarendon town","New York"
"3607315880",2023,"B17001D_ChildPov","Asian (Non-Hispanic)",0,0,"Orleans","Clarendon town","New York"
"3607315880",2023,"B17001E_ChildPov","Pacific Islander (Non-Hispanic)",0,0,"Orleans","Clarendon town","New York"
"3607315880",2023,"B17001F_ChildPov","Other (Non-Hispanic)",0,0,"Orleans","Clarendon town","New York"
"3607315880",2023,"B17001G_ChildPov","Two or More Races (Non-Hispanic)",0,237.017478930478,"Orleans","Clarendon town","New York"
"3607315880",2023,"B17001H_ChildPov","White (Non-Hispanic)",24.2472266244057,10.1173969337046,"Orleans","Clarendon town","New York"
"3607315880",2023,"B17001I_ChildPov","Hispanic or Latino (Any Race)",100,615.613183611864,"Orleans","Clarendon town","New York"
"3607315880",2024,"B17001B_ChildPov","Black (Non-Hispanic)",0,0,"Orleans","Clarendon town","New York"
"3607315880",2024,"B17001C_ChildPov","Native American (Non-Hispanic)",0,0,"Orleans","Clarendon town","New York"
"3607315880",2024,"B17001D_ChildPov","Asian (Non-Hispanic)",0,0,"Orleans","Clarendon town","New York"
"3607315880",2024,"B17001E_ChildPov","Pacific Islander (Non-Hispanic)",0,0,"Orleans","Clarendon town","New York"
"3607315880",2024,"B17001F_ChildPov","Other (Non-Hispanic)",0,0,"Orleans","Clarendon town","New York"
"3607315880",2024,"B17001G_ChildPov","Two or More Races (Non-Hispanic)",0,134.715062810913,"Orleans","Clarendon town","New York"
"3607315880",2024,"B17001H_ChildPov","White (Non-Hispanic)",22.742474916388,11.2987329037961,"Orleans","Clarendon town","New York"
"3607315880",2024,"B17001I_ChildPov","Hispanic or Latino (Any Race)",0,0,"Orleans","Clarendon town","New York"
"3607327958",2017,"B17001B_ChildPov","Black (Non-Hispanic)",28.5714285714286,472.037772297551,"Orleans","Gaines town","New York"
"3607327958",2017,"B17001C_ChildPov","Native American (Non-Hispanic)",0,0,"Orleans","Gaines town","New York"
"3607327958",2017,"B17001D_ChildPov","Asian (Non-Hispanic)",0,0,"Orleans","Gaines town","New York"
"3607327958",2017,"B17001E_ChildPov","Pacific Islander (Non-Hispanic)",0,0,"Orleans","Gaines town","New York"
"3607327958",2017,"B17001F_ChildPov","Other (Non-Hispanic)",0,0,"Orleans","Gaines town","New York"
"3607327958",2017,"B17001G_ChildPov","Two or More Races (Non-Hispanic)",55.1724137931034,77.2575624583312,"Orleans","Gaines town","New York"
"3607327958",2017,"B17001H_ChildPov","White (Non-Hispanic)",4.9792531120332,9.00032586947809,"Orleans","Gaines town","New York"
"3607327958",2017,"B17001I_ChildPov","Hispanic or Latino (Any Race)",0,0,"Orleans","Gaines town","New York"
"3607327958",2018,"B17001B_ChildPov","Black (Non-Hispanic)",11.7647058823529,232.690665009467,"Orleans","Gaines town","New York"
"3607327958",2018,"B17001C_ChildPov","Native American (Non-Hispanic)",0,0,"Orleans","Gaines town","New York"
"3607327958",2018,"B17001D_ChildPov","Asian (Non-Hispanic)",0,0,"Orleans","Gaines town","New York"
"3607327958",2018,"B17001E_ChildPov","Pacific Islander (Non-Hispanic)",0,0,"Orleans","Gaines town","New York"
"3607327958",2018,"B17001F_ChildPov","Other (Non-Hispanic)",0,0,"Orleans","Gaines town","New York"
"3607327958",2018,"B17001G_ChildPov","Two or More Races (Non-Hispanic)",56.9230769230769,80.6373824688014,"Orleans","Gaines town","New York"
"3607327958",2018,"B17001H_ChildPov","White (Non-Hispanic)",4.296875,8.82447901956612,"Orleans","Gaines town","New York"
"3607327958",2018,"B17001I_ChildPov","Hispanic or Latino (Any Race)",0,0,"Orleans","Gaines town","New York"
"3607327958",2019,"B17001B_ChildPov","Black (Non-Hispanic)",6.25,125.021055355594,"Orleans","Gaines town","New York"
"3607327958",2019,"B17001C_ChildPov","Native American (Non-Hispanic)",0,0,"Orleans","Gaines town","New York"
"3607327958",2019,"B17001D_ChildPov","Asian (Non-Hispanic)",0,0,"Orleans","Gaines town","New York"
"3607327958",2019,"B17001E_ChildPov","Pacific Islander (Non-Hispanic)",0,0,"Orleans","Gaines town","New York"
"3607327958",2019,"B17001F_ChildPov","Other (Non-Hispanic)",0,0,"Orleans","Gaines town","New York"
"3607327958",2019,"B17001G_ChildPov","Two or More Races (Non-Hispanic)",70.8333333333333,72.8305594838056,"Orleans","Gaines town","New York"
"3607327958",2019,"B17001H_ChildPov","White (Non-Hispanic)",5.56792873051225,10.4211775852477,"Orleans","Gaines town","New York"
"3607327958",2019,"B17001I_ChildPov","Hispanic or Latino (Any Race)",0,0,"Orleans","Gaines town","New York"
"3607327958",2020,"B17001B_ChildPov","Black (Non-Hispanic)",100,3524.20203734122,"Orleans","Gaines town","New York"
"3607327958",2020,"B17001C_ChildPov","Native American (Non-Hispanic)",0,0,"Orleans","Gaines town","New York"
"3607327958",2020,"B17001D_ChildPov","Asian (Non-Hispanic)",0,0,"Orleans","Gaines town","New York"
"3607327958",2020,"B17001E_ChildPov","Pacific Islander (Non-Hispanic)",0,0,"Orleans","Gaines town","New York"
"3607327958",2020,"B17001F_ChildPov","Other (Non-Hispanic)",0,0,"Orleans","Gaines town","New York"
"3607327958",2020,"B17001G_ChildPov","Two or More Races (Non-Hispanic)",0,197.948663722157,"Orleans","Gaines town","New York"
"3607327958",2020,"B17001H_ChildPov","White (Non-Hispanic)",10.4377104377104,16.2307721615967,"Orleans","Gaines town","New York"
"3607327958",2020,"B17001I_ChildPov","Hispanic or Latino (Any Race)",0,0,"Orleans","Gaines town","New York"
"3607327958",2021,"B17001B_ChildPov","Black (Non-Hispanic)",0,0,"Orleans","Gaines town","New York"
"3607327958",2021,"B17001C_ChildPov","Native American (Non-Hispanic)",0,0,"Orleans","Gaines town","New York"
"3607327958",2021,"B17001D_ChildPov","Asian (Non-Hispanic)",0,0,"Orleans","Gaines town","New York"
"3607327958",2021,"B17001E_ChildPov","Pacific Islander (Non-Hispanic)",0,0,"Orleans","Gaines town","New York"
"3607327958",2021,"B17001F_ChildPov","Other (Non-Hispanic)",0,0,"Orleans","Gaines town","New York"
"3607327958",2021,"B17001G_ChildPov","Two or More Races (Non-Hispanic)",0,0,"Orleans","Gaines town","New York"
"3607327958",2021,"B17001H_ChildPov","White (Non-Hispanic)",16.3551401869159,26.0859471438193,"Orleans","Gaines town","New York"
"3607327958",2021,"B17001I_ChildPov","Hispanic or Latino (Any Race)",0,0,"Orleans","Gaines town","New York"
"3607327958",2022,"B17001B_ChildPov","Black (Non-Hispanic)",0,450.333209967908,"Orleans","Gaines town","New York"
"3607327958",2022,"B17001C_ChildPov","Native American (Non-Hispanic)",0,0,"Orleans","Gaines town","New York"
"3607327958",2022,"B17001D_ChildPov","Asian (Non-Hispanic)",0,0,"Orleans","Gaines town","New York"
"3607327958",2022,"B17001E_ChildPov","Pacific Islander (Non-Hispanic)",0,0,"Orleans","Gaines town","New York"
"3607327958",2022,"B17001F_ChildPov","Other (Non-Hispanic)",0,0,"Orleans","Gaines town","New York"
"3607327958",2022,"B17001G_ChildPov","Two or More Races (Non-Hispanic)",0,0,"Orleans","Gaines town","New York"
"3607327958",2022,"B17001H_ChildPov","White (Non-Hispanic)",28.4263959390863,31.4871256234944,"Orleans","Gaines town","New York"
"3607327958",2022,"B17001I_ChildPov","Hispanic or Latino (Any Race)",0,0,"Orleans","Gaines town","New York"
"3607327958",2023,"B17001B_ChildPov","Black (Non-Hispanic)",0,281.458256229943,"Orleans","Gaines town","New York"
"3607327958",2023,"B17001C_ChildPov","Native American (Non-Hispanic)",0,0,"Orleans","Gaines town","New York"
"3607327958",2023,"B17001D_ChildPov","Asian (Non-Hispanic)",0,0,"Orleans","Gaines town","New York"
"3607327958",2023,"B17001E_ChildPov","Pacific Islander (Non-Hispanic)",0,0,"Orleans","Gaines town","New York"
"3607327958",2023,"B17001F_ChildPov","Other (Non-Hispanic)",0,0,"Orleans","Gaines town","New York"
"3607327958",2023,"B17001G_ChildPov","Two or More Races (Non-Hispanic)",0,0,"Orleans","Gaines town","New York"
"3607327958",2023,"B17001H_ChildPov","White (Non-Hispanic)",23.3990147783251,19.4169530192064,"Orleans","Gaines town","New York"
"3607327958",2023,"B17001I_ChildPov","Hispanic or Latino (Any Race)",0,0,"Orleans","Gaines town","New York"
"3607327958",2024,"B17001B_ChildPov","Black (Non-Hispanic)",0,346.410161513775,"Orleans","Gaines town","New York"
"3607327958",2024,"B17001C_ChildPov","Native American (Non-Hispanic)",0,0,"Orleans","Gaines town","New York"
"3607327958",2024,"B17001D_ChildPov","Asian (Non-Hispanic)",0,0,"Orleans","Gaines town","New York"
"3607327958",2024,"B17001E_ChildPov","Pacific Islander (Non-Hispanic)",0,0,"Orleans","Gaines town","New York"
"3607327958",2024,"B17001F_ChildPov","Other (Non-Hispanic)",0,0,"Orleans","Gaines town","New York"
"3607327958",2024,"B17001G_ChildPov","Two or More Races (Non-Hispanic)",0,0,"Orleans","Gaines town","New York"
"3607327958",2024,"B17001H_ChildPov","White (Non-Hispanic)",4.12147505422994,11.7620805693146,"Orleans","Gaines town","New York"
"3607327958",2024,"B17001I_ChildPov","Hispanic or Latino (Any Race)",0,0,"Orleans","Gaines town","New York"
"3607339188",2017,"B17001B_ChildPov","Black (Non-Hispanic)",0,0,"Orleans","Kendall town","New York"
"3607339188",2017,"B17001C_ChildPov","Native American (Non-Hispanic)",0,0,"Orleans","Kendall town","New York"
"3607339188",2017,"B17001D_ChildPov","Asian (Non-Hispanic)",0,0,"Orleans","Kendall town","New York"
"3607339188",2017,"B17001E_ChildPov","Pacific Islander (Non-Hispanic)",0,0,"Orleans","Kendall town","New York"
"3607339188",2017,"B17001F_ChildPov","Other (Non-Hispanic)",0,224.147751567737,"Orleans","Kendall town","New York"
"3607339188",2017,"B17001G_ChildPov","Two or More Races (Non-Hispanic)",100,462.077509731863,"Orleans","Kendall town","New York"
"3607339188",2017,"B17001H_ChildPov","White (Non-Hispanic)",14.1924959216966,9.54020729909425,"Orleans","Kendall town","New York"
"3607339188",2017,"B17001I_ChildPov","Hispanic or Latino (Any Race)",100,136.594467788223,"Orleans","Kendall town","New York"
"3607339188",2018,"B17001B_ChildPov","Black (Non-Hispanic)",0,0,"Orleans","Kendall town","New York"
"3607339188",2018,"B17001C_ChildPov","Native American (Non-Hispanic)",0,0,"Orleans","Kendall town","New York"
"3607339188",2018,"B17001D_ChildPov","Asian (Non-Hispanic)",0,0,"Orleans","Kendall town","New York"
"3607339188",2018,"B17001E_ChildPov","Pacific Islander (Non-Hispanic)",0,0,"Orleans","Kendall town","New York"
"3607339188",2018,"B17001F_ChildPov","Other (Non-Hispanic)",0,1039.23048454133,"Orleans","Kendall town","New York"
"3607339188",2018,"B17001G_ChildPov","Two or More Races (Non-Hispanic)",100,450.582613244258,"Orleans","Kendall town","New York"
"3607339188",2018,"B17001H_ChildPov","White (Non-Hispanic)",7.26950354609929,7.8699951177189,"Orleans","Kendall town","New York"
"3607339188",2018,"B17001I_ChildPov","Hispanic or Latino (Any Race)",92.7272727272727,140.021562050084,"Orleans","Kendall town","New York"
"3607339188",2019,"B17001B_ChildPov","Black (Non-Hispanic)",0,0,"Orleans","Kendall town","New York"
"3607339188",2019,"B17001C_ChildPov","Native American (Non-Hispanic)",0,0,"Orleans","Kendall town","New York"
"3607339188",2019,"B17001D_ChildPov","Asian (Non-Hispanic)",0,0,"Orleans","Kendall town","New York"
"3607339188",2019,"B17001E_ChildPov","Pacific Islander (Non-Hispanic)",0,0,"Orleans","Kendall town","New York"
"3607339188",2019,"B17001F_ChildPov","Other (Non-Hispanic)",0,519.615242270663,"Orleans","Kendall town","New York"
"3607339188",2019,"B17001G_ChildPov","Two or More Races (Non-Hispanic)",0,0,"Orleans","Kendall town","New York"
"3607339188",2019,"B17001H_ChildPov","White (Non-Hispanic)",6.01941747572816,8.4484574916436,"Orleans","Kendall town","New York"
"3607339188",2019,"B17001I_ChildPov","Hispanic or Latino (Any Race)",0,230.94010767585,"Orleans","Kendall town","New York"
"3607339188",2020,"B17001B_ChildPov","Black (Non-Hispanic)",0,0,"Orleans","Kendall town","New York"
"3607339188",2020,"B17001C_ChildPov","Native American (Non-Hispanic)",0,0,"Orleans","Kendall town","New York"
"3607339188",2020,"B17001D_ChildPov","Asian (Non-Hispanic)",0,0,"Orleans","Kendall town","New York"
"3607339188",2020,"B17001E_ChildPov","Pacific Islander (Non-Hispanic)",0,0,"Orleans","Kendall town","New York"
"3607339188",2020,"B17001F_ChildPov","Other (Non-Hispanic)",0,692.820323027551,"Orleans","Kendall town","New York"
"3607339188",2020,"B17001G_ChildPov","Two or More Races (Non-Hispanic)",0,37.4497471906784,"Orleans","Kendall town","New York"
"3607339188",2020,"B17001H_ChildPov","White (Non-Hispanic)",2.94117647058824,10.785783326953,"Orleans","Kendall town","New York"
"3607339188",2020,"B17001I_ChildPov","Hispanic or Latino (Any Race)",14.1025641025641,34.1903385864882,"Orleans","Kendall town","New York"
"3607339188",2021,"B17001B_ChildPov","Black (Non-Hispanic)",0,0,"Orleans","Kendall town","New York"
"3607339188",2021,"B17001C_ChildPov","Native American (Non-Hispanic)",0,0,"Orleans","Kendall town","New York"
"3607339188",2021,"B17001D_ChildPov","Asian (Non-Hispanic)",0,0,"Orleans","Kendall town","New York"
"3607339188",2021,"B17001E_ChildPov","Pacific Islander (Non-Hispanic)",0,0,"Orleans","Kendall town","New York"
"3607339188",2021,"B17001F_ChildPov","Other (Non-Hispanic)",0,500.370233297676,"Orleans","Kendall town","New York"
"3607339188",2021,"B17001G_ChildPov","Two or More Races (Non-Hispanic)",0,36.0266567974326,"Orleans","Kendall town","New York"
"3607339188",2021,"B17001H_ChildPov","White (Non-Hispanic)",0,10.305107779586,"Orleans","Kendall town","New York"
"3607339188",2021,"B17001I_ChildPov","Hispanic or Latino (Any Race)",12,36.2795495325633,"Orleans","Kendall town","New York"
"3607339188",2022,"B17001B_ChildPov","Black (Non-Hispanic)",0,0,"Orleans","Kendall town","New York"
"3607339188",2022,"B17001C_ChildPov","Native American (Non-Hispanic)",0,0,"Orleans","Kendall town","New York"
"3607339188",2022,"B17001D_ChildPov","Asian (Non-Hispanic)",0,0,"Orleans","Kendall town","New York"
"3607339188",2022,"B17001E_ChildPov","Pacific Islander (Non-Hispanic)",0,0,"Orleans","Kendall town","New York"
"3607339188",2022,"B17001F_ChildPov","Other (Non-Hispanic)",0,375.277674973257,"Orleans","Kendall town","New York"
"3607339188",2022,"B17001G_ChildPov","Two or More Races (Non-Hispanic)",0,28.3228433942081,"Orleans","Kendall town","New York"
"3607339188",2022,"B17001H_ChildPov","White (Non-Hispanic)",1.49253731343284,11.003818767983,"Orleans","Kendall town","New York"
"3607339188",2022,"B17001I_ChildPov","Hispanic or Latino (Any Race)",10.2564102564103,28.1731479784343,"Orleans","Kendall town","New York"
"3607339188",2023,"B17001B_ChildPov","Black (Non-Hispanic)",0,0,"Orleans","Kendall town","New York"
"3607339188",2023,"B17001C_ChildPov","Native American (Non-Hispanic)",0,0,"Orleans","Kendall town","New York"
"3607339188",2023,"B17001D_ChildPov","Asian (Non-Hispanic)",0,0,"Orleans","Kendall town","New York"
"3607339188",2023,"B17001E_ChildPov","Pacific Islander (Non-Hispanic)",0,0,"Orleans","Kendall town","New York"
"3607339188",2023,"B17001F_ChildPov","Other (Non-Hispanic)",0,0,"Orleans","Kendall town","New York"
"3607339188",2023,"B17001G_ChildPov","Two or More Races (Non-Hispanic)",0,35.1822820287428,"Orleans","Kendall town","New York"
"3607339188",2023,"B17001H_ChildPov","White (Non-Hispanic)",6.8075117370892,10.9958946344015,"Orleans","Kendall town","New York"
"3607339188",2023,"B17001I_ChildPov","Hispanic or Latino (Any Race)",9.1304347826087,27.0872750537633,"Orleans","Kendall town","New York"
"3607339188",2024,"B17001B_ChildPov","Black (Non-Hispanic)",0,0,"Orleans","Kendall town","New York"
"3607339188",2024,"B17001C_ChildPov","Native American (Non-Hispanic)",0,0,"Orleans","Kendall town","New York"
"3607339188",2024,"B17001D_ChildPov","Asian (Non-Hispanic)",0,0,"Orleans","Kendall town","New York"
"3607339188",2024,"B17001E_ChildPov","Pacific Islander (Non-Hispanic)",0,0,"Orleans","Kendall town","New York"
"3607339188",2024,"B17001F_ChildPov","Other (Non-Hispanic)",0,0,"Orleans","Kendall town","New York"
"3607339188",2024,"B17001G_ChildPov","Two or More Races (Non-Hispanic)",0,48.4974226119286,"Orleans","Kendall town","New York"
"3607339188",2024,"B17001H_ChildPov","White (Non-Hispanic)",9.58333333333333,11.3217018294857,"Orleans","Kendall town","New York"
"3607339188",2024,"B17001I_ChildPov","Hispanic or Latino (Any Race)",10.0671140939597,36.9500031600921,"Orleans","Kendall town","New York"
"3607349286",2017,"B17001B_ChildPov","Black (Non-Hispanic)",55.5555555555556,76.082733677225,"Orleans","Murray town","New York"
"3607349286",2017,"B17001C_ChildPov","Native American (Non-Hispanic)",0,0,"Orleans","Murray town","New York"
"3607349286",2017,"B17001D_ChildPov","Asian (Non-Hispanic)",100,803.11892021045,"Orleans","Murray town","New York"
"3607349286",2017,"B17001E_ChildPov","Pacific Islander (Non-Hispanic)",0,952.627944162882,"Orleans","Murray town","New York"
"3607349286",2017,"B17001F_ChildPov","Other (Non-Hispanic)",100,165.712875649564,"Orleans","Murray town","New York"
"3607349286",2017,"B17001G_ChildPov","Two or More Races (Non-Hispanic)",90.4761904761905,224.182919731808,"Orleans","Murray town","New York"
"3607349286",2017,"B17001H_ChildPov","White (Non-Hispanic)",20.7547169811321,7.59493794514925,"Orleans","Murray town","New York"
"3607349286",2017,"B17001I_ChildPov","Hispanic or Latino (Any Race)",59.375,22.3764794285021,"Orleans","Murray town","New York"
"3607349286",2018,"B17001B_ChildPov","Black (Non-Hispanic)",41.3793103448276,106.306609960899,"Orleans","Murray town","New York"
"3607349286",2018,"B17001C_ChildPov","Native American (Non-Hispanic)",0,0,"Orleans","Murray town","New York"
"3607349286",2018,"B17001D_ChildPov","Asian (Non-Hispanic)",100,864.038482939273,"Orleans","Murray town","New York"
"3607349286",2018,"B17001E_ChildPov","Pacific Islander (Non-Hispanic)",0,0,"Orleans","Murray town","New York"
"3607349286",2018,"B17001F_ChildPov","Other (Non-Hispanic)",100,181.622763035606,"Orleans","Murray town","New York"
"3607349286",2018,"B17001G_ChildPov","Two or More Races (Non-Hispanic)",64.5833333333333,76.1904827501405,"Orleans","Murray town","New York"
"3607349286",2018,"B17001H_ChildPov","White (Non-Hispanic)",14.1967621419676,5.73501793400087,"Orleans","Murray town","New York"
"3607349286",2018,"B17001I_ChildPov","Hispanic or Latino (Any Race)",59.0643274853801,25.0534780719677,"Orleans","Murray town","New York"
"3607349286",2019,"B17001B_ChildPov","Black (Non-Hispanic)",27.906976744186,79.9574730602914,"Orleans","Murray town","New York"
"3607349286",2019,"B17001C_ChildPov","Native American (Non-Hispanic)",0,0,"Orleans","Murray town","New York"
"3607349286",2019,"B17001D_ChildPov","Asian (Non-Hispanic)",0,692.820323027551,"Orleans","Murray town","New York"
"3607349286",2019,"B17001E_ChildPov","Pacific Islander (Non-Hispanic)",0,0,"Orleans","Murray town","New York"
"3607349286",2019,"B17001F_ChildPov","Other (Non-Hispanic)",100,144.358441056047,"Orleans","Murray town","New York"
"3607349286",2019,"B17001G_ChildPov","Two or More Races (Non-Hispanic)",0,101.388339955251,"Orleans","Murray town","New York"
"3607349286",2019,"B17001H_ChildPov","White (Non-Hispanic)",10.6082036775106,6.13269091901454,"Orleans","Murray town","New York"
"3607349286",2019,"B17001I_ChildPov","Hispanic or Latino (Any Race)",59.9250936329588,22.2575077380441,"Orleans","Murray town","New York"
"3607349286",2020,"B17001B_ChildPov","Black (Non-Hispanic)",37.3333333333333,49.3404311210378,"Orleans","Murray town","New York"
"3607349286",2020,"B17001C_ChildPov","Native American (Non-Hispanic)",0,0,"Orleans","Murray town","New York"
"3607349286",2020,"B17001D_ChildPov","Asian (Non-Hispanic)",0,831.384387633061,"Orleans","Murray town","New York"
"3607349286",2020,"B17001E_ChildPov","Pacific Islander (Non-Hispanic)",0,0,"Orleans","Murray town","New York"
"3607349286",2020,"B17001F_ChildPov","Other (Non-Hispanic)",82.7956989247312,19.7487295827519,"Orleans","Murray town","New York"
"3607349286",2020,"B17001G_ChildPov","Two or More Races (Non-Hispanic)",0,79.9408065031789,"Orleans","Murray town","New York"
"3607349286",2020,"B17001H_ChildPov","White (Non-Hispanic)",10.3857566765579,6.78533880605222,"Orleans","Murray town","New York"
"3607349286",2020,"B17001I_ChildPov","Hispanic or Latino (Any Race)",47.2789115646259,22.2232965443147,"Orleans","Murray town","New York"
"3607349286",2021,"B17001B_ChildPov","Black (Non-Hispanic)",34.2105263157895,56.0021238533913,"Orleans","Murray town","New York"
"3607349286",2021,"B17001C_ChildPov","Native American (Non-Hispanic)",0,0,"Orleans","Murray town","New York"
"3607349286",2021,"B17001D_ChildPov","Asian (Non-Hispanic)",0,450.333209967908,"Orleans","Murray town","New York"
"3607349286",2021,"B17001E_ChildPov","Pacific Islander (Non-Hispanic)",0,0,"Orleans","Murray town","New York"
"3607349286",2021,"B17001F_ChildPov","Other (Non-Hispanic)",80.1980198019802,34.2459321954603,"Orleans","Murray town","New York"
"3607349286",2021,"B17001G_ChildPov","Two or More Races (Non-Hispanic)",0,100.074046659535,"Orleans","Murray town","New York"
"3607349286",2021,"B17001H_ChildPov","White (Non-Hispanic)",9.20502092050209,6.62245651461035,"Orleans","Murray town","New York"
"3607349286",2021,"B17001I_ChildPov","Hispanic or Latino (Any Race)",67.1296296296296,27.2867614805012,"Orleans","Murray town","New York"
"3607349286",2022,"B17001B_ChildPov","Black (Non-Hispanic)",0,125.092558324419,"Orleans","Murray town","New York"
"3607349286",2022,"B17001C_ChildPov","Native American (Non-Hispanic)",0,0,"Orleans","Murray town","New York"
"3607349286",2022,"B17001D_ChildPov","Asian (Non-Hispanic)",0,375.277674973257,"Orleans","Murray town","New York"
"3607349286",2022,"B17001E_ChildPov","Pacific Islander (Non-Hispanic)",0,0,"Orleans","Murray town","New York"
"3607349286",2022,"B17001F_ChildPov","Other (Non-Hispanic)",0,180.133283987163,"Orleans","Murray town","New York"
"3607349286",2022,"B17001G_ChildPov","Two or More Races (Non-Hispanic)",0,71.4814618996679,"Orleans","Murray town","New York"
"3607349286",2022,"B17001H_ChildPov","White (Non-Hispanic)",10.6463878326996,7.97595824633046,"Orleans","Murray town","New York"
"3607349286",2022,"B17001I_ChildPov","Hispanic or Latino (Any Race)",0,66.2254720541041,"Orleans","Murray town","New York"
"3607349286",2023,"B17001B_ChildPov","Black (Non-Hispanic)",0,80.4166446371264,"Orleans","Murray town","New York"
"3607349286",2023,"B17001C_ChildPov","Native American (Non-Hispanic)",0,0,"Orleans","Murray town","New York"
"3607349286",2023,"B17001D_ChildPov","Asian (Non-Hispanic)",0,562.916512459885,"Orleans","Murray town","New York"
"3607349286",2023,"B17001E_ChildPov","Pacific Islander (Non-Hispanic)",0,0,"Orleans","Murray town","New York"
"3607349286",2023,"B17001F_ChildPov","Other (Non-Hispanic)",0,195.797047812134,"Orleans","Murray town","New York"
"3607349286",2023,"B17001G_ChildPov","Two or More Races (Non-Hispanic)",30.0751879699248,37.5264591714076,"Orleans","Murray town","New York"
"3607349286",2023,"B17001H_ChildPov","White (Non-Hispanic)",11.2101910828025,7.94757542066773,"Orleans","Murray town","New York"
"3607349286",2023,"B17001I_ChildPov","Hispanic or Latino (Any Race)",36.5079365079365,75.7371668015844,"Orleans","Murray town","New York"
"3607349286",2024,"B17001B_ChildPov","Black (Non-Hispanic)",0,107.77205024873,"Orleans","Murray town","New York"
"3607349286",2024,"B17001C_ChildPov","Native American (Non-Hispanic)",0,0,"Orleans","Murray town","New York"
"3607349286",2024,"B17001D_ChildPov","Asian (Non-Hispanic)",0,0,"Orleans","Murray town","New York"
"3607349286",2024,"B17001E_ChildPov","Pacific Islander (Non-Hispanic)",0,0,"Orleans","Murray town","New York"
"3607349286",2024,"B17001F_ChildPov","Other (Non-Hispanic)",0,255.249592694361,"Orleans","Murray town","New York"
"3607349286",2024,"B17001G_ChildPov","Two or More Races (Non-Hispanic)",38.9380530973451,49.9653046349365,"Orleans","Murray town","New York"
"3607349286",2024,"B17001H_ChildPov","White (Non-Hispanic)",11.4035087719298,8.22402357644739,"Orleans","Murray town","New York"
"3607349286",2024,"B17001I_ChildPov","Hispanic or Latino (Any Race)",59.5744680851064,89.1830260285706,"Orleans","Murray town","New York"
"3607361742",2017,"B17001B_ChildPov","Black (Non-Hispanic)",100,563.060420414219,"Orleans","Ridgeway town","New York"
"3607361742",2017,"B17001C_ChildPov","Native American (Non-Hispanic)",0,0,"Orleans","Ridgeway town","New York"
"3607361742",2017,"B17001D_ChildPov","Asian (Non-Hispanic)",0,0,"Orleans","Ridgeway town","New York"
"3607361742",2017,"B17001E_ChildPov","Pacific Islander (Non-Hispanic)",0,0,"Orleans","Ridgeway town","New York"
"3607361742",2017,"B17001F_ChildPov","Other (Non-Hispanic)",0,0,"Orleans","Ridgeway town","New York"
"3607361742",2017,"B17001G_ChildPov","Two or More Races (Non-Hispanic)",3.57142857142857,32.2834295204538,"Orleans","Ridgeway town","New York"
"3607361742",2017,"B17001H_ChildPov","White (Non-Hispanic)",20.8333333333333,8.22977251295766,"Orleans","Ridgeway town","New York"
"3607361742",2017,"B17001I_ChildPov","Hispanic or Latino (Any Race)",42.1052631578947,84.3966128493358,"Orleans","Ridgeway town","New York"
"3607361742",2018,"B17001B_ChildPov","Black (Non-Hispanic)",100,445.744321332308,"Orleans","Ridgeway town","New York"
"3607361742",2018,"B17001C_ChildPov","Native American (Non-Hispanic)",0,0,"Orleans","Ridgeway town","New York"
"3607361742",2018,"B17001D_ChildPov","Asian (Non-Hispanic)",0,0,"Orleans","Ridgeway town","New York"
"3607361742",2018,"B17001E_ChildPov","Pacific Islander (Non-Hispanic)",0,0,"Orleans","Ridgeway town","New York"
"3607361742",2018,"B17001F_ChildPov","Other (Non-Hispanic)",0,0,"Orleans","Ridgeway town","New York"
"3607361742",2018,"B17001G_ChildPov","Two or More Races (Non-Hispanic)",9.83606557377049,48.4535240247354,"Orleans","Ridgeway town","New York"
"3607361742",2018,"B17001H_ChildPov","White (Non-Hispanic)",18.6702484889187,7.48677879545617,"Orleans","Ridgeway town","New York"
"3607361742",2018,"B17001I_ChildPov","Hispanic or Latino (Any Race)",68.5185185185185,51.3475386235538,"Orleans","Ridgeway town","New York"
"3607361742",2019,"B17001B_ChildPov","Black (Non-Hispanic)",100,433.678363625536,"Orleans","Ridgeway town","New York"
"3607361742",2019,"B17001C_ChildPov","Native American (Non-Hispanic)",0,0,"Orleans","Ridgeway town","New York"
"3607361742",2019,"B17001D_ChildPov","Asian (Non-Hispanic)",0,0,"Orleans","Ridgeway town","New York"
"3607361742",2019,"B17001E_ChildPov","Pacific Islander (Non-Hispanic)",0,0,"Orleans","Ridgeway town","New York"
"3607361742",2019,"B17001F_ChildPov","Other (Non-Hispanic)",0,0,"Orleans","Ridgeway town","New York"
"3607361742",2019,"B17001G_ChildPov","Two or More Races (Non-Hispanic)",42.6086956521739,54.7108501599516,"Orleans","Ridgeway town","New York"
"3607361742",2019,"B17001H_ChildPov","White (Non-Hispanic)",23.1541218637993,8.75650046691379,"Orleans","Ridgeway town","New York"
"3607361742",2019,"B17001I_ChildPov","Hispanic or Latino (Any Race)",75.3424657534247,24.696127035554,"Orleans","Ridgeway town","New York"
"3607361742",2020,"B17001B_ChildPov","Black (Non-Hispanic)",0,0,"Orleans","Ridgeway town","New York"
"3607361742",2020,"B17001C_ChildPov","Native American (Non-Hispanic)",0,0,"Orleans","Ridgeway town","New York"
"3607361742",2020,"B17001D_ChildPov","Asian (Non-Hispanic)",0,0,"Orleans","Ridgeway town","New York"
"3607361742",2020,"B17001E_ChildPov","Pacific Islander (Non-Hispanic)",0,0,"Orleans","Ridgeway town","New York"
"3607361742",2020,"B17001F_ChildPov","Other (Non-Hispanic)",0,0,"Orleans","Ridgeway town","New York"
"3607361742",2020,"B17001G_ChildPov","Two or More Races (Non-Hispanic)",14.8387096774194,41.392973923854,"Orleans","Ridgeway town","New York"
"3607361742",2020,"B17001H_ChildPov","White (Non-Hispanic)",20.3305785123967,8.65519058306398,"Orleans","Ridgeway town","New York"
"3607361742",2020,"B17001I_ChildPov","Hispanic or Latino (Any Race)",0,184.030398304193,"Orleans","Ridgeway town","New York"
"3607361742",2021,"B17001B_ChildPov","Black (Non-Hispanic)",0,0,"Orleans","Ridgeway town","New York"
"3607361742",2021,"B17001C_ChildPov","Native American (Non-Hispanic)",0,0,"Orleans","Ridgeway town","New York"
"3607361742",2021,"B17001D_ChildPov","Asian (Non-Hispanic)",0,0,"Orleans","Ridgeway town","New York"
"3607361742",2021,"B17001E_ChildPov","Pacific Islander (Non-Hispanic)",0,0,"Orleans","Ridgeway town","New York"
"3607361742",2021,"B17001F_ChildPov","Other (Non-Hispanic)",0,0,"Orleans","Ridgeway town","New York"
"3607361742",2021,"B17001G_ChildPov","Two or More Races (Non-Hispanic)",13.4228187919463,44.1666755603882,"Orleans","Ridgeway town","New York"
"3607361742",2021,"B17001H_ChildPov","White (Non-Hispanic)",17.0731707317073,7.23598693524101,"Orleans","Ridgeway town","New York"
"3607361742",2021,"B17001I_ChildPov","Hispanic or Latino (Any Race)",0,145.00890481972,"Orleans","Ridgeway town","New York"
"3607361742",2022,"B17001B_ChildPov","Black (Non-Hispanic)",0,0,"Orleans","Ridgeway town","New York"
"3607361742",2022,"B17001C_ChildPov","Native American (Non-Hispanic)",0,0,"Orleans","Ridgeway town","New York"
"3607361742",2022,"B17001D_ChildPov","Asian (Non-Hispanic)",0,0,"Orleans","Ridgeway town","New York"
"3607361742",2022,"B17001E_ChildPov","Pacific Islander (Non-Hispanic)",0,0,"Orleans","Ridgeway town","New York"
"3607361742",2022,"B17001F_ChildPov","Other (Non-Hispanic)",0,0,"Orleans","Ridgeway town","New York"
"3607361742",2022,"B17001G_ChildPov","Two or More Races (Non-Hispanic)",20.9876543209877,40.979980556933,"Orleans","Ridgeway town","New York"
"3607361742",2022,"B17001H_ChildPov","White (Non-Hispanic)",9.04436860068259,6.42103989153187,"Orleans","Ridgeway town","New York"
"3607361742",2022,"B17001I_ChildPov","Hispanic or Latino (Any Race)",0,107.898247028881,"Orleans","Ridgeway town","New York"
"3607361742",2023,"B17001B_ChildPov","Black (Non-Hispanic)",0,0,"Orleans","Ridgeway town","New York"
"3607361742",2023,"B17001C_ChildPov","Native American (Non-Hispanic)",0,0,"Orleans","Ridgeway town","New York"
"3607361742",2023,"B17001D_ChildPov","Asian (Non-Hispanic)",0,0,"Orleans","Ridgeway town","New York"
"3607361742",2023,"B17001E_ChildPov","Pacific Islander (Non-Hispanic)",0,0,"Orleans","Ridgeway town","New York"
"3607361742",2023,"B17001F_ChildPov","Other (Non-Hispanic)",0,41.3949249607656,"Orleans","Ridgeway town","New York"
"3607361742",2023,"B17001G_ChildPov","Two or More Races (Non-Hispanic)",17.5,41.4439598330158,"Orleans","Ridgeway town","New York"
"3607361742",2023,"B17001H_ChildPov","White (Non-Hispanic)",11.2309074573226,8.41579573866661,"Orleans","Ridgeway town","New York"
"3607361742",2023,"B17001I_ChildPov","Hispanic or Latino (Any Race)",0,45.7068963108454,"Orleans","Ridgeway town","New York"
"3607361742",2024,"B17001B_ChildPov","Black (Non-Hispanic)",100,784.346862045103,"Orleans","Ridgeway town","New York"
"3607361742",2024,"B17001C_ChildPov","Native American (Non-Hispanic)",0,0,"Orleans","Ridgeway town","New York"
"3607361742",2024,"B17001D_ChildPov","Asian (Non-Hispanic)",0,0,"Orleans","Ridgeway town","New York"
"3607361742",2024,"B17001E_ChildPov","Pacific Islander (Non-Hispanic)",0,0,"Orleans","Ridgeway town","New York"
"3607361742",2024,"B17001F_ChildPov","Other (Non-Hispanic)",0,35.5772598311445,"Orleans","Ridgeway town","New York"
"3607361742",2024,"B17001G_ChildPov","Two or More Races (Non-Hispanic)",12.5748502994012,41.1647092978466,"Orleans","Ridgeway town","New York"
"3607361742",2024,"B17001H_ChildPov","White (Non-Hispanic)",11.400651465798,8.29784352484944,"Orleans","Ridgeway town","New York"
"3607361742",2024,"B17001I_ChildPov","Hispanic or Latino (Any Race)",0,38.7164298162455,"Orleans","Ridgeway town","New York"
"3607366751",2017,"B17001B_ChildPov","Black (Non-Hispanic)",66.6666666666667,6.74502203939556,"Orleans","Shelby town","New York"
"3607366751",2017,"B17001C_ChildPov","Native American (Non-Hispanic)",0,0,"Orleans","Shelby town","New York"
"3607366751",2017,"B17001D_ChildPov","Asian (Non-Hispanic)",100,403.226983224089,"Orleans","Shelby town","New York"
"3607366751",2017,"B17001E_ChildPov","Pacific Islander (Non-Hispanic)",0,0,"Orleans","Shelby town","New York"
"3607366751",2017,"B17001F_ChildPov","Other (Non-Hispanic)",80,107.908714464771,"Orleans","Shelby town","New York"
"3607366751",2017,"B17001G_ChildPov","Two or More Races (Non-Hispanic)",0,74.8994943813569,"Orleans","Shelby town","New York"
"3607366751",2017,"B17001H_ChildPov","White (Non-Hispanic)",14.7919876733436,10.453871397366,"Orleans","Shelby town","New York"
"3607366751",2017,"B17001I_ChildPov","Hispanic or Latino (Any Race)",34.1880341880342,22.5880533956942,"Orleans","Shelby town","New York"
"3607366751",2018,"B17001B_ChildPov","Black (Non-Hispanic)",82.7160493827161,128.303848536509,"Orleans","Shelby town","New York"
"3607366751",2018,"B17001C_ChildPov","Native American (Non-Hispanic)",0,0,"Orleans","Shelby town","New York"
"3607366751",2018,"B17001D_ChildPov","Asian (Non-Hispanic)",100,426.970724991773,"Orleans","Shelby town","New York"
"3607366751",2018,"B17001E_ChildPov","Pacific Islander (Non-Hispanic)",0,0,"Orleans","Shelby town","New York"
"3607366751",2018,"B17001F_ChildPov","Other (Non-Hispanic)",86.0215053763441,114.794446173402,"Orleans","Shelby town","New York"
"3607366751",2018,"B17001G_ChildPov","Two or More Races (Non-Hispanic)",33.3333333333333,416.675925823048,"Orleans","Shelby town","New York"
"3607366751",2018,"B17001H_ChildPov","White (Non-Hispanic)",6.07638888888889,9.54409337706615,"Orleans","Shelby town","New York"
"3607366751",2018,"B17001I_ChildPov","Hispanic or Latino (Any Race)",34.9019607843137,22.7560317053567,"Orleans","Shelby town","New York"
"3607366751",2019,"B17001B_ChildPov","Black (Non-Hispanic)",88.6363636363636,122.525304820854,"Orleans","Shelby town","New York"
"3607366751",2019,"B17001C_ChildPov","Native American (Non-Hispanic)",0,0,"Orleans","Shelby town","New York"
"3607366751",2019,"B17001D_ChildPov","Asian (Non-Hispanic)",0,0,"Orleans","Shelby town","New York"
"3607366751",2019,"B17001E_ChildPov","Pacific Islander (Non-Hispanic)",0,0,"Orleans","Shelby town","New York"
"3607366751",2019,"B17001F_ChildPov","Other (Non-Hispanic)",100,127.631793020709,"Orleans","Shelby town","New York"
"3607366751",2019,"B17001G_ChildPov","Two or More Races (Non-Hispanic)",7.89473684210526,148.677904486132,"Orleans","Shelby town","New York"
"3607366751",2019,"B17001H_ChildPov","White (Non-Hispanic)",5.93607305936073,8.51400234797339,"Orleans","Shelby town","New York"
"3607366751",2019,"B17001I_ChildPov","Hispanic or Latino (Any Race)",51.271186440678,25.9019682702961,"Orleans","Shelby town","New York"
"3607366751",2020,"B17001B_ChildPov","Black (Non-Hispanic)",44.2857142857143,61.3985010134385,"Orleans","Shelby town","New York"
"3607366751",2020,"B17001C_ChildPov","Native American (Non-Hispanic)",0,0,"Orleans","Shelby town","New York"
"3607366751",2020,"B17001D_ChildPov","Asian (Non-Hispanic)",0,0,"Orleans","Shelby town","New York"
"3607366751",2020,"B17001E_ChildPov","Pacific Islander (Non-Hispanic)",0,0,"Orleans","Shelby town","New York"
"3607366751",2020,"B17001F_ChildPov","Other (Non-Hispanic)",100,143.528930939447,"Orleans","Shelby town","New York"
"3607366751",2020,"B17001G_ChildPov","Two or More Races (Non-Hispanic)",9.43396226415094,107.247529757449,"Orleans","Shelby town","New York"
"3607366751",2020,"B17001H_ChildPov","White (Non-Hispanic)",10.6918238993711,7.81430352685366,"Orleans","Shelby town","New York"
"3607366751",2020,"B17001I_ChildPov","Hispanic or Latino (Any Race)",100,132.381052808228,"Orleans","Shelby town","New York"
"3607366751",2021,"B17001B_ChildPov","Black (Non-Hispanic)",51.6666666666667,68.1431465807525,"Orleans","Shelby town","New York"
"3607366751",2021,"B17001C_ChildPov","Native American (Non-Hispanic)",0,0,"Orleans","Shelby town","New York"
"3607366751",2021,"B17001D_ChildPov","Asian (Non-Hispanic)",0,0,"Orleans","Shelby town","New York"
"3607366751",2021,"B17001E_ChildPov","Pacific Islander (Non-Hispanic)",0,0,"Orleans","Shelby town","New York"
"3607366751",2021,"B17001F_ChildPov","Other (Non-Hispanic)",100,116.310073386115,"Orleans","Shelby town","New York"
"3607366751",2021,"B17001G_ChildPov","Two or More Races (Non-Hispanic)",30.188679245283,94.4786618899567,"Orleans","Shelby town","New York"
"3607366751",2021,"B17001H_ChildPov","White (Non-Hispanic)",9.63855421686747,7.15568311935712,"Orleans","Shelby town","New York"
"3607366751",2021,"B17001I_ChildPov","Hispanic or Latino (Any Race)",96.9924812030075,110.764581158058,"Orleans","Shelby town","New York"
"3607366751",2022,"B17001B_ChildPov","Black (Non-Hispanic)",100,467.006678855065,"Orleans","Shelby town","New York"
"3607366751",2022,"B17001C_ChildPov","Native American (Non-Hispanic)",0,0,"Orleans","Shelby town","New York"
"3607366751",2022,"B17001D_ChildPov","Asian (Non-Hispanic)",0,0,"Orleans","Shelby town","New York"
"3607366751",2022,"B17001E_ChildPov","Pacific Islander (Non-Hispanic)",0,0,"Orleans","Shelby town","New York"
"3607366751",2022,"B17001F_ChildPov","Other (Non-Hispanic)",100,161.703432245577,"Orleans","Shelby town","New York"
"3607366751",2022,"B17001G_ChildPov","Two or More Races (Non-Hispanic)",36.1111111111111,84.7581420234654,"Orleans","Shelby town","New York"
"3607366751",2022,"B17001H_ChildPov","White (Non-Hispanic)",9.72906403940887,6.59223370984966,"Orleans","Shelby town","New York"
"3607366751",2022,"B17001I_ChildPov","Hispanic or Latino (Any Race)",95.2380952380952,150.028132072629,"Orleans","Shelby town","New York"
"3607366751",2023,"B17001B_ChildPov","Black (Non-Hispanic)",0,0,"Orleans","Shelby town","New York"
"3607366751",2023,"B17001C_ChildPov","Native American (Non-Hispanic)",0,0,"Orleans","Shelby town","New York"
"3607366751",2023,"B17001D_ChildPov","Asian (Non-Hispanic)",0,0,"Orleans","Shelby town","New York"
"3607366751",2023,"B17001E_ChildPov","Pacific Islander (Non-Hispanic)",0,0,"Orleans","Shelby town","New York"
"3607366751",2023,"B17001F_ChildPov","Other (Non-Hispanic)",0,0,"Orleans","Shelby town","New York"
"3607366751",2023,"B17001G_ChildPov","Two or More Races (Non-Hispanic)",0,45.0333209967908,"Orleans","Shelby town","New York"
"3607366751",2023,"B17001H_ChildPov","White (Non-Hispanic)",10.4039167686659,7.32778587094678,"Orleans","Shelby town","New York"
"3607366751",2023,"B17001I_ChildPov","Hispanic or Latino (Any Race)",0,1501.11069989303,"Orleans","Shelby town","New York"
"3607366751",2024,"B17001B_ChildPov","Black (Non-Hispanic)",0,0,"Orleans","Shelby town","New York"
"3607366751",2024,"B17001C_ChildPov","Native American (Non-Hispanic)",0,0,"Orleans","Shelby town","New York"
"3607366751",2024,"B17001D_ChildPov","Asian (Non-Hispanic)",0,0,"Orleans","Shelby town","New York"
"3607366751",2024,"B17001E_ChildPov","Pacific Islander (Non-Hispanic)",0,0,"Orleans","Shelby town","New York"
"3607366751",2024,"B17001F_ChildPov","Other (Non-Hispanic)",0,0,"Orleans","Shelby town","New York"
"3607366751",2024,"B17001G_ChildPov","Two or More Races (Non-Hispanic)",0,346.410161513775,"Orleans","Shelby town","New York"
"3607366751",2024,"B17001H_ChildPov","White (Non-Hispanic)",7.06521739130435,8.35208971278902,"Orleans","Shelby town","New York"
"3607366751",2024,"B17001I_ChildPov","Hispanic or Latino (Any Race)",0,1212.43556529821,"Orleans","Shelby town","New York"
"3607383448",2017,"B17001B_ChildPov","Black (Non-Hispanic)",0,1270.17059221718,"Orleans","Yates town","New York"
"3607383448",2017,"B17001C_ChildPov","Native American (Non-Hispanic)",100,210.076727423479,"Orleans","Yates town","New York"
"3607383448",2017,"B17001D_ChildPov","Asian (Non-Hispanic)",100,2146.31467093403,"Orleans","Yates town","New York"
"3607383448",2017,"B17001E_ChildPov","Pacific Islander (Non-Hispanic)",0,0,"Orleans","Yates town","New York"
"3607383448",2017,"B17001F_ChildPov","Other (Non-Hispanic)",0,0,"Orleans","Yates town","New York"
"3607383448",2017,"B17001G_ChildPov","Two or More Races (Non-Hispanic)",0,119.07849302036,"Orleans","Yates town","New York"
"3607383448",2017,"B17001H_ChildPov","White (Non-Hispanic)",16.1490683229814,7.51919918687841,"Orleans","Yates town","New York"
"3607383448",2017,"B17001I_ChildPov","Hispanic or Latino (Any Race)",0,200.553251402712,"Orleans","Yates town","New York"
"3607383448",2018,"B17001B_ChildPov","Black (Non-Hispanic)",0,0,"Orleans","Yates town","New York"
"3607383448",2018,"B17001C_ChildPov","Native American (Non-Hispanic)",100,274.574118412602,"Orleans","Yates town","New York"
"3607383448",2018,"B17001D_ChildPov","Asian (Non-Hispanic)",100,3509.98575495685,"Orleans","Yates town","New York"
"3607383448",2018,"B17001E_ChildPov","Pacific Islander (Non-Hispanic)",0,0,"Orleans","Yates town","New York"
"3607383448",2018,"B17001F_ChildPov","Other (Non-Hispanic)",0,1385.6406460551,"Orleans","Yates town","New York"
"3607383448",2018,"B17001G_ChildPov","Two or More Races (Non-Hispanic)",0,173.205080756888,"Orleans","Yates town","New York"
"3607383448",2018,"B17001H_ChildPov","White (Non-Hispanic)",17.5510204081633,8.17630090783992,"Orleans","Yates town","New York"
"3607383448",2018,"B17001I_ChildPov","Hispanic or Latino (Any Race)",0,207.846096908265,"Orleans","Yates town","New York"
"3607383448",2019,"B17001B_ChildPov","Black (Non-Hispanic)",0,1039.23048454133,"Orleans","Yates town","New York"
"3607383448",2019,"B17001C_ChildPov","Native American (Non-Hispanic)",100,335.435547911549,"Orleans","Yates town","New York"
"3607383448",2019,"B17001D_ChildPov","Asian (Non-Hispanic)",0,0,"Orleans","Yates town","New York"
"3607383448",2019,"B17001E_ChildPov","Pacific Islander (Non-Hispanic)",0,0,"Orleans","Yates town","New York"
"3607383448",2019,"B17001F_ChildPov","Other (Non-Hispanic)",0,1385.6406460551,"Orleans","Yates town","New York"
"3607383448",2019,"B17001G_ChildPov","Two or More Races (Non-Hispanic)",0,125.967331459555,"Orleans","Yates town","New York"
"3607383448",2019,"B17001H_ChildPov","White (Non-Hispanic)",19.2384769539078,8.45896936812332,"Orleans","Yates town","New York"
"3607383448",2019,"B17001I_ChildPov","Hispanic or Latino (Any Race)",0,173.205080756888,"Orleans","Yates town","New York"
"3607383448",2020,"B17001B_ChildPov","Black (Non-Hispanic)",0,1039.23048454133,"Orleans","Yates town","New York"
"3607383448",2020,"B17001C_ChildPov","Native American (Non-Hispanic)",100,383.936723181578,"Orleans","Yates town","New York"
"3607383448",2020,"B17001D_ChildPov","Asian (Non-Hispanic)",0,0,"Orleans","Yates town","New York"
"3607383448",2020,"B17001E_ChildPov","Pacific Islander (Non-Hispanic)",0,0,"Orleans","Yates town","New York"
"3607383448",2020,"B17001F_ChildPov","Other (Non-Hispanic)",0,4156.92193816531,"Orleans","Yates town","New York"
"3607383448",2020,"B17001G_ChildPov","Two or More Races (Non-Hispanic)",0,78.4324893993454,"Orleans","Yates town","New York"
"3607383448",2020,"B17001H_ChildPov","White (Non-Hispanic)",30.6163021868787,14.6769452280439,"Orleans","Yates town","New York"
"3607383448",2020,"B17001I_ChildPov","Hispanic or Latino (Any Race)",0,79.9408065031789,"Orleans","Yates town","New York"
"3607383448",2021,"B17001B_ChildPov","Black (Non-Hispanic)",0,2251.66604983954,"Orleans","Yates town","New York"
"3607383448",2021,"B17001C_ChildPov","Native American (Non-Hispanic)",100,417.221852344857,"Orleans","Yates town","New York"
"3607383448",2021,"B17001D_ChildPov","Asian (Non-Hispanic)",0,0,"Orleans","Yates town","New York"
"3607383448",2021,"B17001E_ChildPov","Pacific Islander (Non-Hispanic)",0,0,"Orleans","Yates town","New York"
"3607383448",2021,"B17001F_ChildPov","Other (Non-Hispanic)",0,643.333157097012,"Orleans","Yates town","New York"
"3607383448",2021,"B17001G_ChildPov","Two or More Races (Non-Hispanic)",0,155.287313782037,"Orleans","Yates town","New York"
"3607383448",2021,"B17001H_ChildPov","White (Non-Hispanic)",28.8495575221239,13.3643826173287,"Orleans","Yates town","New York"
"3607383448",2021,"B17001I_ChildPov","Hispanic or Latino (Any Race)",0,121.711678369705,"Orleans","Yates town","New York"
"3607383448",2022,"B17001B_ChildPov","Black (Non-Hispanic)",0,1501.11069989303,"Orleans","Yates town","New York"
"3607383448",2022,"B17001C_ChildPov","Native American (Non-Hispanic)",0,0,"Orleans","Yates town","New York"
"3607383448",2022,"B17001D_ChildPov","Asian (Non-Hispanic)",0,0,"Orleans","Yates town","New York"
"3607383448",2022,"B17001E_ChildPov","Pacific Islander (Non-Hispanic)",0,0,"Orleans","Yates town","New York"
"3607383448",2022,"B17001F_ChildPov","Other (Non-Hispanic)",0,264.901888216417,"Orleans","Yates town","New York"
"3607383448",2022,"B17001G_ChildPov","Two or More Races (Non-Hispanic)",0,346.410161513775,"Orleans","Yates town","New York"
"3607383448",2022,"B17001H_ChildPov","White (Non-Hispanic)",26.6666666666667,13.8170985487055,"Orleans","Yates town","New York"
"3607383448",2022,"B17001I_ChildPov","Hispanic or Latino (Any Race)",0,81.8787654487106,"Orleans","Yates town","New York"
"3607383448",2023,"B17001B_ChildPov","Black (Non-Hispanic)",0,900.666419935816,"Orleans","Yates town","New York"
"3607383448",2023,"B17001C_ChildPov","Native American (Non-Hispanic)",0,0,"Orleans","Yates town","New York"
"3607383448",2023,"B17001D_ChildPov","Asian (Non-Hispanic)",0,0,"Orleans","Yates town","New York"
"3607383448",2023,"B17001E_ChildPov","Pacific Islander (Non-Hispanic)",0,0,"Orleans","Yates town","New York"
"3607383448",2023,"B17001F_ChildPov","Other (Non-Hispanic)",0,0,"Orleans","Yates town","New York"
"3607383448",2023,"B17001G_ChildPov","Two or More Races (Non-Hispanic)",0,166.790077765892,"Orleans","Yates town","New York"
"3607383448",2023,"B17001H_ChildPov","White (Non-Hispanic)",27.027027027027,14.3151780517714,"Orleans","Yates town","New York"
"3607383448",2023,"B17001I_ChildPov","Hispanic or Latino (Any Race)",0,204.696913621776,"Orleans","Yates town","New York"
"3607383448",2024,"B17001B_ChildPov","Black (Non-Hispanic)",0,0,"Orleans","Yates town","New York"
"3607383448",2024,"B17001C_ChildPov","Native American (Non-Hispanic)",0,0,"Orleans","Yates town","New York"
"3607383448",2024,"B17001D_ChildPov","Asian (Non-Hispanic)",0,0,"Orleans","Yates town","New York"
"3607383448",2024,"B17001E_ChildPov","Pacific Islander (Non-Hispanic)",0,0,"Orleans","Yates town","New York"
"3607383448",2024,"B17001F_ChildPov","Other (Non-Hispanic)",0,0,"Orleans","Yates town","New York"
"3607383448",2024,"B17001G_ChildPov","Two or More Races (Non-Hispanic)",0,193.989690447714,"Orleans","Yates town","New York"
"3607383448",2024,"B17001H_ChildPov","White (Non-Hispanic)",29.0060851926978,14.3833861799171,"Orleans","Yates town","New York"
"3607383448",2024,"B17001I_ChildPov","Hispanic or Latino (Any Race)",0,1212.43556529821,"Orleans","Yates town","New York"
"3609918663",2017,"B17001B_ChildPov","Black (Non-Hispanic)",0,0,"Seneca","Covert town","New York"
"3609918663",2017,"B17001C_ChildPov","Native American (Non-Hispanic)",0,0,"Seneca","Covert town","New York"
"3609918663",2017,"B17001D_ChildPov","Asian (Non-Hispanic)",0,3810.51177665153,"Seneca","Covert town","New York"
"3609918663",2017,"B17001E_ChildPov","Pacific Islander (Non-Hispanic)",0,0,"Seneca","Covert town","New York"
"3609918663",2017,"B17001F_ChildPov","Other (Non-Hispanic)",0,0,"Seneca","Covert town","New York"
"3609918663",2017,"B17001G_ChildPov","Two or More Races (Non-Hispanic)",0,293.116290511656,"Seneca","Covert town","New York"
"3609918663",2017,"B17001H_ChildPov","White (Non-Hispanic)",12.8260869565217,7.76377989868248,"Seneca","Covert town","New York"
"3609918663",2017,"B17001I_ChildPov","Hispanic or Latino (Any Race)",0,0,"Seneca","Covert town","New York"
"3609918663",2018,"B17001B_ChildPov","Black (Non-Hispanic)",0,593.845991166472,"Seneca","Covert town","New York"
"3609918663",2018,"B17001C_ChildPov","Native American (Non-Hispanic)",0,0,"Seneca","Covert town","New York"
"3609918663",2018,"B17001D_ChildPov","Asian (Non-Hispanic)",0,1385.6406460551,"Seneca","Covert town","New York"
"3609918663",2018,"B17001E_ChildPov","Pacific Islander (Non-Hispanic)",0,0,"Seneca","Covert town","New York"
"3609918663",2018,"B17001F_ChildPov","Other (Non-Hispanic)",0,0,"Seneca","Covert town","New York"
"3609918663",2018,"B17001G_ChildPov","Two or More Races (Non-Hispanic)",0,207.846096908265,"Seneca","Covert town","New York"
"3609918663",2018,"B17001H_ChildPov","White (Non-Hispanic)",13.7592137592138,8.85359282081551,"Seneca","Covert town","New York"
"3609918663",2018,"B17001I_ChildPov","Hispanic or Latino (Any Race)",0,346.410161513776,"Seneca","Covert town","New York"
"3609918663",2019,"B17001B_ChildPov","Black (Non-Hispanic)",0,461.880215351701,"Seneca","Covert town","New York"
"3609918663",2019,"B17001C_ChildPov","Native American (Non-Hispanic)",0,0,"Seneca","Covert town","New York"
"3609918663",2019,"B17001D_ChildPov","Asian (Non-Hispanic)",0,2078.46096908265,"Seneca","Covert town","New York"
"3609918663",2019,"B17001E_ChildPov","Pacific Islander (Non-Hispanic)",0,0,"Seneca","Covert town","New York"
"3609918663",2019,"B17001F_ChildPov","Other (Non-Hispanic)",0,0,"Seneca","Covert town","New York"
"3609918663",2019,"B17001G_ChildPov","Two or More Races (Non-Hispanic)",0,166.276877526612,"Seneca","Covert town","New York"
"3609918663",2019,"B17001H_ChildPov","White (Non-Hispanic)",11.6809116809117,11.0430115213336,"Seneca","Covert town","New York"
"3609918663",2019,"B17001I_ChildPov","Hispanic or Latino (Any Race)",0,143.342135798804,"Seneca","Covert town","New York"
"3609918663",2020,"B17001B_ChildPov","Black (Non-Hispanic)",0,831.384387633061,"Seneca","Covert town","New York"
"3609918663",2020,"B17001C_ChildPov","Native American (Non-Hispanic)",0,0,"Seneca","Covert town","New York"
"3609918663",2020,"B17001D_ChildPov","Asian (Non-Hispanic)",0,2078.46096908265,"Seneca","Covert town","New York"
"3609918663",2020,"B17001E_ChildPov","Pacific Islander (Non-Hispanic)",0,0,"Seneca","Covert town","New York"
"3609918663",2020,"B17001F_ChildPov","Other (Non-Hispanic)",0,0,"Seneca","Covert town","New York"
"3609918663",2020,"B17001G_ChildPov","Two or More Races (Non-Hispanic)",0,188.950997189332,"Seneca","Covert town","New York"
"3609918663",2020,"B17001H_ChildPov","White (Non-Hispanic)",5.20547945205479,9.78452469076736,"Seneca","Covert town","New York"
"3609918663",2020,"B17001I_ChildPov","Hispanic or Latino (Any Race)",0,188.950997189332,"Seneca","Covert town","New York"
"3609918663",2021,"B17001B_ChildPov","Black (Non-Hispanic)",0,375.277674973257,"Seneca","Covert town","New York"
"3609918663",2021,"B17001C_ChildPov","Native American (Non-Hispanic)",0,0,"Seneca","Covert town","New York"
"3609918663",2021,"B17001D_ChildPov","Asian (Non-Hispanic)",0,900.666419935816,"Seneca","Covert town","New York"
"3609918663",2021,"B17001E_ChildPov","Pacific Islander (Non-Hispanic)",0,0,"Seneca","Covert town","New York"
"3609918663",2021,"B17001F_ChildPov","Other (Non-Hispanic)",0,237.017478930478,"Seneca","Covert town","New York"
"3609918663",2021,"B17001G_ChildPov","Two or More Races (Non-Hispanic)",0,140.729128114971,"Seneca","Covert town","New York"
"3609918663",2021,"B17001H_ChildPov","White (Non-Hispanic)",3.23624595469256,13.7291888431833,"Seneca","Covert town","New York"
"3609918663",2021,"B17001I_ChildPov","Hispanic or Latino (Any Race)",0,75.0555349946513,"Seneca","Covert town","New York"
"3609918663",2022,"B17001B_ChildPov","Black (Non-Hispanic)",0,375.277674973257,"Seneca","Covert town","New York"
"3609918663",2022,"B17001C_ChildPov","Native American (Non-Hispanic)",0,0,"Seneca","Covert town","New York"
"3609918663",2022,"B17001D_ChildPov","Asian (Non-Hispanic)",0,1125.83302491977,"Seneca","Covert town","New York"
"3609918663",2022,"B17001E_ChildPov","Pacific Islander (Non-Hispanic)",0,0,"Seneca","Covert town","New York"
"3609918663",2022,"B17001F_ChildPov","Other (Non-Hispanic)",25,239.918809509071,"Seneca","Covert town","New York"
"3609918663",2022,"B17001G_ChildPov","Two or More Races (Non-Hispanic)",0,125.092558324419,"Seneca","Covert town","New York"
"3609918663",2022,"B17001H_ChildPov","White (Non-Hispanic)",6.43086816720257,11.7257862523759,"Seneca","Covert town","New York"
"3609918663",2022,"B17001I_ChildPov","Hispanic or Latino (Any Race)",0,66.2254720541041,"Seneca","Covert town","New York"
"3609918663",2023,"B17001B_ChildPov","Black (Non-Hispanic)",0,0,"Seneca","Covert town","New York"
"3609918663",2023,"B17001C_ChildPov","Native American (Non-Hispanic)",0,0,"Seneca","Covert town","New York"
"3609918663",2023,"B17001D_ChildPov","Asian (Non-Hispanic)",0,643.333157097012,"Seneca","Covert town","New York"
"3609918663",2023,"B17001E_ChildPov","Pacific Islander (Non-Hispanic)",0,0,"Seneca","Covert town","New York"
"3609918663",2023,"B17001F_ChildPov","Other (Non-Hispanic)",23.5294117647059,226.764805541168,"Seneca","Covert town","New York"
"3609918663",2023,"B17001G_ChildPov","Two or More Races (Non-Hispanic)",0,300.222139978605,"Seneca","Covert town","New York"
"3609918663",2023,"B17001H_ChildPov","White (Non-Hispanic)",3.79008746355685,11.0654779683562,"Seneca","Covert town","New York"
"3609918663",2023,"B17001I_ChildPov","Hispanic or Latino (Any Race)",0,132.450944108208,"Seneca","Covert town","New York"
"3609918663",2024,"B17001B_ChildPov","Black (Non-Hispanic)",0,0,"Seneca","Covert town","New York"
"3609918663",2024,"B17001C_ChildPov","Native American (Non-Hispanic)",0,0,"Seneca","Covert town","New York"
"3609918663",2024,"B17001D_ChildPov","Asian (Non-Hispanic)",0,484.974226119286,"Seneca","Covert town","New York"
"3609918663",2024,"B17001E_ChildPov","Pacific Islander (Non-Hispanic)",0,0,"Seneca","Covert town","New York"
"3609918663",2024,"B17001F_ChildPov","Other (Non-Hispanic)",21.0526315789474,222.341234014225,"Seneca","Covert town","New York"
"3609918663",2024,"B17001G_ChildPov","Two or More Races (Non-Hispanic)",0,606.217782649107,"Seneca","Covert town","New York"
"3609918663",2024,"B17001H_ChildPov","White (Non-Hispanic)",3.25814536340852,10.3175992050944,"Seneca","Covert town","New York"
"3609918663",2024,"B17001I_ChildPov","Hispanic or Latino (Any Race)",0,373.057097014835,"Seneca","Covert town","New York"
"3609925505",2017,"B17001B_ChildPov","Black (Non-Hispanic)",0,0,"Seneca","Fayette town","New York"
"3609925505",2017,"B17001C_ChildPov","Native American (Non-Hispanic)",0,0,"Seneca","Fayette town","New York"
"3609925505",2017,"B17001D_ChildPov","Asian (Non-Hispanic)",0,200.553251402712,"Seneca","Fayette town","New York"
"3609925505",2017,"B17001E_ChildPov","Pacific Islander (Non-Hispanic)",0,0,"Seneca","Fayette town","New York"
"3609925505",2017,"B17001F_ChildPov","Other (Non-Hispanic)",0,0,"Seneca","Fayette town","New York"
"3609925505",2017,"B17001G_ChildPov","Two or More Races (Non-Hispanic)",0,152.420471066061,"Seneca","Fayette town","New York"
"3609925505",2017,"B17001H_ChildPov","White (Non-Hispanic)",13.1868131868132,8.79820782336371,"Seneca","Fayette town","New York"
"3609925505",2017,"B17001I_ChildPov","Hispanic or Latino (Any Race)",0,200.553251402712,"Seneca","Fayette town","New York"
"3609925505",2018,"B17001B_ChildPov","Black (Non-Hispanic)",0,0,"Seneca","Fayette town","New York"
"3609925505",2018,"B17001C_ChildPov","Native American (Non-Hispanic)",0,0,"Seneca","Fayette town","New York"
"3609925505",2018,"B17001D_ChildPov","Asian (Non-Hispanic)",0,0,"Seneca","Fayette town","New York"
"3609925505",2018,"B17001E_ChildPov","Pacific Islander (Non-Hispanic)",0,0,"Seneca","Fayette town","New York"
"3609925505",2018,"B17001F_ChildPov","Other (Non-Hispanic)",0,0,"Seneca","Fayette town","New York"
"3609925505",2018,"B17001G_ChildPov","Two or More Races (Non-Hispanic)",0,197.948663722157,"Seneca","Fayette town","New York"
"3609925505",2018,"B17001H_ChildPov","White (Non-Hispanic)",11.625,8.88378234316347,"Seneca","Fayette town","New York"
"3609925505",2018,"B17001I_ChildPov","Hispanic or Latino (Any Race)",0,188.950997189332,"Seneca","Fayette town","New York"
"3609925505",2019,"B17001B_ChildPov","Black (Non-Hispanic)",0,0,"Seneca","Fayette town","New York"
"3609925505",2019,"B17001C_ChildPov","Native American (Non-Hispanic)",0,0,"Seneca","Fayette town","New York"
"3609925505",2019,"B17001D_ChildPov","Asian (Non-Hispanic)",0,0,"Seneca","Fayette town","New York"
"3609925505",2019,"B17001E_ChildPov","Pacific Islander (Non-Hispanic)",0,0,"Seneca","Fayette town","New York"
"3609925505",2019,"B17001F_ChildPov","Other (Non-Hispanic)",0,0,"Seneca","Fayette town","New York"
"3609925505",2019,"B17001G_ChildPov","Two or More Races (Non-Hispanic)",0,0,"Seneca","Fayette town","New York"
"3609925505",2019,"B17001H_ChildPov","White (Non-Hispanic)",5.22959183673469,7.21632240057057,"Seneca","Fayette town","New York"
"3609925505",2019,"B17001I_ChildPov","Hispanic or Latino (Any Race)",0,197.948663722157,"Seneca","Fayette town","New York"
"3609925505",2020,"B17001B_ChildPov","Black (Non-Hispanic)",0,0,"Seneca","Fayette town","New York"
"3609925505",2020,"B17001C_ChildPov","Native American (Non-Hispanic)",0,0,"Seneca","Fayette town","New York"
"3609925505",2020,"B17001D_ChildPov","Asian (Non-Hispanic)",0,0,"Seneca","Fayette town","New York"
"3609925505",2020,"B17001E_ChildPov","Pacific Islander (Non-Hispanic)",0,0,"Seneca","Fayette town","New York"
"3609925505",2020,"B17001F_ChildPov","Other (Non-Hispanic)",0,0,"Seneca","Fayette town","New York"
"3609925505",2020,"B17001G_ChildPov","Two or More Races (Non-Hispanic)",0,0,"Seneca","Fayette town","New York"
"3609925505",2020,"B17001H_ChildPov","White (Non-Hispanic)",12.5443786982249,9.33076366731904,"Seneca","Fayette town","New York"
"3609925505",2020,"B17001I_ChildPov","Hispanic or Latino (Any Race)",0,197.948663722157,"Seneca","Fayette town","New York"
"3609925505",2021,"B17001B_ChildPov","Black (Non-Hispanic)",0,0,"Seneca","Fayette town","New York"
"3609925505",2021,"B17001C_ChildPov","Native American (Non-Hispanic)",0,0,"Seneca","Fayette town","New York"
"3609925505",2021,"B17001D_ChildPov","Asian (Non-Hispanic)",0,0,"Seneca","Fayette town","New York"
"3609925505",2021,"B17001E_ChildPov","Pacific Islander (Non-Hispanic)",0,0,"Seneca","Fayette town","New York"
"3609925505",2021,"B17001F_ChildPov","Other (Non-Hispanic)",0,0,"Seneca","Fayette town","New York"
"3609925505",2021,"B17001G_ChildPov","Two or More Races (Non-Hispanic)",0,0,"Seneca","Fayette town","New York"
"3609925505",2021,"B17001H_ChildPov","White (Non-Hispanic)",10.7064017660044,8.90098772529342,"Seneca","Fayette town","New York"
"3609925505",2021,"B17001I_ChildPov","Hispanic or Latino (Any Race)",0,0,"Seneca","Fayette town","New York"
"3609925505",2022,"B17001B_ChildPov","Black (Non-Hispanic)",0,0,"Seneca","Fayette town","New York"
"3609925505",2022,"B17001C_ChildPov","Native American (Non-Hispanic)",0,0,"Seneca","Fayette town","New York"
"3609925505",2022,"B17001D_ChildPov","Asian (Non-Hispanic)",0,0,"Seneca","Fayette town","New York"
"3609925505",2022,"B17001E_ChildPov","Pacific Islander (Non-Hispanic)",0,0,"Seneca","Fayette town","New York"
"3609925505",2022,"B17001F_ChildPov","Other (Non-Hispanic)",0,0,"Seneca","Fayette town","New York"
"3609925505",2022,"B17001G_ChildPov","Two or More Races (Non-Hispanic)",0,0,"Seneca","Fayette town","New York"
"3609925505",2022,"B17001H_ChildPov","White (Non-Hispanic)",10.5610561056106,8.76771509024719,"Seneca","Fayette town","New York"
"3609925505",2022,"B17001I_ChildPov","Hispanic or Latino (Any Race)",0,214.444385699004,"Seneca","Fayette town","New York"
"3609925505",2023,"B17001B_ChildPov","Black (Non-Hispanic)",0,0,"Seneca","Fayette town","New York"
"3609925505",2023,"B17001C_ChildPov","Native American (Non-Hispanic)",0,0,"Seneca","Fayette town","New York"
"3609925505",2023,"B17001D_ChildPov","Asian (Non-Hispanic)",0,0,"Seneca","Fayette town","New York"
"3609925505",2023,"B17001E_ChildPov","Pacific Islander (Non-Hispanic)",0,0,"Seneca","Fayette town","New York"
"3609925505",2023,"B17001F_ChildPov","Other (Non-Hispanic)",0,225.166604983954,"Seneca","Fayette town","New York"
"3609925505",2023,"B17001G_ChildPov","Two or More Races (Non-Hispanic)",0,0,"Seneca","Fayette town","New York"
"3609925505",2023,"B17001H_ChildPov","White (Non-Hispanic)",10.3370786516854,8.61521564756127,"Seneca","Fayette town","New York"
"3609925505",2023,"B17001I_ChildPov","Hispanic or Latino (Any Race)",0,204.696913621776,"Seneca","Fayette town","New York"
"3609925505",2024,"B17001B_ChildPov","Black (Non-Hispanic)",0,0,"Seneca","Fayette town","New York"
"3609925505",2024,"B17001C_ChildPov","Native American (Non-Hispanic)",0,0,"Seneca","Fayette town","New York"
"3609925505",2024,"B17001D_ChildPov","Asian (Non-Hispanic)",0,0,"Seneca","Fayette town","New York"
"3609925505",2024,"B17001E_ChildPov","Pacific Islander (Non-Hispanic)",0,0,"Seneca","Fayette town","New York"
"3609925505",2024,"B17001F_ChildPov","Other (Non-Hispanic)",0,255.249592694361,"Seneca","Fayette town","New York"
"3609925505",2024,"B17001G_ChildPov","Two or More Races (Non-Hispanic)",0,0,"Seneca","Fayette town","New York"
"3609925505",2024,"B17001H_ChildPov","White (Non-Hispanic)",8.86075949367089,9.85655152563008,"Seneca","Fayette town","New York"
"3609925505",2024,"B17001I_ChildPov","Hispanic or Latino (Any Race)",0,269.430125621825,"Seneca","Fayette town","New York"
"3609928640",2017,"B17001B_ChildPov","Black (Non-Hispanic)",0,0,"Seneca","Geneva city","New York"
"3609928640",2017,"B17001C_ChildPov","Native American (Non-Hispanic)",0,0,"Seneca","Geneva city","New York"
"3609928640",2017,"B17001D_ChildPov","Asian (Non-Hispanic)",0,0,"Seneca","Geneva city","New York"
"3609928640",2017,"B17001E_ChildPov","Pacific Islander (Non-Hispanic)",0,0,"Seneca","Geneva city","New York"
"3609928640",2017,"B17001F_ChildPov","Other (Non-Hispanic)",0,0,"Seneca","Geneva city","New York"
"3609928640",2017,"B17001G_ChildPov","Two or More Races (Non-Hispanic)",0,0,"Seneca","Geneva city","New York"
"3609928640",2017,"B17001H_ChildPov","White (Non-Hispanic)",0,0,"Seneca","Geneva city","New York"
"3609928640",2017,"B17001I_ChildPov","Hispanic or Latino (Any Race)",0,0,"Seneca","Geneva city","New York"
"3609928640",2018,"B17001B_ChildPov","Black (Non-Hispanic)",0,0,"Seneca","Geneva city","New York"
"3609928640",2018,"B17001C_ChildPov","Native American (Non-Hispanic)",0,0,"Seneca","Geneva city","New York"
"3609928640",2018,"B17001D_ChildPov","Asian (Non-Hispanic)",0,0,"Seneca","Geneva city","New York"
"3609928640",2018,"B17001E_ChildPov","Pacific Islander (Non-Hispanic)",0,0,"Seneca","Geneva city","New York"
"3609928640",2018,"B17001F_ChildPov","Other (Non-Hispanic)",0,0,"Seneca","Geneva city","New York"
"3609928640",2018,"B17001G_ChildPov","Two or More Races (Non-Hispanic)",0,0,"Seneca","Geneva city","New York"
"3609928640",2018,"B17001H_ChildPov","White (Non-Hispanic)",0,0,"Seneca","Geneva city","New York"
"3609928640",2018,"B17001I_ChildPov","Hispanic or Latino (Any Race)",0,0,"Seneca","Geneva city","New York"
"3609928640",2019,"B17001B_ChildPov","Black (Non-Hispanic)",0,0,"Seneca","Geneva city","New York"
"3609928640",2019,"B17001C_ChildPov","Native American (Non-Hispanic)",0,0,"Seneca","Geneva city","New York"
"3609928640",2019,"B17001D_ChildPov","Asian (Non-Hispanic)",0,0,"Seneca","Geneva city","New York"
"3609928640",2019,"B17001E_ChildPov","Pacific Islander (Non-Hispanic)",0,0,"Seneca","Geneva city","New York"
"3609928640",2019,"B17001F_ChildPov","Other (Non-Hispanic)",0,0,"Seneca","Geneva city","New York"
"3609928640",2019,"B17001G_ChildPov","Two or More Races (Non-Hispanic)",0,0,"Seneca","Geneva city","New York"
"3609928640",2019,"B17001H_ChildPov","White (Non-Hispanic)",0,0,"Seneca","Geneva city","New York"
"3609928640",2019,"B17001I_ChildPov","Hispanic or Latino (Any Race)",0,0,"Seneca","Geneva city","New York"
"3609928640",2020,"B17001B_ChildPov","Black (Non-Hispanic)",0,0,"Seneca","Geneva city","New York"
"3609928640",2020,"B17001C_ChildPov","Native American (Non-Hispanic)",0,0,"Seneca","Geneva city","New York"
"3609928640",2020,"B17001D_ChildPov","Asian (Non-Hispanic)",0,0,"Seneca","Geneva city","New York"
"3609928640",2020,"B17001E_ChildPov","Pacific Islander (Non-Hispanic)",0,0,"Seneca","Geneva city","New York"
"3609928640",2020,"B17001F_ChildPov","Other (Non-Hispanic)",0,0,"Seneca","Geneva city","New York"
"3609928640",2020,"B17001G_ChildPov","Two or More Races (Non-Hispanic)",0,0,"Seneca","Geneva city","New York"
"3609928640",2020,"B17001H_ChildPov","White (Non-Hispanic)",0,0,"Seneca","Geneva city","New York"
"3609928640",2020,"B17001I_ChildPov","Hispanic or Latino (Any Race)",0,0,"Seneca","Geneva city","New York"
"3609928640",2021,"B17001B_ChildPov","Black (Non-Hispanic)",0,0,"Seneca","Geneva city","New York"
"3609928640",2021,"B17001C_ChildPov","Native American (Non-Hispanic)",0,0,"Seneca","Geneva city","New York"
"3609928640",2021,"B17001D_ChildPov","Asian (Non-Hispanic)",0,0,"Seneca","Geneva city","New York"
"3609928640",2021,"B17001E_ChildPov","Pacific Islander (Non-Hispanic)",0,0,"Seneca","Geneva city","New York"
"3609928640",2021,"B17001F_ChildPov","Other (Non-Hispanic)",0,0,"Seneca","Geneva city","New York"
"3609928640",2021,"B17001G_ChildPov","Two or More Races (Non-Hispanic)",0,0,"Seneca","Geneva city","New York"
"3609928640",2021,"B17001H_ChildPov","White (Non-Hispanic)",0,0,"Seneca","Geneva city","New York"
"3609928640",2021,"B17001I_ChildPov","Hispanic or Latino (Any Race)",0,0,"Seneca","Geneva city","New York"
"3609928640",2022,"B17001B_ChildPov","Black (Non-Hispanic)",0,0,"Seneca","Geneva city","New York"
"3609928640",2022,"B17001C_ChildPov","Native American (Non-Hispanic)",0,0,"Seneca","Geneva city","New York"
"3609928640",2022,"B17001D_ChildPov","Asian (Non-Hispanic)",0,0,"Seneca","Geneva city","New York"
"3609928640",2022,"B17001E_ChildPov","Pacific Islander (Non-Hispanic)",0,0,"Seneca","Geneva city","New York"
"3609928640",2022,"B17001F_ChildPov","Other (Non-Hispanic)",0,0,"Seneca","Geneva city","New York"
"3609928640",2022,"B17001G_ChildPov","Two or More Races (Non-Hispanic)",0,0,"Seneca","Geneva city","New York"
"3609928640",2022,"B17001H_ChildPov","White (Non-Hispanic)",0,0,"Seneca","Geneva city","New York"
"3609928640",2022,"B17001I_ChildPov","Hispanic or Latino (Any Race)",0,0,"Seneca","Geneva city","New York"
"3609928640",2023,"B17001B_ChildPov","Black (Non-Hispanic)",0,0,"Seneca","Geneva city","New York"
"3609928640",2023,"B17001C_ChildPov","Native American (Non-Hispanic)",0,0,"Seneca","Geneva city","New York"
"3609928640",2023,"B17001D_ChildPov","Asian (Non-Hispanic)",0,0,"Seneca","Geneva city","New York"
"3609928640",2023,"B17001E_ChildPov","Pacific Islander (Non-Hispanic)",0,0,"Seneca","Geneva city","New York"
"3609928640",2023,"B17001F_ChildPov","Other (Non-Hispanic)",0,0,"Seneca","Geneva city","New York"
"3609928640",2023,"B17001G_ChildPov","Two or More Races (Non-Hispanic)",0,0,"Seneca","Geneva city","New York"
"3609928640",2023,"B17001H_ChildPov","White (Non-Hispanic)",0,0,"Seneca","Geneva city","New York"
"3609928640",2023,"B17001I_ChildPov","Hispanic or Latino (Any Race)",0,0,"Seneca","Geneva city","New York"
"3609928640",2024,"B17001B_ChildPov","Black (Non-Hispanic)",0,0,"Seneca","Geneva city","New York"
"3609928640",2024,"B17001C_ChildPov","Native American (Non-Hispanic)",0,0,"Seneca","Geneva city","New York"
"3609928640",2024,"B17001D_ChildPov","Asian (Non-Hispanic)",0,0,"Seneca","Geneva city","New York"
"3609928640",2024,"B17001E_ChildPov","Pacific Islander (Non-Hispanic)",0,0,"Seneca","Geneva city","New York"
"3609928640",2024,"B17001F_ChildPov","Other (Non-Hispanic)",0,0,"Seneca","Geneva city","New York"
"3609928640",2024,"B17001G_ChildPov","Two or More Races (Non-Hispanic)",0,0,"Seneca","Geneva city","New York"
"3609928640",2024,"B17001H_ChildPov","White (Non-Hispanic)",0,0,"Seneca","Geneva city","New York"
"3609928640",2024,"B17001I_ChildPov","Hispanic or Latino (Any Race)",0,0,"Seneca","Geneva city","New York"
"3609938858",2017,"B17001B_ChildPov","Black (Non-Hispanic)",0,0,"Seneca","Junius town","New York"
"3609938858",2017,"B17001C_ChildPov","Native American (Non-Hispanic)",0,0,"Seneca","Junius town","New York"
"3609938858",2017,"B17001D_ChildPov","Asian (Non-Hispanic)",0,0,"Seneca","Junius town","New York"
"3609938858",2017,"B17001E_ChildPov","Pacific Islander (Non-Hispanic)",0,0,"Seneca","Junius town","New York"
"3609938858",2017,"B17001F_ChildPov","Other (Non-Hispanic)",0,0,"Seneca","Junius town","New York"
"3609938858",2017,"B17001G_ChildPov","Two or More Races (Non-Hispanic)",0,1270.17059221718,"Seneca","Junius town","New York"
"3609938858",2017,"B17001H_ChildPov","White (Non-Hispanic)",11.2328767123288,7.87658972447526,"Seneca","Junius town","New York"
"3609938858",2017,"B17001I_ChildPov","Hispanic or Latino (Any Race)",0,92.9393116256471,"Seneca","Junius town","New York"
"3609938858",2018,"B17001B_ChildPov","Black (Non-Hispanic)",0,0,"Seneca","Junius town","New York"
"3609938858",2018,"B17001C_ChildPov","Native American (Non-Hispanic)",0,0,"Seneca","Junius town","New York"
"3609938858",2018,"B17001D_ChildPov","Asian (Non-Hispanic)",0,0,"Seneca","Junius town","New York"
"3609938858",2018,"B17001E_ChildPov","Pacific Islander (Non-Hispanic)",0,0,"Seneca","Junius town","New York"
"3609938858",2018,"B17001F_ChildPov","Other (Non-Hispanic)",0,0,"Seneca","Junius town","New York"
"3609938858",2018,"B17001G_ChildPov","Two or More Races (Non-Hispanic)",0,1385.6406460551,"Seneca","Junius town","New York"
"3609938858",2018,"B17001H_ChildPov","White (Non-Hispanic)",14.8558758314856,6.49112305369727,"Seneca","Junius town","New York"
"3609938858",2018,"B17001I_ChildPov","Hispanic or Latino (Any Race)",0,277.12812921102,"Seneca","Junius town","New York"
"3609938858",2019,"B17001B_ChildPov","Black (Non-Hispanic)",0,0,"Seneca","Junius town","New York"
"3609938858",2019,"B17001C_ChildPov","Native American (Non-Hispanic)",0,0,"Seneca","Junius town","New York"
"3609938858",2019,"B17001D_ChildPov","Asian (Non-Hispanic)",0,0,"Seneca","Junius town","New York"
"3609938858",2019,"B17001E_ChildPov","Pacific Islander (Non-Hispanic)",0,0,"Seneca","Junius town","New York"
"3609938858",2019,"B17001F_ChildPov","Other (Non-Hispanic)",0,0,"Seneca","Junius town","New York"
"3609938858",2019,"B17001G_ChildPov","Two or More Races (Non-Hispanic)",0,1385.6406460551,"Seneca","Junius town","New York"
"3609938858",2019,"B17001H_ChildPov","White (Non-Hispanic)",15.4362416107383,7.23276834973127,"Seneca","Junius town","New York"
"3609938858",2019,"B17001I_ChildPov","Hispanic or Latino (Any Race)",0,153.9600717839,"Seneca","Junius town","New York"
"3609938858",2020,"B17001B_ChildPov","Black (Non-Hispanic)",0,0,"Seneca","Junius town","New York"
"3609938858",2020,"B17001C_ChildPov","Native American (Non-Hispanic)",0,0,"Seneca","Junius town","New York"
"3609938858",2020,"B17001D_ChildPov","Asian (Non-Hispanic)",0,0,"Seneca","Junius town","New York"
"3609938858",2020,"B17001E_ChildPov","Pacific Islander (Non-Hispanic)",0,0,"Seneca","Junius town","New York"
"3609938858",2020,"B17001F_ChildPov","Other (Non-Hispanic)",0,0,"Seneca","Junius town","New York"
"3609938858",2020,"B17001G_ChildPov","Two or More Races (Non-Hispanic)",0,0,"Seneca","Junius town","New York"
"3609938858",2020,"B17001H_ChildPov","White (Non-Hispanic)",14.9847094801223,8.62529867941108,"Seneca","Junius town","New York"
"3609938858",2020,"B17001I_ChildPov","Hispanic or Latino (Any Race)",0,346.410161513776,"Seneca","Junius town","New York"
"3609938858",2021,"B17001B_ChildPov","Black (Non-Hispanic)",0,0,"Seneca","Junius town","New York"
"3609938858",2021,"B17001C_ChildPov","Native American (Non-Hispanic)",0,0,"Seneca","Junius town","New York"
"3609938858",2021,"B17001D_ChildPov","Asian (Non-Hispanic)",0,0,"Seneca","Junius town","New York"
"3609938858",2021,"B17001E_ChildPov","Pacific Islander (Non-Hispanic)",0,0,"Seneca","Junius town","New York"
"3609938858",2021,"B17001F_ChildPov","Other (Non-Hispanic)",0,0,"Seneca","Junius town","New York"
"3609938858",2021,"B17001G_ChildPov","Two or More Races (Non-Hispanic)",0,346.410161513775,"Seneca","Junius town","New York"
"3609938858",2021,"B17001H_ChildPov","White (Non-Hispanic)",17.0658682634731,9.7045649522039,"Seneca","Junius town","New York"
"3609938858",2021,"B17001I_ChildPov","Hispanic or Latino (Any Race)",0,180.133283987163,"Seneca","Junius town","New York"
"3609938858",2022,"B17001B_ChildPov","Black (Non-Hispanic)",0,0,"Seneca","Junius town","New York"
"3609938858",2022,"B17001C_ChildPov","Native American (Non-Hispanic)",0,0,"Seneca","Junius town","New York"
"3609938858",2022,"B17001D_ChildPov","Asian (Non-Hispanic)",0,0,"Seneca","Junius town","New York"
"3609938858",2022,"B17001E_ChildPov","Pacific Islander (Non-Hispanic)",0,0,"Seneca","Junius town","New York"
"3609938858",2022,"B17001F_ChildPov","Other (Non-Hispanic)",0,0,"Seneca","Junius town","New York"
"3609938858",2022,"B17001G_ChildPov","Two or More Races (Non-Hispanic)",0,900.666419935816,"Seneca","Junius town","New York"
"3609938858",2022,"B17001H_ChildPov","White (Non-Hispanic)",16.0883280757098,11.3224178709666,"Seneca","Junius town","New York"
"3609938858",2022,"B17001I_ChildPov","Hispanic or Latino (Any Race)",0,346.410161513775,"Seneca","Junius town","New York"
"3609938858",2023,"B17001B_ChildPov","Black (Non-Hispanic)",100,202.84261070237,"Seneca","Junius town","New York"
"3609938858",2023,"B17001C_ChildPov","Native American (Non-Hispanic)",0,0,"Seneca","Junius town","New York"
"3609938858",2023,"B17001D_ChildPov","Asian (Non-Hispanic)",0,0,"Seneca","Junius town","New York"
"3609938858",2023,"B17001E_ChildPov","Pacific Islander (Non-Hispanic)",0,0,"Seneca","Junius town","New York"
"3609938858",2023,"B17001F_ChildPov","Other (Non-Hispanic)",0,0,"Seneca","Junius town","New York"
"3609938858",2023,"B17001G_ChildPov","Two or More Races (Non-Hispanic)",0,75.0555349946513,"Seneca","Junius town","New York"
"3609938858",2023,"B17001H_ChildPov","White (Non-Hispanic)",9.76744186046512,17.779673788139,"Seneca","Junius town","New York"
"3609938858",2023,"B17001I_ChildPov","Hispanic or Latino (Any Race)",0,73.8251163881816,"Seneca","Junius town","New York"
"3609938858",2024,"B17001B_ChildPov","Black (Non-Hispanic)",100,199.431316972264,"Seneca","Junius town","New York"
"3609938858",2024,"B17001C_ChildPov","Native American (Non-Hispanic)",0,0,"Seneca","Junius town","New York"
"3609938858",2024,"B17001D_ChildPov","Asian (Non-Hispanic)",0,0,"Seneca","Junius town","New York"
"3609938858",2024,"B17001E_ChildPov","Pacific Islander (Non-Hispanic)",0,0,"Seneca","Junius town","New York"
"3609938858",2024,"B17001F_ChildPov","Other (Non-Hispanic)",0,0,"Seneca","Junius town","New York"
"3609938858",2024,"B17001G_ChildPov","Two or More Races (Non-Hispanic)",0,118.28639661446,"Seneca","Junius town","New York"
"3609938858",2024,"B17001H_ChildPov","White (Non-Hispanic)",8.63636363636364,18.6778938178662,"Seneca","Junius town","New York"
"3609938858",2024,"B17001I_ChildPov","Hispanic or Latino (Any Race)",0,146.961886702814,"Seneca","Junius town","New York"
"3609943225",2017,"B17001B_ChildPov","Black (Non-Hispanic)",0,0,"Seneca","Lodi town","New York"
"3609943225",2017,"B17001C_ChildPov","Native American (Non-Hispanic)",0,0,"Seneca","Lodi town","New York"
"3609943225",2017,"B17001D_ChildPov","Asian (Non-Hispanic)",0,0,"Seneca","Lodi town","New York"
"3609943225",2017,"B17001E_ChildPov","Pacific Islander (Non-Hispanic)",0,0,"Seneca","Lodi town","New York"
"3609943225",2017,"B17001F_ChildPov","Other (Non-Hispanic)",0,1905.25588832576,"Seneca","Lodi town","New York"
"3609943225",2017,"B17001G_ChildPov","Two or More Races (Non-Hispanic)",0,0,"Seneca","Lodi town","New York"
"3609943225",2017,"B17001H_ChildPov","White (Non-Hispanic)",11.3793103448276,8.7714744532413,"Seneca","Lodi town","New York"
"3609943225",2017,"B17001I_ChildPov","Hispanic or Latino (Any Race)",0,1905.25588832576,"Seneca","Lodi town","New York"
"3609943225",2018,"B17001B_ChildPov","Black (Non-Hispanic)",0,346.410161513776,"Seneca","Lodi town","New York"
"3609943225",2018,"B17001C_ChildPov","Native American (Non-Hispanic)",0,0,"Seneca","Lodi town","New York"
"3609943225",2018,"B17001D_ChildPov","Asian (Non-Hispanic)",0,0,"Seneca","Lodi town","New York"
"3609943225",2018,"B17001E_ChildPov","Pacific Islander (Non-Hispanic)",0,0,"Seneca","Lodi town","New York"
"3609943225",2018,"B17001F_ChildPov","Other (Non-Hispanic)",0,831.384387633061,"Seneca","Lodi town","New York"
"3609943225",2018,"B17001G_ChildPov","Two or More Races (Non-Hispanic)",0,0,"Seneca","Lodi town","New York"
"3609943225",2018,"B17001H_ChildPov","White (Non-Hispanic)",8.13953488372093,12.4277637101527,"Seneca","Lodi town","New York"
"3609943225",2018,"B17001I_ChildPov","Hispanic or Latino (Any Race)",0,831.384387633061,"Seneca","Lodi town","New York"
"3609943225",2019,"B17001B_ChildPov","Black (Non-Hispanic)",0,461.880215351701,"Seneca","Lodi town","New York"
"3609943225",2019,"B17001C_ChildPov","Native American (Non-Hispanic)",0,0,"Seneca","Lodi town","New York"
"3609943225",2019,"B17001D_ChildPov","Asian (Non-Hispanic)",0,0,"Seneca","Lodi town","New York"
"3609943225",2019,"B17001E_ChildPov","Pacific Islander (Non-Hispanic)",0,0,"Seneca","Lodi town","New York"
"3609943225",2019,"B17001F_ChildPov","Other (Non-Hispanic)",0,0,"Seneca","Lodi town","New York"
"3609943225",2019,"B17001G_ChildPov","Two or More Races (Non-Hispanic)",0,0,"Seneca","Lodi town","New York"
"3609943225",2019,"B17001H_ChildPov","White (Non-Hispanic)",8.24742268041237,10.8448607995578,"Seneca","Lodi town","New York"
"3609943225",2019,"B17001I_ChildPov","Hispanic or Latino (Any Race)",0,0,"Seneca","Lodi town","New York"
"3609943225",2020,"B17001B_ChildPov","Black (Non-Hispanic)",0,593.845991166472,"Seneca","Lodi town","New York"
"3609943225",2020,"B17001C_ChildPov","Native American (Non-Hispanic)",0,0,"Seneca","Lodi town","New York"
"3609943225",2020,"B17001D_ChildPov","Asian (Non-Hispanic)",0,0,"Seneca","Lodi town","New York"
"3609943225",2020,"B17001E_ChildPov","Pacific Islander (Non-Hispanic)",0,0,"Seneca","Lodi town","New York"
"3609943225",2020,"B17001F_ChildPov","Other (Non-Hispanic)",0,1385.6406460551,"Seneca","Lodi town","New York"
"3609943225",2020,"B17001G_ChildPov","Two or More Races (Non-Hispanic)",0,831.384387633061,"Seneca","Lodi town","New York"
"3609943225",2020,"B17001H_ChildPov","White (Non-Hispanic)",6.8452380952381,9.59617449056231,"Seneca","Lodi town","New York"
"3609943225",2020,"B17001I_ChildPov","Hispanic or Latino (Any Race)",0,1385.6406460551,"Seneca","Lodi town","New York"
"3609943225",2021,"B17001B_ChildPov","Black (Non-Hispanic)",0,500.370233297676,"Seneca","Lodi town","New York"
"3609943225",2021,"B17001C_ChildPov","Native American (Non-Hispanic)",0,0,"Seneca","Lodi town","New York"
"3609943225",2021,"B17001D_ChildPov","Asian (Non-Hispanic)",0,0,"Seneca","Lodi town","New York"
"3609943225",2021,"B17001E_ChildPov","Pacific Islander (Non-Hispanic)",0,0,"Seneca","Lodi town","New York"
"3609943225",2021,"B17001F_ChildPov","Other (Non-Hispanic)",0,900.666419935816,"Seneca","Lodi town","New York"
"3609943225",2021,"B17001G_ChildPov","Two or More Races (Non-Hispanic)",0,500.370233297676,"Seneca","Lodi town","New York"
"3609943225",2021,"B17001H_ChildPov","White (Non-Hispanic)",2.65957446808511,10.6148380042101,"Seneca","Lodi town","New York"
"3609943225",2021,"B17001I_ChildPov","Hispanic or Latino (Any Race)",0,900.666419935816,"Seneca","Lodi town","New York"
"3609943225",2022,"B17001B_ChildPov","Black (Non-Hispanic)",0,900.666419935816,"Seneca","Lodi town","New York"
"3609943225",2022,"B17001C_ChildPov","Native American (Non-Hispanic)",0,0,"Seneca","Lodi town","New York"
"3609943225",2022,"B17001D_ChildPov","Asian (Non-Hispanic)",0,0,"Seneca","Lodi town","New York"
"3609943225",2022,"B17001E_ChildPov","Pacific Islander (Non-Hispanic)",0,0,"Seneca","Lodi town","New York"
"3609943225",2022,"B17001F_ChildPov","Other (Non-Hispanic)",0,375.277674973257,"Seneca","Lodi town","New York"
"3609943225",2022,"B17001G_ChildPov","Two or More Races (Non-Hispanic)",0,409.393827243553,"Seneca","Lodi town","New York"
"3609943225",2022,"B17001H_ChildPov","White (Non-Hispanic)",4.80225988700565,10.1516676292568,"Seneca","Lodi town","New York"
"3609943225",2022,"B17001I_ChildPov","Hispanic or Latino (Any Race)",0,173.205080756888,"Seneca","Lodi town","New York"
"3609943225",2023,"B17001B_ChildPov","Black (Non-Hispanic)",0,0,"Seneca","Lodi town","New York"
"3609943225",2023,"B17001C_ChildPov","Native American (Non-Hispanic)",0,0,"Seneca","Lodi town","New York"
"3609943225",2023,"B17001D_ChildPov","Asian (Non-Hispanic)",0,0,"Seneca","Lodi town","New York"
"3609943225",2023,"B17001E_ChildPov","Pacific Islander (Non-Hispanic)",0,0,"Seneca","Lodi town","New York"
"3609943225",2023,"B17001F_ChildPov","Other (Non-Hispanic)",0,450.333209967908,"Seneca","Lodi town","New York"
"3609943225",2023,"B17001G_ChildPov","Two or More Races (Non-Hispanic)",0,346.410161513775,"Seneca","Lodi town","New York"
"3609943225",2023,"B17001H_ChildPov","White (Non-Hispanic)",6.66666666666667,10.5241299191749,"Seneca","Lodi town","New York"
"3609943225",2023,"B17001I_ChildPov","Hispanic or Latino (Any Race)",0,187.638837486628,"Seneca","Lodi town","New York"
"3609943225",2024,"B17001B_ChildPov","Black (Non-Hispanic)",0,0,"Seneca","Lodi town","New York"
"3609943225",2024,"B17001C_ChildPov","Native American (Non-Hispanic)",0,0,"Seneca","Lodi town","New York"
"3609943225",2024,"B17001D_ChildPov","Asian (Non-Hispanic)",0,0,"Seneca","Lodi town","New York"
"3609943225",2024,"B17001E_ChildPov","Pacific Islander (Non-Hispanic)",0,0,"Seneca","Lodi town","New York"
"3609943225",2024,"B17001F_ChildPov","Other (Non-Hispanic)",0,692.820323027551,"Seneca","Lodi town","New York"
"3609943225",2024,"B17001G_ChildPov","Two or More Races (Non-Hispanic)",0,230.94010767585,"Seneca","Lodi town","New York"
"3609943225",2024,"B17001H_ChildPov","White (Non-Hispanic)",5,10.6168939666929,"Seneca","Lodi town","New York"
"3609943225",2024,"B17001I_ChildPov","Hispanic or Latino (Any Race)",0,179.620083747884,"Seneca","Lodi town","New York"
"3609955827",2017,"B17001B_ChildPov","Black (Non-Hispanic)",0,0,"Seneca","Ovid town","New York"
"3609955827",2017,"B17001C_ChildPov","Native American (Non-Hispanic)",0,0,"Seneca","Ovid town","New York"
"3609955827",2017,"B17001D_ChildPov","Asian (Non-Hispanic)",18.1818181818182,321.668138563194,"Seneca","Ovid town","New York"
"3609955827",2017,"B17001E_ChildPov","Pacific Islander (Non-Hispanic)",0,0,"Seneca","Ovid town","New York"
"3609955827",2017,"B17001F_ChildPov","Other (Non-Hispanic)",0,0,"Seneca","Ovid town","New York"
"3609955827",2017,"B17001G_ChildPov","Two or More Races (Non-Hispanic)",0,952.627944162882,"Seneca","Ovid town","New York"
"3609955827",2017,"B17001H_ChildPov","White (Non-Hispanic)",17.4074074074074,7.41752966373473,"Seneca","Ovid town","New York"
"3609955827",2017,"B17001I_ChildPov","Hispanic or Latino (Any Race)",0,952.627944162882,"Seneca","Ovid town","New York"
"3609955827",2018,"B17001B_ChildPov","Black (Non-Hispanic)",0,0,"Seneca","Ovid town","New York"
"3609955827",2018,"B17001C_ChildPov","Native American (Non-Hispanic)",0,0,"Seneca","Ovid town","New York"
"3609955827",2018,"B17001D_ChildPov","Asian (Non-Hispanic)",0,0,"Seneca","Ovid town","New York"
"3609955827",2018,"B17001E_ChildPov","Pacific Islander (Non-Hispanic)",0,0,"Seneca","Ovid town","New York"
"3609955827",2018,"B17001F_ChildPov","Other (Non-Hispanic)",0,0,"Seneca","Ovid town","New York"
"3609955827",2018,"B17001G_ChildPov","Two or More Races (Non-Hispanic)",0,0,"Seneca","Ovid town","New York"
"3609955827",2018,"B17001H_ChildPov","White (Non-Hispanic)",26.1036468330134,8.94603909153078,"Seneca","Ovid town","New York"
"3609955827",2018,"B17001I_ChildPov","Hispanic or Latino (Any Race)",0,1385.6406460551,"Seneca","Ovid town","New York"
"3609955827",2019,"B17001B_ChildPov","Black (Non-Hispanic)",0,0,"Seneca","Ovid town","New York"
"3609955827",2019,"B17001C_ChildPov","Native American (Non-Hispanic)",0,0,"Seneca","Ovid town","New York"
"3609955827",2019,"B17001D_ChildPov","Asian (Non-Hispanic)",0,0,"Seneca","Ovid town","New York"
"3609955827",2019,"B17001E_ChildPov","Pacific Islander (Non-Hispanic)",0,0,"Seneca","Ovid town","New York"
"3609955827",2019,"B17001F_ChildPov","Other (Non-Hispanic)",0,0,"Seneca","Ovid town","New York"
"3609955827",2019,"B17001G_ChildPov","Two or More Races (Non-Hispanic)",0,0,"Seneca","Ovid town","New York"
"3609955827",2019,"B17001H_ChildPov","White (Non-Hispanic)",23.5643564356436,8.83676692724346,"Seneca","Ovid town","New York"
"3609955827",2019,"B17001I_ChildPov","Hispanic or Latino (Any Race)",0,377.901994378664,"Seneca","Ovid town","New York"
"3609955827",2020,"B17001B_ChildPov","Black (Non-Hispanic)",0,0,"Seneca","Ovid town","New York"
"3609955827",2020,"B17001C_ChildPov","Native American (Non-Hispanic)",0,0,"Seneca","Ovid town","New York"
"3609955827",2020,"B17001D_ChildPov","Asian (Non-Hispanic)",0,0,"Seneca","Ovid town","New York"
"3609955827",2020,"B17001E_ChildPov","Pacific Islander (Non-Hispanic)",0,0,"Seneca","Ovid town","New York"
"3609955827",2020,"B17001F_ChildPov","Other (Non-Hispanic)",0,0,"Seneca","Ovid town","New York"
"3609955827",2020,"B17001G_ChildPov","Two or More Races (Non-Hispanic)",0,0,"Seneca","Ovid town","New York"
"3609955827",2020,"B17001H_ChildPov","White (Non-Hispanic)",8.49315068493151,9.45617456904413,"Seneca","Ovid town","New York"
"3609955827",2020,"B17001I_ChildPov","Hispanic or Latino (Any Race)",0,415.692193816531,"Seneca","Ovid town","New York"
"3609955827",2021,"B17001B_ChildPov","Black (Non-Hispanic)",0,0,"Seneca","Ovid town","New York"
"3609955827",2021,"B17001C_ChildPov","Native American (Non-Hispanic)",0,0,"Seneca","Ovid town","New York"
"3609955827",2021,"B17001D_ChildPov","Asian (Non-Hispanic)",0,0,"Seneca","Ovid town","New York"
"3609955827",2021,"B17001E_ChildPov","Pacific Islander (Non-Hispanic)",0,0,"Seneca","Ovid town","New York"
"3609955827",2021,"B17001F_ChildPov","Other (Non-Hispanic)",0,0,"Seneca","Ovid town","New York"
"3609955827",2021,"B17001G_ChildPov","Two or More Races (Non-Hispanic)",0,0,"Seneca","Ovid town","New York"
"3609955827",2021,"B17001H_ChildPov","White (Non-Hispanic)",35.4767184035477,9.20704540859189,"Seneca","Ovid town","New York"
"3609955827",2021,"B17001I_ChildPov","Hispanic or Latino (Any Race)",0,160.833289274253,"Seneca","Ovid town","New York"
"3609955827",2022,"B17001B_ChildPov","Black (Non-Hispanic)",0,0,"Seneca","Ovid town","New York"
"3609955827",2022,"B17001C_ChildPov","Native American (Non-Hispanic)",0,0,"Seneca","Ovid town","New York"
"3609955827",2022,"B17001D_ChildPov","Asian (Non-Hispanic)",0,0,"Seneca","Ovid town","New York"
"3609955827",2022,"B17001E_ChildPov","Pacific Islander (Non-Hispanic)",0,0,"Seneca","Ovid town","New York"
"3609955827",2022,"B17001F_ChildPov","Other (Non-Hispanic)",0,0,"Seneca","Ovid town","New York"
"3609955827",2022,"B17001G_ChildPov","Two or More Races (Non-Hispanic)",0,0,"Seneca","Ovid town","New York"
"3609955827",2022,"B17001H_ChildPov","White (Non-Hispanic)",44.1860465116279,10.0577367456269,"Seneca","Ovid town","New York"
"3609955827",2022,"B17001I_ChildPov","Hispanic or Latino (Any Race)",0,375.277674973257,"Seneca","Ovid town","New York"
"3609955827",2023,"B17001B_ChildPov","Black (Non-Hispanic)",0,0,"Seneca","Ovid town","New York"
"3609955827",2023,"B17001C_ChildPov","Native American (Non-Hispanic)",0,0,"Seneca","Ovid town","New York"
"3609955827",2023,"B17001D_ChildPov","Asian (Non-Hispanic)",0,0,"Seneca","Ovid town","New York"
"3609955827",2023,"B17001E_ChildPov","Pacific Islander (Non-Hispanic)",0,0,"Seneca","Ovid town","New York"
"3609955827",2023,"B17001F_ChildPov","Other (Non-Hispanic)",0,0,"Seneca","Ovid town","New York"
"3609955827",2023,"B17001G_ChildPov","Two or More Races (Non-Hispanic)",0,0,"Seneca","Ovid town","New York"
"3609955827",2023,"B17001H_ChildPov","White (Non-Hispanic)",39.2,9.56534784914798,"Seneca","Ovid town","New York"
"3609955827",2023,"B17001I_ChildPov","Hispanic or Latino (Any Race)",0,450.333209967908,"Seneca","Ovid town","New York"
"3609955827",2024,"B17001B_ChildPov","Black (Non-Hispanic)",0,0,"Seneca","Ovid town","New York"
"3609955827",2024,"B17001C_ChildPov","Native American (Non-Hispanic)",0,0,"Seneca","Ovid town","New York"
"3609955827",2024,"B17001D_ChildPov","Asian (Non-Hispanic)",0,0,"Seneca","Ovid town","New York"
"3609955827",2024,"B17001E_ChildPov","Pacific Islander (Non-Hispanic)",0,0,"Seneca","Ovid town","New York"
"3609955827",2024,"B17001F_ChildPov","Other (Non-Hispanic)",0,0,"Seneca","Ovid town","New York"
"3609955827",2024,"B17001G_ChildPov","Two or More Races (Non-Hispanic)",0,0,"Seneca","Ovid town","New York"
"3609955827",2024,"B17001H_ChildPov","White (Non-Hispanic)",41.9593345656192,9.00066947936422,"Seneca","Ovid town","New York"
"3609955827",2024,"B17001I_ChildPov","Hispanic or Latino (Any Race)",0,0,"Seneca","Ovid town","New York"
"3609963440",2017,"B17001B_ChildPov","Black (Non-Hispanic)",0,423.390197405726,"Seneca","Romulus town","New York"
"3609963440",2017,"B17001C_ChildPov","Native American (Non-Hispanic)",0,544.358825235933,"Seneca","Romulus town","New York"
"3609963440",2017,"B17001D_ChildPov","Asian (Non-Hispanic)",0,0,"Seneca","Romulus town","New York"
"3609963440",2017,"B17001E_ChildPov","Pacific Islander (Non-Hispanic)",0,0,"Seneca","Romulus town","New York"
"3609963440",2017,"B17001F_ChildPov","Other (Non-Hispanic)",0,476.313972081441,"Seneca","Romulus town","New York"
"3609963440",2017,"B17001G_ChildPov","Two or More Races (Non-Hispanic)",0,0,"Seneca","Romulus town","New York"
"3609963440",2017,"B17001H_ChildPov","White (Non-Hispanic)",4.4392523364486,7.81525746419428,"Seneca","Romulus town","New York"
"3609963440",2017,"B17001I_ChildPov","Hispanic or Latino (Any Race)",21.0526315789474,166.489599339582,"Seneca","Romulus town","New York"
"3609963440",2018,"B17001B_ChildPov","Black (Non-Hispanic)",0,692.820323027551,"Seneca","Romulus town","New York"
"3609963440",2018,"B17001C_ChildPov","Native American (Non-Hispanic)",0,0,"Seneca","Romulus town","New York"
"3609963440",2018,"B17001D_ChildPov","Asian (Non-Hispanic)",0,0,"Seneca","Romulus town","New York"
"3609963440",2018,"B17001E_ChildPov","Pacific Islander (Non-Hispanic)",0,0,"Seneca","Romulus town","New York"
"3609963440",2018,"B17001F_ChildPov","Other (Non-Hispanic)",0,277.12812921102,"Seneca","Romulus town","New York"
"3609963440",2018,"B17001G_ChildPov","Two or More Races (Non-Hispanic)",0,593.845991166472,"Seneca","Romulus town","New York"
"3609963440",2018,"B17001H_ChildPov","White (Non-Hispanic)",4.62555066079295,7.44034701900317,"Seneca","Romulus town","New York"
"3609963440",2018,"B17001I_ChildPov","Hispanic or Latino (Any Race)",0,277.12812921102,"Seneca","Romulus town","New York"
"3609963440",2019,"B17001B_ChildPov","Black (Non-Hispanic)",0,1385.6406460551,"Seneca","Romulus town","New York"
"3609963440",2019,"B17001C_ChildPov","Native American (Non-Hispanic)",0,0,"Seneca","Romulus town","New York"
"3609963440",2019,"B17001D_ChildPov","Asian (Non-Hispanic)",0,0,"Seneca","Romulus town","New York"
"3609963440",2019,"B17001E_ChildPov","Pacific Islander (Non-Hispanic)",0,1385.6406460551,"Seneca","Romulus town","New York"
"3609963440",2019,"B17001F_ChildPov","Other (Non-Hispanic)",0,519.615242270663,"Seneca","Romulus town","New York"
"3609963440",2019,"B17001G_ChildPov","Two or More Races (Non-Hispanic)",66.6666666666667,63.0989816200031,"Seneca","Romulus town","New York"
"3609963440",2019,"B17001H_ChildPov","White (Non-Hispanic)",5.4176072234763,7.62604188391181,"Seneca","Romulus town","New York"
"3609963440",2019,"B17001I_ChildPov","Hispanic or Latino (Any Race)",0,0,"Seneca","Romulus town","New York"
"3609963440",2020,"B17001B_ChildPov","Black (Non-Hispanic)",0,1039.23048454133,"Seneca","Romulus town","New York"
"3609963440",2020,"B17001C_ChildPov","Native American (Non-Hispanic)",0,0,"Seneca","Romulus town","New York"
"3609963440",2020,"B17001D_ChildPov","Asian (Non-Hispanic)",0,0,"Seneca","Romulus town","New York"
"3609963440",2020,"B17001E_ChildPov","Pacific Islander (Non-Hispanic)",0,831.384387633061,"Seneca","Romulus town","New York"
"3609963440",2020,"B17001F_ChildPov","Other (Non-Hispanic)",0,593.845991166472,"Seneca","Romulus town","New York"
"3609963440",2020,"B17001G_ChildPov","Two or More Races (Non-Hispanic)",14.8148148148148,34.3362731167953,"Seneca","Romulus town","New York"
"3609963440",2020,"B17001H_ChildPov","White (Non-Hispanic)",11.0062893081761,5.61698374147164,"Seneca","Romulus town","New York"
"3609963440",2020,"B17001I_ChildPov","Hispanic or Latino (Any Race)",0,415.692193816531,"Seneca","Romulus town","New York"
"3609963440",2021,"B17001B_ChildPov","Black (Non-Hispanic)",0,750.555349946513,"Seneca","Romulus town","New York"
"3609963440",2021,"B17001C_ChildPov","Native American (Non-Hispanic)",0,0,"Seneca","Romulus town","New York"
"3609963440",2021,"B17001D_ChildPov","Asian (Non-Hispanic)",0,0,"Seneca","Romulus town","New York"
"3609963440",2021,"B17001E_ChildPov","Pacific Islander (Non-Hispanic)",0,2251.66604983954,"Seneca","Romulus town","New York"
"3609963440",2021,"B17001F_ChildPov","Other (Non-Hispanic)",0,1125.83302491977,"Seneca","Romulus town","New York"
"3609963440",2021,"B17001G_ChildPov","Two or More Races (Non-Hispanic)",9.30232558139535,46.5803996208335,"Seneca","Romulus town","New York"
"3609963440",2021,"B17001H_ChildPov","White (Non-Hispanic)",12.751677852349,6.29477273335284,"Seneca","Romulus town","New York"
"3609963440",2021,"B17001I_ChildPov","Hispanic or Latino (Any Race)",0,375.277674973257,"Seneca","Romulus town","New York"
"3609963440",2022,"B17001B_ChildPov","Black (Non-Hispanic)",0,1501.11069989303,"Seneca","Romulus town","New York"
"3609963440",2022,"B17001C_ChildPov","Native American (Non-Hispanic)",0,0,"Seneca","Romulus town","New York"
"3609963440",2022,"B17001D_ChildPov","Asian (Non-Hispanic)",0,0,"Seneca","Romulus town","New York"
"3609963440",2022,"B17001E_ChildPov","Pacific Islander (Non-Hispanic)",0,1501.11069989303,"Seneca","Romulus town","New York"
"3609963440",2022,"B17001F_ChildPov","Other (Non-Hispanic)",0,1125.83302491977,"Seneca","Romulus town","New York"
"3609963440",2022,"B17001G_ChildPov","Two or More Races (Non-Hispanic)",4.44444444444444,43.7891749837242,"Seneca","Romulus town","New York"
"3609963440",2022,"B17001H_ChildPov","White (Non-Hispanic)",14.1486810551559,7.94233817876655,"Seneca","Romulus town","New York"
"3609963440",2022,"B17001I_ChildPov","Hispanic or Latino (Any Race)",0,375.277674973257,"Seneca","Romulus town","New York"
"3609963440",2023,"B17001B_ChildPov","Black (Non-Hispanic)",0,900.666419935816,"Seneca","Romulus town","New York"
"3609963440",2023,"B17001C_ChildPov","Native American (Non-Hispanic)",0,0,"Seneca","Romulus town","New York"
"3609963440",2023,"B17001D_ChildPov","Asian (Non-Hispanic)",0,0,"Seneca","Romulus town","New York"
"3609963440",2023,"B17001E_ChildPov","Pacific Islander (Non-Hispanic)",0,4503.33209967908,"Seneca","Romulus town","New York"
"3609963440",2023,"B17001F_ChildPov","Other (Non-Hispanic)",64.2857142857143,54.7418309428639,"Seneca","Romulus town","New York"
"3609963440",2023,"B17001G_ChildPov","Two or More Races (Non-Hispanic)",10.8695652173913,42.617053738155,"Seneca","Romulus town","New York"
"3609963440",2023,"B17001H_ChildPov","White (Non-Hispanic)",16.1111111111111,9.13311227387434,"Seneca","Romulus town","New York"
"3609963440",2023,"B17001I_ChildPov","Hispanic or Latino (Any Race)",0,409.393827243553,"Seneca","Romulus town","New York"
"3609963440",2024,"B17001B_ChildPov","Black (Non-Hispanic)",0,0,"Seneca","Romulus town","New York"
"3609963440",2024,"B17001C_ChildPov","Native American (Non-Hispanic)",0,0,"Seneca","Romulus town","New York"
"3609963440",2024,"B17001D_ChildPov","Asian (Non-Hispanic)",0,0,"Seneca","Romulus town","New York"
"3609963440",2024,"B17001E_ChildPov","Pacific Islander (Non-Hispanic)",0,0,"Seneca","Romulus town","New York"
"3609963440",2024,"B17001F_ChildPov","Other (Non-Hispanic)",100,476.395975003988,"Seneca","Romulus town","New York"
"3609963440",2024,"B17001G_ChildPov","Two or More Races (Non-Hispanic)",0,53.8860251243651,"Seneca","Romulus town","New York"
"3609963440",2024,"B17001H_ChildPov","White (Non-Hispanic)",18.1333333333333,9.94952139671571,"Seneca","Romulus town","New York"
"3609963440",2024,"B17001I_ChildPov","Hispanic or Latino (Any Race)",0,606.217782649107,"Seneca","Romulus town","New York"
"3609966333",2017,"B17001B_ChildPov","Black (Non-Hispanic)",0,71.0584946694924,"Seneca","Seneca Falls town","New York"
"3609966333",2017,"B17001C_ChildPov","Native American (Non-Hispanic)",0,0,"Seneca","Seneca Falls town","New York"
"3609966333",2017,"B17001D_ChildPov","Asian (Non-Hispanic)",21.6216216216216,140.976943181971,"Seneca","Seneca Falls town","New York"
"3609966333",2017,"B17001E_ChildPov","Pacific Islander (Non-Hispanic)",0,0,"Seneca","Seneca Falls town","New York"
"3609966333",2017,"B17001F_ChildPov","Other (Non-Hispanic)",0,0,"Seneca","Seneca Falls town","New York"
"3609966333",2017,"B17001G_ChildPov","Two or More Races (Non-Hispanic)",18.6666666666667,73.9659223503351,"Seneca","Seneca Falls town","New York"
"3609966333",2017,"B17001H_ChildPov","White (Non-Hispanic)",8.21917808219178,4.89867640777882,"Seneca","Seneca Falls town","New York"
"3609966333",2017,"B17001I_ChildPov","Hispanic or Latino (Any Race)",46.4285714285714,40.6843519682958,"Seneca","Seneca Falls town","New York"
"3609966333",2018,"B17001B_ChildPov","Black (Non-Hispanic)",0,76.4801655290154,"Seneca","Seneca Falls town","New York"
"3609966333",2018,"B17001C_ChildPov","Native American (Non-Hispanic)",0,392.598183048946,"Seneca","Seneca Falls town","New York"
"3609966333",2018,"B17001D_ChildPov","Asian (Non-Hispanic)",70.8333333333333,94.7290060498438,"Seneca","Seneca Falls town","New York"
"3609966333",2018,"B17001E_ChildPov","Pacific Islander (Non-Hispanic)",0,0,"Seneca","Seneca Falls town","New York"
"3609966333",2018,"B17001F_ChildPov","Other (Non-Hispanic)",0,0,"Seneca","Seneca Falls town","New York"
"3609966333",2018,"B17001G_ChildPov","Two or More Races (Non-Hispanic)",5.55555555555556,104.510242207862,"Seneca","Seneca Falls town","New York"
"3609966333",2018,"B17001H_ChildPov","White (Non-Hispanic)",12.046332046332,5.81697795243205,"Seneca","Seneca Falls town","New York"
"3609966333",2018,"B17001I_ChildPov","Hispanic or Latino (Any Race)",32.8859060402685,35.9834317417162,"Seneca","Seneca Falls town","New York"
"3609966333",2019,"B17001B_ChildPov","Black (Non-Hispanic)",55.3398058252427,40.3434826082184,"Seneca","Seneca Falls town","New York"
"3609966333",2019,"B17001C_ChildPov","Native American (Non-Hispanic)",0,218.110101693859,"Seneca","Seneca Falls town","New York"
"3609966333",2019,"B17001D_ChildPov","Asian (Non-Hispanic)",69.2307692307692,40.3930134103575,"Seneca","Seneca Falls town","New York"
"3609966333",2019,"B17001E_ChildPov","Pacific Islander (Non-Hispanic)",0,0,"Seneca","Seneca Falls town","New York"
"3609966333",2019,"B17001F_ChildPov","Other (Non-Hispanic)",0,0,"Seneca","Seneca Falls town","New York"
"3609966333",2019,"B17001G_ChildPov","Two or More Races (Non-Hispanic)",6.45161290322581,181.654005259211,"Seneca","Seneca Falls town","New York"
"3609966333",2019,"B17001H_ChildPov","White (Non-Hispanic)",12.3277182235835,5.46284271746779,"Seneca","Seneca Falls town","New York"
"3609966333",2019,"B17001I_ChildPov","Hispanic or Latino (Any Race)",27.3381294964029,40.508522575318,"Seneca","Seneca Falls town","New York"
"3609966333",2020,"B17001B_ChildPov","Black (Non-Hispanic)",33.7349397590361,57.5012818782457,"Seneca","Seneca Falls town","New York"
"3609966333",2020,"B17001C_ChildPov","Native American (Non-Hispanic)",0,294.448637286709,"Seneca","Seneca Falls town","New York"
"3609966333",2020,"B17001D_ChildPov","Asian (Non-Hispanic)",52.9411764705882,228.126373358533,"Seneca","Seneca Falls town","New York"
"3609966333",2020,"B17001E_ChildPov","Pacific Islander (Non-Hispanic)",0,0,"Seneca","Seneca Falls town","New York"
"3609966333",2020,"B17001F_ChildPov","Other (Non-Hispanic)",0,0,"Seneca","Seneca Falls town","New York"
"3609966333",2020,"B17001G_ChildPov","Two or More Races (Non-Hispanic)",6.66666666666667,187.380513368182,"Seneca","Seneca Falls town","New York"
"3609966333",2020,"B17001H_ChildPov","White (Non-Hispanic)",15.9246575342466,6.72223504624404,"Seneca","Seneca Falls town","New York"
"3609966333",2020,"B17001I_ChildPov","Hispanic or Latino (Any Race)",49.2146596858639,32.5162455989,"Seneca","Seneca Falls town","New York"
"3609966333",2021,"B17001B_ChildPov","Black (Non-Hispanic)",16.9642857142857,54.9375511019343,"Seneca","Seneca Falls town","New York"
"3609966333",2021,"B17001C_ChildPov","Native American (Non-Hispanic)",0,415.692193816531,"Seneca","Seneca Falls town","New York"
"3609966333",2021,"B17001D_ChildPov","Asian (Non-Hispanic)",44.4444444444444,264.662248491466,"Seneca","Seneca Falls town","New York"
"3609966333",2021,"B17001E_ChildPov","Pacific Islander (Non-Hispanic)",0,0,"Seneca","Seneca Falls town","New York"
"3609966333",2021,"B17001F_ChildPov","Other (Non-Hispanic)",0,0,"Seneca","Seneca Falls town","New York"
"3609966333",2021,"B17001G_ChildPov","Two or More Races (Non-Hispanic)",3.57142857142857,106.700640797832,"Seneca","Seneca Falls town","New York"
"3609966333",2021,"B17001H_ChildPov","White (Non-Hispanic)",14.5765472312704,8.14115063689334,"Seneca","Seneca Falls town","New York"
"3609966333",2021,"B17001I_ChildPov","Hispanic or Latino (Any Race)",0,62.9836657297774,"Seneca","Seneca Falls town","New York"
"3609966333",2022,"B17001B_ChildPov","Black (Non-Hispanic)",44.4444444444444,104.986771653491,"Seneca","Seneca Falls town","New York"
"3609966333",2022,"B17001C_ChildPov","Native American (Non-Hispanic)",0,365.655170486763,"Seneca","Seneca Falls town","New York"
"3609966333",2022,"B17001D_ChildPov","Asian (Non-Hispanic)",32.1428571428571,205.53100606827,"Seneca","Seneca Falls town","New York"
"3609966333",2022,"B17001E_ChildPov","Pacific Islander (Non-Hispanic)",0,0,"Seneca","Seneca Falls town","New York"
"3609966333",2022,"B17001F_ChildPov","Other (Non-Hispanic)",0,0,"Seneca","Seneca Falls town","New York"
"3609966333",2022,"B17001G_ChildPov","Two or More Races (Non-Hispanic)",15.1515151515152,91.5714178689162,"Seneca","Seneca Falls town","New York"
"3609966333",2022,"B17001H_ChildPov","White (Non-Hispanic)",15.9372419488026,8.3228870716964,"Seneca","Seneca Falls town","New York"
"3609966333",2022,"B17001I_ChildPov","Hispanic or Latino (Any Race)",0,193.582149081227,"Seneca","Seneca Falls town","New York"
"3609966333",2023,"B17001B_ChildPov","Black (Non-Hispanic)",55.2631578947368,97.7645341456123,"Seneca","Seneca Falls town","New York"
"3609966333",2023,"B17001C_ChildPov","Native American (Non-Hispanic)",0,0,"Seneca","Seneca Falls town","New York"
"3609966333",2023,"B17001D_ChildPov","Asian (Non-Hispanic)",25,151.922574853114,"Seneca","Seneca Falls town","New York"
"3609966333",2023,"B17001E_ChildPov","Pacific Islander (Non-Hispanic)",0,0,"Seneca","Seneca Falls town","New York"
"3609966333",2023,"B17001F_ChildPov","Other (Non-Hispanic)",0,0,"Seneca","Seneca Falls town","New York"
"3609966333",2023,"B17001G_ChildPov","Two or More Races (Non-Hispanic)",21.7948717948718,81.7288483046327,"Seneca","Seneca Falls town","New York"
"3609966333",2023,"B17001H_ChildPov","White (Non-Hispanic)",18.3075671277461,7.84196474382269,"Seneca","Seneca Falls town","New York"
"3609966333",2023,"B17001I_ChildPov","Hispanic or Latino (Any Race)",0,0,"Seneca","Seneca Falls town","New York"
"3609966333",2024,"B17001B_ChildPov","Black (Non-Hispanic)",0,140.038150399186,"Seneca","Seneca Falls town","New York"
"3609966333",2024,"B17001C_ChildPov","Native American (Non-Hispanic)",0,0,"Seneca","Seneca Falls town","New York"
"3609966333",2024,"B17001D_ChildPov","Asian (Non-Hispanic)",0,263.271722750469,"Seneca","Seneca Falls town","New York"
"3609966333",2024,"B17001E_ChildPov","Pacific Islander (Non-Hispanic)",0,0,"Seneca","Seneca Falls town","New York"
"3609966333",2024,"B17001F_ChildPov","Other (Non-Hispanic)",0,0,"Seneca","Seneca Falls town","New York"
"3609966333",2024,"B17001G_ChildPov","Two or More Races (Non-Hispanic)",14.6551724137931,56.3228812290915,"Seneca","Seneca Falls town","New York"
"3609966333",2024,"B17001H_ChildPov","White (Non-Hispanic)",23.7169517884914,8.25355275348598,"Seneca","Seneca Falls town","New York"
"3609966333",2024,"B17001I_ChildPov","Hispanic or Latino (Any Race)",0,235.064038170062,"Seneca","Seneca Falls town","New York"
"3609975902",2017,"B17001B_ChildPov","Black (Non-Hispanic)",0,0,"Seneca","Tyre town","New York"
"3609975902",2017,"B17001C_ChildPov","Native American (Non-Hispanic)",0,0,"Seneca","Tyre town","New York"
"3609975902",2017,"B17001D_ChildPov","Asian (Non-Hispanic)",0,0,"Seneca","Tyre town","New York"
"3609975902",2017,"B17001E_ChildPov","Pacific Islander (Non-Hispanic)",0,0,"Seneca","Tyre town","New York"
"3609975902",2017,"B17001F_ChildPov","Other (Non-Hispanic)",0,0,"Seneca","Tyre town","New York"
"3609975902",2017,"B17001G_ChildPov","Two or More Races (Non-Hispanic)",0,0,"Seneca","Tyre town","New York"
"3609975902",2017,"B17001H_ChildPov","White (Non-Hispanic)",10.9311740890688,13.1301876281757,"Seneca","Tyre town","New York"
"3609975902",2017,"B17001I_ChildPov","Hispanic or Latino (Any Race)",0,0,"Seneca","Tyre town","New York"
"3609975902",2018,"B17001B_ChildPov","Black (Non-Hispanic)",0,230.94010767585,"Seneca","Tyre town","New York"
"3609975902",2018,"B17001C_ChildPov","Native American (Non-Hispanic)",0,0,"Seneca","Tyre town","New York"
"3609975902",2018,"B17001D_ChildPov","Asian (Non-Hispanic)",0,0,"Seneca","Tyre town","New York"
"3609975902",2018,"B17001E_ChildPov","Pacific Islander (Non-Hispanic)",0,0,"Seneca","Tyre town","New York"
"3609975902",2018,"B17001F_ChildPov","Other (Non-Hispanic)",0,0,"Seneca","Tyre town","New York"
"3609975902",2018,"B17001G_ChildPov","Two or More Races (Non-Hispanic)",0,0,"Seneca","Tyre town","New York"
"3609975902",2018,"B17001H_ChildPov","White (Non-Hispanic)",13.5678391959799,17.8955375775353,"Seneca","Tyre town","New York"
"3609975902",2018,"B17001I_ChildPov","Hispanic or Latino (Any Race)",0,0,"Seneca","Tyre town","New York"
"3609975902",2019,"B17001B_ChildPov","Black (Non-Hispanic)",0,277.12812921102,"Seneca","Tyre town","New York"
"3609975902",2019,"B17001C_ChildPov","Native American (Non-Hispanic)",0,0,"Seneca","Tyre town","New York"
"3609975902",2019,"B17001D_ChildPov","Asian (Non-Hispanic)",0,0,"Seneca","Tyre town","New York"
"3609975902",2019,"B17001E_ChildPov","Pacific Islander (Non-Hispanic)",0,0,"Seneca","Tyre town","New York"
"3609975902",2019,"B17001F_ChildPov","Other (Non-Hispanic)",0,0,"Seneca","Tyre town","New York"
"3609975902",2019,"B17001G_ChildPov","Two or More Races (Non-Hispanic)",0,0,"Seneca","Tyre town","New York"
"3609975902",2019,"B17001H_ChildPov","White (Non-Hispanic)",23.5023041474654,15.5390509026128,"Seneca","Tyre town","New York"
"3609975902",2019,"B17001I_ChildPov","Hispanic or Latino (Any Race)",0,0,"Seneca","Tyre town","New York"
"3609975902",2020,"B17001B_ChildPov","Black (Non-Hispanic)",0,319.763226012716,"Seneca","Tyre town","New York"
"3609975902",2020,"B17001C_ChildPov","Native American (Non-Hispanic)",0,0,"Seneca","Tyre town","New York"
"3609975902",2020,"B17001D_ChildPov","Asian (Non-Hispanic)",0,0,"Seneca","Tyre town","New York"
"3609975902",2020,"B17001E_ChildPov","Pacific Islander (Non-Hispanic)",0,0,"Seneca","Tyre town","New York"
"3609975902",2020,"B17001F_ChildPov","Other (Non-Hispanic)",0,0,"Seneca","Tyre town","New York"
"3609975902",2020,"B17001G_ChildPov","Two or More Races (Non-Hispanic)",0,0,"Seneca","Tyre town","New York"
"3609975902",2020,"B17001H_ChildPov","White (Non-Hispanic)",15.0943396226415,15.4205206918096,"Seneca","Tyre town","New York"
"3609975902",2020,"B17001I_ChildPov","Hispanic or Latino (Any Race)",0,0,"Seneca","Tyre town","New York"
"3609975902",2021,"B17001B_ChildPov","Black (Non-Hispanic)",0,300.222139978605,"Seneca","Tyre town","New York"
"3609975902",2021,"B17001C_ChildPov","Native American (Non-Hispanic)",0,0,"Seneca","Tyre town","New York"
"3609975902",2021,"B17001D_ChildPov","Asian (Non-Hispanic)",0,0,"Seneca","Tyre town","New York"
"3609975902",2021,"B17001E_ChildPov","Pacific Islander (Non-Hispanic)",0,0,"Seneca","Tyre town","New York"
"3609975902",2021,"B17001F_ChildPov","Other (Non-Hispanic)",0,0,"Seneca","Tyre town","New York"
"3609975902",2021,"B17001G_ChildPov","Two or More Races (Non-Hispanic)",0,0,"Seneca","Tyre town","New York"
"3609975902",2021,"B17001H_ChildPov","White (Non-Hispanic)",15.2709359605911,17.2545089834509,"Seneca","Tyre town","New York"
"3609975902",2021,"B17001I_ChildPov","Hispanic or Latino (Any Race)",0,0,"Seneca","Tyre town","New York"
"3609975902",2022,"B17001B_ChildPov","Black (Non-Hispanic)",0,375.277674973257,"Seneca","Tyre town","New York"
"3609975902",2022,"B17001C_ChildPov","Native American (Non-Hispanic)",0,0,"Seneca","Tyre town","New York"
"3609975902",2022,"B17001D_ChildPov","Asian (Non-Hispanic)",0,0,"Seneca","Tyre town","New York"
"3609975902",2022,"B17001E_ChildPov","Pacific Islander (Non-Hispanic)",0,0,"Seneca","Tyre town","New York"
"3609975902",2022,"B17001F_ChildPov","Other (Non-Hispanic)",0,0,"Seneca","Tyre town","New York"
"3609975902",2022,"B17001G_ChildPov","Two or More Races (Non-Hispanic)",0,0,"Seneca","Tyre town","New York"
"3609975902",2022,"B17001H_ChildPov","White (Non-Hispanic)",17.9166666666667,14.1896905770647,"Seneca","Tyre town","New York"
"3609975902",2022,"B17001I_ChildPov","Hispanic or Latino (Any Race)",0,0,"Seneca","Tyre town","New York"
"3609975902",2023,"B17001B_ChildPov","Black (Non-Hispanic)",100,1064.8368659191,"Seneca","Tyre town","New York"
"3609975902",2023,"B17001C_ChildPov","Native American (Non-Hispanic)",0,0,"Seneca","Tyre town","New York"
"3609975902",2023,"B17001D_ChildPov","Asian (Non-Hispanic)",0,0,"Seneca","Tyre town","New York"
"3609975902",2023,"B17001E_ChildPov","Pacific Islander (Non-Hispanic)",0,0,"Seneca","Tyre town","New York"
"3609975902",2023,"B17001F_ChildPov","Other (Non-Hispanic)",0,0,"Seneca","Tyre town","New York"
"3609975902",2023,"B17001G_ChildPov","Two or More Races (Non-Hispanic)",0,0,"Seneca","Tyre town","New York"
"3609975902",2023,"B17001H_ChildPov","White (Non-Hispanic)",23.0434782608696,15.106554404081,"Seneca","Tyre town","New York"
"3609975902",2023,"B17001I_ChildPov","Hispanic or Latino (Any Race)",0,0,"Seneca","Tyre town","New York"
"3609975902",2024,"B17001B_ChildPov","Black (Non-Hispanic)",100,893.598633905916,"Seneca","Tyre town","New York"
"3609975902",2024,"B17001C_ChildPov","Native American (Non-Hispanic)",0,0,"Seneca","Tyre town","New York"
"3609975902",2024,"B17001D_ChildPov","Asian (Non-Hispanic)",0,0,"Seneca","Tyre town","New York"
"3609975902",2024,"B17001E_ChildPov","Pacific Islander (Non-Hispanic)",0,0,"Seneca","Tyre town","New York"
"3609975902",2024,"B17001F_ChildPov","Other (Non-Hispanic)",0,0,"Seneca","Tyre town","New York"
"3609975902",2024,"B17001G_ChildPov","Two or More Races (Non-Hispanic)",0,0,"Seneca","Tyre town","New York"
"3609975902",2024,"B17001H_ChildPov","White (Non-Hispanic)",9.41704035874439,16.3391124415125,"Seneca","Tyre town","New York"
"3609975902",2024,"B17001I_ChildPov","Hispanic or Latino (Any Race)",0,404.145188432738,"Seneca","Tyre town","New York"
"3609976958",2017,"B17001B_ChildPov","Black (Non-Hispanic)",0,3810.51177665153,"Seneca","Varick town","New York"
"3609976958",2017,"B17001C_ChildPov","Native American (Non-Hispanic)",0,0,"Seneca","Varick town","New York"
"3609976958",2017,"B17001D_ChildPov","Asian (Non-Hispanic)",0,3810.51177665153,"Seneca","Varick town","New York"
"3609976958",2017,"B17001E_ChildPov","Pacific Islander (Non-Hispanic)",0,0,"Seneca","Varick town","New York"
"3609976958",2017,"B17001F_ChildPov","Other (Non-Hispanic)",0,0,"Seneca","Varick town","New York"
"3609976958",2017,"B17001G_ChildPov","Two or More Races (Non-Hispanic)",0,317.542648054294,"Seneca","Varick town","New York"
"3609976958",2017,"B17001H_ChildPov","White (Non-Hispanic)",8.51063829787234,6.94969163830359,"Seneca","Varick town","New York"
"3609976958",2017,"B17001I_ChildPov","Hispanic or Latino (Any Race)",74.2857142857143,47.2270826374442,"Seneca","Varick town","New York"
"3609976958",2018,"B17001B_ChildPov","Black (Non-Hispanic)",0,4156.92193816531,"Seneca","Varick town","New York"
"3609976958",2018,"B17001C_ChildPov","Native American (Non-Hispanic)",0,0,"Seneca","Varick town","New York"
"3609976958",2018,"B17001D_ChildPov","Asian (Non-Hispanic)",0,0,"Seneca","Varick town","New York"
"3609976958",2018,"B17001E_ChildPov","Pacific Islander (Non-Hispanic)",0,0,"Seneca","Varick town","New York"
"3609976958",2018,"B17001F_ChildPov","Other (Non-Hispanic)",0,0,"Seneca","Varick town","New York"
"3609976958",2018,"B17001G_ChildPov","Two or More Races (Non-Hispanic)",0,461.880215351701,"Seneca","Varick town","New York"
"3609976958",2018,"B17001H_ChildPov","White (Non-Hispanic)",9.11214953271028,7.28368634544612,"Seneca","Varick town","New York"
"3609976958",2018,"B17001I_ChildPov","Hispanic or Latino (Any Race)",0,415.692193816531,"Seneca","Varick town","New York"
"3609976958",2019,"B17001B_ChildPov","Black (Non-Hispanic)",0,0,"Seneca","Varick town","New York"
"3609976958",2019,"B17001C_ChildPov","Native American (Non-Hispanic)",0,0,"Seneca","Varick town","New York"
"3609976958",2019,"B17001D_ChildPov","Asian (Non-Hispanic)",0,0,"Seneca","Varick town","New York"
"3609976958",2019,"B17001E_ChildPov","Pacific Islander (Non-Hispanic)",0,0,"Seneca","Varick town","New York"
"3609976958",2019,"B17001F_ChildPov","Other (Non-Hispanic)",0,0,"Seneca","Varick town","New York"
"3609976958",2019,"B17001G_ChildPov","Two or More Races (Non-Hispanic)",0,593.845991166472,"Seneca","Varick town","New York"
"3609976958",2019,"B17001H_ChildPov","White (Non-Hispanic)",17.5977653631285,9.08926479737449,"Seneca","Varick town","New York"
"3609976958",2019,"B17001I_ChildPov","Hispanic or Latino (Any Race)",0,277.12812921102,"Seneca","Varick town","New York"
"3609976958",2020,"B17001B_ChildPov","Black (Non-Hispanic)",0,0,"Seneca","Varick town","New York"
"3609976958",2020,"B17001C_ChildPov","Native American (Non-Hispanic)",0,0,"Seneca","Varick town","New York"
"3609976958",2020,"B17001D_ChildPov","Asian (Non-Hispanic)",0,0,"Seneca","Varick town","New York"
"3609976958",2020,"B17001E_ChildPov","Pacific Islander (Non-Hispanic)",0,0,"Seneca","Varick town","New York"
"3609976958",2020,"B17001F_ChildPov","Other (Non-Hispanic)",0,0,"Seneca","Varick town","New York"
"3609976958",2020,"B17001G_ChildPov","Two or More Races (Non-Hispanic)",0,1385.6406460551,"Seneca","Varick town","New York"
"3609976958",2020,"B17001H_ChildPov","White (Non-Hispanic)",12.6288659793814,9.16197104218627,"Seneca","Varick town","New York"
"3609976958",2020,"B17001I_ChildPov","Hispanic or Latino (Any Race)",0,188.950997189332,"Seneca","Varick town","New York"
"3609976958",2021,"B17001B_ChildPov","Black (Non-Hispanic)",0,0,"Seneca","Varick town","New York"
"3609976958",2021,"B17001C_ChildPov","Native American (Non-Hispanic)",0,0,"Seneca","Varick town","New York"
"3609976958",2021,"B17001D_ChildPov","Asian (Non-Hispanic)",0,0,"Seneca","Varick town","New York"
"3609976958",2021,"B17001E_ChildPov","Pacific Islander (Non-Hispanic)",0,0,"Seneca","Varick town","New York"
"3609976958",2021,"B17001F_ChildPov","Other (Non-Hispanic)",0,0,"Seneca","Varick town","New York"
"3609976958",2021,"B17001G_ChildPov","Two or More Races (Non-Hispanic)",0,180.133283987163,"Seneca","Varick town","New York"
"3609976958",2021,"B17001H_ChildPov","White (Non-Hispanic)",15.9891598915989,10.5922656761867,"Seneca","Varick town","New York"
"3609976958",2021,"B17001I_ChildPov","Hispanic or Latino (Any Race)",0,63.4272126715363,"Seneca","Varick town","New York"
"3609976958",2022,"B17001B_ChildPov","Black (Non-Hispanic)",0,0,"Seneca","Varick town","New York"
"3609976958",2022,"B17001C_ChildPov","Native American (Non-Hispanic)",0,0,"Seneca","Varick town","New York"
"3609976958",2022,"B17001D_ChildPov","Asian (Non-Hispanic)",0,0,"Seneca","Varick town","New York"
"3609976958",2022,"B17001E_ChildPov","Pacific Islander (Non-Hispanic)",0,0,"Seneca","Varick town","New York"
"3609976958",2022,"B17001F_ChildPov","Other (Non-Hispanic)",100,561.664193862015,"Seneca","Varick town","New York"
"3609976958",2022,"B17001G_ChildPov","Two or More Races (Non-Hispanic)",0,237.017478930478,"Seneca","Varick town","New York"
"3609976958",2022,"B17001H_ChildPov","White (Non-Hispanic)",32.7868852459016,11.0930900871011,"Seneca","Varick town","New York"
"3609976958",2022,"B17001I_ChildPov","Hispanic or Latino (Any Race)",23.8095238095238,75.5729391948256,"Seneca","Varick town","New York"
"3609976958",2023,"B17001B_ChildPov","Black (Non-Hispanic)",0,0,"Seneca","Varick town","New York"
"3609976958",2023,"B17001C_ChildPov","Native American (Non-Hispanic)",0,0,"Seneca","Varick town","New York"
"3609976958",2023,"B17001D_ChildPov","Asian (Non-Hispanic)",0,0,"Seneca","Varick town","New York"
"3609976958",2023,"B17001E_ChildPov","Pacific Islander (Non-Hispanic)",0,0,"Seneca","Varick town","New York"
"3609976958",2023,"B17001F_ChildPov","Other (Non-Hispanic)",100,567.216619888338,"Seneca","Varick town","New York"
"3609976958",2023,"B17001G_ChildPov","Two or More Races (Non-Hispanic)",0,264.901888216417,"Seneca","Varick town","New York"
"3609976958",2023,"B17001H_ChildPov","White (Non-Hispanic)",31.5649867374005,12.0340536727729,"Seneca","Varick town","New York"
"3609976958",2023,"B17001I_ChildPov","Hispanic or Latino (Any Race)",24.1379310344828,74.9226393484941,"Seneca","Varick town","New York"
"3609976958",2024,"B17001B_ChildPov","Black (Non-Hispanic)",0,0,"Seneca","Varick town","New York"
"3609976958",2024,"B17001C_ChildPov","Native American (Non-Hispanic)",0,0,"Seneca","Varick town","New York"
"3609976958",2024,"B17001D_ChildPov","Asian (Non-Hispanic)",0,0,"Seneca","Varick town","New York"
"3609976958",2024,"B17001E_ChildPov","Pacific Islander (Non-Hispanic)",0,0,"Seneca","Varick town","New York"
"3609976958",2024,"B17001F_ChildPov","Other (Non-Hispanic)",100,441.644653539472,"Seneca","Varick town","New York"
"3609976958",2024,"B17001G_ChildPov","Two or More Races (Non-Hispanic)",0,303.108891324553,"Seneca","Varick town","New York"
"3609976958",2024,"B17001H_ChildPov","White (Non-Hispanic)",29.7968397291196,12.5324369709894,"Seneca","Varick town","New York"
"3609976958",2024,"B17001I_ChildPov","Hispanic or Latino (Any Race)",60.6060606060606,83.230501658976,"Seneca","Varick town","New York"
"3609978564",2017,"B17001B_ChildPov","Black (Non-Hispanic)",0,158.358930977726,"Seneca","Waterloo town","New York"
"3609978564",2017,"B17001C_ChildPov","Native American (Non-Hispanic)",100,1569.32398751111,"Seneca","Waterloo town","New York"
"3609978564",2017,"B17001D_ChildPov","Asian (Non-Hispanic)",0,0,"Seneca","Waterloo town","New York"
"3609978564",2017,"B17001E_ChildPov","Pacific Islander (Non-Hispanic)",0,0,"Seneca","Waterloo town","New York"
"3609978564",2017,"B17001F_ChildPov","Other (Non-Hispanic)",0,0,"Seneca","Waterloo town","New York"
"3609978564",2017,"B17001G_ChildPov","Two or More Races (Non-Hispanic)",100,150.110230448975,"Seneca","Waterloo town","New York"
"3609978564",2017,"B17001H_ChildPov","White (Non-Hispanic)",17.757712565839,9.19793772802238,"Seneca","Waterloo town","New York"
"3609978564",2017,"B17001I_ChildPov","Hispanic or Latino (Any Race)",52,79.6223084317454,"Seneca","Waterloo town","New York"
"3609978564",2018,"B17001B_ChildPov","Black (Non-Hispanic)",0,203.068025714972,"Seneca","Waterloo town","New York"
"3609978564",2018,"B17001C_ChildPov","Native American (Non-Hispanic)",0,0,"Seneca","Waterloo town","New York"
"3609978564",2018,"B17001D_ChildPov","Asian (Non-Hispanic)",0,0,"Seneca","Waterloo town","New York"
"3609978564",2018,"B17001E_ChildPov","Pacific Islander (Non-Hispanic)",0,0,"Seneca","Waterloo town","New York"
"3609978564",2018,"B17001F_ChildPov","Other (Non-Hispanic)",0,0,"Seneca","Waterloo town","New York"
"3609978564",2018,"B17001G_ChildPov","Two or More Races (Non-Hispanic)",65.4135338345865,37.3723233108675,"Seneca","Waterloo town","New York"
"3609978564",2018,"B17001H_ChildPov","White (Non-Hispanic)",18.0144115292234,9.37641984093981,"Seneca","Waterloo town","New York"
"3609978564",2018,"B17001I_ChildPov","Hispanic or Latino (Any Race)",44.6808510638298,104.664906909174,"Seneca","Waterloo town","New York"
"3609978564",2019,"B17001B_ChildPov","Black (Non-Hispanic)",0,280.42727360639,"Seneca","Waterloo town","New York"
"3609978564",2019,"B17001C_ChildPov","Native American (Non-Hispanic)",0,0,"Seneca","Waterloo town","New York"
"3609978564",2019,"B17001D_ChildPov","Asian (Non-Hispanic)",0,0,"Seneca","Waterloo town","New York"
"3609978564",2019,"B17001E_ChildPov","Pacific Islander (Non-Hispanic)",0,0,"Seneca","Waterloo town","New York"
"3609978564",2019,"B17001F_ChildPov","Other (Non-Hispanic)",0,0,"Seneca","Waterloo town","New York"
"3609978564",2019,"B17001G_ChildPov","Two or More Races (Non-Hispanic)",44.5255474452555,48.8162489112747,"Seneca","Waterloo town","New York"
"3609978564",2019,"B17001H_ChildPov","White (Non-Hispanic)",13.2434575733545,8.73848853737366,"Seneca","Waterloo town","New York"
"3609978564",2019,"B17001I_ChildPov","Hispanic or Latino (Any Race)",0,189.966862765619,"Seneca","Waterloo town","New York"
"3609978564",2020,"B17001B_ChildPov","Black (Non-Hispanic)",0,235.558909829367,"Seneca","Waterloo town","New York"
"3609978564",2020,"B17001C_ChildPov","Native American (Non-Hispanic)",0,0,"Seneca","Waterloo town","New York"
"3609978564",2020,"B17001D_ChildPov","Asian (Non-Hispanic)",0,0,"Seneca","Waterloo town","New York"
"3609978564",2020,"B17001E_ChildPov","Pacific Islander (Non-Hispanic)",0,0,"Seneca","Waterloo town","New York"
"3609978564",2020,"B17001F_ChildPov","Other (Non-Hispanic)",0,0,"Seneca","Waterloo town","New York"
"3609978564",2020,"B17001G_ChildPov","Two or More Races (Non-Hispanic)",0,75.4996505863357,"Seneca","Waterloo town","New York"
"3609978564",2020,"B17001H_ChildPov","White (Non-Hispanic)",8.11638591117917,7.11473350381432,"Seneca","Waterloo town","New York"
"3609978564",2020,"B17001I_ChildPov","Hispanic or Latino (Any Race)",0,490.747728811182,"Seneca","Waterloo town","New York"
"3609978564",2021,"B17001B_ChildPov","Black (Non-Hispanic)",0,0,"Seneca","Waterloo town","New York"
"3609978564",2021,"B17001C_ChildPov","Native American (Non-Hispanic)",0,0,"Seneca","Waterloo town","New York"
"3609978564",2021,"B17001D_ChildPov","Asian (Non-Hispanic)",0,0,"Seneca","Waterloo town","New York"
"3609978564",2021,"B17001E_ChildPov","Pacific Islander (Non-Hispanic)",0,0,"Seneca","Waterloo town","New York"
"3609978564",2021,"B17001F_ChildPov","Other (Non-Hispanic)",0,0,"Seneca","Waterloo town","New York"
"3609978564",2021,"B17001G_ChildPov","Two or More Races (Non-Hispanic)",0,69.2820323027551,"Seneca","Waterloo town","New York"
"3609978564",2021,"B17001H_ChildPov","White (Non-Hispanic)",1.84873949579832,5.20570259309986,"Seneca","Waterloo town","New York"
"3609978564",2021,"B17001I_ChildPov","Hispanic or Latino (Any Race)",0,0,"Seneca","Waterloo town","New York"
"3609978564",2022,"B17001B_ChildPov","Black (Non-Hispanic)",57.5757575757576,124.370326253898,"Seneca","Waterloo town","New York"
"3609978564",2022,"B17001C_ChildPov","Native American (Non-Hispanic)",0,0,"Seneca","Waterloo town","New York"
"3609978564",2022,"B17001D_ChildPov","Asian (Non-Hispanic)",0,0,"Seneca","Waterloo town","New York"
"3609978564",2022,"B17001E_ChildPov","Pacific Islander (Non-Hispanic)",0,0,"Seneca","Waterloo town","New York"
"3609978564",2022,"B17001F_ChildPov","Other (Non-Hispanic)",0,0,"Seneca","Waterloo town","New York"
"3609978564",2022,"B17001G_ChildPov","Two or More Races (Non-Hispanic)",48.6607142857143,16.2697278324828,"Seneca","Waterloo town","New York"
"3609978564",2022,"B17001H_ChildPov","White (Non-Hispanic)",1.67992926613616,5.62375067794606,"Seneca","Waterloo town","New York"
"3609978564",2022,"B17001I_ChildPov","Hispanic or Latino (Any Race)",0,79.2987116718281,"Seneca","Waterloo town","New York"
"3609978564",2023,"B17001B_ChildPov","Black (Non-Hispanic)",30,289.295264392627,"Seneca","Waterloo town","New York"
"3609978564",2023,"B17001C_ChildPov","Native American (Non-Hispanic)",0,0,"Seneca","Waterloo town","New York"
"3609978564",2023,"B17001D_ChildPov","Asian (Non-Hispanic)",0,0,"Seneca","Waterloo town","New York"
"3609978564",2023,"B17001E_ChildPov","Pacific Islander (Non-Hispanic)",0,0,"Seneca","Waterloo town","New York"
"3609978564",2023,"B17001F_ChildPov","Other (Non-Hispanic)",0,0,"Seneca","Waterloo town","New York"
"3609978564",2023,"B17001G_ChildPov","Two or More Races (Non-Hispanic)",31.1284046692607,23.2033317731206,"Seneca","Waterloo town","New York"
"3609978564",2023,"B17001H_ChildPov","White (Non-Hispanic)",2.92035398230089,5.47779486197521,"Seneca","Waterloo town","New York"
"3609978564",2023,"B17001I_ChildPov","Hispanic or Latino (Any Race)",0,40.1328845656203,"Seneca","Waterloo town","New York"
"3609978564",2024,"B17001B_ChildPov","Black (Non-Hispanic)",40,176.866553587098,"Seneca","Waterloo town","New York"
"3609978564",2024,"B17001C_ChildPov","Native American (Non-Hispanic)",0,0,"Seneca","Waterloo town","New York"
"3609978564",2024,"B17001D_ChildPov","Asian (Non-Hispanic)",0,0,"Seneca","Waterloo town","New York"
"3609978564",2024,"B17001E_ChildPov","Pacific Islander (Non-Hispanic)",0,0,"Seneca","Waterloo town","New York"
"3609978564",2024,"B17001F_ChildPov","Other (Non-Hispanic)",0,0,"Seneca","Waterloo town","New York"
"3609978564",2024,"B17001G_ChildPov","Two or More Races (Non-Hispanic)",31.25,16.7623322711014,"Seneca","Waterloo town","New York"
"3609978564",2024,"B17001H_ChildPov","White (Non-Hispanic)",2.91153415453527,7.99333107886432,"Seneca","Waterloo town","New York"
"3609978564",2024,"B17001I_ChildPov","Hispanic or Latino (Any Race)",7.6271186440678,29.9699846921328,"Seneca","Waterloo town","New York"
"3611700000",2017,"B17001B_ChildPov","Black (Non-Hispanic)",0,0,"Wayne","County subdivisions not defined","New York"
"3611700000",2017,"B17001C_ChildPov","Native American (Non-Hispanic)",0,0,"Wayne","County subdivisions not defined","New York"
"3611700000",2017,"B17001D_ChildPov","Asian (Non-Hispanic)",0,0,"Wayne","County subdivisions not defined","New York"
"3611700000",2017,"B17001E_ChildPov","Pacific Islander (Non-Hispanic)",0,0,"Wayne","County subdivisions not defined","New York"
"3611700000",2017,"B17001F_ChildPov","Other (Non-Hispanic)",0,0,"Wayne","County subdivisions not defined","New York"
"3611700000",2017,"B17001G_ChildPov","Two or More Races (Non-Hispanic)",0,0,"Wayne","County subdivisions not defined","New York"
"3611700000",2017,"B17001H_ChildPov","White (Non-Hispanic)",0,0,"Wayne","County subdivisions not defined","New York"
"3611700000",2017,"B17001I_ChildPov","Hispanic or Latino (Any Race)",0,0,"Wayne","County subdivisions not defined","New York"
"3611700000",2018,"B17001B_ChildPov","Black (Non-Hispanic)",0,0,"Wayne","County subdivisions not defined","New York"
"3611700000",2018,"B17001C_ChildPov","Native American (Non-Hispanic)",0,0,"Wayne","County subdivisions not defined","New York"
"3611700000",2018,"B17001D_ChildPov","Asian (Non-Hispanic)",0,0,"Wayne","County subdivisions not defined","New York"
"3611700000",2018,"B17001E_ChildPov","Pacific Islander (Non-Hispanic)",0,0,"Wayne","County subdivisions not defined","New York"
"3611700000",2018,"B17001F_ChildPov","Other (Non-Hispanic)",0,0,"Wayne","County subdivisions not defined","New York"
"3611700000",2018,"B17001G_ChildPov","Two or More Races (Non-Hispanic)",0,0,"Wayne","County subdivisions not defined","New York"
"3611700000",2018,"B17001H_ChildPov","White (Non-Hispanic)",0,0,"Wayne","County subdivisions not defined","New York"
"3611700000",2018,"B17001I_ChildPov","Hispanic or Latino (Any Race)",0,0,"Wayne","County subdivisions not defined","New York"
"3611700000",2019,"B17001B_ChildPov","Black (Non-Hispanic)",0,0,"Wayne","County subdivisions not defined","New York"
"3611700000",2019,"B17001C_ChildPov","Native American (Non-Hispanic)",0,0,"Wayne","County subdivisions not defined","New York"
"3611700000",2019,"B17001D_ChildPov","Asian (Non-Hispanic)",0,0,"Wayne","County subdivisions not defined","New York"
"3611700000",2019,"B17001E_ChildPov","Pacific Islander (Non-Hispanic)",0,0,"Wayne","County subdivisions not defined","New York"
"3611700000",2019,"B17001F_ChildPov","Other (Non-Hispanic)",0,0,"Wayne","County subdivisions not defined","New York"
"3611700000",2019,"B17001G_ChildPov","Two or More Races (Non-Hispanic)",0,0,"Wayne","County subdivisions not defined","New York"
"3611700000",2019,"B17001H_ChildPov","White (Non-Hispanic)",0,0,"Wayne","County subdivisions not defined","New York"
"3611700000",2019,"B17001I_ChildPov","Hispanic or Latino (Any Race)",0,0,"Wayne","County subdivisions not defined","New York"
"3611700000",2020,"B17001B_ChildPov","Black (Non-Hispanic)",0,0,"Wayne","County subdivisions not defined","New York"
"3611700000",2020,"B17001C_ChildPov","Native American (Non-Hispanic)",0,0,"Wayne","County subdivisions not defined","New York"
"3611700000",2020,"B17001D_ChildPov","Asian (Non-Hispanic)",0,0,"Wayne","County subdivisions not defined","New York"
"3611700000",2020,"B17001E_ChildPov","Pacific Islander (Non-Hispanic)",0,0,"Wayne","County subdivisions not defined","New York"
"3611700000",2020,"B17001F_ChildPov","Other (Non-Hispanic)",0,0,"Wayne","County subdivisions not defined","New York"
"3611700000",2020,"B17001G_ChildPov","Two or More Races (Non-Hispanic)",0,0,"Wayne","County subdivisions not defined","New York"
"3611700000",2020,"B17001H_ChildPov","White (Non-Hispanic)",0,0,"Wayne","County subdivisions not defined","New York"
"3611700000",2020,"B17001I_ChildPov","Hispanic or Latino (Any Race)",0,0,"Wayne","County subdivisions not defined","New York"
"3611700000",2021,"B17001B_ChildPov","Black (Non-Hispanic)",0,0,"Wayne","County subdivisions not defined","New York"
"3611700000",2021,"B17001C_ChildPov","Native American (Non-Hispanic)",0,0,"Wayne","County subdivisions not defined","New York"
"3611700000",2021,"B17001D_ChildPov","Asian (Non-Hispanic)",0,0,"Wayne","County subdivisions not defined","New York"
"3611700000",2021,"B17001E_ChildPov","Pacific Islander (Non-Hispanic)",0,0,"Wayne","County subdivisions not defined","New York"
"3611700000",2021,"B17001F_ChildPov","Other (Non-Hispanic)",0,0,"Wayne","County subdivisions not defined","New York"
"3611700000",2021,"B17001G_ChildPov","Two or More Races (Non-Hispanic)",0,0,"Wayne","County subdivisions not defined","New York"
"3611700000",2021,"B17001H_ChildPov","White (Non-Hispanic)",0,0,"Wayne","County subdivisions not defined","New York"
"3611700000",2021,"B17001I_ChildPov","Hispanic or Latino (Any Race)",0,0,"Wayne","County subdivisions not defined","New York"
"3611700000",2022,"B17001B_ChildPov","Black (Non-Hispanic)",0,0,"Wayne","County subdivisions not defined","New York"
"3611700000",2022,"B17001C_ChildPov","Native American (Non-Hispanic)",0,0,"Wayne","County subdivisions not defined","New York"
"3611700000",2022,"B17001D_ChildPov","Asian (Non-Hispanic)",0,0,"Wayne","County subdivisions not defined","New York"
"3611700000",2022,"B17001E_ChildPov","Pacific Islander (Non-Hispanic)",0,0,"Wayne","County subdivisions not defined","New York"
"3611700000",2022,"B17001F_ChildPov","Other (Non-Hispanic)",0,0,"Wayne","County subdivisions not defined","New York"
"3611700000",2022,"B17001G_ChildPov","Two or More Races (Non-Hispanic)",0,0,"Wayne","County subdivisions not defined","New York"
"3611700000",2022,"B17001H_ChildPov","White (Non-Hispanic)",0,0,"Wayne","County subdivisions not defined","New York"
"3611700000",2022,"B17001I_ChildPov","Hispanic or Latino (Any Race)",0,0,"Wayne","County subdivisions not defined","New York"
"3611700000",2023,"B17001B_ChildPov","Black (Non-Hispanic)",0,0,"Wayne","County subdivisions not defined","New York"
"3611700000",2023,"B17001C_ChildPov","Native American (Non-Hispanic)",0,0,"Wayne","County subdivisions not defined","New York"
"3611700000",2023,"B17001D_ChildPov","Asian (Non-Hispanic)",0,0,"Wayne","County subdivisions not defined","New York"
"3611700000",2023,"B17001E_ChildPov","Pacific Islander (Non-Hispanic)",0,0,"Wayne","County subdivisions not defined","New York"
"3611700000",2023,"B17001F_ChildPov","Other (Non-Hispanic)",0,0,"Wayne","County subdivisions not defined","New York"
"3611700000",2023,"B17001G_ChildPov","Two or More Races (Non-Hispanic)",0,0,"Wayne","County subdivisions not defined","New York"
"3611700000",2023,"B17001H_ChildPov","White (Non-Hispanic)",0,0,"Wayne","County subdivisions not defined","New York"
"3611700000",2023,"B17001I_ChildPov","Hispanic or Latino (Any Race)",0,0,"Wayne","County subdivisions not defined","New York"
"3611700000",2024,"B17001B_ChildPov","Black (Non-Hispanic)",0,0,"Wayne","County subdivisions not defined","New York"
"3611700000",2024,"B17001C_ChildPov","Native American (Non-Hispanic)",0,0,"Wayne","County subdivisions not defined","New York"
"3611700000",2024,"B17001D_ChildPov","Asian (Non-Hispanic)",0,0,"Wayne","County subdivisions not defined","New York"
"3611700000",2024,"B17001E_ChildPov","Pacific Islander (Non-Hispanic)",0,0,"Wayne","County subdivisions not defined","New York"
"3611700000",2024,"B17001F_ChildPov","Other (Non-Hispanic)",0,0,"Wayne","County subdivisions not defined","New York"
"3611700000",2024,"B17001G_ChildPov","Two or More Races (Non-Hispanic)",0,0,"Wayne","County subdivisions not defined","New York"
"3611700000",2024,"B17001H_ChildPov","White (Non-Hispanic)",0,0,"Wayne","County subdivisions not defined","New York"
"3611700000",2024,"B17001I_ChildPov","Hispanic or Latino (Any Race)",0,0,"Wayne","County subdivisions not defined","New York"
"3611702440",2017,"B17001B_ChildPov","Black (Non-Hispanic)",24.812030075188,45.7741265274125,"Wayne","Arcadia town","New York"
"3611702440",2017,"B17001C_ChildPov","Native American (Non-Hispanic)",0,779.422863405995,"Wayne","Arcadia town","New York"
"3611702440",2017,"B17001D_ChildPov","Asian (Non-Hispanic)",0,61.7364644281976,"Wayne","Arcadia town","New York"
"3611702440",2017,"B17001E_ChildPov","Pacific Islander (Non-Hispanic)",0,0,"Wayne","Arcadia town","New York"
"3611702440",2017,"B17001F_ChildPov","Other (Non-Hispanic)",0,0,"Wayne","Arcadia town","New York"
"3611702440",2017,"B17001G_ChildPov","Two or More Races (Non-Hispanic)",5.53191489361702,27.0624300539111,"Wayne","Arcadia town","New York"
"3611702440",2017,"B17001H_ChildPov","White (Non-Hispanic)",32.0388349514563,9.93295434834062,"Wayne","Arcadia town","New York"
"3611702440",2017,"B17001I_ChildPov","Hispanic or Latino (Any Race)",6.25,42.6608461719103,"Wayne","Arcadia town","New York"
"3611702440",2018,"B17001B_ChildPov","Black (Non-Hispanic)",24.0384615384615,62.4829768206391,"Wayne","Arcadia town","New York"
"3611702440",2018,"B17001C_ChildPov","Native American (Non-Hispanic)",0,822.724133595217,"Wayne","Arcadia town","New York"
"3611702440",2018,"B17001D_ChildPov","Asian (Non-Hispanic)",0,113.47919084072,"Wayne","Arcadia town","New York"
"3611702440",2018,"B17001E_ChildPov","Pacific Islander (Non-Hispanic)",0,0,"Wayne","Arcadia town","New York"
"3611702440",2018,"B17001F_ChildPov","Other (Non-Hispanic)",0,0,"Wayne","Arcadia town","New York"
"3611702440",2018,"B17001G_ChildPov","Two or More Races (Non-Hispanic)",10.3658536585366,41.141216584028,"Wayne","Arcadia town","New York"
"3611702440",2018,"B17001H_ChildPov","White (Non-Hispanic)",24.4186046511628,7.43945624198966,"Wayne","Arcadia town","New York"
"3611702440",2018,"B17001I_ChildPov","Hispanic or Latino (Any Race)",30.4,48.8031197429017,"Wayne","Arcadia town","New York"
"3611702440",2019,"B17001B_ChildPov","Black (Non-Hispanic)",18.8976377952756,52.7917756431355,"Wayne","Arcadia town","New York"
"3611702440",2019,"B17001C_ChildPov","Native American (Non-Hispanic)",0,658.179306876173,"Wayne","Arcadia town","New York"
"3611702440",2019,"B17001D_ChildPov","Asian (Non-Hispanic)",0,164.544826719043,"Wayne","Arcadia town","New York"
"3611702440",2019,"B17001E_ChildPov","Pacific Islander (Non-Hispanic)",0,0,"Wayne","Arcadia town","New York"
"3611702440",2019,"B17001F_ChildPov","Other (Non-Hispanic)",0,0,"Wayne","Arcadia town","New York"
"3611702440",2019,"B17001G_ChildPov","Two or More Races (Non-Hispanic)",6.34920634920635,34.6503465828765,"Wayne","Arcadia town","New York"
"3611702440",2019,"B17001H_ChildPov","White (Non-Hispanic)",22.1814848762603,7.06182399405222,"Wayne","Arcadia town","New York"
"3611702440",2019,"B17001I_ChildPov","Hispanic or Latino (Any Race)",22.7488151658768,31.4724175856006,"Wayne","Arcadia town","New York"
"3611702440",2020,"B17001B_ChildPov","Black (Non-Hispanic)",52,67.4509177929486,"Wayne","Arcadia town","New York"
"3611702440",2020,"B17001C_ChildPov","Native American (Non-Hispanic)",0,1316.35861375235,"Wayne","Arcadia town","New York"
"3611702440",2020,"B17001D_ChildPov","Asian (Non-Hispanic)",0,212.315905443927,"Wayne","Arcadia town","New York"
"3611702440",2020,"B17001E_ChildPov","Pacific Islander (Non-Hispanic)",0,0,"Wayne","Arcadia town","New York"
"3611702440",2020,"B17001F_ChildPov","Other (Non-Hispanic)",0,0,"Wayne","Arcadia town","New York"
"3611702440",2020,"B17001G_ChildPov","Two or More Races (Non-Hispanic)",2.64900662251656,14.5634456335849,"Wayne","Arcadia town","New York"
"3611702440",2020,"B17001H_ChildPov","White (Non-Hispanic)",15.1930894308943,6.47678242354482,"Wayne","Arcadia town","New York"
"3611702440",2020,"B17001I_ChildPov","Hispanic or Latino (Any Race)",4.90566037735849,12.7408783707265,"Wayne","Arcadia town","New York"
"3611702440",2021,"B17001B_ChildPov","Black (Non-Hispanic)",0,147.408579367564,"Wayne","Arcadia town","New York"
"3611702440",2021,"B17001C_ChildPov","Native American (Non-Hispanic)",0,1154.70053837925,"Wayne","Arcadia town","New York"
"3611702440",2021,"B17001D_ChildPov","Asian (Non-Hispanic)",0,230.94010767585,"Wayne","Arcadia town","New York"
"3611702440",2021,"B17001E_ChildPov","Pacific Islander (Non-Hispanic)",0,0,"Wayne","Arcadia town","New York"
"3611702440",2021,"B17001F_ChildPov","Other (Non-Hispanic)",74.0740740740741,25.3069380828979,"Wayne","Arcadia town","New York"
"3611702440",2021,"B17001G_ChildPov","Two or More Races (Non-Hispanic)",5.51415797317437,11.1741986902297,"Wayne","Arcadia town","New York"
"3611702440",2021,"B17001H_ChildPov","White (Non-Hispanic)",14.4346871569704,6.13467707315637,"Wayne","Arcadia town","New York"
"3611702440",2021,"B17001I_ChildPov","Hispanic or Latino (Any Race)",11.2554112554113,11.840574118287,"Wayne","Arcadia town","New York"
"3611702440",2022,"B17001B_ChildPov","Black (Non-Hispanic)",0,62.1761828358058,"Wayne","Arcadia town","New York"
"3611702440",2022,"B17001C_ChildPov","Native American (Non-Hispanic)",0,0,"Wayne","Arcadia town","New York"
"3611702440",2022,"B17001D_ChildPov","Asian (Non-Hispanic)",0,661.328490162662,"Wayne","Arcadia town","New York"
"3611702440",2022,"B17001E_ChildPov","Pacific Islander (Non-Hispanic)",0,0,"Wayne","Arcadia town","New York"
"3611702440",2022,"B17001F_ChildPov","Other (Non-Hispanic)",68.695652173913,50.7143393053391,"Wayne","Arcadia town","New York"
"3611702440",2022,"B17001G_ChildPov","Two or More Races (Non-Hispanic)",4.375,12.3005360602821,"Wayne","Arcadia town","New York"
"3611702440",2022,"B17001H_ChildPov","White (Non-Hispanic)",20.0238379022646,8.72479494177316,"Wayne","Arcadia town","New York"
"3611702440",2022,"B17001I_ChildPov","Hispanic or Latino (Any Race)",14.247311827957,14.0622070775791,"Wayne","Arcadia town","New York"
"3611702440",2023,"B17001B_ChildPov","Black (Non-Hispanic)",0,92.0837138201175,"Wayne","Arcadia town","New York"
"3611702440",2023,"B17001C_ChildPov","Native American (Non-Hispanic)",0,0,"Wayne","Arcadia town","New York"
"3611702440",2023,"B17001D_ChildPov","Asian (Non-Hispanic)",0,661.328490162662,"Wayne","Arcadia town","New York"
"3611702440",2023,"B17001E_ChildPov","Pacific Islander (Non-Hispanic)",0,559.585645522253,"Wayne","Arcadia town","New York"
"3611702440",2023,"B17001F_ChildPov","Other (Non-Hispanic)",65.8333333333333,53.8607305799978,"Wayne","Arcadia town","New York"
"3611702440",2023,"B17001G_ChildPov","Two or More Races (Non-Hispanic)",8.8785046728972,12.9455870986338,"Wayne","Arcadia town","New York"
"3611702440",2023,"B17001H_ChildPov","White (Non-Hispanic)",23.7686139747995,10.3626620466904,"Wayne","Arcadia town","New York"
"3611702440",2023,"B17001I_ChildPov","Hispanic or Latino (Any Race)",11.1739745403112,14.8297936459355,"Wayne","Arcadia town","New York"
"3611702440",2024,"B17001B_ChildPov","Black (Non-Hispanic)",0,72.7461339178928,"Wayne","Arcadia town","New York"
"3611702440",2024,"B17001C_ChildPov","Native American (Non-Hispanic)",0,0,"Wayne","Arcadia town","New York"
"3611702440",2024,"B17001D_ChildPov","Asian (Non-Hispanic)",0,259.807621135332,"Wayne","Arcadia town","New York"
"3611702440",2024,"B17001E_ChildPov","Pacific Islander (Non-Hispanic)",0,382.874389041541,"Wayne","Arcadia town","New York"
"3611702440",2024,"B17001F_ChildPov","Other (Non-Hispanic)",56.4516129032258,45.6052148735432,"Wayne","Arcadia town","New York"
"3611702440",2024,"B17001G_ChildPov","Two or More Races (Non-Hispanic)",6.61538461538462,11.7480041245453,"Wayne","Arcadia town","New York"
"3611702440",2024,"B17001H_ChildPov","White (Non-Hispanic)",34.6511627906977,12.0018589256326,"Wayne","Arcadia town","New York"
"3611702440",2024,"B17001I_ChildPov","Hispanic or Latino (Any Race)",22.8848821081831,16.3489147762697,"Wayne","Arcadia town","New York"
"3611711473",2017,"B17001B_ChildPov","Black (Non-Hispanic)",0,0,"Wayne","Butler town","New York"
"3611711473",2017,"B17001C_ChildPov","Native American (Non-Hispanic)",0,0,"Wayne","Butler town","New York"
"3611711473",2017,"B17001D_ChildPov","Asian (Non-Hispanic)",0,0,"Wayne","Butler town","New York"
"3611711473",2017,"B17001E_ChildPov","Pacific Islander (Non-Hispanic)",0,0,"Wayne","Butler town","New York"
"3611711473",2017,"B17001F_ChildPov","Other (Non-Hispanic)",0,423.390197405726,"Wayne","Butler town","New York"
"3611711473",2017,"B17001G_ChildPov","Two or More Races (Non-Hispanic)",100,942.857142857143,"Wayne","Butler town","New York"
"3611711473",2017,"B17001H_ChildPov","White (Non-Hispanic)",25.9351620947631,10.0852027238541,"Wayne","Butler town","New York"
"3611711473",2017,"B17001I_ChildPov","Hispanic or Latino (Any Race)",0,0,"Wayne","Butler town","New York"
"3611711473",2018,"B17001B_ChildPov","Black (Non-Hispanic)",0,0,"Wayne","Butler town","New York"
"3611711473",2018,"B17001C_ChildPov","Native American (Non-Hispanic)",0,0,"Wayne","Butler town","New York"
"3611711473",2018,"B17001D_ChildPov","Asian (Non-Hispanic)",0,0,"Wayne","Butler town","New York"
"3611711473",2018,"B17001E_ChildPov","Pacific Islander (Non-Hispanic)",0,0,"Wayne","Butler town","New York"
"3611711473",2018,"B17001F_ChildPov","Other (Non-Hispanic)",0,461.880215351701,"Wayne","Butler town","New York"
"3611711473",2018,"B17001G_ChildPov","Two or More Races (Non-Hispanic)",100,1185.32695911297,"Wayne","Butler town","New York"
"3611711473",2018,"B17001H_ChildPov","White (Non-Hispanic)",29.0909090909091,13.4678245388424,"Wayne","Butler town","New York"
"3611711473",2018,"B17001I_ChildPov","Hispanic or Latino (Any Race)",0,166.276877526612,"Wayne","Butler town","New York"
"3611711473",2019,"B17001B_ChildPov","Black (Non-Hispanic)",0,0,"Wayne","Butler town","New York"
"3611711473",2019,"B17001C_ChildPov","Native American (Non-Hispanic)",0,0,"Wayne","Butler town","New York"
"3611711473",2019,"B17001D_ChildPov","Asian (Non-Hispanic)",0,0,"Wayne","Butler town","New York"
"3611711473",2019,"B17001E_ChildPov","Pacific Islander (Non-Hispanic)",0,0,"Wayne","Butler town","New York"
"3611711473",2019,"B17001F_ChildPov","Other (Non-Hispanic)",0,415.692193816531,"Wayne","Butler town","New York"
"3611711473",2019,"B17001G_ChildPov","Two or More Races (Non-Hispanic)",100,1766.70597440548,"Wayne","Butler town","New York"
"3611711473",2019,"B17001H_ChildPov","White (Non-Hispanic)",25.8064516129032,12.1633680886282,"Wayne","Butler town","New York"
"3611711473",2019,"B17001I_ChildPov","Hispanic or Latino (Any Race)",0,218.785365166595,"Wayne","Butler town","New York"
"3611711473",2020,"B17001B_ChildPov","Black (Non-Hispanic)",0,0,"Wayne","Butler town","New York"
"3611711473",2020,"B17001C_ChildPov","Native American (Non-Hispanic)",0,0,"Wayne","Butler town","New York"
"3611711473",2020,"B17001D_ChildPov","Asian (Non-Hispanic)",0,0,"Wayne","Butler town","New York"
"3611711473",2020,"B17001E_ChildPov","Pacific Islander (Non-Hispanic)",0,0,"Wayne","Butler town","New York"
"3611711473",2020,"B17001F_ChildPov","Other (Non-Hispanic)",0,519.615242270663,"Wayne","Butler town","New York"
"3611711473",2020,"B17001G_ChildPov","Two or More Races (Non-Hispanic)",100,7009.99286732875,"Wayne","Butler town","New York"
"3611711473",2020,"B17001H_ChildPov","White (Non-Hispanic)",29.4303797468354,15.1703836978571,"Wayne","Butler town","New York"
"3611711473",2020,"B17001I_ChildPov","Hispanic or Latino (Any Race)",0,277.12812921102,"Wayne","Butler town","New York"
"3611711473",2021,"B17001B_ChildPov","Black (Non-Hispanic)",0,0,"Wayne","Butler town","New York"
"3611711473",2021,"B17001C_ChildPov","Native American (Non-Hispanic)",0,0,"Wayne","Butler town","New York"
"3611711473",2021,"B17001D_ChildPov","Asian (Non-Hispanic)",0,0,"Wayne","Butler town","New York"
"3611711473",2021,"B17001E_ChildPov","Pacific Islander (Non-Hispanic)",0,0,"Wayne","Butler town","New York"
"3611711473",2021,"B17001F_ChildPov","Other (Non-Hispanic)",0,643.333157097012,"Wayne","Butler town","New York"
"3611711473",2021,"B17001G_ChildPov","Two or More Races (Non-Hispanic)",25,1010.20186720279,"Wayne","Butler town","New York"
"3611711473",2021,"B17001H_ChildPov","White (Non-Hispanic)",28.9473684210526,18.761099108249,"Wayne","Butler town","New York"
"3611711473",2021,"B17001I_ChildPov","Hispanic or Latino (Any Race)",0,409.393827243553,"Wayne","Butler town","New York"
"3611711473",2022,"B17001B_ChildPov","Black (Non-Hispanic)",0,0,"Wayne","Butler town","New York"
"3611711473",2022,"B17001C_ChildPov","Native American (Non-Hispanic)",0,0,"Wayne","Butler town","New York"
"3611711473",2022,"B17001D_ChildPov","Asian (Non-Hispanic)",0,0,"Wayne","Butler town","New York"
"3611711473",2022,"B17001E_ChildPov","Pacific Islander (Non-Hispanic)",0,0,"Wayne","Butler town","New York"
"3611711473",2022,"B17001F_ChildPov","Other (Non-Hispanic)",0,0,"Wayne","Butler town","New York"
"3611711473",2022,"B17001G_ChildPov","Two or More Races (Non-Hispanic)",11.1111111111111,474.967008857588,"Wayne","Butler town","New York"
"3611711473",2022,"B17001H_ChildPov","White (Non-Hispanic)",5.88235294117647,18.6833392638517,"Wayne","Butler town","New York"
"3611711473",2022,"B17001I_ChildPov","Hispanic or Latino (Any Race)",0,214.444385699004,"Wayne","Butler town","New York"
"3611711473",2023,"B17001B_ChildPov","Black (Non-Hispanic)",0,0,"Wayne","Butler town","New York"
"3611711473",2023,"B17001C_ChildPov","Native American (Non-Hispanic)",0,0,"Wayne","Butler town","New York"
"3611711473",2023,"B17001D_ChildPov","Asian (Non-Hispanic)",0,0,"Wayne","Butler town","New York"
"3611711473",2023,"B17001E_ChildPov","Pacific Islander (Non-Hispanic)",0,0,"Wayne","Butler town","New York"
"3611711473",2023,"B17001F_ChildPov","Other (Non-Hispanic)",0,0,"Wayne","Butler town","New York"
"3611711473",2023,"B17001G_ChildPov","Two or More Races (Non-Hispanic)",7.69230769230769,332.102403758845,"Wayne","Butler town","New York"
"3611711473",2023,"B17001H_ChildPov","White (Non-Hispanic)",4.23076923076923,16.8182965728209,"Wayne","Butler town","New York"
"3611711473",2023,"B17001I_ChildPov","Hispanic or Latino (Any Race)",0,562.916512459885,"Wayne","Butler town","New York"
"3611711473",2024,"B17001B_ChildPov","Black (Non-Hispanic)",0,0,"Wayne","Butler town","New York"
"3611711473",2024,"B17001C_ChildPov","Native American (Non-Hispanic)",0,0,"Wayne","Butler town","New York"
"3611711473",2024,"B17001D_ChildPov","Asian (Non-Hispanic)",0,0,"Wayne","Butler town","New York"
"3611711473",2024,"B17001E_ChildPov","Pacific Islander (Non-Hispanic)",0,0,"Wayne","Butler town","New York"
"3611711473",2024,"B17001F_ChildPov","Other (Non-Hispanic)",0,61.389142546745,"Wayne","Butler town","New York"
"3611711473",2024,"B17001G_ChildPov","Two or More Races (Non-Hispanic)",41.1764705882353,222.122960207888,"Wayne","Butler town","New York"
"3611711473",2024,"B17001H_ChildPov","White (Non-Hispanic)",8.29694323144105,19.890008859527,"Wayne","Butler town","New York"
"3611711473",2024,"B17001I_ChildPov","Hispanic or Latino (Any Race)",0,53.8860251243651,"Wayne","Butler town","New York"
"3611728013",2017,"B17001B_ChildPov","Black (Non-Hispanic)",0,0,"Wayne","Galen town","New York"
"3611728013",2017,"B17001C_ChildPov","Native American (Non-Hispanic)",0,158.771324027147,"Wayne","Galen town","New York"
"3611728013",2017,"B17001D_ChildPov","Asian (Non-Hispanic)",0,211.695098702863,"Wayne","Galen town","New York"
"3611728013",2017,"B17001E_ChildPov","Pacific Islander (Non-Hispanic)",0,0,"Wayne","Galen town","New York"
"3611728013",2017,"B17001F_ChildPov","Other (Non-Hispanic)",0,0,"Wayne","Galen town","New York"
"3611728013",2017,"B17001G_ChildPov","Two or More Races (Non-Hispanic)",13.5593220338983,63.778471700053,"Wayne","Galen town","New York"
"3611728013",2017,"B17001H_ChildPov","White (Non-Hispanic)",9.64601769911505,6.47407901273857,"Wayne","Galen town","New York"
"3611728013",2017,"B17001I_ChildPov","Hispanic or Latino (Any Race)",41.1347517730496,37.7480505690601,"Wayne","Galen town","New York"
"3611728013",2018,"B17001B_ChildPov","Black (Non-Hispanic)",0,0,"Wayne","Galen town","New York"
"3611728013",2018,"B17001C_ChildPov","Native American (Non-Hispanic)",0,0,"Wayne","Galen town","New York"
"3611728013",2018,"B17001D_ChildPov","Asian (Non-Hispanic)",0,207.846096908265,"Wayne","Galen town","New York"
"3611728013",2018,"B17001E_ChildPov","Pacific Islander (Non-Hispanic)",0,0,"Wayne","Galen town","New York"
"3611728013",2018,"B17001F_ChildPov","Other (Non-Hispanic)",0,0,"Wayne","Galen town","New York"
"3611728013",2018,"B17001G_ChildPov","Two or More Races (Non-Hispanic)",20.8333333333333,83.4803661648149,"Wayne","Galen town","New York"
"3611728013",2018,"B17001H_ChildPov","White (Non-Hispanic)",8.95381715362865,5.89941348044178,"Wayne","Galen town","New York"
"3611728013",2018,"B17001I_ChildPov","Hispanic or Latino (Any Race)",47.5806451612903,43.621333172177,"Wayne","Galen town","New York"
"3611728013",2019,"B17001B_ChildPov","Black (Non-Hispanic)",0,0,"Wayne","Galen town","New York"
"3611728013",2019,"B17001C_ChildPov","Native American (Non-Hispanic)",0,1385.6406460551,"Wayne","Galen town","New York"
"3611728013",2019,"B17001D_ChildPov","Asian (Non-Hispanic)",0,0,"Wayne","Galen town","New York"
"3611728013",2019,"B17001E_ChildPov","Pacific Islander (Non-Hispanic)",0,0,"Wayne","Galen town","New York"
"3611728013",2019,"B17001F_ChildPov","Other (Non-Hispanic)",0,831.384387633061,"Wayne","Galen town","New York"
"3611728013",2019,"B17001G_ChildPov","Two or More Races (Non-Hispanic)",30.5555555555556,107.461106999714,"Wayne","Galen town","New York"
"3611728013",2019,"B17001H_ChildPov","White (Non-Hispanic)",4.11361410381978,4.9003867264377,"Wayne","Galen town","New York"
"3611728013",2019,"B17001I_ChildPov","Hispanic or Latino (Any Race)",53.781512605042,52.1077373813408,"Wayne","Galen town","New York"
"3611728013",2020,"B17001B_ChildPov","Black (Non-Hispanic)",0,0,"Wayne","Galen town","New York"
"3611728013",2020,"B17001C_ChildPov","Native American (Non-Hispanic)",0,1385.6406460551,"Wayne","Galen town","New York"
"3611728013",2020,"B17001D_ChildPov","Asian (Non-Hispanic)",0,0,"Wayne","Galen town","New York"
"3611728013",2020,"B17001E_ChildPov","Pacific Islander (Non-Hispanic)",0,0,"Wayne","Galen town","New York"
"3611728013",2020,"B17001F_ChildPov","Other (Non-Hispanic)",0,831.384387633061,"Wayne","Galen town","New York"
"3611728013",2020,"B17001G_ChildPov","Two or More Races (Non-Hispanic)",21.7391304347826,168.471201701641,"Wayne","Galen town","New York"
"3611728013",2020,"B17001H_ChildPov","White (Non-Hispanic)",20.1565557729941,13.1388302072243,"Wayne","Galen town","New York"
"3611728013",2020,"B17001I_ChildPov","Hispanic or Latino (Any Race)",46.1538461538462,110.992889812276,"Wayne","Galen town","New York"
"3611728013",2021,"B17001B_ChildPov","Black (Non-Hispanic)",0,0,"Wayne","Galen town","New York"
"3611728013",2021,"B17001C_ChildPov","Native American (Non-Hispanic)",0,1125.83302491977,"Wayne","Galen town","New York"
"3611728013",2021,"B17001D_ChildPov","Asian (Non-Hispanic)",0,0,"Wayne","Galen town","New York"
"3611728013",2021,"B17001E_ChildPov","Pacific Islander (Non-Hispanic)",0,0,"Wayne","Galen town","New York"
"3611728013",2021,"B17001F_ChildPov","Other (Non-Hispanic)",0,1125.83302491977,"Wayne","Galen town","New York"
"3611728013",2021,"B17001G_ChildPov","Two or More Races (Non-Hispanic)",10.5263157894737,76.1087018836376,"Wayne","Galen town","New York"
"3611728013",2021,"B17001H_ChildPov","White (Non-Hispanic)",22.4530168150346,14.3364940406275,"Wayne","Galen town","New York"
"3611728013",2021,"B17001I_ChildPov","Hispanic or Latino (Any Race)",0,1125.83302491977,"Wayne","Galen town","New York"
"3611728013",2022,"B17001B_ChildPov","Black (Non-Hispanic)",0,0,"Wayne","Galen town","New York"
"3611728013",2022,"B17001C_ChildPov","Native American (Non-Hispanic)",0,1125.83302491977,"Wayne","Galen town","New York"
"3611728013",2022,"B17001D_ChildPov","Asian (Non-Hispanic)",0,0,"Wayne","Galen town","New York"
"3611728013",2022,"B17001E_ChildPov","Pacific Islander (Non-Hispanic)",0,0,"Wayne","Galen town","New York"
"3611728013",2022,"B17001F_ChildPov","Other (Non-Hispanic)",0,750.555349946513,"Wayne","Galen town","New York"
"3611728013",2022,"B17001G_ChildPov","Two or More Races (Non-Hispanic)",0,132.450944108208,"Wayne","Galen town","New York"
"3611728013",2022,"B17001H_ChildPov","White (Non-Hispanic)",18.5253456221198,12.795967406658,"Wayne","Galen town","New York"
"3611728013",2022,"B17001I_ChildPov","Hispanic or Latino (Any Race)",0,750.555349946513,"Wayne","Galen town","New York"
"3611728013",2023,"B17001B_ChildPov","Black (Non-Hispanic)",0,0,"Wayne","Galen town","New York"
"3611728013",2023,"B17001C_ChildPov","Native American (Non-Hispanic)",0,1501.11069989303,"Wayne","Galen town","New York"
"3611728013",2023,"B17001D_ChildPov","Asian (Non-Hispanic)",0,0,"Wayne","Galen town","New York"
"3611728013",2023,"B17001E_ChildPov","Pacific Islander (Non-Hispanic)",0,0,"Wayne","Galen town","New York"
"3611728013",2023,"B17001F_ChildPov","Other (Non-Hispanic)",58.3333333333333,215.230729625926,"Wayne","Galen town","New York"
"3611728013",2023,"B17001G_ChildPov","Two or More Races (Non-Hispanic)",54.6296296296296,59.1307429642669,"Wayne","Galen town","New York"
"3611728013",2023,"B17001H_ChildPov","White (Non-Hispanic)",17.6100628930818,11.7524823872772,"Wayne","Galen town","New York"
"3611728013",2023,"B17001I_ChildPov","Hispanic or Latino (Any Race)",0,900.666419935816,"Wayne","Galen town","New York"
"3611728013",2024,"B17001B_ChildPov","Black (Non-Hispanic)",0,0,"Wayne","Galen town","New York"
"3611728013",2024,"B17001C_ChildPov","Native American (Non-Hispanic)",0,0,"Wayne","Galen town","New York"
"3611728013",2024,"B17001D_ChildPov","Asian (Non-Hispanic)",0,0,"Wayne","Galen town","New York"
"3611728013",2024,"B17001E_ChildPov","Pacific Islander (Non-Hispanic)",0,0,"Wayne","Galen town","New York"
"3611728013",2024,"B17001F_ChildPov","Other (Non-Hispanic)",100,929.755045398757,"Wayne","Galen town","New York"
"3611728013",2024,"B17001G_ChildPov","Two or More Races (Non-Hispanic)",57.1428571428571,62.2215004954614,"Wayne","Galen town","New York"
"3611728013",2024,"B17001H_ChildPov","White (Non-Hispanic)",20.3296703296703,12.5974221905572,"Wayne","Galen town","New York"
"3611728013",2024,"B17001I_ChildPov","Hispanic or Latino (Any Race)",0,0,"Wayne","Galen town","New York"
"3611737165",2017,"B17001B_ChildPov","Black (Non-Hispanic)",100,192.732143173747,"Wayne","Huron town","New York"
"3611737165",2017,"B17001C_ChildPov","Native American (Non-Hispanic)",0,0,"Wayne","Huron town","New York"
"3611737165",2017,"B17001D_ChildPov","Asian (Non-Hispanic)",0,0,"Wayne","Huron town","New York"
"3611737165",2017,"B17001E_ChildPov","Pacific Islander (Non-Hispanic)",0,0,"Wayne","Huron town","New York"
"3611737165",2017,"B17001F_ChildPov","Other (Non-Hispanic)",0,0,"Wayne","Huron town","New York"
"3611737165",2017,"B17001G_ChildPov","Two or More Races (Non-Hispanic)",41.6666666666667,257.590217025817,"Wayne","Huron town","New York"
"3611737165",2017,"B17001H_ChildPov","White (Non-Hispanic)",9.375,14.1599400659317,"Wayne","Huron town","New York"
"3611737165",2017,"B17001I_ChildPov","Hispanic or Latino (Any Race)",0,64.5849453669751,"Wayne","Huron town","New York"
"3611737165",2018,"B17001B_ChildPov","Black (Non-Hispanic)",100,272.647638342747,"Wayne","Huron town","New York"
"3611737165",2018,"B17001C_ChildPov","Native American (Non-Hispanic)",0,0,"Wayne","Huron town","New York"
"3611737165",2018,"B17001D_ChildPov","Asian (Non-Hispanic)",0,0,"Wayne","Huron town","New York"
"3611737165",2018,"B17001E_ChildPov","Pacific Islander (Non-Hispanic)",0,0,"Wayne","Huron town","New York"
"3611737165",2018,"B17001F_ChildPov","Other (Non-Hispanic)",0,0,"Wayne","Huron town","New York"
"3611737165",2018,"B17001G_ChildPov","Two or More Races (Non-Hispanic)",0,692.820323027551,"Wayne","Huron town","New York"
"3611737165",2018,"B17001H_ChildPov","White (Non-Hispanic)",5.81818181818182,15.8091764516013,"Wayne","Huron town","New York"
"3611737165",2018,"B17001I_ChildPov","Hispanic or Latino (Any Race)",0,92.3760430703401,"Wayne","Huron town","New York"
"3611737165",2019,"B17001B_ChildPov","Black (Non-Hispanic)",100,179.070141850838,"Wayne","Huron town","New York"
"3611737165",2019,"B17001C_ChildPov","Native American (Non-Hispanic)",0,0,"Wayne","Huron town","New York"
"3611737165",2019,"B17001D_ChildPov","Asian (Non-Hispanic)",0,0,"Wayne","Huron town","New York"
"3611737165",2019,"B17001E_ChildPov","Pacific Islander (Non-Hispanic)",0,0,"Wayne","Huron town","New York"
"3611737165",2019,"B17001F_ChildPov","Other (Non-Hispanic)",0,0,"Wayne","Huron town","New York"
"3611737165",2019,"B17001G_ChildPov","Two or More Races (Non-Hispanic)",0,1039.23048454133,"Wayne","Huron town","New York"
"3611737165",2019,"B17001H_ChildPov","White (Non-Hispanic)",6.93877551020408,17.414301886773,"Wayne","Huron town","New York"
"3611737165",2019,"B17001I_ChildPov","Hispanic or Latino (Any Race)",0,92.3760430703401,"Wayne","Huron town","New York"
"3611737165",2020,"B17001B_ChildPov","Black (Non-Hispanic)",0,0,"Wayne","Huron town","New York"
"3611737165",2020,"B17001C_ChildPov","Native American (Non-Hispanic)",0,0,"Wayne","Huron town","New York"
"3611737165",2020,"B17001D_ChildPov","Asian (Non-Hispanic)",0,0,"Wayne","Huron town","New York"
"3611737165",2020,"B17001E_ChildPov","Pacific Islander (Non-Hispanic)",0,0,"Wayne","Huron town","New York"
"3611737165",2020,"B17001F_ChildPov","Other (Non-Hispanic)",0,0,"Wayne","Huron town","New York"
"3611737165",2020,"B17001G_ChildPov","Two or More Races (Non-Hispanic)",0,519.615242270663,"Wayne","Huron town","New York"
"3611737165",2020,"B17001H_ChildPov","White (Non-Hispanic)",23.4972677595628,21.3376450624372,"Wayne","Huron town","New York"
"3611737165",2020,"B17001I_ChildPov","Hispanic or Latino (Any Race)",0,4156.92193816531,"Wayne","Huron town","New York"
"3611737165",2021,"B17001B_ChildPov","Black (Non-Hispanic)",0,0,"Wayne","Huron town","New York"
"3611737165",2021,"B17001C_ChildPov","Native American (Non-Hispanic)",0,0,"Wayne","Huron town","New York"
"3611737165",2021,"B17001D_ChildPov","Asian (Non-Hispanic)",0,0,"Wayne","Huron town","New York"
"3611737165",2021,"B17001E_ChildPov","Pacific Islander (Non-Hispanic)",0,0,"Wayne","Huron town","New York"
"3611737165",2021,"B17001F_ChildPov","Other (Non-Hispanic)",0,0,"Wayne","Huron town","New York"
"3611737165",2021,"B17001G_ChildPov","Two or More Races (Non-Hispanic)",92.5,208.398281542819,"Wayne","Huron town","New York"
"3611737165",2021,"B17001H_ChildPov","White (Non-Hispanic)",20.6806282722513,19.3268551681828,"Wayne","Huron town","New York"
"3611737165",2021,"B17001I_ChildPov","Hispanic or Latino (Any Race)",92.5,208.398281542819,"Wayne","Huron town","New York"
"3611737165",2022,"B17001B_ChildPov","Black (Non-Hispanic)",0,0,"Wayne","Huron town","New York"
"3611737165",2022,"B17001C_ChildPov","Native American (Non-Hispanic)",0,0,"Wayne","Huron town","New York"
"3611737165",2022,"B17001D_ChildPov","Asian (Non-Hispanic)",0,0,"Wayne","Huron town","New York"
"3611737165",2022,"B17001E_ChildPov","Pacific Islander (Non-Hispanic)",0,0,"Wayne","Huron town","New York"
"3611737165",2022,"B17001F_ChildPov","Other (Non-Hispanic)",0,0,"Wayne","Huron town","New York"
"3611737165",2022,"B17001G_ChildPov","Two or More Races (Non-Hispanic)",89.1304347826087,184.790476966869,"Wayne","Huron town","New York"
"3611737165",2022,"B17001H_ChildPov","White (Non-Hispanic)",19.9530516431925,17.6994428423709,"Wayne","Huron town","New York"
"3611737165",2022,"B17001I_ChildPov","Hispanic or Latino (Any Race)",89.1304347826087,184.790476966869,"Wayne","Huron town","New York"
"3611737165",2023,"B17001B_ChildPov","Black (Non-Hispanic)",0,0,"Wayne","Huron town","New York"
"3611737165",2023,"B17001C_ChildPov","Native American (Non-Hispanic)",0,0,"Wayne","Huron town","New York"
"3611737165",2023,"B17001D_ChildPov","Asian (Non-Hispanic)",0,0,"Wayne","Huron town","New York"
"3611737165",2023,"B17001E_ChildPov","Pacific Islander (Non-Hispanic)",0,0,"Wayne","Huron town","New York"
"3611737165",2023,"B17001F_ChildPov","Other (Non-Hispanic)",0,900.666419935816,"Wayne","Huron town","New York"
"3611737165",2023,"B17001G_ChildPov","Two or More Races (Non-Hispanic)",70.3703703703704,43.4013329790518,"Wayne","Huron town","New York"
"3611737165",2023,"B17001H_ChildPov","White (Non-Hispanic)",16.7064439140811,18.7344136031592,"Wayne","Huron town","New York"
"3611737165",2023,"B17001I_ChildPov","Hispanic or Latino (Any Race)",64.4067796610169,51.0254667664076,"Wayne","Huron town","New York"
"3611737165",2024,"B17001B_ChildPov","Black (Non-Hispanic)",0,0,"Wayne","Huron town","New York"
"3611737165",2024,"B17001C_ChildPov","Native American (Non-Hispanic)",0,0,"Wayne","Huron town","New York"
"3611737165",2024,"B17001D_ChildPov","Asian (Non-Hispanic)",0,0,"Wayne","Huron town","New York"
"3611737165",2024,"B17001E_ChildPov","Pacific Islander (Non-Hispanic)",0,0,"Wayne","Huron town","New York"
"3611737165",2024,"B17001F_ChildPov","Other (Non-Hispanic)",0,606.217782649107,"Wayne","Huron town","New York"
"3611737165",2024,"B17001G_ChildPov","Two or More Races (Non-Hispanic)",84.9056603773585,167.329518031372,"Wayne","Huron town","New York"
"3611737165",2024,"B17001H_ChildPov","White (Non-Hispanic)",15.0649350649351,19.5524067066739,"Wayne","Huron town","New York"
"3611737165",2024,"B17001I_ChildPov","Hispanic or Latino (Any Race)",73.7704918032787,27.6449621872373,"Wayne","Huron town","New York"
"3611743973",2017,"B17001B_ChildPov","Black (Non-Hispanic)",34.6938775510204,55.334971948413,"Wayne","Lyons town","New York"
"3611743973",2017,"B17001C_ChildPov","Native American (Non-Hispanic)",0,0,"Wayne","Lyons town","New York"
"3611743973",2017,"B17001D_ChildPov","Asian (Non-Hispanic)",0,554.256258422041,"Wayne","Lyons town","New York"
"3611743973",2017,"B17001E_ChildPov","Pacific Islander (Non-Hispanic)",0,0,"Wayne","Lyons town","New York"
"3611743973",2017,"B17001F_ChildPov","Other (Non-Hispanic)",0,135.184453273668,"Wayne","Lyons town","New York"
"3611743973",2017,"B17001G_ChildPov","Two or More Races (Non-Hispanic)",80.2197802197802,107.065253614882,"Wayne","Lyons town","New York"
"3611743973",2017,"B17001H_ChildPov","White (Non-Hispanic)",25.934861278649,16.5070679310841,"Wayne","Lyons town","New York"
"3611743973",2017,"B17001I_ChildPov","Hispanic or Latino (Any Race)",0,100.773865167644,"Wayne","Lyons town","New York"
"3611743973",2018,"B17001B_ChildPov","Black (Non-Hispanic)",34.0277777777778,47.6438697330729,"Wayne","Lyons town","New York"
"3611743973",2018,"B17001C_ChildPov","Native American (Non-Hispanic)",0,0,"Wayne","Lyons town","New York"
"3611743973",2018,"B17001D_ChildPov","Asian (Non-Hispanic)",0,736.121593216773,"Wayne","Lyons town","New York"
"3611743973",2018,"B17001E_ChildPov","Pacific Islander (Non-Hispanic)",0,0,"Wayne","Lyons town","New York"
"3611743973",2018,"B17001F_ChildPov","Other (Non-Hispanic)",0,0,"Wayne","Lyons town","New York"
"3611743973",2018,"B17001G_ChildPov","Two or More Races (Non-Hispanic)",79.6296296296296,93.331817731473,"Wayne","Lyons town","New York"
"3611743973",2018,"B17001H_ChildPov","White (Non-Hispanic)",14.3292682926829,12.0794179409913,"Wayne","Lyons town","New York"
"3611743973",2018,"B17001I_ChildPov","Hispanic or Latino (Any Race)",0,490.747728811182,"Wayne","Lyons town","New York"
"3611743973",2019,"B17001B_ChildPov","Black (Non-Hispanic)",49.5495495495495,67.7225948398989,"Wayne","Lyons town","New York"
"3611743973",2019,"B17001C_ChildPov","Native American (Non-Hispanic)",0,0,"Wayne","Lyons town","New York"
"3611743973",2019,"B17001D_ChildPov","Asian (Non-Hispanic)",0,392.598183048946,"Wayne","Lyons town","New York"
"3611743973",2019,"B17001E_ChildPov","Pacific Islander (Non-Hispanic)",0,0,"Wayne","Lyons town","New York"
"3611743973",2019,"B17001F_ChildPov","Other (Non-Hispanic)",0,0,"Wayne","Lyons town","New York"
"3611743973",2019,"B17001G_ChildPov","Two or More Races (Non-Hispanic)",84.8684210526316,82.9980016964615,"Wayne","Lyons town","New York"
"3611743973",2019,"B17001H_ChildPov","White (Non-Hispanic)",23.6764705882353,15.2865942501418,"Wayne","Lyons town","New York"
"3611743973",2019,"B17001I_ChildPov","Hispanic or Latino (Any Race)",0,0,"Wayne","Lyons town","New York"
"3611743973",2020,"B17001B_ChildPov","Black (Non-Hispanic)",38.8888888888889,71.6764755465585,"Wayne","Lyons town","New York"
"3611743973",2020,"B17001C_ChildPov","Native American (Non-Hispanic)",0,0,"Wayne","Lyons town","New York"
"3611743973",2020,"B17001D_ChildPov","Asian (Non-Hispanic)",0,0,"Wayne","Lyons town","New York"
"3611743973",2020,"B17001E_ChildPov","Pacific Islander (Non-Hispanic)",0,0,"Wayne","Lyons town","New York"
"3611743973",2020,"B17001F_ChildPov","Other (Non-Hispanic)",0,0,"Wayne","Lyons town","New York"
"3611743973",2020,"B17001G_ChildPov","Two or More Races (Non-Hispanic)",70.2127659574468,66.508810231696,"Wayne","Lyons town","New York"
"3611743973",2020,"B17001H_ChildPov","White (Non-Hispanic)",10.4294478527607,6.92483126375077,"Wayne","Lyons town","New York"
"3611743973",2020,"B17001I_ChildPov","Hispanic or Latino (Any Race)",0,150.999301172671,"Wayne","Lyons town","New York"
"3611743973",2021,"B17001B_ChildPov","Black (Non-Hispanic)",34.6666666666667,84.2783601825625,"Wayne","Lyons town","New York"
"3611743973",2021,"B17001C_ChildPov","Native American (Non-Hispanic)",0,0,"Wayne","Lyons town","New York"
"3611743973",2021,"B17001D_ChildPov","Asian (Non-Hispanic)",0,0,"Wayne","Lyons town","New York"
"3611743973",2021,"B17001E_ChildPov","Pacific Islander (Non-Hispanic)",0,0,"Wayne","Lyons town","New York"
"3611743973",2021,"B17001F_ChildPov","Other (Non-Hispanic)",0,0,"Wayne","Lyons town","New York"
"3611743973",2021,"B17001G_ChildPov","Two or More Races (Non-Hispanic)",87.0748299319728,81.3522984147026,"Wayne","Lyons town","New York"
"3611743973",2021,"B17001H_ChildPov","White (Non-Hispanic)",17.7816901408451,7.79632756627936,"Wayne","Lyons town","New York"
"3611743973",2021,"B17001I_ChildPov","Hispanic or Latino (Any Race)",0,124.707658144959,"Wayne","Lyons town","New York"
"3611743973",2022,"B17001B_ChildPov","Black (Non-Hispanic)",0,0,"Wayne","Lyons town","New York"
"3611743973",2022,"B17001C_ChildPov","Native American (Non-Hispanic)",0,0,"Wayne","Lyons town","New York"
"3611743973",2022,"B17001D_ChildPov","Asian (Non-Hispanic)",0,0,"Wayne","Lyons town","New York"
"3611743973",2022,"B17001E_ChildPov","Pacific Islander (Non-Hispanic)",0,0,"Wayne","Lyons town","New York"
"3611743973",2022,"B17001F_ChildPov","Other (Non-Hispanic)",0,0,"Wayne","Lyons town","New York"
"3611743973",2022,"B17001G_ChildPov","Two or More Races (Non-Hispanic)",86.9918699186992,109.106117607565,"Wayne","Lyons town","New York"
"3611743973",2022,"B17001H_ChildPov","White (Non-Hispanic)",22.1318879855465,10.1061051971322,"Wayne","Lyons town","New York"
"3611743973",2022,"B17001I_ChildPov","Hispanic or Latino (Any Race)",0,124.184774882297,"Wayne","Lyons town","New York"
"3611743973",2023,"B17001B_ChildPov","Black (Non-Hispanic)",0,0,"Wayne","Lyons town","New York"
"3611743973",2023,"B17001C_ChildPov","Native American (Non-Hispanic)",0,0,"Wayne","Lyons town","New York"
"3611743973",2023,"B17001D_ChildPov","Asian (Non-Hispanic)",0,0,"Wayne","Lyons town","New York"
"3611743973",2023,"B17001E_ChildPov","Pacific Islander (Non-Hispanic)",0,0,"Wayne","Lyons town","New York"
"3611743973",2023,"B17001F_ChildPov","Other (Non-Hispanic)",0,0,"Wayne","Lyons town","New York"
"3611743973",2023,"B17001G_ChildPov","Two or More Races (Non-Hispanic)",47.7941176470588,37.9769881561018,"Wayne","Lyons town","New York"
"3611743973",2023,"B17001H_ChildPov","White (Non-Hispanic)",17.7631578947368,6.43187415192244,"Wayne","Lyons town","New York"
"3611743973",2023,"B17001I_ChildPov","Hispanic or Latino (Any Race)",0,74.7931030541106,"Wayne","Lyons town","New York"
"3611743973",2024,"B17001B_ChildPov","Black (Non-Hispanic)",0,0,"Wayne","Lyons town","New York"
"3611743973",2024,"B17001C_ChildPov","Native American (Non-Hispanic)",0,0,"Wayne","Lyons town","New York"
"3611743973",2024,"B17001D_ChildPov","Asian (Non-Hispanic)",0,0,"Wayne","Lyons town","New York"
"3611743973",2024,"B17001E_ChildPov","Pacific Islander (Non-Hispanic)",0,0,"Wayne","Lyons town","New York"
"3611743973",2024,"B17001F_ChildPov","Other (Non-Hispanic)",0,0,"Wayne","Lyons town","New York"
"3611743973",2024,"B17001G_ChildPov","Two or More Races (Non-Hispanic)",52.5862068965517,48.9230663000037,"Wayne","Lyons town","New York"
"3611743973",2024,"B17001H_ChildPov","White (Non-Hispanic)",15.7467532467532,6.60909510349319,"Wayne","Lyons town","New York"
"3611743973",2024,"B17001I_ChildPov","Hispanic or Latino (Any Race)",0,63.2864718150167,"Wayne","Lyons town","New York"
"3611744160",2017,"B17001B_ChildPov","Black (Non-Hispanic)",0,346.410161513775,"Wayne","Macedon town","New York"
"3611744160",2017,"B17001C_ChildPov","Native American (Non-Hispanic)",0,0,"Wayne","Macedon town","New York"
"3611744160",2017,"B17001D_ChildPov","Asian (Non-Hispanic)",0,0,"Wayne","Macedon town","New York"
"3611744160",2017,"B17001E_ChildPov","Pacific Islander (Non-Hispanic)",0,0,"Wayne","Macedon town","New York"
"3611744160",2017,"B17001F_ChildPov","Other (Non-Hispanic)",0,0,"Wayne","Macedon town","New York"
"3611744160",2017,"B17001G_ChildPov","Two or More Races (Non-Hispanic)",44.8979591836735,102.745343008268,"Wayne","Macedon town","New York"
"3611744160",2017,"B17001H_ChildPov","White (Non-Hispanic)",2.44173140954495,3.23723924790449,"Wayne","Macedon town","New York"
"3611744160",2017,"B17001I_ChildPov","Hispanic or Latino (Any Race)",0,52.2883262662303,"Wayne","Macedon town","New York"
"3611744160",2018,"B17001B_ChildPov","Black (Non-Hispanic)",0,346.410161513775,"Wayne","Macedon town","New York"
"3611744160",2018,"B17001C_ChildPov","Native American (Non-Hispanic)",0,0,"Wayne","Macedon town","New York"
"3611744160",2018,"B17001D_ChildPov","Asian (Non-Hispanic)",0,0,"Wayne","Macedon town","New York"
"3611744160",2018,"B17001E_ChildPov","Pacific Islander (Non-Hispanic)",0,0,"Wayne","Macedon town","New York"
"3611744160",2018,"B17001F_ChildPov","Other (Non-Hispanic)",0,0,"Wayne","Macedon town","New York"
"3611744160",2018,"B17001G_ChildPov","Two or More Races (Non-Hispanic)",0,588.897274573418,"Wayne","Macedon town","New York"
"3611744160",2018,"B17001H_ChildPov","White (Non-Hispanic)",2.89049471928849,3.74564763699607,"Wayne","Macedon town","New York"
"3611744160",2018,"B17001I_ChildPov","Hispanic or Latino (Any Race)",0,62.6486462312147,"Wayne","Macedon town","New York"
"3611744160",2019,"B17001B_ChildPov","Black (Non-Hispanic)",0,309.94593398601,"Wayne","Macedon town","New York"
"3611744160",2019,"B17001C_ChildPov","Native American (Non-Hispanic)",0,0,"Wayne","Macedon town","New York"
"3611744160",2019,"B17001D_ChildPov","Asian (Non-Hispanic)",70.6896551724138,37.0701693381599,"Wayne","Macedon town","New York"
"3611744160",2019,"B17001E_ChildPov","Pacific Islander (Non-Hispanic)",0,0,"Wayne","Macedon town","New York"
"3611744160",2019,"B17001F_ChildPov","Other (Non-Hispanic)",0,37.2719794033809,"Wayne","Macedon town","New York"
"3611744160",2019,"B17001G_ChildPov","Two or More Races (Non-Hispanic)",0,490.747728811182,"Wayne","Macedon town","New York"
"3611744160",2019,"B17001H_ChildPov","White (Non-Hispanic)",4.13752913752914,4.71531611324324,"Wayne","Macedon town","New York"
"3611744160",2019,"B17001I_ChildPov","Hispanic or Latino (Any Race)",0,35.6907439135405,"Wayne","Macedon town","New York"
"3611744160",2020,"B17001B_ChildPov","Black (Non-Hispanic)",0,490.747728811182,"Wayne","Macedon town","New York"
"3611744160",2020,"B17001C_ChildPov","Native American (Non-Hispanic)",0,0,"Wayne","Macedon town","New York"
"3611744160",2020,"B17001D_ChildPov","Asian (Non-Hispanic)",65.1162790697674,59.1238695296544,"Wayne","Macedon town","New York"
"3611744160",2020,"B17001E_ChildPov","Pacific Islander (Non-Hispanic)",0,0,"Wayne","Macedon town","New York"
"3611744160",2020,"B17001F_ChildPov","Other (Non-Hispanic)",0,30.1998602345343,"Wayne","Macedon town","New York"
"3611744160",2020,"B17001G_ChildPov","Two or More Races (Non-Hispanic)",0.925925925925926,52.2255153680359,"Wayne","Macedon town","New York"
"3611744160",2020,"B17001H_ChildPov","White (Non-Hispanic)",8.61275476660092,8.20158901425371,"Wayne","Macedon town","New York"
"3611744160",2020,"B17001I_ChildPov","Hispanic or Latino (Any Race)",0.411522633744856,23.2160538154854,"Wayne","Macedon town","New York"
"3611744160",2021,"B17001B_ChildPov","Black (Non-Hispanic)",0,389.711431702997,"Wayne","Macedon town","New York"
"3611744160",2021,"B17001C_ChildPov","Native American (Non-Hispanic)",0,0,"Wayne","Macedon town","New York"
"3611744160",2021,"B17001D_ChildPov","Asian (Non-Hispanic)",48.936170212766,93.0121067271636,"Wayne","Macedon town","New York"
"3611744160",2021,"B17001E_ChildPov","Pacific Islander (Non-Hispanic)",0,0,"Wayne","Macedon town","New York"
"3611744160",2021,"B17001F_ChildPov","Other (Non-Hispanic)",0,29.9778024386921,"Wayne","Macedon town","New York"
"3611744160",2021,"B17001G_ChildPov","Two or More Races (Non-Hispanic)",1.53846153846154,46.121373799023,"Wayne","Macedon town","New York"
"3611744160",2021,"B17001H_ChildPov","White (Non-Hispanic)",7.22291407222914,7.14077940586093,"Wayne","Macedon town","New York"
"3611744160",2021,"B17001I_ChildPov","Hispanic or Latino (Any Race)",0.78740157480315,23.6177576990637,"Wayne","Macedon town","New York"
"3611744160",2022,"B17001B_ChildPov","Black (Non-Hispanic)",0,0,"Wayne","Macedon town","New York"
"3611744160",2022,"B17001C_ChildPov","Native American (Non-Hispanic)",0,0,"Wayne","Macedon town","New York"
"3611744160",2022,"B17001D_ChildPov","Asian (Non-Hispanic)",43.6363636363636,91.0873923898754,"Wayne","Macedon town","New York"
"3611744160",2022,"B17001E_ChildPov","Pacific Islander (Non-Hispanic)",0,0,"Wayne","Macedon town","New York"
"3611744160",2022,"B17001F_ChildPov","Other (Non-Hispanic)",0,25.5108258479137,"Wayne","Macedon town","New York"
"3611744160",2022,"B17001G_ChildPov","Two or More Races (Non-Hispanic)",0.5,31.6478321729941,"Wayne","Macedon town","New York"
"3611744160",2022,"B17001H_ChildPov","White (Non-Hispanic)",9.74429854872149,8.18625556469941,"Wayne","Macedon town","New York"
"3611744160",2022,"B17001I_ChildPov","Hispanic or Latino (Any Race)",0.336700336700337,21.3126301726762,"Wayne","Macedon town","New York"
"3611744160",2023,"B17001B_ChildPov","Black (Non-Hispanic)",0,0,"Wayne","Macedon town","New York"
"3611744160",2023,"B17001C_ChildPov","Native American (Non-Hispanic)",0,0,"Wayne","Macedon town","New York"
"3611744160",2023,"B17001D_ChildPov","Asian (Non-Hispanic)",59.375,67.7301889993826,"Wayne","Macedon town","New York"
"3611744160",2023,"B17001E_ChildPov","Pacific Islander (Non-Hispanic)",0,0,"Wayne","Macedon town","New York"
"3611744160",2023,"B17001F_ChildPov","Other (Non-Hispanic)",0,36.9763655548412,"Wayne","Macedon town","New York"
"3611744160",2023,"B17001G_ChildPov","Two or More Races (Non-Hispanic)",0.836820083682008,26.4784562706264,"Wayne","Macedon town","New York"
"3611744160",2023,"B17001H_ChildPov","White (Non-Hispanic)",21.7813765182186,12.7004385426846,"Wayne","Macedon town","New York"
"3611744160",2023,"B17001I_ChildPov","Hispanic or Latino (Any Race)",0.900900900900901,28.5080086328917,"Wayne","Macedon town","New York"
"3611744160",2024,"B17001B_ChildPov","Black (Non-Hispanic)",0,0,"Wayne","Macedon town","New York"
"3611744160",2024,"B17001C_ChildPov","Native American (Non-Hispanic)",0,0,"Wayne","Macedon town","New York"
"3611744160",2024,"B17001D_ChildPov","Asian (Non-Hispanic)",0,0,"Wayne","Macedon town","New York"
"3611744160",2024,"B17001E_ChildPov","Pacific Islander (Non-Hispanic)",0,0,"Wayne","Macedon town","New York"
"3611744160",2024,"B17001F_ChildPov","Other (Non-Hispanic)",0,0,"Wayne","Macedon town","New York"
"3611744160",2024,"B17001G_ChildPov","Two or More Races (Non-Hispanic)",0.638977635782748,20.2519642585459,"Wayne","Macedon town","New York"
"3611744160",2024,"B17001H_ChildPov","White (Non-Hispanic)",19.843137254902,11.4645131201576,"Wayne","Macedon town","New York"
"3611744160",2024,"B17001I_ChildPov","Hispanic or Latino (Any Race)",4.54545454545455,143.64163284803,"Wayne","Macedon town","New York"
"3611745645",2017,"B17001B_ChildPov","Black (Non-Hispanic)",0,544.358825235933,"Wayne","Marion town","New York"
"3611745645",2017,"B17001C_ChildPov","Native American (Non-Hispanic)",0,0,"Wayne","Marion town","New York"
"3611745645",2017,"B17001D_ChildPov","Asian (Non-Hispanic)",0,0,"Wayne","Marion town","New York"
"3611745645",2017,"B17001E_ChildPov","Pacific Islander (Non-Hispanic)",0,0,"Wayne","Marion town","New York"
"3611745645",2017,"B17001F_ChildPov","Other (Non-Hispanic)",0,0,"Wayne","Marion town","New York"
"3611745645",2017,"B17001G_ChildPov","Two or More Races (Non-Hispanic)",0,81.0747186521602,"Wayne","Marion town","New York"
"3611745645",2017,"B17001H_ChildPov","White (Non-Hispanic)",7.5492341356674,6.09404743708769,"Wayne","Marion town","New York"
"3611745645",2017,"B17001I_ChildPov","Hispanic or Latino (Any Race)",0,112.073875783869,"Wayne","Marion town","New York"
"3611745645",2018,"B17001B_ChildPov","Black (Non-Hispanic)",0,166.276877526612,"Wayne","Marion town","New York"
"3611745645",2018,"B17001C_ChildPov","Native American (Non-Hispanic)",0,0,"Wayne","Marion town","New York"
"3611745645",2018,"B17001D_ChildPov","Asian (Non-Hispanic)",0,0,"Wayne","Marion town","New York"
"3611745645",2018,"B17001E_ChildPov","Pacific Islander (Non-Hispanic)",0,0,"Wayne","Marion town","New York"
"3611745645",2018,"B17001F_ChildPov","Other (Non-Hispanic)",0,0,"Wayne","Marion town","New York"
"3611745645",2018,"B17001G_ChildPov","Two or More Races (Non-Hispanic)",21.8390804597701,45.3133599384691,"Wayne","Marion town","New York"
"3611745645",2018,"B17001H_ChildPov","White (Non-Hispanic)",6.56167979002625,8.16987080260962,"Wayne","Marion town","New York"
"3611745645",2018,"B17001I_ChildPov","Hispanic or Latino (Any Race)",0,70.4563040367001,"Wayne","Marion town","New York"
"3611745645",2019,"B17001B_ChildPov","Black (Non-Hispanic)",0,244.524819892077,"Wayne","Marion town","New York"
"3611745645",2019,"B17001C_ChildPov","Native American (Non-Hispanic)",0,0,"Wayne","Marion town","New York"
"3611745645",2019,"B17001D_ChildPov","Asian (Non-Hispanic)",0,0,"Wayne","Marion town","New York"
"3611745645",2019,"B17001E_ChildPov","Pacific Islander (Non-Hispanic)",0,0,"Wayne","Marion town","New York"
"3611745645",2019,"B17001F_ChildPov","Other (Non-Hispanic)",0,0,"Wayne","Marion town","New York"
"3611745645",2019,"B17001G_ChildPov","Two or More Races (Non-Hispanic)",25.2747252747253,43.4940157092297,"Wayne","Marion town","New York"
"3611745645",2019,"B17001H_ChildPov","White (Non-Hispanic)",17.6470588235294,15.0387277396768,"Wayne","Marion town","New York"
"3611745645",2019,"B17001I_ChildPov","Hispanic or Latino (Any Race)",0,61.1312049730192,"Wayne","Marion town","New York"
"3611745645",2020,"B17001B_ChildPov","Black (Non-Hispanic)",0,244.524819892077,"Wayne","Marion town","New York"
"3611745645",2020,"B17001C_ChildPov","Native American (Non-Hispanic)",0,0,"Wayne","Marion town","New York"
"3611745645",2020,"B17001D_ChildPov","Asian (Non-Hispanic)",0,0,"Wayne","Marion town","New York"
"3611745645",2020,"B17001E_ChildPov","Pacific Islander (Non-Hispanic)",0,0,"Wayne","Marion town","New York"
"3611745645",2020,"B17001F_ChildPov","Other (Non-Hispanic)",0,0,"Wayne","Marion town","New York"
"3611745645",2020,"B17001G_ChildPov","Two or More Races (Non-Hispanic)",29.6296296296296,49.3204403342567,"Wayne","Marion town","New York"
"3611745645",2020,"B17001H_ChildPov","White (Non-Hispanic)",15.311004784689,14.1504556756127,"Wayne","Marion town","New York"
"3611745645",2020,"B17001I_ChildPov","Hispanic or Latino (Any Race)",0,86.6025403784439,"Wayne","Marion town","New York"
"3611745645",2021,"B17001B_ChildPov","Black (Non-Hispanic)",0,281.458256229943,"Wayne","Marion town","New York"
"3611745645",2021,"B17001C_ChildPov","Native American (Non-Hispanic)",0,0,"Wayne","Marion town","New York"
"3611745645",2021,"B17001D_ChildPov","Asian (Non-Hispanic)",0,0,"Wayne","Marion town","New York"
"3611745645",2021,"B17001E_ChildPov","Pacific Islander (Non-Hispanic)",0,0,"Wayne","Marion town","New York"
"3611745645",2021,"B17001F_ChildPov","Other (Non-Hispanic)",0,409.393827243553,"Wayne","Marion town","New York"
"3611745645",2021,"B17001G_ChildPov","Two or More Races (Non-Hispanic)",50,68.0589937276399,"Wayne","Marion town","New York"
"3611745645",2021,"B17001H_ChildPov","White (Non-Hispanic)",18.0141843971631,15.5952015898215,"Wayne","Marion town","New York"
"3611745645",2021,"B17001I_ChildPov","Hispanic or Latino (Any Race)",0,195.797047812134,"Wayne","Marion town","New York"
"3611745645",2022,"B17001B_ChildPov","Black (Non-Hispanic)",0,264.901888216417,"Wayne","Marion town","New York"
"3611745645",2022,"B17001C_ChildPov","Native American (Non-Hispanic)",0,0,"Wayne","Marion town","New York"
"3611745645",2022,"B17001D_ChildPov","Asian (Non-Hispanic)",0,0,"Wayne","Marion town","New York"
"3611745645",2022,"B17001E_ChildPov","Pacific Islander (Non-Hispanic)",0,0,"Wayne","Marion town","New York"
"3611745645",2022,"B17001F_ChildPov","Other (Non-Hispanic)",0,375.277674973257,"Wayne","Marion town","New York"
"3611745645",2022,"B17001G_ChildPov","Two or More Races (Non-Hispanic)",37.5,67.8457609110322,"Wayne","Marion town","New York"
"3611745645",2022,"B17001H_ChildPov","White (Non-Hispanic)",11.4329268292683,12.9863116282786,"Wayne","Marion town","New York"
"3611745645",2022,"B17001I_ChildPov","Hispanic or Latino (Any Race)",0,214.444385699004,"Wayne","Marion town","New York"
"3611745645",2023,"B17001B_ChildPov","Black (Non-Hispanic)",0,0,"Wayne","Marion town","New York"
"3611745645",2023,"B17001C_ChildPov","Native American (Non-Hispanic)",0,0,"Wayne","Marion town","New York"
"3611745645",2023,"B17001D_ChildPov","Asian (Non-Hispanic)",0,0,"Wayne","Marion town","New York"
"3611745645",2023,"B17001E_ChildPov","Pacific Islander (Non-Hispanic)",0,0,"Wayne","Marion town","New York"
"3611745645",2023,"B17001F_ChildPov","Other (Non-Hispanic)",0,225.166604983954,"Wayne","Marion town","New York"
"3611745645",2023,"B17001G_ChildPov","Two or More Races (Non-Hispanic)",0,0,"Wayne","Marion town","New York"
"3611745645",2023,"B17001H_ChildPov","White (Non-Hispanic)",15.4811715481172,13.6720261832894,"Wayne","Marion town","New York"
"3611745645",2023,"B17001I_ChildPov","Hispanic or Latino (Any Race)",0,150.111069989303,"Wayne","Marion town","New York"
"3611745645",2024,"B17001B_ChildPov","Black (Non-Hispanic)",0,0,"Wayne","Marion town","New York"
"3611745645",2024,"B17001C_ChildPov","Native American (Non-Hispanic)",0,0,"Wayne","Marion town","New York"
"3611745645",2024,"B17001D_ChildPov","Asian (Non-Hispanic)",0,0,"Wayne","Marion town","New York"
"3611745645",2024,"B17001E_ChildPov","Pacific Islander (Non-Hispanic)",0,0,"Wayne","Marion town","New York"
"3611745645",2024,"B17001F_ChildPov","Other (Non-Hispanic)",0,161.658075373095,"Wayne","Marion town","New York"
"3611745645",2024,"B17001G_ChildPov","Two or More Races (Non-Hispanic)",0,0,"Wayne","Marion town","New York"
"3611745645",2024,"B17001H_ChildPov","White (Non-Hispanic)",2.10526315789474,7.6413863157547,"Wayne","Marion town","New York"
"3611745645",2024,"B17001I_ChildPov","Hispanic or Latino (Any Race)",0,161.658075373095,"Wayne","Marion town","New York"
"3611755013",2017,"B17001B_ChildPov","Black (Non-Hispanic)",0,77.9422863405995,"Wayne","Ontario town","New York"
"3611755013",2017,"B17001C_ChildPov","Native American (Non-Hispanic)",0,0,"Wayne","Ontario town","New York"
"3611755013",2017,"B17001D_ChildPov","Asian (Non-Hispanic)",0,127.252712392815,"Wayne","Ontario town","New York"
"3611755013",2017,"B17001E_ChildPov","Pacific Islander (Non-Hispanic)",0,0,"Wayne","Ontario town","New York"
"3611755013",2017,"B17001F_ChildPov","Other (Non-Hispanic)",0,479.644839019074,"Wayne","Ontario town","New York"
"3611755013",2017,"B17001G_ChildPov","Two or More Races (Non-Hispanic)",0,71.6710678994018,"Wayne","Ontario town","New York"
"3611755013",2017,"B17001H_ChildPov","White (Non-Hispanic)",3.53565114908662,4.00189265326292,"Wayne","Ontario town","New York"
"3611755013",2017,"B17001I_ChildPov","Hispanic or Latino (Any Race)",0,239.822419509537,"Wayne","Ontario town","New York"
"3611755013",2018,"B17001B_ChildPov","Black (Non-Hispanic)",0,173.205080756888,"Wayne","Ontario town","New York"
"3611755013",2018,"B17001C_ChildPov","Native American (Non-Hispanic)",0,0,"Wayne","Ontario town","New York"
"3611755013",2018,"B17001D_ChildPov","Asian (Non-Hispanic)",0,156.709358780041,"Wayne","Ontario town","New York"
"3611755013",2018,"B17001E_ChildPov","Pacific Islander (Non-Hispanic)",0,0,"Wayne","Ontario town","New York"
"3611755013",2018,"B17001F_ChildPov","Other (Non-Hispanic)",0,470.128076340124,"Wayne","Ontario town","New York"
"3611755013",2018,"B17001G_ChildPov","Two or More Races (Non-Hispanic)",0,41.6569181567198,"Wayne","Ontario town","New York"
"3611755013",2018,"B17001H_ChildPov","White (Non-Hispanic)",5.83140877598152,4.37145489275521,"Wayne","Ontario town","New York"
"3611755013",2018,"B17001I_ChildPov","Hispanic or Latino (Any Race)",0,243.770113657842,"Wayne","Ontario town","New York"
"3611755013",2019,"B17001B_ChildPov","Black (Non-Hispanic)",0,173.205080756888,"Wayne","Ontario town","New York"
"3611755013",2019,"B17001C_ChildPov","Native American (Non-Hispanic)",0,0,"Wayne","Ontario town","New York"
"3611755013",2019,"B17001D_ChildPov","Asian (Non-Hispanic)",0,199.448274810962,"Wayne","Ontario town","New York"
"3611755013",2019,"B17001E_ChildPov","Pacific Islander (Non-Hispanic)",0,0,"Wayne","Ontario town","New York"
"3611755013",2019,"B17001F_ChildPov","Other (Non-Hispanic)",0,313.418717560083,"Wayne","Ontario town","New York"
"3611755013",2019,"B17001G_ChildPov","Two or More Races (Non-Hispanic)",0,63.2864718150167,"Wayne","Ontario town","New York"
"3611755013",2019,"B17001H_ChildPov","White (Non-Hispanic)",12.9580456718003,7.25553286312115,"Wayne","Ontario town","New York"
"3611755013",2019,"B17001I_ChildPov","Hispanic or Latino (Any Race)",0,109.696551146029,"Wayne","Ontario town","New York"
"3611755013",2020,"B17001B_ChildPov","Black (Non-Hispanic)",0,0,"Wayne","Ontario town","New York"
"3611755013",2020,"B17001C_ChildPov","Native American (Non-Hispanic)",0,0,"Wayne","Ontario town","New York"
"3611755013",2020,"B17001D_ChildPov","Asian (Non-Hispanic)",0,1316.35861375235,"Wayne","Ontario town","New York"
"3611755013",2020,"B17001E_ChildPov","Pacific Islander (Non-Hispanic)",0,0,"Wayne","Ontario town","New York"
"3611755013",2020,"B17001F_ChildPov","Other (Non-Hispanic)",0,274.241377865072,"Wayne","Ontario town","New York"
"3611755013",2020,"B17001G_ChildPov","Two or More Races (Non-Hispanic)",1.97368421052632,21.2147916795037,"Wayne","Ontario town","New York"
"3611755013",2020,"B17001H_ChildPov","White (Non-Hispanic)",15.9978598180845,7.83116135582458,"Wayne","Ontario town","New York"
"3611755013",2020,"B17001I_ChildPov","Hispanic or Latino (Any Race)",0,107.898247028881,"Wayne","Ontario town","New York"
"3611755013",2021,"B17001B_ChildPov","Black (Non-Hispanic)",0,0,"Wayne","Ontario town","New York"
"3611755013",2021,"B17001C_ChildPov","Native American (Non-Hispanic)",0,0,"Wayne","Ontario town","New York"
"3611755013",2021,"B17001D_ChildPov","Asian (Non-Hispanic)",0,692.820323027551,"Wayne","Ontario town","New York"
"3611755013",2021,"B17001E_ChildPov","Pacific Islander (Non-Hispanic)",0,0,"Wayne","Ontario town","New York"
"3611755013",2021,"B17001F_ChildPov","Other (Non-Hispanic)",0,209.945552432591,"Wayne","Ontario town","New York"
"3611755013",2021,"B17001G_ChildPov","Two or More Races (Non-Hispanic)",1.98019801980198,22.2927869005228,"Wayne","Ontario town","New York"
"3611755013",2021,"B17001H_ChildPov","White (Non-Hispanic)",16.1179361179361,7.9679780174933,"Wayne","Ontario town","New York"
"3611755013",2021,"B17001I_ChildPov","Hispanic or Latino (Any Race)",0,88.8231183368655,"Wayne","Ontario town","New York"
"3611755013",2022,"B17001B_ChildPov","Black (Non-Hispanic)",0,0,"Wayne","Ontario town","New York"
"3611755013",2022,"B17001C_ChildPov","Native American (Non-Hispanic)",0,0,"Wayne","Ontario town","New York"
"3611755013",2022,"B17001D_ChildPov","Asian (Non-Hispanic)",0,0,"Wayne","Ontario town","New York"
"3611755013",2022,"B17001E_ChildPov","Pacific Islander (Non-Hispanic)",0,0,"Wayne","Ontario town","New York"
"3611755013",2022,"B17001F_ChildPov","Other (Non-Hispanic)",0,0,"Wayne","Ontario town","New York"
"3611755013",2022,"B17001G_ChildPov","Two or More Races (Non-Hispanic)",1.64473684210526,23.3592983895751,"Wayne","Ontario town","New York"
"3611755013",2022,"B17001H_ChildPov","White (Non-Hispanic)",13.8793526238352,6.44707840972077,"Wayne","Ontario town","New York"
"3611755013",2022,"B17001I_ChildPov","Hispanic or Latino (Any Race)",0,186.528548507418,"Wayne","Ontario town","New York"
"3611755013",2023,"B17001B_ChildPov","Black (Non-Hispanic)",0,0,"Wayne","Ontario town","New York"
"3611755013",2023,"B17001C_ChildPov","Native American (Non-Hispanic)",0,0,"Wayne","Ontario town","New York"
"3611755013",2023,"B17001D_ChildPov","Asian (Non-Hispanic)",0,1454.92267835786,"Wayne","Ontario town","New York"
"3611755013",2023,"B17001E_ChildPov","Pacific Islander (Non-Hispanic)",0,0,"Wayne","Ontario town","New York"
"3611755013",2023,"B17001F_ChildPov","Other (Non-Hispanic)",0,103.923048454133,"Wayne","Ontario town","New York"
"3611755013",2023,"B17001G_ChildPov","Two or More Races (Non-Hispanic)",1.71821305841924,24.1691882619645,"Wayne","Ontario town","New York"
"3611755013",2023,"B17001H_ChildPov","White (Non-Hispanic)",10.3594080338266,6.14157635328569,"Wayne","Ontario town","New York"
"3611755013",2023,"B17001I_ChildPov","Hispanic or Latino (Any Race)",0,55.9585645522253,"Wayne","Ontario town","New York"
"3611755013",2024,"B17001B_ChildPov","Black (Non-Hispanic)",0,0,"Wayne","Ontario town","New York"
"3611755013",2024,"B17001C_ChildPov","Native American (Non-Hispanic)",0,0,"Wayne","Ontario town","New York"
"3611755013",2024,"B17001D_ChildPov","Asian (Non-Hispanic)",0,1039.23048454133,"Wayne","Ontario town","New York"
"3611755013",2024,"B17001E_ChildPov","Pacific Islander (Non-Hispanic)",0,0,"Wayne","Ontario town","New York"
"3611755013",2024,"B17001F_ChildPov","Other (Non-Hispanic)",0,111.917129104451,"Wayne","Ontario town","New York"
"3611755013",2024,"B17001G_ChildPov","Two or More Races (Non-Hispanic)",1.27551020408163,18.0227580750351,"Wayne","Ontario town","New York"
"3611755013",2024,"B17001H_ChildPov","White (Non-Hispanic)",4.7065044949762,4.83714672423241,"Wayne","Ontario town","New York"
"3611755013",2024,"B17001I_ChildPov","Hispanic or Latino (Any Race)",0,41.3330306351664,"Wayne","Ontario town","New York"
"3611756198",2017,"B17001B_ChildPov","Black (Non-Hispanic)",0,0,"Wayne","Palmyra town","New York"
"3611756198",2017,"B17001C_ChildPov","Native American (Non-Hispanic)",0,0,"Wayne","Palmyra town","New York"
"3611756198",2017,"B17001D_ChildPov","Asian (Non-Hispanic)",0,0,"Wayne","Palmyra town","New York"
"3611756198",2017,"B17001E_ChildPov","Pacific Islander (Non-Hispanic)",0,0,"Wayne","Palmyra town","New York"
"3611756198",2017,"B17001F_ChildPov","Other (Non-Hispanic)",0,426.350968016954,"Wayne","Palmyra town","New York"
"3611756198",2017,"B17001G_ChildPov","Two or More Races (Non-Hispanic)",27.3684210526316,64.8926372230193,"Wayne","Palmyra town","New York"
"3611756198",2017,"B17001H_ChildPov","White (Non-Hispanic)",26.185704742819,8.12550092593039,"Wayne","Palmyra town","New York"
"3611756198",2017,"B17001I_ChildPov","Hispanic or Latino (Any Race)",66.8292682926829,25.2919005492971,"Wayne","Palmyra town","New York"
"3611756198",2018,"B17001B_ChildPov","Black (Non-Hispanic)",0,0,"Wayne","Palmyra town","New York"
"3611756198",2018,"B17001C_ChildPov","Native American (Non-Hispanic)",0,0,"Wayne","Palmyra town","New York"
"3611756198",2018,"B17001D_ChildPov","Asian (Non-Hispanic)",0,0,"Wayne","Palmyra town","New York"
"3611756198",2018,"B17001E_ChildPov","Pacific Islander (Non-Hispanic)",0,0,"Wayne","Palmyra town","New York"
"3611756198",2018,"B17001F_ChildPov","Other (Non-Hispanic)",0,368.060796608386,"Wayne","Palmyra town","New York"
"3611756198",2018,"B17001G_ChildPov","Two or More Races (Non-Hispanic)",37.5,75.3770331092385,"Wayne","Palmyra town","New York"
"3611756198",2018,"B17001H_ChildPov","White (Non-Hispanic)",25.0363901018923,7.96639882150572,"Wayne","Palmyra town","New York"
"3611756198",2018,"B17001I_ChildPov","Hispanic or Latino (Any Race)",64.4128113879004,25.1590219052026,"Wayne","Palmyra town","New York"
"3611756198",2019,"B17001B_ChildPov","Black (Non-Hispanic)",0,0,"Wayne","Palmyra town","New York"
"3611756198",2019,"B17001C_ChildPov","Native American (Non-Hispanic)",0,0,"Wayne","Palmyra town","New York"
"3611756198",2019,"B17001D_ChildPov","Asian (Non-Hispanic)",0,0,"Wayne","Palmyra town","New York"
"3611756198",2019,"B17001E_ChildPov","Pacific Islander (Non-Hispanic)",0,0,"Wayne","Palmyra town","New York"
"3611756198",2019,"B17001F_ChildPov","Other (Non-Hispanic)",0,309.94593398601,"Wayne","Palmyra town","New York"
"3611756198",2019,"B17001G_ChildPov","Two or More Races (Non-Hispanic)",0,346.410161513775,"Wayne","Palmyra town","New York"
"3611756198",2019,"B17001H_ChildPov","White (Non-Hispanic)",16.1157024793388,6.51998144168666,"Wayne","Palmyra town","New York"
"3611756198",2019,"B17001I_ChildPov","Hispanic or Latino (Any Race)",64.6586345381526,28.8045939409136,"Wayne","Palmyra town","New York"
"3611756198",2020,"B17001B_ChildPov","Black (Non-Hispanic)",0,0,"Wayne","Palmyra town","New York"
"3611756198",2020,"B17001C_ChildPov","Native American (Non-Hispanic)",0,0,"Wayne","Palmyra town","New York"
"3611756198",2020,"B17001D_ChildPov","Asian (Non-Hispanic)",0,0,"Wayne","Palmyra town","New York"
"3611756198",2020,"B17001E_ChildPov","Pacific Islander (Non-Hispanic)",0,0,"Wayne","Palmyra town","New York"
"3611756198",2020,"B17001F_ChildPov","Other (Non-Hispanic)",0,309.94593398601,"Wayne","Palmyra town","New York"
"3611756198",2020,"B17001G_ChildPov","Two or More Races (Non-Hispanic)",0,490.747728811182,"Wayne","Palmyra town","New York"
"3611756198",2020,"B17001H_ChildPov","White (Non-Hispanic)",12.4177631578947,6.26195595536022,"Wayne","Palmyra town","New York"
"3611756198",2020,"B17001I_ChildPov","Hispanic or Latino (Any Race)",56.2130177514793,39.8400796480362,"Wayne","Palmyra town","New York"
"3611756198",2021,"B17001B_ChildPov","Black (Non-Hispanic)",0,0,"Wayne","Palmyra town","New York"
"3611756198",2021,"B17001C_ChildPov","Native American (Non-Hispanic)",0,0,"Wayne","Palmyra town","New York"
"3611756198",2021,"B17001D_ChildPov","Asian (Non-Hispanic)",0,0,"Wayne","Palmyra town","New York"
"3611756198",2021,"B17001E_ChildPov","Pacific Islander (Non-Hispanic)",0,0,"Wayne","Palmyra town","New York"
"3611756198",2021,"B17001F_ChildPov","Other (Non-Hispanic)",0,159.881613006358,"Wayne","Palmyra town","New York"
"3611756198",2021,"B17001G_ChildPov","Two or More Races (Non-Hispanic)",0,328.178047749893,"Wayne","Palmyra town","New York"
"3611756198",2021,"B17001H_ChildPov","White (Non-Hispanic)",6.67236954662104,6.41066441307849,"Wayne","Palmyra town","New York"
"3611756198",2021,"B17001I_ChildPov","Hispanic or Latino (Any Race)",43.2,44.3512473240607,"Wayne","Palmyra town","New York"
"3611756198",2022,"B17001B_ChildPov","Black (Non-Hispanic)",0,0,"Wayne","Palmyra town","New York"
"3611756198",2022,"B17001C_ChildPov","Native American (Non-Hispanic)",0,0,"Wayne","Palmyra town","New York"
"3611756198",2022,"B17001D_ChildPov","Asian (Non-Hispanic)",0,2193.93102292058,"Wayne","Palmyra town","New York"
"3611756198",2022,"B17001E_ChildPov","Pacific Islander (Non-Hispanic)",0,0,"Wayne","Palmyra town","New York"
"3611756198",2022,"B17001F_ChildPov","Other (Non-Hispanic)",0,286.164916033119,"Wayne","Palmyra town","New York"
"3611756198",2022,"B17001G_ChildPov","Two or More Races (Non-Hispanic)",0,243.770113657842,"Wayne","Palmyra town","New York"
"3611756198",2022,"B17001H_ChildPov","White (Non-Hispanic)",3.33642261353105,6.51565845466188,"Wayne","Palmyra town","New York"
"3611756198",2022,"B17001I_ChildPov","Hispanic or Latino (Any Race)",34.9397590361446,80.845220780987,"Wayne","Palmyra town","New York"
"3611756198",2023,"B17001B_ChildPov","Black (Non-Hispanic)",0,274.241377865072,"Wayne","Palmyra town","New York"
"3611756198",2023,"B17001C_ChildPov","Native American (Non-Hispanic)",0,0,"Wayne","Palmyra town","New York"
"3611756198",2023,"B17001D_ChildPov","Asian (Non-Hispanic)",0,1096.96551146029,"Wayne","Palmyra town","New York"
"3611756198",2023,"B17001E_ChildPov","Pacific Islander (Non-Hispanic)",0,0,"Wayne","Palmyra town","New York"
"3611756198",2023,"B17001F_ChildPov","Other (Non-Hispanic)",0,212.315905443927,"Wayne","Palmyra town","New York"
"3611756198",2023,"B17001G_ChildPov","Two or More Races (Non-Hispanic)",0,83.3138363134397,"Wayne","Palmyra town","New York"
"3611756198",2023,"B17001H_ChildPov","White (Non-Hispanic)",2.74414850686037,5.64691350018923,"Wayne","Palmyra town","New York"
"3611756198",2023,"B17001I_ChildPov","Hispanic or Latino (Any Race)",0,140.038150399186,"Wayne","Palmyra town","New York"
"3611756198",2024,"B17001B_ChildPov","Black (Non-Hispanic)",0,346.410161513775,"Wayne","Palmyra town","New York"
"3611756198",2024,"B17001C_ChildPov","Native American (Non-Hispanic)",0,0,"Wayne","Palmyra town","New York"
"3611756198",2024,"B17001D_ChildPov","Asian (Non-Hispanic)",0,940.256152680248,"Wayne","Palmyra town","New York"
"3611756198",2024,"B17001E_ChildPov","Pacific Islander (Non-Hispanic)",0,0,"Wayne","Palmyra town","New York"
"3611756198",2024,"B17001F_ChildPov","Other (Non-Hispanic)",0,243.770113657842,"Wayne","Palmyra town","New York"
"3611756198",2024,"B17001G_ChildPov","Two or More Races (Non-Hispanic)",0,72.3273963600191,"Wayne","Palmyra town","New York"
"3611756198",2024,"B17001H_ChildPov","White (Non-Hispanic)",2.33258088788563,5.65813746790146,"Wayne","Palmyra town","New York"
"3611756198",2024,"B17001I_ChildPov","Hispanic or Latino (Any Race)",0,193.582149081227,"Wayne","Palmyra town","New York"
"3611763605",2017,"B17001B_ChildPov","Black (Non-Hispanic)",0,635.085296108588,"Wayne","Rose town","New York"
"3611763605",2017,"B17001C_ChildPov","Native American (Non-Hispanic)",0,0,"Wayne","Rose town","New York"
"3611763605",2017,"B17001D_ChildPov","Asian (Non-Hispanic)",0,0,"Wayne","Rose town","New York"
"3611763605",2017,"B17001E_ChildPov","Pacific Islander (Non-Hispanic)",0,0,"Wayne","Rose town","New York"
"3611763605",2017,"B17001F_ChildPov","Other (Non-Hispanic)",0,0,"Wayne","Rose town","New York"
"3611763605",2017,"B17001G_ChildPov","Two or More Races (Non-Hispanic)",0,0,"Wayne","Rose town","New York"
"3611763605",2017,"B17001H_ChildPov","White (Non-Hispanic)",8.36909871244635,8.95207684370709,"Wayne","Rose town","New York"
"3611763605",2017,"B17001I_ChildPov","Hispanic or Latino (Any Race)",68.4210526315789,57.8066965678946,"Wayne","Rose town","New York"
"3611763605",2018,"B17001B_ChildPov","Black (Non-Hispanic)",0,692.820323027551,"Wayne","Rose town","New York"
"3611763605",2018,"B17001C_ChildPov","Native American (Non-Hispanic)",0,0,"Wayne","Rose town","New York"
"3611763605",2018,"B17001D_ChildPov","Asian (Non-Hispanic)",0,0,"Wayne","Rose town","New York"
"3611763605",2018,"B17001E_ChildPov","Pacific Islander (Non-Hispanic)",0,0,"Wayne","Rose town","New York"
"3611763605",2018,"B17001F_ChildPov","Other (Non-Hispanic)",0,0,"Wayne","Rose town","New York"
"3611763605",2018,"B17001G_ChildPov","Two or More Races (Non-Hispanic)",0,0,"Wayne","Rose town","New York"
"3611763605",2018,"B17001H_ChildPov","White (Non-Hispanic)",6.40776699029126,8.66176430881025,"Wayne","Rose town","New York"
"3611763605",2018,"B17001I_ChildPov","Hispanic or Latino (Any Race)",64.4444444444444,59.4265129423024,"Wayne","Rose town","New York"
"3611763605",2019,"B17001B_ChildPov","Black (Non-Hispanic)",61.5384615384615,178.687448242786,"Wayne","Rose town","New York"
"3611763605",2019,"B17001C_ChildPov","Native American (Non-Hispanic)",0,0,"Wayne","Rose town","New York"
"3611763605",2019,"B17001D_ChildPov","Asian (Non-Hispanic)",0,1385.6406460551,"Wayne","Rose town","New York"
"3611763605",2019,"B17001E_ChildPov","Pacific Islander (Non-Hispanic)",0,0,"Wayne","Rose town","New York"
"3611763605",2019,"B17001F_ChildPov","Other (Non-Hispanic)",0,0,"Wayne","Rose town","New York"
"3611763605",2019,"B17001G_ChildPov","Two or More Races (Non-Hispanic)",0,0,"Wayne","Rose town","New York"
"3611763605",2019,"B17001H_ChildPov","White (Non-Hispanic)",5.20094562647754,11.9937717110612,"Wayne","Rose town","New York"
"3611763605",2019,"B17001I_ChildPov","Hispanic or Latino (Any Race)",73.6842105263158,43.5539964478478,"Wayne","Rose town","New York"
"3611763605",2020,"B17001B_ChildPov","Black (Non-Hispanic)",44.4444444444444,188.044793555892,"Wayne","Rose town","New York"
"3611763605",2020,"B17001C_ChildPov","Native American (Non-Hispanic)",0,0,"Wayne","Rose town","New York"
"3611763605",2020,"B17001D_ChildPov","Asian (Non-Hispanic)",0,519.615242270663,"Wayne","Rose town","New York"
"3611763605",2020,"B17001E_ChildPov","Pacific Islander (Non-Hispanic)",0,0,"Wayne","Rose town","New York"
"3611763605",2020,"B17001F_ChildPov","Other (Non-Hispanic)",0,0,"Wayne","Rose town","New York"
"3611763605",2020,"B17001G_ChildPov","Two or More Races (Non-Hispanic)",0,0,"Wayne","Rose town","New York"
"3611763605",2020,"B17001H_ChildPov","White (Non-Hispanic)",2.47933884297521,9.00275068097081,"Wayne","Rose town","New York"
"3611763605",2020,"B17001I_ChildPov","Hispanic or Latino (Any Race)",100,379.102652142765,"Wayne","Rose town","New York"
"3611763605",2021,"B17001B_ChildPov","Black (Non-Hispanic)",100,1124.49535166597,"Wayne","Rose town","New York"
"3611763605",2021,"B17001C_ChildPov","Native American (Non-Hispanic)",0,0,"Wayne","Rose town","New York"
"3611763605",2021,"B17001D_ChildPov","Asian (Non-Hispanic)",0,375.277674973257,"Wayne","Rose town","New York"
"3611763605",2021,"B17001E_ChildPov","Pacific Islander (Non-Hispanic)",0,0,"Wayne","Rose town","New York"
"3611763605",2021,"B17001F_ChildPov","Other (Non-Hispanic)",100,3800.65783779598,"Wayne","Rose town","New York"
"3611763605",2021,"B17001G_ChildPov","Two or More Races (Non-Hispanic)",0,0,"Wayne","Rose town","New York"
"3611763605",2021,"B17001H_ChildPov","White (Non-Hispanic)",2.37691001697793,8.19935423342328,"Wayne","Rose town","New York"
"3611763605",2021,"B17001I_ChildPov","Hispanic or Latino (Any Race)",100,3800.65783779598,"Wayne","Rose town","New York"
"3611763605",2022,"B17001B_ChildPov","Black (Non-Hispanic)",100,735.696948478108,"Wayne","Rose town","New York"
"3611763605",2022,"B17001C_ChildPov","Native American (Non-Hispanic)",0,0,"Wayne","Rose town","New York"
"3611763605",2022,"B17001D_ChildPov","Asian (Non-Hispanic)",0,281.458256229943,"Wayne","Rose town","New York"
"3611763605",2022,"B17001E_ChildPov","Pacific Islander (Non-Hispanic)",0,0,"Wayne","Rose town","New York"
"3611763605",2022,"B17001F_ChildPov","Other (Non-Hispanic)",100,2533.77189186399,"Wayne","Rose town","New York"
"3611763605",2022,"B17001G_ChildPov","Two or More Races (Non-Hispanic)",0,0,"Wayne","Rose town","New York"
"3611763605",2022,"B17001H_ChildPov","White (Non-Hispanic)",2.36486486486486,8.23445544065396,"Wayne","Rose town","New York"
"3611763605",2022,"B17001I_ChildPov","Hispanic or Latino (Any Race)",100,2533.77189186399,"Wayne","Rose town","New York"
"3611763605",2023,"B17001B_ChildPov","Black (Non-Hispanic)",100,707.303172464098,"Wayne","Rose town","New York"
"3611763605",2023,"B17001C_ChildPov","Native American (Non-Hispanic)",0,0,"Wayne","Rose town","New York"
"3611763605",2023,"B17001D_ChildPov","Asian (Non-Hispanic)",0,250.185116648838,"Wayne","Rose town","New York"
"3611763605",2023,"B17001E_ChildPov","Pacific Islander (Non-Hispanic)",0,0,"Wayne","Rose town","New York"
"3611763605",2023,"B17001F_ChildPov","Other (Non-Hispanic)",100,2537.7155080899,"Wayne","Rose town","New York"
"3611763605",2023,"B17001G_ChildPov","Two or More Races (Non-Hispanic)",0,0,"Wayne","Rose town","New York"
"3611763605",2023,"B17001H_ChildPov","White (Non-Hispanic)",4.9469964664311,8.1862993013064,"Wayne","Rose town","New York"
"3611763605",2023,"B17001I_ChildPov","Hispanic or Latino (Any Race)",100,2537.7155080899,"Wayne","Rose town","New York"
"3611763605",2024,"B17001B_ChildPov","Black (Non-Hispanic)",0,0,"Wayne","Rose town","New York"
"3611763605",2024,"B17001C_ChildPov","Native American (Non-Hispanic)",0,0,"Wayne","Rose town","New York"
"3611763605",2024,"B17001D_ChildPov","Asian (Non-Hispanic)",0,0,"Wayne","Rose town","New York"
"3611763605",2024,"B17001E_ChildPov","Pacific Islander (Non-Hispanic)",0,0,"Wayne","Rose town","New York"
"3611763605",2024,"B17001F_ChildPov","Other (Non-Hispanic)",100,2055.78452178238,"Wayne","Rose town","New York"
"3611763605",2024,"B17001G_ChildPov","Two or More Races (Non-Hispanic)",0,0,"Wayne","Rose town","New York"
"3611763605",2024,"B17001H_ChildPov","White (Non-Hispanic)",4.98154981549815,9.12957560529151,"Wayne","Rose town","New York"
"3611763605",2024,"B17001I_ChildPov","Hispanic or Latino (Any Race)",100,2055.78452178238,"Wayne","Rose town","New York"
"3611765343",2017,"B17001B_ChildPov","Black (Non-Hispanic)",0,0,"Wayne","Savannah town","New York"
"3611765343",2017,"B17001C_ChildPov","Native American (Non-Hispanic)",0,0,"Wayne","Savannah town","New York"
"3611765343",2017,"B17001D_ChildPov","Asian (Non-Hispanic)",0,0,"Wayne","Savannah town","New York"
"3611765343",2017,"B17001E_ChildPov","Pacific Islander (Non-Hispanic)",0,0,"Wayne","Savannah town","New York"
"3611765343",2017,"B17001F_ChildPov","Other (Non-Hispanic)",0,0,"Wayne","Savannah town","New York"
"3611765343",2017,"B17001G_ChildPov","Two or More Races (Non-Hispanic)",72.972972972973,47.1127003393999,"Wayne","Savannah town","New York"
"3611765343",2017,"B17001H_ChildPov","White (Non-Hispanic)",4.74777448071217,11.0164475869832,"Wayne","Savannah town","New York"
"3611765343",2017,"B17001I_ChildPov","Hispanic or Latino (Any Race)",56.25,58.4678914491719,"Wayne","Savannah town","New York"
"3611765343",2018,"B17001B_ChildPov","Black (Non-Hispanic)",0,0,"Wayne","Savannah town","New York"
"3611765343",2018,"B17001C_ChildPov","Native American (Non-Hispanic)",0,0,"Wayne","Savannah town","New York"
"3611765343",2018,"B17001D_ChildPov","Asian (Non-Hispanic)",0,0,"Wayne","Savannah town","New York"
"3611765343",2018,"B17001E_ChildPov","Pacific Islander (Non-Hispanic)",0,0,"Wayne","Savannah town","New York"
"3611765343",2018,"B17001F_ChildPov","Other (Non-Hispanic)",0,0,"Wayne","Savannah town","New York"
"3611765343",2018,"B17001G_ChildPov","Two or More Races (Non-Hispanic)",87.0967741935484,87.4472467289913,"Wayne","Savannah town","New York"
"3611765343",2018,"B17001H_ChildPov","White (Non-Hispanic)",8.17438692098093,9.81957803780421,"Wayne","Savannah town","New York"
"3611765343",2018,"B17001I_ChildPov","Hispanic or Latino (Any Race)",62.9032258064516,47.5394008087023,"Wayne","Savannah town","New York"
"3611765343",2019,"B17001B_ChildPov","Black (Non-Hispanic)",0,0,"Wayne","Savannah town","New York"
"3611765343",2019,"B17001C_ChildPov","Native American (Non-Hispanic)",0,0,"Wayne","Savannah town","New York"
"3611765343",2019,"B17001D_ChildPov","Asian (Non-Hispanic)",100,986.438657236118,"Wayne","Savannah town","New York"
"3611765343",2019,"B17001E_ChildPov","Pacific Islander (Non-Hispanic)",0,0,"Wayne","Savannah town","New York"
"3611765343",2019,"B17001F_ChildPov","Other (Non-Hispanic)",0,0,"Wayne","Savannah town","New York"
"3611765343",2019,"B17001G_ChildPov","Two or More Races (Non-Hispanic)",89.6907216494845,82.9769653652621,"Wayne","Savannah town","New York"
"3611765343",2019,"B17001H_ChildPov","White (Non-Hispanic)",7.43589743589744,8.98408320724479,"Wayne","Savannah town","New York"
"3611765343",2019,"B17001I_ChildPov","Hispanic or Latino (Any Race)",51.6129032258064,58.0667772078678,"Wayne","Savannah town","New York"
"3611765343",2020,"B17001B_ChildPov","Black (Non-Hispanic)",0,0,"Wayne","Savannah town","New York"
"3611765343",2020,"B17001C_ChildPov","Native American (Non-Hispanic)",0,0,"Wayne","Savannah town","New York"
"3611765343",2020,"B17001D_ChildPov","Asian (Non-Hispanic)",100,1369.67149346111,"Wayne","Savannah town","New York"
"3611765343",2020,"B17001E_ChildPov","Pacific Islander (Non-Hispanic)",0,0,"Wayne","Savannah town","New York"
"3611765343",2020,"B17001F_ChildPov","Other (Non-Hispanic)",0,0,"Wayne","Savannah town","New York"
"3611765343",2020,"B17001G_ChildPov","Two or More Races (Non-Hispanic)",86.7924528301887,81.0101492398376,"Wayne","Savannah town","New York"
"3611765343",2020,"B17001H_ChildPov","White (Non-Hispanic)",8.01033591731266,9.15208891550084,"Wayne","Savannah town","New York"
"3611765343",2020,"B17001I_ChildPov","Hispanic or Latino (Any Race)",60.8695652173913,64.2023973101427,"Wayne","Savannah town","New York"
"3611765343",2021,"B17001B_ChildPov","Black (Non-Hispanic)",0,0,"Wayne","Savannah town","New York"
"3611765343",2021,"B17001C_ChildPov","Native American (Non-Hispanic)",0,0,"Wayne","Savannah town","New York"
"3611765343",2021,"B17001D_ChildPov","Asian (Non-Hispanic)",100,1487.27939540626,"Wayne","Savannah town","New York"
"3611765343",2021,"B17001E_ChildPov","Pacific Islander (Non-Hispanic)",0,0,"Wayne","Savannah town","New York"
"3611765343",2021,"B17001F_ChildPov","Other (Non-Hispanic)",0,0,"Wayne","Savannah town","New York"
"3611765343",2021,"B17001G_ChildPov","Two or More Races (Non-Hispanic)",85.8585858585859,84.7911316402802,"Wayne","Savannah town","New York"
"3611765343",2021,"B17001H_ChildPov","White (Non-Hispanic)",7.95180722891566,9.14362882277078,"Wayne","Savannah town","New York"
"3611765343",2021,"B17001I_ChildPov","Hispanic or Latino (Any Race)",62.5,77.5358646223435,"Wayne","Savannah town","New York"
"3611765343",2022,"B17001B_ChildPov","Black (Non-Hispanic)",0,0,"Wayne","Savannah town","New York"
"3611765343",2022,"B17001C_ChildPov","Native American (Non-Hispanic)",0,0,"Wayne","Savannah town","New York"
"3611765343",2022,"B17001D_ChildPov","Asian (Non-Hispanic)",100,1072.28537170258,"Wayne","Savannah town","New York"
"3611765343",2022,"B17001E_ChildPov","Pacific Islander (Non-Hispanic)",0,0,"Wayne","Savannah town","New York"
"3611765343",2022,"B17001F_ChildPov","Other (Non-Hispanic)",0,0,"Wayne","Savannah town","New York"
"3611765343",2022,"B17001G_ChildPov","Two or More Races (Non-Hispanic)",88.8888888888889,120.315671300123,"Wayne","Savannah town","New York"
"3611765343",2022,"B17001H_ChildPov","White (Non-Hispanic)",5.76368876080692,10.7328436861729,"Wayne","Savannah town","New York"
"3611765343",2022,"B17001I_ChildPov","Hispanic or Latino (Any Race)",0,264.901888216417,"Wayne","Savannah town","New York"
"3611765343",2023,"B17001B_ChildPov","Black (Non-Hispanic)",0,0,"Wayne","Savannah town","New York"
"3611765343",2023,"B17001C_ChildPov","Native American (Non-Hispanic)",0,0,"Wayne","Savannah town","New York"
"3611765343",2023,"B17001D_ChildPov","Asian (Non-Hispanic)",100,1066.94299141931,"Wayne","Savannah town","New York"
"3611765343",2023,"B17001E_ChildPov","Pacific Islander (Non-Hispanic)",0,0,"Wayne","Savannah town","New York"
"3611765343",2023,"B17001F_ChildPov","Other (Non-Hispanic)",0,0,"Wayne","Savannah town","New York"
"3611765343",2023,"B17001G_ChildPov","Two or More Races (Non-Hispanic)",66.6666666666667,82.0503082652329,"Wayne","Savannah town","New York"
"3611765343",2023,"B17001H_ChildPov","White (Non-Hispanic)",0.859598853868195,12.4340071339457,"Wayne","Savannah town","New York"
"3611765343",2023,"B17001I_ChildPov","Hispanic or Latino (Any Race)",0,300.222139978605,"Wayne","Savannah town","New York"
"3611765343",2024,"B17001B_ChildPov","Black (Non-Hispanic)",0,0,"Wayne","Savannah town","New York"
"3611765343",2024,"B17001C_ChildPov","Native American (Non-Hispanic)",0,0,"Wayne","Savannah town","New York"
"3611765343",2024,"B17001D_ChildPov","Asian (Non-Hispanic)",0,0,"Wayne","Savannah town","New York"
"3611765343",2024,"B17001E_ChildPov","Pacific Islander (Non-Hispanic)",0,0,"Wayne","Savannah town","New York"
"3611765343",2024,"B17001F_ChildPov","Other (Non-Hispanic)",0,0,"Wayne","Savannah town","New York"
"3611765343",2024,"B17001G_ChildPov","Two or More Races (Non-Hispanic)",0,346.410161513775,"Wayne","Savannah town","New York"
"3611765343",2024,"B17001H_ChildPov","White (Non-Hispanic)",1.03359173126615,12.1712357565952,"Wayne","Savannah town","New York"
"3611765343",2024,"B17001I_ChildPov","Hispanic or Latino (Any Race)",0,303.108891324553,"Wayne","Savannah town","New York"
"3611768220",2017,"B17001B_ChildPov","Black (Non-Hispanic)",84.6153846153846,10.0522433644682,"Wayne","Sodus town","New York"
"3611768220",2017,"B17001C_ChildPov","Native American (Non-Hispanic)",0,0,"Wayne","Sodus town","New York"
"3611768220",2017,"B17001D_ChildPov","Asian (Non-Hispanic)",0,0,"Wayne","Sodus town","New York"
"3611768220",2017,"B17001E_ChildPov","Pacific Islander (Non-Hispanic)",0,0,"Wayne","Sodus town","New York"
"3611768220",2017,"B17001F_ChildPov","Other (Non-Hispanic)",0,135.184453273668,"Wayne","Sodus town","New York"
"3611768220",2017,"B17001G_ChildPov","Two or More Races (Non-Hispanic)",67.0588235294118,30.5578894079644,"Wayne","Sodus town","New York"
"3611768220",2017,"B17001H_ChildPov","White (Non-Hispanic)",37.5968992248062,12.7714073793032,"Wayne","Sodus town","New York"
"3611768220",2017,"B17001I_ChildPov","Hispanic or Latino (Any Race)",47.2727272727273,27.8261854158717,"Wayne","Sodus town","New York"
"3611768220",2018,"B17001B_ChildPov","Black (Non-Hispanic)",78.3950617283951,17.4581759377739,"Wayne","Sodus town","New York"
"3611768220",2018,"B17001C_ChildPov","Native American (Non-Hispanic)",0,0,"Wayne","Sodus town","New York"
"3611768220",2018,"B17001D_ChildPov","Asian (Non-Hispanic)",0,0,"Wayne","Sodus town","New York"
"3611768220",2018,"B17001E_ChildPov","Pacific Islander (Non-Hispanic)",0,0,"Wayne","Sodus town","New York"
"3611768220",2018,"B17001F_ChildPov","Other (Non-Hispanic)",0,107.072231740622,"Wayne","Sodus town","New York"
"3611768220",2018,"B17001G_ChildPov","Two or More Races (Non-Hispanic)",45.2631578947368,45.5851271944422,"Wayne","Sodus town","New York"
"3611768220",2018,"B17001H_ChildPov","White (Non-Hispanic)",31.3213703099511,12.00580052516,"Wayne","Sodus town","New York"
"3611768220",2018,"B17001I_ChildPov","Hispanic or Latino (Any Race)",46.3414634146341,27.4045106972241,"Wayne","Sodus town","New York"
"3611768220",2019,"B17001B_ChildPov","Black (Non-Hispanic)",53.7190082644628,40.2849974878598,"Wayne","Sodus town","New York"
"3611768220",2019,"B17001C_ChildPov","Native American (Non-Hispanic)",0,0,"Wayne","Sodus town","New York"
"3611768220",2019,"B17001D_ChildPov","Asian (Non-Hispanic)",0,0,"Wayne","Sodus town","New York"
"3611768220",2019,"B17001E_ChildPov","Pacific Islander (Non-Hispanic)",0,1177.79454914684,"Wayne","Sodus town","New York"
"3611768220",2019,"B17001F_ChildPov","Other (Non-Hispanic)",0,0,"Wayne","Sodus town","New York"
"3611768220",2019,"B17001G_ChildPov","Two or More Races (Non-Hispanic)",43.2203389830509,50.2205230394269,"Wayne","Sodus town","New York"
"3611768220",2019,"B17001H_ChildPov","White (Non-Hispanic)",37.7610693400167,13.3618481640403,"Wayne","Sodus town","New York"
"3611768220",2019,"B17001I_ChildPov","Hispanic or Latino (Any Race)",50.6666666666667,69.3009132179332,"Wayne","Sodus town","New York"
"3611768220",2020,"B17001B_ChildPov","Black (Non-Hispanic)",41.8918918918919,36.0923477000869,"Wayne","Sodus town","New York"
"3611768220",2020,"B17001C_ChildPov","Native American (Non-Hispanic)",0,0,"Wayne","Sodus town","New York"
"3611768220",2020,"B17001D_ChildPov","Asian (Non-Hispanic)",0,0,"Wayne","Sodus town","New York"
"3611768220",2020,"B17001E_ChildPov","Pacific Islander (Non-Hispanic)",0,1472.24318643355,"Wayne","Sodus town","New York"
"3611768220",2020,"B17001F_ChildPov","Other (Non-Hispanic)",0,0,"Wayne","Sodus town","New York"
"3611768220",2020,"B17001G_ChildPov","Two or More Races (Non-Hispanic)",28.099173553719,49.2029676510622,"Wayne","Sodus town","New York"
"3611768220",2020,"B17001H_ChildPov","White (Non-Hispanic)",30.981256890849,11.1947402675592,"Wayne","Sodus town","New York"
"3611768220",2020,"B17001I_ChildPov","Hispanic or Latino (Any Race)",79.1666666666667,29.213591184476,"Wayne","Sodus town","New York"
"3611768220",2021,"B17001B_ChildPov","Black (Non-Hispanic)",36.5217391304348,48.1737528181371,"Wayne","Sodus town","New York"
"3611768220",2021,"B17001C_ChildPov","Native American (Non-Hispanic)",0,0,"Wayne","Sodus town","New York"
"3611768220",2021,"B17001D_ChildPov","Asian (Non-Hispanic)",0,0,"Wayne","Sodus town","New York"
"3611768220",2021,"B17001E_ChildPov","Pacific Islander (Non-Hispanic)",0,2078.46096908265,"Wayne","Sodus town","New York"
"3611768220",2021,"B17001F_ChildPov","Other (Non-Hispanic)",0,0,"Wayne","Sodus town","New York"
"3611768220",2021,"B17001G_ChildPov","Two or More Races (Non-Hispanic)",30.3571428571429,52.97714590593,"Wayne","Sodus town","New York"
"3611768220",2021,"B17001H_ChildPov","White (Non-Hispanic)",20.4571428571429,11.2955466855415,"Wayne","Sodus town","New York"
"3611768220",2021,"B17001I_ChildPov","Hispanic or Latino (Any Race)",76.7123287671233,34.1233977545933,"Wayne","Sodus town","New York"
"3611768220",2022,"B17001B_ChildPov","Black (Non-Hispanic)",12.6436781609195,81.6906552258394,"Wayne","Sodus town","New York"
"3611768220",2022,"B17001C_ChildPov","Native American (Non-Hispanic)",0,0,"Wayne","Sodus town","New York"
"3611768220",2022,"B17001D_ChildPov","Asian (Non-Hispanic)",0,0,"Wayne","Sodus town","New York"
"3611768220",2022,"B17001E_ChildPov","Pacific Islander (Non-Hispanic)",0,2193.93102292058,"Wayne","Sodus town","New York"
"3611768220",2022,"B17001F_ChildPov","Other (Non-Hispanic)",0,0,"Wayne","Sodus town","New York"
"3611768220",2022,"B17001G_ChildPov","Two or More Races (Non-Hispanic)",48.8549618320611,47.374928262376,"Wayne","Sodus town","New York"
"3611768220",2022,"B17001H_ChildPov","White (Non-Hispanic)",22.5663716814159,12.0569191472279,"Wayne","Sodus town","New York"
"3611768220",2022,"B17001I_ChildPov","Hispanic or Latino (Any Race)",24.5901639344262,101.941400500043,"Wayne","Sodus town","New York"
"3611768220",2023,"B17001B_ChildPov","Black (Non-Hispanic)",14.4444444444444,76.7189579329989,"Wayne","Sodus town","New York"
"3611768220",2023,"B17001C_ChildPov","Native American (Non-Hispanic)",0,226.958381681439,"Wayne","Sodus town","New York"
"3611768220",2023,"B17001D_ChildPov","Asian (Non-Hispanic)",0,0,"Wayne","Sodus town","New York"
"3611768220",2023,"B17001E_ChildPov","Pacific Islander (Non-Hispanic)",0,1645.44826719043,"Wayne","Sodus town","New York"
"3611768220",2023,"B17001F_ChildPov","Other (Non-Hispanic)",0,199.448274810962,"Wayne","Sodus town","New York"
"3611768220",2023,"B17001G_ChildPov","Two or More Races (Non-Hispanic)",51.7094017094017,24.9400717145896,"Wayne","Sodus town","New York"
"3611768220",2023,"B17001H_ChildPov","White (Non-Hispanic)",15.9851301115242,10.9801493296082,"Wayne","Sodus town","New York"
"3611768220",2023,"B17001I_ChildPov","Hispanic or Latino (Any Race)",13.6,46.6674869809807,"Wayne","Sodus town","New York"
"3611768220",2024,"B17001B_ChildPov","Black (Non-Hispanic)",34.4827586206897,116.782266935428,"Wayne","Sodus town","New York"
"3611768220",2024,"B17001C_ChildPov","Native American (Non-Hispanic)",0,188.05123053605,"Wayne","Sodus town","New York"
"3611768220",2024,"B17001D_ChildPov","Asian (Non-Hispanic)",0,0,"Wayne","Sodus town","New York"
"3611768220",2024,"B17001E_ChildPov","Pacific Islander (Non-Hispanic)",0,0,"Wayne","Sodus town","New York"
"3611768220",2024,"B17001F_ChildPov","Other (Non-Hispanic)",0,253.145887260067,"Wayne","Sodus town","New York"
"3611768220",2024,"B17001G_ChildPov","Two or More Races (Non-Hispanic)",30.188679245283,26.3285467352439,"Wayne","Sodus town","New York"
"3611768220",2024,"B17001H_ChildPov","White (Non-Hispanic)",17.0760233918129,11.3260152857851,"Wayne","Sodus town","New York"
"3611768220",2024,"B17001I_ChildPov","Hispanic or Latino (Any Race)",13.2352941176471,43.334844213327,"Wayne","Sodus town","New York"
"3611778102",2017,"B17001B_ChildPov","Black (Non-Hispanic)",0,554.256258422041,"Wayne","Walworth town","New York"
"3611778102",2017,"B17001C_ChildPov","Native American (Non-Hispanic)",0,1108.51251684408,"Wayne","Walworth town","New York"
"3611778102",2017,"B17001D_ChildPov","Asian (Non-Hispanic)",0,461.880215351701,"Wayne","Walworth town","New York"
"3611778102",2017,"B17001E_ChildPov","Pacific Islander (Non-Hispanic)",0,0,"Wayne","Walworth town","New York"
"3611778102",2017,"B17001F_ChildPov","Other (Non-Hispanic)",0,251.934662919109,"Wayne","Walworth town","New York"
"3611778102",2017,"B17001G_ChildPov","Two or More Races (Non-Hispanic)",0,65.9828879073858,"Wayne","Walworth town","New York"
"3611778102",2017,"B17001H_ChildPov","White (Non-Hispanic)",1.61652447238437,2.90380008508923,"Wayne","Walworth town","New York"
"3611778102",2017,"B17001I_ChildPov","Hispanic or Latino (Any Race)",0,46.1880215351701,"Wayne","Walworth town","New York"
"3611778102",2018,"B17001B_ChildPov","Black (Non-Hispanic)",0,535.361158703108,"Wayne","Walworth town","New York"
"3611778102",2018,"B17001C_ChildPov","Native American (Non-Hispanic)",0,1177.79454914684,"Wayne","Walworth town","New York"
"3611778102",2018,"B17001D_ChildPov","Asian (Non-Hispanic)",0,535.361158703108,"Wayne","Walworth town","New York"
"3611778102",2018,"B17001E_ChildPov","Pacific Islander (Non-Hispanic)",0,0,"Wayne","Walworth town","New York"
"3611778102",2018,"B17001F_ChildPov","Other (Non-Hispanic)",0,267.680579351554,"Wayne","Walworth town","New York"
"3611778102",2018,"B17001G_ChildPov","Two or More Races (Non-Hispanic)",0,63.3222875885396,"Wayne","Walworth town","New York"
"3611778102",2018,"B17001H_ChildPov","White (Non-Hispanic)",2.2412970910825,3.05472206304377,"Wayne","Walworth town","New York"
"3611778102",2018,"B17001I_ChildPov","Hispanic or Latino (Any Race)",0,56.6247379397518,"Wayne","Walworth town","New York"
"3611778102",2019,"B17001B_ChildPov","Black (Non-Hispanic)",0,0,"Wayne","Walworth town","New York"
"3611778102",2019,"B17001C_ChildPov","Native American (Non-Hispanic)",0,0,"Wayne","Walworth town","New York"
"3611778102",2019,"B17001D_ChildPov","Asian (Non-Hispanic)",0,452.997903518014,"Wayne","Walworth town","New York"
"3611778102",2019,"B17001E_ChildPov","Pacific Islander (Non-Hispanic)",0,0,"Wayne","Walworth town","New York"
"3611778102",2019,"B17001F_ChildPov","Other (Non-Hispanic)",0,420.640910409584,"Wayne","Walworth town","New York"
"3611778102",2019,"B17001G_ChildPov","Two or More Races (Non-Hispanic)",0,75.4996505863357,"Wayne","Walworth town","New York"
"3611778102",2019,"B17001H_ChildPov","White (Non-Hispanic)",2.8498727735369,3.23332393890212,"Wayne","Walworth town","New York"
"3611778102",2019,"B17001I_ChildPov","Hispanic or Latino (Any Race)",0,68.4764272759789,"Wayne","Walworth town","New York"
"3611778102",2020,"B17001B_ChildPov","Black (Non-Hispanic)",0,0,"Wayne","Walworth town","New York"
"3611778102",2020,"B17001C_ChildPov","Native American (Non-Hispanic)",0,0,"Wayne","Walworth town","New York"
"3611778102",2020,"B17001D_ChildPov","Asian (Non-Hispanic)",0,50.3331003908905,"Wayne","Walworth town","New York"
"3611778102",2020,"B17001E_ChildPov","Pacific Islander (Non-Hispanic)",0,0,"Wayne","Walworth town","New York"
"3611778102",2020,"B17001F_ChildPov","Other (Non-Hispanic)",0,0,"Wayne","Walworth town","New York"
"3611778102",2020,"B17001G_ChildPov","Two or More Races (Non-Hispanic)",0,86.6025403784439,"Wayne","Walworth town","New York"
"3611778102",2020,"B17001H_ChildPov","White (Non-Hispanic)",2.29540918163673,2.81370386760725,"Wayne","Walworth town","New York"
"3611778102",2020,"B17001I_ChildPov","Hispanic or Latino (Any Race)",0,143.633481603273,"Wayne","Walworth town","New York"
"3611778102",2021,"B17001B_ChildPov","Black (Non-Hispanic)",0,0,"Wayne","Walworth town","New York"
"3611778102",2021,"B17001C_ChildPov","Native American (Non-Hispanic)",0,0,"Wayne","Walworth town","New York"
"3611778102",2021,"B17001D_ChildPov","Asian (Non-Hispanic)",0,51.5320901425451,"Wayne","Walworth town","New York"
"3611778102",2021,"B17001E_ChildPov","Pacific Islander (Non-Hispanic)",0,0,"Wayne","Walworth town","New York"
"3611778102",2021,"B17001F_ChildPov","Other (Non-Hispanic)",0,0,"Wayne","Walworth town","New York"
"3611778102",2021,"B17001G_ChildPov","Two or More Races (Non-Hispanic)",0,54.6963412916487,"Wayne","Walworth town","New York"
"3611778102",2021,"B17001H_ChildPov","White (Non-Hispanic)",2.12550607287449,2.85305920793094,"Wayne","Walworth town","New York"
"3611778102",2021,"B17001I_ChildPov","Hispanic or Latino (Any Race)",0,479.644839019074,"Wayne","Walworth town","New York"
"3611778102",2022,"B17001B_ChildPov","Black (Non-Hispanic)",100,1429.26991852484,"Wayne","Walworth town","New York"
"3611778102",2022,"B17001C_ChildPov","Native American (Non-Hispanic)",0,0,"Wayne","Walworth town","New York"
"3611778102",2022,"B17001D_ChildPov","Asian (Non-Hispanic)",0,58.2459563607233,"Wayne","Walworth town","New York"
"3611778102",2022,"B17001E_ChildPov","Pacific Islander (Non-Hispanic)",0,0,"Wayne","Walworth town","New York"
"3611778102",2022,"B17001F_ChildPov","Other (Non-Hispanic)",0,0,"Wayne","Walworth town","New York"
"3611778102",2022,"B17001G_ChildPov","Two or More Races (Non-Hispanic)",0,65.1662680075419,"Wayne","Walworth town","New York"
"3611778102",2022,"B17001H_ChildPov","White (Non-Hispanic)",2.85110876451954,3.28302629649143,"Wayne","Walworth town","New York"
"3611778102",2022,"B17001I_ChildPov","Hispanic or Latino (Any Race)",0,2193.93102292058,"Wayne","Walworth town","New York"
"3611778102",2023,"B17001B_ChildPov","Black (Non-Hispanic)",100,11187.4930167576,"Wayne","Walworth town","New York"
"3611778102",2023,"B17001C_ChildPov","Native American (Non-Hispanic)",0,0,"Wayne","Walworth town","New York"
"3611778102",2023,"B17001D_ChildPov","Asian (Non-Hispanic)",0,49.8620687027404,"Wayne","Walworth town","New York"
"3611778102",2023,"B17001E_ChildPov","Pacific Islander (Non-Hispanic)",0,0,"Wayne","Walworth town","New York"
"3611778102",2023,"B17001F_ChildPov","Other (Non-Hispanic)",0,0,"Wayne","Walworth town","New York"
"3611778102",2023,"B17001G_ChildPov","Two or More Races (Non-Hispanic)",0,68.560344466268,"Wayne","Walworth town","New York"
"3611778102",2023,"B17001H_ChildPov","White (Non-Hispanic)",1.96993260756869,3.34601588588963,"Wayne","Walworth town","New York"
"3611778102",2023,"B17001I_ChildPov","Hispanic or Latino (Any Race)",0,313.418717560083,"Wayne","Walworth town","New York"
"3611778102",2024,"B17001B_ChildPov","Black (Non-Hispanic)",100,1259.62957517941,"Wayne","Walworth town","New York"
"3611778102",2024,"B17001C_ChildPov","Native American (Non-Hispanic)",0,1316.35861375235,"Wayne","Walworth town","New York"
"3611778102",2024,"B17001D_ChildPov","Asian (Non-Hispanic)",0,42.1909812100111,"Wayne","Walworth town","New York"
"3611778102",2024,"B17001E_ChildPov","Pacific Islander (Non-Hispanic)",0,0,"Wayne","Walworth town","New York"
"3611778102",2024,"B17001F_ChildPov","Other (Non-Hispanic)",0,0,"Wayne","Walworth town","New York"
"3611778102",2024,"B17001G_ChildPov","Two or More Races (Non-Hispanic)",0,40.3790985813603,"Wayne","Walworth town","New York"
"3611778102",2024,"B17001H_ChildPov","White (Non-Hispanic)",1.30090497737557,3.45743203407796,"Wayne","Walworth town","New York"
"3611778102",2024,"B17001I_ChildPov","Hispanic or Latino (Any Race)",0,173.205080756888,"Wayne","Walworth town","New York"
"3611782040",2017,"B17001B_ChildPov","Black (Non-Hispanic)",36.734693877551,103.912765113974,"Wayne","Williamson town","New York"
"3611782040",2017,"B17001C_ChildPov","Native American (Non-Hispanic)",0,426.350968016954,"Wayne","Williamson town","New York"
"3611782040",2017,"B17001D_ChildPov","Asian (Non-Hispanic)",0,0,"Wayne","Williamson town","New York"
"3611782040",2017,"B17001E_ChildPov","Pacific Islander (Non-Hispanic)",0,307.9201435678,"Wayne","Williamson town","New York"
"3611782040",2017,"B17001F_ChildPov","Other (Non-Hispanic)",0,230.94010767585,"Wayne","Williamson town","New York"
"3611782040",2017,"B17001G_ChildPov","Two or More Races (Non-Hispanic)",87.5,13.7440311143489,"Wayne","Williamson town","New York"
"3611782040",2017,"B17001H_ChildPov","White (Non-Hispanic)",4.15300546448087,7.37104361723792,"Wayne","Williamson town","New York"
"3611782040",2017,"B17001I_ChildPov","Hispanic or Latino (Any Race)",2.90697674418605,31.3534686607925,"Wayne","Williamson town","New York"
"3611782040",2018,"B17001B_ChildPov","Black (Non-Hispanic)",67.4418604651163,87.640245659029,"Wayne","Williamson town","New York"
"3611782040",2018,"B17001C_ChildPov","Native American (Non-Hispanic)",0,452.997903518014,"Wayne","Williamson town","New York"
"3611782040",2018,"B17001D_ChildPov","Asian (Non-Hispanic)",0,0,"Wayne","Williamson town","New York"
"3611782040",2018,"B17001E_ChildPov","Pacific Islander (Non-Hispanic)",0,189.966862765619,"Wayne","Williamson town","New York"
"3611782040",2018,"B17001F_ChildPov","Other (Non-Hispanic)",0,294.448637286709,"Wayne","Williamson town","New York"
"3611782040",2018,"B17001G_ChildPov","Two or More Races (Non-Hispanic)",45,58.0719179660014,"Wayne","Williamson town","New York"
"3611782040",2018,"B17001H_ChildPov","White (Non-Hispanic)",2.99727520435967,6.5453079228655,"Wayne","Williamson town","New York"
"3611782040",2018,"B17001I_ChildPov","Hispanic or Latino (Any Race)",2.73972602739726,38.9670447705164,"Wayne","Williamson town","New York"
"3611782040",2019,"B17001B_ChildPov","Black (Non-Hispanic)",100,541.940956193569,"Wayne","Williamson town","New York"
"3611782040",2019,"B17001C_ChildPov","Native American (Non-Hispanic)",0,368.060796608386,"Wayne","Williamson town","New York"
"3611782040",2019,"B17001D_ChildPov","Asian (Non-Hispanic)",0,0,"Wayne","Williamson town","New York"
"3611782040",2019,"B17001E_ChildPov","Pacific Islander (Non-Hispanic)",0,184.030398304193,"Wayne","Williamson town","New York"
"3611782040",2019,"B17001F_ChildPov","Other (Non-Hispanic)",0,368.060796608386,"Wayne","Williamson town","New York"
"3611782040",2019,"B17001G_ChildPov","Two or More Races (Non-Hispanic)",47.9166666666667,44.8776327022273,"Wayne","Williamson town","New York"
"3611782040",2019,"B17001H_ChildPov","White (Non-Hispanic)",2.01649862511457,5.45374956102161,"Wayne","Williamson town","New York"
"3611782040",2019,"B17001I_ChildPov","Hispanic or Latino (Any Race)",3.17460317460317,45.382696553277,"Wayne","Williamson town","New York"
"3611782040",2020,"B17001B_ChildPov","Black (Non-Hispanic)",100,487.344565885289,"Wayne","Williamson town","New York"
"3611782040",2020,"B17001C_ChildPov","Native American (Non-Hispanic)",0,0,"Wayne","Williamson town","New York"
"3611782040",2020,"B17001D_ChildPov","Asian (Non-Hispanic)",0,0,"Wayne","Williamson town","New York"
"3611782040",2020,"B17001E_ChildPov","Pacific Islander (Non-Hispanic)",0,0,"Wayne","Williamson town","New York"
"3611782040",2020,"B17001F_ChildPov","Other (Non-Hispanic)",0,280.42727360639,"Wayne","Williamson town","New York"
"3611782040",2020,"B17001G_ChildPov","Two or More Races (Non-Hispanic)",57.6470588235294,42.3992442009684,"Wayne","Williamson town","New York"
"3611782040",2020,"B17001H_ChildPov","White (Non-Hispanic)",3.02775441547519,5.04036611205066,"Wayne","Williamson town","New York"
"3611782040",2020,"B17001I_ChildPov","Hispanic or Latino (Any Race)",9.18367346938776,60.0870930942091,"Wayne","Williamson town","New York"
"3611782040",2021,"B17001B_ChildPov","Black (Non-Hispanic)",75,394.30901675519,"Wayne","Williamson town","New York"
"3611782040",2021,"B17001C_ChildPov","Native American (Non-Hispanic)",0,0,"Wayne","Williamson town","New York"
"3611782040",2021,"B17001D_ChildPov","Asian (Non-Hispanic)",0,0,"Wayne","Williamson town","New York"
"3611782040",2021,"B17001E_ChildPov","Pacific Islander (Non-Hispanic)",0,0,"Wayne","Williamson town","New York"
"3611782040",2021,"B17001F_ChildPov","Other (Non-Hispanic)",0,0,"Wayne","Williamson town","New York"
"3611782040",2021,"B17001G_ChildPov","Two or More Races (Non-Hispanic)",75.9615384615385,50.5119819799762,"Wayne","Williamson town","New York"
"3611782040",2021,"B17001H_ChildPov","White (Non-Hispanic)",3.25497287522604,5.76256241449165,"Wayne","Williamson town","New York"
"3611782040",2021,"B17001I_ChildPov","Hispanic or Latino (Any Race)",0,91.6968074595288,"Wayne","Williamson town","New York"
"3611782040",2022,"B17001B_ChildPov","Black (Non-Hispanic)",0,1096.96551146029,"Wayne","Williamson town","New York"
"3611782040",2022,"B17001C_ChildPov","Native American (Non-Hispanic)",0,0,"Wayne","Williamson town","New York"
"3611782040",2022,"B17001D_ChildPov","Asian (Non-Hispanic)",0,0,"Wayne","Williamson town","New York"
"3611782040",2022,"B17001E_ChildPov","Pacific Islander (Non-Hispanic)",0,0,"Wayne","Williamson town","New York"
"3611782040",2022,"B17001F_ChildPov","Other (Non-Hispanic)",0,0,"Wayne","Williamson town","New York"
"3611782040",2022,"B17001G_ChildPov","Two or More Races (Non-Hispanic)",59.3406593406593,62.5639388766951,"Wayne","Williamson town","New York"
"3611782040",2022,"B17001H_ChildPov","White (Non-Hispanic)",4.93446414803392,5.21789181288487,"Wayne","Williamson town","New York"
"3611782040",2022,"B17001I_ChildPov","Hispanic or Latino (Any Race)",30.7692307692308,117.642433377068,"Wayne","Williamson town","New York"
"3611782040",2023,"B17001B_ChildPov","Black (Non-Hispanic)",0,548.482755730144,"Wayne","Williamson town","New York"
"3611782040",2023,"B17001C_ChildPov","Native American (Non-Hispanic)",0,0,"Wayne","Williamson town","New York"
"3611782040",2023,"B17001D_ChildPov","Asian (Non-Hispanic)",0,0,"Wayne","Williamson town","New York"
"3611782040",2023,"B17001E_ChildPov","Pacific Islander (Non-Hispanic)",0,0,"Wayne","Williamson town","New York"
"3611782040",2023,"B17001F_ChildPov","Other (Non-Hispanic)",0,0,"Wayne","Williamson town","New York"
"3611782040",2023,"B17001G_ChildPov","Two or More Races (Non-Hispanic)",27.7777777777778,74.1494729431935,"Wayne","Williamson town","New York"
"3611782040",2023,"B17001H_ChildPov","White (Non-Hispanic)",8.12302839116719,6.15010954020196,"Wayne","Williamson town","New York"
"3611782040",2023,"B17001I_ChildPov","Hispanic or Latino (Any Race)",21.4285714285714,112.547279389046,"Wayne","Williamson town","New York"
"3611782040",2024,"B17001B_ChildPov","Black (Non-Hispanic)",0,822.724133595217,"Wayne","Williamson town","New York"
"3611782040",2024,"B17001C_ChildPov","Native American (Non-Hispanic)",0,0,"Wayne","Williamson town","New York"
"3611782040",2024,"B17001D_ChildPov","Asian (Non-Hispanic)",0,0,"Wayne","Williamson town","New York"
"3611782040",2024,"B17001E_ChildPov","Pacific Islander (Non-Hispanic)",0,0,"Wayne","Williamson town","New York"
"3611782040",2024,"B17001F_ChildPov","Other (Non-Hispanic)",0,0,"Wayne","Williamson town","New York"
"3611782040",2024,"B17001G_ChildPov","Two or More Races (Non-Hispanic)",0,48.3955372703069,"Wayne","Williamson town","New York"
"3611782040",2024,"B17001H_ChildPov","White (Non-Hispanic)",8.4070796460177,6.01397463965018,"Wayne","Williamson town","New York"
"3611782040",2024,"B17001I_ChildPov","Hispanic or Latino (Any Race)",20.3125,98.8470700165001,"Wayne","Williamson town","New York"
"3611782689",2017,"B17001B_ChildPov","Black (Non-Hispanic)",0,346.410161513775,"Wayne","Wolcott town","New York"
"3611782689",2017,"B17001C_ChildPov","Native American (Non-Hispanic)",0,0,"Wayne","Wolcott town","New York"
"3611782689",2017,"B17001D_ChildPov","Asian (Non-Hispanic)",0,381.051177665153,"Wayne","Wolcott town","New York"
"3611782689",2017,"B17001E_ChildPov","Pacific Islander (Non-Hispanic)",0,0,"Wayne","Wolcott town","New York"
"3611782689",2017,"B17001F_ChildPov","Other (Non-Hispanic)",0,952.627944162882,"Wayne","Wolcott town","New York"
"3611782689",2017,"B17001G_ChildPov","Two or More Races (Non-Hispanic)",76.1904761904762,273.839920755149,"Wayne","Wolcott town","New York"
"3611782689",2017,"B17001H_ChildPov","White (Non-Hispanic)",19.0064794816415,6.63533156634083,"Wayne","Wolcott town","New York"
"3611782689",2017,"B17001I_ChildPov","Hispanic or Latino (Any Race)",61.1111111111111,70.621371180173,"Wayne","Wolcott town","New York"
"3611782689",2018,"B17001B_ChildPov","Black (Non-Hispanic)",0,134.094256069849,"Wayne","Wolcott town","New York"
"3611782689",2018,"B17001C_ChildPov","Native American (Non-Hispanic)",0,0,"Wayne","Wolcott town","New York"
"3611782689",2018,"B17001D_ChildPov","Asian (Non-Hispanic)",0,415.692193816531,"Wayne","Wolcott town","New York"
"3611782689",2018,"B17001E_ChildPov","Pacific Islander (Non-Hispanic)",0,0,"Wayne","Wolcott town","New York"
"3611782689",2018,"B17001F_ChildPov","Other (Non-Hispanic)",0,1385.6406460551,"Wayne","Wolcott town","New York"
"3611782689",2018,"B17001G_ChildPov","Two or More Races (Non-Hispanic)",81.4814814814815,251.198942397345,"Wayne","Wolcott town","New York"
"3611782689",2018,"B17001H_ChildPov","White (Non-Hispanic)",31.123595505618,9.88897677186512,"Wayne","Wolcott town","New York"
"3611782689",2018,"B17001I_ChildPov","Hispanic or Latino (Any Race)",32.1428571428571,125.334439107556,"Wayne","Wolcott town","New York"
"3611782689",2019,"B17001B_ChildPov","Black (Non-Hispanic)",0,138.56406460551,"Wayne","Wolcott town","New York"
"3611782689",2019,"B17001C_ChildPov","Native American (Non-Hispanic)",0,0,"Wayne","Wolcott town","New York"
"3611782689",2019,"B17001D_ChildPov","Asian (Non-Hispanic)",0,461.880215351701,"Wayne","Wolcott town","New York"
"3611782689",2019,"B17001E_ChildPov","Pacific Islander (Non-Hispanic)",0,0,"Wayne","Wolcott town","New York"
"3611782689",2019,"B17001F_ChildPov","Other (Non-Hispanic)",0,1385.6406460551,"Wayne","Wolcott town","New York"
"3611782689",2019,"B17001G_ChildPov","Two or More Races (Non-Hispanic)",0,1385.6406460551,"Wayne","Wolcott town","New York"
"3611782689",2019,"B17001H_ChildPov","White (Non-Hispanic)",33.256880733945,11.3898191833711,"Wayne","Wolcott town","New York"
"3611782689",2019,"B17001I_ChildPov","Hispanic or Latino (Any Race)",0,153.9600717839,"Wayne","Wolcott town","New York"
"3611782689",2020,"B17001B_ChildPov","Black (Non-Hispanic)",0,84.8351415952103,"Wayne","Wolcott town","New York"
"3611782689",2020,"B17001C_ChildPov","Native American (Non-Hispanic)",0,0,"Wayne","Wolcott town","New York"
"3611782689",2020,"B17001D_ChildPov","Asian (Non-Hispanic)",0,259.807621135332,"Wayne","Wolcott town","New York"
"3611782689",2020,"B17001E_ChildPov","Pacific Islander (Non-Hispanic)",0,0,"Wayne","Wolcott town","New York"
"3611782689",2020,"B17001F_ChildPov","Other (Non-Hispanic)",0,0,"Wayne","Wolcott town","New York"
"3611782689",2020,"B17001G_ChildPov","Two or More Races (Non-Hispanic)",0,2078.46096908265,"Wayne","Wolcott town","New York"
"3611782689",2020,"B17001H_ChildPov","White (Non-Hispanic)",39.3341553637485,12.9121487461052,"Wayne","Wolcott town","New York"
"3611782689",2020,"B17001I_ChildPov","Hispanic or Latino (Any Race)",0,197.948663722157,"Wayne","Wolcott town","New York"
"3611782689",2021,"B17001B_ChildPov","Black (Non-Hispanic)",0,125.092558324419,"Wayne","Wolcott town","New York"
"3611782689",2021,"B17001C_ChildPov","Native American (Non-Hispanic)",0,0,"Wayne","Wolcott town","New York"
"3611782689",2021,"B17001D_ChildPov","Asian (Non-Hispanic)",0,0,"Wayne","Wolcott town","New York"
"3611782689",2021,"B17001E_ChildPov","Pacific Islander (Non-Hispanic)",0,0,"Wayne","Wolcott town","New York"
"3611782689",2021,"B17001F_ChildPov","Other (Non-Hispanic)",0,0,"Wayne","Wolcott town","New York"
"3611782689",2021,"B17001G_ChildPov","Two or More Races (Non-Hispanic)",0,375.277674973257,"Wayne","Wolcott town","New York"
"3611782689",2021,"B17001H_ChildPov","White (Non-Hispanic)",30.2469135802469,11.7820210901781,"Wayne","Wolcott town","New York"
"3611782689",2021,"B17001I_ChildPov","Hispanic or Latino (Any Race)",0,128.666631419402,"Wayne","Wolcott town","New York"
"3611782689",2022,"B17001B_ChildPov","Black (Non-Hispanic)",0,150.111069989303,"Wayne","Wolcott town","New York"
"3611782689",2022,"B17001C_ChildPov","Native American (Non-Hispanic)",0,0,"Wayne","Wolcott town","New York"
"3611782689",2022,"B17001D_ChildPov","Asian (Non-Hispanic)",0,0,"Wayne","Wolcott town","New York"
"3611782689",2022,"B17001E_ChildPov","Pacific Islander (Non-Hispanic)",0,0,"Wayne","Wolcott town","New York"
"3611782689",2022,"B17001F_ChildPov","Other (Non-Hispanic)",0,0,"Wayne","Wolcott town","New York"
"3611782689",2022,"B17001G_ChildPov","Two or More Races (Non-Hispanic)",0,128.666631419402,"Wayne","Wolcott town","New York"
"3611782689",2022,"B17001H_ChildPov","White (Non-Hispanic)",29.1989664082687,10.5593556615156,"Wayne","Wolcott town","New York"
"3611782689",2022,"B17001I_ChildPov","Hispanic or Latino (Any Race)",0,80.4166446371264,"Wayne","Wolcott town","New York"
"3611782689",2023,"B17001B_ChildPov","Black (Non-Hispanic)",0,900.666419935816,"Wayne","Wolcott town","New York"
"3611782689",2023,"B17001C_ChildPov","Native American (Non-Hispanic)",0,0,"Wayne","Wolcott town","New York"
"3611782689",2023,"B17001D_ChildPov","Asian (Non-Hispanic)",0,0,"Wayne","Wolcott town","New York"
"3611782689",2023,"B17001E_ChildPov","Pacific Islander (Non-Hispanic)",0,0,"Wayne","Wolcott town","New York"
"3611782689",2023,"B17001F_ChildPov","Other (Non-Hispanic)",0,0,"Wayne","Wolcott town","New York"
"3611782689",2023,"B17001G_ChildPov","Two or More Races (Non-Hispanic)",8.92857142857143,77.3724229584223,"Wayne","Wolcott town","New York"
"3611782689",2023,"B17001H_ChildPov","White (Non-Hispanic)",22.976501305483,8.77593142397835,"Wayne","Wolcott town","New York"
"3611782689",2023,"B17001I_ChildPov","Hispanic or Latino (Any Race)",0,102.348456810888,"Wayne","Wolcott town","New York"
"3611782689",2024,"B17001B_ChildPov","Black (Non-Hispanic)",0,0,"Wayne","Wolcott town","New York"
"3611782689",2024,"B17001C_ChildPov","Native American (Non-Hispanic)",0,0,"Wayne","Wolcott town","New York"
"3611782689",2024,"B17001D_ChildPov","Asian (Non-Hispanic)",0,0,"Wayne","Wolcott town","New York"
"3611782689",2024,"B17001E_ChildPov","Pacific Islander (Non-Hispanic)",0,0,"Wayne","Wolcott town","New York"
"3611782689",2024,"B17001F_ChildPov","Other (Non-Hispanic)",0,0,"Wayne","Wolcott town","New York"
"3611782689",2024,"B17001G_ChildPov","Two or More Races (Non-Hispanic)",5.17241379310345,80.7256205782544,"Wayne","Wolcott town","New York"
"3611782689",2024,"B17001H_ChildPov","White (Non-Hispanic)",20.9016393442623,8.61680691496117,"Wayne","Wolcott town","New York"
"3611782689",2024,"B17001I_ChildPov","Hispanic or Latino (Any Race)",0,71.3197391351891,"Wayne","Wolcott town","New York"
"3612304594",2017,"B17001B_ChildPov","Black (Non-Hispanic)",100,704.132423011327,"Yates","Barrington town","New York"
"3612304594",2017,"B17001C_ChildPov","Native American (Non-Hispanic)",0,0,"Yates","Barrington town","New York"
"3612304594",2017,"B17001D_ChildPov","Asian (Non-Hispanic)",0,0,"Yates","Barrington town","New York"
"3612304594",2017,"B17001E_ChildPov","Pacific Islander (Non-Hispanic)",0,0,"Yates","Barrington town","New York"
"3612304594",2017,"B17001F_ChildPov","Other (Non-Hispanic)",0,635.085296108588,"Yates","Barrington town","New York"
"3612304594",2017,"B17001G_ChildPov","Two or More Races (Non-Hispanic)",0,1905.25588832576,"Yates","Barrington town","New York"
"3612304594",2017,"B17001H_ChildPov","White (Non-Hispanic)",9.04109589041096,8.1729209857689,"Yates","Barrington town","New York"
"3612304594",2017,"B17001I_ChildPov","Hispanic or Latino (Any Race)",0,293.116290511656,"Yates","Barrington town","New York"
"3612304594",2018,"B17001B_ChildPov","Black (Non-Hispanic)",100,507.595371555425,"Yates","Barrington town","New York"
"3612304594",2018,"B17001C_ChildPov","Native American (Non-Hispanic)",0,0,"Yates","Barrington town","New York"
"3612304594",2018,"B17001D_ChildPov","Asian (Non-Hispanic)",0,0,"Yates","Barrington town","New York"
"3612304594",2018,"B17001E_ChildPov","Pacific Islander (Non-Hispanic)",0,0,"Yates","Barrington town","New York"
"3612304594",2018,"B17001F_ChildPov","Other (Non-Hispanic)",0,593.845991166472,"Yates","Barrington town","New York"
"3612304594",2018,"B17001G_ChildPov","Two or More Races (Non-Hispanic)",0,1385.6406460551,"Yates","Barrington town","New York"
"3612304594",2018,"B17001H_ChildPov","White (Non-Hispanic)",4.40835266821346,8.42839072504727,"Yates","Barrington town","New York"
"3612304594",2018,"B17001I_ChildPov","Hispanic or Latino (Any Race)",0,593.845991166472,"Yates","Barrington town","New York"
"3612304594",2019,"B17001B_ChildPov","Black (Non-Hispanic)",0,0,"Yates","Barrington town","New York"
"3612304594",2019,"B17001C_ChildPov","Native American (Non-Hispanic)",0,0,"Yates","Barrington town","New York"
"3612304594",2019,"B17001D_ChildPov","Asian (Non-Hispanic)",0,0,"Yates","Barrington town","New York"
"3612304594",2019,"B17001E_ChildPov","Pacific Islander (Non-Hispanic)",0,0,"Yates","Barrington town","New York"
"3612304594",2019,"B17001F_ChildPov","Other (Non-Hispanic)",0,0,"Yates","Barrington town","New York"
"3612304594",2019,"B17001G_ChildPov","Two or More Races (Non-Hispanic)",0,2078.46096908265,"Yates","Barrington town","New York"
"3612304594",2019,"B17001H_ChildPov","White (Non-Hispanic)",9.53436807095344,8.13897118249094,"Yates","Barrington town","New York"
"3612304594",2019,"B17001I_ChildPov","Hispanic or Latino (Any Race)",0,0,"Yates","Barrington town","New York"
"3612304594",2020,"B17001B_ChildPov","Black (Non-Hispanic)",0,0,"Yates","Barrington town","New York"
"3612304594",2020,"B17001C_ChildPov","Native American (Non-Hispanic)",0,0,"Yates","Barrington town","New York"
"3612304594",2020,"B17001D_ChildPov","Asian (Non-Hispanic)",0,0,"Yates","Barrington town","New York"
"3612304594",2020,"B17001E_ChildPov","Pacific Islander (Non-Hispanic)",0,0,"Yates","Barrington town","New York"
"3612304594",2020,"B17001F_ChildPov","Other (Non-Hispanic)",0,0,"Yates","Barrington town","New York"
"3612304594",2020,"B17001G_ChildPov","Two or More Races (Non-Hispanic)",0,0,"Yates","Barrington town","New York"
"3612304594",2020,"B17001H_ChildPov","White (Non-Hispanic)",10.2449888641425,9.40060378767767,"Yates","Barrington town","New York"
"3612304594",2020,"B17001I_ChildPov","Hispanic or Latino (Any Race)",0,0,"Yates","Barrington town","New York"
"3612304594",2021,"B17001B_ChildPov","Black (Non-Hispanic)",0,0,"Yates","Barrington town","New York"
"3612304594",2021,"B17001C_ChildPov","Native American (Non-Hispanic)",0,0,"Yates","Barrington town","New York"
"3612304594",2021,"B17001D_ChildPov","Asian (Non-Hispanic)",0,0,"Yates","Barrington town","New York"
"3612304594",2021,"B17001E_ChildPov","Pacific Islander (Non-Hispanic)",0,0,"Yates","Barrington town","New York"
"3612304594",2021,"B17001F_ChildPov","Other (Non-Hispanic)",0,0,"Yates","Barrington town","New York"
"3612304594",2021,"B17001G_ChildPov","Two or More Races (Non-Hispanic)",0,0,"Yates","Barrington town","New York"
"3612304594",2021,"B17001H_ChildPov","White (Non-Hispanic)",12.1145374449339,8.74824920788994,"Yates","Barrington town","New York"
"3612304594",2021,"B17001I_ChildPov","Hispanic or Latino (Any Race)",0,0,"Yates","Barrington town","New York"
"3612304594",2022,"B17001B_ChildPov","Black (Non-Hispanic)",0,0,"Yates","Barrington town","New York"
"3612304594",2022,"B17001C_ChildPov","Native American (Non-Hispanic)",0,0,"Yates","Barrington town","New York"
"3612304594",2022,"B17001D_ChildPov","Asian (Non-Hispanic)",0,0,"Yates","Barrington town","New York"
"3612304594",2022,"B17001E_ChildPov","Pacific Islander (Non-Hispanic)",0,0,"Yates","Barrington town","New York"
"3612304594",2022,"B17001F_ChildPov","Other (Non-Hispanic)",0,0,"Yates","Barrington town","New York"
"3612304594",2022,"B17001G_ChildPov","Two or More Races (Non-Hispanic)",0,0,"Yates","Barrington town","New York"
"3612304594",2022,"B17001H_ChildPov","White (Non-Hispanic)",10.0702576112412,8.35902999415384,"Yates","Barrington town","New York"
"3612304594",2022,"B17001I_ChildPov","Hispanic or Latino (Any Race)",0,0,"Yates","Barrington town","New York"
"3612304594",2023,"B17001B_ChildPov","Black (Non-Hispanic)",0,0,"Yates","Barrington town","New York"
"3612304594",2023,"B17001C_ChildPov","Native American (Non-Hispanic)",0,0,"Yates","Barrington town","New York"
"3612304594",2023,"B17001D_ChildPov","Asian (Non-Hispanic)",0,0,"Yates","Barrington town","New York"
"3612304594",2023,"B17001E_ChildPov","Pacific Islander (Non-Hispanic)",0,0,"Yates","Barrington town","New York"
"3612304594",2023,"B17001F_ChildPov","Other (Non-Hispanic)",0,0,"Yates","Barrington town","New York"
"3612304594",2023,"B17001G_ChildPov","Two or More Races (Non-Hispanic)",0,0,"Yates","Barrington town","New York"
"3612304594",2023,"B17001H_ChildPov","White (Non-Hispanic)",12.035010940919,8.10363822821481,"Yates","Barrington town","New York"
"3612304594",2023,"B17001I_ChildPov","Hispanic or Latino (Any Race)",0,0,"Yates","Barrington town","New York"
"3612304594",2024,"B17001B_ChildPov","Black (Non-Hispanic)",0,0,"Yates","Barrington town","New York"
"3612304594",2024,"B17001C_ChildPov","Native American (Non-Hispanic)",0,0,"Yates","Barrington town","New York"
"3612304594",2024,"B17001D_ChildPov","Asian (Non-Hispanic)",0,0,"Yates","Barrington town","New York"
"3612304594",2024,"B17001E_ChildPov","Pacific Islander (Non-Hispanic)",0,0,"Yates","Barrington town","New York"
"3612304594",2024,"B17001F_ChildPov","Other (Non-Hispanic)",0,0,"Yates","Barrington town","New York"
"3612304594",2024,"B17001G_ChildPov","Two or More Races (Non-Hispanic)",0,538.860251243651,"Yates","Barrington town","New York"
"3612304594",2024,"B17001H_ChildPov","White (Non-Hispanic)",6.9327731092437,8.11428959750713,"Yates","Barrington town","New York"
"3612304594",2024,"B17001I_ChildPov","Hispanic or Latino (Any Race)",0,538.860251243651,"Yates","Barrington town","New York"
"3612306002",2017,"B17001B_ChildPov","Black (Non-Hispanic)",0,0,"Yates","Benton town","New York"
"3612306002",2017,"B17001C_ChildPov","Native American (Non-Hispanic)",0,0,"Yates","Benton town","New York"
"3612306002",2017,"B17001D_ChildPov","Asian (Non-Hispanic)",0,952.627944162882,"Yates","Benton town","New York"
"3612306002",2017,"B17001E_ChildPov","Pacific Islander (Non-Hispanic)",0,0,"Yates","Benton town","New York"
"3612306002",2017,"B17001F_ChildPov","Other (Non-Hispanic)",0,635.085296108588,"Yates","Benton town","New York"
"3612306002",2017,"B17001G_ChildPov","Two or More Races (Non-Hispanic)",0,423.390197405726,"Yates","Benton town","New York"
"3612306002",2017,"B17001H_ChildPov","White (Non-Hispanic)",12.2641509433962,6.23926878743454,"Yates","Benton town","New York"
"3612306002",2017,"B17001I_ChildPov","Hispanic or Latino (Any Race)",0,0,"Yates","Benton town","New York"
"3612306002",2018,"B17001B_ChildPov","Black (Non-Hispanic)",0,0,"Yates","Benton town","New York"
"3612306002",2018,"B17001C_ChildPov","Native American (Non-Hispanic)",0,0,"Yates","Benton town","New York"
"3612306002",2018,"B17001D_ChildPov","Asian (Non-Hispanic)",0,519.615242270663,"Yates","Benton town","New York"
"3612306002",2018,"B17001E_ChildPov","Pacific Islander (Non-Hispanic)",0,0,"Yates","Benton town","New York"
"3612306002",2018,"B17001F_ChildPov","Other (Non-Hispanic)",0,519.615242270663,"Yates","Benton town","New York"
"3612306002",2018,"B17001G_ChildPov","Two or More Races (Non-Hispanic)",0,319.763226012716,"Yates","Benton town","New York"
"3612306002",2018,"B17001H_ChildPov","White (Non-Hispanic)",9.10683012259194,5.78664443600659,"Yates","Benton town","New York"
"3612306002",2018,"B17001I_ChildPov","Hispanic or Latino (Any Race)",0,0,"Yates","Benton town","New York"
"3612306002",2019,"B17001B_ChildPov","Black (Non-Hispanic)",0,0,"Yates","Benton town","New York"
"3612306002",2019,"B17001C_ChildPov","Native American (Non-Hispanic)",0,0,"Yates","Benton town","New York"
"3612306002",2019,"B17001D_ChildPov","Asian (Non-Hispanic)",0,692.820323027551,"Yates","Benton town","New York"
"3612306002",2019,"B17001E_ChildPov","Pacific Islander (Non-Hispanic)",0,0,"Yates","Benton town","New York"
"3612306002",2019,"B17001F_ChildPov","Other (Non-Hispanic)",0,0,"Yates","Benton town","New York"
"3612306002",2019,"B17001G_ChildPov","Two or More Races (Non-Hispanic)",0,319.763226012716,"Yates","Benton town","New York"
"3612306002",2019,"B17001H_ChildPov","White (Non-Hispanic)",8.48896434634974,6.08106374313986,"Yates","Benton town","New York"
"3612306002",2019,"B17001I_ChildPov","Hispanic or Latino (Any Race)",0,377.901994378664,"Yates","Benton town","New York"
"3612306002",2020,"B17001B_ChildPov","Black (Non-Hispanic)",0,0,"Yates","Benton town","New York"
"3612306002",2020,"B17001C_ChildPov","Native American (Non-Hispanic)",0,0,"Yates","Benton town","New York"
"3612306002",2020,"B17001D_ChildPov","Asian (Non-Hispanic)",0,259.807621135332,"Yates","Benton town","New York"
"3612306002",2020,"B17001E_ChildPov","Pacific Islander (Non-Hispanic)",0,0,"Yates","Benton town","New York"
"3612306002",2020,"B17001F_ChildPov","Other (Non-Hispanic)",0,0,"Yates","Benton town","New York"
"3612306002",2020,"B17001G_ChildPov","Two or More Races (Non-Hispanic)",0,0,"Yates","Benton town","New York"
"3612306002",2020,"B17001H_ChildPov","White (Non-Hispanic)",20.1398601398601,9.0138154661124,"Yates","Benton town","New York"
"3612306002",2020,"B17001I_ChildPov","Hispanic or Latino (Any Race)",0,831.384387633061,"Yates","Benton town","New York"
"3612306002",2021,"B17001B_ChildPov","Black (Non-Hispanic)",0,0,"Yates","Benton town","New York"
"3612306002",2021,"B17001C_ChildPov","Native American (Non-Hispanic)",0,0,"Yates","Benton town","New York"
"3612306002",2021,"B17001D_ChildPov","Asian (Non-Hispanic)",0,180.133283987163,"Yates","Benton town","New York"
"3612306002",2021,"B17001E_ChildPov","Pacific Islander (Non-Hispanic)",0,0,"Yates","Benton town","New York"
"3612306002",2021,"B17001F_ChildPov","Other (Non-Hispanic)",0,0,"Yates","Benton town","New York"
"3612306002",2021,"B17001G_ChildPov","Two or More Races (Non-Hispanic)",0,0,"Yates","Benton town","New York"
"3612306002",2021,"B17001H_ChildPov","White (Non-Hispanic)",18.3462532299742,7.68705412255877,"Yates","Benton town","New York"
"3612306002",2021,"B17001I_ChildPov","Hispanic or Latino (Any Race)",0,750.555349946513,"Yates","Benton town","New York"
"3612306002",2022,"B17001B_ChildPov","Black (Non-Hispanic)",0,0,"Yates","Benton town","New York"
"3612306002",2022,"B17001C_ChildPov","Native American (Non-Hispanic)",0,0,"Yates","Benton town","New York"
"3612306002",2022,"B17001D_ChildPov","Asian (Non-Hispanic)",0,0,"Yates","Benton town","New York"
"3612306002",2022,"B17001E_ChildPov","Pacific Islander (Non-Hispanic)",0,0,"Yates","Benton town","New York"
"3612306002",2022,"B17001F_ChildPov","Other (Non-Hispanic)",0,0,"Yates","Benton town","New York"
"3612306002",2022,"B17001G_ChildPov","Two or More Races (Non-Hispanic)",30,397.548739150308,"Yates","Benton town","New York"
"3612306002",2022,"B17001H_ChildPov","White (Non-Hispanic)",15.3350515463918,7.74190503233252,"Yates","Benton town","New York"
"3612306002",2022,"B17001I_ChildPov","Hispanic or Latino (Any Race)",0,409.393827243553,"Yates","Benton town","New York"
"3612306002",2023,"B17001B_ChildPov","Black (Non-Hispanic)",0,0,"Yates","Benton town","New York"
"3612306002",2023,"B17001C_ChildPov","Native American (Non-Hispanic)",0,0,"Yates","Benton town","New York"
"3612306002",2023,"B17001D_ChildPov","Asian (Non-Hispanic)",0,0,"Yates","Benton town","New York"
"3612306002",2023,"B17001E_ChildPov","Pacific Islander (Non-Hispanic)",0,0,"Yates","Benton town","New York"
"3612306002",2023,"B17001F_ChildPov","Other (Non-Hispanic)",0,0,"Yates","Benton town","New York"
"3612306002",2023,"B17001G_ChildPov","Two or More Races (Non-Hispanic)",23.0769230769231,319.235019247721,"Yates","Benton town","New York"
"3612306002",2023,"B17001H_ChildPov","White (Non-Hispanic)",21.8346253229974,7.70110475348395,"Yates","Benton town","New York"
"3612306002",2023,"B17001I_ChildPov","Hispanic or Latino (Any Race)",0,375.277674973257,"Yates","Benton town","New York"
"3612306002",2024,"B17001B_ChildPov","Black (Non-Hispanic)",0,0,"Yates","Benton town","New York"
"3612306002",2024,"B17001C_ChildPov","Native American (Non-Hispanic)",0,0,"Yates","Benton town","New York"
"3612306002",2024,"B17001D_ChildPov","Asian (Non-Hispanic)",0,0,"Yates","Benton town","New York"
"3612306002",2024,"B17001E_ChildPov","Pacific Islander (Non-Hispanic)",0,0,"Yates","Benton town","New York"
"3612306002",2024,"B17001F_ChildPov","Other (Non-Hispanic)",0,0,"Yates","Benton town","New York"
"3612306002",2024,"B17001G_ChildPov","Two or More Races (Non-Hispanic)",18.1818181818182,414.939411049231,"Yates","Benton town","New York"
"3612306002",2024,"B17001H_ChildPov","White (Non-Hispanic)",36.1459521094641,10.8213476756998,"Yates","Benton town","New York"
"3612306002",2024,"B17001I_ChildPov","Hispanic or Latino (Any Race)",0,538.860251243651,"Yates","Benton town","New York"
"3612338044",2017,"B17001B_ChildPov","Black (Non-Hispanic)",0,0,"Yates","Italy town","New York"
"3612338044",2017,"B17001C_ChildPov","Native American (Non-Hispanic)",0,0,"Yates","Italy town","New York"
"3612338044",2017,"B17001D_ChildPov","Asian (Non-Hispanic)",0,0,"Yates","Italy town","New York"
"3612338044",2017,"B17001E_ChildPov","Pacific Islander (Non-Hispanic)",0,0,"Yates","Italy town","New York"
"3612338044",2017,"B17001F_ChildPov","Other (Non-Hispanic)",0,0,"Yates","Italy town","New York"
"3612338044",2017,"B17001G_ChildPov","Two or More Races (Non-Hispanic)",0,0,"Yates","Italy town","New York"
"3612338044",2017,"B17001H_ChildPov","White (Non-Hispanic)",27.5449101796407,17.7522078564613,"Yates","Italy town","New York"
"3612338044",2017,"B17001I_ChildPov","Hispanic or Latino (Any Race)",0,0,"Yates","Italy town","New York"
"3612338044",2018,"B17001B_ChildPov","Black (Non-Hispanic)",0,0,"Yates","Italy town","New York"
"3612338044",2018,"B17001C_ChildPov","Native American (Non-Hispanic)",0,0,"Yates","Italy town","New York"
"3612338044",2018,"B17001D_ChildPov","Asian (Non-Hispanic)",0,0,"Yates","Italy town","New York"
"3612338044",2018,"B17001E_ChildPov","Pacific Islander (Non-Hispanic)",0,692.820323027551,"Yates","Italy town","New York"
"3612338044",2018,"B17001F_ChildPov","Other (Non-Hispanic)",0,0,"Yates","Italy town","New York"
"3612338044",2018,"B17001G_ChildPov","Two or More Races (Non-Hispanic)",0,0,"Yates","Italy town","New York"
"3612338044",2018,"B17001H_ChildPov","White (Non-Hispanic)",17.9856115107914,22.9257319462429,"Yates","Italy town","New York"
"3612338044",2018,"B17001I_ChildPov","Hispanic or Latino (Any Race)",0,0,"Yates","Italy town","New York"
"3612338044",2019,"B17001B_ChildPov","Black (Non-Hispanic)",0,0,"Yates","Italy town","New York"
"3612338044",2019,"B17001C_ChildPov","Native American (Non-Hispanic)",0,0,"Yates","Italy town","New York"
"3612338044",2019,"B17001D_ChildPov","Asian (Non-Hispanic)",0,0,"Yates","Italy town","New York"
"3612338044",2019,"B17001E_ChildPov","Pacific Islander (Non-Hispanic)",0,692.820323027551,"Yates","Italy town","New York"
"3612338044",2019,"B17001F_ChildPov","Other (Non-Hispanic)",0,0,"Yates","Italy town","New York"
"3612338044",2019,"B17001G_ChildPov","Two or More Races (Non-Hispanic)",0,0,"Yates","Italy town","New York"
"3612338044",2019,"B17001H_ChildPov","White (Non-Hispanic)",13.9705882352941,26.8529806049679,"Yates","Italy town","New York"
"3612338044",2019,"B17001I_ChildPov","Hispanic or Latino (Any Race)",0,0,"Yates","Italy town","New York"
"3612338044",2020,"B17001B_ChildPov","Black (Non-Hispanic)",0,0,"Yates","Italy town","New York"
"3612338044",2020,"B17001C_ChildPov","Native American (Non-Hispanic)",0,0,"Yates","Italy town","New York"
"3612338044",2020,"B17001D_ChildPov","Asian (Non-Hispanic)",0,0,"Yates","Italy town","New York"
"3612338044",2020,"B17001E_ChildPov","Pacific Islander (Non-Hispanic)",0,593.845991166472,"Yates","Italy town","New York"
"3612338044",2020,"B17001F_ChildPov","Other (Non-Hispanic)",0,0,"Yates","Italy town","New York"
"3612338044",2020,"B17001G_ChildPov","Two or More Races (Non-Hispanic)",0,0,"Yates","Italy town","New York"
"3612338044",2020,"B17001H_ChildPov","White (Non-Hispanic)",3.2258064516129,43.236737506304,"Yates","Italy town","New York"
"3612338044",2020,"B17001I_ChildPov","Hispanic or Latino (Any Race)",0,0,"Yates","Italy town","New York"
"3612338044",2021,"B17001B_ChildPov","Black (Non-Hispanic)",0,0,"Yates","Italy town","New York"
"3612338044",2021,"B17001C_ChildPov","Native American (Non-Hispanic)",0,0,"Yates","Italy town","New York"
"3612338044",2021,"B17001D_ChildPov","Asian (Non-Hispanic)",0,0,"Yates","Italy town","New York"
"3612338044",2021,"B17001E_ChildPov","Pacific Islander (Non-Hispanic)",0,500.370233297676,"Yates","Italy town","New York"
"3612338044",2021,"B17001F_ChildPov","Other (Non-Hispanic)",0,0,"Yates","Italy town","New York"
"3612338044",2021,"B17001G_ChildPov","Two or More Races (Non-Hispanic)",0,0,"Yates","Italy town","New York"
"3612338044",2021,"B17001H_ChildPov","White (Non-Hispanic)",5.98290598290598,36.0198157606477,"Yates","Italy town","New York"
"3612338044",2021,"B17001I_ChildPov","Hispanic or Latino (Any Race)",0,0,"Yates","Italy town","New York"
"3612338044",2022,"B17001B_ChildPov","Black (Non-Hispanic)",0,0,"Yates","Italy town","New York"
"3612338044",2022,"B17001C_ChildPov","Native American (Non-Hispanic)",0,0,"Yates","Italy town","New York"
"3612338044",2022,"B17001D_ChildPov","Asian (Non-Hispanic)",0,0,"Yates","Italy town","New York"
"3612338044",2022,"B17001E_ChildPov","Pacific Islander (Non-Hispanic)",0,900.666419935816,"Yates","Italy town","New York"
"3612338044",2022,"B17001F_ChildPov","Other (Non-Hispanic)",0,0,"Yates","Italy town","New York"
"3612338044",2022,"B17001G_ChildPov","Two or More Races (Non-Hispanic)",0,0,"Yates","Italy town","New York"
"3612338044",2022,"B17001H_ChildPov","White (Non-Hispanic)",15.3846153846154,22.3410984624388,"Yates","Italy town","New York"
"3612338044",2022,"B17001I_ChildPov","Hispanic or Latino (Any Race)",0,0,"Yates","Italy town","New York"
"3612338044",2023,"B17001B_ChildPov","Black (Non-Hispanic)",0,0,"Yates","Italy town","New York"
"3612338044",2023,"B17001C_ChildPov","Native American (Non-Hispanic)",0,0,"Yates","Italy town","New York"
"3612338044",2023,"B17001D_ChildPov","Asian (Non-Hispanic)",0,0,"Yates","Italy town","New York"
"3612338044",2023,"B17001E_ChildPov","Pacific Islander (Non-Hispanic)",0,0,"Yates","Italy town","New York"
"3612338044",2023,"B17001F_ChildPov","Other (Non-Hispanic)",0,0,"Yates","Italy town","New York"
"3612338044",2023,"B17001G_ChildPov","Two or More Races (Non-Hispanic)",0,0,"Yates","Italy town","New York"
"3612338044",2023,"B17001H_ChildPov","White (Non-Hispanic)",22.2222222222222,19.5871215717733,"Yates","Italy town","New York"
"3612338044",2023,"B17001I_ChildPov","Hispanic or Latino (Any Race)",0,0,"Yates","Italy town","New York"
"3612338044",2024,"B17001B_ChildPov","Black (Non-Hispanic)",0,0,"Yates","Italy town","New York"
"3612338044",2024,"B17001C_ChildPov","Native American (Non-Hispanic)",0,0,"Yates","Italy town","New York"
"3612338044",2024,"B17001D_ChildPov","Asian (Non-Hispanic)",0,0,"Yates","Italy town","New York"
"3612338044",2024,"B17001E_ChildPov","Pacific Islander (Non-Hispanic)",0,0,"Yates","Italy town","New York"
"3612338044",2024,"B17001F_ChildPov","Other (Non-Hispanic)",0,0,"Yates","Italy town","New York"
"3612338044",2024,"B17001G_ChildPov","Two or More Races (Non-Hispanic)",0,0,"Yates","Italy town","New York"
"3612338044",2024,"B17001H_ChildPov","White (Non-Hispanic)",20.6666666666667,20.5828253948424,"Yates","Italy town","New York"
"3612338044",2024,"B17001I_ChildPov","Hispanic or Latino (Any Race)",0,0,"Yates","Italy town","New York"
"3612338583",2017,"B17001B_ChildPov","Black (Non-Hispanic)",0,0,"Yates","Jerusalem town","New York"
"3612338583",2017,"B17001C_ChildPov","Native American (Non-Hispanic)",0,293.116290511656,"Yates","Jerusalem town","New York"
"3612338583",2017,"B17001D_ChildPov","Asian (Non-Hispanic)",0,1905.25588832576,"Yates","Jerusalem town","New York"
"3612338583",2017,"B17001E_ChildPov","Pacific Islander (Non-Hispanic)",0,0,"Yates","Jerusalem town","New York"
"3612338583",2017,"B17001F_ChildPov","Other (Non-Hispanic)",0,141.130065801909,"Yates","Jerusalem town","New York"
"3612338583",2017,"B17001G_ChildPov","Two or More Races (Non-Hispanic)",0,0,"Yates","Jerusalem town","New York"
"3612338583",2017,"B17001H_ChildPov","White (Non-Hispanic)",24.0384615384615,11.7716165169278,"Yates","Jerusalem town","New York"
"3612338583",2017,"B17001I_ChildPov","Hispanic or Latino (Any Race)",0,95.2627944162882,"Yates","Jerusalem town","New York"
"3612338583",2018,"B17001B_ChildPov","Black (Non-Hispanic)",0,0,"Yates","Jerusalem town","New York"
"3612338583",2018,"B17001C_ChildPov","Native American (Non-Hispanic)",0,277.12812921102,"Yates","Jerusalem town","New York"
"3612338583",2018,"B17001D_ChildPov","Asian (Non-Hispanic)",0,831.384387633061,"Yates","Jerusalem town","New York"
"3612338583",2018,"B17001E_ChildPov","Pacific Islander (Non-Hispanic)",0,0,"Yates","Jerusalem town","New York"
"3612338583",2018,"B17001F_ChildPov","Other (Non-Hispanic)",0,143.342135798804,"Yates","Jerusalem town","New York"
"3612338583",2018,"B17001G_ChildPov","Two or More Races (Non-Hispanic)",0,0,"Yates","Jerusalem town","New York"
"3612338583",2018,"B17001H_ChildPov","White (Non-Hispanic)",10.5670103092784,8.65754953731041,"Yates","Jerusalem town","New York"
"3612338583",2018,"B17001I_ChildPov","Hispanic or Latino (Any Race)",0,94.475498594666,"Yates","Jerusalem town","New York"
"3612338583",2019,"B17001B_ChildPov","Black (Non-Hispanic)",0,0,"Yates","Jerusalem town","New York"
"3612338583",2019,"B17001C_ChildPov","Native American (Non-Hispanic)",0,346.410161513776,"Yates","Jerusalem town","New York"
"3612338583",2019,"B17001D_ChildPov","Asian (Non-Hispanic)",0,831.384387633061,"Yates","Jerusalem town","New York"
"3612338583",2019,"B17001E_ChildPov","Pacific Islander (Non-Hispanic)",0,0,"Yates","Jerusalem town","New York"
"3612338583",2019,"B17001F_ChildPov","Other (Non-Hispanic)",0,180.73573644197,"Yates","Jerusalem town","New York"
"3612338583",2019,"B17001G_ChildPov","Two or More Races (Non-Hispanic)",0,0,"Yates","Jerusalem town","New York"
"3612338583",2019,"B17001H_ChildPov","White (Non-Hispanic)",16.0919540229885,9.27454800413462,"Yates","Jerusalem town","New York"
"3612338583",2019,"B17001I_ChildPov","Hispanic or Latino (Any Race)",0,86.6025403784439,"Yates","Jerusalem town","New York"
"3612338583",2020,"B17001B_ChildPov","Black (Non-Hispanic)",0,0,"Yates","Jerusalem town","New York"
"3612338583",2020,"B17001C_ChildPov","Native American (Non-Hispanic)",0,377.901994378664,"Yates","Jerusalem town","New York"
"3612338583",2020,"B17001D_ChildPov","Asian (Non-Hispanic)",0,319.763226012716,"Yates","Jerusalem town","New York"
"3612338583",2020,"B17001E_ChildPov","Pacific Islander (Non-Hispanic)",0,0,"Yates","Jerusalem town","New York"
"3612338583",2020,"B17001F_ChildPov","Other (Non-Hispanic)",0,188.950997189332,"Yates","Jerusalem town","New York"
"3612338583",2020,"B17001G_ChildPov","Two or More Races (Non-Hispanic)",0,0,"Yates","Jerusalem town","New York"
"3612338583",2020,"B17001H_ChildPov","White (Non-Hispanic)",19.7674418604651,12.6335315262244,"Yates","Jerusalem town","New York"
"3612338583",2020,"B17001I_ChildPov","Hispanic or Latino (Any Race)",0,101.388339955251,"Yates","Jerusalem town","New York"
"3612338583",2021,"B17001B_ChildPov","Black (Non-Hispanic)",0,0,"Yates","Jerusalem town","New York"
"3612338583",2021,"B17001C_ChildPov","Native American (Non-Hispanic)",0,0,"Yates","Jerusalem town","New York"
"3612338583",2021,"B17001D_ChildPov","Asian (Non-Hispanic)",0,300.222139978605,"Yates","Jerusalem town","New York"
"3612338583",2021,"B17001E_ChildPov","Pacific Islander (Non-Hispanic)",0,0,"Yates","Jerusalem town","New York"
"3612338583",2021,"B17001F_ChildPov","Other (Non-Hispanic)",0,0,"Yates","Jerusalem town","New York"
"3612338583",2021,"B17001G_ChildPov","Two or More Races (Non-Hispanic)",0,0,"Yates","Jerusalem town","New York"
"3612338583",2021,"B17001H_ChildPov","White (Non-Hispanic)",19.5675675675676,11.4478600430423,"Yates","Jerusalem town","New York"
"3612338583",2021,"B17001I_ChildPov","Hispanic or Latino (Any Race)",0,409.393827243553,"Yates","Jerusalem town","New York"
"3612338583",2022,"B17001B_ChildPov","Black (Non-Hispanic)",0,0,"Yates","Jerusalem town","New York"
"3612338583",2022,"B17001C_ChildPov","Native American (Non-Hispanic)",0,0,"Yates","Jerusalem town","New York"
"3612338583",2022,"B17001D_ChildPov","Asian (Non-Hispanic)",0,0,"Yates","Jerusalem town","New York"
"3612338583",2022,"B17001E_ChildPov","Pacific Islander (Non-Hispanic)",0,0,"Yates","Jerusalem town","New York"
"3612338583",2022,"B17001F_ChildPov","Other (Non-Hispanic)",0,0,"Yates","Jerusalem town","New York"
"3612338583",2022,"B17001G_ChildPov","Two or More Races (Non-Hispanic)",0,0,"Yates","Jerusalem town","New York"
"3612338583",2022,"B17001H_ChildPov","White (Non-Hispanic)",22.991347342398,11.9365306852632,"Yates","Jerusalem town","New York"
"3612338583",2022,"B17001I_ChildPov","Hispanic or Latino (Any Race)",0,500.370233297676,"Yates","Jerusalem town","New York"
"3612338583",2023,"B17001B_ChildPov","Black (Non-Hispanic)",0,0,"Yates","Jerusalem town","New York"
"3612338583",2023,"B17001C_ChildPov","Native American (Non-Hispanic)",0,0,"Yates","Jerusalem town","New York"
"3612338583",2023,"B17001D_ChildPov","Asian (Non-Hispanic)",0,0,"Yates","Jerusalem town","New York"
"3612338583",2023,"B17001E_ChildPov","Pacific Islander (Non-Hispanic)",0,0,"Yates","Jerusalem town","New York"
"3612338583",2023,"B17001F_ChildPov","Other (Non-Hispanic)",0,0,"Yates","Jerusalem town","New York"
"3612338583",2023,"B17001G_ChildPov","Two or More Races (Non-Hispanic)",0,750.555349946513,"Yates","Jerusalem town","New York"
"3612338583",2023,"B17001H_ChildPov","White (Non-Hispanic)",24.6469833119384,13.2200579841918,"Yates","Jerusalem town","New York"
"3612338583",2023,"B17001I_ChildPov","Hispanic or Latino (Any Race)",0,500.370233297676,"Yates","Jerusalem town","New York"
"3612338583",2024,"B17001B_ChildPov","Black (Non-Hispanic)",0,0,"Yates","Jerusalem town","New York"
"3612338583",2024,"B17001C_ChildPov","Native American (Non-Hispanic)",0,0,"Yates","Jerusalem town","New York"
"3612338583",2024,"B17001D_ChildPov","Asian (Non-Hispanic)",0,0,"Yates","Jerusalem town","New York"
"3612338583",2024,"B17001E_ChildPov","Pacific Islander (Non-Hispanic)",0,0,"Yates","Jerusalem town","New York"
"3612338583",2024,"B17001F_ChildPov","Other (Non-Hispanic)",0,0,"Yates","Jerusalem town","New York"
"3612338583",2024,"B17001G_ChildPov","Two or More Races (Non-Hispanic)",0,606.217782649107,"Yates","Jerusalem town","New York"
"3612338583",2024,"B17001H_ChildPov","White (Non-Hispanic)",17.1171171171171,12.3597377860559,"Yates","Jerusalem town","New York"
"3612338583",2024,"B17001I_ChildPov","Hispanic or Latino (Any Race)",0,0,"Yates","Jerusalem town","New York"
"3612347020",2017,"B17001B_ChildPov","Black (Non-Hispanic)",5,182.077250089076,"Yates","Middlesex town","New York"
"3612347020",2017,"B17001C_ChildPov","Native American (Non-Hispanic)",0,0,"Yates","Middlesex town","New York"
"3612347020",2017,"B17001D_ChildPov","Asian (Non-Hispanic)",0,0,"Yates","Middlesex town","New York"
"3612347020",2017,"B17001E_ChildPov","Pacific Islander (Non-Hispanic)",0,0,"Yates","Middlesex town","New York"
"3612347020",2017,"B17001F_ChildPov","Other (Non-Hispanic)",0,0,"Yates","Middlesex town","New York"
"3612347020",2017,"B17001G_ChildPov","Two or More Races (Non-Hispanic)",0,254.034118443435,"Yates","Middlesex town","New York"
"3612347020",2017,"B17001H_ChildPov","White (Non-Hispanic)",15.948275862069,16.0058810150875,"Yates","Middlesex town","New York"
"3612347020",2017,"B17001I_ChildPov","Hispanic or Latino (Any Race)",0,200.553251402712,"Yates","Middlesex town","New York"
"3612347020",2018,"B17001B_ChildPov","Black (Non-Hispanic)",5,198.931835059148,"Yates","Middlesex town","New York"
"3612347020",2018,"B17001C_ChildPov","Native American (Non-Hispanic)",0,0,"Yates","Middlesex town","New York"
"3612347020",2018,"B17001D_ChildPov","Asian (Non-Hispanic)",0,0,"Yates","Middlesex town","New York"
"3612347020",2018,"B17001E_ChildPov","Pacific Islander (Non-Hispanic)",0,0,"Yates","Middlesex town","New York"
"3612347020",2018,"B17001F_ChildPov","Other (Non-Hispanic)",0,0,"Yates","Middlesex town","New York"
"3612347020",2018,"B17001G_ChildPov","Two or More Races (Non-Hispanic)",0,166.276877526612,"Yates","Middlesex town","New York"
"3612347020",2018,"B17001H_ChildPov","White (Non-Hispanic)",15.5963302752294,19.3801698487167,"Yates","Middlesex town","New York"
"3612347020",2018,"B17001I_ChildPov","Hispanic or Latino (Any Race)",0,218.785365166595,"Yates","Middlesex town","New York"
"3612347020",2019,"B17001B_ChildPov","Black (Non-Hispanic)",22.2222222222222,214.072970507073,"Yates","Middlesex town","New York"
"3612347020",2019,"B17001C_ChildPov","Native American (Non-Hispanic)",0,0,"Yates","Middlesex town","New York"
"3612347020",2019,"B17001D_ChildPov","Asian (Non-Hispanic)",0,0,"Yates","Middlesex town","New York"
"3612347020",2019,"B17001E_ChildPov","Pacific Islander (Non-Hispanic)",0,0,"Yates","Middlesex town","New York"
"3612347020",2019,"B17001F_ChildPov","Other (Non-Hispanic)",0,0,"Yates","Middlesex town","New York"
"3612347020",2019,"B17001G_ChildPov","Two or More Races (Non-Hispanic)",22.5806451612903,123.24712943499,"Yates","Middlesex town","New York"
"3612347020",2019,"B17001H_ChildPov","White (Non-Hispanic)",7.981220657277,19.9446900458193,"Yates","Middlesex town","New York"
"3612347020",2019,"B17001I_ChildPov","Hispanic or Latino (Any Race)",0,296.922995583236,"Yates","Middlesex town","New York"
"3612347020",2020,"B17001B_ChildPov","Black (Non-Hispanic)",100,1777.99043866945,"Yates","Middlesex town","New York"
"3612347020",2020,"B17001C_ChildPov","Native American (Non-Hispanic)",0,0,"Yates","Middlesex town","New York"
"3612347020",2020,"B17001D_ChildPov","Asian (Non-Hispanic)",0,0,"Yates","Middlesex town","New York"
"3612347020",2020,"B17001E_ChildPov","Pacific Islander (Non-Hispanic)",0,0,"Yates","Middlesex town","New York"
"3612347020",2020,"B17001F_ChildPov","Other (Non-Hispanic)",0,0,"Yates","Middlesex town","New York"
"3612347020",2020,"B17001G_ChildPov","Two or More Races (Non-Hispanic)",100,612.825877028341,"Yates","Middlesex town","New York"
"3612347020",2020,"B17001H_ChildPov","White (Non-Hispanic)",10.738255033557,27.9731860930964,"Yates","Middlesex town","New York"
"3612347020",2020,"B17001I_ChildPov","Hispanic or Latino (Any Race)",0,0,"Yates","Middlesex town","New York"
"3612347020",2021,"B17001B_ChildPov","Black (Non-Hispanic)",100,1300,"Yates","Middlesex town","New York"
"3612347020",2021,"B17001C_ChildPov","Native American (Non-Hispanic)",0,0,"Yates","Middlesex town","New York"
"3612347020",2021,"B17001D_ChildPov","Asian (Non-Hispanic)",0,0,"Yates","Middlesex town","New York"
"3612347020",2021,"B17001E_ChildPov","Pacific Islander (Non-Hispanic)",0,0,"Yates","Middlesex town","New York"
"3612347020",2021,"B17001F_ChildPov","Other (Non-Hispanic)",0,0,"Yates","Middlesex town","New York"
"3612347020",2021,"B17001G_ChildPov","Two or More Races (Non-Hispanic)",54.1666666666667,130.147902643493,"Yates","Middlesex town","New York"
"3612347020",2021,"B17001H_ChildPov","White (Non-Hispanic)",8.12182741116751,22.5319446358626,"Yates","Middlesex town","New York"
"3612347020",2021,"B17001I_ChildPov","Hispanic or Latino (Any Race)",0,0,"Yates","Middlesex town","New York"
"3612347020",2022,"B17001B_ChildPov","Black (Non-Hispanic)",0,0,"Yates","Middlesex town","New York"
"3612347020",2022,"B17001C_ChildPov","Native American (Non-Hispanic)",0,0,"Yates","Middlesex town","New York"
"3612347020",2022,"B17001D_ChildPov","Asian (Non-Hispanic)",0,0,"Yates","Middlesex town","New York"
"3612347020",2022,"B17001E_ChildPov","Pacific Islander (Non-Hispanic)",0,0,"Yates","Middlesex town","New York"
"3612347020",2022,"B17001F_ChildPov","Other (Non-Hispanic)",0,0,"Yates","Middlesex town","New York"
"3612347020",2022,"B17001G_ChildPov","Two or More Races (Non-Hispanic)",55.5555555555556,301.429303580717,"Yates","Middlesex town","New York"
"3612347020",2022,"B17001H_ChildPov","White (Non-Hispanic)",0,23.5776549721418,"Yates","Middlesex town","New York"
"3612347020",2022,"B17001I_ChildPov","Hispanic or Latino (Any Race)",0,0,"Yates","Middlesex town","New York"
"3612347020",2023,"B17001B_ChildPov","Black (Non-Hispanic)",0,0,"Yates","Middlesex town","New York"
"3612347020",2023,"B17001C_ChildPov","Native American (Non-Hispanic)",0,0,"Yates","Middlesex town","New York"
"3612347020",2023,"B17001D_ChildPov","Asian (Non-Hispanic)",0,0,"Yates","Middlesex town","New York"
"3612347020",2023,"B17001E_ChildPov","Pacific Islander (Non-Hispanic)",0,0,"Yates","Middlesex town","New York"
"3612347020",2023,"B17001F_ChildPov","Other (Non-Hispanic)",0,0,"Yates","Middlesex town","New York"
"3612347020",2023,"B17001G_ChildPov","Two or More Races (Non-Hispanic)",52.3809523809524,148.944383335816,"Yates","Middlesex town","New York"
"3612347020",2023,"B17001H_ChildPov","White (Non-Hispanic)",0,20.3770683243397,"Yates","Middlesex town","New York"
"3612347020",2023,"B17001I_ChildPov","Hispanic or Latino (Any Race)",0,0,"Yates","Middlesex town","New York"
"3612347020",2024,"B17001B_ChildPov","Black (Non-Hispanic)",0,0,"Yates","Middlesex town","New York"
"3612347020",2024,"B17001C_ChildPov","Native American (Non-Hispanic)",0,0,"Yates","Middlesex town","New York"
"3612347020",2024,"B17001D_ChildPov","Asian (Non-Hispanic)",0,0,"Yates","Middlesex town","New York"
"3612347020",2024,"B17001E_ChildPov","Pacific Islander (Non-Hispanic)",0,0,"Yates","Middlesex town","New York"
"3612347020",2024,"B17001F_ChildPov","Other (Non-Hispanic)",0,0,"Yates","Middlesex town","New York"
"3612347020",2024,"B17001G_ChildPov","Two or More Races (Non-Hispanic)",0,156.443298748157,"Yates","Middlesex town","New York"
"3612347020",2024,"B17001H_ChildPov","White (Non-Hispanic)",2.7027027027027,21.2016620642556,"Yates","Middlesex town","New York"
"3612347020",2024,"B17001I_ChildPov","Hispanic or Latino (Any Race)",0,484.974226119286,"Yates","Middlesex town","New York"
"3612347504",2017,"B17001B_ChildPov","Black (Non-Hispanic)",0,0,"Yates","Milo town","New York"
"3612347504",2017,"B17001C_ChildPov","Native American (Non-Hispanic)",0,0,"Yates","Milo town","New York"
"3612347504",2017,"B17001D_ChildPov","Asian (Non-Hispanic)",0,1385.6406460551,"Yates","Milo town","New York"
"3612347504",2017,"B17001E_ChildPov","Pacific Islander (Non-Hispanic)",0,0,"Yates","Milo town","New York"
"3612347504",2017,"B17001F_ChildPov","Other (Non-Hispanic)",0,0,"Yates","Milo town","New York"
"3612347504",2017,"B17001G_ChildPov","Two or More Races (Non-Hispanic)",70.5882352941177,36.6430013975864,"Yates","Milo town","New York"
"3612347504",2017,"B17001H_ChildPov","White (Non-Hispanic)",22.7736233854521,8.10256894664641,"Yates","Milo town","New York"
"3612347504",2017,"B17001I_ChildPov","Hispanic or Latino (Any Race)",100,630.042161287639,"Yates","Milo town","New York"
"3612347504",2018,"B17001B_ChildPov","Black (Non-Hispanic)",0,0,"Yates","Milo town","New York"
"3612347504",2018,"B17001C_ChildPov","Native American (Non-Hispanic)",0,0,"Yates","Milo town","New York"
"3612347504",2018,"B17001D_ChildPov","Asian (Non-Hispanic)",0,280.42727360639,"Yates","Milo town","New York"
"3612347504",2018,"B17001E_ChildPov","Pacific Islander (Non-Hispanic)",0,0,"Yates","Milo town","New York"
"3612347504",2018,"B17001F_ChildPov","Other (Non-Hispanic)",0,0,"Yates","Milo town","New York"
"3612347504",2018,"B17001G_ChildPov","Two or More Races (Non-Hispanic)",70.4545454545455,20.3771315818743,"Yates","Milo town","New York"
"3612347504",2018,"B17001H_ChildPov","White (Non-Hispanic)",23.3454545454545,8.81251420547326,"Yates","Milo town","New York"
"3612347504",2018,"B17001I_ChildPov","Hispanic or Latino (Any Race)",100,498.012579083721,"Yates","Milo town","New York"
"3612347504",2019,"B17001B_ChildPov","Black (Non-Hispanic)",0,0,"Yates","Milo town","New York"
"3612347504",2019,"B17001C_ChildPov","Native American (Non-Hispanic)",0,0,"Yates","Milo town","New York"
"3612347504",2019,"B17001D_ChildPov","Asian (Non-Hispanic)",0,309.94593398601,"Yates","Milo town","New York"
"3612347504",2019,"B17001E_ChildPov","Pacific Islander (Non-Hispanic)",0,0,"Yates","Milo town","New York"
"3612347504",2019,"B17001F_ChildPov","Other (Non-Hispanic)",0,0,"Yates","Milo town","New York"
"3612347504",2019,"B17001G_ChildPov","Two or More Races (Non-Hispanic)",51.7857142857143,89.3763206448069,"Yates","Milo town","New York"
"3612347504",2019,"B17001H_ChildPov","White (Non-Hispanic)",22.6254826254826,9.67682224194469,"Yates","Milo town","New York"
"3612347504",2019,"B17001I_ChildPov","Hispanic or Latino (Any Race)",35.4166666666667,109.882984880056,"Yates","Milo town","New York"
"3612347504",2020,"B17001B_ChildPov","Black (Non-Hispanic)",0,0,"Yates","Milo town","New York"
"3612347504",2020,"B17001C_ChildPov","Native American (Non-Hispanic)",0,0,"Yates","Milo town","New York"
"3612347504",2020,"B17001D_ChildPov","Asian (Non-Hispanic)",0,143.633481603273,"Yates","Milo town","New York"
"3612347504",2020,"B17001E_ChildPov","Pacific Islander (Non-Hispanic)",0,0,"Yates","Milo town","New York"
"3612347504",2020,"B17001F_ChildPov","Other (Non-Hispanic)",100,161.369875399315,"Yates","Milo town","New York"
"3612347504",2020,"B17001G_ChildPov","Two or More Races (Non-Hispanic)",50.5747126436782,67.2771019301753,"Yates","Milo town","New York"
"3612347504",2020,"B17001H_ChildPov","White (Non-Hispanic)",30.379746835443,11.7885361362328,"Yates","Milo town","New York"
"3612347504",2020,"B17001I_ChildPov","Hispanic or Latino (Any Race)",86.6666666666667,110.197702370248,"Yates","Milo town","New York"
"3612347504",2021,"B17001B_ChildPov","Black (Non-Hispanic)",0,0,"Yates","Milo town","New York"
"3612347504",2021,"B17001C_ChildPov","Native American (Non-Hispanic)",0,0,"Yates","Milo town","New York"
"3612347504",2021,"B17001D_ChildPov","Asian (Non-Hispanic)",0,111.346123343714,"Yates","Milo town","New York"
"3612347504",2021,"B17001E_ChildPov","Pacific Islander (Non-Hispanic)",0,0,"Yates","Milo town","New York"
"3612347504",2021,"B17001F_ChildPov","Other (Non-Hispanic)",100,128.639406426698,"Yates","Milo town","New York"
"3612347504",2021,"B17001G_ChildPov","Two or More Races (Non-Hispanic)",100,195.516525030609,"Yates","Milo town","New York"
"3612347504",2021,"B17001H_ChildPov","White (Non-Hispanic)",17.9347826086957,10.592223583958,"Yates","Milo town","New York"
"3612347504",2021,"B17001I_ChildPov","Hispanic or Latino (Any Race)",82.5396825396825,84.4753453486215,"Yates","Milo town","New York"
"3612347504",2022,"B17001B_ChildPov","Black (Non-Hispanic)",0,0,"Yates","Milo town","New York"
"3612347504",2022,"B17001C_ChildPov","Native American (Non-Hispanic)",0,0,"Yates","Milo town","New York"
"3612347504",2022,"B17001D_ChildPov","Asian (Non-Hispanic)",0,137.120688932536,"Yates","Milo town","New York"
"3612347504",2022,"B17001E_ChildPov","Pacific Islander (Non-Hispanic)",0,0,"Yates","Milo town","New York"
"3612347504",2022,"B17001F_ChildPov","Other (Non-Hispanic)",93.0232558139535,124.322381825071,"Yates","Milo town","New York"
"3612347504",2022,"B17001G_ChildPov","Two or More Races (Non-Hispanic)",100,279.098548903429,"Yates","Milo town","New York"
"3612347504",2022,"B17001H_ChildPov","White (Non-Hispanic)",11.5810674723061,9.09768307481673,"Yates","Milo town","New York"
"3612347504",2022,"B17001I_ChildPov","Hispanic or Latino (Any Race)",76.9230769230769,92.6350330248248,"Yates","Milo town","New York"
"3612347504",2023,"B17001B_ChildPov","Black (Non-Hispanic)",0,0,"Yates","Milo town","New York"
"3612347504",2023,"B17001C_ChildPov","Native American (Non-Hispanic)",0,0,"Yates","Milo town","New York"
"3612347504",2023,"B17001D_ChildPov","Asian (Non-Hispanic)",0,0,"Yates","Milo town","New York"
"3612347504",2023,"B17001E_ChildPov","Pacific Islander (Non-Hispanic)",0,0,"Yates","Milo town","New York"
"3612347504",2023,"B17001F_ChildPov","Other (Non-Hispanic)",93.8775510204082,114.509824442062,"Yates","Milo town","New York"
"3612347504",2023,"B17001G_ChildPov","Two or More Races (Non-Hispanic)",100,155.88106808762,"Yates","Milo town","New York"
"3612347504",2023,"B17001H_ChildPov","White (Non-Hispanic)",8.16967792615868,6.83272885440325,"Yates","Milo town","New York"
"3612347504",2023,"B17001I_ChildPov","Hispanic or Latino (Any Race)",68.1481481481482,13.6391081421904,"Yates","Milo town","New York"
"3612347504",2024,"B17001B_ChildPov","Black (Non-Hispanic)",0,0,"Yates","Milo town","New York"
"3612347504",2024,"B17001C_ChildPov","Native American (Non-Hispanic)",0,0,"Yates","Milo town","New York"
"3612347504",2024,"B17001D_ChildPov","Asian (Non-Hispanic)",0,0,"Yates","Milo town","New York"
"3612347504",2024,"B17001E_ChildPov","Pacific Islander (Non-Hispanic)",0,0,"Yates","Milo town","New York"
"3612347504",2024,"B17001F_ChildPov","Other (Non-Hispanic)",94.4,92.2410157238091,"Yates","Milo town","New York"
"3612347504",2024,"B17001G_ChildPov","Two or More Races (Non-Hispanic)",0,548.482755730144,"Yates","Milo town","New York"
"3612347504",2024,"B17001H_ChildPov","White (Non-Hispanic)",5.94214229867084,5.31383224436205,"Yates","Milo town","New York"
"3612347504",2024,"B17001I_ChildPov","Hispanic or Latino (Any Race)",80.8219178082192,72.334981870576,"Yates","Milo town","New York"
"3612359597",2017,"B17001B_ChildPov","Black (Non-Hispanic)",0,0,"Yates","Potter town","New York"
"3612359597",2017,"B17001C_ChildPov","Native American (Non-Hispanic)",0,0,"Yates","Potter town","New York"
"3612359597",2017,"B17001D_ChildPov","Asian (Non-Hispanic)",0,0,"Yates","Potter town","New York"
"3612359597",2017,"B17001E_ChildPov","Pacific Islander (Non-Hispanic)",0,0,"Yates","Potter town","New York"
"3612359597",2017,"B17001F_ChildPov","Other (Non-Hispanic)",0,0,"Yates","Potter town","New York"
"3612359597",2017,"B17001G_ChildPov","Two or More Races (Non-Hispanic)",0,158.771324027147,"Yates","Potter town","New York"
"3612359597",2017,"B17001H_ChildPov","White (Non-Hispanic)",23.4657039711191,11.0125859641272,"Yates","Potter town","New York"
"3612359597",2017,"B17001I_ChildPov","Hispanic or Latino (Any Race)",52,118.437291424618,"Yates","Potter town","New York"
"3612359597",2018,"B17001B_ChildPov","Black (Non-Hispanic)",0,0,"Yates","Potter town","New York"
"3612359597",2018,"B17001C_ChildPov","Native American (Non-Hispanic)",0,0,"Yates","Potter town","New York"
"3612359597",2018,"B17001D_ChildPov","Asian (Non-Hispanic)",0,0,"Yates","Potter town","New York"
"3612359597",2018,"B17001E_ChildPov","Pacific Islander (Non-Hispanic)",0,0,"Yates","Potter town","New York"
"3612359597",2018,"B17001F_ChildPov","Other (Non-Hispanic)",0,0,"Yates","Potter town","New York"
"3612359597",2018,"B17001G_ChildPov","Two or More Races (Non-Hispanic)",0,180.73573644197,"Yates","Potter town","New York"
"3612359597",2018,"B17001H_ChildPov","White (Non-Hispanic)",9.87202925045704,7.36492674337921,"Yates","Potter town","New York"
"3612359597",2018,"B17001I_ChildPov","Hispanic or Latino (Any Race)",56,125.81220290576,"Yates","Potter town","New York"
"3612359597",2019,"B17001B_ChildPov","Black (Non-Hispanic)",0,0,"Yates","Potter town","New York"
"3612359597",2019,"B17001C_ChildPov","Native American (Non-Hispanic)",0,0,"Yates","Potter town","New York"
"3612359597",2019,"B17001D_ChildPov","Asian (Non-Hispanic)",0,0,"Yates","Potter town","New York"
"3612359597",2019,"B17001E_ChildPov","Pacific Islander (Non-Hispanic)",0,0,"Yates","Potter town","New York"
"3612359597",2019,"B17001F_ChildPov","Other (Non-Hispanic)",0,0,"Yates","Potter town","New York"
"3612359597",2019,"B17001G_ChildPov","Two or More Races (Non-Hispanic)",0,166.276877526612,"Yates","Potter town","New York"
"3612359597",2019,"B17001H_ChildPov","White (Non-Hispanic)",8.31721470019342,7.82463556885064,"Yates","Potter town","New York"
"3612359597",2019,"B17001I_ChildPov","Hispanic or Latino (Any Race)",0,519.615242270663,"Yates","Potter town","New York"
"3612359597",2020,"B17001B_ChildPov","Black (Non-Hispanic)",0,0,"Yates","Potter town","New York"
"3612359597",2020,"B17001C_ChildPov","Native American (Non-Hispanic)",0,0,"Yates","Potter town","New York"
"3612359597",2020,"B17001D_ChildPov","Asian (Non-Hispanic)",0,0,"Yates","Potter town","New York"
"3612359597",2020,"B17001E_ChildPov","Pacific Islander (Non-Hispanic)",0,0,"Yates","Potter town","New York"
"3612359597",2020,"B17001F_ChildPov","Other (Non-Hispanic)",0,0,"Yates","Potter town","New York"
"3612359597",2020,"B17001G_ChildPov","Two or More Races (Non-Hispanic)",0,153.9600717839,"Yates","Potter town","New York"
"3612359597",2020,"B17001H_ChildPov","White (Non-Hispanic)",5.34351145038168,7.08903514262045,"Yates","Potter town","New York"
"3612359597",2020,"B17001I_ChildPov","Hispanic or Latino (Any Race)",0,346.410161513776,"Yates","Potter town","New York"
"3612359597",2021,"B17001B_ChildPov","Black (Non-Hispanic)",0,0,"Yates","Potter town","New York"
"3612359597",2021,"B17001C_ChildPov","Native American (Non-Hispanic)",0,0,"Yates","Potter town","New York"
"3612359597",2021,"B17001D_ChildPov","Asian (Non-Hispanic)",0,0,"Yates","Potter town","New York"
"3612359597",2021,"B17001E_ChildPov","Pacific Islander (Non-Hispanic)",0,0,"Yates","Potter town","New York"
"3612359597",2021,"B17001F_ChildPov","Other (Non-Hispanic)",0,0,"Yates","Potter town","New York"
"3612359597",2021,"B17001G_ChildPov","Two or More Races (Non-Hispanic)",0,187.638837486628,"Yates","Potter town","New York"
"3612359597",2021,"B17001H_ChildPov","White (Non-Hispanic)",5.85858585858586,7.94561061888896,"Yates","Potter town","New York"
"3612359597",2021,"B17001I_ChildPov","Hispanic or Latino (Any Race)",0,264.901888216417,"Yates","Potter town","New York"
"3612359597",2022,"B17001B_ChildPov","Black (Non-Hispanic)",0,0,"Yates","Potter town","New York"
"3612359597",2022,"B17001C_ChildPov","Native American (Non-Hispanic)",0,0,"Yates","Potter town","New York"
"3612359597",2022,"B17001D_ChildPov","Asian (Non-Hispanic)",100,975,"Yates","Potter town","New York"
"3612359597",2022,"B17001E_ChildPov","Pacific Islander (Non-Hispanic)",0,0,"Yates","Potter town","New York"
"3612359597",2022,"B17001F_ChildPov","Other (Non-Hispanic)",0,0,"Yates","Potter town","New York"
"3612359597",2022,"B17001G_ChildPov","Two or More Races (Non-Hispanic)",0,643.333157097012,"Yates","Potter town","New York"
"3612359597",2022,"B17001H_ChildPov","White (Non-Hispanic)",5.82120582120582,6.81400376748579,"Yates","Potter town","New York"
"3612359597",2022,"B17001I_ChildPov","Hispanic or Latino (Any Race)",30,135.363707593037,"Yates","Potter town","New York"
"3612359597",2023,"B17001B_ChildPov","Black (Non-Hispanic)",0,0,"Yates","Potter town","New York"
"3612359597",2023,"B17001C_ChildPov","Native American (Non-Hispanic)",0,0,"Yates","Potter town","New York"
"3612359597",2023,"B17001D_ChildPov","Asian (Non-Hispanic)",100,553.694661142563,"Yates","Potter town","New York"
"3612359597",2023,"B17001E_ChildPov","Pacific Islander (Non-Hispanic)",0,0,"Yates","Potter town","New York"
"3612359597",2023,"B17001F_ChildPov","Other (Non-Hispanic)",0,0,"Yates","Potter town","New York"
"3612359597",2023,"B17001G_ChildPov","Two or More Races (Non-Hispanic)",0,145.268777409003,"Yates","Potter town","New York"
"3612359597",2023,"B17001H_ChildPov","White (Non-Hispanic)",5.60538116591928,7.15107437431997,"Yates","Potter town","New York"
"3612359597",2023,"B17001I_ChildPov","Hispanic or Latino (Any Race)",42.8571428571429,139.906666991087,"Yates","Potter town","New York"
"3612359597",2024,"B17001B_ChildPov","Black (Non-Hispanic)",0,0,"Yates","Potter town","New York"
"3612359597",2024,"B17001C_ChildPov","Native American (Non-Hispanic)",0,0,"Yates","Potter town","New York"
"3612359597",2024,"B17001D_ChildPov","Asian (Non-Hispanic)",50,335.07461855533,"Yates","Potter town","New York"
"3612359597",2024,"B17001E_ChildPov","Pacific Islander (Non-Hispanic)",0,0,"Yates","Potter town","New York"
"3612359597",2024,"B17001F_ChildPov","Other (Non-Hispanic)",0,0,"Yates","Potter town","New York"
"3612359597",2024,"B17001G_ChildPov","Two or More Races (Non-Hispanic)",0,156.443298748157,"Yates","Potter town","New York"
"3612359597",2024,"B17001H_ChildPov","White (Non-Hispanic)",5.55555555555556,6.85689085752219,"Yates","Potter town","New York"
"3612359597",2024,"B17001I_ChildPov","Hispanic or Latino (Any Race)",41.6666666666667,165.769067321245,"Yates","Potter town","New York"
"3612370816",2017,"B17001B_ChildPov","Black (Non-Hispanic)",0,0,"Yates","Starkey town","New York"
"3612370816",2017,"B17001C_ChildPov","Native American (Non-Hispanic)",0,0,"Yates","Starkey town","New York"
"3612370816",2017,"B17001D_ChildPov","Asian (Non-Hispanic)",0,0,"Yates","Starkey town","New York"
"3612370816",2017,"B17001E_ChildPov","Pacific Islander (Non-Hispanic)",0,0,"Yates","Starkey town","New York"
"3612370816",2017,"B17001F_ChildPov","Other (Non-Hispanic)",100,1100,"Yates","Starkey town","New York"
"3612370816",2017,"B17001G_ChildPov","Two or More Races (Non-Hispanic)",30,171.538625387987,"Yates","Starkey town","New York"
"3612370816",2017,"B17001H_ChildPov","White (Non-Hispanic)",13.520749665328,7.95105503806945,"Yates","Starkey town","New York"
"3612370816",2017,"B17001I_ChildPov","Hispanic or Latino (Any Race)",37.5,203.45226040923,"Yates","Starkey town","New York"
"3612370816",2018,"B17001B_ChildPov","Black (Non-Hispanic)",0,0,"Yates","Starkey town","New York"
"3612370816",2018,"B17001C_ChildPov","Native American (Non-Hispanic)",0,0,"Yates","Starkey town","New York"
"3612370816",2018,"B17001D_ChildPov","Asian (Non-Hispanic)",0,0,"Yates","Starkey town","New York"
"3612370816",2018,"B17001E_ChildPov","Pacific Islander (Non-Hispanic)",0,0,"Yates","Starkey town","New York"
"3612370816",2018,"B17001F_ChildPov","Other (Non-Hispanic)",100,1028.57142857143,"Yates","Starkey town","New York"
"3612370816",2018,"B17001G_ChildPov","Two or More Races (Non-Hispanic)",55.5555555555556,155.555555555556,"Yates","Starkey town","New York"
"3612370816",2018,"B17001H_ChildPov","White (Non-Hispanic)",11.5760111576011,4.79498039252832,"Yates","Starkey town","New York"
"3612370816",2018,"B17001I_ChildPov","Hispanic or Latino (Any Race)",100,1028.57142857143,"Yates","Starkey town","New York"
"3612370816",2019,"B17001B_ChildPov","Black (Non-Hispanic)",0,0,"Yates","Starkey town","New York"
"3612370816",2019,"B17001C_ChildPov","Native American (Non-Hispanic)",0,0,"Yates","Starkey town","New York"
"3612370816",2019,"B17001D_ChildPov","Asian (Non-Hispanic)",0,0,"Yates","Starkey town","New York"
"3612370816",2019,"B17001E_ChildPov","Pacific Islander (Non-Hispanic)",0,0,"Yates","Starkey town","New York"
"3612370816",2019,"B17001F_ChildPov","Other (Non-Hispanic)",100,1427.72546380598,"Yates","Starkey town","New York"
"3612370816",2019,"B17001G_ChildPov","Two or More Races (Non-Hispanic)",55.5555555555556,155.555555555556,"Yates","Starkey town","New York"
"3612370816",2019,"B17001H_ChildPov","White (Non-Hispanic)",36.5821094793057,10.2073588078312,"Yates","Starkey town","New York"
"3612370816",2019,"B17001I_ChildPov","Hispanic or Latino (Any Race)",100,443.610328392825,"Yates","Starkey town","New York"
"3612370816",2020,"B17001B_ChildPov","Black (Non-Hispanic)",0,0,"Yates","Starkey town","New York"
"3612370816",2020,"B17001C_ChildPov","Native American (Non-Hispanic)",0,0,"Yates","Starkey town","New York"
"3612370816",2020,"B17001D_ChildPov","Asian (Non-Hispanic)",0,0,"Yates","Starkey town","New York"
"3612370816",2020,"B17001E_ChildPov","Pacific Islander (Non-Hispanic)",0,0,"Yates","Starkey town","New York"
"3612370816",2020,"B17001F_ChildPov","Other (Non-Hispanic)",100,2344.26012966897,"Yates","Starkey town","New York"
"3612370816",2020,"B17001G_ChildPov","Two or More Races (Non-Hispanic)",38.7096774193548,123.495207597384,"Yates","Starkey town","New York"
"3612370816",2020,"B17001H_ChildPov","White (Non-Hispanic)",36.1071932299013,10.1574683474097,"Yates","Starkey town","New York"
"3612370816",2020,"B17001I_ChildPov","Hispanic or Latino (Any Race)",100,576.974356695359,"Yates","Starkey town","New York"
"3612370816",2021,"B17001B_ChildPov","Black (Non-Hispanic)",0,0,"Yates","Starkey town","New York"
"3612370816",2021,"B17001C_ChildPov","Native American (Non-Hispanic)",0,0,"Yates","Starkey town","New York"
"3612370816",2021,"B17001D_ChildPov","Asian (Non-Hispanic)",0,0,"Yates","Starkey town","New York"
"3612370816",2021,"B17001E_ChildPov","Pacific Islander (Non-Hispanic)",0,0,"Yates","Starkey town","New York"
"3612370816",2021,"B17001F_ChildPov","Other (Non-Hispanic)",83.3333333333333,1129.84211723433,"Yates","Starkey town","New York"
"3612370816",2021,"B17001G_ChildPov","Two or More Races (Non-Hispanic)",100,643.400728194661,"Yates","Starkey town","New York"
"3612370816",2021,"B17001H_ChildPov","White (Non-Hispanic)",39.2422192151556,11.1223948609316,"Yates","Starkey town","New York"
"3612370816",2021,"B17001I_ChildPov","Hispanic or Latino (Any Race)",94.1176470588235,455.882057477433,"Yates","Starkey town","New York"
"3612370816",2022,"B17001B_ChildPov","Black (Non-Hispanic)",100,795.235814082842,"Yates","Starkey town","New York"
"3612370816",2022,"B17001C_ChildPov","Native American (Non-Hispanic)",0,0,"Yates","Starkey town","New York"
"3612370816",2022,"B17001D_ChildPov","Asian (Non-Hispanic)",0,0,"Yates","Starkey town","New York"
"3612370816",2022,"B17001E_ChildPov","Pacific Islander (Non-Hispanic)",0,0,"Yates","Starkey town","New York"
"3612370816",2022,"B17001F_ChildPov","Other (Non-Hispanic)",0,2251.66604983954,"Yates","Starkey town","New York"
"3612370816",2022,"B17001G_ChildPov","Two or More Races (Non-Hispanic)",100,176.137178232069,"Yates","Starkey town","New York"
"3612370816",2022,"B17001H_ChildPov","White (Non-Hispanic)",52.375,7.17341112021396,"Yates","Starkey town","New York"
"3612370816",2022,"B17001I_ChildPov","Hispanic or Latino (Any Race)",73.9130434782609,99.776050776388,"Yates","Starkey town","New York"
"3612370816",2023,"B17001B_ChildPov","Black (Non-Hispanic)",100,526.560181745639,"Yates","Starkey town","New York"
"3612370816",2023,"B17001C_ChildPov","Native American (Non-Hispanic)",0,0,"Yates","Starkey town","New York"
"3612370816",2023,"B17001D_ChildPov","Asian (Non-Hispanic)",0,0,"Yates","Starkey town","New York"
"3612370816",2023,"B17001E_ChildPov","Pacific Islander (Non-Hispanic)",0,0,"Yates","Starkey town","New York"
"3612370816",2023,"B17001F_ChildPov","Other (Non-Hispanic)",0,2251.66604983954,"Yates","Starkey town","New York"
"3612370816",2023,"B17001G_ChildPov","Two or More Races (Non-Hispanic)",100,153.495906870047,"Yates","Starkey town","New York"
"3612370816",2023,"B17001H_ChildPov","White (Non-Hispanic)",42.1409214092141,10.2367949803336,"Yates","Starkey town","New York"
"3612370816",2023,"B17001I_ChildPov","Hispanic or Latino (Any Race)",72,94.5620304350535,"Yates","Starkey town","New York"
"3612370816",2024,"B17001B_ChildPov","Black (Non-Hispanic)",100,516.911241736829,"Yates","Starkey town","New York"
"3612370816",2024,"B17001C_ChildPov","Native American (Non-Hispanic)",0,0,"Yates","Starkey town","New York"
"3612370816",2024,"B17001D_ChildPov","Asian (Non-Hispanic)",0,0,"Yates","Starkey town","New York"
"3612370816",2024,"B17001E_ChildPov","Pacific Islander (Non-Hispanic)",0,0,"Yates","Starkey town","New York"
"3612370816",2024,"B17001F_ChildPov","Other (Non-Hispanic)",0,2424.87113059643,"Yates","Starkey town","New York"
"3612370816",2024,"B17001G_ChildPov","Two or More Races (Non-Hispanic)",100,158.592292219752,"Yates","Starkey town","New York"
"3612370816",2024,"B17001H_ChildPov","White (Non-Hispanic)",19.3548387096774,9.54157102808323,"Yates","Starkey town","New York"
"3612370816",2024,"B17001I_ChildPov","Hispanic or Latino (Any Race)",0,606.217782649107,"Yates","Starkey town","New York"
"3612375055",2017,"B17001B_ChildPov","Black (Non-Hispanic)",0,0,"Yates","Torrey town","New York"
"3612375055",2017,"B17001C_ChildPov","Native American (Non-Hispanic)",0,0,"Yates","Torrey town","New York"
"3612375055",2017,"B17001D_ChildPov","Asian (Non-Hispanic)",0,0,"Yates","Torrey town","New York"
"3612375055",2017,"B17001E_ChildPov","Pacific Islander (Non-Hispanic)",0,0,"Yates","Torrey town","New York"
"3612375055",2017,"B17001F_ChildPov","Other (Non-Hispanic)",0,0,"Yates","Torrey town","New York"
"3612375055",2017,"B17001G_ChildPov","Two or More Races (Non-Hispanic)",0,317.542648054294,"Yates","Torrey town","New York"
"3612375055",2017,"B17001H_ChildPov","White (Non-Hispanic)",5.37974683544304,11.3318861297756,"Yates","Torrey town","New York"
"3612375055",2017,"B17001I_ChildPov","Hispanic or Latino (Any Race)",0,635.085296108588,"Yates","Torrey town","New York"
"3612375055",2018,"B17001B_ChildPov","Black (Non-Hispanic)",0,0,"Yates","Torrey town","New York"
"3612375055",2018,"B17001C_ChildPov","Native American (Non-Hispanic)",0,0,"Yates","Torrey town","New York"
"3612375055",2018,"B17001D_ChildPov","Asian (Non-Hispanic)",0,0,"Yates","Torrey town","New York"
"3612375055",2018,"B17001E_ChildPov","Pacific Islander (Non-Hispanic)",0,0,"Yates","Torrey town","New York"
"3612375055",2018,"B17001F_ChildPov","Other (Non-Hispanic)",0,0,"Yates","Torrey town","New York"
"3612375055",2018,"B17001G_ChildPov","Two or More Races (Non-Hispanic)",0,218.785365166595,"Yates","Torrey town","New York"
"3612375055",2018,"B17001H_ChildPov","White (Non-Hispanic)",8.62533692722372,10.4877615297736,"Yates","Torrey town","New York"
"3612375055",2018,"B17001I_ChildPov","Hispanic or Latino (Any Race)",0,692.820323027551,"Yates","Torrey town","New York"
"3612375055",2019,"B17001B_ChildPov","Black (Non-Hispanic)",0,0,"Yates","Torrey town","New York"
"3612375055",2019,"B17001C_ChildPov","Native American (Non-Hispanic)",0,0,"Yates","Torrey town","New York"
"3612375055",2019,"B17001D_ChildPov","Asian (Non-Hispanic)",0,0,"Yates","Torrey town","New York"
"3612375055",2019,"B17001E_ChildPov","Pacific Islander (Non-Hispanic)",0,0,"Yates","Torrey town","New York"
"3612375055",2019,"B17001F_ChildPov","Other (Non-Hispanic)",0,0,"Yates","Torrey town","New York"
"3612375055",2019,"B17001G_ChildPov","Two or More Races (Non-Hispanic)",0,230.94010767585,"Yates","Torrey town","New York"
"3612375055",2019,"B17001H_ChildPov","White (Non-Hispanic)",12.2857142857143,10.6662561804953,"Yates","Torrey town","New York"
"3612375055",2019,"B17001I_ChildPov","Hispanic or Latino (Any Race)",0,1039.23048454133,"Yates","Torrey town","New York"
"3612375055",2020,"B17001B_ChildPov","Black (Non-Hispanic)",0,0,"Yates","Torrey town","New York"
"3612375055",2020,"B17001C_ChildPov","Native American (Non-Hispanic)",0,0,"Yates","Torrey town","New York"
"3612375055",2020,"B17001D_ChildPov","Asian (Non-Hispanic)",0,0,"Yates","Torrey town","New York"
"3612375055",2020,"B17001E_ChildPov","Pacific Islander (Non-Hispanic)",0,0,"Yates","Torrey town","New York"
"3612375055",2020,"B17001F_ChildPov","Other (Non-Hispanic)",0,0,"Yates","Torrey town","New York"
"3612375055",2020,"B17001G_ChildPov","Two or More Races (Non-Hispanic)",0,138.56406460551,"Yates","Torrey town","New York"
"3612375055",2020,"B17001H_ChildPov","White (Non-Hispanic)",20.4081632653061,11.671194653063,"Yates","Torrey town","New York"
"3612375055",2020,"B17001I_ChildPov","Hispanic or Latino (Any Race)",0,2078.46096908265,"Yates","Torrey town","New York"
"3612375055",2021,"B17001B_ChildPov","Black (Non-Hispanic)",0,0,"Yates","Torrey town","New York"
"3612375055",2021,"B17001C_ChildPov","Native American (Non-Hispanic)",0,0,"Yates","Torrey town","New York"
"3612375055",2021,"B17001D_ChildPov","Asian (Non-Hispanic)",0,0,"Yates","Torrey town","New York"
"3612375055",2021,"B17001E_ChildPov","Pacific Islander (Non-Hispanic)",0,0,"Yates","Torrey town","New York"
"3612375055",2021,"B17001F_ChildPov","Other (Non-Hispanic)",0,0,"Yates","Torrey town","New York"
"3612375055",2021,"B17001G_ChildPov","Two or More Races (Non-Hispanic)",0,145.268777409003,"Yates","Torrey town","New York"
"3612375055",2021,"B17001H_ChildPov","White (Non-Hispanic)",21.4833759590793,12.9162593955246,"Yates","Torrey town","New York"
"3612375055",2021,"B17001I_ChildPov","Hispanic or Latino (Any Race)",0,0,"Yates","Torrey town","New York"
"3612375055",2022,"B17001B_ChildPov","Black (Non-Hispanic)",0,0,"Yates","Torrey town","New York"
"3612375055",2022,"B17001C_ChildPov","Native American (Non-Hispanic)",0,0,"Yates","Torrey town","New York"
"3612375055",2022,"B17001D_ChildPov","Asian (Non-Hispanic)",0,0,"Yates","Torrey town","New York"
"3612375055",2022,"B17001E_ChildPov","Pacific Islander (Non-Hispanic)",0,0,"Yates","Torrey town","New York"
"3612375055",2022,"B17001F_ChildPov","Other (Non-Hispanic)",0,0,"Yates","Torrey town","New York"
"3612375055",2022,"B17001G_ChildPov","Two or More Races (Non-Hispanic)",0,0,"Yates","Torrey town","New York"
"3612375055",2022,"B17001H_ChildPov","White (Non-Hispanic)",18.75,13.5217881659802,"Yates","Torrey town","New York"
"3612375055",2022,"B17001I_ChildPov","Hispanic or Latino (Any Race)",0,0,"Yates","Torrey town","New York"
"3612375055",2023,"B17001B_ChildPov","Black (Non-Hispanic)",0,0,"Yates","Torrey town","New York"
"3612375055",2023,"B17001C_ChildPov","Native American (Non-Hispanic)",0,0,"Yates","Torrey town","New York"
"3612375055",2023,"B17001D_ChildPov","Asian (Non-Hispanic)",0,0,"Yates","Torrey town","New York"
"3612375055",2023,"B17001E_ChildPov","Pacific Islander (Non-Hispanic)",0,0,"Yates","Torrey town","New York"
"3612375055",2023,"B17001F_ChildPov","Other (Non-Hispanic)",0,0,"Yates","Torrey town","New York"
"3612375055",2023,"B17001G_ChildPov","Two or More Races (Non-Hispanic)",0,0,"Yates","Torrey town","New York"
"3612375055",2023,"B17001H_ChildPov","White (Non-Hispanic)",8.24742268041237,21.3395480777005,"Yates","Torrey town","New York"
"3612375055",2023,"B17001I_ChildPov","Hispanic or Latino (Any Race)",0,0,"Yates","Torrey town","New York"
"3612375055",2024,"B17001B_ChildPov","Black (Non-Hispanic)",100,2060.33977780365,"Yates","Torrey town","New York"
"3612375055",2024,"B17001C_ChildPov","Native American (Non-Hispanic)",0,0,"Yates","Torrey town","New York"
"3612375055",2024,"B17001D_ChildPov","Asian (Non-Hispanic)",0,0,"Yates","Torrey town","New York"
"3612375055",2024,"B17001E_ChildPov","Pacific Islander (Non-Hispanic)",0,0,"Yates","Torrey town","New York"
"3612375055",2024,"B17001F_ChildPov","Other (Non-Hispanic)",0,0,"Yates","Torrey town","New York"
"3612375055",2024,"B17001G_ChildPov","Two or More Races (Non-Hispanic)",0,0,"Yates","Torrey town","New York"
"3612375055",2024,"B17001H_ChildPov","White (Non-Hispanic)",6.42857142857143,34.2804398730901,"Yates","Torrey town","New York"
"3612375055",2024,"B17001I_ChildPov","Hispanic or Latino (Any Race)",0,0,"Yates","Torrey town","New York"
