"GEOID","year","County","Geography","variable","Variable_Description","estimate","moe"
"3605534099",2017,"Monroe","Henrietta town","B03002_003","White (Non-Hispanic)",74.5190213029421,1.84967606365734
"3605534099",2017,"Monroe","Henrietta town","B03002_004","Black (Non-Hispanic)",8.90641839987159,1.38272566922557
"3605534099",2017,"Monroe","Henrietta town","B03002_012","Hispanic or Latino (Any Race)",3.95101928500997,0.926409447699815
"3605534099",2017,"Monroe","Henrietta town","B03002_006","Asian (Non-Hispanic)",8.86514251645302,1.18322297411393
"3605534099",2017,"Monroe","Henrietta town","B03002_005","Native American (Non-Hispanic)",0.270586346855007,0.256827637425255
"3605534099",2017,"Monroe","Henrietta town","B03002_007","Pacific Islander (Non-Hispanic)",0.0665000343965695,0.0848448565482217
"3605534099",2017,"Monroe","Henrietta town","B03002_008","Other (Non-Hispanic)",0.798000412758834,0.669586280935939
"3605534099",2017,"Monroe","Henrietta town","B03002_009","Two or More Races (Non-Hispanic)",2.62331170171295,1.00437786808266
"3605558365",2017,"Monroe","Pittsford town","B03002_003","White (Non-Hispanic)",86.1151591147863,1.41353123519295
"3605558365",2017,"Monroe","Pittsford town","B03002_004","Black (Non-Hispanic)",1.15226895312977,0.399903154849741
"3605558365",2017,"Monroe","Pittsford town","B03002_012","Hispanic or Latino (Any Race)",2.40620869624157,0.728635988767768
"3605558365",2017,"Monroe","Pittsford town","B03002_006","Asian (Non-Hispanic)",8.72674280679161,1.00988550237249
"3605558365",2017,"Monroe","Pittsford town","B03002_005","Native American (Non-Hispanic)",0,0.0711695529874267
"3605558365",2017,"Monroe","Pittsford town","B03002_007","Pacific Islander (Non-Hispanic)",0,0.0711695529874267
"3605558365",2017,"Monroe","Pittsford town","B03002_008","Other (Non-Hispanic)",0.108448842647507,0.128782946939345
"3605558365",2017,"Monroe","Pittsford town","B03002_009","Two or More Races (Non-Hispanic)",1.49117158640323,0.572743167188026
"3605561808",2017,"Monroe","Riga town","B03002_003","White (Non-Hispanic)",94.771474301974,2.87914295532666
"3605561808",2017,"Monroe","Riga town","B03002_004","Black (Non-Hispanic)",1.01369375778054,1.3160185359505
"3605561808",2017,"Monroe","Riga town","B03002_012","Hispanic or Latino (Any Race)",2.68539925306776,1.9206591597548
"3605561808",2017,"Monroe","Riga town","B03002_006","Asian (Non-Hispanic)",0.248977414191713,0.391249220089047
"3605561808",2017,"Monroe","Riga town","B03002_005","Native American (Non-Hispanic)",0,0.2845456162191
"3605561808",2017,"Monroe","Riga town","B03002_007","Pacific Islander (Non-Hispanic)",0,0.2845456162191
"3605561808",2017,"Monroe","Riga town","B03002_008","Other (Non-Hispanic)",0,0.2845456162191
"3605561808",2017,"Monroe","Riga town","B03002_009","Two or More Races (Non-Hispanic)",1.28045527298595,0.995899243068785
"3605581402",2017,"Monroe","Wheatland town","B03002_003","White (Non-Hispanic)",89.5833333333333,5.26091862996594
"3605581402",2017,"Monroe","Wheatland town","B03002_004","Black (Non-Hispanic)",5.34511784511785,3.64046378589402
"3605581402",2017,"Monroe","Wheatland town","B03002_012","Hispanic or Latino (Any Race)",3.57744107744108,3.26173021295283
"3605581402",2017,"Monroe","Wheatland town","B03002_006","Asian (Non-Hispanic)",0.336700336700337,0.589222926639609
"3605581402",2017,"Monroe","Wheatland town","B03002_005","Native American (Non-Hispanic)",0,0.231481481481481
"3605581402",2017,"Monroe","Wheatland town","B03002_007","Pacific Islander (Non-Hispanic)",0,0.231481481481481
"3605581402",2017,"Monroe","Wheatland town","B03002_008","Other (Non-Hispanic)",0,0.231481481481481
"3605581402",2017,"Monroe","Wheatland town","B03002_009","Two or More Races (Non-Hispanic)",1.15740740740741,0.967994316964396
"3605528442",2017,"Monroe","Gates town","B03002_003","White (Non-Hispanic)",76.4527274630929,2.33201333462232
"3605528442",2017,"Monroe","Gates town","B03002_004","Black (Non-Hispanic)",11.244895822427,1.61230829611497
"3605528442",2017,"Monroe","Gates town","B03002_012","Hispanic or Latino (Any Race)",6.87537081631941,1.54954160872058
"3605528442",2017,"Monroe","Gates town","B03002_006","Asian (Non-Hispanic)",3.64708756500192,1.40647383737415
"3605528442",2017,"Monroe","Gates town","B03002_005","Native American (Non-Hispanic)",0.0872508986842565,0.111681073557291
"3605528442",2017,"Monroe","Gates town","B03002_007","Pacific Islander (Non-Hispanic)",0.0628206470526646,0.0802707714272394
"3605528442",2017,"Monroe","Gates town","B03002_008","Other (Non-Hispanic)",0.0488605032631836,0.0349002824448965
"3605528442",2017,"Monroe","Gates town","B03002_009","Two or More Races (Non-Hispanic)",1.58098628415873,0.659612526954944
"3605537726",2017,"Monroe","Irondequoit town","B03002_003","White (Non-Hispanic)",80.056985655335,1.86334009978812
"3605537726",2017,"Monroe","Irondequoit town","B03002_004","Black (Non-Hispanic)",8.33366083709963,1.51108277653469
"3605537726",2017,"Monroe","Irondequoit town","B03002_012","Hispanic or Latino (Any Race)",8.70505010807624,1.20649708875285
"3605537726",2017,"Monroe","Irondequoit town","B03002_006","Asian (Non-Hispanic)",1.21241894281784,0.603260898308558
"3605537726",2017,"Monroe","Irondequoit town","B03002_005","Native American (Non-Hispanic)",0.135586559245431,0.117901289366545
"3605537726",2017,"Monroe","Irondequoit town","B03002_007","Pacific Islander (Non-Hispanic)",0,0.0530556101395166
"3605537726",2017,"Monroe","Irondequoit town","B03002_008","Other (Non-Hispanic)",0.184712124189428,0.165061810057245
"3605537726",2017,"Monroe","Irondequoit town","B03002_009","Two or More Races (Non-Hispanic)",1.37158577323639,0.607190661347649
"3605554474",2017,"Monroe","Ogden town","B03002_003","White (Non-Hispanic)",88.967019906903,3.8215745610268
"3605554474",2017,"Monroe","Ogden town","B03002_004","Black (Non-Hispanic)",1.70347628008319,0.901255710989925
"3605554474",2017,"Monroe","Ogden town","B03002_012","Hispanic or Latino (Any Race)",7.07140734871744,3.74367757993141
"3605554474",2017,"Monroe","Ogden town","B03002_006","Asian (Non-Hispanic)",0.609091809448351,0.247597324672707
"3605554474",2017,"Monroe","Ogden town","B03002_005","Native American (Non-Hispanic)",0.103991284539962,0.123799091604374
"3605554474",2017,"Monroe","Ogden town","B03002_007","Pacific Islander (Non-Hispanic)",0,0.103991284539962
"3605554474",2017,"Monroe","Ogden town","B03002_008","Other (Non-Hispanic)",0.148558977914232,0.148558881557954
"3605554474",2017,"Monroe","Ogden town","B03002_009","Two or More Races (Non-Hispanic)",1.39645439239378,0.673465488445289
"3605557144",2017,"Monroe","Penfield town","B03002_003","White (Non-Hispanic)",88.2507719156934,1.90514128980275
"3605557144",2017,"Monroe","Penfield town","B03002_004","Black (Non-Hispanic)",2.62048597127131,1.08470756800013
"3605557144",2017,"Monroe","Penfield town","B03002_012","Hispanic or Latino (Any Race)",4.43012484897302,1.55725244610329
"3605557144",2017,"Monroe","Penfield town","B03002_006","Asian (Non-Hispanic)",3.07423815277218,0.843063015532776
"3605557144",2017,"Monroe","Penfield town","B03002_005","Native American (Non-Hispanic)",0.13693113169553,0.14498586760314
"3605557144",2017,"Monroe","Penfield town","B03002_007","Pacific Islander (Non-Hispanic)",0.0375889381124983,0.0510135510401548
"3605557144",2017,"Monroe","Penfield town","B03002_008","Other (Non-Hispanic)",0.0375889381124983,0.0617532490049098
"3605557144",2017,"Monroe","Penfield town","B03002_009","Two or More Races (Non-Hispanic)",1.41227010336958,0.528928992141526
"3605563000",2017,"Monroe","Rochester city","B03002_003","White (Non-Hispanic)",36.8122293674778,0.757568215638772
"3605563000",2017,"Monroe","Rochester city","B03002_004","Black (Non-Hispanic)",38.5194521228093,0.68307416350141
"3605563000",2017,"Monroe","Rochester city","B03002_012","Hispanic or Latino (Any Race)",17.7659061504896,0.567616062658975
"3605563000",2017,"Monroe","Rochester city","B03002_006","Asian (Non-Hispanic)",3.21870688379332,0.398637209906459
"3605563000",2017,"Monroe","Rochester city","B03002_005","Native American (Non-Hispanic)",0.216744723411772,0.0720890736233877
"3605563000",2017,"Monroe","Rochester city","B03002_007","Pacific Islander (Non-Hispanic)",0.0181416288318223,0.0190964505974383
"3605563000",2017,"Monroe","Rochester city","B03002_008","Other (Non-Hispanic)",0.251118335935225,0.102643397607824
"3605563000",2017,"Monroe","Rochester city","B03002_009","Two or More Races (Non-Hispanic)",3.19770078725121,0.424894920358825
"3605508246",2017,"Monroe","Brighton town","B03002_003","White (Non-Hispanic)",76.3039751856991,2.3337267861482
"3605508246",2017,"Monroe","Brighton town","B03002_004","Black (Non-Hispanic)",5.92332598699426,1.15091696499015
"3605508246",2017,"Monroe","Brighton town","B03002_012","Hispanic or Latino (Any Race)",4.11122901531848,1.26791955706841
"3605508246",2017,"Monroe","Brighton town","B03002_006","Asian (Non-Hispanic)",10.8399314341686,1.27333671288356
"3605508246",2017,"Monroe","Brighton town","B03002_005","Native American (Non-Hispanic)",0.321062226212826,0.195902211514257
"3605508246",2017,"Monroe","Brighton town","B03002_007","Pacific Islander (Non-Hispanic)",0.0326503958860501,0.0544173203782908
"3605508246",2017,"Monroe","Brighton town","B03002_008","Other (Non-Hispanic)",0.0979511876581503,0.103392891418384
"3605508246",2017,"Monroe","Brighton town","B03002_009","Two or More Races (Non-Hispanic)",2.36987456806247,0.802653387308262
"3605500000",2017,"Monroe","County subdivisions not defined","B03002_003","White (Non-Hispanic)",0,0
"3605500000",2017,"Monroe","County subdivisions not defined","B03002_004","Black (Non-Hispanic)",0,0
"3605500000",2017,"Monroe","County subdivisions not defined","B03002_012","Hispanic or Latino (Any Race)",0,0
"3605500000",2017,"Monroe","County subdivisions not defined","B03002_006","Asian (Non-Hispanic)",0,0
"3605500000",2017,"Monroe","County subdivisions not defined","B03002_005","Native American (Non-Hispanic)",0,0
"3605500000",2017,"Monroe","County subdivisions not defined","B03002_007","Pacific Islander (Non-Hispanic)",0,0
"3605500000",2017,"Monroe","County subdivisions not defined","B03002_008","Other (Non-Hispanic)",0,0
"3605500000",2017,"Monroe","County subdivisions not defined","B03002_009","Two or More Races (Non-Hispanic)",0,0
"3605522870",2017,"Monroe","East Rochester town","B03002_003","White (Non-Hispanic)",82.8167318687933,6.58306326812805
"3605522870",2017,"Monroe","East Rochester town","B03002_004","Black (Non-Hispanic)",7.17724947336744,6.07878446253772
"3605522870",2017,"Monroe","East Rochester town","B03002_012","Hispanic or Latino (Any Race)",5.13090580800481,2.45252712491735
"3605522870",2017,"Monroe","East Rochester town","B03002_006","Asian (Non-Hispanic)",0.36111947035811,0.376163662208527
"3605522870",2017,"Monroe","East Rochester town","B03002_005","Native American (Non-Hispanic)",0.331026181161601,0.391210777835385
"3605522870",2017,"Monroe","East Rochester town","B03002_007","Pacific Islander (Non-Hispanic)",0,0.240746313572073
"3605522870",2017,"Monroe","East Rochester town","B03002_008","Other (Non-Hispanic)",0,0.240746313572073
"3605522870",2017,"Monroe","East Rochester town","B03002_009","Two or More Races (Non-Hispanic)",4.18296719831478,2.7233972170758
"3605530290",2017,"Monroe","Greece town","B03002_003","White (Non-Hispanic)",83.0806881311828,1.13928794449875
"3605530290",2017,"Monroe","Greece town","B03002_004","Black (Non-Hispanic)",6.29685467049421,0.831245285880747
"3605530290",2017,"Monroe","Greece town","B03002_012","Hispanic or Latino (Any Race)",5.34375580843023,0.822985938616824
"3605530290",2017,"Monroe","Greece town","B03002_006","Asian (Non-Hispanic)",2.612502839677,0.542118671766427
"3605530290",2017,"Monroe","Greece town","B03002_005","Native American (Non-Hispanic)",0.168315400342826,0.0939674579363864
"3605530290",2017,"Monroe","Greece town","B03002_007","Pacific Islander (Non-Hispanic)",0.0309782945416245,0.0351087305947143
"3605530290",2017,"Monroe","Greece town","B03002_008","Other (Non-Hispanic)",0.339728630139815,0.339728590129646
"3605530290",2017,"Monroe","Greece town","B03002_009","Two or More Races (Non-Hispanic)",2.12717622519155,0.527662607102291
"3605531797",2017,"Monroe","Hamlin town","B03002_003","White (Non-Hispanic)",93.7094468272297,3.06373165138227
"3605531797",2017,"Monroe","Hamlin town","B03002_004","Black (Non-Hispanic)",3.06829429231277,2.62837597494809
"3605531797",2017,"Monroe","Hamlin town","B03002_012","Hispanic or Latino (Any Race)",1.41867370504784,1.02275405409894
"3605531797",2017,"Monroe","Hamlin town","B03002_006","Asian (Non-Hispanic)",0.395908940943583,0.285931251634043
"3605531797",2017,"Monroe","Hamlin town","B03002_005","Native American (Non-Hispanic)",0,0.175959529308259
"3605531797",2017,"Monroe","Hamlin town","B03002_007","Pacific Islander (Non-Hispanic)",0,0.175959529308259
"3605531797",2017,"Monroe","Hamlin town","B03002_008","Other (Non-Hispanic)",0,0.175959529308259
"3605531797",2017,"Monroe","Hamlin town","B03002_009","Two or More Races (Non-Hispanic)",1.40767623446607,1.05574696077013
"3605546558",2017,"Monroe","Mendon town","B03002_003","White (Non-Hispanic)",94.7459459459459,2.11033061857057
"3605546558",2017,"Monroe","Mendon town","B03002_004","Black (Non-Hispanic)",0.562162162162162,0.464861750277228
"3605546558",2017,"Monroe","Mendon town","B03002_012","Hispanic or Latino (Any Race)",1.18918918918919,0.918911868271792
"3605546558",2017,"Monroe","Mendon town","B03002_006","Asian (Non-Hispanic)",2.11891891891892,1.61079804088234
"3605546558",2017,"Monroe","Mendon town","B03002_005","Native American (Non-Hispanic)",0.108108108108108,0.172972663415513
"3605546558",2017,"Monroe","Mendon town","B03002_007","Pacific Islander (Non-Hispanic)",0,0.172972972972973
"3605546558",2017,"Monroe","Mendon town","B03002_008","Other (Non-Hispanic)",0,0.172972972972973
"3605546558",2017,"Monroe","Mendon town","B03002_009","Two or More Races (Non-Hispanic)",1.27567567567568,1.01620887955276
"3605556561",2017,"Monroe","Parma town","B03002_003","White (Non-Hispanic)",93.7911392405063,2.71144962058554
"3605556561",2017,"Monroe","Parma town","B03002_004","Black (Non-Hispanic)",0.670886075949367,0.772151226263556
"3605556561",2017,"Monroe","Parma town","B03002_012","Hispanic or Latino (Any Race)",4.05063291139241,2.14556079794204
"3605556561",2017,"Monroe","Parma town","B03002_006","Asian (Non-Hispanic)",0.575949367088608,0.531644849798413
"3605556561",2017,"Monroe","Parma town","B03002_005","Native American (Non-Hispanic)",0.183544303797468,0.234177049225201
"3605556561",2017,"Monroe","Parma town","B03002_007","Pacific Islander (Non-Hispanic)",0,0.113924050632911
"3605556561",2017,"Monroe","Parma town","B03002_008","Other (Non-Hispanic)",0,0.113924050632911
"3605556561",2017,"Monroe","Parma town","B03002_009","Two or More Races (Non-Hispanic)",0.727848101265823,0.537973547491703
"3605515462",2017,"Monroe","Chili town","B03002_003","White (Non-Hispanic)",82.5307911766753,2.18357990487812
"3605515462",2017,"Monroe","Chili town","B03002_004","Black (Non-Hispanic)",10.1837032913506,1.4055759623035
"3605515462",2017,"Monroe","Chili town","B03002_012","Hispanic or Latino (Any Race)",3.6392735369842,1.08551406549286
"3605515462",2017,"Monroe","Chili town","B03002_006","Asian (Non-Hispanic)",1.48911001322107,0.723678280610556
"3605515462",2017,"Monroe","Chili town","B03002_005","Native American (Non-Hispanic)",0.173961450142648,0.156565219843082
"3605515462",2017,"Monroe","Chili town","B03002_007","Pacific Islander (Non-Hispanic)",0,0.0730638090599123
"3605515462",2017,"Monroe","Chili town","B03002_008","Other (Non-Hispanic)",0,0.0730638090599123
"3605515462",2017,"Monroe","Chili town","B03002_009","Two or More Races (Non-Hispanic)",1.98316053162619,0.85588830719794
"3605557221",2017,"Monroe","Perinton town","B03002_003","White (Non-Hispanic)",89.513501928847,1.76275475683826
"3605557221",2017,"Monroe","Perinton town","B03002_004","Black (Non-Hispanic)",1.72096013716245,0.615086737333503
"3605557221",2017,"Monroe","Perinton town","B03002_012","Hispanic or Latino (Any Race)",3.42263180454351,1.01585669662341
"3605557221",2017,"Monroe","Perinton town","B03002_006","Asian (Non-Hispanic)",3.91984569224175,0.972992428594698
"3605557221",2017,"Monroe","Perinton town","B03002_005","Native American (Non-Hispanic)",0.0685812258894128,0.0814401921620396
"3605557221",2017,"Monroe","Perinton town","B03002_007","Pacific Islander (Non-Hispanic)",0,0.0514359194170596
"3605557221",2017,"Monroe","Perinton town","B03002_008","Other (Non-Hispanic)",0.0535790827261037,0.0557222339196163
"3605557221",2017,"Monroe","Perinton town","B03002_009","Two or More Races (Non-Hispanic)",1.3009001285898,0.42648856533028
"3605564144",2017,"Monroe","Rush town","B03002_003","White (Non-Hispanic)",94.4841383252358,2.54963398443907
"3605564144",2017,"Monroe","Rush town","B03002_004","Black (Non-Hispanic)",1.686196056016,1.2860491432843
"3605564144",2017,"Monroe","Rush town","B03002_012","Hispanic or Latino (Any Race)",3.4581308945413,2.28629041954102
"3605564144",2017,"Monroe","Rush town","B03002_006","Asian (Non-Hispanic)",0.20005715918834,0.285793877063853
"3605564144",2017,"Monroe","Rush town","B03002_005","Native American (Non-Hispanic)",0,0.314375535867391
"3605564144",2017,"Monroe","Rush town","B03002_007","Pacific Islander (Non-Hispanic)",0,0.314375535867391
"3605564144",2017,"Monroe","Rush town","B03002_008","Other (Non-Hispanic)",0,0.314375535867391
"3605564144",2017,"Monroe","Rush town","B03002_009","Two or More Races (Non-Hispanic)",0.171477565018577,0.342953865977895
"3605578971",2017,"Monroe","Webster town","B03002_003","White (Non-Hispanic)",89.3768089725036,1.59055442500793
"3605578971",2017,"Monroe","Webster town","B03002_004","Black (Non-Hispanic)",2.19111794500724,0.809510936313041
"3605578971",2017,"Monroe","Webster town","B03002_012","Hispanic or Latino (Any Race)",2.34488060781476,0.642179090004699
"3605578971",2017,"Monroe","Webster town","B03002_006","Asian (Non-Hispanic)",3.75814037626628,1.05597809404351
"3605578971",2017,"Monroe","Webster town","B03002_005","Native American (Non-Hispanic)",0.0361794500723589,0.0407018582365475
"3605578971",2017,"Monroe","Webster town","B03002_007","Pacific Islander (Non-Hispanic)",0,0.0542691751085384
"3605578971",2017,"Monroe","Webster town","B03002_008","Other (Non-Hispanic)",0.00452243125904486,0.00904486089423296
"3605578971",2017,"Monroe","Webster town","B03002_009","Two or More Races (Non-Hispanic)",2.2883502170767,1.07181269981614
"3605515957",2017,"Monroe","Clarkson town","B03002_003","White (Non-Hispanic)",90.3405043453483,7.36207724914582
"3605515957",2017,"Monroe","Clarkson town","B03002_004","Black (Non-Hispanic)",0.0569881749536971,0.142470362427728
"3605515957",2017,"Monroe","Clarkson town","B03002_012","Hispanic or Latino (Any Race)",9.3318136486679,7.4369183277536
"3605515957",2017,"Monroe","Clarkson town","B03002_006","Asian (Non-Hispanic)",0.270693831030061,0.39891662067331
"3605515957",2017,"Monroe","Clarkson town","B03002_005","Native American (Non-Hispanic)",0,0.227952699814788
"3605515957",2017,"Monroe","Clarkson town","B03002_007","Pacific Islander (Non-Hispanic)",0,0.227952699814788
"3605515957",2017,"Monroe","Clarkson town","B03002_008","Other (Non-Hispanic)",0,0.227952699814788
"3605515957",2017,"Monroe","Clarkson town","B03002_009","Two or More Races (Non-Hispanic)",0,0.227952699814788
"3605572455",2017,"Monroe","Sweden town","B03002_003","White (Non-Hispanic)",87.7813731007316,1.85010975917502
"3605572455",2017,"Monroe","Sweden town","B03002_004","Black (Non-Hispanic)",2.65194147439505,0.844105367755513
"3605572455",2017,"Monroe","Sweden town","B03002_012","Hispanic or Latino (Any Race)",4.82554867754643,1.42794121271759
"3605572455",2017,"Monroe","Sweden town","B03002_006","Asian (Non-Hispanic)",2.3564997186269,0.956658834317506
"3605572455",2017,"Monroe","Sweden town","B03002_005","Native American (Non-Hispanic)",0.0492402926280248,0.0773775502943388
"3605572455",2017,"Monroe","Sweden town","B03002_007","Pacific Islander (Non-Hispanic)",0,0.126617895329207
"3605572455",2017,"Monroe","Sweden town","B03002_008","Other (Non-Hispanic)",0,0.126617895329207
"3605572455",2017,"Monroe","Sweden town","B03002_009","Two or More Races (Non-Hispanic)",2.33539673607203,0.984796589923805
"3609918663",2017,"Seneca","Covert town","B03002_003","White (Non-Hispanic)",96.3579136690647,8.61201495124649
"3609918663",2017,"Seneca","Covert town","B03002_004","Black (Non-Hispanic)",0,0.494604316546763
"3609918663",2017,"Seneca","Covert town","B03002_012","Hispanic or Latino (Any Race)",1.12410071942446,1.30200784015287
"3609918663",2017,"Seneca","Covert town","B03002_006","Asian (Non-Hispanic)",0.899280575539568,0.762259270663207
"3609918663",2017,"Seneca","Covert town","B03002_005","Native American (Non-Hispanic)",0.629496402877698,0.763345914209644
"3609918663",2017,"Seneca","Covert town","B03002_007","Pacific Islander (Non-Hispanic)",0,0.494604316546763
"3609918663",2017,"Seneca","Covert town","B03002_008","Other (Non-Hispanic)",0,0.494604316546763
"3609918663",2017,"Seneca","Covert town","B03002_009","Two or More Races (Non-Hispanic)",0.989208633093525,0.987218584738127
"3609978564",2017,"Seneca","Waterloo town","B03002_003","White (Non-Hispanic)",94.2807393517278,2.03119602296128
"3609978564",2017,"Seneca","Waterloo town","B03002_004","Black (Non-Hispanic)",1.5269220466113,1.54030040405051
"3609978564",2017,"Seneca","Waterloo town","B03002_012","Hispanic or Latino (Any Race)",2.12965443343156,0.830374653984485
"3609978564",2017,"Seneca","Waterloo town","B03002_006","Asian (Non-Hispanic)",0.01339405304045,0.0267880366369448
"3609978564",2017,"Seneca","Waterloo town","B03002_005","Native American (Non-Hispanic)",0,0.214304848647201
"3609978564",2017,"Seneca","Waterloo town","B03002_007","Pacific Islander (Non-Hispanic)",0,0.214304848647201
"3609978564",2017,"Seneca","Waterloo town","B03002_008","Other (Non-Hispanic)",0,0.214304848647201
"3609978564",2017,"Seneca","Waterloo town","B03002_009","Two or More Races (Non-Hispanic)",2.04929011518886,1.44652762413975
"3609966333",2017,"Seneca","Seneca Falls town","B03002_003","White (Non-Hispanic)",91.1971034170627,2.03754989017906
"3609966333",2017,"Seneca","Seneca Falls town","B03002_004","Black (Non-Hispanic)",2.33084408237158,1.61800452773296
"3609966333",2017,"Seneca","Seneca Falls town","B03002_012","Hispanic or Latino (Any Race)",2.44399185336049,1.04094480076564
"3609966333",2017,"Seneca","Seneca Falls town","B03002_006","Asian (Non-Hispanic)",1.90088255261371,0.622297873243057
"3609966333",2017,"Seneca","Seneca Falls town","B03002_005","Native American (Non-Hispanic)",0.10183299389002,0.158406711764715
"3609966333",2017,"Seneca","Seneca Falls town","B03002_007","Pacific Islander (Non-Hispanic)",0.0339443312966735,0.0678886191363809
"3609966333",2017,"Seneca","Seneca Falls town","B03002_008","Other (Non-Hispanic)",0.0113147770988912,0.022629539712127
"3609966333",2017,"Seneca","Seneca Falls town","B03002_009","Two or More Races (Non-Hispanic)",1.98008599230595,0.769391794877129
"3609925505",2017,"Seneca","Fayette town","B03002_003","White (Non-Hispanic)",94.7436227776346,2.22708557691245
"3609925505",2017,"Seneca","Fayette town","B03002_004","Black (Non-Hispanic)",0,0.283432105127544
"3609925505",2017,"Seneca","Fayette town","B03002_012","Hispanic or Latino (Any Race)",1.90672507085803,1.49433735582684
"3609925505",2017,"Seneca","Fayette town","B03002_006","Asian (Non-Hispanic)",0.592630765266684,0.721438960808543
"3609925505",2017,"Seneca","Fayette town","B03002_005","Native American (Non-Hispanic)",0,0.283432105127544
"3609925505",2017,"Seneca","Fayette town","B03002_007","Pacific Islander (Non-Hispanic)",0,0.283432105127544
"3609925505",2017,"Seneca","Fayette town","B03002_008","Other (Non-Hispanic)",0,0.283432105127544
"3609925505",2017,"Seneca","Fayette town","B03002_009","Two or More Races (Non-Hispanic)",2.75702138624066,1.829215607313
"3609975902",2017,"Seneca","Tyre town","B03002_003","White (Non-Hispanic)",99.572192513369,1.25506527744679
"3609975902",2017,"Seneca","Tyre town","B03002_004","Black (Non-Hispanic)",0,1.17647058823529
"3609975902",2017,"Seneca","Tyre town","B03002_012","Hispanic or Latino (Any Race)",0,1.17647058823529
"3609975902",2017,"Seneca","Tyre town","B03002_006","Asian (Non-Hispanic)",0,1.17647058823529
"3609975902",2017,"Seneca","Tyre town","B03002_005","Native American (Non-Hispanic)",0.427807486631016,0.531592852345746
"3609975902",2017,"Seneca","Tyre town","B03002_007","Pacific Islander (Non-Hispanic)",0,1.17647058823529
"3609975902",2017,"Seneca","Tyre town","B03002_008","Other (Non-Hispanic)",0,1.17647058823529
"3609975902",2017,"Seneca","Tyre town","B03002_009","Two or More Races (Non-Hispanic)",0,1.17647058823529
"3609943225",2017,"Seneca","Lodi town","B03002_003","White (Non-Hispanic)",98.1888745148771,1.74678528516494
"3609943225",2017,"Seneca","Lodi town","B03002_004","Black (Non-Hispanic)",0,0.711513583441138
"3609943225",2017,"Seneca","Lodi town","B03002_012","Hispanic or Latino (Any Race)",0.905562742561449,0.769553533017034
"3609943225",2017,"Seneca","Lodi town","B03002_006","Asian (Non-Hispanic)",0.19404915912031,0.322685477538027
"3609943225",2017,"Seneca","Lodi town","B03002_005","Native American (Non-Hispanic)",0.0646830530401035,0.12916345728074
"3609943225",2017,"Seneca","Lodi town","B03002_007","Pacific Islander (Non-Hispanic)",0,0.711513583441138
"3609943225",2017,"Seneca","Lodi town","B03002_008","Other (Non-Hispanic)",0,0.711513583441138
"3609943225",2017,"Seneca","Lodi town","B03002_009","Two or More Races (Non-Hispanic)",0.646830530401035,0.577630171332415
"3609963440",2017,"Seneca","Romulus town","B03002_003","White (Non-Hispanic)",57.7639751552795,4.98088232329879
"3609963440",2017,"Seneca","Romulus town","B03002_004","Black (Non-Hispanic)",28.8244766505636,4.29862210918472
"3609963440",2017,"Seneca","Romulus town","B03002_012","Hispanic or Latino (Any Race)",11.1341154819416,2.18447692944635
"3609963440",2017,"Seneca","Romulus town","B03002_006","Asian (Non-Hispanic)",0.138026224982747,0.253046834070149
"3609963440",2017,"Seneca","Romulus town","B03002_005","Native American (Non-Hispanic)",1.19622728318381,0.943154113526105
"3609963440",2017,"Seneca","Romulus town","B03002_007","Pacific Islander (Non-Hispanic)",0,0.253048079135036
"3609963440",2017,"Seneca","Romulus town","B03002_008","Other (Non-Hispanic)",0,0.253048079135036
"3609963440",2017,"Seneca","Romulus town","B03002_009","Two or More Races (Non-Hispanic)",0.943179204048769,0.690109807512117
"3609938858",2017,"Seneca","Junius town","B03002_003","White (Non-Hispanic)",94.8148148148148,4.70175770951398
"3609938858",2017,"Seneca","Junius town","B03002_004","Black (Non-Hispanic)",0,0.740740740740741
"3609938858",2017,"Seneca","Junius town","B03002_012","Hispanic or Latino (Any Race)",4.04040404040404,3.33874223340256
"3609938858",2017,"Seneca","Junius town","B03002_006","Asian (Non-Hispanic)",0.202020202020202,0.268479374960297
"3609938858",2017,"Seneca","Junius town","B03002_005","Native American (Non-Hispanic)",0,0.740740740740741
"3609938858",2017,"Seneca","Junius town","B03002_007","Pacific Islander (Non-Hispanic)",0,0.740740740740741
"3609938858",2017,"Seneca","Junius town","B03002_008","Other (Non-Hispanic)",0,0.740740740740741
"3609938858",2017,"Seneca","Junius town","B03002_009","Two or More Races (Non-Hispanic)",0.942760942760943,0.801671203387496
"3609976958",2017,"Seneca","Varick town","B03002_003","White (Non-Hispanic)",92.7544247787611,2.85430926692593
"3609976958",2017,"Seneca","Varick town","B03002_004","Black (Non-Hispanic)",0.884955752212389,0.992451474606985
"3609976958",2017,"Seneca","Varick town","B03002_012","Hispanic or Latino (Any Race)",4.20353982300885,3.96466961352927
"3609976958",2017,"Seneca","Varick town","B03002_006","Asian (Non-Hispanic)",0.110619469026549,0.221019535399299
"3609976958",2017,"Seneca","Varick town","B03002_005","Native American (Non-Hispanic)",0,0.608407079646018
"3609976958",2017,"Seneca","Varick town","B03002_007","Pacific Islander (Non-Hispanic)",0,0.608407079646018
"3609976958",2017,"Seneca","Varick town","B03002_008","Other (Non-Hispanic)",0.38716814159292,0.773568373897546
"3609976958",2017,"Seneca","Varick town","B03002_009","Two or More Races (Non-Hispanic)",1.65929203539823,1.59716212950834
"3609955827",2017,"Seneca","Ovid town","B03002_003","White (Non-Hispanic)",93.7310851707739,4.46364104769153
"3609955827",2017,"Seneca","Ovid town","B03002_004","Black (Non-Hispanic)",1.1240812797233,1.07734098902726
"3609955827",2017,"Seneca","Ovid town","B03002_012","Hispanic or Latino (Any Race)",1.34025075659317,1.03241651816536
"3609955827",2017,"Seneca","Ovid town","B03002_006","Asian (Non-Hispanic)",1.08084738434933,1.2943168833916
"3609955827",2017,"Seneca","Ovid town","B03002_005","Native American (Non-Hispanic)",1.25378296584522,1.3800779807994
"3609955827",2017,"Seneca","Ovid town","B03002_007","Pacific Islander (Non-Hispanic)",0,0.475572849113705
"3609955827",2017,"Seneca","Ovid town","B03002_008","Other (Non-Hispanic)",0,0.475572849113705
"3609955827",2017,"Seneca","Ovid town","B03002_009","Two or More Races (Non-Hispanic)",1.46995244271509,1.16175897279483
"3609928640",2017,"Seneca","Geneva city","B03002_003","White (Non-Hispanic)",0,0
"3609928640",2017,"Seneca","Geneva city","B03002_004","Black (Non-Hispanic)",0,0
"3609928640",2017,"Seneca","Geneva city","B03002_012","Hispanic or Latino (Any Race)",0,0
"3609928640",2017,"Seneca","Geneva city","B03002_006","Asian (Non-Hispanic)",0,0
"3609928640",2017,"Seneca","Geneva city","B03002_005","Native American (Non-Hispanic)",0,0
"3609928640",2017,"Seneca","Geneva city","B03002_007","Pacific Islander (Non-Hispanic)",0,0
"3609928640",2017,"Seneca","Geneva city","B03002_008","Other (Non-Hispanic)",0,0
"3609928640",2017,"Seneca","Geneva city","B03002_009","Two or More Races (Non-Hispanic)",0,0
"3611728013",2017,"Wayne","Galen town","B03002_003","White (Non-Hispanic)",90.3256704980843,4.07716081054393
"3611728013",2017,"Wayne","Galen town","B03002_004","Black (Non-Hispanic)",1.19731800766284,0.814139441893073
"3611728013",2017,"Wayne","Galen town","B03002_012","Hispanic or Latino (Any Race)",5.38793103448276,2.84940392161365
"3611728013",2017,"Wayne","Galen town","B03002_006","Asian (Non-Hispanic)",0.981800766283525,1.36492776788897
"3611728013",2017,"Wayne","Galen town","B03002_005","Native American (Non-Hispanic)",0.335249042145594,0.431029032684928
"3611728013",2017,"Wayne","Galen town","B03002_007","Pacific Islander (Non-Hispanic)",0,0.263409961685824
"3611728013",2017,"Wayne","Galen town","B03002_008","Other (Non-Hispanic)",0,0.263409961685824
"3611728013",2017,"Wayne","Galen town","B03002_009","Two or More Races (Non-Hispanic)",1.772030651341,1.10147298253372
"3611702440",2017,"Wayne","Arcadia town","B03002_003","White (Non-Hispanic)",85.479670091159,2.29910298225699
"3611702440",2017,"Wayne","Arcadia town","B03002_004","Black (Non-Hispanic)",5.16567790478947,1.59158051386389
"3611702440",2017,"Wayne","Arcadia town","B03002_012","Hispanic or Latino (Any Race)",5.10779916075821,1.52646527700188
"3611702440",2017,"Wayne","Arcadia town","B03002_006","Asian (Non-Hispanic)",1.2733323686876,0.709003027529792
"3611702440",2017,"Wayne","Arcadia town","B03002_005","Native American (Non-Hispanic)",0.166401389089857,0.17363542409977
"3611702440",2017,"Wayne","Arcadia town","B03002_007","Pacific Islander (Non-Hispanic)",0.188105918101577,0.282158241755206
"3611702440",2017,"Wayne","Arcadia town","B03002_008","Other (Non-Hispanic)",0,0.130227174070323
"3611702440",2017,"Wayne","Arcadia town","B03002_009","Two or More Races (Non-Hispanic)",2.61901316741427,1.20819001637738
"3611744160",2017,"Wayne","Macedon town","B03002_003","White (Non-Hispanic)",94.2508324084351,2.62366273860333
"3611744160",2017,"Wayne","Macedon town","B03002_004","Black (Non-Hispanic)",0.51054384017758,0.521641622165622
"3611744160",2017,"Wayne","Macedon town","B03002_012","Hispanic or Latino (Any Race)",3.27413984461709,2.39732736957963
"3611744160",2017,"Wayne","Macedon town","B03002_006","Asian (Non-Hispanic)",0.399556048834628,0.421752851728518
"3611744160",2017,"Wayne","Macedon town","B03002_005","Native American (Non-Hispanic)",0,0.177580466148724
"3611744160",2017,"Wayne","Macedon town","B03002_007","Pacific Islander (Non-Hispanic)",0.0443951165371809,0.0887901887777259
"3611744160",2017,"Wayne","Macedon town","B03002_008","Other (Non-Hispanic)",0,0.177580466148724
"3611744160",2017,"Wayne","Macedon town","B03002_009","Two or More Races (Non-Hispanic)",1.52053274139845,1.09877493528037
"3611768220",2017,"Wayne","Sodus town","B03002_003","White (Non-Hispanic)",87.3272171253823,2.9009292904786
"3611768220",2017,"Wayne","Sodus town","B03002_004","Black (Non-Hispanic)",5.1743119266055,1.48005073153835
"3611768220",2017,"Wayne","Sodus town","B03002_012","Hispanic or Latino (Any Race)",5.46788990825688,2.53206336009469
"3611768220",2017,"Wayne","Sodus town","B03002_006","Asian (Non-Hispanic)",0.35474006116208,0.379203579565047
"3611768220",2017,"Wayne","Sodus town","B03002_005","Native American (Non-Hispanic)",0.207951070336391,0.281344957428152
"3611768220",2017,"Wayne","Sodus town","B03002_007","Pacific Islander (Non-Hispanic)",0,0.195718654434251
"3611768220",2017,"Wayne","Sodus town","B03002_008","Other (Non-Hispanic)",0,0.195718654434251
"3611768220",2017,"Wayne","Sodus town","B03002_009","Two or More Races (Non-Hispanic)",1.46788990825688,0.70946810243204
"3611765343",2017,"Wayne","Savannah town","B03002_003","White (Non-Hispanic)",91.3572732805843,4.59706613562097
"3611765343",2017,"Wayne","Savannah town","B03002_004","Black (Non-Hispanic)",0.365185636031649,0.606710924929941
"3611765343",2017,"Wayne","Savannah town","B03002_012","Hispanic or Latino (Any Race)",4.62568472306756,3.47636409715425
"3611765343",2017,"Wayne","Savannah town","B03002_006","Asian (Non-Hispanic)",0,0.669506999391357
"3611765343",2017,"Wayne","Savannah town","B03002_005","Native American (Non-Hispanic)",0.973828362751065,0.780613900457681
"3611765343",2017,"Wayne","Savannah town","B03002_007","Pacific Islander (Non-Hispanic)",0,0.669506999391357
"3611765343",2017,"Wayne","Savannah town","B03002_008","Other (Non-Hispanic)",0,0.669506999391357
"3611765343",2017,"Wayne","Savannah town","B03002_009","Two or More Races (Non-Hispanic)",2.67802799756543,2.16210986918075
"3611737165",2017,"Wayne","Huron town","B03002_003","White (Non-Hispanic)",81.9672131147541,3.17483552257068
"3611737165",2017,"Wayne","Huron town","B03002_004","Black (Non-Hispanic)",6.24723083739477,5.32765679588274
"3611737165",2017,"Wayne","Huron town","B03002_012","Hispanic or Latino (Any Race)",9.21577315019938,7.39107271175025
"3611737165",2017,"Wayne","Huron town","B03002_006","Asian (Non-Hispanic)",1.81657066902969,3.93945337665487
"3611737165",2017,"Wayne","Huron town","B03002_005","Native American (Non-Hispanic)",0.177226406734603,0.265297990715126
"3611737165",2017,"Wayne","Huron town","B03002_007","Pacific Islander (Non-Hispanic)",0,0.487372618520159
"3611737165",2017,"Wayne","Huron town","B03002_008","Other (Non-Hispanic)",0,0.487372618520159
"3611737165",2017,"Wayne","Huron town","B03002_009","Two or More Races (Non-Hispanic)",0.575985821887461,0.662309069310473
"3611743973",2017,"Wayne","Lyons town","B03002_003","White (Non-Hispanic)",85.1017441860465,3.67730385731739
"3611743973",2017,"Wayne","Lyons town","B03002_004","Black (Non-Hispanic)",6.37718023255814,2.21578198433159
"3611743973",2017,"Wayne","Lyons town","B03002_012","Hispanic or Latino (Any Race)",5.30523255813953,2.88838985182667
"3611743973",2017,"Wayne","Lyons town","B03002_006","Asian (Non-Hispanic)",0.472383720930233,0.726731004519497
"3611743973",2017,"Wayne","Lyons town","B03002_005","Native American (Non-Hispanic)",0,0.290697674418605
"3611743973",2017,"Wayne","Lyons town","B03002_007","Pacific Islander (Non-Hispanic)",0,0.290697674418605
"3611743973",2017,"Wayne","Lyons town","B03002_008","Other (Non-Hispanic)",0,0.290697674418605
"3611743973",2017,"Wayne","Lyons town","B03002_009","Two or More Races (Non-Hispanic)",2.74345930232558,1.92570431231309
"3611711473",2017,"Wayne","Butler town","B03002_003","White (Non-Hispanic)",95.3992596509783,3.39310706410365
"3611711473",2017,"Wayne","Butler town","B03002_004","Black (Non-Hispanic)",1.05764145954521,1.10405463294945
"3611711473",2017,"Wayne","Butler town","B03002_012","Hispanic or Latino (Any Race)",0.846113167636171,0.734130852304673
"3611711473",2017,"Wayne","Butler town","B03002_006","Asian (Non-Hispanic)",0,0.581702802749868
"3611711473",2017,"Wayne","Butler town","B03002_005","Native American (Non-Hispanic)",0,0.581702802749868
"3611711473",2017,"Wayne","Butler town","B03002_007","Pacific Islander (Non-Hispanic)",0,0.581702802749868
"3611711473",2017,"Wayne","Butler town","B03002_008","Other (Non-Hispanic)",0.475938656795346,0.685353787544609
"3611711473",2017,"Wayne","Butler town","B03002_009","Two or More Races (Non-Hispanic)",2.22104706504495,2.52586426489876
"3611756198",2017,"Wayne","Palmyra town","B03002_003","White (Non-Hispanic)",93.2744741625552,2.19946252106502
"3611756198",2017,"Wayne","Palmyra town","B03002_004","Black (Non-Hispanic)",0.467411062061802,0.467408599749565
"3611756198",2017,"Wayne","Palmyra town","B03002_012","Hispanic or Latino (Any Race)",4.40145416774864,1.7787013886121
"3611756198",2017,"Wayne","Palmyra town","B03002_006","Asian (Non-Hispanic)",1.09062581147754,0.727075256197152
"3611756198",2017,"Wayne","Palmyra town","B03002_005","Native American (Non-Hispanic)",0.0649182030641392,0.116852575522568
"3611756198",2017,"Wayne","Palmyra town","B03002_007","Pacific Islander (Non-Hispanic)",0,0.207738249805245
"3611756198",2017,"Wayne","Palmyra town","B03002_008","Other (Non-Hispanic)",0.116852765515451,0.194754239846205
"3611756198",2017,"Wayne","Palmyra town","B03002_009","Two or More Races (Non-Hispanic)",0.584263827577253,0.714097715433844
"3611763605",2017,"Wayne","Rose town","B03002_003","White (Non-Hispanic)",94.5553539019964,3.50558692334936
"3611763605",2017,"Wayne","Rose town","B03002_004","Black (Non-Hispanic)",0.680580762250454,0.721934949677261
"3611763605",2017,"Wayne","Rose town","B03002_012","Hispanic or Latino (Any Race)",3.67513611615245,3.05768489254306
"3611763605",2017,"Wayne","Rose town","B03002_006","Asian (Non-Hispanic)",0.136116152450091,0.271804582783075
"3611763605",2017,"Wayne","Rose town","B03002_005","Native American (Non-Hispanic)",0.0907441016333938,0.135735722057735
"3611763605",2017,"Wayne","Rose town","B03002_007","Pacific Islander (Non-Hispanic)",0,0.499092558983666
"3611763605",2017,"Wayne","Rose town","B03002_008","Other (Non-Hispanic)",0,0.499092558983666
"3611763605",2017,"Wayne","Rose town","B03002_009","Two or More Races (Non-Hispanic)",0.862068965517241,0.902283480160748
"3611778102",2017,"Wayne","Walworth town","B03002_003","White (Non-Hispanic)",94.2663511187608,1.94507933673978
"3611778102",2017,"Wayne","Walworth town","B03002_004","Black (Non-Hispanic)",1.37693631669535,1.01118235683653
"3611778102",2017,"Wayne","Walworth town","B03002_012","Hispanic or Latino (Any Race)",2.6355421686747,1.40919445809243
"3611778102",2017,"Wayne","Walworth town","B03002_006","Asian (Non-Hispanic)",0.548623063683305,0.591650898939797
"3611778102",2017,"Wayne","Walworth town","B03002_005","Native American (Non-Hispanic)",0.096815834767642,0.118330242886271
"3611778102",2017,"Wayne","Walworth town","B03002_007","Pacific Islander (Non-Hispanic)",0,0.172117039586919
"3611778102",2017,"Wayne","Walworth town","B03002_008","Other (Non-Hispanic)",0,0.172117039586919
"3611778102",2017,"Wayne","Walworth town","B03002_009","Two or More Races (Non-Hispanic)",1.07573149741824,0.796037237133471
"3611745645",2017,"Wayne","Marion town","B03002_003","White (Non-Hispanic)",92.6682433885186,3.78120382071028
"3611745645",2017,"Wayne","Marion town","B03002_004","Black (Non-Hispanic)",2.5155880455816,1.76295418274141
"3611745645",2017,"Wayne","Marion town","B03002_012","Hispanic or Latino (Any Race)",1.80606321221243,1.56949267855186
"3611745645",2017,"Wayne","Marion town","B03002_006","Asian (Non-Hispanic)",0,0.236508277789723
"3611745645",2017,"Wayne","Marion town","B03002_005","Native American (Non-Hispanic)",0,0.236508277789723
"3611745645",2017,"Wayne","Marion town","B03002_007","Pacific Islander (Non-Hispanic)",0,0.236508277789723
"3611745645",2017,"Wayne","Marion town","B03002_008","Other (Non-Hispanic)",0,0.236508277789723
"3611745645",2017,"Wayne","Marion town","B03002_009","Two or More Races (Non-Hispanic)",3.01010535368738,2.19295299089236
"3611782040",2017,"Wayne","Williamson town","B03002_003","White (Non-Hispanic)",85.4687040846312,4.5863673004499
"3611782040",2017,"Wayne","Williamson town","B03002_004","Black (Non-Hispanic)",3.54099324125771,1.82186767842768
"3611782040",2017,"Wayne","Williamson town","B03002_012","Hispanic or Latino (Any Race)",7.68439612106964,3.74657007334514
"3611782040",2017,"Wayne","Williamson town","B03002_006","Asian (Non-Hispanic)",0.0881575080811049,0.161621719765338
"3611782040",2017,"Wayne","Williamson town","B03002_005","Native American (Non-Hispanic)",0.631795474581252,0.675869581305086
"3611782040",2017,"Wayne","Williamson town","B03002_007","Pacific Islander (Non-Hispanic)",0.528945048486629,0.749335880651617
"3611782040",2017,"Wayne","Williamson town","B03002_008","Other (Non-Hispanic)",0.205700852189245,0.249778273230234
"3611782040",2017,"Wayne","Williamson town","B03002_009","Two or More Races (Non-Hispanic)",1.8513076697032,1.70436266591267
"3611755013",2017,"Wayne","Ontario town","B03002_003","White (Non-Hispanic)",92.886158723868,2.36844594459376
"3611755013",2017,"Wayne","Ontario town","B03002_004","Black (Non-Hispanic)",2.55622708808085,1.82303636869533
"3611755013",2017,"Wayne","Ontario town","B03002_012","Hispanic or Latino (Any Race)",2.25899138016447,1.47626170733835
"3611755013",2017,"Wayne","Ontario town","B03002_006","Asian (Non-Hispanic)",1.05023283463787,0.614282467540591
"3611755013",2017,"Wayne","Ontario town","B03002_005","Native American (Non-Hispanic)",0,0.178341424749827
"3611755013",2017,"Wayne","Ontario town","B03002_007","Pacific Islander (Non-Hispanic)",0,0.178341424749827
"3611755013",2017,"Wayne","Ontario town","B03002_008","Other (Non-Hispanic)",0,0.178341424749827
"3611755013",2017,"Wayne","Ontario town","B03002_009","Two or More Races (Non-Hispanic)",1.24838997324879,0.663820318512489
"3611700000",2017,"Wayne","County subdivisions not defined","B03002_003","White (Non-Hispanic)",0,0
"3611700000",2017,"Wayne","County subdivisions not defined","B03002_004","Black (Non-Hispanic)",0,0
"3611700000",2017,"Wayne","County subdivisions not defined","B03002_012","Hispanic or Latino (Any Race)",0,0
"3611700000",2017,"Wayne","County subdivisions not defined","B03002_006","Asian (Non-Hispanic)",0,0
"3611700000",2017,"Wayne","County subdivisions not defined","B03002_005","Native American (Non-Hispanic)",0,0
"3611700000",2017,"Wayne","County subdivisions not defined","B03002_007","Pacific Islander (Non-Hispanic)",0,0
"3611700000",2017,"Wayne","County subdivisions not defined","B03002_008","Other (Non-Hispanic)",0,0
"3611700000",2017,"Wayne","County subdivisions not defined","B03002_009","Two or More Races (Non-Hispanic)",0,0
"3611782689",2017,"Wayne","Wolcott town","B03002_003","White (Non-Hispanic)",93.3760683760684,2.7281277061631
"3611782689",2017,"Wayne","Wolcott town","B03002_004","Black (Non-Hispanic)",2.96771130104463,2.06549233533508
"3611782689",2017,"Wayne","Wolcott town","B03002_012","Hispanic or Latino (Any Race)",2.04178537511871,1.21079816717769
"3611782689",2017,"Wayne","Wolcott town","B03002_006","Asian (Non-Hispanic)",0.308641975308642,0.35612317741482
"3611782689",2017,"Wayne","Wolcott town","B03002_005","Native American (Non-Hispanic)",0,0.261158594491928
"3611782689",2017,"Wayne","Wolcott town","B03002_007","Pacific Islander (Non-Hispanic)",0,0.261158594491928
"3611782689",2017,"Wayne","Wolcott town","B03002_008","Other (Non-Hispanic)",0.0949667616334283,0.142449626779654
"3611782689",2017,"Wayne","Wolcott town","B03002_009","Two or More Races (Non-Hispanic)",1.21082621082621,0.973397039075274
"3603742037",2017,"Genesee","Le Roy town","B03002_003","White (Non-Hispanic)",91.8200134318334,2.73561368833361
"3603742037",2017,"Genesee","Le Roy town","B03002_004","Black (Non-Hispanic)",2.9415715245131,1.92066619157871
"3603742037",2017,"Genesee","Le Roy town","B03002_012","Hispanic or Latino (Any Race)",2.17595701813298,1.16849216750448
"3603742037",2017,"Genesee","Le Roy town","B03002_006","Asian (Non-Hispanic)",0,0.214909335124244
"3603742037",2017,"Genesee","Le Roy town","B03002_005","Native American (Non-Hispanic)",0,0.214909335124244
"3603742037",2017,"Genesee","Le Roy town","B03002_007","Pacific Islander (Non-Hispanic)",0,0.214909335124244
"3603742037",2017,"Genesee","Le Roy town","B03002_008","Other (Non-Hispanic)",0,0.214909335124244
"3603742037",2017,"Genesee","Le Roy town","B03002_009","Two or More Races (Non-Hispanic)",3.06245802552048,1.61170894389186
"3603756792",2017,"Genesee","Pavilion town","B03002_003","White (Non-Hispanic)",95.0787401574803,10.7970610592533
"3603756792",2017,"Genesee","Pavilion town","B03002_004","Black (Non-Hispanic)",1.65354330708661,1.60848369942157
"3603756792",2017,"Genesee","Pavilion town","B03002_012","Hispanic or Latino (Any Race)",2.75590551181102,3.93053423009335
"3603756792",2017,"Genesee","Pavilion town","B03002_006","Asian (Non-Hispanic)",0,0.433070866141732
"3603756792",2017,"Genesee","Pavilion town","B03002_005","Native American (Non-Hispanic)",0,0.433070866141732
"3603756792",2017,"Genesee","Pavilion town","B03002_007","Pacific Islander (Non-Hispanic)",0,0.433070866141732
"3603756792",2017,"Genesee","Pavilion town","B03002_008","Other (Non-Hispanic)",0,0.433070866141732
"3603756792",2017,"Genesee","Pavilion town","B03002_009","Two or More Races (Non-Hispanic)",0.511811023622047,0.549585284401549
"3603770607",2017,"Genesee","Stafford town","B03002_003","White (Non-Hispanic)",96.5562336530079,0.880702872353419
"3603770607",2017,"Genesee","Stafford town","B03002_004","Black (Non-Hispanic)",0.871839581517001,0.996829902091872
"3603770607",2017,"Genesee","Stafford town","B03002_012","Hispanic or Latino (Any Race)",0.21795989537925,0.347697683913448
"3603770607",2017,"Genesee","Stafford town","B03002_006","Asian (Non-Hispanic)",0.697471665213601,0.911378848946363
"3603770607",2017,"Genesee","Stafford town","B03002_005","Native American (Non-Hispanic)",0.1743679163034,0.304384707826792
"3603770607",2017,"Genesee","Stafford town","B03002_007","Pacific Islander (Non-Hispanic)",0,0.479511769834351
"3603770607",2017,"Genesee","Stafford town","B03002_008","Other (Non-Hispanic)",0,0.479511769834351
"3603770607",2017,"Genesee","Stafford town","B03002_009","Two or More Races (Non-Hispanic)",1.4821272885789,1.77789385059104
"3603723756",2017,"Genesee","Elba town","B03002_003","White (Non-Hispanic)",83.7800369685767,3.35398213539406
"3603723756",2017,"Genesee","Elba town","B03002_004","Black (Non-Hispanic)",1.1090573012939,0.964608855363939
"3603723756",2017,"Genesee","Elba town","B03002_012","Hispanic or Latino (Any Race)",13.2624768946396,6.01366706911531
"3603723756",2017,"Genesee","Elba town","B03002_006","Asian (Non-Hispanic)",0.138632162661738,0.276947018973466
"3603723756",2017,"Genesee","Elba town","B03002_005","Native American (Non-Hispanic)",0,0.508317929759704
"3603723756",2017,"Genesee","Elba town","B03002_007","Pacific Islander (Non-Hispanic)",0,0.508317929759704
"3603723756",2017,"Genesee","Elba town","B03002_008","Other (Non-Hispanic)",0,0.508317929759704
"3603723756",2017,"Genesee","Elba town","B03002_009","Two or More Races (Non-Hispanic)",1.7097966728281,1.56262869940686
"3603704715",2017,"Genesee","Batavia city","B03002_003","White (Non-Hispanic)",85.4856066720474,1.98683033820128
"3603704715",2017,"Genesee","Batavia city","B03002_004","Black (Non-Hispanic)",6.15415657788539,1.5738235345733
"3603704715",2017,"Genesee","Batavia city","B03002_012","Hispanic or Latino (Any Race)",4.40543449018025,1.08956887796782
"3603704715",2017,"Genesee","Batavia city","B03002_006","Asian (Non-Hispanic)",0.638956147430724,0.464082975593704
"3603704715",2017,"Genesee","Batavia city","B03002_005","Native American (Non-Hispanic)",0.598601022329836,0.470808959661332
"3603704715",2017,"Genesee","Batavia city","B03002_007","Pacific Islander (Non-Hispanic)",0,0.121065375302663
"3603704715",2017,"Genesee","Batavia city","B03002_008","Other (Non-Hispanic)",0.10088781275222,0.114339423667017
"3603704715",2017,"Genesee","Batavia city","B03002_009","Two or More Races (Non-Hispanic)",2.61635727737423,0.901256145742288
"3606928651",2017,"Ontario","Geneva town","B03002_003","White (Non-Hispanic)",73.3742331288343,9.07347574483641
"3606928651",2017,"Ontario","Geneva town","B03002_004","Black (Non-Hispanic)",1.87116564417178,1.87114583657184
"3606928651",2017,"Ontario","Geneva town","B03002_012","Hispanic or Latino (Any Race)",15,5.27562217179734
"3606928651",2017,"Ontario","Geneva town","B03002_006","Asian (Non-Hispanic)",7.33128834355828,8.28213989262311
"3606928651",2017,"Ontario","Geneva town","B03002_005","Native American (Non-Hispanic)",0,0.337423312883436
"3606928651",2017,"Ontario","Geneva town","B03002_007","Pacific Islander (Non-Hispanic)",0,0.337423312883436
"3606928651",2017,"Ontario","Geneva town","B03002_008","Other (Non-Hispanic)",0,0.337423312883436
"3606928651",2017,"Ontario","Geneva town","B03002_009","Two or More Races (Non-Hispanic)",2.42331288343558,3.28218964933187
"3606935551",2017,"Ontario","Hopewell town","B03002_003","White (Non-Hispanic)",90.2301927194861,3.16169782634667
"3606935551",2017,"Ontario","Hopewell town","B03002_004","Black (Non-Hispanic)",3.37259100642398,1.68623364492724
"3606935551",2017,"Ontario","Hopewell town","B03002_012","Hispanic or Latino (Any Race)",5.13918629550321,2.46242840792011
"3606935551",2017,"Ontario","Hopewell town","B03002_006","Asian (Non-Hispanic)",0,0.294432548179872
"3606935551",2017,"Ontario","Hopewell town","B03002_005","Native American (Non-Hispanic)",0.562098501070664,0.562093346284512
"3606935551",2017,"Ontario","Hopewell town","B03002_007","Pacific Islander (Non-Hispanic)",0,0.294432548179872
"3606935551",2017,"Ontario","Hopewell town","B03002_008","Other (Non-Hispanic)",0,0.294432548179872
"3606935551",2017,"Ontario","Hopewell town","B03002_009","Two or More Races (Non-Hispanic)",0.69593147751606,0.856525863789214
"3606961544",2017,"Ontario","Richmond town","B03002_003","White (Non-Hispanic)",86.6383237169754,6.2110775360713
"3606961544",2017,"Ontario","Richmond town","B03002_004","Black (Non-Hispanic)",0,0.334041907075615
"3606961544",2017,"Ontario","Richmond town","B03002_012","Hispanic or Latino (Any Race)",8.65472213786821,5.28376828781057
"3606961544",2017,"Ontario","Richmond town","B03002_006","Asian (Non-Hispanic)",0,0.334041907075615
"3606961544",2017,"Ontario","Richmond town","B03002_005","Native American (Non-Hispanic)",1.79167931976921,1.91312929799048
"3606961544",2017,"Ontario","Richmond town","B03002_007","Pacific Islander (Non-Hispanic)",0,0.334041907075615
"3606961544",2017,"Ontario","Richmond town","B03002_008","Other (Non-Hispanic)",0.425144245368965,0.637713022463632
"3606961544",2017,"Ontario","Richmond town","B03002_009","Two or More Races (Non-Hispanic)",2.49013058001822,3.431500079318
"3605103364",2017,"Livingston","Avon town","B03002_003","White (Non-Hispanic)",94.8703252614988,2.86153073115023
"3605103364",2017,"Livingston","Avon town","B03002_004","Black (Non-Hispanic)",0.243587906576873,0.358216530246568
"3605103364",2017,"Livingston","Avon town","B03002_012","Hispanic or Latino (Any Race)",1.20361083249749,0.845383190198617
"3605103364",2017,"Livingston","Avon town","B03002_006","Asian (Non-Hispanic)",1.79108754835936,2.07765242620001
"3605103364",2017,"Livingston","Avon town","B03002_005","Native American (Non-Hispanic)",0,0.229259206189999
"3605103364",2017,"Livingston","Avon town","B03002_007","Pacific Islander (Non-Hispanic)",0,0.229259206189999
"3605103364",2017,"Livingston","Avon town","B03002_008","Other (Non-Hispanic)",0,0.229259206189999
"3605103364",2017,"Livingston","Avon town","B03002_009","Two or More Races (Non-Hispanic)",1.89138845106749,1.8054045324156
"3605142961",2017,"Livingston","Livonia town","B03002_003","White (Non-Hispanic)",95.3372626064178,2.37313890834813
"3605142961",2017,"Livingston","Livonia town","B03002_004","Black (Non-Hispanic)",1.28356254092993,1.2573637456246
"3605142961",2017,"Livingston","Livonia town","B03002_012","Hispanic or Latino (Any Race)",0.667976424361493,0.759657830696583
"3605142961",2017,"Livingston","Livonia town","B03002_006","Asian (Non-Hispanic)",1.45383104125737,1.67648634569869
"3605142961",2017,"Livingston","Livonia town","B03002_005","Native American (Non-Hispanic)",0.0523903077930583,0.0785853646258766
"3605142961",2017,"Livingston","Livonia town","B03002_007","Pacific Islander (Non-Hispanic)",0.157170923379175,0.248853686151761
"3605142961",2017,"Livingston","Livonia town","B03002_008","Other (Non-Hispanic)",0,0.209561231172233
"3605142961",2017,"Livingston","Livonia town","B03002_009","Two or More Races (Non-Hispanic)",1.04780615586117,0.943022304814469
"3605141883",2017,"Livingston","Leicester town","B03002_003","White (Non-Hispanic)",92.7034611786717,3.44135434634123
"3605141883",2017,"Livingston","Leicester town","B03002_004","Black (Non-Hispanic)",0.701590271281572,0.790220574093202
"3605141883",2017,"Livingston","Leicester town","B03002_012","Hispanic or Latino (Any Race)",4.39663236669785,4.92694755383988
"3605141883",2017,"Livingston","Leicester town","B03002_006","Asian (Non-Hispanic)",0.420954162768943,0.699588265629866
"3605141883",2017,"Livingston","Leicester town","B03002_005","Native American (Non-Hispanic)",0.701590271281572,1.11906830662394
"3605141883",2017,"Livingston","Leicester town","B03002_007","Pacific Islander (Non-Hispanic)",0,0.514499532273152
"3605141883",2017,"Livingston","Leicester town","B03002_008","Other (Non-Hispanic)",0,0.514499532273152
"3605141883",2017,"Livingston","Leicester town","B03002_009","Two or More Races (Non-Hispanic)",1.07577174929841,1.11435444962721
"3605148956",2017,"Livingston","Mount Morris town","B03002_003","White (Non-Hispanic)",80.1612903225806,5.53810793368489
"3605148956",2017,"Livingston","Mount Morris town","B03002_004","Black (Non-Hispanic)",3.61751152073733,3.59442327001521
"3605148956",2017,"Livingston","Mount Morris town","B03002_012","Hispanic or Latino (Any Race)",16.1520737327189,4.86106165797255
"3605148956",2017,"Livingston","Mount Morris town","B03002_006","Asian (Non-Hispanic)",0,0.253456221198157
"3605148956",2017,"Livingston","Mount Morris town","B03002_005","Native American (Non-Hispanic)",0,0.253456221198157
"3605148956",2017,"Livingston","Mount Morris town","B03002_007","Pacific Islander (Non-Hispanic)",0,0.253456221198157
"3605148956",2017,"Livingston","Mount Morris town","B03002_008","Other (Non-Hispanic)",0,0.253456221198157
"3605148956",2017,"Livingston","Mount Morris town","B03002_009","Two or More Races (Non-Hispanic)",0.0691244239631336,0.115206840403833
"3605170101",2017,"Livingston","Sparta town","B03002_003","White (Non-Hispanic)",97.2316002700878,1.8636554891982
"3605170101",2017,"Livingston","Sparta town","B03002_004","Black (Non-Hispanic)",1.08035111411209,1.48089044327986
"3605170101",2017,"Livingston","Sparta town","B03002_012","Hispanic or Latino (Any Race)",0,0.742741390952059
"3605170101",2017,"Livingston","Sparta town","B03002_006","Asian (Non-Hispanic)",0,0.742741390952059
"3605170101",2017,"Livingston","Sparta town","B03002_005","Native American (Non-Hispanic)",0.202565833896016,0.404540169892254
"3605170101",2017,"Livingston","Sparta town","B03002_007","Pacific Islander (Non-Hispanic)",0,0.742741390952059
"3605170101",2017,"Livingston","Sparta town","B03002_008","Other (Non-Hispanic)",0,0.742741390952059
"3605170101",2017,"Livingston","Sparta town","B03002_009","Two or More Races (Non-Hispanic)",1.48548278190412,1.20475300554827
"3605111715",2017,"Livingston","Caledonia town","B03002_003","White (Non-Hispanic)",92.1254188606989,3.59230977150079
"3605111715",2017,"Livingston","Caledonia town","B03002_004","Black (Non-Hispanic)",2.34561991383437,1.22063791999255
"3605111715",2017,"Livingston","Caledonia town","B03002_012","Hispanic or Latino (Any Race)",2.60890378171374,2.36952815276772
"3605111715",2017,"Livingston","Caledonia town","B03002_006","Asian (Non-Hispanic)",2.15414073719483,2.5610171719536
"3605111715",2017,"Livingston","Caledonia town","B03002_005","Native American (Non-Hispanic)",0,0.263283867879368
"3605111715",2017,"Livingston","Caledonia town","B03002_007","Pacific Islander (Non-Hispanic)",0,0.263283867879368
"3605111715",2017,"Livingston","Caledonia town","B03002_008","Other (Non-Hispanic)",0.406893250359023,0.574434855081635
"3605111715",2017,"Livingston","Caledonia town","B03002_009","Two or More Races (Non-Hispanic)",0.359023456199138,0.359020124214565
"3605128629",2017,"Livingston","Geneseo town","B03002_003","White (Non-Hispanic)",89.1180587960803,2.14498349832471
"3605128629",2017,"Livingston","Geneseo town","B03002_004","Black (Non-Hispanic)",1.60522631824545,0.690609641082289
"3605128629",2017,"Livingston","Geneseo town","B03002_012","Hispanic or Latino (Any Race)",3.64909006066262,0.998560836205995
"3605128629",2017,"Livingston","Geneseo town","B03002_006","Asian (Non-Hispanic)",3.46243583761083,1.16655864001735
"3605128629",2017,"Livingston","Geneseo town","B03002_005","Native American (Non-Hispanic)",0.0653289780681288,0.121325141423418
"3605128629",2017,"Livingston","Geneseo town","B03002_007","Pacific Islander (Non-Hispanic)",0,0.167988800746617
"3605128629",2017,"Livingston","Geneseo town","B03002_008","Other (Non-Hispanic)",0,0.167988800746617
"3605128629",2017,"Livingston","Geneseo town","B03002_009","Two or More Races (Non-Hispanic)",2.09986000933271,1.04525123000025
"3605131016",2017,"Livingston","Groveland town","B03002_003","White (Non-Hispanic)",57.7452153110048,6.09255468307883
"3605131016",2017,"Livingston","Groveland town","B03002_004","Black (Non-Hispanic)",24.9700956937799,4.48363176629547
"3605131016",2017,"Livingston","Groveland town","B03002_012","Hispanic or Latino (Any Race)",13.9354066985646,3.28861831852226
"3605131016",2017,"Livingston","Groveland town","B03002_006","Asian (Non-Hispanic)",0.269138755980861,0.299039553036069
"3605131016",2017,"Livingston","Groveland town","B03002_005","Native American (Non-Hispanic)",0.62799043062201,0.657886052538796
"3605131016",2017,"Livingston","Groveland town","B03002_007","Pacific Islander (Non-Hispanic)",0,0.328947368421053
"3605131016",2017,"Livingston","Groveland town","B03002_008","Other (Non-Hispanic)",0,0.328947368421053
"3605131016",2017,"Livingston","Groveland town","B03002_009","Two or More Races (Non-Hispanic)",2.45215311004785,1.34562904450289
"3605151869",2017,"Livingston","North Dansville town","B03002_003","White (Non-Hispanic)",95.2,3.14524844492324
"3605151869",2017,"Livingston","North Dansville town","B03002_004","Black (Non-Hispanic)",0.874418604651163,1.13487522072064
"3605151869",2017,"Livingston","North Dansville town","B03002_012","Hispanic or Latino (Any Race)",1.0046511627907,1.37673493652247
"3605151869",2017,"Livingston","North Dansville town","B03002_006","Asian (Non-Hispanic)",0.0186046511627907,0.0372091849621453
"3605151869",2017,"Livingston","North Dansville town","B03002_005","Native American (Non-Hispanic)",0,0.297674418604651
"3605151869",2017,"Livingston","North Dansville town","B03002_007","Pacific Islander (Non-Hispanic)",0,0.297674418604651
"3605151869",2017,"Livingston","North Dansville town","B03002_008","Other (Non-Hispanic)",0.911627906976744,1.20929365511444
"3605151869",2017,"Livingston","North Dansville town","B03002_009","Two or More Races (Non-Hispanic)",1.9906976744186,1.71159869603485
"3605155508",2017,"Livingston","Ossian town","B03002_003","White (Non-Hispanic)",97.0737913486005,3.33020549244662
"3605155508",2017,"Livingston","Ossian town","B03002_004","Black (Non-Hispanic)",0.381679389312977,0.889010954936658
"3605155508",2017,"Livingston","Ossian town","B03002_012","Hispanic or Latino (Any Race)",1.01781170483461,1.5201789525508
"3605155508",2017,"Livingston","Ossian town","B03002_006","Asian (Non-Hispanic)",0,1.39949109414758
"3605155508",2017,"Livingston","Ossian town","B03002_005","Native American (Non-Hispanic)",0,1.39949109414758
"3605155508",2017,"Livingston","Ossian town","B03002_007","Pacific Islander (Non-Hispanic)",0,1.39949109414758
"3605155508",2017,"Livingston","Ossian town","B03002_008","Other (Non-Hispanic)",0,1.39949109414758
"3605155508",2017,"Livingston","Ossian town","B03002_009","Two or More Races (Non-Hispanic)",1.52671755725191,2.02458320385877
"3605181006",2017,"Livingston","West Sparta town","B03002_003","White (Non-Hispanic)",93.5906773488711,5.78823014756263
"3605181006",2017,"Livingston","West Sparta town","B03002_004","Black (Non-Hispanic)",0.145666423889294,0.290479682128129
"3605181006",2017,"Livingston","West Sparta town","B03002_012","Hispanic or Latino (Any Race)",1.0924981791697,1.07964381061695
"3605181006",2017,"Livingston","West Sparta town","B03002_006","Asian (Non-Hispanic)",2.54916241806264,3.98680700254096
"3605181006",2017,"Livingston","West Sparta town","B03002_005","Native American (Non-Hispanic)",0.291332847778587,0.361429646255335
"3605181006",2017,"Livingston","West Sparta town","B03002_007","Pacific Islander (Non-Hispanic)",0,0.801165331391114
"3605181006",2017,"Livingston","West Sparta town","B03002_008","Other (Non-Hispanic)",0.291332847778587,0.361429646255335
"3605181006",2017,"Livingston","West Sparta town","B03002_009","Two or More Races (Non-Hispanic)",2.03932993445011,1.94160201802078
"3605184022",2017,"Livingston","York town","B03002_003","White (Non-Hispanic)",96.386630532972,1.93042847152126
"3605184022",2017,"Livingston","York town","B03002_004","Black (Non-Hispanic)",0.1806684733514,0.331220369904655
"3605184022",2017,"Livingston","York town","B03002_012","Hispanic or Latino (Any Race)",0.3613369467028,0.481768392929607
"3605184022",2017,"Livingston","York town","B03002_006","Asian (Non-Hispanic)",0.511894007828967,0.752767063132808
"3605184022",2017,"Livingston","York town","B03002_005","Native American (Non-Hispanic)",0,0.331225534477567
"3605184022",2017,"Livingston","York town","B03002_007","Pacific Islander (Non-Hispanic)",0,0.331225534477567
"3605184022",2017,"Livingston","York town","B03002_008","Other (Non-Hispanic)",0,0.331225534477567
"3605184022",2017,"Livingston","York town","B03002_009","Two or More Races (Non-Hispanic)",2.55947003914484,1.80649469980115
"3605117618",2017,"Livingston","Conesus town","B03002_003","White (Non-Hispanic)",94.8379351740696,3.48713542962515
"3605117618",2017,"Livingston","Conesus town","B03002_004","Black (Non-Hispanic)",1.72068827531012,2.39401690589602
"3605117618",2017,"Livingston","Conesus town","B03002_012","Hispanic or Latino (Any Race)",1.72068827531012,1.54992071674391
"3605117618",2017,"Livingston","Conesus town","B03002_006","Asian (Non-Hispanic)",0,0.440176070428171
"3605117618",2017,"Livingston","Conesus town","B03002_005","Native American (Non-Hispanic)",0.920368147258904,1.0358283726448
"3605117618",2017,"Livingston","Conesus town","B03002_007","Pacific Islander (Non-Hispanic)",0,0.440176070428171
"3605117618",2017,"Livingston","Conesus town","B03002_008","Other (Non-Hispanic)",0,0.440176070428171
"3605117618",2017,"Livingston","Conesus town","B03002_009","Two or More Races (Non-Hispanic)",0.800320128051221,1.15735671642488
"3605142334",2017,"Livingston","Lima town","B03002_003","White (Non-Hispanic)",91.2646988240941,3.47623023457952
"3605142334",2017,"Livingston","Lima town","B03002_004","Black (Non-Hispanic)",0.383969282457403,0.527954546919323
"3605142334",2017,"Livingston","Lima town","B03002_012","Hispanic or Latino (Any Race)",3.95968322534197,3.16768956944413
"3605142334",2017,"Livingston","Lima town","B03002_006","Asian (Non-Hispanic)",2.51979841612671,1.34383806856065
"3605142334",2017,"Livingston","Lima town","B03002_005","Native American (Non-Hispanic)",0,0.263978881689465
"3605142334",2017,"Livingston","Lima town","B03002_007","Pacific Islander (Non-Hispanic)",0.0719942404607631,0.119989903222327
"3605142334",2017,"Livingston","Lima town","B03002_008","Other (Non-Hispanic)",0,0.263978881689465
"3605142334",2017,"Livingston","Lima town","B03002_009","Two or More Races (Non-Hispanic)",1.79985601151908,1.36786329081915
"3605154089",2017,"Livingston","Nunda town","B03002_003","White (Non-Hispanic)",98.212478920742,1.0862344291332
"3605154089",2017,"Livingston","Nunda town","B03002_004","Black (Non-Hispanic)",0.741989881956155,0.809403894325756
"3605154089",2017,"Livingston","Nunda town","B03002_012","Hispanic or Latino (Any Race)",0.404721753794266,0.607066916520366
"3605154089",2017,"Livingston","Nunda town","B03002_006","Asian (Non-Hispanic)",0.505902192242833,0.843152642005782
"3605154089",2017,"Livingston","Nunda town","B03002_005","Native American (Non-Hispanic)",0,0.370994940978078
"3605154089",2017,"Livingston","Nunda town","B03002_007","Pacific Islander (Non-Hispanic)",0,0.370994940978078
"3605154089",2017,"Livingston","Nunda town","B03002_008","Other (Non-Hispanic)",0,0.370994940978078
"3605154089",2017,"Livingston","Nunda town","B03002_009","Two or More Races (Non-Hispanic)",0.134907251264755,0.236083199965586
"3605170475",2017,"Livingston","Springwater town","B03002_003","White (Non-Hispanic)",95.3374777975133,1.76804505346388
"3605170475",2017,"Livingston","Springwater town","B03002_004","Black (Non-Hispanic)",1.82060390763766,1.67866238594193
"3605170475",2017,"Livingston","Springwater town","B03002_012","Hispanic or Latino (Any Race)",0.133214920071048,0.266134536656312
"3605170475",2017,"Livingston","Springwater town","B03002_006","Asian (Non-Hispanic)",0,0.488454706927176
"3605170475",2017,"Livingston","Springwater town","B03002_005","Native American (Non-Hispanic)",0.66607460035524,1.15282532000828
"3605170475",2017,"Livingston","Springwater town","B03002_007","Pacific Islander (Non-Hispanic)",0,0.488454706927176
"3605170475",2017,"Livingston","Springwater town","B03002_008","Other (Non-Hispanic)",0,0.488454706927176
"3605170475",2017,"Livingston","Springwater town","B03002_009","Two or More Races (Non-Hispanic)",2.04262877442274,2.39014605316689
"3605159179",2017,"Livingston","Portage town","B03002_003","White (Non-Hispanic)",99.3939393939394,18.2006547980668
"3605159179",2017,"Livingston","Portage town","B03002_004","Black (Non-Hispanic)",0.121212121212121,0.241913968909141
"3605159179",2017,"Livingston","Portage town","B03002_012","Hispanic or Latino (Any Race)",0.484848484848485,0.724549032467221
"3605159179",2017,"Livingston","Portage town","B03002_006","Asian (Non-Hispanic)",0,1.33333333333333
"3605159179",2017,"Livingston","Portage town","B03002_005","Native American (Non-Hispanic)",0,1.33333333333333
"3605159179",2017,"Livingston","Portage town","B03002_007","Pacific Islander (Non-Hispanic)",0,1.33333333333333
"3605159179",2017,"Livingston","Portage town","B03002_008","Other (Non-Hispanic)",0,1.33333333333333
"3605159179",2017,"Livingston","Portage town","B03002_009","Two or More Races (Non-Hispanic)",0,1.33333333333333
"3603719719",2017,"Genesee","Darien town","B03002_003","White (Non-Hispanic)",95.9635416666667,2.35762528830063
"3603719719",2017,"Genesee","Darien town","B03002_004","Black (Non-Hispanic)",0,0.358072916666667
"3603719719",2017,"Genesee","Darien town","B03002_012","Hispanic or Latino (Any Race)",3.61328125,2.31102551849313
"3603719719",2017,"Genesee","Darien town","B03002_006","Asian (Non-Hispanic)",0,0.358072916666667
"3603719719",2017,"Genesee","Darien town","B03002_005","Native American (Non-Hispanic)",0.162760416666667,0.260413562239581
"3603719719",2017,"Genesee","Darien town","B03002_007","Pacific Islander (Non-Hispanic)",0,0.358072916666667
"3603719719",2017,"Genesee","Darien town","B03002_008","Other (Non-Hispanic)",0,0.358072916666667
"3603719719",2017,"Genesee","Darien town","B03002_009","Two or More Races (Non-Hispanic)",0.260416666666667,0.455724625337771
"3603757078",2017,"Genesee","Pembroke town","B03002_003","White (Non-Hispanic)",93.4685215751002,2.81884583412647
"3603757078",2017,"Genesee","Pembroke town","B03002_004","Black (Non-Hispanic)",1.20254656920538,1.03747565830257
"3603757078",2017,"Genesee","Pembroke town","B03002_012","Hispanic or Latino (Any Race)",1.06107050224004,0.990319827109547
"3603757078",2017,"Genesee","Pembroke town","B03002_006","Asian (Non-Hispanic)",1.41476066965338,1.39116532669972
"3603757078",2017,"Genesee","Pembroke town","B03002_005","Native American (Non-Hispanic)",0,0.259372789436454
"3603757078",2017,"Genesee","Pembroke town","B03002_007","Pacific Islander (Non-Hispanic)",0,0.259372789436454
"3603757078",2017,"Genesee","Pembroke town","B03002_008","Other (Non-Hispanic)",0,0.259372789436454
"3603757078",2017,"Genesee","Pembroke town","B03002_009","Two or More Races (Non-Hispanic)",2.85310068380099,2.28715684030008
"3603700474",2017,"Genesee","Alabama town","B03002_003","White (Non-Hispanic)",93.9427930454291,14.7079804000229
"3603700474",2017,"Genesee","Alabama town","B03002_004","Black (Non-Hispanic)",1.12170499158721,1.22731385176936
"3603700474",2017,"Genesee","Alabama town","B03002_012","Hispanic or Latino (Any Race)",2.41166573191251,2.17019324546528
"3603700474",2017,"Genesee","Alabama town","B03002_006","Asian (Non-Hispanic)",0,0.616937745372967
"3603700474",2017,"Genesee","Alabama town","B03002_005","Native American (Non-Hispanic)",0.504767246214246,0.501517409545473
"3603700474",2017,"Genesee","Alabama town","B03002_007","Pacific Islander (Non-Hispanic)",0,0.616937745372967
"3603700474",2017,"Genesee","Alabama town","B03002_008","Other (Non-Hispanic)",0.616937745372967,1.00711205287072
"3603700474",2017,"Genesee","Alabama town","B03002_009","Two or More Races (Non-Hispanic)",1.40213123948402,1.73137086528612
"3603704726",2017,"Genesee","Batavia town","B03002_003","White (Non-Hispanic)",93.7654770575382,2.2618635440403
"3603704726",2017,"Genesee","Batavia town","B03002_004","Black (Non-Hispanic)",0.131099781500364,0.291332687548714
"3603704726",2017,"Genesee","Batavia town","B03002_012","Hispanic or Latino (Any Race)",3.2774945375091,1.70428004084733
"3603704726",2017,"Genesee","Batavia town","B03002_006","Asian (Non-Hispanic)",1.64603058994902,1.23815865976316
"3603704726",2017,"Genesee","Batavia town","B03002_005","Native American (Non-Hispanic)",0.655498907501821,0.844863877265147
"3603704726",2017,"Genesee","Batavia town","B03002_007","Pacific Islander (Non-Hispanic)",0,0.23306627822287
"3603704726",2017,"Genesee","Batavia town","B03002_008","Other (Non-Hispanic)",0,0.23306627822287
"3603704726",2017,"Genesee","Batavia town","B03002_009","Two or More Races (Non-Hispanic)",0.524399126001457,0.713764430657891
"3603711572",2017,"Genesee","Byron town","B03002_003","White (Non-Hispanic)",97.9404031551271,2.1437048895259
"3603711572",2017,"Genesee","Byron town","B03002_004","Black (Non-Hispanic)",0.306748466257669,0.612438323537383
"3603711572",2017,"Genesee","Byron town","B03002_012","Hispanic or Latino (Any Race)",0.657318141980719,0.740950076301146
"3603711572",2017,"Genesee","Byron town","B03002_006","Asian (Non-Hispanic)",0.613496932515337,0.697427591849121
"3603711572",2017,"Genesee","Byron town","B03002_005","Native American (Non-Hispanic)",0.219106047326906,0.349624029190438
"3603711572",2017,"Genesee","Byron town","B03002_007","Pacific Islander (Non-Hispanic)",0,0.482033304119194
"3603711572",2017,"Genesee","Byron town","B03002_008","Other (Non-Hispanic)",0,0.482033304119194
"3603711572",2017,"Genesee","Byron town","B03002_009","Two or More Races (Non-Hispanic)",0.262927256792287,0.393180232006715
"3603754166",2017,"Genesee","Oakfield town","B03002_003","White (Non-Hispanic)",95.0174547762615,2.56421400901887
"3603754166",2017,"Genesee","Oakfield town","B03002_004","Black (Non-Hispanic)",1.17423040304665,0.856792957944514
"3603754166",2017,"Genesee","Oakfield town","B03002_012","Hispanic or Latino (Any Race)",1.33291018724215,0.951988393038388
"3603754166",2017,"Genesee","Oakfield town","B03002_006","Asian (Non-Hispanic)",0.602983179942875,0.634691414123601
"3603754166",2017,"Genesee","Oakfield town","B03002_005","Native American (Non-Hispanic)",0.666455093621073,0.761634742412033
"3603754166",2017,"Genesee","Oakfield town","B03002_007","Pacific Islander (Non-Hispanic)",0,0.349095525230086
"3603754166",2017,"Genesee","Oakfield town","B03002_008","Other (Non-Hispanic)",0,0.349095525230086
"3603754166",2017,"Genesee","Oakfield town","B03002_009","Two or More Races (Non-Hispanic)",1.20596635988575,1.04721936855698
"3603706266",2017,"Genesee","Bethany town","B03002_003","White (Non-Hispanic)",89.2061679040548,13.4295806316985
"3603706266",2017,"Genesee","Bethany town","B03002_004","Black (Non-Hispanic)",1.48486579097658,2.16419908780226
"3603706266",2017,"Genesee","Bethany town","B03002_012","Hispanic or Latino (Any Race)",6.7390062821245,6.58430460493265
"3603706266",2017,"Genesee","Bethany town","B03002_006","Asian (Non-Hispanic)",0,0.628212450028555
"3603706266",2017,"Genesee","Bethany town","B03002_005","Native American (Non-Hispanic)",0.799543118218161,1.25342593934149
"3603706266",2017,"Genesee","Bethany town","B03002_007","Pacific Islander (Non-Hispanic)",0,0.628212450028555
"3603706266",2017,"Genesee","Bethany town","B03002_008","Other (Non-Hispanic)",0.913763563677898,1.30978754314343
"3603706266",2017,"Genesee","Bethany town","B03002_009","Two or More Races (Non-Hispanic)",0.85665334094803,0.909023226180623
"3603701165",2017,"Genesee","Alexander town","B03002_003","White (Non-Hispanic)",99.1957104557641,1.46104873715772
"3603701165",2017,"Genesee","Alexander town","B03002_004","Black (Non-Hispanic)",0.459594025277671,0.41980626223992
"3603701165",2017,"Genesee","Alexander town","B03002_012","Hispanic or Latino (Any Race)",0.191497510532363,0.267690901501475
"3603701165",2017,"Genesee","Alexander town","B03002_006","Asian (Non-Hispanic)",0,0.421294523171199
"3603701165",2017,"Genesee","Alexander town","B03002_005","Native American (Non-Hispanic)",0,0.421294523171199
"3603701165",2017,"Genesee","Alexander town","B03002_007","Pacific Islander (Non-Hispanic)",0,0.421294523171199
"3603701165",2017,"Genesee","Alexander town","B03002_008","Other (Non-Hispanic)",0,0.421294523171199
"3603701165",2017,"Genesee","Alexander town","B03002_009","Two or More Races (Non-Hispanic)",0.15319800842589,0.267836993032254
"3603706057",2017,"Genesee","Bergen town","B03002_003","White (Non-Hispanic)",89.5681063122924,4.6935215671574
"3603706057",2017,"Genesee","Bergen town","B03002_004","Black (Non-Hispanic)",0,0.365448504983389
"3603706057",2017,"Genesee","Bergen town","B03002_012","Hispanic or Latino (Any Race)",0.930232558139535,0.996665474722486
"3603706057",2017,"Genesee","Bergen town","B03002_006","Asian (Non-Hispanic)",1.96013289036545,1.82721281815288
"3603706057",2017,"Genesee","Bergen town","B03002_005","Native American (Non-Hispanic)",0.199335548172757,0.43189238792634
"3603706057",2017,"Genesee","Bergen town","B03002_007","Pacific Islander (Non-Hispanic)",0,0.365448504983389
"3603706057",2017,"Genesee","Bergen town","B03002_008","Other (Non-Hispanic)",0,0.365448504983389
"3603706057",2017,"Genesee","Bergen town","B03002_009","Two or More Races (Non-Hispanic)",7.3421926910299,4.85034132095626
"3612306002",2017,"Yates","Benton town","B03002_003","White (Non-Hispanic)",96.0243553008596,2.78981700619258
"3612306002",2017,"Yates","Benton town","B03002_004","Black (Non-Hispanic)",1.43266475644699,1.03837757863479
"3612306002",2017,"Yates","Benton town","B03002_012","Hispanic or Latino (Any Race)",0.82378223495702,0.931119857696476
"3612306002",2017,"Yates","Benton town","B03002_006","Asian (Non-Hispanic)",0.214899713467049,0.42978287893312
"3612306002",2017,"Yates","Benton town","B03002_005","Native American (Non-Hispanic)",0,0.393982808022923
"3612306002",2017,"Yates","Benton town","B03002_007","Pacific Islander (Non-Hispanic)",0,0.393982808022923
"3612306002",2017,"Yates","Benton town","B03002_008","Other (Non-Hispanic)",0.322349570200573,0.501400750353314
"3612306002",2017,"Yates","Benton town","B03002_009","Two or More Races (Non-Hispanic)",1.18194842406877,1.39669410830716
"3612347504",2017,"Yates","Milo town","B03002_003","White (Non-Hispanic)",96.8840579710145,1.3412033909967
"3612347504",2017,"Yates","Milo town","B03002_004","Black (Non-Hispanic)",1.14492753623188,0.840564970221128
"3612347504",2017,"Yates","Milo town","B03002_012","Hispanic or Latino (Any Race)",0.927536231884058,0.811584183541735
"3612347504",2017,"Yates","Milo town","B03002_006","Asian (Non-Hispanic)",0.260869565217391,0.420288324643964
"3612347504",2017,"Yates","Milo town","B03002_005","Native American (Non-Hispanic)",0,0.231884057971014
"3612347504",2017,"Yates","Milo town","B03002_007","Pacific Islander (Non-Hispanic)",0,0.231884057971014
"3612347504",2017,"Yates","Milo town","B03002_008","Other (Non-Hispanic)",0,0.231884057971014
"3612347504",2017,"Yates","Milo town","B03002_009","Two or More Races (Non-Hispanic)",0.782608695652174,0.782601298559601
"3612370816",2017,"Yates","Starkey town","B03002_003","White (Non-Hispanic)",95.6906392694064,1.96499949481697
"3612370816",2017,"Yates","Starkey town","B03002_004","Black (Non-Hispanic)",0.941780821917808,0.998840945527504
"3612370816",2017,"Yates","Starkey town","B03002_012","Hispanic or Latino (Any Race)",1.02739726027397,0.91321922756959
"3612370816",2017,"Yates","Starkey town","B03002_006","Asian (Non-Hispanic)",0.256849315068493,0.428079154266222
"3612370816",2017,"Yates","Starkey town","B03002_005","Native American (Non-Hispanic)",0,0.313926940639269
"3612370816",2017,"Yates","Starkey town","B03002_007","Pacific Islander (Non-Hispanic)",0,0.313926940639269
"3612370816",2017,"Yates","Starkey town","B03002_008","Other (Non-Hispanic)",1.02739726027397,1.39838694883513
"3612370816",2017,"Yates","Starkey town","B03002_009","Two or More Races (Non-Hispanic)",1.05593607305936,0.998836445432851
"3612375055",2017,"Yates","Torrey town","B03002_003","White (Non-Hispanic)",89.7333333333333,4.16252044348963
"3612375055",2017,"Yates","Torrey town","B03002_004","Black (Non-Hispanic)",0,0.733333333333333
"3612375055",2017,"Yates","Torrey town","B03002_012","Hispanic or Latino (Any Race)",8,5.05358381085476
"3612375055",2017,"Yates","Torrey town","B03002_006","Asian (Non-Hispanic)",0,0.733333333333333
"3612375055",2017,"Yates","Torrey town","B03002_005","Native American (Non-Hispanic)",0,0.733333333333333
"3612375055",2017,"Yates","Torrey town","B03002_007","Pacific Islander (Non-Hispanic)",0,0.733333333333333
"3612375055",2017,"Yates","Torrey town","B03002_008","Other (Non-Hispanic)",0.333333333333333,0.598823496739159
"3612375055",2017,"Yates","Torrey town","B03002_009","Two or More Races (Non-Hispanic)",1.93333333333333,1.71959237145046
"3612359597",2017,"Yates","Potter town","B03002_003","White (Non-Hispanic)",92.6507856056766,4.41808625273347
"3612359597",2017,"Yates","Potter town","B03002_004","Black (Non-Hispanic)",0.354789660415611,0.658090698927556
"3612359597",2017,"Yates","Potter town","B03002_012","Hispanic or Latino (Any Race)",4.96705524581855,3.51851319786427
"3612359597",2017,"Yates","Potter town","B03002_006","Asian (Non-Hispanic)",0.0506842372022301,0.151981602338863
"3612359597",2017,"Yates","Potter town","B03002_005","Native American (Non-Hispanic)",0,0.557526609224531
"3612359597",2017,"Yates","Potter town","B03002_007","Pacific Islander (Non-Hispanic)",0,0.557526609224531
"3612359597",2017,"Yates","Potter town","B03002_008","Other (Non-Hispanic)",0,0.557526609224531
"3612359597",2017,"Yates","Potter town","B03002_009","Two or More Races (Non-Hispanic)",1.97668525088697,1.71369645453827
"3612338044",2017,"Yates","Italy town","B03002_003","White (Non-Hispanic)",94.015444015444,21.4222307804956
"3612338044",2017,"Yates","Italy town","B03002_004","Black (Non-Hispanic)",0,1.06177606177606
"3612338044",2017,"Yates","Italy town","B03002_012","Hispanic or Latino (Any Race)",4.05405405405405,4.77964109120658
"3612338044",2017,"Yates","Italy town","B03002_006","Asian (Non-Hispanic)",0,1.06177606177606
"3612338044",2017,"Yates","Italy town","B03002_005","Native American (Non-Hispanic)",0,1.06177606177606
"3612338044",2017,"Yates","Italy town","B03002_007","Pacific Islander (Non-Hispanic)",0,1.06177606177606
"3612338044",2017,"Yates","Italy town","B03002_008","Other (Non-Hispanic)",0,1.06177606177606
"3612338044",2017,"Yates","Italy town","B03002_009","Two or More Races (Non-Hispanic)",1.93050193050193,1.80608322935953
"3612338583",2017,"Yates","Jerusalem town","B03002_003","White (Non-Hispanic)",92.5701459034792,2.93654264357089
"3612338583",2017,"Yates","Jerusalem town","B03002_004","Black (Non-Hispanic)",1.43658810325477,1.1672117536119
"3612338583",2017,"Yates","Jerusalem town","B03002_012","Hispanic or Latino (Any Race)",2.35690235690236,2.37932781314322
"3612338583",2017,"Yates","Jerusalem town","B03002_006","Asian (Non-Hispanic)",2.87317620650954,1.84058771811466
"3612338583",2017,"Yates","Jerusalem town","B03002_005","Native American (Non-Hispanic)",0.404040404040404,0.471377321738076
"3612338583",2017,"Yates","Jerusalem town","B03002_007","Pacific Islander (Non-Hispanic)",0,0.246913580246914
"3612338583",2017,"Yates","Jerusalem town","B03002_008","Other (Non-Hispanic)",0,0.246913580246914
"3612338583",2017,"Yates","Jerusalem town","B03002_009","Two or More Races (Non-Hispanic)",0.359147025813693,0.47137798277588
"3612347020",2017,"Yates","Middlesex town","B03002_003","White (Non-Hispanic)",95.5732946298984,15.4512809416345
"3612347020",2017,"Yates","Middlesex town","B03002_004","Black (Non-Hispanic)",0.507982583454282,0.650247380044551
"3612347020",2017,"Yates","Middlesex town","B03002_012","Hispanic or Latino (Any Race)",2.53991291727141,2.52141636424736
"3612347020",2017,"Yates","Middlesex town","B03002_006","Asian (Non-Hispanic)",0.145137880986938,0.362423218724303
"3612347020",2017,"Yates","Middlesex town","B03002_005","Native American (Non-Hispanic)",0,0.798258345428157
"3612347020",2017,"Yates","Middlesex town","B03002_007","Pacific Islander (Non-Hispanic)",0.145137880986938,0.217003620893685
"3612347020",2017,"Yates","Middlesex town","B03002_008","Other (Non-Hispanic)",0,0.798258345428157
"3612347020",2017,"Yates","Middlesex town","B03002_009","Two or More Races (Non-Hispanic)",1.08853410740203,1.80947836870754
"3612304594",2017,"Yates","Barrington town","B03002_003","White (Non-Hispanic)",96.8932038834951,1.44875336622091
"3612304594",2017,"Yates","Barrington town","B03002_004","Black (Non-Hispanic)",1.22977346278317,1.28447419205363
"3612304594",2017,"Yates","Barrington town","B03002_012","Hispanic or Latino (Any Race)",1.22977346278317,1.15390034167696
"3612304594",2017,"Yates","Barrington town","B03002_006","Asian (Non-Hispanic)",0.0647249190938511,0.258761337785358
"3612304594",2017,"Yates","Barrington town","B03002_005","Native American (Non-Hispanic)",0,0.711974110032363
"3612304594",2017,"Yates","Barrington town","B03002_007","Pacific Islander (Non-Hispanic)",0,0.711974110032363
"3612304594",2017,"Yates","Barrington town","B03002_008","Other (Non-Hispanic)",0,0.711974110032363
"3612304594",2017,"Yates","Barrington town","B03002_009","Two or More Races (Non-Hispanic)",0.58252427184466,0.707888777475579
"3603775011",2017,"Genesee","Tonawanda Reservation","B03002_003","White (Non-Hispanic)",6.52173913043478,2.5330416087517
"3603775011",2017,"Genesee","Tonawanda Reservation","B03002_004","Black (Non-Hispanic)",0,2.39130434782609
"3603775011",2017,"Genesee","Tonawanda Reservation","B03002_012","Hispanic or Latino (Any Race)",1.52173913043478,1.46993742742244
"3603775011",2017,"Genesee","Tonawanda Reservation","B03002_006","Asian (Non-Hispanic)",5.8695652173913,4.53516407952634
"3603775011",2017,"Genesee","Tonawanda Reservation","B03002_005","Native American (Non-Hispanic)",77.8260869565217,8.20007428182779
"3603775011",2017,"Genesee","Tonawanda Reservation","B03002_007","Pacific Islander (Non-Hispanic)",0,2.39130434782609
"3603775011",2017,"Genesee","Tonawanda Reservation","B03002_008","Other (Non-Hispanic)",4.78260869565217,5.06857070760368
"3603775011",2017,"Genesee","Tonawanda Reservation","B03002_009","Two or More Races (Non-Hispanic)",3.47826086956522,4.47566196877997
"3606968660",2017,"Ontario","South Bristol town","B03002_003","White (Non-Hispanic)",98.1120943952802,2.17861421265237
"3606968660",2017,"Ontario","South Bristol town","B03002_004","Black (Non-Hispanic)",0,0.648967551622419
"3606968660",2017,"Ontario","South Bristol town","B03002_012","Hispanic or Latino (Any Race)",0.589970501474926,0.587134397171506
"3606968660",2017,"Ontario","South Bristol town","B03002_006","Asian (Non-Hispanic)",0.176991150442478,0.412615425153987
"3606968660",2017,"Ontario","South Bristol town","B03002_005","Native American (Non-Hispanic)",0.294985250737463,0.352801461551182
"3606968660",2017,"Ontario","South Bristol town","B03002_007","Pacific Islander (Non-Hispanic)",0,0.648967551622419
"3606968660",2017,"Ontario","South Bristol town","B03002_008","Other (Non-Hispanic)",0,0.648967551622419
"3606968660",2017,"Ontario","South Bristol town","B03002_009","Two or More Races (Non-Hispanic)",0.825958702064897,0.643906541520029
"3606912144",2017,"Ontario","Canandaigua city","B03002_003","White (Non-Hispanic)",92.9628917515862,1.95379643517062
"3606912144",2017,"Ontario","Canandaigua city","B03002_004","Black (Non-Hispanic)",1.35550855604691,0.67294295530469
"3606912144",2017,"Ontario","Canandaigua city","B03002_012","Hispanic or Latino (Any Race)",1.98038838684868,1.00941478367611
"3606912144",2017,"Ontario","Canandaigua city","B03002_006","Asian (Non-Hispanic)",1.54777927321669,0.999803732174315
"3606912144",2017,"Ontario","Canandaigua city","B03002_005","Native American (Non-Hispanic)",0.509517400499904,0.672946866546776
"3606912144",2017,"Ontario","Canandaigua city","B03002_007","Pacific Islander (Non-Hispanic)",0.855604691405499,1.0382606965114
"3606912144",2017,"Ontario","Canandaigua city","B03002_008","Other (Non-Hispanic)",0.374927898481061,0.596038829799154
"3606912144",2017,"Ontario","Canandaigua city","B03002_009","Two or More Races (Non-Hispanic)",0.413382041915016,0.326859347050574
"3606925406",2017,"Ontario","Farmington town","B03002_003","White (Non-Hispanic)",89.7680552323326,2.63684317001878
"3606925406",2017,"Ontario","Farmington town","B03002_004","Black (Non-Hispanic)",3.51407959041192,1.89275879441286
"3606925406",2017,"Ontario","Farmington town","B03002_012","Hispanic or Latino (Any Race)",4.37514545031417,1.76086077391571
"3606925406",2017,"Ontario","Farmington town","B03002_006","Asian (Non-Hispanic)",0.589558606779924,0.527496308801812
"3606925406",2017,"Ontario","Farmington town","B03002_005","Native American (Non-Hispanic)",0,0.139632301605771
"3606925406",2017,"Ontario","Farmington town","B03002_007","Pacific Islander (Non-Hispanic)",0.0775735008920953,0.131874709324314
"3606925406",2017,"Ontario","Farmington town","B03002_008","Other (Non-Hispanic)",0.457683655263362,0.558527215836557
"3606925406",2017,"Ontario","Farmington town","B03002_009","Two or More Races (Non-Hispanic)",1.2179039640059,0.806754650906193
"3606977387",2017,"Ontario","Victor town","B03002_003","White (Non-Hispanic)",94.6188951706287,1.88281453694246
"3606977387",2017,"Ontario","Victor town","B03002_004","Black (Non-Hispanic)",0.994482664668619,0.722020513525515
"3606977387",2017,"Ontario","Victor town","B03002_012","Hispanic or Latino (Any Race)",0.5449220080376,0.449560103476334
"3606977387",2017,"Ontario","Victor town","B03002_006","Asian (Non-Hispanic)",1.68925822491656,0.817380088353876
"3606977387",2017,"Ontario","Victor town","B03002_005","Native American (Non-Hispanic)",0.43593760643008,0.490429482716516
"3606977387",2017,"Ontario","Victor town","B03002_007","Pacific Islander (Non-Hispanic)",0,0.12260745180846
"3606977387",2017,"Ontario","Victor town","B03002_008","Other (Non-Hispanic)",0.24521490361692,0.388256801026631
"3606977387",2017,"Ontario","Victor town","B03002_009","Two or More Races (Non-Hispanic)",1.47128942170152,1.10346542340651
"3606912100",2017,"Ontario","Canadice town","B03002_003","White (Non-Hispanic)",97.4078341013825,20.9409538584844
"3606912100",2017,"Ontario","Canadice town","B03002_004","Black (Non-Hispanic)",0,0.633640552995392
"3606912100",2017,"Ontario","Canadice town","B03002_012","Hispanic or Latino (Any Race)",2.13133640552995,2.4550075372959
"3606912100",2017,"Ontario","Canadice town","B03002_006","Asian (Non-Hispanic)",0,0.633640552995392
"3606912100",2017,"Ontario","Canadice town","B03002_005","Native American (Non-Hispanic)",0,0.633640552995392
"3606912100",2017,"Ontario","Canadice town","B03002_007","Pacific Islander (Non-Hispanic)",0,0.633640552995392
"3606912100",2017,"Ontario","Canadice town","B03002_008","Other (Non-Hispanic)",0,0.633640552995392
"3606912100",2017,"Ontario","Canadice town","B03002_009","Two or More Races (Non-Hispanic)",0.460829493087558,0.513528767168864
"3606957529",2017,"Ontario","Phelps town","B03002_003","White (Non-Hispanic)",96.0259179265659,2.22083003700916
"3606957529",2017,"Ontario","Phelps town","B03002_004","Black (Non-Hispanic)",1.06551475881929,1.06551193117019
"3606957529",2017,"Ontario","Phelps town","B03002_012","Hispanic or Latino (Any Race)",0.806335493160547,0.820732238951327
"3606957529",2017,"Ontario","Phelps town","B03002_006","Asian (Non-Hispanic)",0.705543556515479,0.748738336450851
"3606957529",2017,"Ontario","Phelps town","B03002_005","Native American (Non-Hispanic)",0,0.230381569474442
"3606957529",2017,"Ontario","Phelps town","B03002_007","Pacific Islander (Non-Hispanic)",0,0.230381569474442
"3606957529",2017,"Ontario","Phelps town","B03002_008","Other (Non-Hispanic)",0.158387329013679,0.244780145591016
"3606957529",2017,"Ontario","Phelps town","B03002_009","Two or More Races (Non-Hispanic)",1.23830093592513,0.892724023448763
"3606921699",2017,"Ontario","East Bloomfield town","B03002_003","White (Non-Hispanic)",97.223764575236,1.24021215630503
"3606921699",2017,"Ontario","East Bloomfield town","B03002_004","Black (Non-Hispanic)",0.555247084952804,0.555223782273001
"3606921699",2017,"Ontario","East Bloomfield town","B03002_012","Hispanic or Latino (Any Race)",1.58245419211549,1.11039952985038
"3606921699",2017,"Ontario","East Bloomfield town","B03002_006","Asian (Non-Hispanic)",0,0.305385896724042
"3606921699",2017,"Ontario","East Bloomfield town","B03002_005","Native American (Non-Hispanic)",0,0.305385896724042
"3606921699",2017,"Ontario","East Bloomfield town","B03002_007","Pacific Islander (Non-Hispanic)",0,0.305385896724042
"3606921699",2017,"Ontario","East Bloomfield town","B03002_008","Other (Non-Hispanic)",0,0.305385896724042
"3606921699",2017,"Ontario","East Bloomfield town","B03002_009","Two or More Races (Non-Hispanic)",0.638534147695725,0.471923765349745
"3606928640",2017,"Ontario","Geneva city","B03002_003","White (Non-Hispanic)",68.0564071122011,2.94649183237688
"3606928640",2017,"Ontario","Geneva city","B03002_004","Black (Non-Hispanic)",8.88258736971183,1.7626039427903
"3606928640",2017,"Ontario","Geneva city","B03002_012","Hispanic or Latino (Any Race)",17.3973022685469,2.49048198712641
"3606928640",2017,"Ontario","Geneva city","B03002_006","Asian (Non-Hispanic)",3.79368485591662,1.52511300958689
"3606928640",2017,"Ontario","Geneva city","B03002_005","Native American (Non-Hispanic)",0.122624156958921,0.137951888475253
"3606928640",2017,"Ontario","Geneva city","B03002_007","Pacific Islander (Non-Hispanic)",0,0.137952176578786
"3606928640",2017,"Ontario","Geneva city","B03002_008","Other (Non-Hispanic)",0,0.137952176578786
"3606928640",2017,"Ontario","Geneva city","B03002_009","Two or More Races (Non-Hispanic)",1.74739423666462,0.980985028657769
"3606966289",2017,"Ontario","Seneca town","B03002_003","White (Non-Hispanic)",95.8564557898631,2.05518603357938
"3606966289",2017,"Ontario","Seneca town","B03002_004","Black (Non-Hispanic)",0.147983721790603,0.332959048536499
"3606966289",2017,"Ontario","Seneca town","B03002_012","Hispanic or Latino (Any Race)",1.66481687014428,1.47971403842599
"3606966289",2017,"Ontario","Seneca town","B03002_006","Asian (Non-Hispanic)",1.22086570477248,1.22078541070172
"3606966289",2017,"Ontario","Seneca town","B03002_005","Native American (Non-Hispanic)",0,0.406955234924158
"3606966289",2017,"Ontario","Seneca town","B03002_007","Pacific Islander (Non-Hispanic)",0,0.406955234924158
"3606966289",2017,"Ontario","Seneca town","B03002_008","Other (Non-Hispanic)",0,0.406955234924158
"3606966289",2017,"Ontario","Seneca town","B03002_009","Two or More Races (Non-Hispanic)",1.10987791342952,0.924810666392021
"3606979356",2017,"Ontario","West Bloomfield town","B03002_003","White (Non-Hispanic)",97.0190779014308,1.22748828592698
"3606979356",2017,"Ontario","West Bloomfield town","B03002_004","Black (Non-Hispanic)",0,0.437201907790143
"3606979356",2017,"Ontario","West Bloomfield town","B03002_012","Hispanic or Latino (Any Race)",2.06677265500795,1.89783069399627
"3606979356",2017,"Ontario","West Bloomfield town","B03002_006","Asian (Non-Hispanic)",0,0.437201907790143
"3606979356",2017,"Ontario","West Bloomfield town","B03002_005","Native American (Non-Hispanic)",0.238473767885533,0.357004621132781
"3606979356",2017,"Ontario","West Bloomfield town","B03002_007","Pacific Islander (Non-Hispanic)",0,0.437201907790143
"3606979356",2017,"Ontario","West Bloomfield town","B03002_008","Other (Non-Hispanic)",0,0.437201907790143
"3606979356",2017,"Ontario","West Bloomfield town","B03002_009","Two or More Races (Non-Hispanic)",0.675675675675676,0.792360443926234
"3606908378",2017,"Ontario","Bristol town","B03002_003","White (Non-Hispanic)",97.0994475138122,2.59090847411397
"3606908378",2017,"Ontario","Bristol town","B03002_004","Black (Non-Hispanic)",0.184162062615101,0.321941851401783
"3606908378",2017,"Ontario","Bristol town","B03002_012","Hispanic or Latino (Any Race)",0.828729281767956,0.687372253362964
"3606908378",2017,"Ontario","Bristol town","B03002_006","Asian (Non-Hispanic)",0.230202578268877,0.460031405023394
"3606908378",2017,"Ontario","Bristol town","B03002_005","Native American (Non-Hispanic)",0.138121546961326,0.276018843014036
"3606908378",2017,"Ontario","Bristol town","B03002_007","Pacific Islander (Non-Hispanic)",0,0.506445672191529
"3606908378",2017,"Ontario","Bristol town","B03002_008","Other (Non-Hispanic)",0.276243093922652,0.367651030546613
"3606908378",2017,"Ontario","Bristol town","B03002_009","Two or More Races (Non-Hispanic)",1.24309392265193,1.46988813012835
"3606929531",2017,"Ontario","Gorham town","B03002_003","White (Non-Hispanic)",97.0436414828719,1.86527168655646
"3606929531",2017,"Ontario","Gorham town","B03002_004","Black (Non-Hispanic)",0.0703894885030502,0.140778729000622
"3606929531",2017,"Ontario","Gorham town","B03002_012","Hispanic or Latino (Any Race)",1.90051618958236,1.45469859925338
"3606929531",2017,"Ontario","Gorham town","B03002_006","Asian (Non-Hispanic)",0.680431722196152,1.0558392375794
"3606929531",2017,"Ontario","Gorham town","B03002_005","Native American (Non-Hispanic)",0,0.258094791177851
"3606929531",2017,"Ontario","Gorham town","B03002_007","Pacific Islander (Non-Hispanic)",0,0.258094791177851
"3606929531",2017,"Ontario","Gorham town","B03002_008","Other (Non-Hispanic)",0,0.258094791177851
"3606929531",2017,"Ontario","Gorham town","B03002_009","Two or More Races (Non-Hispanic)",0.305021116846551,0.351945579715255
"3606944864",2017,"Ontario","Manchester town","B03002_003","White (Non-Hispanic)",95.3036610097129,1.85133860233868
"3606944864",2017,"Ontario","Manchester town","B03002_004","Black (Non-Hispanic)",1.40890169708613,1.38754354589444
"3606944864",2017,"Ontario","Manchester town","B03002_012","Hispanic or Latino (Any Race)",2.03863806169282,1.18473088991253
"3606944864",2017,"Ontario","Manchester town","B03002_006","Asian (Non-Hispanic)",0,0.170775963283168
"3606944864",2017,"Ontario","Manchester town","B03002_005","Native American (Non-Hispanic)",0.021346995410396,0.0426939075880583
"3606944864",2017,"Ontario","Manchester town","B03002_007","Pacific Islander (Non-Hispanic)",0,0.170775963283168
"3606944864",2017,"Ontario","Manchester town","B03002_008","Other (Non-Hispanic)",0,0.170775963283168
"3606944864",2017,"Ontario","Manchester town","B03002_009","Two or More Races (Non-Hispanic)",1.22745223609777,0.704434170287597
"3606949440",2017,"Ontario","Naples town","B03002_003","White (Non-Hispanic)",95.8316305680425,3.02387810515115
"3606949440",2017,"Ontario","Naples town","B03002_004","Black (Non-Hispanic)",0.612995504699632,0.773991626009674
"3606949440",2017,"Ontario","Naples town","B03002_012","Hispanic or Latino (Any Race)",2.0024519820188,1.58091926302933
"3606949440",2017,"Ontario","Naples town","B03002_006","Asian (Non-Hispanic)",0.81732733959951,1.26416818637077
"3606949440",2017,"Ontario","Naples town","B03002_005","Native American (Non-Hispanic)",0,0.44953003677973
"3606949440",2017,"Ontario","Naples town","B03002_007","Pacific Islander (Non-Hispanic)",0,0.44953003677973
"3606949440",2017,"Ontario","Naples town","B03002_008","Other (Non-Hispanic)",0,0.44953003677973
"3606949440",2017,"Ontario","Naples town","B03002_009","Two or More Races (Non-Hispanic)",0.735594605639559,0.649632323877275
"3606912155",2017,"Ontario","Canandaigua town","B03002_003","White (Non-Hispanic)",94.5215689928259,2.19530342453763
"3606912155",2017,"Ontario","Canandaigua town","B03002_004","Black (Non-Hispanic)",1.32302245411348,1.05282246699105
"3606912155",2017,"Ontario","Canandaigua town","B03002_012","Hispanic or Latino (Any Race)",1.63048541880183,0.866476828849895
"3606912155",2017,"Ontario","Canandaigua town","B03002_006","Asian (Non-Hispanic)",0.64287710798472,0.493801507166846
"3606912155",2017,"Ontario","Canandaigua town","B03002_005","Native American (Non-Hispanic)",0,0.167707071648188
"3606912155",2017,"Ontario","Canandaigua town","B03002_007","Pacific Islander (Non-Hispanic)",0.288828845616323,0.512437759376409
"3606912155",2017,"Ontario","Canandaigua town","B03002_008","Other (Non-Hispanic)",0,0.167707071648188
"3606912155",2017,"Ontario","Canandaigua town","B03002_009","Two or More Races (Non-Hispanic)",1.59321718065778,1.1273570795545
"3607383448",2017,"Orleans","Yates town","B03002_003","White (Non-Hispanic)",94.5562130177515,2.76118940787137
"3607383448",2017,"Orleans","Yates town","B03002_004","Black (Non-Hispanic)",0.276134122287968,0.315069626775519
"3607383448",2017,"Orleans","Yates town","B03002_012","Hispanic or Latino (Any Race)",2.01183431952663,2.28421808623356
"3607383448",2017,"Orleans","Yates town","B03002_006","Asian (Non-Hispanic)",0.276134122287968,0.394067655586942
"3607383448",2017,"Orleans","Yates town","B03002_005","Native American (Non-Hispanic)",1.81459566074951,2.08739098070282
"3607383448",2017,"Orleans","Yates town","B03002_007","Pacific Islander (Non-Hispanic)",0,0.433925049309665
"3607383448",2017,"Orleans","Yates town","B03002_008","Other (Non-Hispanic)",0,0.433925049309665
"3607383448",2017,"Orleans","Yates town","B03002_009","Two or More Races (Non-Hispanic)",1.06508875739645,0.944203983085814
"3607339188",2017,"Orleans","Kendall town","B03002_003","White (Non-Hispanic)",94.5844302369312,4.07211286060318
"3607339188",2017,"Orleans","Kendall town","B03002_004","Black (Non-Hispanic)",0.564121850319669,1.01537642158705
"3607339188",2017,"Orleans","Kendall town","B03002_012","Hispanic or Latino (Any Race)",3.42233922527266,3.64754836552199
"3607339188",2017,"Orleans","Kendall town","B03002_006","Asian (Non-Hispanic)",0,0.413689356901091
"3607339188",2017,"Orleans","Kendall town","B03002_005","Native American (Non-Hispanic)",0.639338097028958,0.789699727636297
"3607339188",2017,"Orleans","Kendall town","B03002_007","Pacific Islander (Non-Hispanic)",0,0.413689356901091
"3607339188",2017,"Orleans","Kendall town","B03002_008","Other (Non-Hispanic)",0.639338097028958,0.977753972765905
"3607339188",2017,"Orleans","Kendall town","B03002_009","Two or More Races (Non-Hispanic)",0.150432493418578,0.26324509414558
"3607315880",2017,"Orleans","Clarendon town","B03002_003","White (Non-Hispanic)",95.199326221224,2.96337900567055
"3607315880",2017,"Orleans","Clarendon town","B03002_004","Black (Non-Hispanic)",1.82481751824817,1.85285083972478
"3607315880",2017,"Orleans","Clarendon town","B03002_012","Hispanic or Latino (Any Race)",0.224592925322852,0.477257567241246
"3607315880",2017,"Orleans","Clarendon town","B03002_006","Asian (Non-Hispanic)",0,0.308815272318922
"3607315880",2017,"Orleans","Clarendon town","B03002_005","Native American (Non-Hispanic)",0.842223469960696,1.0387267787948
"3607315880",2017,"Orleans","Clarendon town","B03002_007","Pacific Islander (Non-Hispanic)",0,0.308815272318922
"3607315880",2017,"Orleans","Clarendon town","B03002_008","Other (Non-Hispanic)",0,0.308815272318922
"3607315880",2017,"Orleans","Clarendon town","B03002_009","Two or More Races (Non-Hispanic)",1.90903986524424,1.40364684902877
"3607349286",2017,"Orleans","Murray town","B03002_003","White (Non-Hispanic)",89.2767558528428,4.25964438305922
"3607349286",2017,"Orleans","Murray town","B03002_004","Black (Non-Hispanic)",1.17056856187291,0.940615561053548
"3607349286",2017,"Orleans","Murray town","B03002_012","Hispanic or Latino (Any Race)",7.60869565217391,4.11770101109374
"3607349286",2017,"Orleans","Murray town","B03002_006","Asian (Non-Hispanic)",0.627090301003345,0.731598011895715
"3607349286",2017,"Orleans","Murray town","B03002_005","Native American (Non-Hispanic)",0.0209030100334448,0.0836119687800456
"3607349286",2017,"Orleans","Murray town","B03002_007","Pacific Islander (Non-Hispanic)",0.0836120401337793,0.125417299092192
"3607349286",2017,"Orleans","Murray town","B03002_008","Other (Non-Hispanic)",0,0.229933110367893
"3607349286",2017,"Orleans","Murray town","B03002_009","Two or More Races (Non-Hispanic)",1.2123745819398,1.12874476138024
"3607327958",2017,"Orleans","Gaines town","B03002_003","White (Non-Hispanic)",92.694904849601,4.99104719237311
"3607327958",2017,"Orleans","Gaines town","B03002_004","Black (Non-Hispanic)",2.5475751995089,4.05152546063008
"3607327958",2017,"Orleans","Gaines town","B03002_012","Hispanic or Latino (Any Race)",2.27133210558625,2.39405311747595
"3607327958",2017,"Orleans","Gaines town","B03002_006","Asian (Non-Hispanic)",0.399017802332719,0.644561063956384
"3607327958",2017,"Orleans","Gaines town","B03002_005","Native American (Non-Hispanic)",0.0306936771025169,0.153468232543859
"3607327958",2017,"Orleans","Gaines town","B03002_007","Pacific Islander (Non-Hispanic)",0,0.337630448127686
"3607327958",2017,"Orleans","Gaines town","B03002_008","Other (Non-Hispanic)",0,0.337630448127686
"3607327958",2017,"Orleans","Gaines town","B03002_009","Two or More Races (Non-Hispanic)",2.05647636586863,2.08711955145843
"3607300000",2017,"Orleans","County subdivisions not defined","B03002_003","White (Non-Hispanic)",0,0
"3607300000",2017,"Orleans","County subdivisions not defined","B03002_004","Black (Non-Hispanic)",0,0
"3607300000",2017,"Orleans","County subdivisions not defined","B03002_012","Hispanic or Latino (Any Race)",0,0
"3607300000",2017,"Orleans","County subdivisions not defined","B03002_006","Asian (Non-Hispanic)",0,0
"3607300000",2017,"Orleans","County subdivisions not defined","B03002_005","Native American (Non-Hispanic)",0,0
"3607300000",2017,"Orleans","County subdivisions not defined","B03002_007","Pacific Islander (Non-Hispanic)",0,0
"3607300000",2017,"Orleans","County subdivisions not defined","B03002_008","Other (Non-Hispanic)",0,0
"3607300000",2017,"Orleans","County subdivisions not defined","B03002_009","Two or More Races (Non-Hispanic)",0,0
"3607361742",2017,"Orleans","Ridgeway town","B03002_003","White (Non-Hispanic)",90.659509202454,3.84245392715876
"3607361742",2017,"Orleans","Ridgeway town","B03002_004","Black (Non-Hispanic)",3.22085889570552,2.28522801994387
"3607361742",2017,"Orleans","Ridgeway town","B03002_012","Hispanic or Latino (Any Race)",2.30061349693252,1.64107015373426
"3607361742",2017,"Orleans","Ridgeway town","B03002_006","Asian (Non-Hispanic)",0.98159509202454,0.950909519333528
"3607361742",2017,"Orleans","Ridgeway town","B03002_005","Native American (Non-Hispanic)",0,0.245398773006135
"3607361742",2017,"Orleans","Ridgeway town","B03002_007","Pacific Islander (Non-Hispanic)",0,0.245398773006135
"3607361742",2017,"Orleans","Ridgeway town","B03002_008","Other (Non-Hispanic)",0.107361963190184,0.153373437579837
"3607361742",2017,"Orleans","Ridgeway town","B03002_009","Two or More Races (Non-Hispanic)",2.73006134969325,1.6103804556419
"3607366751",2017,"Orleans","Shelby town","B03002_003","White (Non-Hispanic)",80.034924330617,4.89343334817316
"3607366751",2017,"Orleans","Shelby town","B03002_004","Black (Non-Hispanic)",7.27590221187427,3.60867492253776
"3607366751",2017,"Orleans","Shelby town","B03002_012","Hispanic or Latino (Any Race)",7.89677920062088,3.4146086023371
"3607366751",2017,"Orleans","Shelby town","B03002_006","Asian (Non-Hispanic)",2.83275126115638,1.8819832122518
"3607366751",2017,"Orleans","Shelby town","B03002_005","Native American (Non-Hispanic)",0.252231276678308,0.252228309369909
"3607366751",2017,"Orleans","Shelby town","B03002_007","Pacific Islander (Non-Hispanic)",0.388048117966628,0.65967911520663
"3607366751",2017,"Orleans","Shelby town","B03002_008","Other (Non-Hispanic)",0,0.310438494373302
"3607366751",2017,"Orleans","Shelby town","B03002_009","Two or More Races (Non-Hispanic)",1.31936360108653,1.16412676305758
"3607304572",2017,"Orleans","Barre town","B03002_003","White (Non-Hispanic)",93.9978563772776,3.29996876319637
"3607304572",2017,"Orleans","Barre town","B03002_004","Black (Non-Hispanic)",1.66130760986066,1.76245100860554
"3607304572",2017,"Orleans","Barre town","B03002_012","Hispanic or Latino (Any Race)",3.05466237942122,2.66604509221934
"3607304572",2017,"Orleans","Barre town","B03002_006","Asian (Non-Hispanic)",0.214362272240086,0.428310389778324
"3607304572",2017,"Orleans","Barre town","B03002_005","Native American (Non-Hispanic)",0.267952840300107,0.37439404192349
"3607304572",2017,"Orleans","Barre town","B03002_007","Pacific Islander (Non-Hispanic)",0,0.589496248660236
"3607304572",2017,"Orleans","Barre town","B03002_008","Other (Non-Hispanic)",0,0.589496248660236
"3607304572",2017,"Orleans","Barre town","B03002_009","Two or More Races (Non-Hispanic)",0.803858520900322,1.06948033140654
"3607301044",2017,"Orleans","Albion town","B03002_003","White (Non-Hispanic)",70.4254044337927,3.87727782007914
"3607301044",2017,"Orleans","Albion town","B03002_004","Black (Non-Hispanic)",18.2025164769323,3.82228981753942
"3607301044",2017,"Orleans","Albion town","B03002_012","Hispanic or Latino (Any Race)",8.62792091072498,2.70809482937953
"3607301044",2017,"Orleans","Albion town","B03002_006","Asian (Non-Hispanic)",0,0.191731575793889
"3607301044",2017,"Orleans","Albion town","B03002_005","Native American (Non-Hispanic)",0.407429598562013,0.275611649366044
"3607301044",2017,"Orleans","Albion town","B03002_007","Pacific Islander (Non-Hispanic)",0,0.191731575793889
"3607301044",2017,"Orleans","Albion town","B03002_008","Other (Non-Hispanic)",0,0.191731575793889
"3607301044",2017,"Orleans","Albion town","B03002_009","Two or More Races (Non-Hispanic)",2.33672857998802,1.6896211467966
"3607312496",2017,"Orleans","Carlton town","B03002_003","White (Non-Hispanic)",93.7607721475353,3.06988596644126
"3607312496",2017,"Orleans","Carlton town","B03002_004","Black (Non-Hispanic)",2.65425715270596,2.24029264149703
"3607312496",2017,"Orleans","Carlton town","B03002_012","Hispanic or Latino (Any Race)",1.68907273354016,1.37862822317946
"3607312496",2017,"Orleans","Carlton town","B03002_006","Asian (Non-Hispanic)",0.275766976904516,0.585991865164543
"3607312496",2017,"Orleans","Carlton town","B03002_005","Native American (Non-Hispanic)",0.379179593243709,0.620452555256811
"3607312496",2017,"Orleans","Carlton town","B03002_007","Pacific Islander (Non-Hispanic)",0,0.379179593243709
"3607312496",2017,"Orleans","Carlton town","B03002_008","Other (Non-Hispanic)",0,0.379179593243709
"3607312496",2017,"Orleans","Carlton town","B03002_009","Two or More Races (Non-Hispanic)",1.24095139607032,1.51661696750659
"3607366751",2018,"Orleans","Shelby town","B03002_003","White (Non-Hispanic)",78.5714285714286,4.91527605284841
"3607366751",2018,"Orleans","Shelby town","B03002_004","Black (Non-Hispanic)",6.98630136986301,3.60060731681842
"3607366751",2018,"Orleans","Shelby town","B03002_012","Hispanic or Latino (Any Race)",10.880626223092,4.34406994959772
"3607366751",2018,"Orleans","Shelby town","B03002_006","Asian (Non-Hispanic)",2.25048923679061,1.72207543390563
"3607366751",2018,"Orleans","Shelby town","B03002_005","Native American (Non-Hispanic)",0.293542074363992,0.2739685316403
"3607366751",2018,"Orleans","Shelby town","B03002_007","Pacific Islander (Non-Hispanic)",0.410958904109589,0.665358749624635
"3607366751",2018,"Orleans","Shelby town","B03002_008","Other (Non-Hispanic)",0,0.332681017612524
"3607366751",2018,"Orleans","Shelby town","B03002_009","Two or More Races (Non-Hispanic)",0.606653620352251,0.469657175879392
"3607304572",2018,"Orleans","Barre town","B03002_003","White (Non-Hispanic)",94.0572663425176,3.90012943152495
"3607304572",2018,"Orleans","Barre town","B03002_004","Black (Non-Hispanic)",1.45867098865478,1.61625455383364
"3607304572",2018,"Orleans","Barre town","B03002_012","Hispanic or Latino (Any Race)",3.18746623446786,2.63407391659276
"3607304572",2018,"Orleans","Barre town","B03002_006","Asian (Non-Hispanic)",0.216099405726634,0.323656578902813
"3607304572",2018,"Orleans","Barre town","B03002_005","Native American (Non-Hispanic)",0.324149108589951,0.485484868354219
"3607304572",2018,"Orleans","Barre town","B03002_007","Pacific Islander (Non-Hispanic)",0,0.648298217179903
"3607304572",2018,"Orleans","Barre town","B03002_008","Other (Non-Hispanic)",0,0.648298217179903
"3607304572",2018,"Orleans","Barre town","B03002_009","Two or More Races (Non-Hispanic)",0.75634792004322,1.40325416177599
"3607312496",2018,"Orleans","Carlton town","B03002_003","White (Non-Hispanic)",94.8263888888889,3.01568340780089
"3607312496",2018,"Orleans","Carlton town","B03002_004","Black (Non-Hispanic)",2.46527777777778,2.88181426545031
"3607312496",2018,"Orleans","Carlton town","B03002_012","Hispanic or Latino (Any Race)",1.52777777777778,1.11098143104693
"3607312496",2018,"Orleans","Carlton town","B03002_006","Asian (Non-Hispanic)",0.520833333333333,1.18054137155604
"3607312496",2018,"Orleans","Carlton town","B03002_005","Native American (Non-Hispanic)",0.659722222222222,0.729129820579274
"3607312496",2018,"Orleans","Carlton town","B03002_007","Pacific Islander (Non-Hispanic)",0,0.416666666666667
"3607312496",2018,"Orleans","Carlton town","B03002_008","Other (Non-Hispanic)",0,0.416666666666667
"3607312496",2018,"Orleans","Carlton town","B03002_009","Two or More Races (Non-Hispanic)",0,0.416666666666667
"3606908378",2018,"Ontario","Bristol town","B03002_003","White (Non-Hispanic)",97.4335884736605,1.73309041346899
"3606908378",2018,"Ontario","Bristol town","B03002_004","Black (Non-Hispanic)",0.225123818099955,0.314696379516588
"3606908378",2018,"Ontario","Bristol town","B03002_012","Hispanic or Latino (Any Race)",0.90049527239982,0.807474757832704
"3606908378",2018,"Ontario","Bristol town","B03002_006","Asian (Non-Hispanic)",0.360198108959928,0.674801830075617
"3606908378",2018,"Ontario","Bristol town","B03002_005","Native American (Non-Hispanic)",0.225123818099955,0.359780837964433
"3606908378",2018,"Ontario","Bristol town","B03002_007","Pacific Islander (Non-Hispanic)",0,0.540297163439892
"3606908378",2018,"Ontario","Bristol town","B03002_008","Other (Non-Hispanic)",0.225123818099955,0.359780837964433
"3606908378",2018,"Ontario","Bristol town","B03002_009","Two or More Races (Non-Hispanic)",0.630346690679874,0.583306451065691
"3606929531",2018,"Ontario","Gorham town","B03002_003","White (Non-Hispanic)",96.9205453690644,1.64798366502463
"3606929531",2018,"Ontario","Gorham town","B03002_004","Black (Non-Hispanic)",0.0705218617771509,0.141043293910988
"3606929531",2018,"Ontario","Gorham town","B03002_012","Hispanic or Latino (Any Race)",1.15185707569346,1.08132026349376
"3606929531",2018,"Ontario","Gorham town","B03002_006","Asian (Non-Hispanic)",1.52797367183827,1.36340179603496
"3606929531",2018,"Ontario","Gorham town","B03002_005","Native American (Non-Hispanic)",0,0.282087447108604
"3606929531",2018,"Ontario","Gorham town","B03002_007","Pacific Islander (Non-Hispanic)",0,0.282087447108604
"3606929531",2018,"Ontario","Gorham town","B03002_008","Other (Non-Hispanic)",0,0.282087447108604
"3606929531",2018,"Ontario","Gorham town","B03002_009","Two or More Races (Non-Hispanic)",0.329102021626704,0.399620581038789
"3606949440",2018,"Ontario","Naples town","B03002_003","White (Non-Hispanic)",95.7473684210526,2.68270452633215
"3606949440",2018,"Ontario","Naples town","B03002_004","Black (Non-Hispanic)",0.505263157894737,0.672366023147787
"3606949440",2018,"Ontario","Naples town","B03002_012","Hispanic or Latino (Any Race)",2.10526315789474,2.09793430271
"3606949440",2018,"Ontario","Naples town","B03002_006","Asian (Non-Hispanic)",0.926315789473684,1.17641536967595
"3606949440",2018,"Ontario","Naples town","B03002_005","Native American (Non-Hispanic)",0,0.505263157894737
"3606949440",2018,"Ontario","Naples town","B03002_007","Pacific Islander (Non-Hispanic)",0,0.505263157894737
"3606949440",2018,"Ontario","Naples town","B03002_008","Other (Non-Hispanic)",0,0.505263157894737
"3606949440",2018,"Ontario","Naples town","B03002_009","Two or More Races (Non-Hispanic)",0.715789473684211,0.62875349068694
"3606912155",2018,"Ontario","Canandaigua town","B03002_003","White (Non-Hispanic)",94.1952023438931,2.33753778116139
"3606912155",2018,"Ontario","Canandaigua town","B03002_004","Black (Non-Hispanic)",0.878959897454679,0.540191705833302
"3606912155",2018,"Ontario","Canandaigua town","B03002_012","Hispanic or Latino (Any Race)",1.92272477568211,1.05291482388017
"3606912155",2018,"Ontario","Canandaigua town","B03002_006","Asian (Non-Hispanic)",0.622596594030397,0.421166741131864
"3606912155",2018,"Ontario","Canandaigua town","B03002_005","Native American (Non-Hispanic)",0.128181651712141,0.302142373577165
"3606912155",2018,"Ontario","Canandaigua town","B03002_007","Pacific Islander (Non-Hispanic)",0.21973997436367,0.375388907214929
"3606912155",2018,"Ontario","Canandaigua town","B03002_008","Other (Non-Hispanic)",0,0.173960813037905
"3606912155",2018,"Ontario","Canandaigua town","B03002_009","Two or More Races (Non-Hispanic)",2.03259476286394,1.57479875113677
"3605142961",2018,"Livingston","Livonia town","B03002_003","White (Non-Hispanic)",93.342981186686,2.93712165259407
"3605142961",2018,"Livingston","Livonia town","B03002_004","Black (Non-Hispanic)",1.21036705696619,1.21035762961176
"3605142961",2018,"Livingston","Livonia town","B03002_012","Hispanic or Latino (Any Race)",1.67083278515985,1.21034909213446
"3605142961",2018,"Livingston","Livonia town","B03002_006","Asian (Non-Hispanic)",1.40770951190633,1.36822974021121
"3605142961",2018,"Livingston","Livonia town","B03002_005","Native American (Non-Hispanic)",0.0526246546507039,0.078936708719997
"3605142961",2018,"Livingston","Livonia town","B03002_007","Pacific Islander (Non-Hispanic)",0.289435600578871,0.486776715087737
"3605142961",2018,"Livingston","Livonia town","B03002_008","Other (Non-Hispanic)",0,0.223654782265491
"3605142961",2018,"Livingston","Livonia town","B03002_009","Two or More Races (Non-Hispanic)",2.0260492040521,1.06561925380313
"3605141883",2018,"Livingston","Leicester town","B03002_003","White (Non-Hispanic)",96.1917562724014,2.34581556587453
"3605141883",2018,"Livingston","Leicester town","B03002_004","Black (Non-Hispanic)",0.448028673835125,0.534916029176927
"3605141883",2018,"Livingston","Leicester town","B03002_012","Hispanic or Latino (Any Race)",1.03046594982079,1.29333413921138
"3605141883",2018,"Livingston","Leicester town","B03002_006","Asian (Non-Hispanic)",0.627240143369176,0.712848819089585
"3605141883",2018,"Livingston","Leicester town","B03002_005","Native American (Non-Hispanic)",0.672043010752688,0.847392525552624
"3605141883",2018,"Livingston","Leicester town","B03002_007","Pacific Islander (Non-Hispanic)",0,0.537634408602151
"3605141883",2018,"Livingston","Leicester town","B03002_008","Other (Non-Hispanic)",0,0.537634408602151
"3605141883",2018,"Livingston","Leicester town","B03002_009","Two or More Races (Non-Hispanic)",1.03046594982079,0.887409291915873
"3605148956",2018,"Livingston","Mount Morris town","B03002_003","White (Non-Hispanic)",80.0323924109209,6.00787385156534
"3605148956",2018,"Livingston","Mount Morris town","B03002_004","Black (Non-Hispanic)",5.73808422026839,3.72486960236726
"3605148956",2018,"Livingston","Mount Morris town","B03002_012","Hispanic or Latino (Any Race)",14.0675613142064,4.90396034935882
"3605148956",2018,"Livingston","Mount Morris town","B03002_006","Asian (Non-Hispanic)",0,0.2776492364646
"3605148956",2018,"Livingston","Mount Morris town","B03002_005","Native American (Non-Hispanic)",0.16196205460435,0.347059342401686
"3605148956",2018,"Livingston","Mount Morris town","B03002_007","Pacific Islander (Non-Hispanic)",0,0.2776492364646
"3605148956",2018,"Livingston","Mount Morris town","B03002_008","Other (Non-Hispanic)",0,0.2776492364646
"3605148956",2018,"Livingston","Mount Morris town","B03002_009","Two or More Races (Non-Hispanic)",0,0.2776492364646
"3605170101",2018,"Livingston","Sparta town","B03002_003","White (Non-Hispanic)",96.969696969697,16.5563181684708
"3605170101",2018,"Livingston","Sparta town","B03002_004","Black (Non-Hispanic)",1.97628458498024,1.62938889213233
"3605170101",2018,"Livingston","Sparta town","B03002_012","Hispanic or Latino (Any Race)",0,0.790513833992095
"3605170101",2018,"Livingston","Sparta town","B03002_006","Asian (Non-Hispanic)",0,0.790513833992095
"3605170101",2018,"Livingston","Sparta town","B03002_005","Native American (Non-Hispanic)",0.197628458498024,0.394530341166621
"3605170101",2018,"Livingston","Sparta town","B03002_007","Pacific Islander (Non-Hispanic)",0,0.790513833992095
"3605170101",2018,"Livingston","Sparta town","B03002_008","Other (Non-Hispanic)",0,0.790513833992095
"3605170101",2018,"Livingston","Sparta town","B03002_009","Two or More Races (Non-Hispanic)",0.856389986824769,0.850075504467879
"3605111715",2018,"Livingston","Caledonia town","B03002_003","White (Non-Hispanic)",91.476041415844,3.53044661072014
"3605111715",2018,"Livingston","Caledonia town","B03002_004","Black (Non-Hispanic)",2.4560558632314,1.32423279334406
"3605111715",2018,"Livingston","Caledonia town","B03002_012","Hispanic or Latino (Any Race)",3.03395136046232,2.57636365313169
"3605111715",2018,"Livingston","Caledonia town","B03002_006","Asian (Non-Hispanic)",2.11895015651336,2.48009070432938
"3605111715",2018,"Livingston","Caledonia town","B03002_005","Native American (Non-Hispanic)",0,0.288947748615459
"3605111715",2018,"Livingston","Caledonia town","B03002_007","Pacific Islander (Non-Hispanic)",0,0.288947748615459
"3605111715",2018,"Livingston","Caledonia town","B03002_008","Other (Non-Hispanic)",0.457500601974476,0.601965999120688
"3605111715",2018,"Livingston","Caledonia town","B03002_009","Two or More Races (Non-Hispanic)",0.457500601974476,0.505648468188455
"3605128629",2018,"Livingston","Geneseo town","B03002_003","White (Non-Hispanic)",89.7250633386507,2.05526847426563
"3605128629",2018,"Livingston","Geneseo town","B03002_004","Black (Non-Hispanic)",1.65149666885615,0.900809313410655
"3605128629",2018,"Livingston","Geneseo town","B03002_012","Hispanic or Latino (Any Race)",4.15689218354133,1.24797375897082
"3605128629",2018,"Livingston","Geneseo town","B03002_006","Asian (Non-Hispanic)",3.00272121610209,1.11661814706072
"3605128629",2018,"Livingston","Geneseo town","B03002_005","Native American (Non-Hispanic)",0.0563010228019142,0.121985488886779
"3605128629",2018,"Livingston","Geneseo town","B03002_007","Pacific Islander (Non-Hispanic)",0,0.178286572206062
"3605128629",2018,"Livingston","Geneseo town","B03002_008","Other (Non-Hispanic)",0,0.178286572206062
"3605128629",2018,"Livingston","Geneseo town","B03002_009","Two or More Races (Non-Hispanic)",1.40752557004786,0.928961909516316
"3605131016",2018,"Livingston","Groveland town","B03002_003","White (Non-Hispanic)",56.3813585135547,5.43922374344179
"3605131016",2018,"Livingston","Groveland town","B03002_004","Black (Non-Hispanic)",26.1955528480049,4.10834404358316
"3605131016",2018,"Livingston","Groveland town","B03002_012","Hispanic or Latino (Any Race)",14.2247943953701,3.34923774408082
"3605131016",2018,"Livingston","Groveland town","B03002_006","Asian (Non-Hispanic)",0.335059396893086,0.365512445847863
"3605131016",2018,"Livingston","Groveland town","B03002_005","Native American (Non-Hispanic)",0.791958574474566,0.731019420244605
"3605131016",2018,"Livingston","Groveland town","B03002_007","Pacific Islander (Non-Hispanic)",0,0.365519342065184
"3605131016",2018,"Livingston","Groveland town","B03002_008","Other (Non-Hispanic)",0,0.365519342065184
"3605131016",2018,"Livingston","Groveland town","B03002_009","Two or More Races (Non-Hispanic)",2.07127627170271,1.40108872781145
"3605151869",2018,"Livingston","North Dansville town","B03002_003","White (Non-Hispanic)",95.0346636687277,2.17912821973735
"3605151869",2018,"Livingston","North Dansville town","B03002_004","Black (Non-Hispanic)",1.14296421210418,1.03053168939524
"3605151869",2018,"Livingston","North Dansville town","B03002_012","Hispanic or Latino (Any Race)",1.31159827618512,1.23663903436828
"3605151869",2018,"Livingston","North Dansville town","B03002_006","Asian (Non-Hispanic)",0.018737118231216,0.0562113063437106
"3605151869",2018,"Livingston","North Dansville town","B03002_005","Native American (Non-Hispanic)",0,0.318531009930673
"3605151869",2018,"Livingston","North Dansville town","B03002_007","Pacific Islander (Non-Hispanic)",0,0.318531009930673
"3605151869",2018,"Livingston","North Dansville town","B03002_008","Other (Non-Hispanic)",0.880644556867154,0.974323986178782
"3605151869",2018,"Livingston","North Dansville town","B03002_009","Two or More Races (Non-Hispanic)",1.61139216788458,1.19915880436891
"3605155508",2018,"Livingston","Ossian town","B03002_003","White (Non-Hispanic)",98.4441301272985,1.48179889979727
"3605155508",2018,"Livingston","Ossian town","B03002_004","Black (Non-Hispanic)",0.141442715700141,0.565417038551729
"3605155508",2018,"Livingston","Ossian town","B03002_012","Hispanic or Latino (Any Race)",1.27298444130127,1.82991843804418
"3605155508",2018,"Livingston","Ossian town","B03002_006","Asian (Non-Hispanic)",0,1.6973125884017
"3605155508",2018,"Livingston","Ossian town","B03002_005","Native American (Non-Hispanic)",0,1.6973125884017
"3605155508",2018,"Livingston","Ossian town","B03002_007","Pacific Islander (Non-Hispanic)",0,1.6973125884017
"3605155508",2018,"Livingston","Ossian town","B03002_008","Other (Non-Hispanic)",0,1.6973125884017
"3605155508",2018,"Livingston","Ossian town","B03002_009","Two or More Races (Non-Hispanic)",0.141442715700141,0.282177117408615
"3605181006",2018,"Livingston","West Sparta town","B03002_003","White (Non-Hispanic)",92.0143884892086,6.91086999029783
"3605181006",2018,"Livingston","West Sparta town","B03002_004","Black (Non-Hispanic)",0.143884892086331,0.287243838095315
"3605181006",2018,"Livingston","West Sparta town","B03002_012","Hispanic or Latino (Any Race)",1.00719424460432,1.21694819529803
"3605181006",2018,"Livingston","West Sparta town","B03002_006","Asian (Non-Hispanic)",4.96402877697842,6.95257828472324
"3605181006",2018,"Livingston","West Sparta town","B03002_005","Native American (Non-Hispanic)",0.287769784172662,0.358026792196665
"3605181006",2018,"Livingston","West Sparta town","B03002_007","Pacific Islander (Non-Hispanic)",0,0.863309352517986
"3605181006",2018,"Livingston","West Sparta town","B03002_008","Other (Non-Hispanic)",0,0.863309352517986
"3605181006",2018,"Livingston","West Sparta town","B03002_009","Two or More Races (Non-Hispanic)",1.58273381294964,2.00528487258316
"3605184022",2018,"Livingston","York town","B03002_003","White (Non-Hispanic)",97.1611721611722,1.70757849043174
"3605184022",2018,"Livingston","York town","B03002_004","Black (Non-Hispanic)",0.183150183150183,0.335770569806705
"3605184022",2018,"Livingston","York town","B03002_012","Hispanic or Latino (Any Race)",0.305250305250305,0.48839138670407
"3605184022",2018,"Livingston","York town","B03002_006","Asian (Non-Hispanic)",0.061050061050061,0.15262398761442
"3605184022",2018,"Livingston","York town","B03002_005","Native American (Non-Hispanic)",0,0.366300366300366
"3605184022",2018,"Livingston","York town","B03002_007","Pacific Islander (Non-Hispanic)",0,0.366300366300366
"3605184022",2018,"Livingston","York town","B03002_008","Other (Non-Hispanic)",0,0.366300366300366
"3605184022",2018,"Livingston","York town","B03002_009","Two or More Races (Non-Hispanic)",2.28937728937729,1.70925542724178
"3605117618",2018,"Livingston","Conesus town","B03002_003","White (Non-Hispanic)",95.0369155045119,2.96655598179341
"3605117618",2018,"Livingston","Conesus town","B03002_004","Black (Non-Hispanic)",1.18949958982773,1.34836615680529
"3605117618",2018,"Livingston","Conesus town","B03002_012","Hispanic or Latino (Any Race)",1.76374077112387,1.58998304067669
"3605117618",2018,"Livingston","Conesus town","B03002_006","Asian (Non-Hispanic)",0,0.492206726825267
"3605117618",2018,"Livingston","Conesus town","B03002_005","Native American (Non-Hispanic)",1.14848236259229,1.26637085008354
"3605117618",2018,"Livingston","Conesus town","B03002_007","Pacific Islander (Non-Hispanic)",0,0.492206726825267
"3605117618",2018,"Livingston","Conesus town","B03002_008","Other (Non-Hispanic)",0,0.492206726825267
"3605117618",2018,"Livingston","Conesus town","B03002_009","Two or More Races (Non-Hispanic)",0.861361771944217,1.10413232771467
"3605142334",2018,"Livingston","Lima town","B03002_003","White (Non-Hispanic)",92.6770126091174,2.73449306113826
"3605142334",2018,"Livingston","Lima town","B03002_004","Black (Non-Hispanic)",0.169738118331717,0.242477154228195
"3605142334",2018,"Livingston","Lima town","B03002_012","Hispanic or Latino (Any Race)",4.00096993210475,2.73976946448737
"3605142334",2018,"Livingston","Lima town","B03002_006","Asian (Non-Hispanic)",1.8913676042677,1.16376662560444
"3605142334",2018,"Livingston","Lima town","B03002_005","Native American (Non-Hispanic)",0,0.2909796314258
"3605142334",2018,"Livingston","Lima town","B03002_007","Pacific Islander (Non-Hispanic)",0,0.2909796314258
"3605142334",2018,"Livingston","Lima town","B03002_008","Other (Non-Hispanic)",0.0484966052376334,0.0727433100460114
"3605142334",2018,"Livingston","Lima town","B03002_009","Two or More Races (Non-Hispanic)",1.21241513094083,0.945606982047798
"3605154089",2018,"Livingston","Nunda town","B03002_003","White (Non-Hispanic)",98.2046070460705,1.56496123546828
"3605154089",2018,"Livingston","Nunda town","B03002_004","Black (Non-Hispanic)",0.880758807588076,1.2533703463142
"3605154089",2018,"Livingston","Nunda town","B03002_012","Hispanic or Latino (Any Race)",0.5420054200542,0.711370645747374
"3605154089",2018,"Livingston","Nunda town","B03002_006","Asian (Non-Hispanic)",0.2710027100271,0.338747366790175
"3605154089",2018,"Livingston","Nunda town","B03002_005","Native American (Non-Hispanic)",0,0.40650406504065
"3605154089",2018,"Livingston","Nunda town","B03002_007","Pacific Islander (Non-Hispanic)",0,0.40650406504065
"3605154089",2018,"Livingston","Nunda town","B03002_008","Other (Non-Hispanic)",0,0.40650406504065
"3605154089",2018,"Livingston","Nunda town","B03002_009","Two or More Races (Non-Hispanic)",0.101626016260163,0.203250621416162
"3605558365",2018,"Monroe","Pittsford town","B03002_003","White (Non-Hispanic)",85.9927084398106,1.62348197075378
"3605558365",2018,"Monroe","Pittsford town","B03002_004","Black (Non-Hispanic)",1.02218133496882,0.364576884877139
"3605558365",2018,"Monroe","Pittsford town","B03002_012","Hispanic or Latino (Any Race)",2.39531159494361,0.640563455193512
"3605558365",2018,"Monroe","Pittsford town","B03002_006","Asian (Non-Hispanic)",8.4602541824253,1.35948051596989
"3605558365",2018,"Monroe","Pittsford town","B03002_005","Native American (Non-Hispanic)",0,0.0749599645643804
"3605558365",2018,"Monroe","Pittsford town","B03002_007","Pacific Islander (Non-Hispanic)",0,0.0749599645643804
"3605558365",2018,"Monroe","Pittsford town","B03002_008","Other (Non-Hispanic)",0.0374799822821902,0.0511090559631734
"3605558365",2018,"Monroe","Pittsford town","B03002_009","Two or More Races (Non-Hispanic)",2.09206446556953,0.725746381392633
"3605561808",2018,"Monroe","Riga town","B03002_003","White (Non-Hispanic)",94.8708815672306,2.4543169260904
"3605561808",2018,"Monroe","Riga town","B03002_004","Black (Non-Hispanic)",1.4959928762244,1.12197327313708
"3605561808",2018,"Monroe","Riga town","B03002_012","Hispanic or Latino (Any Race)",1.88780053428317,1.4959673372431
"3605561808",2018,"Monroe","Riga town","B03002_006","Asian (Non-Hispanic)",0.320569902048085,0.480852561942301
"3605561808",2018,"Monroe","Riga town","B03002_005","Native American (Non-Hispanic)",0,0.302760463045414
"3605561808",2018,"Monroe","Riga town","B03002_007","Pacific Islander (Non-Hispanic)",0,0.302760463045414
"3605561808",2018,"Monroe","Riga town","B03002_008","Other (Non-Hispanic)",0,0.302760463045414
"3605561808",2018,"Monroe","Riga town","B03002_009","Two or More Races (Non-Hispanic)",1.42475512021371,0.81920762993141
"3605528442",2018,"Monroe","Gates town","B03002_003","White (Non-Hispanic)",76.6329540665824,2.23339277919129
"3605528442",2018,"Monroe","Gates town","B03002_004","Black (Non-Hispanic)",11.5325186121646,1.80844035484981
"3605528442",2018,"Monroe","Gates town","B03002_012","Hispanic or Latino (Any Race)",5.62579013906447,1.17990446692976
"3605528442",2018,"Monroe","Gates town","B03002_006","Asian (Non-Hispanic)",3.92260148897317,1.26771770013246
"3605528442",2018,"Monroe","Gates town","B03002_005","Native American (Non-Hispanic)",0.0386290209299059,0.0526758990462871
"3605528442",2018,"Monroe","Gates town","B03002_007","Pacific Islander (Non-Hispanic)",0,0.0772580418598118
"3605528442",2018,"Monroe","Gates town","B03002_008","Other (Non-Hispanic)",0.0491642084562439,0.052675875129701
"3605528442",2018,"Monroe","Gates town","B03002_009","Two or More Races (Non-Hispanic)",2.19834246382919,0.97625396806932
"3605537726",2018,"Monroe","Irondequoit town","B03002_003","White (Non-Hispanic)",80.1872013008904,1.79900419670433
"3605537726",2018,"Monroe","Irondequoit town","B03002_004","Black (Non-Hispanic)",8.38043111825014,1.31276454738776
"3605537726",2018,"Monroe","Irondequoit town","B03002_012","Hispanic or Latino (Any Race)",8.40026176453091,1.24930512753824
"3605537726",2018,"Monroe","Irondequoit town","B03002_006","Asian (Non-Hispanic)",0.95187102147659,0.366865837337338
"3605537726",2018,"Monroe","Irondequoit town","B03002_005","Native American (Non-Hispanic)",0.150712911733793,0.11501765896151
"3605537726",2018,"Monroe","Irondequoit town","B03002_007","Pacific Islander (Non-Hispanic)",0,0.0555258095861344
"3605537726",2018,"Monroe","Irondequoit town","B03002_008","Other (Non-Hispanic)",0.13683145933726,0.128899135021603
"3605537726",2018,"Monroe","Irondequoit town","B03002_009","Two or More Races (Non-Hispanic)",1.79269042378091,0.583018503453159
"3605554474",2018,"Monroe","Ogden town","B03002_003","White (Non-Hispanic)",89.6570576540755,3.52209547776324
"3605554474",2018,"Monroe","Ogden town","B03002_004","Black (Non-Hispanic)",1.56560636182903,0.825047408389753
"3605554474",2018,"Monroe","Ogden town","B03002_012","Hispanic or Latino (Any Race)",6.42147117296223,3.41450359990975
"3605554474",2018,"Monroe","Ogden town","B03002_006","Asian (Non-Hispanic)",0.715705765407555,0.283298803026129
"3605554474",2018,"Monroe","Ogden town","B03002_005","Native American (Non-Hispanic)",0.0646123260437376,0.0745526406689666
"3605554474",2018,"Monroe","Ogden town","B03002_007","Pacific Islander (Non-Hispanic)",0,0.10934393638171
"3605554474",2018,"Monroe","Ogden town","B03002_008","Other (Non-Hispanic)",0.253479125248509,0.273359659509736
"3605554474",2018,"Monroe","Ogden town","B03002_009","Two or More Races (Non-Hispanic)",1.3220675944334,0.52683640511446
"3605563000",2018,"Monroe","Rochester city","B03002_003","White (Non-Hispanic)",36.6034902636468,0.658776789572601
"3605563000",2018,"Monroe","Rochester city","B03002_004","Black (Non-Hispanic)",38.1869110300417,0.608705664801198
"3605563000",2018,"Monroe","Rochester city","B03002_012","Hispanic or Latino (Any Race)",18.3152210532395,0.676178210696071
"3605563000",2018,"Monroe","Rochester city","B03002_006","Asian (Non-Hispanic)",3.19427465852978,0.376843191851247
"3605563000",2018,"Monroe","Rochester city","B03002_005","Native American (Non-Hispanic)",0.249304546198346,0.0745988099278
"3605563000",2018,"Monroe","Rochester city","B03002_007","Pacific Islander (Non-Hispanic)",0.00577539489262578,0.00673796046583087
"3605563000",2018,"Monroe","Rochester city","B03002_008","Other (Non-Hispanic)",0.263743033429911,0.125614811817768
"3605563000",2018,"Monroe","Rochester city","B03002_009","Two or More Races (Non-Hispanic)",3.18128002002137,0.382137332799807
"3605508246",2018,"Monroe","Brighton town","B03002_003","White (Non-Hispanic)",76.5687162180701,1.88772478845493
"3605508246",2018,"Monroe","Brighton town","B03002_004","Black (Non-Hispanic)",5.86330836557193,0.92185423469256
"3605508246",2018,"Monroe","Brighton town","B03002_012","Hispanic or Latino (Any Race)",4.76308063763821,1.07825980115521
"3605508246",2018,"Monroe","Brighton town","B03002_006","Asian (Non-Hispanic)",10.0831344143551,1.5528831081989
"3605508246",2018,"Monroe","Brighton town","B03002_005","Native American (Non-Hispanic)",0.400581666529481,0.25242077281766
"3605508246",2018,"Monroe","Brighton town","B03002_007","Pacific Islander (Non-Hispanic)",0.0438993607155596,0.0740801486472839
"3605508246",2018,"Monroe","Brighton town","B03002_008","Other (Non-Hispanic)",0.0548742008944495,0.0576178656172847
"3605508246",2018,"Monroe","Brighton town","B03002_009","Two or More Races (Non-Hispanic)",2.2224051362252,0.685921266659701
"3605522870",2018,"Monroe","East Rochester town","B03002_003","White (Non-Hispanic)",83.3409056489475,5.77858140725693
"3605522870",2018,"Monroe","East Rochester town","B03002_004","Black (Non-Hispanic)",6.43646827199758,5.75491991024507
"3605522870",2018,"Monroe","East Rochester town","B03002_012","Hispanic or Latino (Any Race)",5.24004240496744,2.4836581586268
"3605522870",2018,"Monroe","East Rochester town","B03002_006","Asian (Non-Hispanic)",0.575495986672725,0.408900547462532
"3605522870",2018,"Monroe","East Rochester town","B03002_005","Native American (Non-Hispanic)",0.530062092988036,0.530059150865722
"3605522870",2018,"Monroe","East Rochester town","B03002_007","Pacific Islander (Non-Hispanic)",0,0.257458730879903
"3605522870",2018,"Monroe","East Rochester town","B03002_008","Other (Non-Hispanic)",0,0.257458730879903
"3605522870",2018,"Monroe","East Rochester town","B03002_009","Two or More Races (Non-Hispanic)",3.87702559442678,2.52912042697913
"3605530290",2018,"Monroe","Greece town","B03002_003","White (Non-Hispanic)",81.3486907076104,1.1279962888194
"3605530290",2018,"Monroe","Greece town","B03002_004","Black (Non-Hispanic)",7.0896181793611,0.892940258861931
"3605530290",2018,"Monroe","Greece town","B03002_012","Hispanic or Latino (Any Race)",6.28501928334563,0.675677033566988
"3605530290",2018,"Monroe","Greece town","B03002_006","Asian (Non-Hispanic)",2.62378244643804,0.488575973560092
"3605530290",2018,"Monroe","Greece town","B03002_005","Native American (Non-Hispanic)",0.1392974832895,0.08316259791164
"3605530290",2018,"Monroe","Greece town","B03002_007","Pacific Islander (Non-Hispanic)",0.0322255371789141,0.0405417962002825
"3605530290",2018,"Monroe","Greece town","B03002_008","Other (Non-Hispanic)",0.189195089243947,0.126822986625926
"3605530290",2018,"Monroe","Greece town","B03002_009","Two or More Races (Non-Hispanic)",2.29217127353244,0.561344910789461
"3605531797",2018,"Monroe","Hamlin town","B03002_003","White (Non-Hispanic)",94.1704532860468,2.76282328011061
"3605531797",2018,"Monroe","Hamlin town","B03002_004","Black (Non-Hispanic)",2.79286268425136,2.30521168115666
"3605531797",2018,"Monroe","Hamlin town","B03002_012","Hispanic or Latino (Any Race)",1.65133547600576,0.919864157275053
"3605531797",2018,"Monroe","Hamlin town","B03002_006","Asian (Non-Hispanic)",0.144076249584395,0.155158709361985
"3605531797",2018,"Monroe","Hamlin town","B03002_005","Native American (Non-Hispanic)",0,0.188407403302671
"3605531797",2018,"Monroe","Hamlin town","B03002_007","Pacific Islander (Non-Hispanic)",0,0.188407403302671
"3605531797",2018,"Monroe","Hamlin town","B03002_008","Other (Non-Hispanic)",0,0.188407403302671
"3605531797",2018,"Monroe","Hamlin town","B03002_009","Two or More Races (Non-Hispanic)",1.24127230411171,0.975281500911815
"3605556561",2018,"Monroe","Parma town","B03002_003","White (Non-Hispanic)",93.2663572200674,2.31993528781233
"3605556561",2018,"Monroe","Parma town","B03002_004","Black (Non-Hispanic)",1.70407579322185,1.57054387420277
"3605556561",2018,"Monroe","Parma town","B03002_012","Hispanic or Latino (Any Race)",3.64977427354232,1.67862640995004
"3605556561",2018,"Monroe","Parma town","B03002_006","Asian (Non-Hispanic)",0.553188783620525,0.495961159057303
"3605556561",2018,"Monroe","Parma town","B03002_005","Native American (Non-Hispanic)",0,0.12081134354931
"3605556561",2018,"Monroe","Parma town","B03002_007","Pacific Islander (Non-Hispanic)",0,0.12081134354931
"3605556561",2018,"Monroe","Parma town","B03002_008","Other (Non-Hispanic)",0,0.12081134354931
"3605556561",2018,"Monroe","Parma town","B03002_009","Two or More Races (Non-Hispanic)",0.826603929547911,0.572261939383442
"3605515462",2018,"Monroe","Chili town","B03002_003","White (Non-Hispanic)",83.8910669280314,2.19295595140539
"3605515462",2018,"Monroe","Chili town","B03002_004","Black (Non-Hispanic)",9.43713245589471,1.58553581330372
"3605515462",2018,"Monroe","Chili town","B03002_012","Hispanic or Latino (Any Race)",2.80033604032484,1.12361564247828
"3605515462",2018,"Monroe","Chili town","B03002_006","Asian (Non-Hispanic)",1.29515541865024,0.567059912901853
"3605515462",2018,"Monroe","Chili town","B03002_005","Native American (Non-Hispanic)",0.297535704284514,0.325538316801597
"3605515462",2018,"Monroe","Chili town","B03002_007","Pacific Islander (Non-Hispanic)",0.0490058807056847,0.0770091553432145
"3605515462",2018,"Monroe","Chili town","B03002_008","Other (Non-Hispanic)",0,0.0770092411089331
"3605515462",2018,"Monroe","Chili town","B03002_009","Two or More Races (Non-Hispanic)",2.22976757210865,0.920595620512036
"3605557221",2018,"Monroe","Perinton town","B03002_003","White (Non-Hispanic)",90.0349988190583,1.45074303680968
"3605557221",2018,"Monroe","Perinton town","B03002_004","Black (Non-Hispanic)",1.70699761664484,0.579734372254588
"3605557221",2018,"Monroe","Perinton town","B03002_012","Hispanic or Latino (Any Race)",3.87348893135508,0.936162602611987
"3605557221",2018,"Monroe","Perinton town","B03002_006","Asian (Non-Hispanic)",3.10265604534816,0.818068993470013
"3605557221",2018,"Monroe","Perinton town","B03002_005","Native American (Non-Hispanic)",0.103064007042707,0.0987696591363777
"3605557221",2018,"Monroe","Perinton town","B03002_007","Pacific Islander (Non-Hispanic)",0,0.0536791703347433
"3605557221",2018,"Monroe","Perinton town","B03002_008","Other (Non-Hispanic)",0.0601206707749125,0.070856498068691
"3605557221",2018,"Monroe","Perinton town","B03002_009","Two or More Races (Non-Hispanic)",1.11867390977605,0.349987715818305
"3605578971",2018,"Monroe","Webster town","B03002_003","White (Non-Hispanic)",89.7687978846023,1.76184927010175
"3605578971",2018,"Monroe","Webster town","B03002_004","Black (Non-Hispanic)",2.21483942414175,0.75485204059952
"3605578971",2018,"Monroe","Webster town","B03002_012","Hispanic or Latino (Any Race)",2.58548602165119,0.693830280890235
"3605578971",2018,"Monroe","Webster town","B03002_006","Asian (Non-Hispanic)",3.20473704431939,1.04865656259079
"3605578971",2018,"Monroe","Webster town","B03002_005","Native American (Non-Hispanic)",0.0813614482337786,0.0723212676595445
"3605578971",2018,"Monroe","Webster town","B03002_007","Pacific Islander (Non-Hispanic)",0,0.0565010057179018
"3605578971",2018,"Monroe","Webster town","B03002_008","Other (Non-Hispanic)",0.00452008045743214,0.0090401604294478
"3605578971",2018,"Monroe","Webster town","B03002_009","Two or More Races (Non-Hispanic)",2.14025809659412,0.974076328539304
"3605515957",2018,"Monroe","Clarkson town","B03002_003","White (Non-Hispanic)",87.2015821443707,7.9786055879519
"3605515957",2018,"Monroe","Clarkson town","B03002_004","Black (Non-Hispanic)",1.69515468286481,2.52860245838342
"3605515957",2018,"Monroe","Clarkson town","B03002_012","Hispanic or Latino (Any Race)",11.1032631727645,7.79766595224867
"3605515957",2018,"Monroe","Clarkson town","B03002_006","Asian (Non-Hispanic)",0,0.240146913405848
"3605515957",2018,"Monroe","Clarkson town","B03002_005","Native American (Non-Hispanic)",0,0.240146913405848
"3605515957",2018,"Monroe","Clarkson town","B03002_007","Pacific Islander (Non-Hispanic)",0,0.240146913405848
"3605515957",2018,"Monroe","Clarkson town","B03002_008","Other (Non-Hispanic)",0,0.240146913405848
"3605515957",2018,"Monroe","Clarkson town","B03002_009","Two or More Races (Non-Hispanic)",0,0.240146913405848
"3605170475",2018,"Livingston","Springwater town","B03002_003","White (Non-Hispanic)",96.4968152866242,3.10531049882564
"3605170475",2018,"Livingston","Springwater town","B03002_004","Black (Non-Hispanic)",1.54686078252957,1.49134985361686
"3605170475",2018,"Livingston","Springwater town","B03002_012","Hispanic or Latino (Any Race)",0.454959053685168,0.497857834218243
"3605170475",2018,"Livingston","Springwater town","B03002_006","Asian (Non-Hispanic)",0,0.545950864422202
"3605170475",2018,"Livingston","Springwater town","B03002_005","Native American (Non-Hispanic)",0.727934485896269,1.27127749284203
"3605170475",2018,"Livingston","Springwater town","B03002_007","Pacific Islander (Non-Hispanic)",0,0.545950864422202
"3605170475",2018,"Livingston","Springwater town","B03002_008","Other (Non-Hispanic)",0,0.545950864422202
"3605170475",2018,"Livingston","Springwater town","B03002_009","Two or More Races (Non-Hispanic)",0.773430391264786,0.951484581386007
"3605159179",2018,"Livingston","Portage town","B03002_003","White (Non-Hispanic)",98.6163522012579,0.594450113376664
"3605159179",2018,"Livingston","Portage town","B03002_004","Black (Non-Hispanic)",0.125786163522013,0.376611422818413
"3605159179",2018,"Livingston","Portage town","B03002_012","Hispanic or Latino (Any Race)",0.50314465408805,0.62172478449886
"3605159179",2018,"Livingston","Portage town","B03002_006","Asian (Non-Hispanic)",0,1.50943396226415
"3605159179",2018,"Livingston","Portage town","B03002_005","Native American (Non-Hispanic)",0.754716981132076,1.24977529803551
"3605159179",2018,"Livingston","Portage town","B03002_007","Pacific Islander (Non-Hispanic)",0,1.50943396226415
"3605159179",2018,"Livingston","Portage town","B03002_008","Other (Non-Hispanic)",0,1.50943396226415
"3605159179",2018,"Livingston","Portage town","B03002_009","Two or More Races (Non-Hispanic)",0,1.50943396226415
"3609918663",2018,"Seneca","Covert town","B03002_003","White (Non-Hispanic)",94.4700460829493,2.22149180536822
"3609918663",2018,"Seneca","Covert town","B03002_004","Black (Non-Hispanic)",0.32258064516129,0.552563465109744
"3609918663",2018,"Seneca","Covert town","B03002_012","Hispanic or Latino (Any Race)",1.29032258064516,1.37972246155766
"3609918663",2018,"Seneca","Covert town","B03002_006","Asian (Non-Hispanic)",1.01382488479263,0.780393947856904
"3609918663",2018,"Seneca","Covert town","B03002_005","Native American (Non-Hispanic)",0.829493087557604,0.919944458002123
"3609918663",2018,"Seneca","Covert town","B03002_007","Pacific Islander (Non-Hispanic)",0,0.552995391705069
"3609918663",2018,"Seneca","Covert town","B03002_008","Other (Non-Hispanic)",0,0.552995391705069
"3609918663",2018,"Seneca","Covert town","B03002_009","Two or More Races (Non-Hispanic)",2.07373271889401,1.28265276125089
"3611728013",2018,"Wayne","Galen town","B03002_003","White (Non-Hispanic)",90.6038647342995,3.77206479981195
"3611728013",2018,"Wayne","Galen town","B03002_004","Black (Non-Hispanic)",1.32850241545894,0.845344303939806
"3611728013",2018,"Wayne","Galen town","B03002_012","Hispanic or Latino (Any Race)",5.38647342995169,2.9465471011762
"3611728013",2018,"Wayne","Galen town","B03002_006","Asian (Non-Hispanic)",0.942028985507246,1.44925590971515
"3611728013",2018,"Wayne","Galen town","B03002_005","Native American (Non-Hispanic)",0.0966183574879227,0.144925489934924
"3611728013",2018,"Wayne","Galen town","B03002_007","Pacific Islander (Non-Hispanic)",0,0.289855072463768
"3611728013",2018,"Wayne","Galen town","B03002_008","Other (Non-Hispanic)",0,0.289855072463768
"3611728013",2018,"Wayne","Galen town","B03002_009","Two or More Races (Non-Hispanic)",1.64251207729469,1.18350246366727
"3611702440",2018,"Wayne","Arcadia town","B03002_003","White (Non-Hispanic)",87.400540185415,2.53651090841962
"3611702440",2018,"Wayne","Arcadia town","B03002_004","Black (Non-Hispanic)",4.31418351704504,1.64238608922059
"3611702440",2018,"Wayne","Arcadia town","B03002_012","Hispanic or Latino (Any Race)",4.83246952332287,1.35765775451965
"3611702440",2018,"Wayne","Arcadia town","B03002_006","Asian (Non-Hispanic)",0.905175560259873,0.751873009743475
"3611702440",2018,"Wayne","Arcadia town","B03002_005","Native American (Non-Hispanic)",0.175195269727717,0.189793882796915
"3611702440",2018,"Wayne","Arcadia town","B03002_007","Pacific Islander (Non-Hispanic)",0.131396452295788,0.197094140709405
"3611702440",2018,"Wayne","Arcadia town","B03002_008","Other (Non-Hispanic)",0,0.13869625520111
"3611702440",2018,"Wayne","Arcadia town","B03002_009","Two or More Races (Non-Hispanic)",2.24103949193372,1.04384228074904
"3611768220",2018,"Wayne","Sodus town","B03002_003","White (Non-Hispanic)",85.8797437161163,3.56559742386784
"3611768220",2018,"Wayne","Sodus town","B03002_004","Black (Non-Hispanic)",5.06407097092164,1.87279345762322
"3611768220",2018,"Wayne","Sodus town","B03002_012","Hispanic or Latino (Any Race)",6.60423854115328,3.11724775755999
"3611768220",2018,"Wayne","Sodus town","B03002_006","Asian (Non-Hispanic)",0.418925579103006,0.455888186473933
"3611768220",2018,"Wayne","Sodus town","B03002_005","Native American (Non-Hispanic)",0.246426811237063,0.320354158179953
"3611768220",2018,"Wayne","Sodus town","B03002_007","Pacific Islander (Non-Hispanic)",0,0.209462789551503
"3611768220",2018,"Wayne","Sodus town","B03002_008","Other (Non-Hispanic)",0.123213405618531,0.197141166065787
"3611768220",2018,"Wayne","Sodus town","B03002_009","Two or More Races (Non-Hispanic)",1.66338097585017,0.948732508846428
"3611765343",2018,"Wayne","Savannah town","B03002_003","White (Non-Hispanic)",85.8803986710963,0.96975566910746
"3611765343",2018,"Wayne","Savannah town","B03002_004","Black (Non-Hispanic)",0.276854928017719,0.330199501193419
"3611765343",2018,"Wayne","Savannah town","B03002_012","Hispanic or Latino (Any Race)",6.36766334440753,4.34878754214096
"3611765343",2018,"Wayne","Savannah town","B03002_006","Asian (Non-Hispanic)",0,0.664451827242525
"3611765343",2018,"Wayne","Savannah town","B03002_005","Native American (Non-Hispanic)",0.8859357696567,0.93397685906302
"3611765343",2018,"Wayne","Savannah town","B03002_007","Pacific Islander (Non-Hispanic)",0,0.664451827242525
"3611765343",2018,"Wayne","Savannah town","B03002_008","Other (Non-Hispanic)",0,0.664451827242525
"3611765343",2018,"Wayne","Savannah town","B03002_009","Two or More Races (Non-Hispanic)",6.58914728682171,6.13994040056479
"3611743973",2018,"Wayne","Lyons town","B03002_003","White (Non-Hispanic)",82.6610695382369,3.8575361980157
"3611743973",2018,"Wayne","Lyons town","B03002_004","Black (Non-Hispanic)",9.29001642635517,3.02956016705978
"3611743973",2018,"Wayne","Lyons town","B03002_012","Hispanic or Latino (Any Race)",4.74539149479832,2.48214433984677
"3611743973",2018,"Wayne","Lyons town","B03002_006","Asian (Non-Hispanic)",0.346778609235262,0.511040593231452
"3611743973",2018,"Wayne","Lyons town","B03002_005","Native American (Non-Hispanic)",0,0.310275597736813
"3611743973",2018,"Wayne","Lyons town","B03002_007","Pacific Islander (Non-Hispanic)",0,0.310275597736813
"3611743973",2018,"Wayne","Lyons town","B03002_008","Other (Non-Hispanic)",0,0.310275597736813
"3611743973",2018,"Wayne","Lyons town","B03002_009","Two or More Races (Non-Hispanic)",2.95674393137434,1.71560759099085
"3611711473",2018,"Wayne","Butler town","B03002_003","White (Non-Hispanic)",91.3211719181868,2.96201388875958
"3611711473",2018,"Wayne","Butler town","B03002_004","Black (Non-Hispanic)",1.49253731343284,1.69878660607696
"3611711473",2018,"Wayne","Butler town","B03002_012","Hispanic or Latino (Any Race)",4.09065782200111,4.76950148432041
"3611711473",2018,"Wayne","Butler town","B03002_006","Asian (Non-Hispanic)",0,0.66334991708126
"3611711473",2018,"Wayne","Butler town","B03002_005","Native American (Non-Hispanic)",0,0.66334991708126
"3611711473",2018,"Wayne","Butler town","B03002_007","Pacific Islander (Non-Hispanic)",0,0.66334991708126
"3611711473",2018,"Wayne","Butler town","B03002_008","Other (Non-Hispanic)",0.497512437810945,0.825781226652118
"3611711473",2018,"Wayne","Butler town","B03002_009","Two or More Races (Non-Hispanic)",2.59812050856827,2.23227295790124
"3611756198",2018,"Wayne","Palmyra town","B03002_003","White (Non-Hispanic)",92.2573894846979,2.35491831997031
"3611756198",2018,"Wayne","Palmyra town","B03002_004","Black (Non-Hispanic)",0.863196442584358,0.64085398735681
"3611756198",2018,"Wayne","Palmyra town","B03002_012","Hispanic or Latino (Any Race)",5.84619408841224,1.97482962394283
"3611756198",2018,"Wayne","Palmyra town","B03002_006","Asian (Non-Hispanic)",0.523149359142035,0.680092790169174
"3611756198",2018,"Wayne","Palmyra town","B03002_005","Native American (Non-Hispanic)",0.0915511378498561,0.14386587445327
"3611756198",2018,"Wayne","Palmyra town","B03002_007","Pacific Islander (Non-Hispanic)",0,0.222338477635365
"3611756198",2018,"Wayne","Palmyra town","B03002_008","Other (Non-Hispanic)",0.130787339785509,0.20925946401158
"3611756198",2018,"Wayne","Palmyra town","B03002_009","Two or More Races (Non-Hispanic)",0.287732147528119,0.418518810572067
"3611778102",2018,"Wayne","Walworth town","B03002_003","White (Non-Hispanic)",93.6884269784562,1.8700665586016
"3611778102",2018,"Wayne","Walworth town","B03002_004","Black (Non-Hispanic)",1.09342860236007,0.898550033271707
"3611778102",2018,"Wayne","Walworth town","B03002_012","Hispanic or Latino (Any Race)",2.82559272491069,1.33155563209665
"3611778102",2018,"Wayne","Walworth town","B03002_006","Asian (Non-Hispanic)",0.909386164339071,0.725335067302177
"3611778102",2018,"Wayne","Walworth town","B03002_005","Native American (Non-Hispanic)",0.0541301288297066,0.0866079491868673
"3611778102",2018,"Wayne","Walworth town","B03002_007","Pacific Islander (Non-Hispanic)",0,0.184042438021002
"3611778102",2018,"Wayne","Walworth town","B03002_008","Other (Non-Hispanic)",0,0.184042438021002
"3611778102",2018,"Wayne","Walworth town","B03002_009","Two or More Races (Non-Hispanic)",1.42903540110425,0.887716641698776
"3611745645",2018,"Wayne","Marion town","B03002_003","White (Non-Hispanic)",89.3745942436702,4.93005759170624
"3611745645",2018,"Wayne","Marion town","B03002_004","Black (Non-Hispanic)",3.67885739017529,2.48855273998078
"3611745645",2018,"Wayne","Marion town","B03002_012","Hispanic or Latino (Any Race)",3.00800692490803,2.25053147206417
"3611745645",2018,"Wayne","Marion town","B03002_006","Asian (Non-Hispanic)",0,0.259684051071197
"3611745645",2018,"Wayne","Marion town","B03002_005","Native American (Non-Hispanic)",0,0.259684051071197
"3611745645",2018,"Wayne","Marion town","B03002_007","Pacific Islander (Non-Hispanic)",0,0.259684051071197
"3611745645",2018,"Wayne","Marion town","B03002_008","Other (Non-Hispanic)",0,0.259684051071197
"3611745645",2018,"Wayne","Marion town","B03002_009","Two or More Races (Non-Hispanic)",3.93854144124648,2.68331035765665
"3611755013",2018,"Wayne","Ontario town","B03002_003","White (Non-Hispanic)",94.3992862807296,2.1738490601451
"3611755013",2018,"Wayne","Ontario town","B03002_004","Black (Non-Hispanic)",1.66534496431404,1.57612278486181
"3611755013",2018,"Wayne","Ontario town","B03002_012","Hispanic or Latino (Any Race)",0.812846946867566,0.783105157732896
"3611755013",2018,"Wayne","Ontario town","B03002_006","Asian (Non-Hispanic)",1.1994448850119,0.723623823186895
"3611755013",2018,"Wayne","Ontario town","B03002_005","Native American (Non-Hispanic)",0,0.188342585249802
"3611755013",2018,"Wayne","Ontario town","B03002_007","Pacific Islander (Non-Hispanic)",0,0.188342585249802
"3611755013",2018,"Wayne","Ontario town","B03002_008","Other (Non-Hispanic)",0,0.188342585249802
"3611755013",2018,"Wayne","Ontario town","B03002_009","Two or More Races (Non-Hispanic)",1.92307692307692,0.892131959660778
"3611700000",2018,"Wayne","County subdivisions not defined","B03002_003","White (Non-Hispanic)",0,0
"3611700000",2018,"Wayne","County subdivisions not defined","B03002_004","Black (Non-Hispanic)",0,0
"3611700000",2018,"Wayne","County subdivisions not defined","B03002_012","Hispanic or Latino (Any Race)",0,0
"3611700000",2018,"Wayne","County subdivisions not defined","B03002_006","Asian (Non-Hispanic)",0,0
"3611700000",2018,"Wayne","County subdivisions not defined","B03002_005","Native American (Non-Hispanic)",0,0
"3611700000",2018,"Wayne","County subdivisions not defined","B03002_007","Pacific Islander (Non-Hispanic)",0,0
"3611700000",2018,"Wayne","County subdivisions not defined","B03002_008","Other (Non-Hispanic)",0,0
"3611700000",2018,"Wayne","County subdivisions not defined","B03002_009","Two or More Races (Non-Hispanic)",0,0
"3606966289",2018,"Ontario","Seneca town","B03002_003","White (Non-Hispanic)",93.6249073387695,3.46528102828923
"3606966289",2018,"Ontario","Seneca town","B03002_004","Black (Non-Hispanic)",0.148257968865827,0.33357896349694
"3606966289",2018,"Ontario","Seneca town","B03002_012","Hispanic or Latino (Any Race)",4.07709414381023,3.07623259846686
"3606966289",2018,"Ontario","Seneca town","B03002_006","Asian (Non-Hispanic)",1.40845070422535,1.33428863265041
"3606966289",2018,"Ontario","Seneca town","B03002_005","Native American (Non-Hispanic)",0,0.44477390659748
"3606966289",2018,"Ontario","Seneca town","B03002_007","Pacific Islander (Non-Hispanic)",0,0.44477390659748
"3606966289",2018,"Ontario","Seneca town","B03002_008","Other (Non-Hispanic)",0,0.44477390659748
"3606966289",2018,"Ontario","Seneca town","B03002_009","Two or More Races (Non-Hispanic)",0.741289844329133,0.815403830861029
"3607383448",2018,"Orleans","Yates town","B03002_003","White (Non-Hispanic)",94.8145193458317,2.34316605901486
"3607383448",2018,"Orleans","Yates town","B03002_004","Black (Non-Hispanic)",0.199441563621859,0.358799067364957
"3607383448",2018,"Orleans","Yates town","B03002_012","Hispanic or Latino (Any Race)",2.35341045073793,2.38920800694694
"3607383448",2018,"Orleans","Yates town","B03002_006","Asian (Non-Hispanic)",0.159553250897487,0.279057114579765
"3607383448",2018,"Orleans","Yates town","B03002_005","Native American (Non-Hispanic)",1.63542082169924,2.23162975963295
"3607383448",2018,"Orleans","Yates town","B03002_007","Pacific Islander (Non-Hispanic)",0,0.478659752692461
"3607383448",2018,"Orleans","Yates town","B03002_008","Other (Non-Hispanic)",0,0.478659752692461
"3607383448",2018,"Orleans","Yates town","B03002_009","Two or More Races (Non-Hispanic)",0.837654567211807,1.03590050526728
"3607339188",2018,"Orleans","Kendall town","B03002_003","White (Non-Hispanic)",95.1637471439452,3.79649374111153
"3607339188",2018,"Orleans","Kendall town","B03002_004","Black (Non-Hispanic)",0,0.456968773800457
"3607339188",2018,"Orleans","Kendall town","B03002_012","Hispanic or Latino (Any Race)",3.84615384615385,3.65566539735836
"3607339188",2018,"Orleans","Kendall town","B03002_006","Asian (Non-Hispanic)",0,0.456968773800457
"3607339188",2018,"Orleans","Kendall town","B03002_005","Native American (Non-Hispanic)",0.342726580350343,0.456963387506961
"3607339188",2018,"Orleans","Kendall town","B03002_007","Pacific Islander (Non-Hispanic)",0,0.456968773800457
"3607339188",2018,"Orleans","Kendall town","B03002_008","Other (Non-Hispanic)",0,0.456968773800457
"3607339188",2018,"Orleans","Kendall town","B03002_009","Two or More Races (Non-Hispanic)",0.647372429550647,0.761603092323503
"3607315880",2018,"Orleans","Clarendon town","B03002_003","White (Non-Hispanic)",95.0199203187251,2.68970730390576
"3607315880",2018,"Orleans","Clarendon town","B03002_004","Black (Non-Hispanic)",1.39442231075697,1.79278648211136
"3607315880",2018,"Orleans","Clarendon town","B03002_012","Hispanic or Latino (Any Race)",0.341491178144565,0.512227908274752
"3607315880",2018,"Orleans","Clarendon town","B03002_006","Asian (Non-Hispanic)",0.426863972680706,0.682971974727232
"3607315880",2018,"Orleans","Clarendon town","B03002_005","Native American (Non-Hispanic)",0.76835515082527,1.05290931443723
"3607315880",2018,"Orleans","Clarendon town","B03002_007","Pacific Islander (Non-Hispanic)",0,0.341491178144565
"3607315880",2018,"Orleans","Clarendon town","B03002_008","Other (Non-Hispanic)",0,0.341491178144565
"3607315880",2018,"Orleans","Clarendon town","B03002_009","Two or More Races (Non-Hispanic)",2.04894706886739,1.62198238174709
"3607327958",2018,"Orleans","Gaines town","B03002_003","White (Non-Hispanic)",90.7085146053449,5.52455015844022
"3607327958",2018,"Orleans","Gaines town","B03002_004","Black (Non-Hispanic)",3.6047234307023,4.22614893811612
"3607327958",2018,"Orleans","Gaines town","B03002_012","Hispanic or Latino (Any Race)",2.6413921690491,2.54809662760977
"3607327958",2018,"Orleans","Gaines town","B03002_006","Asian (Non-Hispanic)",0.714729645742697,0.71471138993974
"3607327958",2018,"Orleans","Gaines town","B03002_005","Native American (Non-Hispanic)",0.0621504039776258,0.155375374966426
"3607327958",2018,"Orleans","Gaines town","B03002_007","Pacific Islander (Non-Hispanic)",0,0.372902423865755
"3607327958",2018,"Orleans","Gaines town","B03002_008","Other (Non-Hispanic)",0,0.372902423865755
"3607327958",2018,"Orleans","Gaines town","B03002_009","Two or More Races (Non-Hispanic)",2.26848974518334,2.4548874155684
"3607300000",2018,"Orleans","County subdivisions not defined","B03002_003","White (Non-Hispanic)",0,0
"3607300000",2018,"Orleans","County subdivisions not defined","B03002_004","Black (Non-Hispanic)",0,0
"3607300000",2018,"Orleans","County subdivisions not defined","B03002_012","Hispanic or Latino (Any Race)",0,0
"3607300000",2018,"Orleans","County subdivisions not defined","B03002_006","Asian (Non-Hispanic)",0,0
"3607300000",2018,"Orleans","County subdivisions not defined","B03002_005","Native American (Non-Hispanic)",0,0
"3607300000",2018,"Orleans","County subdivisions not defined","B03002_007","Pacific Islander (Non-Hispanic)",0,0
"3607300000",2018,"Orleans","County subdivisions not defined","B03002_008","Other (Non-Hispanic)",0,0
"3607300000",2018,"Orleans","County subdivisions not defined","B03002_009","Two or More Races (Non-Hispanic)",0,0
"3609978564",2018,"Seneca","Waterloo town","B03002_003","White (Non-Hispanic)",92.8120381566573,2.21228238082542
"3609978564",2018,"Seneca","Waterloo town","B03002_004","Black (Non-Hispanic)",1.43759236866855,1.11511362565031
"3609978564",2018,"Seneca","Waterloo town","B03002_012","Hispanic or Latino (Any Race)",2.1496708316539,1.12851506163377
"3609978564",2018,"Seneca","Waterloo town","B03002_006","Asian (Non-Hispanic)",0.564288593309149,0.564280031880418
"3609978564",2018,"Seneca","Waterloo town","B03002_005","Native American (Non-Hispanic)",0.295579739352412,0.429931083209554
"3609978564",2018,"Seneca","Waterloo town","B03002_007","Pacific Islander (Non-Hispanic)",0,0.228402525863227
"3609978564",2018,"Seneca","Waterloo town","B03002_008","Other (Non-Hispanic)",0,0.228402525863227
"3609978564",2018,"Seneca","Waterloo town","B03002_009","Two or More Races (Non-Hispanic)",2.74083031035873,1.58531034613456
"3609966333",2018,"Seneca","Seneca Falls town","B03002_003","White (Non-Hispanic)",90.4262594027809,3.16672845348869
"3609966333",2018,"Seneca","Seneca Falls town","B03002_004","Black (Non-Hispanic)",2.41622976977433,2.25665425299341
"3609966333",2018,"Seneca","Seneca Falls town","B03002_012","Hispanic or Latino (Any Race)",3.48757693184409,1.26505247831063
"3609966333",2018,"Seneca","Seneca Falls town","B03002_006","Asian (Non-Hispanic)",1.94894005014817,0.740799056894904
"3609966333",2018,"Seneca","Seneca Falls town","B03002_005","Native American (Non-Hispanic)",0.455892409391384,0.512876897079341
"3609966333",2018,"Seneca","Seneca Falls town","B03002_007","Pacific Islander (Non-Hispanic)",0,0.193754273991338
"3609966333",2018,"Seneca","Seneca Falls town","B03002_008","Other (Non-Hispanic)",0.0113973102347846,0.0227945914518377
"3609966333",2018,"Seneca","Seneca Falls town","B03002_009","Two or More Races (Non-Hispanic)",1.25370412582631,0.706621908197245
"3609925505",2018,"Seneca","Fayette town","B03002_003","White (Non-Hispanic)",95.2331336285491,2.63671902928787
"3609925505",2018,"Seneca","Fayette town","B03002_004","Black (Non-Hispanic)",0.026048450117218,0.0520967234897357
"3609925505",2018,"Seneca","Fayette town","B03002_012","Hispanic or Latino (Any Race)",2.8913779630112,2.10987068923522
"3609925505",2018,"Seneca","Fayette town","B03002_006","Asian (Non-Hispanic)",0,0.312581401406616
"3609925505",2018,"Seneca","Fayette town","B03002_005","Native American (Non-Hispanic)",0,0.312581401406616
"3609925505",2018,"Seneca","Fayette town","B03002_007","Pacific Islander (Non-Hispanic)",0,0.312581401406616
"3609925505",2018,"Seneca","Fayette town","B03002_008","Other (Non-Hispanic)",0,0.312581401406616
"3609925505",2018,"Seneca","Fayette town","B03002_009","Two or More Races (Non-Hispanic)",1.84943995832248,1.32843601557656
"3609975902",2018,"Seneca","Tyre town","B03002_003","White (Non-Hispanic)",97.525309336333,2.06393507909615
"3609975902",2018,"Seneca","Tyre town","B03002_004","Black (Non-Hispanic)",2.02474690663667,2.79578640996503
"3609975902",2018,"Seneca","Tyre town","B03002_012","Hispanic or Latino (Any Race)",0,1.34983127109111
"3609975902",2018,"Seneca","Tyre town","B03002_006","Asian (Non-Hispanic)",0,1.34983127109111
"3609975902",2018,"Seneca","Tyre town","B03002_005","Native American (Non-Hispanic)",0.449943757030371,0.558386901780871
"3609975902",2018,"Seneca","Tyre town","B03002_007","Pacific Islander (Non-Hispanic)",0,1.34983127109111
"3609975902",2018,"Seneca","Tyre town","B03002_008","Other (Non-Hispanic)",0,1.34983127109111
"3609975902",2018,"Seneca","Tyre town","B03002_009","Two or More Races (Non-Hispanic)",0,1.34983127109111
"3609943225",2018,"Seneca","Lodi town","B03002_003","White (Non-Hispanic)",97.4001268230818,2.55704343003707
"3609943225",2018,"Seneca","Lodi town","B03002_004","Black (Non-Hispanic)",0.760938490805327,1.13817164313649
"3609943225",2018,"Seneca","Lodi town","B03002_012","Hispanic or Latino (Any Race)",0.887761572606214,0.945880261481187
"3609943225",2018,"Seneca","Lodi town","B03002_006","Asian (Non-Hispanic)",0.253646163601775,0.379390547712163
"3609943225",2018,"Seneca","Lodi town","B03002_005","Native American (Non-Hispanic)",0.0634115409004439,0.126620951622267
"3609943225",2018,"Seneca","Lodi town","B03002_007","Pacific Islander (Non-Hispanic)",0,0.760938490805327
"3609943225",2018,"Seneca","Lodi town","B03002_008","Other (Non-Hispanic)",0,0.760938490805327
"3609943225",2018,"Seneca","Lodi town","B03002_009","Two or More Races (Non-Hispanic)",0.634115409004439,0.693845067049554
"3609963440",2018,"Seneca","Romulus town","B03002_003","White (Non-Hispanic)",59.4739292364991,7.6522280667328
"3609963440",2018,"Seneca","Romulus town","B03002_004","Black (Non-Hispanic)",28.3519553072626,6.02711550037454
"3609963440",2018,"Seneca","Romulus town","B03002_012","Hispanic or Latino (Any Race)",10.0325884543762,3.11875747593258
"3609963440",2018,"Seneca","Romulus town","B03002_006","Asian (Non-Hispanic)",0,0.279329608938547
"3609963440",2018,"Seneca","Romulus town","B03002_005","Native American (Non-Hispanic)",0.791433891992551,0.535366409285454
"3609963440",2018,"Seneca","Romulus town","B03002_007","Pacific Islander (Non-Hispanic)",0,0.279329608938547
"3609963440",2018,"Seneca","Romulus town","B03002_008","Other (Non-Hispanic)",0,0.279329608938547
"3609963440",2018,"Seneca","Romulus town","B03002_009","Two or More Races (Non-Hispanic)",1.35009310986965,0.977629183772536
"3609938858",2018,"Seneca","Junius town","B03002_003","White (Non-Hispanic)",96.9489414694894,2.97652002370378
"3609938858",2018,"Seneca","Junius town","B03002_004","Black (Non-Hispanic)",0,0.74719800747198
"3609938858",2018,"Seneca","Junius town","B03002_012","Hispanic or Latino (Any Race)",1.74346201743462,1.48537813508231
"3609938858",2018,"Seneca","Junius town","B03002_006","Asian (Non-Hispanic)",0.186799501867995,0.310836704020974
"3609938858",2018,"Seneca","Junius town","B03002_005","Native American (Non-Hispanic)",0,0.74719800747198
"3609938858",2018,"Seneca","Junius town","B03002_007","Pacific Islander (Non-Hispanic)",0,0.74719800747198
"3609938858",2018,"Seneca","Junius town","B03002_008","Other (Non-Hispanic)",0,0.74719800747198
"3609938858",2018,"Seneca","Junius town","B03002_009","Two or More Races (Non-Hispanic)",1.12079701120797,0.865338083147041
"3609976958",2018,"Seneca","Varick town","B03002_003","White (Non-Hispanic)",94.3233944954129,3.8440267688721
"3609976958",2018,"Seneca","Varick town","B03002_004","Black (Non-Hispanic)",0.802752293577982,1.25928922268497
"3609976958",2018,"Seneca","Varick town","B03002_012","Hispanic or Latino (Any Race)",2.63761467889908,3.43173934025913
"3609976958",2018,"Seneca","Varick town","B03002_006","Asian (Non-Hispanic)",0,0.688073394495413
"3609976958",2018,"Seneca","Varick town","B03002_005","Native American (Non-Hispanic)",0.172018348623853,0.401061881194716
"3609976958",2018,"Seneca","Varick town","B03002_007","Pacific Islander (Non-Hispanic)",0,0.688073394495413
"3609976958",2018,"Seneca","Varick town","B03002_008","Other (Non-Hispanic)",0.401376146788991,0.85929321762549
"3609976958",2018,"Seneca","Varick town","B03002_009","Two or More Races (Non-Hispanic)",1.66284403669725,1.8284297301053
"3609955827",2018,"Seneca","Ovid town","B03002_003","White (Non-Hispanic)",95.2066842568162,1.44991622128866
"3609955827",2018,"Seneca","Ovid town","B03002_004","Black (Non-Hispanic)",1.23131046613896,1.75606690412601
"3609955827",2018,"Seneca","Ovid town","B03002_012","Hispanic or Latino (Any Race)",1.49516270888303,1.13665819680369
"3609955827",2018,"Seneca","Ovid town","B03002_006","Asian (Non-Hispanic)",0,0.527704485488127
"3609955827",2018,"Seneca","Ovid town","B03002_005","Native American (Non-Hispanic)",0.571679859278804,0.74608585341597
"3609955827",2018,"Seneca","Ovid town","B03002_007","Pacific Islander (Non-Hispanic)",0,0.527704485488127
"3609955827",2018,"Seneca","Ovid town","B03002_008","Other (Non-Hispanic)",0,0.527704485488127
"3609955827",2018,"Seneca","Ovid town","B03002_009","Two or More Races (Non-Hispanic)",1.49516270888303,1.00385174794719
"3609928640",2018,"Seneca","Geneva city","B03002_003","White (Non-Hispanic)",0,0
"3609928640",2018,"Seneca","Geneva city","B03002_004","Black (Non-Hispanic)",0,0
"3609928640",2018,"Seneca","Geneva city","B03002_012","Hispanic or Latino (Any Race)",0,0
"3609928640",2018,"Seneca","Geneva city","B03002_006","Asian (Non-Hispanic)",0,0
"3609928640",2018,"Seneca","Geneva city","B03002_005","Native American (Non-Hispanic)",0,0
"3609928640",2018,"Seneca","Geneva city","B03002_007","Pacific Islander (Non-Hispanic)",0,0
"3609928640",2018,"Seneca","Geneva city","B03002_008","Other (Non-Hispanic)",0,0
"3609928640",2018,"Seneca","Geneva city","B03002_009","Two or More Races (Non-Hispanic)",0,0
"3603775011",2018,"Genesee","Tonawanda Reservation","B03002_003","White (Non-Hispanic)",8.84955752212389,3.2154084949202
"3603775011",2018,"Genesee","Tonawanda Reservation","B03002_004","Black (Non-Hispanic)",0,2.65486725663717
"3603775011",2018,"Genesee","Tonawanda Reservation","B03002_012","Hispanic or Latino (Any Race)",1.99115044247788,2.14830710695359
"3603775011",2018,"Genesee","Tonawanda Reservation","B03002_006","Asian (Non-Hispanic)",6.63716814159292,4.77366328516887
"3603775011",2018,"Genesee","Tonawanda Reservation","B03002_005","Native American (Non-Hispanic)",80.5309734513274,12.5254415176829
"3603775011",2018,"Genesee","Tonawanda Reservation","B03002_007","Pacific Islander (Non-Hispanic)",0,2.65486725663717
"3603775011",2018,"Genesee","Tonawanda Reservation","B03002_008","Other (Non-Hispanic)",0,2.65486725663717
"3603775011",2018,"Genesee","Tonawanda Reservation","B03002_009","Two or More Races (Non-Hispanic)",1.99115044247788,3.5001290817171
"3606968660",2018,"Ontario","South Bristol town","B03002_003","White (Non-Hispanic)",97.9463776383343,1.24891655809048
"3606968660",2018,"Ontario","South Bristol town","B03002_004","Black (Non-Hispanic)",0.171135196805476,0.284753401079903
"3606968660",2018,"Ontario","South Bristol town","B03002_012","Hispanic or Latino (Any Race)",0.456360524814603,0.511539338175763
"3606968660",2018,"Ontario","South Bristol town","B03002_006","Asian (Non-Hispanic)",0.285225328009127,0.341177127880619
"3606968660",2018,"Ontario","South Bristol town","B03002_005","Native American (Non-Hispanic)",0.114090131203651,0.285015679178037
"3606968660",2018,"Ontario","South Bristol town","B03002_007","Pacific Islander (Non-Hispanic)",0,0.684540787221905
"3606968660",2018,"Ontario","South Bristol town","B03002_008","Other (Non-Hispanic)",0,0.684540787221905
"3606968660",2018,"Ontario","South Bristol town","B03002_009","Two or More Races (Non-Hispanic)",1.02681118083286,0.619731636632491
"3606912144",2018,"Ontario","Canandaigua city","B03002_003","White (Non-Hispanic)",93.8152299961345,1.61120384516588
"3606912144",2018,"Ontario","Canandaigua city","B03002_004","Black (Non-Hispanic)",1.63316582914573,0.77308845340807
"3606912144",2018,"Ontario","Canandaigua city","B03002_012","Hispanic or Latino (Any Race)",2.16466950135292,1.07266117518136
"3606912144",2018,"Ontario","Canandaigua city","B03002_006","Asian (Non-Hispanic)",0.560494781600309,0.502511149953322
"3606912144",2018,"Ontario","Canandaigua city","B03002_005","Native American (Non-Hispanic)",0.869733281793583,0.976032264735025
"3606912144",2018,"Ontario","Canandaigua city","B03002_007","Pacific Islander (Non-Hispanic)",0,0.183610359489756
"3606912144",2018,"Ontario","Canandaigua city","B03002_008","Other (Non-Hispanic)",0.357557015848473,0.570157977976707
"3606912144",2018,"Ontario","Canandaigua city","B03002_009","Two or More Races (Non-Hispanic)",0.599149594124468,0.473519740117891
"3606977387",2018,"Ontario","Victor town","B03002_003","White (Non-Hispanic)",93.8877620013523,1.71495134304935
"3606977387",2018,"Ontario","Victor town","B03002_004","Black (Non-Hispanic)",1.10209601081812,0.709936082099552
"3606977387",2018,"Ontario","Victor town","B03002_012","Hispanic or Latino (Any Race)",0.757268424611224,0.534142768420778
"3606977387",2018,"Ontario","Victor town","B03002_006","Asian (Non-Hispanic)",1.79851250845166,0.885727059306609
"3606977387",2018,"Ontario","Victor town","B03002_005","Native American (Non-Hispanic)",0.365111561866126,0.567950897838398
"3606977387",2018,"Ontario","Victor town","B03002_007","Pacific Islander (Non-Hispanic)",0,0.128465179175118
"3606977387",2018,"Ontario","Victor town","B03002_008","Other (Non-Hispanic)",0.520622041920216,0.588234468376269
"3606977387",2018,"Ontario","Victor town","B03002_009","Two or More Races (Non-Hispanic)",1.56862745098039,1.10209200979834
"3606912100",2018,"Ontario","Canadice town","B03002_003","White (Non-Hispanic)",97.4096385542169,2.4645929026038
"3606912100",2018,"Ontario","Canadice town","B03002_004","Black (Non-Hispanic)",0,0.72289156626506
"3606912100",2018,"Ontario","Canadice town","B03002_012","Hispanic or Latino (Any Race)",2.04819277108434,2.39373569945252
"3606912100",2018,"Ontario","Canadice town","B03002_006","Asian (Non-Hispanic)",0,0.72289156626506
"3606912100",2018,"Ontario","Canadice town","B03002_005","Native American (Non-Hispanic)",0,0.72289156626506
"3606912100",2018,"Ontario","Canadice town","B03002_007","Pacific Islander (Non-Hispanic)",0,0.72289156626506
"3606912100",2018,"Ontario","Canadice town","B03002_008","Other (Non-Hispanic)",0,0.72289156626506
"3606912100",2018,"Ontario","Canadice town","B03002_009","Two or More Races (Non-Hispanic)",0.542168674698795,0.719179959978725
"3606957529",2018,"Ontario","Phelps town","B03002_003","White (Non-Hispanic)",93.6151730128855,3.14569511663397
"3606957529",2018,"Ontario","Phelps town","B03002_004","Black (Non-Hispanic)",1.11481106124222,1.23063176612956
"3606957529",2018,"Ontario","Phelps town","B03002_012","Hispanic or Latino (Any Race)",3.73534095844795,2.89559491470039
"3606957529",2018,"Ontario","Phelps town","B03002_006","Asian (Non-Hispanic)",0.723903286520921,0.883159764538886
"3606957529",2018,"Ontario","Phelps town","B03002_005","Native American (Non-Hispanic)",0,0.246127117417113
"3606957529",2018,"Ontario","Phelps town","B03002_007","Pacific Islander (Non-Hispanic)",0,0.246127117417113
"3606957529",2018,"Ontario","Phelps town","B03002_008","Other (Non-Hispanic)",0.159258723034603,0.24612672752394
"3606957529",2018,"Ontario","Phelps town","B03002_009","Two or More Races (Non-Hispanic)",0.651512957868829,0.564641719219383
"3606928640",2018,"Ontario","Geneva city","B03002_003","White (Non-Hispanic)",68.0167597765363,3.13234793976269
"3606928640",2018,"Ontario","Geneva city","B03002_004","Black (Non-Hispanic)",9.07045313469894,1.93196198318363
"3606928640",2018,"Ontario","Geneva city","B03002_012","Hispanic or Latino (Any Race)",16.0769708255742,2.07149591779344
"3606928640",2018,"Ontario","Geneva city","B03002_006","Asian (Non-Hispanic)",3.71663563004345,1.48198391597113
"3606928640",2018,"Ontario","Geneva city","B03002_005","Native American (Non-Hispanic)",0.302607076350093,0.310365762326212
"3606928640",2018,"Ontario","Geneva city","B03002_007","Pacific Islander (Non-Hispanic)",0,0.147423960273122
"3606928640",2018,"Ontario","Geneva city","B03002_008","Other (Non-Hispanic)",0,0.147423960273122
"3606928640",2018,"Ontario","Geneva city","B03002_009","Two or More Races (Non-Hispanic)",2.81657355679702,1.24145475291936
"3606928651",2018,"Ontario","Geneva town","B03002_003","White (Non-Hispanic)",75.9714019272614,7.75825112550193
"3606928651",2018,"Ontario","Geneva town","B03002_004","Black (Non-Hispanic)",3.01523158221946,3.51254422582946
"3606928651",2018,"Ontario","Geneva town","B03002_012","Hispanic or Latino (Any Race)",9.4808828100715,4.53804435243254
"3606928651",2018,"Ontario","Geneva town","B03002_006","Asian (Non-Hispanic)",8.95244016164128,8.23731864874256
"3606928651",2018,"Ontario","Geneva town","B03002_005","Native American (Non-Hispanic)",0,0.373018340068387
"3606928651",2018,"Ontario","Geneva town","B03002_007","Pacific Islander (Non-Hispanic)",0,0.373018340068387
"3606928651",2018,"Ontario","Geneva town","B03002_008","Other (Non-Hispanic)",0,0.373018340068387
"3606928651",2018,"Ontario","Geneva town","B03002_009","Two or More Races (Non-Hispanic)",2.58004351880634,3.38821565687992
"3606935551",2018,"Ontario","Hopewell town","B03002_003","White (Non-Hispanic)",89.6431446203381,2.98175649019128
"3606935551",2018,"Ontario","Hopewell town","B03002_004","Black (Non-Hispanic)",2.92460423933459,1.55599596607683
"3606935551",2018,"Ontario","Hopewell town","B03002_012","Hispanic or Latino (Any Race)",6.27850818352562,2.6825471877754
"3606935551",2018,"Ontario","Hopewell town","B03002_006","Asian (Non-Hispanic)",0,0.32197477864234
"3606935551",2018,"Ontario","Hopewell town","B03002_005","Native American (Non-Hispanic)",0.456130936409981,0.670768630296863
"3606935551",2018,"Ontario","Hopewell town","B03002_007","Pacific Islander (Non-Hispanic)",0,0.32197477864234
"3606935551",2018,"Ontario","Hopewell town","B03002_008","Other (Non-Hispanic)",0.429299704856453,0.643938338334676
"3606935551",2018,"Ontario","Hopewell town","B03002_009","Two or More Races (Non-Hispanic)",0.268312315535283,0.402461461459173
"3606961544",2018,"Ontario","Richmond town","B03002_003","White (Non-Hispanic)",87.4083129584352,6.5005099749621
"3606961544",2018,"Ontario","Richmond town","B03002_004","Black (Non-Hispanic)",0.82518337408313,1.37530171567074
"3606961544",2018,"Ontario","Richmond town","B03002_012","Hispanic or Latino (Any Race)",9.50488997555012,5.86784914207477
"3606961544",2018,"Ontario","Richmond town","B03002_006","Asian (Non-Hispanic)",0,0.366748166259169
"3606961544",2018,"Ontario","Richmond town","B03002_005","Native American (Non-Hispanic)",0,0.366748166259169
"3606961544",2018,"Ontario","Richmond town","B03002_007","Pacific Islander (Non-Hispanic)",0,0.366748166259169
"3606961544",2018,"Ontario","Richmond town","B03002_008","Other (Non-Hispanic)",0.427872860635697,0.702931929696537
"3606961544",2018,"Ontario","Richmond town","B03002_009","Two or More Races (Non-Hispanic)",1.83374083129584,2.84228895086935
"3603756792",2018,"Genesee","Pavilion town","B03002_003","White (Non-Hispanic)",96.2316541055137,1.60480989349177
"3603756792",2018,"Genesee","Pavilion town","B03002_004","Black (Non-Hispanic)",1.30900436334788,1.58217113776015
"3603756792",2018,"Genesee","Pavilion town","B03002_012","Hispanic or Latino (Any Race)",2.45934153113844,3.24492942649154
"3603756792",2018,"Genesee","Pavilion town","B03002_006","Asian (Non-Hispanic)",0,0.476001586671956
"3603756792",2018,"Genesee","Pavilion town","B03002_005","Native American (Non-Hispanic)",0,0.476001586671956
"3603756792",2018,"Genesee","Pavilion town","B03002_007","Pacific Islander (Non-Hispanic)",0,0.476001586671956
"3603756792",2018,"Genesee","Pavilion town","B03002_008","Other (Non-Hispanic)",0,0.476001586671956
"3603756792",2018,"Genesee","Pavilion town","B03002_009","Two or More Races (Non-Hispanic)",0,0.476001586671956
"3603770607",2018,"Genesee","Stafford town","B03002_003","White (Non-Hispanic)",95.9728287239204,2.59132955167589
"3603770607",2018,"Genesee","Stafford town","B03002_004","Black (Non-Hispanic)",0.970402717127608,1.20869269589914
"3603770607",2018,"Genesee","Stafford town","B03002_012","Hispanic or Latino (Any Race)",0.242600679281902,0.338679088786482
"3603770607",2018,"Genesee","Stafford town","B03002_006","Asian (Non-Hispanic)",0.873362445414847,0.917284980974086
"3603770607",2018,"Genesee","Stafford town","B03002_005","Native American (Non-Hispanic)",0.291120815138282,0.484232206446312
"3603770607",2018,"Genesee","Stafford town","B03002_007","Pacific Islander (Non-Hispanic)",0,0.582241630276565
"3603770607",2018,"Genesee","Stafford town","B03002_008","Other (Non-Hispanic)",0,0.582241630276565
"3603770607",2018,"Genesee","Stafford town","B03002_009","Two or More Races (Non-Hispanic)",1.64968461911693,2.32248051647683
"3603723756",2018,"Genesee","Elba town","B03002_003","White (Non-Hispanic)",82.618825722274,12.3305665429326
"3603723756",2018,"Genesee","Elba town","B03002_004","Black (Non-Hispanic)",0.838769804287046,0.880832293075333
"3603723756",2018,"Genesee","Elba town","B03002_012","Hispanic or Latino (Any Race)",14.0260950605778,6.73217902997658
"3603723756",2018,"Genesee","Elba town","B03002_006","Asian (Non-Hispanic)",0.139794967381174,0.232513565863158
"3603723756",2018,"Genesee","Elba town","B03002_005","Native American (Non-Hispanic)",0,0.559179869524697
"3603723756",2018,"Genesee","Elba town","B03002_007","Pacific Islander (Non-Hispanic)",0,0.559179869524697
"3603723756",2018,"Genesee","Elba town","B03002_008","Other (Non-Hispanic)",0,0.559179869524697
"3603723756",2018,"Genesee","Elba town","B03002_009","Two or More Races (Non-Hispanic)",2.37651444547996,1.98761497689838
"3603719719",2018,"Genesee","Darien town","B03002_003","White (Non-Hispanic)",96.6438579341805,2.53386708057296
"3603719719",2018,"Genesee","Darien town","B03002_004","Black (Non-Hispanic)",0,0.391006842619746
"3603719719",2018,"Genesee","Darien town","B03002_012","Hispanic or Latino (Any Race)",3.2258064516129,2.37828958890882
"3603719719",2018,"Genesee","Darien town","B03002_006","Asian (Non-Hispanic)",0,0.391006842619746
"3603719719",2018,"Genesee","Darien town","B03002_005","Native American (Non-Hispanic)",0.130335614206582,0.195496760567092
"3603719719",2018,"Genesee","Darien town","B03002_007","Pacific Islander (Non-Hispanic)",0,0.391006842619746
"3603719719",2018,"Genesee","Darien town","B03002_008","Other (Non-Hispanic)",0,0.391006842619746
"3603719719",2018,"Genesee","Darien town","B03002_009","Two or More Races (Non-Hispanic)",0,0.391006842619746
"3603757078",2018,"Genesee","Pembroke town","B03002_003","White (Non-Hispanic)",91.9362511893435,4.23762543325623
"3603757078",2018,"Genesee","Pembroke town","B03002_004","Black (Non-Hispanic)",1.18934348239772,1.33204114687684
"3603757078",2018,"Genesee","Pembroke town","B03002_012","Hispanic or Latino (Any Race)",1.23691722169363,1.14174002171653
"3603757078",2018,"Genesee","Pembroke town","B03002_006","Asian (Non-Hispanic)",1.28449096098953,1.68884607645219
"3603757078",2018,"Genesee","Pembroke town","B03002_005","Native American (Non-Hispanic)",0,0.285442435775452
"3603757078",2018,"Genesee","Pembroke town","B03002_007","Pacific Islander (Non-Hispanic)",0,0.285442435775452
"3603757078",2018,"Genesee","Pembroke town","B03002_008","Other (Non-Hispanic)",0,0.285442435775452
"3603757078",2018,"Genesee","Pembroke town","B03002_009","Two or More Races (Non-Hispanic)",4.35299714557564,3.13973293826735
"3603704726",2018,"Genesee","Batavia town","B03002_003","White (Non-Hispanic)",94.9941792782305,2.84902018966971
"3603704726",2018,"Genesee","Batavia town","B03002_004","Black (Non-Hispanic)",0.145518044237485,0.291035680957219
"3603704726",2018,"Genesee","Batavia town","B03002_012","Hispanic or Latino (Any Race)",2.50291036088475,1.77530037565822
"3603704726",2018,"Genesee","Batavia town","B03002_006","Asian (Non-Hispanic)",1.67345750873108,1.61524058034293
"3603704726",2018,"Genesee","Batavia town","B03002_005","Native American (Non-Hispanic)",0.683934807916182,0.713034742443662
"3603704726",2018,"Genesee","Batavia town","B03002_007","Pacific Islander (Non-Hispanic)",0,0.247380675203725
"3603704726",2018,"Genesee","Batavia town","B03002_008","Other (Non-Hispanic)",0,0.247380675203725
"3603704726",2018,"Genesee","Batavia town","B03002_009","Two or More Races (Non-Hispanic)",0,0.247380675203725
"3603711572",2018,"Genesee","Byron town","B03002_003","White (Non-Hispanic)",95.9908883826879,15.4907985380791
"3603711572",2018,"Genesee","Byron town","B03002_004","Black (Non-Hispanic)",1.82232346241458,1.76420719436806
"3603711572",2018,"Genesee","Byron town","B03002_012","Hispanic or Latino (Any Race)",1.27562642369021,0.991348370240624
"3603711572",2018,"Genesee","Byron town","B03002_006","Asian (Non-Hispanic)",0.683371298405467,0.770439813532845
"3603711572",2018,"Genesee","Byron town","B03002_005","Native American (Non-Hispanic)",0.227790432801822,0.363510243066055
"3603711572",2018,"Genesee","Byron town","B03002_007","Pacific Islander (Non-Hispanic)",0,0.546697038724374
"3603711572",2018,"Genesee","Byron town","B03002_008","Other (Non-Hispanic)",0,0.546697038724374
"3603711572",2018,"Genesee","Byron town","B03002_009","Two or More Races (Non-Hispanic)",0,0.546697038724374
"3603754166",2018,"Genesee","Oakfield town","B03002_003","White (Non-Hispanic)",94.8248151719704,2.51583050322361
"3603754166",2018,"Genesee","Oakfield town","B03002_004","Black (Non-Hispanic)",0.996464159434265,0.739278535192596
"3603754166",2018,"Genesee","Oakfield town","B03002_012","Hispanic or Latino (Any Race)",1.83220829315333,1.31784051786807
"3603754166",2018,"Genesee","Oakfield town","B03002_006","Asian (Non-Hispanic)",0.450016072002571,0.482149574834609
"3603754166",2018,"Genesee","Oakfield town","B03002_005","Native American (Non-Hispanic)",0.482160077145612,0.675015496453882
"3603754166",2018,"Genesee","Oakfield town","B03002_007","Pacific Islander (Non-Hispanic)",0,0.38572806171649
"3603754166",2018,"Genesee","Oakfield town","B03002_008","Other (Non-Hispanic)",0,0.38572806171649
"3603754166",2018,"Genesee","Oakfield town","B03002_009","Two or More Races (Non-Hispanic)",1.4143362262938,1.15714096101596
"3603701165",2018,"Genesee","Alexander town","B03002_003","White (Non-Hispanic)",98.3749055177627,1.81979621007048
"3603701165",2018,"Genesee","Alexander town","B03002_004","Black (Non-Hispanic)",0.529100529100529,0.565291143016556
"3603701165",2018,"Genesee","Alexander town","B03002_012","Hispanic or Latino (Any Race)",0.529100529100529,0.678937452367903
"3603701165",2018,"Genesee","Alexander town","B03002_006","Asian (Non-Hispanic)",0,0.453514739229025
"3603701165",2018,"Genesee","Alexander town","B03002_005","Native American (Non-Hispanic)",0,0.453514739229025
"3603701165",2018,"Genesee","Alexander town","B03002_007","Pacific Islander (Non-Hispanic)",0,0.453514739229025
"3603701165",2018,"Genesee","Alexander town","B03002_008","Other (Non-Hispanic)",0.302343159486017,0.566370728645973
"3603701165",2018,"Genesee","Alexander town","B03002_009","Two or More Races (Non-Hispanic)",0.264550264550265,0.45301445808861
"3603706057",2018,"Genesee","Bergen town","B03002_003","White (Non-Hispanic)",89.4030851777331,5.12579731963679
"3603706057",2018,"Genesee","Bergen town","B03002_004","Black (Non-Hispanic)",0.335345405767941,0.57008229834424
"3603706057",2018,"Genesee","Bergen town","B03002_012","Hispanic or Latino (Any Race)",1.24077800134138,1.34135316314747
"3603706057",2018,"Genesee","Bergen town","B03002_006","Asian (Non-Hispanic)",2.17974513749162,1.84433585285426
"3603706057",2018,"Genesee","Bergen town","B03002_005","Native American (Non-Hispanic)",0.100603621730382,0.201205996139628
"3603706057",2018,"Genesee","Bergen town","B03002_007","Pacific Islander (Non-Hispanic)",0,0.402414486921529
"3603706057",2018,"Genesee","Bergen town","B03002_008","Other (Non-Hispanic)",0,0.402414486921529
"3603706057",2018,"Genesee","Bergen town","B03002_009","Two or More Races (Non-Hispanic)",6.74044265593561,4.79520436495486
"3612347504",2018,"Yates","Milo town","B03002_003","White (Non-Hispanic)",96.5692687890682,1.59143368707146
"3612347504",2018,"Yates","Milo town","B03002_004","Black (Non-Hispanic)",0.596016862916122,0.523325847682912
"3612347504",2018,"Yates","Milo town","B03002_012","Hispanic or Latino (Any Race)",0.930367786015409,0.973970878715038
"3612347504",2018,"Yates","Milo town","B03002_006","Asian (Non-Hispanic)",0.581479866259631,0.537863290165982
"3612347504",2018,"Yates","Milo town","B03002_005","Native American (Non-Hispanic)",0,0.247128943160343
"3612347504",2018,"Yates","Milo town","B03002_007","Pacific Islander (Non-Hispanic)",0,0.247128943160343
"3612347504",2018,"Yates","Milo town","B03002_008","Other (Non-Hispanic)",0,0.247128943160343
"3612347504",2018,"Yates","Milo town","B03002_009","Two or More Races (Non-Hispanic)",1.32286669574066,0.988500041240448
"3612370816",2018,"Yates","Starkey town","B03002_003","White (Non-Hispanic)",95.2778577598618,1.73463968466849
"3612370816",2018,"Yates","Starkey town","B03002_004","Black (Non-Hispanic)",1.23812266052404,0.921207101650071
"3612370816",2018,"Yates","Starkey town","B03002_012","Hispanic or Latino (Any Race)",0.575871004894904,0.834968439070226
"3612370816",2018,"Yates","Starkey town","B03002_006","Asian (Non-Hispanic)",0.316729052692197,0.575851478364617
"3612370816",2018,"Yates","Starkey town","B03002_005","Native American (Non-Hispanic)",0,0.345522602936942
"3612370816",2018,"Yates","Starkey town","B03002_007","Pacific Islander (Non-Hispanic)",0,0.345522602936942
"3612370816",2018,"Yates","Starkey town","B03002_008","Other (Non-Hispanic)",0.950187158076591,1.38201718656085
"3612370816",2018,"Yates","Starkey town","B03002_009","Two or More Races (Non-Hispanic)",1.64123236395048,1.35307373559601
"3612359597",2018,"Yates","Potter town","B03002_003","White (Non-Hispanic)",93.3434959349593,14.0137418251216
"3612359597",2018,"Yates","Potter town","B03002_004","Black (Non-Hispanic)",0.355691056910569,0.761249521621548
"3612359597",2018,"Yates","Potter town","B03002_012","Hispanic or Latino (Any Race)",4.36991869918699,3.78234018340063
"3612359597",2018,"Yates","Potter town","B03002_006","Asian (Non-Hispanic)",0.101626016260163,0.202962536425921
"3612359597",2018,"Yates","Potter town","B03002_005","Native American (Non-Hispanic)",0,0.609756097560976
"3612359597",2018,"Yates","Potter town","B03002_007","Pacific Islander (Non-Hispanic)",0,0.609756097560976
"3612359597",2018,"Yates","Potter town","B03002_008","Other (Non-Hispanic)",0,0.609756097560976
"3612359597",2018,"Yates","Potter town","B03002_009","Two or More Races (Non-Hispanic)",1.82926829268293,1.56306227806349
"3612338044",2018,"Yates","Italy town","B03002_003","White (Non-Hispanic)",93.6863543788187,22.3493310995207
"3612338044",2018,"Yates","Italy town","B03002_004","Black (Non-Hispanic)",0,1.22199592668024
"3612338044",2018,"Yates","Italy town","B03002_012","Hispanic or Latino (Any Race)",4.27698574338086,5.75593660088332
"3612338044",2018,"Yates","Italy town","B03002_006","Asian (Non-Hispanic)",0,1.22199592668024
"3612338044",2018,"Yates","Italy town","B03002_005","Native American (Non-Hispanic)",0,1.22199592668024
"3612338044",2018,"Yates","Italy town","B03002_007","Pacific Islander (Non-Hispanic)",0.610997963340122,0.910227336231189
"3612338044",2018,"Yates","Italy town","B03002_008","Other (Non-Hispanic)",0,1.22199592668024
"3612338044",2018,"Yates","Italy town","B03002_009","Two or More Races (Non-Hispanic)",1.42566191446029,1.50694602028192
"3612338583",2018,"Yates","Jerusalem town","B03002_003","White (Non-Hispanic)",92.3700202565834,2.95078538946297
"3612338583",2018,"Yates","Jerusalem town","B03002_004","Black (Non-Hispanic)",0.945307224848076,0.742713964082974
"3612338583",2018,"Yates","Jerusalem town","B03002_012","Hispanic or Latino (Any Race)",3.44361917623227,2.56572853729251
"3612338583",2018,"Yates","Jerusalem town","B03002_006","Asian (Non-Hispanic)",2.74589241503489,1.6429293709871
"3612338583",2018,"Yates","Jerusalem town","B03002_005","Native American (Non-Hispanic)",0.360117038037362,0.450139730097659
"3612338583",2018,"Yates","Jerusalem town","B03002_007","Pacific Islander (Non-Hispanic)",0,0.270087778528022
"3612338583",2018,"Yates","Jerusalem town","B03002_008","Other (Non-Hispanic)",0,0.270087778528022
"3612338583",2018,"Yates","Jerusalem town","B03002_009","Two or More Races (Non-Hispanic)",0.135043889264011,0.337608491770068
"3612304594",2018,"Yates","Barrington town","B03002_003","White (Non-Hispanic)",97.3137973137973,3.98175863300303
"3612304594",2018,"Yates","Barrington town","B03002_004","Black (Non-Hispanic)",1.22100122100122,1.5164221719165
"3612304594",2018,"Yates","Barrington town","B03002_012","Hispanic or Latino (Any Race)",0.976800976800977,1.15167090872903
"3612304594",2018,"Yates","Barrington town","B03002_006","Asian (Non-Hispanic)",0.061050061050061,0.182945950469484
"3612304594",2018,"Yates","Barrington town","B03002_005","Native American (Non-Hispanic)",0,0.732600732600733
"3612304594",2018,"Yates","Barrington town","B03002_007","Pacific Islander (Non-Hispanic)",0,0.732600732600733
"3612304594",2018,"Yates","Barrington town","B03002_008","Other (Non-Hispanic)",0,0.732600732600733
"3612304594",2018,"Yates","Barrington town","B03002_009","Two or More Races (Non-Hispanic)",0.427350427350427,0.484635291870552
"3605572455",2018,"Monroe","Sweden town","B03002_003","White (Non-Hispanic)",87.4034714842366,2.21554365302087
"3605572455",2018,"Monroe","Sweden town","B03002_004","Black (Non-Hispanic)",3.11725115125753,1.14053739999556
"3605572455",2018,"Monroe","Sweden town","B03002_012","Hispanic or Latino (Any Race)",5.15054906128232,1.40255626552009
"3605572455",2018,"Monroe","Sweden town","B03002_006","Asian (Non-Hispanic)",2.09705986539143,0.765080630686123
"3605572455",2018,"Monroe","Sweden town","B03002_005","Native American (Non-Hispanic)",0.0495926319518243,0.0779309337810497
"3605572455",2018,"Monroe","Sweden town","B03002_007","Pacific Islander (Non-Hispanic)",0,0.134608572440666
"3605572455",2018,"Monroe","Sweden town","B03002_008","Other (Non-Hispanic)",0.120439249025859,0.141692115007112
"3605572455",2018,"Monroe","Sweden town","B03002_009","Two or More Races (Non-Hispanic)",2.06163655685441,1.04848561790852
"3607301044",2018,"Orleans","Albion town","B03002_003","White (Non-Hispanic)",70.7591718125681,4.74324330609436
"3607301044",2018,"Orleans","Albion town","B03002_004","Black (Non-Hispanic)",19.09432134641,4.5887003241288
"3607301044",2018,"Orleans","Albion town","B03002_012","Hispanic or Latino (Any Race)",7.03474996972999,3.09960205525711
"3607301044",2018,"Orleans","Albion town","B03002_006","Asian (Non-Hispanic)",0.266376074585301,0.266375293549548
"3607301044",2018,"Orleans","Albion town","B03002_005","Native American (Non-Hispanic)",0.326916091536506,0.375347270236967
"3607301044",2018,"Orleans","Albion town","B03002_007","Pacific Islander (Non-Hispanic)",0,0.205836057634096
"3607301044",2018,"Orleans","Albion town","B03002_008","Other (Non-Hispanic)",0,0.205836057634096
"3607301044",2018,"Orleans","Albion town","B03002_009","Two or More Races (Non-Hispanic)",2.51846470517012,1.92516287902371
"3606979356",2018,"Ontario","West Bloomfield town","B03002_003","White (Non-Hispanic)",97.1405877680699,2.30900618181014
"3606979356",2018,"Ontario","West Bloomfield town","B03002_004","Black (Non-Hispanic)",0,0.476568705321684
"3606979356",2018,"Ontario","West Bloomfield town","B03002_012","Hispanic or Latino (Any Race)",2.8594122319301,2.38274584053039
"3606979356",2018,"Ontario","West Bloomfield town","B03002_006","Asian (Non-Hispanic)",0,0.476568705321684
"3606979356",2018,"Ontario","West Bloomfield town","B03002_005","Native American (Non-Hispanic)",0,0.476568705321684
"3606979356",2018,"Ontario","West Bloomfield town","B03002_007","Pacific Islander (Non-Hispanic)",0,0.476568705321684
"3606979356",2018,"Ontario","West Bloomfield town","B03002_008","Other (Non-Hispanic)",0,0.476568705321684
"3606979356",2018,"Ontario","West Bloomfield town","B03002_009","Two or More Races (Non-Hispanic)",0,0.476568705321684
"3606944864",2018,"Ontario","Manchester town","B03002_003","White (Non-Hispanic)",94.0537634408602,2.17432158280822
"3606944864",2018,"Ontario","Manchester town","B03002_004","Black (Non-Hispanic)",1.44086021505376,1.49462075707843
"3606944864",2018,"Ontario","Manchester town","B03002_012","Hispanic or Latino (Any Race)",3.20430107526882,1.64514826551917
"3606944864",2018,"Ontario","Manchester town","B03002_006","Asian (Non-Hispanic)",0,0.182795698924731
"3606944864",2018,"Ontario","Manchester town","B03002_005","Native American (Non-Hispanic)",0.032258064516129,0.0537634004676876
"3606944864",2018,"Ontario","Manchester town","B03002_007","Pacific Islander (Non-Hispanic)",0,0.182795698924731
"3606944864",2018,"Ontario","Manchester town","B03002_008","Other (Non-Hispanic)",0,0.182795698924731
"3606944864",2018,"Ontario","Manchester town","B03002_009","Two or More Races (Non-Hispanic)",1.26881720430108,0.774189208673228
"3605103364",2018,"Livingston","Avon town","B03002_003","White (Non-Hispanic)",94.6562680531485,2.86350760935114
"3605103364",2018,"Livingston","Avon town","B03002_004","Black (Non-Hispanic)",0.158867706528018,0.231079931333688
"3605103364",2018,"Livingston","Avon town","B03002_012","Hispanic or Latino (Any Race)",1.27094165222415,0.967643117209071
"3605103364",2018,"Livingston","Avon town","B03002_006","Asian (Non-Hispanic)",1.94974003466204,2.03638883929555
"3605103364",2018,"Livingston","Avon town","B03002_005","Native American (Non-Hispanic)",0,0.245522819179665
"3605103364",2018,"Livingston","Avon town","B03002_007","Pacific Islander (Non-Hispanic)",0,0.245522819179665
"3605103364",2018,"Livingston","Avon town","B03002_008","Other (Non-Hispanic)",0,0.245522819179665
"3605103364",2018,"Livingston","Avon town","B03002_009","Two or More Races (Non-Hispanic)",1.96418255343732,1.83419277692866
"3607349286",2018,"Orleans","Murray town","B03002_003","White (Non-Hispanic)",89.0012642225032,3.85689597940227
"3607349286",2018,"Orleans","Murray town","B03002_004","Black (Non-Hispanic)",1.64348925410872,1.22206011638385
"3607349286",2018,"Orleans","Murray town","B03002_012","Hispanic or Latino (Any Race)",6.93215339233038,3.87682766908587
"3607349286",2018,"Orleans","Murray town","B03002_006","Asian (Non-Hispanic)",0.737463126843658,0.800667602644119
"3607349286",2018,"Orleans","Murray town","B03002_005","Native American (Non-Hispanic)",0.10535187526338,0.168562355842271
"3607349286",2018,"Orleans","Murray town","B03002_007","Pacific Islander (Non-Hispanic)",0,0.252844500632111
"3607349286",2018,"Orleans","Murray town","B03002_008","Other (Non-Hispanic)",0,0.252844500632111
"3607349286",2018,"Orleans","Murray town","B03002_009","Two or More Races (Non-Hispanic)",1.5802781289507,1.11670798625221
"3607361742",2018,"Orleans","Ridgeway town","B03002_003","White (Non-Hispanic)",91.7852722772277,3.7125529596957
"3607361742",2018,"Orleans","Ridgeway town","B03002_004","Black (Non-Hispanic)",2.73824257425743,2.11938175410493
"3607361742",2018,"Orleans","Ridgeway town","B03002_012","Hispanic or Latino (Any Race)",2.0884900990099,1.67075596548429
"3607361742",2018,"Orleans","Ridgeway town","B03002_006","Asian (Non-Hispanic)",0.974628712871287,0.83538031009291
"3607361742",2018,"Orleans","Ridgeway town","B03002_005","Native American (Non-Hispanic)",0,0.262995049504951
"3607361742",2018,"Orleans","Ridgeway town","B03002_007","Pacific Islander (Non-Hispanic)",0,0.262995049504951
"3607361742",2018,"Orleans","Ridgeway town","B03002_008","Other (Non-Hispanic)",0.139232673267327,0.232053299816
"3607361742",2018,"Orleans","Ridgeway town","B03002_009","Two or More Races (Non-Hispanic)",2.27413366336634,1.60886642477548
"3603742037",2018,"Genesee","Le Roy town","B03002_003","White (Non-Hispanic)",90.906626914216,3.06433492587874
"3603742037",2018,"Genesee","Le Roy town","B03002_004","Black (Non-Hispanic)",2.91367393955821,1.70752635136517
"3603742037",2018,"Genesee","Le Roy town","B03002_012","Hispanic or Latino (Any Race)",2.58842661607264,1.42293611341851
"3603742037",2018,"Genesee","Le Roy town","B03002_006","Asian (Non-Hispanic)",0.514974928852148,0.569180745283666
"3603742037",2018,"Genesee","Le Roy town","B03002_005","Native American (Non-Hispanic)",0,0.230383520802277
"3603742037",2018,"Genesee","Le Roy town","B03002_007","Pacific Islander (Non-Hispanic)",0,0.230383520802277
"3603742037",2018,"Genesee","Le Roy town","B03002_008","Other (Non-Hispanic)",0,0.230383520802277
"3603742037",2018,"Genesee","Le Roy town","B03002_009","Two or More Races (Non-Hispanic)",3.07629760130099,1.80238891501993
"3603704715",2018,"Genesee","Batavia city","B03002_003","White (Non-Hispanic)",86.3645628099735,1.84289394362487
"3603704715",2018,"Genesee","Batavia city","B03002_004","Black (Non-Hispanic)",5.05469121543583,1.65080303730688
"3603704715",2018,"Genesee","Batavia city","B03002_012","Hispanic or Latino (Any Race)",4.02201236497045,1.18883015485182
"3603704715",2018,"Genesee","Batavia city","B03002_006","Asian (Non-Hispanic)",0.849242475711665,0.706561539518961
"3603704715",2018,"Genesee","Batavia city","B03002_005","Native American (Non-Hispanic)",0.237787893199266,0.18343389839037
"3603704715",2018,"Genesee","Batavia city","B03002_007","Pacific Islander (Non-Hispanic)",0,0.129084856308173
"3603704715",2018,"Genesee","Batavia city","B03002_008","Other (Non-Hispanic)",0.0747333378626265,0.129084508714818
"3603704715",2018,"Genesee","Batavia city","B03002_009","Two or More Races (Non-Hispanic)",3.39696990284666,1.35871973354909
"3603700474",2018,"Genesee","Alabama town","B03002_003","White (Non-Hispanic)",93.9936775553214,4.51176093171097
"3603700474",2018,"Genesee","Alabama town","B03002_004","Black (Non-Hispanic)",1.26448893572181,1.20415634974892
"3603700474",2018,"Genesee","Alabama town","B03002_012","Hispanic or Latino (Any Race)",2.3709167544784,1.93269289321981
"3603700474",2018,"Genesee","Alabama town","B03002_006","Asian (Non-Hispanic)",0,0.632244467860906
"3603700474",2018,"Genesee","Alabama town","B03002_005","Native American (Non-Hispanic)",0.579557428872497,0.470074025931951
"3603700474",2018,"Genesee","Alabama town","B03002_007","Pacific Islander (Non-Hispanic)",0,0.632244467860906
"3603700474",2018,"Genesee","Alabama town","B03002_008","Other (Non-Hispanic)",0.368809272918862,0.631000572119941
"3603700474",2018,"Genesee","Alabama town","B03002_009","Two or More Races (Non-Hispanic)",1.42255005268704,1.41430933148715
"3603706266",2018,"Genesee","Bethany town","B03002_003","White (Non-Hispanic)",85.6758212170167,13.5534816906247
"3603706266",2018,"Genesee","Bethany town","B03002_004","Black (Non-Hispanic)",2.15401184706516,3.00576253081854
"3603706266",2018,"Genesee","Bethany town","B03002_012","Hispanic or Latino (Any Race)",9.96230479267636,8.21606561228556
"3603706266",2018,"Genesee","Bethany town","B03002_006","Asian (Non-Hispanic)",0,0.646203554119548
"3603706266",2018,"Genesee","Bethany town","B03002_005","Native American (Non-Hispanic)",0.592353257942919,0.858996808192218
"3603706266",2018,"Genesee","Bethany town","B03002_007","Pacific Islander (Non-Hispanic)",0,0.646203554119548
"3603706266",2018,"Genesee","Bethany town","B03002_008","Other (Non-Hispanic)",0.915455035002693,1.23422266713633
"3603706266",2018,"Genesee","Bethany town","B03002_009","Two or More Races (Non-Hispanic)",0.700053850296177,0.587039285456767
"3612306002",2018,"Yates","Benton town","B03002_003","White (Non-Hispanic)",95.0519899605593,3.49097133415059
"3612306002",2018,"Yates","Benton town","B03002_004","Black (Non-Hispanic)",1.54177124417354,1.54171415898488
"3612306002",2018,"Yates","Benton town","B03002_012","Hispanic or Latino (Any Race)",1.39835066332019,1.79271687650762
"3612306002",2018,"Yates","Benton town","B03002_006","Asian (Non-Hispanic)",0.358551452133381,0.537818327874253
"3612306002",2018,"Yates","Benton town","B03002_005","Native American (Non-Hispanic)",0,0.430261742560057
"3612306002",2018,"Yates","Benton town","B03002_007","Pacific Islander (Non-Hispanic)",0,0.430261742560057
"3612306002",2018,"Yates","Benton town","B03002_008","Other (Non-Hispanic)",0.430261742560057,0.717093345929821
"3612306002",2018,"Yates","Benton town","B03002_009","Two or More Races (Non-Hispanic)",1.2190749372535,1.4341674421736
"3612375055",2018,"Yates","Torrey town","B03002_003","White (Non-Hispanic)",92.3435419440746,7.5163009036915
"3612375055",2018,"Yates","Torrey town","B03002_004","Black (Non-Hispanic)",0,0.798934753661784
"3612375055",2018,"Yates","Torrey town","B03002_012","Hispanic or Latino (Any Race)",4.99334221038615,4.27249744676636
"3612375055",2018,"Yates","Torrey town","B03002_006","Asian (Non-Hispanic)",0,0.798934753661784
"3612375055",2018,"Yates","Torrey town","B03002_005","Native American (Non-Hispanic)",0,0.798934753661784
"3612375055",2018,"Yates","Torrey town","B03002_007","Pacific Islander (Non-Hispanic)",0,0.798934753661784
"3612375055",2018,"Yates","Torrey town","B03002_008","Other (Non-Hispanic)",0.66577896138482,0.927563354758551
"3612375055",2018,"Yates","Torrey town","B03002_009","Two or More Races (Non-Hispanic)",1.99733688415446,1.776402592515
"3612347020",2018,"Yates","Middlesex town","B03002_003","White (Non-Hispanic)",92.9588014981273,17.1870353474274
"3612347020",2018,"Yates","Middlesex town","B03002_004","Black (Non-Hispanic)",0.823970037453184,0.891907342737255
"3612347020",2018,"Yates","Middlesex town","B03002_012","Hispanic or Latino (Any Race)",4.04494382022472,3.17394272703396
"3612347020",2018,"Yates","Middlesex town","B03002_006","Asian (Non-Hispanic)",0.224719101123596,0.37329053695681
"3612347020",2018,"Yates","Middlesex town","B03002_005","Native American (Non-Hispanic)",0,0.898876404494382
"3612347020",2018,"Yates","Middlesex town","B03002_007","Pacific Islander (Non-Hispanic)",0.0749063670411985,0.14946810400659
"3612347020",2018,"Yates","Middlesex town","B03002_008","Other (Non-Hispanic)",0,0.898876404494382
"3612347020",2018,"Yates","Middlesex town","B03002_009","Two or More Races (Non-Hispanic)",1.87265917602996,2.75988156229818
"3606925406",2018,"Ontario","Farmington town","B03002_003","White (Non-Hispanic)",89.7156870258257,2.33332711774426
"3606925406",2018,"Ontario","Farmington town","B03002_004","Black (Non-Hispanic)",3.16499348609089,1.46369046362035
"3606925406",2018,"Ontario","Farmington town","B03002_012","Hispanic or Latino (Any Race)",4.81262932025443,1.55562422537249
"3606925406",2018,"Ontario","Farmington town","B03002_006","Asian (Non-Hispanic)",0.82764962832401,0.620733475310505
"3606925406",2018,"Ontario","Farmington town","B03002_005","Native American (Non-Hispanic)",0,0.14560502720515
"3606925406",2018,"Ontario","Farmington town","B03002_007","Pacific Islander (Non-Hispanic)",0.0996244922982604,0.168595094828715
"3606925406",2018,"Ontario","Farmington town","B03002_008","Other (Non-Hispanic)",0.452141926584413,0.567092040168663
"3606925406",2018,"Ontario","Farmington town","B03002_009","Two or More Races (Non-Hispanic)",0.92727412062227,0.643722954616969
"3606921699",2018,"Ontario","East Bloomfield town","B03002_003","White (Non-Hispanic)",97.0612930310663,1.35491967454339
"3606921699",2018,"Ontario","East Bloomfield town","B03002_004","Black (Non-Hispanic)",0.61572907920515,0.699671741290841
"3606921699",2018,"Ontario","East Bloomfield town","B03002_012","Hispanic or Latino (Any Race)",1.7632241813602,1.28734263572313
"3606921699",2018,"Ontario","East Bloomfield town","B03002_006","Asian (Non-Hispanic)",0,0.335852225020991
"3606921699",2018,"Ontario","East Bloomfield town","B03002_005","Native American (Non-Hispanic)",0,0.335852225020991
"3606921699",2018,"Ontario","East Bloomfield town","B03002_007","Pacific Islander (Non-Hispanic)",0,0.335852225020991
"3606921699",2018,"Ontario","East Bloomfield town","B03002_008","Other (Non-Hispanic)",0,0.335852225020991
"3606921699",2018,"Ontario","East Bloomfield town","B03002_009","Two or More Races (Non-Hispanic)",0.559753708368318,0.447776630857813
"3611744160",2018,"Wayne","Macedon town","B03002_003","White (Non-Hispanic)",94.6189839572192,2.47355525907927
"3611744160",2018,"Wayne","Macedon town","B03002_004","Black (Non-Hispanic)",0.479055258467023,0.50133552343014
"3611744160",2018,"Wayne","Macedon town","B03002_012","Hispanic or Latino (Any Race)",3.33110516934046,2.15016275234247
"3611744160",2018,"Wayne","Macedon town","B03002_006","Asian (Non-Hispanic)",0.53475935828877,0.389926495914574
"3611744160",2018,"Wayne","Macedon town","B03002_005","Native American (Non-Hispanic)",0,0.189393939393939
"3611744160",2018,"Wayne","Macedon town","B03002_007","Pacific Islander (Non-Hispanic)",0.0668449197860962,0.144830566869325
"3611744160",2018,"Wayne","Macedon town","B03002_008","Other (Non-Hispanic)",0,0.189393939393939
"3611744160",2018,"Wayne","Macedon town","B03002_009","Two or More Races (Non-Hispanic)",0.969251336898396,0.868980710000485
"3611737165",2018,"Wayne","Huron town","B03002_003","White (Non-Hispanic)",82.1310702498821,2.22090886876011
"3611737165",2018,"Wayne","Huron town","B03002_004","Black (Non-Hispanic)",5.28052805280528,3.7833392740151
"3611737165",2018,"Wayne","Huron town","B03002_012","Hispanic or Latino (Any Race)",9.05233380480905,7.68057782311639
"3611737165",2018,"Wayne","Huron town","B03002_006","Asian (Non-Hispanic)",2.97029702970297,6.26379256240136
"3611737165",2018,"Wayne","Huron town","B03002_005","Native American (Non-Hispanic)",0.188590287600189,0.329509394228712
"3611737165",2018,"Wayne","Huron town","B03002_007","Pacific Islander (Non-Hispanic)",0,0.565770862800566
"3611737165",2018,"Wayne","Huron town","B03002_008","Other (Non-Hispanic)",0,0.565770862800566
"3611737165",2018,"Wayne","Huron town","B03002_009","Two or More Races (Non-Hispanic)",0.377180575200377,0.517289810777897
"3611763605",2018,"Wayne","Rose town","B03002_003","White (Non-Hispanic)",93.5804701627486,0.979137217066915
"3611763605",2018,"Wayne","Rose town","B03002_004","Black (Non-Hispanic)",0.54249547920434,0.538617918496588
"3611763605",2018,"Wayne","Rose town","B03002_012","Hispanic or Latino (Any Race)",4.65641952983725,3.29890591946093
"3611763605",2018,"Wayne","Rose town","B03002_006","Asian (Non-Hispanic)",0.135623869801085,0.270764345995396
"3611763605",2018,"Wayne","Rose town","B03002_005","Native American (Non-Hispanic)",0,0.54249547920434
"3611763605",2018,"Wayne","Rose town","B03002_007","Pacific Islander (Non-Hispanic)",0,0.54249547920434
"3611763605",2018,"Wayne","Rose town","B03002_008","Other (Non-Hispanic)",0,0.54249547920434
"3611763605",2018,"Wayne","Rose town","B03002_009","Two or More Races (Non-Hispanic)",1.08499095840868,0.98610911628694
"3611782040",2018,"Wayne","Williamson town","B03002_003","White (Non-Hispanic)",87.8765505020673,3.96288032345805
"3611782040",2018,"Wayne","Williamson town","B03002_004","Black (Non-Hispanic)",2.5989367985824,1.6833829523824
"3611782040",2018,"Wayne","Williamson town","B03002_012","Hispanic or Latino (Any Race)",6.23154164205552,3.1747787568522
"3611782040",2018,"Wayne","Williamson town","B03002_006","Asian (Non-Hispanic)",0.0886001181334908,0.191966726007351
"3611782040",2018,"Wayne","Williamson town","B03002_005","Native American (Non-Hispanic)",0.546367395156527,0.649731990576731
"3611782040",2018,"Wayne","Williamson town","B03002_007","Pacific Islander (Non-Hispanic)",0.797401063201418,1.09273199252957
"3611782040",2018,"Wayne","Williamson town","B03002_008","Other (Non-Hispanic)",0.177200236266982,0.236266342689332
"3611782040",2018,"Wayne","Williamson town","B03002_009","Two or More Races (Non-Hispanic)",1.68340224453633,1.10748917373739
"3611782689",2018,"Wayne","Wolcott town","B03002_003","White (Non-Hispanic)",93.4446057087567,2.40175988541901
"3611782689",2018,"Wayne","Wolcott town","B03002_004","Black (Non-Hispanic)",3.58006773101113,2.00762395320061
"3611782689",2018,"Wayne","Wolcott town","B03002_012","Hispanic or Latino (Any Race)",1.52394775036284,0.870778518548404
"3611782689",2018,"Wayne","Wolcott town","B03002_006","Asian (Non-Hispanic)",0.314465408805031,0.362839718937851
"3611782689",2018,"Wayne","Wolcott town","B03002_005","Native American (Non-Hispanic)",0,0.290275761973875
"3611782689",2018,"Wayne","Wolcott town","B03002_007","Pacific Islander (Non-Hispanic)",0,0.290275761973875
"3611782689",2018,"Wayne","Wolcott town","B03002_008","Other (Non-Hispanic)",0.0725689404934688,0.120947437973443
"3611782689",2018,"Wayne","Wolcott town","B03002_009","Two or More Races (Non-Hispanic)",1.06434446057088,0.991754633625317
"3605534099",2018,"Monroe","Henrietta town","B03002_003","White (Non-Hispanic)",74.3924111985598,2.11126002713754
"3605534099",2018,"Monroe","Henrietta town","B03002_004","Black (Non-Hispanic)",8.89514621367738,1.61330172897898
"3605534099",2018,"Monroe","Henrietta town","B03002_012","Hispanic or Latino (Any Race)",4.0252036836153,1.06630628779052
"3605534099",2018,"Monroe","Henrietta town","B03002_006","Asian (Non-Hispanic)",8.9620790730953,1.25786184800621
"3605534099",2018,"Monroe","Henrietta town","B03002_005","Native American (Non-Hispanic)",0.196182518983544,0.221570806060046
"3605534099",2018,"Monroe","Henrietta town","B03002_007","Pacific Islander (Non-Hispanic)",0.0646248297828144,0.0900131453759034
"3605534099",2018,"Monroe","Henrietta town","B03002_008","Other (Non-Hispanic)",0.738569483232165,0.639324017800969
"3605534099",2018,"Monroe","Henrietta town","B03002_009","Two or More Races (Non-Hispanic)",2.72578299905371,0.93475022174297
"3605581402",2018,"Monroe","Wheatland town","B03002_003","White (Non-Hispanic)",88.74312314854,5.43728730314483
"3605581402",2018,"Monroe","Wheatland town","B03002_004","Black (Non-Hispanic)",5.41684299619128,3.70280009890391
"3605581402",2018,"Monroe","Wheatland town","B03002_012","Hispanic or Latino (Any Race)",3.99915361828185,3.089214926171
"3605581402",2018,"Monroe","Wheatland town","B03002_006","Asian (Non-Hispanic)",0.740584003385527,0.952170716043368
"3605581402",2018,"Monroe","Wheatland town","B03002_005","Native American (Non-Hispanic)",0,0.253914515446466
"3605581402",2018,"Monroe","Wheatland town","B03002_007","Pacific Islander (Non-Hispanic)",0,0.253914515446466
"3605581402",2018,"Monroe","Wheatland town","B03002_008","Other (Non-Hispanic)",0,0.253914515446466
"3605581402",2018,"Monroe","Wheatland town","B03002_009","Two or More Races (Non-Hispanic)",1.10029623360135,0.952160191637584
"3605557144",2018,"Monroe","Penfield town","B03002_003","White (Non-Hispanic)",88.5610543302851,2.09174182743069
"3605557144",2018,"Monroe","Penfield town","B03002_004","Black (Non-Hispanic)",2.60355029585799,1.27218823903289
"3605557144",2018,"Monroe","Penfield town","B03002_012","Hispanic or Latino (Any Race)",3.6820871436256,1.15653332959665
"3605557144",2018,"Monroe","Penfield town","B03002_006","Asian (Non-Hispanic)",3.70629370629371,1.08929269277301
"3605557144",2018,"Monroe","Penfield town","B03002_005","Native American (Non-Hispanic)",0.107584722969338,0.118343174889674
"3605557144",2018,"Monroe","Penfield town","B03002_007","Pacific Islander (Non-Hispanic)",0.0322754168908015,0.0564819757164587
"3605557144",2018,"Monroe","Penfield town","B03002_008","Other (Non-Hispanic)",0.0268961807423346,0.0430338856855077
"3605557144",2018,"Monroe","Penfield town","B03002_009","Two or More Races (Non-Hispanic)",1.28025820333513,0.381924872432286
"3605500000",2018,"Monroe","County subdivisions not defined","B03002_003","White (Non-Hispanic)",0,0
"3605500000",2018,"Monroe","County subdivisions not defined","B03002_004","Black (Non-Hispanic)",0,0
"3605500000",2018,"Monroe","County subdivisions not defined","B03002_012","Hispanic or Latino (Any Race)",0,0
"3605500000",2018,"Monroe","County subdivisions not defined","B03002_006","Asian (Non-Hispanic)",0,0
"3605500000",2018,"Monroe","County subdivisions not defined","B03002_005","Native American (Non-Hispanic)",0,0
"3605500000",2018,"Monroe","County subdivisions not defined","B03002_007","Pacific Islander (Non-Hispanic)",0,0
"3605500000",2018,"Monroe","County subdivisions not defined","B03002_008","Other (Non-Hispanic)",0,0
"3605500000",2018,"Monroe","County subdivisions not defined","B03002_009","Two or More Races (Non-Hispanic)",0,0
"3605546558",2018,"Monroe","Mendon town","B03002_003","White (Non-Hispanic)",94.1611395020115,2.94416194798917
"3605546558",2018,"Monroe","Mendon town","B03002_004","Black (Non-Hispanic)",0.706752201804936,0.511021179256461
"3605546558",2018,"Monroe","Mendon town","B03002_012","Hispanic or Latino (Any Race)",1.1525497444819,0.935065686655288
"3605546558",2018,"Monroe","Mendon town","B03002_006","Asian (Non-Hispanic)",1.96803305425682,1.94625623562879
"3605546558",2018,"Monroe","Mendon town","B03002_005","Native American (Non-Hispanic)",0.130477329563988,0.206587838127213
"3605546558",2018,"Monroe","Mendon town","B03002_007","Pacific Islander (Non-Hispanic)",0,0.184842883548983
"3605546558",2018,"Monroe","Mendon town","B03002_008","Other (Non-Hispanic)",0,0.184842883548983
"3605546558",2018,"Monroe","Mendon town","B03002_009","Two or More Races (Non-Hispanic)",1.88104816788083,1.48957965767594
"3605564144",2018,"Monroe","Rush town","B03002_003","White (Non-Hispanic)",93.2642487046632,2.67585424561396
"3605564144",2018,"Monroe","Rush town","B03002_004","Black (Non-Hispanic)",2.3028209556707,1.66948715937243
"3605564144",2018,"Monroe","Rush town","B03002_012","Hispanic or Latino (Any Race)",3.36787564766839,1.87093126458851
"3605564144",2018,"Monroe","Rush town","B03002_006","Asian (Non-Hispanic)",1.0650546919977,1.32410639760091
"3605564144",2018,"Monroe","Rush town","B03002_005","Native American (Non-Hispanic)",0,0.345423143350604
"3605564144",2018,"Monroe","Rush town","B03002_007","Pacific Islander (Non-Hispanic)",0,0.345423143350604
"3605564144",2018,"Monroe","Rush town","B03002_008","Other (Non-Hispanic)",0,0.345423143350604
"3605564144",2018,"Monroe","Rush town","B03002_009","Two or More Races (Non-Hispanic)",0,0.345423143350604
"3609918663",2019,"Seneca","Covert town","B03002_003","White (Non-Hispanic)",92.5695110258869,1.69218506523552
"3609918663",2019,"Seneca","Covert town","B03002_004","Black (Non-Hispanic)",0.383509108341323,0.574662592802438
"3609918663",2019,"Seneca","Covert town","B03002_012","Hispanic or Latino (Any Race)",2.82837967401726,2.00406522283782
"3609918663",2019,"Seneca","Covert town","B03002_006","Asian (Non-Hispanic)",0.958772770853308,0.764196985875542
"3609918663",2019,"Seneca","Covert town","B03002_005","Native American (Non-Hispanic)",0.239693192713327,0.335167936610935
"3609918663",2019,"Seneca","Covert town","B03002_007","Pacific Islander (Non-Hispanic)",0.239693192713327,0.383156941359408
"3609918663",2019,"Seneca","Covert town","B03002_008","Other (Non-Hispanic)",0,0.575263662511985
"3609918663",2019,"Seneca","Covert town","B03002_009","Two or More Races (Non-Hispanic)",2.78044103547459,1.57045046798947
"3611728013",2019,"Wayne","Galen town","B03002_003","White (Non-Hispanic)",91.3860419716935,3.39544544445269
"3611728013",2019,"Wayne","Galen town","B03002_004","Black (Non-Hispanic)",1.31771595900439,0.805209166310385
"3611728013",2019,"Wayne","Galen town","B03002_012","Hispanic or Latino (Any Race)",5.78330893118594,3.31840367217416
"3611728013",2019,"Wayne","Galen town","B03002_006","Asian (Non-Hispanic)",0.0244021473889702,0.0488039456785525
"3611728013",2019,"Wayne","Galen town","B03002_005","Native American (Non-Hispanic)",0.146412884333821,0.170811440961331
"3611728013",2019,"Wayne","Galen town","B03002_007","Pacific Islander (Non-Hispanic)",0,0.292825768667643
"3611728013",2019,"Wayne","Galen town","B03002_008","Other (Non-Hispanic)",0,0.292825768667643
"3611728013",2019,"Wayne","Galen town","B03002_009","Two or More Races (Non-Hispanic)",1.34211810639336,0.90282236932401
"3611702440",2019,"Wayne","Arcadia town","B03002_003","White (Non-Hispanic)",85.4201773023665,3.01837176950236
"3611702440",2019,"Wayne","Arcadia town","B03002_004","Black (Non-Hispanic)",4.01494614990109,1.66309543154683
"3611702440",2019,"Wayne","Arcadia town","B03002_012","Hispanic or Latino (Any Race)",5.7952963587076,1.78029167871954
"3611702440",2019,"Wayne","Arcadia town","B03002_006","Asian (Non-Hispanic)",1.15026741885852,0.791261571441571
"3611702440",2019,"Wayne","Arcadia town","B03002_005","Native American (Non-Hispanic)",0.146530881383252,0.146530426755433
"3611702440",2019,"Wayne","Arcadia town","B03002_007","Pacific Islander (Non-Hispanic)",0.22712286614404,0.300387774034393
"3611702440",2019,"Wayne","Arcadia town","B03002_008","Other (Non-Hispanic)",0,0.139204337314089
"3611702440",2019,"Wayne","Arcadia town","B03002_009","Two or More Races (Non-Hispanic)",3.24565902263902,1.24548625027051
"3611744160",2019,"Wayne","Macedon town","B03002_003","White (Non-Hispanic)",93.3906441889025,3.24068800807107
"3611744160",2019,"Wayne","Macedon town","B03002_004","Black (Non-Hispanic)",0.480071452495255,0.5023970523045
"3611744160",2019,"Wayne","Macedon town","B03002_012","Hispanic or Latino (Any Race)",3.70659819135871,2.71292544433673
"3611744160",2019,"Wayne","Macedon town","B03002_006","Asian (Non-Hispanic)",1.57418778608909,0.971288976625409
"3611744160",2019,"Wayne","Macedon town","B03002_005","Native American (Non-Hispanic)",0,0.18979569052138
"3611744160",2019,"Wayne","Macedon town","B03002_007","Pacific Islander (Non-Hispanic)",0.0893156190688847,0.189795387710472
"3611744160",2019,"Wayne","Macedon town","B03002_008","Other (Non-Hispanic)",0,0.18979569052138
"3611744160",2019,"Wayne","Macedon town","B03002_009","Two or More Races (Non-Hispanic)",0.75918276208552,0.770341824200989
"3611765343",2019,"Wayne","Savannah town","B03002_003","White (Non-Hispanic)",84.1101694915254,2.0058979512731
"3611765343",2019,"Wayne","Savannah town","B03002_004","Black (Non-Hispanic)",0.317796610169492,0.315531806278073
"3611765343",2019,"Wayne","Savannah town","B03002_012","Hispanic or Latino (Any Race)",7.46822033898305,4.41326912850432
"3611765343",2019,"Wayne","Savannah town","B03002_006","Asian (Non-Hispanic)",0.476694915254237,0.792457862274305
"3611765343",2019,"Wayne","Savannah town","B03002_005","Native American (Non-Hispanic)",0.635593220338983,0.577682352795223
"3611765343",2019,"Wayne","Savannah town","B03002_007","Pacific Islander (Non-Hispanic)",0,0.635593220338983
"3611765343",2019,"Wayne","Savannah town","B03002_008","Other (Non-Hispanic)",0,0.635593220338983
"3611765343",2019,"Wayne","Savannah town","B03002_009","Two or More Races (Non-Hispanic)",6.99152542372881,5.7128643520643
"3611737165",2019,"Wayne","Huron town","B03002_003","White (Non-Hispanic)",79.5324427480916,12.1440656370759
"3611737165",2019,"Wayne","Huron town","B03002_004","Black (Non-Hispanic)",8.3969465648855,6.47098700058505
"3611737165",2019,"Wayne","Huron town","B03002_012","Hispanic or Latino (Any Race)",11.8320610687023,10.2713174671522
"3611737165",2019,"Wayne","Huron town","B03002_006","Asian (Non-Hispanic)",0,0.572519083969466
"3611737165",2019,"Wayne","Huron town","B03002_005","Native American (Non-Hispanic)",0,0.572519083969466
"3611737165",2019,"Wayne","Huron town","B03002_007","Pacific Islander (Non-Hispanic)",0,0.572519083969466
"3611737165",2019,"Wayne","Huron town","B03002_008","Other (Non-Hispanic)",0,0.572519083969466
"3611737165",2019,"Wayne","Huron town","B03002_009","Two or More Races (Non-Hispanic)",0.238549618320611,0.47638058394155
"3611711473",2019,"Wayne","Butler town","B03002_003","White (Non-Hispanic)",92.8111587982833,20.1221989971196
"3611711473",2019,"Wayne","Butler town","B03002_004","Black (Non-Hispanic)",1.50214592274678,1.43004379189012
"3611711473",2019,"Wayne","Butler town","B03002_012","Hispanic or Latino (Any Race)",3.16523605150215,4.37225206115041
"3611711473",2019,"Wayne","Butler town","B03002_006","Asian (Non-Hispanic)",0.214592274678112,0.374090297444345
"3611711473",2019,"Wayne","Butler town","B03002_005","Native American (Non-Hispanic)",0,0.643776824034335
"3611711473",2019,"Wayne","Butler town","B03002_007","Pacific Islander (Non-Hispanic)",0,0.643776824034335
"3611711473",2019,"Wayne","Butler town","B03002_008","Other (Non-Hispanic)",0.536480686695279,0.800500047261023
"3611711473",2019,"Wayne","Butler town","B03002_009","Two or More Races (Non-Hispanic)",1.77038626609442,1.58635347451905
"3611756198",2019,"Wayne","Palmyra town","B03002_003","White (Non-Hispanic)",92.3968902358677,2.56610246650454
"3611756198",2019,"Wayne","Palmyra town","B03002_004","Black (Non-Hispanic)",0.803794966398735,0.57978096066788
"3611756198",2019,"Wayne","Palmyra town","B03002_012","Hispanic or Latino (Any Race)",6.08775859797075,2.47719492046904
"3611756198",2019,"Wayne","Palmyra town","B03002_006","Asian (Non-Hispanic)",0.513901699828699,0.448013918767959
"3611756198",2019,"Wayne","Palmyra town","B03002_005","Native American (Non-Hispanic)",0.0658848333113717,0.105415527382583
"3611756198",2019,"Wayne","Palmyra town","B03002_007","Pacific Islander (Non-Hispanic)",0,0.224008433258664
"3611756198",2019,"Wayne","Palmyra town","B03002_008","Other (Non-Hispanic)",0.131769666622743,0.224008045652849
"3611756198",2019,"Wayne","Palmyra town","B03002_009","Two or More Races (Non-Hispanic)",0,0.224008433258664
"3611778102",2019,"Wayne","Walworth town","B03002_003","White (Non-Hispanic)",94.9609882964889,1.68597265447345
"3611778102",2019,"Wayne","Walworth town","B03002_004","Black (Non-Hispanic)",0.617685305591678,0.639355527468083
"3611778102",2019,"Wayne","Walworth town","B03002_012","Hispanic or Latino (Any Race)",2.01560468140442,1.39790502482974
"3611778102",2019,"Wayne","Walworth town","B03002_006","Asian (Non-Hispanic)",1.35457303857824,0.823569405938498
"3611778102",2019,"Wayne","Walworth town","B03002_005","Native American (Non-Hispanic)",0,0.184221933246641
"3611778102",2019,"Wayne","Walworth town","B03002_007","Pacific Islander (Non-Hispanic)",0,0.184221933246641
"3611778102",2019,"Wayne","Walworth town","B03002_008","Other (Non-Hispanic)",0,0.184221933246641
"3611778102",2019,"Wayne","Walworth town","B03002_009","Two or More Races (Non-Hispanic)",1.05114867793671,0.661023388918871
"3611745645",2019,"Wayne","Marion town","B03002_003","White (Non-Hispanic)",89.4232861806311,4.9684558305176
"3611745645",2019,"Wayne","Marion town","B03002_004","Black (Non-Hispanic)",2.91621327529924,2.11095204614278
"3611745645",2019,"Wayne","Marion town","B03002_012","Hispanic or Latino (Any Race)",3.54733405875952,2.11093374130455
"3611745645",2019,"Wayne","Marion town","B03002_006","Asian (Non-Hispanic)",0,0.261153427638738
"3611745645",2019,"Wayne","Marion town","B03002_005","Native American (Non-Hispanic)",0,0.261153427638738
"3611745645",2019,"Wayne","Marion town","B03002_007","Pacific Islander (Non-Hispanic)",0,0.261153427638738
"3611745645",2019,"Wayne","Marion town","B03002_008","Other (Non-Hispanic)",0,0.261153427638738
"3611745645",2019,"Wayne","Marion town","B03002_009","Two or More Races (Non-Hispanic)",4.11316648531012,2.98144788196934
"3611782040",2019,"Wayne","Williamson town","B03002_003","White (Non-Hispanic)",85.9701050762173,4.94840910214433
"3611782040",2019,"Wayne","Williamson town","B03002_004","Black (Non-Hispanic)",2.21992008287702,1.59832301090165
"3611782040",2019,"Wayne","Williamson town","B03002_012","Hispanic or Latino (Any Race)",7.9621133639189,3.84775755012841
"3611782040",2019,"Wayne","Williamson town","B03002_006","Asian (Non-Hispanic)",0.0443984016575403,0.103596150508228
"3611782040",2019,"Wayne","Williamson town","B03002_005","Native American (Non-Hispanic)",0.458783483794583,0.547577862435661
"3611782040",2019,"Wayne","Williamson town","B03002_007","Pacific Islander (Non-Hispanic)",0.902767500369987,1.02115820378531
"3611782040",2019,"Wayne","Williamson town","B03002_008","Other (Non-Hispanic)",0.192393073849341,0.266389533457907
"3611782040",2019,"Wayne","Williamson town","B03002_009","Two or More Races (Non-Hispanic)",2.24951901731538,1.43552608462549
"3611700000",2019,"Wayne","County subdivisions not defined","B03002_003","White (Non-Hispanic)",0,0
"3611700000",2019,"Wayne","County subdivisions not defined","B03002_004","Black (Non-Hispanic)",0,0
"3611700000",2019,"Wayne","County subdivisions not defined","B03002_012","Hispanic or Latino (Any Race)",0,0
"3611700000",2019,"Wayne","County subdivisions not defined","B03002_006","Asian (Non-Hispanic)",0,0
"3611700000",2019,"Wayne","County subdivisions not defined","B03002_005","Native American (Non-Hispanic)",0,0
"3611700000",2019,"Wayne","County subdivisions not defined","B03002_007","Pacific Islander (Non-Hispanic)",0,0
"3611700000",2019,"Wayne","County subdivisions not defined","B03002_008","Other (Non-Hispanic)",0,0
"3611700000",2019,"Wayne","County subdivisions not defined","B03002_009","Two or More Races (Non-Hispanic)",0,0
"3611782689",2019,"Wayne","Wolcott town","B03002_003","White (Non-Hispanic)",94.3050193050193,2.47421921163487
"3611782689",2019,"Wayne","Wolcott town","B03002_004","Black (Non-Hispanic)",3.06467181467181,2.19587421502771
"3611782689",2019,"Wayne","Wolcott town","B03002_012","Hispanic or Latino (Any Race)",1.18243243243243,0.941094775795102
"3611782689",2019,"Wayne","Wolcott town","B03002_006","Asian (Non-Hispanic)",0.337837837837838,0.41022699425172
"3611782689",2019,"Wayne","Wolcott town","B03002_005","Native American (Non-Hispanic)",0.482625482625483,0.603275378046459
"3611782689",2019,"Wayne","Wolcott town","B03002_007","Pacific Islander (Non-Hispanic)",0,0.28957528957529
"3611782689",2019,"Wayne","Wolcott town","B03002_008","Other (Non-Hispanic)",0.0723938223938224,0.120655642194099
"3611782689",2019,"Wayne","Wolcott town","B03002_009","Two or More Races (Non-Hispanic)",0.555019305019305,0.627404893269815
"3605534099",2019,"Monroe","Henrietta town","B03002_003","White (Non-Hispanic)",72.6624679908644,1.73159280362231
"3605534099",2019,"Monroe","Henrietta town","B03002_004","Black (Non-Hispanic)",10.0468313839481,1.20651681662128
"3605534099",2019,"Monroe","Henrietta town","B03002_012","Hispanic or Latino (Any Race)",4.45474888688952,1.0404352243336
"3605534099",2019,"Monroe","Henrietta town","B03002_006","Asian (Non-Hispanic)",9.5185364615775,0.941211997228826
"3605534099",2019,"Monroe","Henrietta town","B03002_005","Native American (Non-Hispanic)",0.0876646596073546,0.0991994594085048
"3605534099",2019,"Monroe","Henrietta town","B03002_007","Pacific Islander (Non-Hispanic)",0.0576741181627333,0.0784367876560844
"3605534099",2019,"Monroe","Henrietta town","B03002_008","Other (Non-Hispanic)",0.595196899439408,0.532908647330764
"3605534099",2019,"Monroe","Henrietta town","B03002_009","Two or More Races (Non-Hispanic)",2.57687959951092,0.915862766104767
"3605561808",2019,"Monroe","Riga town","B03002_003","White (Non-Hispanic)",96.193525435788,1.94450453475723
"3605561808",2019,"Monroe","Riga town","B03002_004","Black (Non-Hispanic)",1.24510850231234,0.978289510021488
"3605561808",2019,"Monroe","Riga town","B03002_012","Hispanic or Latino (Any Race)",1.24510850231234,1.06722666724855
"3605561808",2019,"Monroe","Riga town","B03002_006","Asian (Non-Hispanic)",0.284596229099964,0.426893143081829
"3605561808",2019,"Monroe","Riga town","B03002_005","Native American (Non-Hispanic)",0,0.302383493418712
"3605561808",2019,"Monroe","Riga town","B03002_007","Pacific Islander (Non-Hispanic)",0,0.302383493418712
"3605561808",2019,"Monroe","Riga town","B03002_008","Other (Non-Hispanic)",0,0.302383493418712
"3605561808",2019,"Monroe","Riga town","B03002_009","Two or More Races (Non-Hispanic)",1.03166133048737,0.747056086365447
"3605581402",2019,"Monroe","Wheatland town","B03002_003","White (Non-Hispanic)",90.0445765230312,4.35600304013442
"3605581402",2019,"Monroe","Wheatland town","B03002_004","Black (Non-Hispanic)",3.77839099978773,2.674543279771
"3605581402",2019,"Monroe","Wheatland town","B03002_012","Hispanic or Latino (Any Race)",3.96943324135003,2.46226455842612
"3605581402",2019,"Monroe","Wheatland town","B03002_006","Asian (Non-Hispanic)",0.594353640416048,0.721710723871173
"3605581402",2019,"Monroe","Wheatland town","B03002_005","Native American (Non-Hispanic)",0,0.254722988749735
"3605581402",2019,"Monroe","Wheatland town","B03002_007","Pacific Islander (Non-Hispanic)",0,0.254722988749735
"3605581402",2019,"Monroe","Wheatland town","B03002_008","Other (Non-Hispanic)",0,0.254722988749735
"3605581402",2019,"Monroe","Wheatland town","B03002_009","Two or More Races (Non-Hispanic)",1.61324559541499,1.69813944718778
"3605528442",2019,"Monroe","Gates town","B03002_003","White (Non-Hispanic)",76.4173533347419,2.1812199246853
"3605528442",2019,"Monroe","Gates town","B03002_004","Black (Non-Hispanic)",11.1944503134024,1.37326684452862
"3605528442",2019,"Monroe","Gates town","B03002_012","Hispanic or Latino (Any Race)",5.96873019226706,1.20780913515634
"3605528442",2019,"Monroe","Gates town","B03002_006","Asian (Non-Hispanic)",4.12352982604409,1.45431888966496
"3605528442",2019,"Monroe","Gates town","B03002_005","Native American (Non-Hispanic)",0.0598633706599056,0.0704274562474509
"3605528442",2019,"Monroe","Gates town","B03002_007","Pacific Islander (Non-Hispanic)",0,0.0774702443834073
"3605528442",2019,"Monroe","Gates town","B03002_008","Other (Non-Hispanic)",0.0774702443834073,0.0774701855443543
"3605528442",2019,"Monroe","Gates town","B03002_009","Two or More Races (Non-Hispanic)",2.1586027185013,1.13740093109521
"3605554474",2019,"Monroe","Ogden town","B03002_003","White (Non-Hispanic)",89.8480900644019,3.03158073580125
"3605554474",2019,"Monroe","Ogden town","B03002_004","Black (Non-Hispanic)",1.85339953787916,0.835747827243461
"3605554474",2019,"Monroe","Ogden town","B03002_012","Hispanic or Latino (Any Race)",5.93874440784622,2.92511888388728
"3605554474",2019,"Monroe","Ogden town","B03002_006","Asian (Non-Hispanic)",0.806253379873163,0.388377082533871
"3605554474",2019,"Monroe","Ogden town","B03002_005","Native American (Non-Hispanic)",0.0245808957278403,0.0344132427948948
"3605554474",2019,"Monroe","Ogden town","B03002_007","Pacific Islander (Non-Hispanic)",0,0.108155941202497
"3605554474",2019,"Monroe","Ogden town","B03002_008","Other (Non-Hispanic)",0.211395703259427,0.25564120382085
"3605554474",2019,"Monroe","Ogden town","B03002_009","Two or More Races (Non-Hispanic)",1.31753601101224,0.678431086402899
"3605557144",2019,"Monroe","Penfield town","B03002_003","White (Non-Hispanic)",89.1576291205841,1.66577163102792
"3605557144",2019,"Monroe","Penfield town","B03002_004","Black (Non-Hispanic)",2.46966605819822,1.33415535455956
"3605557144",2019,"Monroe","Penfield town","B03002_012","Hispanic or Latino (Any Race)",3.61591323955761,0.923436633194187
"3605557144",2019,"Monroe","Penfield town","B03002_006","Asian (Non-Hispanic)",3.37431547299474,1.04423637149519
"3605557144",2019,"Monroe","Penfield town","B03002_005","Native American (Non-Hispanic)",0.0859014281112424,0.102007926881595
"3605557144",2019,"Monroe","Penfield town","B03002_007","Pacific Islander (Non-Hispanic)",0.0322130355417159,0.0510039675971583
"3605557144",2019,"Monroe","Penfield town","B03002_008","Other (Non-Hispanic)",0,0.0671104907119081
"3605557144",2019,"Monroe","Penfield town","B03002_009","Two or More Races (Non-Hispanic)",1.26436164501235,0.475141390514169
"3605508246",2019,"Monroe","Brighton town","B03002_003","White (Non-Hispanic)",75.8188134097927,1.98946109740301
"3605508246",2019,"Monroe","Brighton town","B03002_004","Black (Non-Hispanic)",5.93295103661226,1.01178702958964
"3605508246",2019,"Monroe","Brighton town","B03002_012","Hispanic or Latino (Any Race)",5.07002646669607,1.16066681236592
"3605508246",2019,"Monroe","Brighton town","B03002_006","Asian (Non-Hispanic)",10.0959417732686,1.52181056293623
"3605508246",2019,"Monroe","Brighton town","B03002_005","Native American (Non-Hispanic)",0.468681076312307,0.220555436880877
"3605508246",2019,"Monroe","Brighton town","B03002_007","Pacific Islander (Non-Hispanic)",0.0744375827084252,0.11303482991363
"3605508246",2019,"Monroe","Brighton town","B03002_008","Other (Non-Hispanic)",0.170930745478606,0.195743218534593
"3605508246",2019,"Monroe","Brighton town","B03002_009","Two or More Races (Non-Hispanic)",2.36821790913101,0.714046535923609
"3605500000",2019,"Monroe","County subdivisions not defined","B03002_003","White (Non-Hispanic)",0,0
"3605500000",2019,"Monroe","County subdivisions not defined","B03002_004","Black (Non-Hispanic)",0,0
"3605500000",2019,"Monroe","County subdivisions not defined","B03002_012","Hispanic or Latino (Any Race)",0,0
"3605500000",2019,"Monroe","County subdivisions not defined","B03002_006","Asian (Non-Hispanic)",0,0
"3605500000",2019,"Monroe","County subdivisions not defined","B03002_005","Native American (Non-Hispanic)",0,0
"3605500000",2019,"Monroe","County subdivisions not defined","B03002_007","Pacific Islander (Non-Hispanic)",0,0
"3605500000",2019,"Monroe","County subdivisions not defined","B03002_008","Other (Non-Hispanic)",0,0
"3605500000",2019,"Monroe","County subdivisions not defined","B03002_009","Two or More Races (Non-Hispanic)",0,0
"3605522870",2019,"Monroe","East Rochester town","B03002_003","White (Non-Hispanic)",85.6163339936005,5.95917206655912
"3605522870",2019,"Monroe","East Rochester town","B03002_004","Black (Non-Hispanic)",4.66250190461679,5.54620037073403
"3605522870",2019,"Monroe","East Rochester town","B03002_012","Hispanic or Latino (Any Race)",3.51973182995581,2.30071701624705
"3605522870",2019,"Monroe","East Rochester town","B03002_006","Asian (Non-Hispanic)",0.594240438823709,0.548522454327833
"3605522870",2019,"Monroe","East Rochester town","B03002_005","Native American (Non-Hispanic)",1.56940423586774,1.69128346474937
"3605522870",2019,"Monroe","East Rochester town","B03002_007","Pacific Islander (Non-Hispanic)",0.182843211945757,0.304737462750621
"3605522870",2019,"Monroe","East Rochester town","B03002_008","Other (Non-Hispanic)",0,0.259027883589822
"3605522870",2019,"Monroe","East Rochester town","B03002_009","Two or More Races (Non-Hispanic)",3.8549443851897,2.63592674820339
"3605531797",2019,"Monroe","Hamlin town","B03002_003","White (Non-Hispanic)",95.31267355326,2.02920620860798
"3605531797",2019,"Monroe","Hamlin town","B03002_004","Black (Non-Hispanic)",1.74386315672554,1.18848437475302
"3605531797",2019,"Monroe","Hamlin town","B03002_012","Hispanic or Latino (Any Race)",1.37731867155393,0.855263227403255
"3605531797",2019,"Monroe","Hamlin town","B03002_006","Asian (Non-Hispanic)",0.0777518604909475,0.111073908808527
"3605531797",2019,"Monroe","Hamlin town","B03002_005","Native American (Non-Hispanic)",0,0.188825946906587
"3605531797",2019,"Monroe","Hamlin town","B03002_007","Pacific Islander (Non-Hispanic)",0,0.188825946906587
"3605531797",2019,"Monroe","Hamlin town","B03002_008","Other (Non-Hispanic)",0.188825946906587,0.288792221788588
"3605531797",2019,"Monroe","Hamlin town","B03002_009","Two or More Races (Non-Hispanic)",1.29956681106298,0.966338848628187
"3605546558",2019,"Monroe","Mendon town","B03002_003","White (Non-Hispanic)",95.4906008910138,2.81506804138944
"3605546558",2019,"Monroe","Mendon town","B03002_004","Black (Non-Hispanic)",1.31478865587308,1.2604542630984
"3605546558",2019,"Monroe","Mendon town","B03002_012","Hispanic or Latino (Any Race)",1.14093230468326,0.967071749839587
"3605546558",2019,"Monroe","Mendon town","B03002_006","Asian (Non-Hispanic)",0.836683690101054,1.44517940651446
"3605546558",2019,"Monroe","Mendon town","B03002_005","Native American (Non-Hispanic)",0.119526241443008,0.184722131607491
"3605546558",2019,"Monroe","Mendon town","B03002_007","Pacific Islander (Non-Hispanic)",0,0.184722373139194
"3605546558",2019,"Monroe","Mendon town","B03002_008","Other (Non-Hispanic)",0,0.184722373139194
"3605546558",2019,"Monroe","Mendon town","B03002_009","Two or More Races (Non-Hispanic)",1.0974682168858,1.08659873330481
"3605515462",2019,"Monroe","Chili town","B03002_003","White (Non-Hispanic)",83.398683657751,2.01085400643823
"3605515462",2019,"Monroe","Chili town","B03002_004","Black (Non-Hispanic)",9.49796947206274,1.54736574025468
"3605515462",2019,"Monroe","Chili town","B03002_012","Hispanic or Latino (Any Race)",2.69219997199272,1.02576226530919
"3605515462",2019,"Monroe","Chili town","B03002_006","Asian (Non-Hispanic)",1.73295056714746,0.917236427428044
"3605515462",2019,"Monroe","Chili town","B03002_005","Native American (Non-Hispanic)",0.276571908696261,0.273070822678326
"3605515462",2019,"Monroe","Chili town","B03002_007","Pacific Islander (Non-Hispanic)",0.052513653549923,0.0840218250838135
"3605515462",2019,"Monroe","Chili town","B03002_008","Other (Non-Hispanic)",0,0.0770200252065537
"3605515462",2019,"Monroe","Chili town","B03002_009","Two or More Races (Non-Hispanic)",2.34911076879989,0.801704124793584
"3605557221",2019,"Monroe","Perinton town","B03002_003","White (Non-Hispanic)",89.9809303421825,1.49667408450179
"3605557221",2019,"Monroe","Perinton town","B03002_004","Black (Non-Hispanic)",1.54699920721647,0.546376990754949
"3605557221",2019,"Monroe","Perinton town","B03002_012","Hispanic or Latino (Any Race)",3.91249383985773,1.23416871824126
"3605557221",2019,"Monroe","Perinton town","B03002_006","Asian (Non-Hispanic)",3.4003985344218,0.822778028799306
"3605557221",2019,"Monroe","Perinton town","B03002_005","Native American (Non-Hispanic)",0.152128730903559,0.141415408401376
"3605557221",2019,"Monroe","Perinton town","B03002_007","Pacific Islander (Non-Hispanic)",0,0.0535664545435067
"3605557221",2019,"Monroe","Perinton town","B03002_008","Other (Non-Hispanic)",0,0.0535664545435067
"3605557221",2019,"Monroe","Perinton town","B03002_009","Two or More Races (Non-Hispanic)",1.00704934541793,0.462813744230109
"3605578971",2019,"Monroe","Webster town","B03002_003","White (Non-Hispanic)",90.3081622568618,1.68128564346064
"3605578971",2019,"Monroe","Webster town","B03002_004","Black (Non-Hispanic)",2.01473428866628,1.0039971657804
"3605578971",2019,"Monroe","Webster town","B03002_012","Hispanic or Latino (Any Race)",2.85476842909124,0.891692055135595
"3605578971",2019,"Monroe","Webster town","B03002_006","Asian (Non-Hispanic)",3.42527289879161,1.11405373823939
"3605578971",2019,"Monroe","Webster town","B03002_005","Native American (Non-Hispanic)",0.0965814653429765,0.0853510392117446
"3605578971",2019,"Monroe","Webster town","B03002_007","Pacific Islander (Non-Hispanic)",0,0.0561520147342887
"3605578971",2019,"Monroe","Webster town","B03002_008","Other (Non-Hispanic)",0,0.0561520147342887
"3605578971",2019,"Monroe","Webster town","B03002_009","Two or More Races (Non-Hispanic)",1.30048066124613,0.467183994633607
"3605515957",2019,"Monroe","Clarkson town","B03002_003","White (Non-Hispanic)",90.527950310559,4.42586880653361
"3605515957",2019,"Monroe","Clarkson town","B03002_004","Black (Non-Hispanic)",3.06324110671937,3.28909194076563
"3605515957",2019,"Monroe","Clarkson town","B03002_012","Hispanic or Latino (Any Race)",4.71485036702428,3.00674924050782
"3605515957",2019,"Monroe","Clarkson town","B03002_006","Asian (Non-Hispanic)",1.28458498023715,2.0186306000932
"3605515957",2019,"Monroe","Clarkson town","B03002_005","Native American (Non-Hispanic)",0,0.239977413890457
"3605515957",2019,"Monroe","Clarkson town","B03002_007","Pacific Islander (Non-Hispanic)",0,0.239977413890457
"3605515957",2019,"Monroe","Clarkson town","B03002_008","Other (Non-Hispanic)",0,0.239977413890457
"3605515957",2019,"Monroe","Clarkson town","B03002_009","Two or More Races (Non-Hispanic)",0.409373235460192,0.677582396675215
"3605572455",2019,"Monroe","Sweden town","B03002_003","White (Non-Hispanic)",86.2296711881258,2.09892339431112
"3605572455",2019,"Monroe","Sweden town","B03002_004","Black (Non-Hispanic)",3.70002130530502,0.951595019617366
"3605572455",2019,"Monroe","Sweden town","B03002_012","Hispanic or Latino (Any Race)",5.22690149847312,1.56944005768863
"3605572455",2019,"Monroe","Sweden town","B03002_006","Asian (Non-Hispanic)",2.0382075136709,0.951624231680886
"3605572455",2019,"Monroe","Sweden town","B03002_005","Native American (Non-Hispanic)",0.0426106100419004,0.0852211579756276
"3605572455",2019,"Monroe","Sweden town","B03002_007","Pacific Islander (Non-Hispanic)",0,0.134933598466018
"3605572455",2019,"Monroe","Sweden town","B03002_008","Other (Non-Hispanic)",0.298274270293303,0.27696802887096
"3605572455",2019,"Monroe","Sweden town","B03002_009","Two or More Races (Non-Hispanic)",2.46431361408991,1.06524863229497
"3606935551",2019,"Ontario","Hopewell town","B03002_003","White (Non-Hispanic)",86.2452523060228,3.99050565488584
"3606935551",2019,"Ontario","Hopewell town","B03002_004","Black (Non-Hispanic)",4.20510037981552,2.65862026722928
"3606935551",2019,"Ontario","Hopewell town","B03002_012","Hispanic or Latino (Any Race)",8.35594139989148,3.09248356897561
"3606935551",2019,"Ontario","Hopewell town","B03002_006","Asian (Non-Hispanic)",0,0.32555615843733
"3606935551",2019,"Ontario","Hopewell town","B03002_005","Native American (Non-Hispanic)",0.596852957135106,0.759624806177637
"3606935551",2019,"Ontario","Hopewell town","B03002_007","Pacific Islander (Non-Hispanic)",0,0.32555615843733
"3606935551",2019,"Ontario","Hopewell town","B03002_008","Other (Non-Hispanic)",0.379815518176886,0.596849746094686
"3606935551",2019,"Ontario","Hopewell town","B03002_009","Two or More Races (Non-Hispanic)",0.21703743895822,0.352684063917735
"3606961544",2019,"Ontario","Richmond town","B03002_003","White (Non-Hispanic)",88.4200800739144,6.15278103182846
"3606961544",2019,"Ontario","Richmond town","B03002_004","Black (Non-Hispanic)",1.10871573760394,1.72464779889342
"3606961544",2019,"Ontario","Richmond town","B03002_012","Hispanic or Latino (Any Race)",7.66861718509393,4.9580716063852
"3606961544",2019,"Ontario","Richmond town","B03002_006","Asian (Non-Hispanic)",0,0.369571912534647
"3606961544",2019,"Ontario","Richmond town","B03002_005","Native American (Non-Hispanic)",0,0.369571912534647
"3606961544",2019,"Ontario","Richmond town","B03002_007","Pacific Islander (Non-Hispanic)",0,0.369571912534647
"3606961544",2019,"Ontario","Richmond town","B03002_008","Other (Non-Hispanic)",0.523560209424084,0.769930931738089
"3606961544",2019,"Ontario","Richmond town","B03002_009","Two or More Races (Non-Hispanic)",2.27902679396366,3.29530283525604
"3603742037",2019,"Genesee","Le Roy town","B03002_003","White (Non-Hispanic)",93.4652928416486,2.55121691696774
"3603742037",2019,"Genesee","Le Roy town","B03002_004","Black (Non-Hispanic)",2.48101952277657,1.54550830725734
"3603742037",2019,"Genesee","Le Roy town","B03002_012","Hispanic or Latino (Any Race)",2.73861171366594,1.76242497696445
"3603742037",2019,"Genesee","Le Roy town","B03002_006","Asian (Non-Hispanic)",0.637201735357918,0.799885825493471
"3603742037",2019,"Genesee","Le Roy town","B03002_005","Native American (Non-Hispanic)",0,0.230477223427332
"3603742037",2019,"Genesee","Le Roy town","B03002_007","Pacific Islander (Non-Hispanic)",0,0.230477223427332
"3603742037",2019,"Genesee","Le Roy town","B03002_008","Other (Non-Hispanic)",0,0.230477223427332
"3603742037",2019,"Genesee","Le Roy town","B03002_009","Two or More Races (Non-Hispanic)",0.677874186550976,0.799885072679529
"3603770607",2019,"Genesee","Stafford town","B03002_003","White (Non-Hispanic)",91.7721518987342,1.52838000988071
"3603770607",2019,"Genesee","Stafford town","B03002_004","Black (Non-Hispanic)",1.49186256781193,1.89129296374796
"3603770607",2019,"Genesee","Stafford town","B03002_012","Hispanic or Latino (Any Race)",0.723327305605787,1.08193142772713
"3603770607",2019,"Genesee","Stafford town","B03002_006","Asian (Non-Hispanic)",0.678119349005425,0.81015497517308
"3603770607",2019,"Genesee","Stafford town","B03002_005","Native American (Non-Hispanic)",0.27124773960217,0.36037242816535
"3603770607",2019,"Genesee","Stafford town","B03002_007","Pacific Islander (Non-Hispanic)",0,0.54249547920434
"3603770607",2019,"Genesee","Stafford town","B03002_008","Other (Non-Hispanic)",0,0.54249547920434
"3603770607",2019,"Genesee","Stafford town","B03002_009","Two or More Races (Non-Hispanic)",5.06329113924051,5.84933110149734
"3603723756",2019,"Genesee","Elba town","B03002_003","White (Non-Hispanic)",80.9333333333333,11.6997418179338
"3603723756",2019,"Genesee","Elba town","B03002_004","Black (Non-Hispanic)",1.06666666666667,1.06083277068185
"3603723756",2019,"Genesee","Elba town","B03002_012","Hispanic or Latino (Any Race)",13.9555555555556,6.86928415208448
"3603723756",2019,"Genesee","Elba town","B03002_006","Asian (Non-Hispanic)",0,0.533333333333333
"3603723756",2019,"Genesee","Elba town","B03002_005","Native American (Non-Hispanic)",0,0.533333333333333
"3603723756",2019,"Genesee","Elba town","B03002_007","Pacific Islander (Non-Hispanic)",0,0.533333333333333
"3603723756",2019,"Genesee","Elba town","B03002_008","Other (Non-Hispanic)",0,0.533333333333333
"3603723756",2019,"Genesee","Elba town","B03002_009","Two or More Races (Non-Hispanic)",4.04444444444444,2.85783844269547
"3603704715",2019,"Genesee","Batavia city","B03002_003","White (Non-Hispanic)",84.4834682398134,2.251789754594
"3603704715",2019,"Genesee","Batavia city","B03002_004","Black (Non-Hispanic)",4.73315955549458,1.28272705913102
"3603704715",2019,"Genesee","Batavia city","B03002_012","Hispanic or Latino (Any Race)",4.61654547948964,1.17297151394882
"3603704715",2019,"Genesee","Batavia city","B03002_006","Asian (Non-Hispanic)",0.80943888050487,0.514471839254623
"3603704715",2019,"Genesee","Batavia city","B03002_005","Native American (Non-Hispanic)",0.144052682123748,0.144052453014562
"3603704715",2019,"Genesee","Batavia city","B03002_007","Pacific Islander (Non-Hispanic)",0,0.130333379064344
"3603704715",2019,"Genesee","Batavia city","B03002_008","Other (Non-Hispanic)",0.404719440252435,0.500754041427656
"3603704715",2019,"Genesee","Batavia city","B03002_009","Two or More Races (Non-Hispanic)",4.80861572232131,1.49537944078846
"3603757078",2019,"Genesee","Pembroke town","B03002_003","White (Non-Hispanic)",93.7111429937829,3.48342366693961
"3603757078",2019,"Genesee","Pembroke town","B03002_004","Black (Non-Hispanic)",1.07604017216643,1.26732468396312
"3603757078",2019,"Genesee","Pembroke town","B03002_012","Hispanic or Latino (Any Race)",0.645624103299857,0.669528257868739
"3603757078",2019,"Genesee","Pembroke town","B03002_006","Asian (Non-Hispanic)",0.430416068866571,0.502147428938477
"3603757078",2019,"Genesee","Pembroke town","B03002_005","Native American (Non-Hispanic)",0,0.286944045911047
"3603757078",2019,"Genesee","Pembroke town","B03002_007","Pacific Islander (Non-Hispanic)",0,0.286944045911047
"3603757078",2019,"Genesee","Pembroke town","B03002_008","Other (Non-Hispanic)",0,0.286944045911047
"3603757078",2019,"Genesee","Pembroke town","B03002_009","Two or More Races (Non-Hispanic)",4.13677666188427,3.0845785473755
"3603700474",2019,"Genesee","Alabama town","B03002_003","White (Non-Hispanic)",95.0107296137339,1.21984933807108
"3603700474",2019,"Genesee","Alabama town","B03002_004","Black (Non-Hispanic)",1.55579399141631,1.53814104365467
"3603700474",2019,"Genesee","Alabama town","B03002_012","Hispanic or Latino (Any Race)",1.28755364806867,1.32718305811761
"3603700474",2019,"Genesee","Alabama town","B03002_006","Asian (Non-Hispanic)",0,0.643776824034335
"3603700474",2019,"Genesee","Alabama town","B03002_005","Native American (Non-Hispanic)",0.375536480686695,0.316906835167894
"3603700474",2019,"Genesee","Alabama town","B03002_007","Pacific Islander (Non-Hispanic)",0,0.643776824034335
"3603700474",2019,"Genesee","Alabama town","B03002_008","Other (Non-Hispanic)",0,0.643776824034335
"3603700474",2019,"Genesee","Alabama town","B03002_009","Two or More Races (Non-Hispanic)",1.77038626609442,1.85875449360588
"3603711572",2019,"Genesee","Byron town","B03002_003","White (Non-Hispanic)",95.3808353808354,0.908141081033845
"3603711572",2019,"Genesee","Byron town","B03002_004","Black (Non-Hispanic)",1.08108108108108,1.42056187066259
"3603711572",2019,"Genesee","Byron town","B03002_012","Hispanic or Latino (Any Race)",1.27764127764128,1.32002475921677
"3603711572",2019,"Genesee","Byron town","B03002_006","Asian (Non-Hispanic)",1.03194103194103,1.27306745549507
"3603711572",2019,"Genesee","Byron town","B03002_005","Native American (Non-Hispanic)",0.294840294840295,0.490430501267789
"3603711572",2019,"Genesee","Byron town","B03002_007","Pacific Islander (Non-Hispanic)",0,0.58968058968059
"3603711572",2019,"Genesee","Byron town","B03002_008","Other (Non-Hispanic)",0,0.58968058968059
"3603711572",2019,"Genesee","Byron town","B03002_009","Two or More Races (Non-Hispanic)",0.933660933660934,1.27389839310779
"3603754166",2019,"Genesee","Oakfield town","B03002_003","White (Non-Hispanic)",94.6103896103896,2.63652005125034
"3603754166",2019,"Genesee","Oakfield town","B03002_004","Black (Non-Hispanic)",1.16883116883117,0.909004648325048
"3603754166",2019,"Genesee","Oakfield town","B03002_012","Hispanic or Latino (Any Race)",1.88311688311688,1.29854456299766
"3603754166",2019,"Genesee","Oakfield town","B03002_006","Asian (Non-Hispanic)",0.38961038961039,0.486995096411386
"3603754166",2019,"Genesee","Oakfield town","B03002_005","Native American (Non-Hispanic)",0.551948051948052,0.649323720204268
"3603754166",2019,"Genesee","Oakfield town","B03002_007","Pacific Islander (Non-Hispanic)",0,0.38961038961039
"3603754166",2019,"Genesee","Oakfield town","B03002_008","Other (Non-Hispanic)",0,0.38961038961039
"3603754166",2019,"Genesee","Oakfield town","B03002_009","Two or More Races (Non-Hispanic)",1.3961038961039,1.59083876810748
"3603706266",2019,"Genesee","Bethany town","B03002_003","White (Non-Hispanic)",86.2032648762507,3.73947041220169
"3603706266",2019,"Genesee","Bethany town","B03002_004","Black (Non-Hispanic)",1.84307530279094,3.09785997894347
"3603706266",2019,"Genesee","Bethany town","B03002_012","Hispanic or Latino (Any Race)",10.3212216956293,7.73334990708412
"3603706266",2019,"Genesee","Bethany town","B03002_006","Asian (Non-Hispanic)",0,0.631911532385466
"3603706266",2019,"Genesee","Bethany town","B03002_005","Native American (Non-Hispanic)",0.579252238020011,0.839254965655109
"3603706266",2019,"Genesee","Bethany town","B03002_007","Pacific Islander (Non-Hispanic)",0,0.631911532385466
"3603706266",2019,"Genesee","Bethany town","B03002_008","Other (Non-Hispanic)",0,0.631911532385466
"3603706266",2019,"Genesee","Bethany town","B03002_009","Two or More Races (Non-Hispanic)",1.05318588730911,1.04445600402278
"3603706057",2019,"Genesee","Bergen town","B03002_003","White (Non-Hispanic)",93.220910623946,3.47922193348297
"3603706057",2019,"Genesee","Bergen town","B03002_004","Black (Non-Hispanic)",0.573355817875211,0.809433321115625
"3603706057",2019,"Genesee","Bergen town","B03002_012","Hispanic or Latino (Any Race)",1.65261382799325,1.21410884123097
"3603706057",2019,"Genesee","Bergen town","B03002_006","Asian (Non-Hispanic)",0.640809443507589,1.01179420507507
"3603706057",2019,"Genesee","Bergen town","B03002_005","Native American (Non-Hispanic)",0.0337268128161889,0.0674532026659799
"3603706057",2019,"Genesee","Bergen town","B03002_007","Pacific Islander (Non-Hispanic)",0,0.404721753794266
"3603706057",2019,"Genesee","Bergen town","B03002_008","Other (Non-Hispanic)",0,0.404721753794266
"3603706057",2019,"Genesee","Bergen town","B03002_009","Two or More Races (Non-Hispanic)",3.87858347386172,3.20392945299322
"3612306002",2019,"Yates","Benton town","B03002_003","White (Non-Hispanic)",91.4985590778098,5.29314414051246
"3612306002",2019,"Yates","Benton town","B03002_004","Black (Non-Hispanic)",1.76512968299712,1.58492142883063
"3612306002",2019,"Yates","Benton town","B03002_012","Hispanic or Latino (Any Race)",5.04322766570605,4.50261466798261
"3612306002",2019,"Yates","Benton town","B03002_006","Asian (Non-Hispanic)",0.432276657060519,0.684425126602929
"3612306002",2019,"Yates","Benton town","B03002_005","Native American (Non-Hispanic)",0,0.432276657060519
"3612306002",2019,"Yates","Benton town","B03002_007","Pacific Islander (Non-Hispanic)",0,0.432276657060519
"3612306002",2019,"Yates","Benton town","B03002_008","Other (Non-Hispanic)",0,0.432276657060519
"3612306002",2019,"Yates","Benton town","B03002_009","Two or More Races (Non-Hispanic)",1.26080691642651,1.36882115186108
"3612370816",2019,"Yates","Starkey town","B03002_003","White (Non-Hispanic)",94.7052089295936,2.27680157283303
"3612370816",2019,"Yates","Starkey town","B03002_004","Black (Non-Hispanic)",1.20206067544362,0.944437082080492
"3612370816",2019,"Yates","Starkey town","B03002_012","Hispanic or Latino (Any Race)",0.944476244991414,1.05893665094652
"3612370816",2019,"Yates","Starkey town","B03002_006","Asian (Non-Hispanic)",0.372066399542072,0.457920137949914
"3612370816",2019,"Yates","Starkey town","B03002_005","Native American (Non-Hispanic)",0.114481969089868,0.200341771330441
"3612370816",2019,"Yates","Starkey town","B03002_007","Pacific Islander (Non-Hispanic)",0,0.343445907269605
"3612370816",2019,"Yates","Starkey town","B03002_008","Other (Non-Hispanic)",0.915855752718947,1.28790548088015
"3612370816",2019,"Yates","Starkey town","B03002_009","Two or More Races (Non-Hispanic)",1.74585002862049,1.40234848565502
"3612375055",2019,"Yates","Torrey town","B03002_003","White (Non-Hispanic)",94.0579710144928,3.84870259231186
"3612375055",2019,"Yates","Torrey town","B03002_004","Black (Non-Hispanic)",0,0.869565217391304
"3612375055",2019,"Yates","Torrey town","B03002_012","Hispanic or Latino (Any Race)",2.97101449275362,2.49753589842621
"3612375055",2019,"Yates","Torrey town","B03002_006","Asian (Non-Hispanic)",0.144927536231884,0.216322623567487
"3612375055",2019,"Yates","Torrey town","B03002_005","Native American (Non-Hispanic)",0,0.869565217391304
"3612375055",2019,"Yates","Torrey town","B03002_007","Pacific Islander (Non-Hispanic)",0,0.869565217391304
"3612375055",2019,"Yates","Torrey town","B03002_008","Other (Non-Hispanic)",0.72463768115942,1.008765584108
"3612375055",2019,"Yates","Torrey town","B03002_009","Two or More Races (Non-Hispanic)",2.10144927536232,1.93145698245658
"3607383448",2019,"Orleans","Yates town","B03002_003","White (Non-Hispanic)",94.4487881157154,2.8828252152874
"3607383448",2019,"Orleans","Yates town","B03002_004","Black (Non-Hispanic)",0.547302580140735,0.741968585788782
"3607383448",2019,"Orleans","Yates town","B03002_012","Hispanic or Latino (Any Race)",2.30648944487881,2.30191642706171
"3607383448",2019,"Orleans","Yates town","B03002_006","Asian (Non-Hispanic)",0,0.469116497263487
"3607383448",2019,"Orleans","Yates town","B03002_005","Native American (Non-Hispanic)",1.17279124315872,1.44455782574407
"3607383448",2019,"Orleans","Yates town","B03002_007","Pacific Islander (Non-Hispanic)",0,0.469116497263487
"3607383448",2019,"Orleans","Yates town","B03002_008","Other (Non-Hispanic)",0,0.469116497263487
"3607383448",2019,"Orleans","Yates town","B03002_009","Two or More Races (Non-Hispanic)",1.52462861610633,1.75656771544407
"3607339188",2019,"Orleans","Kendall town","B03002_003","White (Non-Hispanic)",96.5160796324655,2.43061283537355
"3607339188",2019,"Orleans","Kendall town","B03002_004","Black (Non-Hispanic)",0,0.459418070444104
"3607339188",2019,"Orleans","Kendall town","B03002_012","Hispanic or Latino (Any Race)",2.22052067381317,2.6798330301219
"3607339188",2019,"Orleans","Kendall town","B03002_006","Asian (Non-Hispanic)",0,0.459418070444104
"3607339188",2019,"Orleans","Kendall town","B03002_005","Native American (Non-Hispanic)",0.459418070444104,0.497678542970001
"3607339188",2019,"Orleans","Kendall town","B03002_007","Pacific Islander (Non-Hispanic)",0,0.459418070444104
"3607339188",2019,"Orleans","Kendall town","B03002_008","Other (Non-Hispanic)",0,0.459418070444104
"3607339188",2019,"Orleans","Kendall town","B03002_009","Two or More Races (Non-Hispanic)",0.803981623277182,0.918795720223638
"3607315880",2019,"Orleans","Clarendon town","B03002_003","White (Non-Hispanic)",95.381984036488,2.0603134024275
"3607315880",2019,"Orleans","Clarendon town","B03002_004","Black (Non-Hispanic)",0.798175598631699,0.769654495709423
"3607315880",2019,"Orleans","Clarendon town","B03002_012","Hispanic or Latino (Any Race)",0.456100342075257,0.570118889633463
"3607315880",2019,"Orleans","Clarendon town","B03002_006","Asian (Non-Hispanic)",0.912200684150513,0.969197843439318
"3607315880",2019,"Orleans","Clarendon town","B03002_005","Native American (Non-Hispanic)",0.48460661345496,0.627131260588245
"3607315880",2019,"Orleans","Clarendon town","B03002_007","Pacific Islander (Non-Hispanic)",0,0.342075256556442
"3607315880",2019,"Orleans","Clarendon town","B03002_008","Other (Non-Hispanic)",0,0.342075256556442
"3607315880",2019,"Orleans","Clarendon town","B03002_009","Two or More Races (Non-Hispanic)",1.96693272519954,1.62481480490869
"3607327958",2019,"Orleans","Gaines town","B03002_003","White (Non-Hispanic)",87.0917085427136,6.06582821204895
"3607327958",2019,"Orleans","Gaines town","B03002_004","Black (Non-Hispanic)",6.75251256281407,5.18196942672521
"3607327958",2019,"Orleans","Gaines town","B03002_012","Hispanic or Latino (Any Race)",2.26130653266332,2.04140280520918
"3607327958",2019,"Orleans","Gaines town","B03002_006","Asian (Non-Hispanic)",0.596733668341708,0.596720689147208
"3607327958",2019,"Orleans","Gaines town","B03002_005","Native American (Non-Hispanic)",0.0628140703517588,0.157034629391989
"3607327958",2019,"Orleans","Gaines town","B03002_007","Pacific Islander (Non-Hispanic)",0,0.376884422110553
"3607327958",2019,"Orleans","Gaines town","B03002_008","Other (Non-Hispanic)",0,0.376884422110553
"3607327958",2019,"Orleans","Gaines town","B03002_009","Two or More Races (Non-Hispanic)",3.23492462311558,3.58033843849005
"3607300000",2019,"Orleans","County subdivisions not defined","B03002_003","White (Non-Hispanic)",0,0
"3607300000",2019,"Orleans","County subdivisions not defined","B03002_004","Black (Non-Hispanic)",0,0
"3607300000",2019,"Orleans","County subdivisions not defined","B03002_012","Hispanic or Latino (Any Race)",0,0
"3607300000",2019,"Orleans","County subdivisions not defined","B03002_006","Asian (Non-Hispanic)",0,0
"3607300000",2019,"Orleans","County subdivisions not defined","B03002_005","Native American (Non-Hispanic)",0,0
"3607300000",2019,"Orleans","County subdivisions not defined","B03002_007","Pacific Islander (Non-Hispanic)",0,0
"3607300000",2019,"Orleans","County subdivisions not defined","B03002_008","Other (Non-Hispanic)",0,0
"3607300000",2019,"Orleans","County subdivisions not defined","B03002_009","Two or More Races (Non-Hispanic)",0,0
"3609978564",2019,"Seneca","Waterloo town","B03002_003","White (Non-Hispanic)",92.3795343800758,1.92244075877407
"3609978564",2019,"Seneca","Waterloo town","B03002_004","Black (Non-Hispanic)",1.51597184623714,1.13697288549279
"3609978564",2019,"Seneca","Waterloo town","B03002_012","Hispanic or Latino (Any Race)",2.32809962100704,1.05575087018993
"3609978564",2019,"Seneca","Waterloo town","B03002_006","Asian (Non-Hispanic)",0.703844071467244,0.446666984359363
"3609978564",2019,"Seneca","Waterloo town","B03002_005","Native American (Non-Hispanic)",0.33838657282079,0.514346929946909
"3609978564",2019,"Seneca","Waterloo town","B03002_007","Pacific Islander (Non-Hispanic)",0,0.230102869518138
"3609978564",2019,"Seneca","Waterloo town","B03002_008","Other (Non-Hispanic)",0,0.230102869518138
"3609978564",2019,"Seneca","Waterloo town","B03002_009","Two or More Races (Non-Hispanic)",2.73416350839199,1.3535298989896
"3609966333",2019,"Seneca","Seneca Falls town","B03002_003","White (Non-Hispanic)",89.7753324163228,2.39548839326475
"3609966333",2019,"Seneca","Seneca Falls town","B03002_004","Black (Non-Hispanic)",2.73956900504356,1.81108142572336
"3609966333",2019,"Seneca","Seneca Falls town","B03002_012","Hispanic or Latino (Any Race)",3.61072902338377,1.42133446830519
"3609966333",2019,"Seneca","Seneca Falls town","B03002_006","Asian (Non-Hispanic)",2.36130215497478,0.550171107660042
"3609966333",2019,"Seneca","Seneca Falls town","B03002_005","Native American (Non-Hispanic)",0.745071068317286,0.710680458202019
"3609966333",2019,"Seneca","Seneca Falls town","B03002_007","Pacific Islander (Non-Hispanic)",0,0.194864740944521
"3609966333",2019,"Seneca","Seneca Falls town","B03002_008","Other (Non-Hispanic)",0.0229252636405319,0.0343878423457254
"3609966333",2019,"Seneca","Seneca Falls town","B03002_009","Two or More Races (Non-Hispanic)",0.745071068317286,0.550202820939599
"3609925505",2019,"Seneca","Fayette town","B03002_003","White (Non-Hispanic)",96.6657915463376,2.54754494935653
"3609925505",2019,"Seneca","Fayette town","B03002_004","Black (Non-Hispanic)",0.0262536098713573,0.0525069370020482
"3609925505",2019,"Seneca","Fayette town","B03002_012","Hispanic or Latino (Any Race)",3.07167235494881,2.4940114537834
"3609925505",2019,"Seneca","Fayette town","B03002_006","Asian (Non-Hispanic)",0,0.315043318456288
"3609925505",2019,"Seneca","Fayette town","B03002_005","Native American (Non-Hispanic)",0,0.315043318456288
"3609925505",2019,"Seneca","Fayette town","B03002_007","Pacific Islander (Non-Hispanic)",0,0.315043318456288
"3609925505",2019,"Seneca","Fayette town","B03002_008","Other (Non-Hispanic)",0,0.315043318456288
"3609925505",2019,"Seneca","Fayette town","B03002_009","Two or More Races (Non-Hispanic)",0.236282488842216,0.367547266479824
"3612338044",2019,"Yates","Italy town","B03002_003","White (Non-Hispanic)",95.112016293279,21.7563273913499
"3612338044",2019,"Yates","Italy town","B03002_004","Black (Non-Hispanic)",0,1.22199592668024
"3612338044",2019,"Yates","Italy town","B03002_012","Hispanic or Latino (Any Race)",2.64765784114053,4.04983391522931
"3612338044",2019,"Yates","Italy town","B03002_006","Asian (Non-Hispanic)",0,1.22199592668024
"3612338044",2019,"Yates","Italy town","B03002_005","Native American (Non-Hispanic)",0,1.22199592668024
"3612338044",2019,"Yates","Italy town","B03002_007","Pacific Islander (Non-Hispanic)",0.610997963340122,1.01332918207388
"3612338044",2019,"Yates","Italy town","B03002_008","Other (Non-Hispanic)",0,1.22199592668024
"3612338044",2019,"Yates","Italy town","B03002_009","Two or More Races (Non-Hispanic)",1.62932790224033,2.12153342169937
"3612338583",2019,"Yates","Jerusalem town","B03002_003","White (Non-Hispanic)",93.8025675077468,2.70972454693113
"3612338583",2019,"Yates","Jerusalem town","B03002_004","Black (Non-Hispanic)",0.818946436476317,0.730401767713038
"3612338583",2019,"Yates","Jerusalem town","B03002_012","Hispanic or Latino (Any Race)",3.05444887118194,2.2575914813533
"3612338583",2019,"Yates","Jerusalem town","B03002_006","Asian (Non-Hispanic)",1.57149181053564,1.17306269475123
"3612338583",2019,"Yates","Jerusalem town","B03002_005","Native American (Non-Hispanic)",0.376272687029659,0.44267029451504
"3612338583",2019,"Yates","Jerusalem town","B03002_007","Pacific Islander (Non-Hispanic)",0,0.265604249667995
"3612338583",2019,"Yates","Jerusalem town","B03002_008","Other (Non-Hispanic)",0,0.265604249667995
"3612338583",2019,"Yates","Jerusalem town","B03002_009","Two or More Races (Non-Hispanic)",0.376272687029659,0.531205620229741
"3612347020",2019,"Yates","Middlesex town","B03002_003","White (Non-Hispanic)",93.3765298776098,16.8063197206085
"3612347020",2019,"Yates","Middlesex town","B03002_004","Black (Non-Hispanic)",1.51187904967603,1.35378670872641
"3612347020",2019,"Yates","Middlesex town","B03002_012","Hispanic or Latino (Any Race)",2.30381569474442,2.06637703384248
"3612347020",2019,"Yates","Middlesex town","B03002_006","Asian (Non-Hispanic)",0.575953923686105,0.788411611967713
"3612347020",2019,"Yates","Middlesex town","B03002_005","Native American (Non-Hispanic)",0,0.863930885529158
"3612347020",2019,"Yates","Middlesex town","B03002_007","Pacific Islander (Non-Hispanic)",0,0.863930885529158
"3612347020",2019,"Yates","Middlesex town","B03002_008","Other (Non-Hispanic)",0,0.863930885529158
"3612347020",2019,"Yates","Middlesex town","B03002_009","Two or More Races (Non-Hispanic)",2.23182145428366,2.86520929655225
"3609975902",2019,"Seneca","Tyre town","B03002_003","White (Non-Hispanic)",97.8401727861771,2.50215683937147
"3609975902",2019,"Seneca","Tyre town","B03002_004","Black (Non-Hispanic)",1.61987041036717,2.47869482129604
"3609975902",2019,"Seneca","Tyre town","B03002_012","Hispanic or Latino (Any Race)",0,1.29589632829374
"3609975902",2019,"Seneca","Tyre town","B03002_006","Asian (Non-Hispanic)",0,1.29589632829374
"3609975902",2019,"Seneca","Tyre town","B03002_005","Native American (Non-Hispanic)",0.539956803455723,0.64577176484293
"3609975902",2019,"Seneca","Tyre town","B03002_007","Pacific Islander (Non-Hispanic)",0,1.29589632829374
"3609975902",2019,"Seneca","Tyre town","B03002_008","Other (Non-Hispanic)",0,1.29589632829374
"3609975902",2019,"Seneca","Tyre town","B03002_009","Two or More Races (Non-Hispanic)",0,1.29589632829374
"3609943225",2019,"Seneca","Lodi town","B03002_003","White (Non-Hispanic)",98.3699059561129,2.22773810831586
"3609943225",2019,"Seneca","Lodi town","B03002_004","Black (Non-Hispanic)",0.564263322884012,0.938536503218742
"3609943225",2019,"Seneca","Lodi town","B03002_012","Hispanic or Latino (Any Race)",0.250783699059561,0.312351404456435
"3609943225",2019,"Seneca","Lodi town","B03002_006","Asian (Non-Hispanic)",0.250783699059561,0.438066313971871
"3609943225",2019,"Seneca","Lodi town","B03002_005","Native American (Non-Hispanic)",0.188087774294671,0.375647276504083
"3609943225",2019,"Seneca","Lodi town","B03002_007","Pacific Islander (Non-Hispanic)",0,0.752351097178683
"3609943225",2019,"Seneca","Lodi town","B03002_008","Other (Non-Hispanic)",0,0.752351097178683
"3609943225",2019,"Seneca","Lodi town","B03002_009","Two or More Races (Non-Hispanic)",0.376175548589342,0.437057778878132
"3609963440",2019,"Seneca","Romulus town","B03002_003","White (Non-Hispanic)",59.4760443710172,4.5105659305019
"3609963440",2019,"Seneca","Romulus town","B03002_004","Black (Non-Hispanic)",28.8647628038707,4.21940538748606
"3609963440",2019,"Seneca","Romulus town","B03002_012","Hispanic or Latino (Any Race)",8.75619542128865,1.98149943193415
"3609963440",2019,"Seneca","Romulus town","B03002_006","Asian (Non-Hispanic)",0,0.283219258909606
"3609963440",2019,"Seneca","Romulus town","B03002_005","Native American (Non-Hispanic)",0.566438517819212,0.519218768411706
"3609963440",2019,"Seneca","Romulus town","B03002_007","Pacific Islander (Non-Hispanic)",0.0708048147274015,0.118006887461541
"3609963440",2019,"Seneca","Romulus town","B03002_008","Other (Non-Hispanic)",0.188812839273071,0.2360120061104
"3609963440",2019,"Seneca","Romulus town","B03002_009","Two or More Races (Non-Hispanic)",2.07694123200378,1.20358592566053
"3609938858",2019,"Seneca","Junius town","B03002_003","White (Non-Hispanic)",96.7804249839021,4.07973755100997
"3609938858",2019,"Seneca","Junius town","B03002_004","Black (Non-Hispanic)",0,0.77269800386349
"3609938858",2019,"Seneca","Junius town","B03002_012","Hispanic or Latino (Any Race)",2.51126851255634,2.10850883783244
"3609938858",2019,"Seneca","Junius town","B03002_006","Asian (Non-Hispanic)",0.193174500965873,0.385816622299605
"3609938858",2019,"Seneca","Junius town","B03002_005","Native American (Non-Hispanic)",0,0.77269800386349
"3609938858",2019,"Seneca","Junius town","B03002_007","Pacific Islander (Non-Hispanic)",0,0.77269800386349
"3609938858",2019,"Seneca","Junius town","B03002_008","Other (Non-Hispanic)",0,0.77269800386349
"3609938858",2019,"Seneca","Junius town","B03002_009","Two or More Races (Non-Hispanic)",0.51513200257566,0.576995855717239
"3609976958",2019,"Seneca","Varick town","B03002_003","White (Non-Hispanic)",93.859649122807,2.677416589186
"3609976958",2019,"Seneca","Varick town","B03002_004","Black (Non-Hispanic)",0.350877192982456,0.466533999722507
"3609976958",2019,"Seneca","Varick town","B03002_012","Hispanic or Latino (Any Race)",4.09356725146199,4.07328787349468
"3609976958",2019,"Seneca","Varick town","B03002_006","Asian (Non-Hispanic)",0,0.701754385964912
"3609976958",2019,"Seneca","Varick town","B03002_005","Native American (Non-Hispanic)",0.175438596491228,0.233266999861254
"3609976958",2019,"Seneca","Varick town","B03002_007","Pacific Islander (Non-Hispanic)",0,0.701754385964912
"3609976958",2019,"Seneca","Varick town","B03002_008","Other (Non-Hispanic)",0.467836257309942,0.993063496739568
"3609976958",2019,"Seneca","Varick town","B03002_009","Two or More Races (Non-Hispanic)",1.05263157894737,1.22360338304189
"3609955827",2019,"Seneca","Ovid town","B03002_003","White (Non-Hispanic)",94.7502116850127,2.89609974763392
"3609955827",2019,"Seneca","Ovid town","B03002_004","Black (Non-Hispanic)",0.973751058425063,0.928518854188596
"3609955827",2019,"Seneca","Ovid town","B03002_012","Hispanic or Latino (Any Race)",2.20152413209145,1.34458726758305
"3609955827",2019,"Seneca","Ovid town","B03002_006","Asian (Non-Hispanic)",0,0.508044030482642
"3609955827",2019,"Seneca","Ovid town","B03002_005","Native American (Non-Hispanic)",0.550381033022862,0.718532938653156
"3609955827",2019,"Seneca","Ovid town","B03002_007","Pacific Islander (Non-Hispanic)",0,0.508044030482642
"3609955827",2019,"Seneca","Ovid town","B03002_008","Other (Non-Hispanic)",0,0.508044030482642
"3609955827",2019,"Seneca","Ovid town","B03002_009","Two or More Races (Non-Hispanic)",1.52413209144793,1.51979807306918
"3609928640",2019,"Seneca","Geneva city","B03002_003","White (Non-Hispanic)",0,0
"3609928640",2019,"Seneca","Geneva city","B03002_004","Black (Non-Hispanic)",0,0
"3609928640",2019,"Seneca","Geneva city","B03002_012","Hispanic or Latino (Any Race)",0,0
"3609928640",2019,"Seneca","Geneva city","B03002_006","Asian (Non-Hispanic)",0,0
"3609928640",2019,"Seneca","Geneva city","B03002_005","Native American (Non-Hispanic)",0,0
"3609928640",2019,"Seneca","Geneva city","B03002_007","Pacific Islander (Non-Hispanic)",0,0
"3609928640",2019,"Seneca","Geneva city","B03002_008","Other (Non-Hispanic)",0,0
"3609928640",2019,"Seneca","Geneva city","B03002_009","Two or More Races (Non-Hispanic)",0,0
"3606968660",2019,"Ontario","South Bristol town","B03002_003","White (Non-Hispanic)",97.1048060220035,2.30999784047093
"3606968660",2019,"Ontario","South Bristol town","B03002_004","Black (Non-Hispanic)",0.231615518239722,0.346700596432797
"3606968660",2019,"Ontario","South Bristol town","B03002_012","Hispanic or Latino (Any Race)",0.752750434279097,0.574445349047622
"3606968660",2019,"Ontario","South Bristol town","B03002_006","Asian (Non-Hispanic)",0.463231036479444,0.461060161822895
"3606968660",2019,"Ontario","South Bristol town","B03002_005","Native American (Non-Hispanic)",0.231615518239722,0.346700596432797
"3606968660",2019,"Ontario","South Bristol town","B03002_007","Pacific Islander (Non-Hispanic)",0,0.694846554719166
"3606968660",2019,"Ontario","South Bristol town","B03002_008","Other (Non-Hispanic)",0,0.694846554719166
"3606968660",2019,"Ontario","South Bristol town","B03002_009","Two or More Races (Non-Hispanic)",1.21598147075854,1.03561586684433
"3606912144",2019,"Ontario","Canandaigua city","B03002_003","White (Non-Hispanic)",93.9340915718869,2.00219562484963
"3606912144",2019,"Ontario","Canandaigua city","B03002_004","Black (Non-Hispanic)",1.23456790123457,0.583254449821749
"3606912144",2019,"Ontario","Canandaigua city","B03002_012","Hispanic or Latino (Any Race)",2.6538349372995,1.33176587859109
"3606912144",2019,"Ontario","Canandaigua city","B03002_006","Asian (Non-Hispanic)",0.641586468358122,0.573537777392627
"3606912144",2019,"Ontario","Canandaigua city","B03002_005","Native American (Non-Hispanic)",0.583260425780111,0.81656364335607
"3606912144",2019,"Ontario","Canandaigua city","B03002_007","Pacific Islander (Non-Hispanic)",0,0.184699134830368
"3606912144",2019,"Ontario","Canandaigua city","B03002_008","Other (Non-Hispanic)",0.408282298046078,0.592980790013894
"3606912144",2019,"Ontario","Canandaigua city","B03002_009","Two or More Races (Non-Hispanic)",0.54437639739477,0.466606888229444
"3606925406",2019,"Ontario","Farmington town","B03002_003","White (Non-Hispanic)",88.6053906723198,2.4500849193828
"3606925406",2019,"Ontario","Farmington town","B03002_004","Black (Non-Hispanic)",3.20260448213204,1.62779548129952
"3606925406",2019,"Ontario","Farmington town","B03002_012","Hispanic or Latino (Any Race)",5.34524530587523,1.82463718510434
"3606925406",2019,"Ontario","Farmington town","B03002_006","Asian (Non-Hispanic)",1.05996365838886,1.01453561607387
"3606925406",2019,"Ontario","Farmington town","B03002_005","Native American (Non-Hispanic)",0,0.143852210781345
"3606925406",2019,"Ontario","Farmington town","B03002_007","Pacific Islander (Non-Hispanic)",0.0984251968503937,0.181708006215351
"3606925406",2019,"Ontario","Farmington town","B03002_008","Other (Non-Hispanic)",0.257419745608722,0.423985318220021
"3606925406",2019,"Ontario","Farmington town","B03002_009","Two or More Races (Non-Hispanic)",1.43095093882495,0.825255115644407
"3606912100",2019,"Ontario","Canadice town","B03002_003","White (Non-Hispanic)",94.4174757281553,21.0413252105072
"3606912100",2019,"Ontario","Canadice town","B03002_004","Black (Non-Hispanic)",0,0.728155339805825
"3606912100",2019,"Ontario","Canadice town","B03002_012","Hispanic or Latino (Any Race)",4.1868932038835,3.63637754822684
"3606912100",2019,"Ontario","Canadice town","B03002_006","Asian (Non-Hispanic)",0,0.728155339805825
"3606912100",2019,"Ontario","Canadice town","B03002_005","Native American (Non-Hispanic)",0,0.728155339805825
"3606912100",2019,"Ontario","Canadice town","B03002_007","Pacific Islander (Non-Hispanic)",0,0.728155339805825
"3606912100",2019,"Ontario","Canadice town","B03002_008","Other (Non-Hispanic)",0.849514563106796,1.38857009677664
"3606912100",2019,"Ontario","Canadice town","B03002_009","Two or More Races (Non-Hispanic)",0.546116504854369,0.783668380202652
"3606957529",2019,"Ontario","Phelps town","B03002_003","White (Non-Hispanic)",93.1904345290172,3.63716261839417
"3606957529",2019,"Ontario","Phelps town","B03002_004","Black (Non-Hispanic)",1.42898804316127,1.32691216793787
"3606957529",2019,"Ontario","Phelps town","B03002_012","Hispanic or Latino (Any Race)",4.02449693788276,2.71214041010736
"3606957529",2019,"Ontario","Phelps town","B03002_006","Asian (Non-Hispanic)",0.962379702537183,1.22484428959471
"3606957529",2019,"Ontario","Phelps town","B03002_005","Native American (Non-Hispanic)",0,0.247885680956547
"3606957529",2019,"Ontario","Phelps town","B03002_007","Pacific Islander (Non-Hispanic)",0,0.247885680956547
"3606957529",2019,"Ontario","Phelps town","B03002_008","Other (Non-Hispanic)",0.174978127734033,0.262466789798312
"3606957529",2019,"Ontario","Phelps town","B03002_009","Two or More Races (Non-Hispanic)",0.218722659667542,0.27704810747158
"3606928640",2019,"Ontario","Geneva city","B03002_003","White (Non-Hispanic)",69.7348869946039,3.19409003247755
"3606928640",2019,"Ontario","Geneva city","B03002_004","Black (Non-Hispanic)",8.20364432626887,1.84551730079666
"3606928640",2019,"Ontario","Geneva city","B03002_012","Hispanic or Latino (Any Race)",14.8666614530382,2.18160579695743
"3606928640",2019,"Ontario","Geneva city","B03002_006","Asian (Non-Hispanic)",3.65996715414092,1.21995678425709
"3606928640",2019,"Ontario","Geneva city","B03002_005","Native American (Non-Hispanic)",0.38320168921561,0.383200563097054
"3606928640",2019,"Ontario","Geneva city","B03002_007","Pacific Islander (Non-Hispanic)",0,0.148588410104012
"3606928640",2019,"Ontario","Geneva city","B03002_008","Other (Non-Hispanic)",0,0.148588410104012
"3606928640",2019,"Ontario","Geneva city","B03002_009","Two or More Races (Non-Hispanic)",3.15163838273246,1.39983838003368
"3606966289",2019,"Ontario","Seneca town","B03002_003","White (Non-Hispanic)",94.3949517446177,3.58861331171838
"3606966289",2019,"Ontario","Seneca town","B03002_004","Black (Non-Hispanic)",0.66815144766147,0.853738660953178
"3606966289",2019,"Ontario","Seneca town","B03002_012","Hispanic or Latino (Any Race)",3.52635486265776,3.2664423928529
"3606966289",2019,"Ontario","Seneca town","B03002_006","Asian (Non-Hispanic)",1.11358574610245,1.07644328488743
"3606966289",2019,"Ontario","Seneca town","B03002_005","Native American (Non-Hispanic)",0.296956198960653,0.37119051873705
"3606966289",2019,"Ontario","Seneca town","B03002_007","Pacific Islander (Non-Hispanic)",0,0.44543429844098
"3606966289",2019,"Ontario","Seneca town","B03002_008","Other (Non-Hispanic)",0,0.44543429844098
"3606966289",2019,"Ontario","Seneca town","B03002_009","Two or More Races (Non-Hispanic)",0,0.44543429844098
"3607366751",2019,"Orleans","Shelby town","B03002_003","White (Non-Hispanic)",81.4603424522732,4.95905823099488
"3607366751",2019,"Orleans","Shelby town","B03002_004","Black (Non-Hispanic)",5.13678409761858,3.01108520714144
"3607366751",2019,"Orleans","Shelby town","B03002_012","Hispanic or Latino (Any Race)",11.0608148002362,4.3884765434107
"3607366751",2019,"Orleans","Shelby town","B03002_006","Asian (Non-Hispanic)",0.393623302499508,0.413298775398026
"3607366751",2019,"Orleans","Shelby town","B03002_005","Native American (Non-Hispanic)",0.47234796299941,0.452659313823753
"3607366751",2019,"Orleans","Shelby town","B03002_007","Pacific Islander (Non-Hispanic)",0,0.334579807124582
"3607366751",2019,"Orleans","Shelby town","B03002_008","Other (Non-Hispanic)",0,0.334579807124582
"3607366751",2019,"Orleans","Shelby town","B03002_009","Two or More Races (Non-Hispanic)",1.47608738437315,1.10211522919609
"3607304572",2019,"Orleans","Barre town","B03002_003","White (Non-Hispanic)",94.5197740112994,2.3634367789004
"3607304572",2019,"Orleans","Barre town","B03002_004","Black (Non-Hispanic)",2.03389830508475,1.85543286436104
"3607304572",2019,"Orleans","Barre town","B03002_012","Hispanic or Latino (Any Race)",1.24293785310734,1.4646769823321
"3607304572",2019,"Orleans","Barre town","B03002_006","Asian (Non-Hispanic)",0.282485875706215,0.50784097999125
"3607304572",2019,"Orleans","Barre town","B03002_005","Native American (Non-Hispanic)",0.790960451977401,0.674232596662897
"3607304572",2019,"Orleans","Barre town","B03002_007","Pacific Islander (Non-Hispanic)",0,0.677966101694915
"3607304572",2019,"Orleans","Barre town","B03002_008","Other (Non-Hispanic)",0,0.677966101694915
"3607304572",2019,"Orleans","Barre town","B03002_009","Two or More Races (Non-Hispanic)",1.12994350282486,1.52204290752148
"3607312496",2019,"Orleans","Carlton town","B03002_003","White (Non-Hispanic)",92.3344947735192,3.88434919379319
"3607312496",2019,"Orleans","Carlton town","B03002_004","Black (Non-Hispanic)",4.00696864111498,3.20545329418063
"3607312496",2019,"Orleans","Carlton town","B03002_012","Hispanic or Latino (Any Race)",1.46341463414634,1.28915827072428
"3607312496",2019,"Orleans","Carlton town","B03002_006","Asian (Non-Hispanic)",0,0.418118466898955
"3607312496",2019,"Orleans","Carlton town","B03002_005","Native American (Non-Hispanic)",0.731707317073171,0.975596431078792
"3607312496",2019,"Orleans","Carlton town","B03002_007","Pacific Islander (Non-Hispanic)",0,0.418118466898955
"3607312496",2019,"Orleans","Carlton town","B03002_008","Other (Non-Hispanic)",0,0.418118466898955
"3607312496",2019,"Orleans","Carlton town","B03002_009","Two or More Races (Non-Hispanic)",1.46341463414634,1.77697422149314
"3606908378",2019,"Ontario","Bristol town","B03002_003","White (Non-Hispanic)",97.7059925093633,2.00414223786383
"3606908378",2019,"Ontario","Bristol town","B03002_004","Black (Non-Hispanic)",0.327715355805243,0.514500535450562
"3606908378",2019,"Ontario","Bristol town","B03002_012","Hispanic or Latino (Any Race)",0.936329588014981,0.840296090218615
"3606908378",2019,"Ontario","Bristol town","B03002_006","Asian (Non-Hispanic)",0.234082397003745,0.467895040308063
"3606908378",2019,"Ontario","Bristol town","B03002_005","Native American (Non-Hispanic)",0,0.561797752808989
"3606908378",2019,"Ontario","Bristol town","B03002_007","Pacific Islander (Non-Hispanic)",0,0.561797752808989
"3606908378",2019,"Ontario","Bristol town","B03002_008","Other (Non-Hispanic)",0.234082397003745,0.327329877688189
"3606908378",2019,"Ontario","Bristol town","B03002_009","Two or More Races (Non-Hispanic)",0.561797752808989,0.654320246857639
"3606929531",2019,"Ontario","Gorham town","B03002_003","White (Non-Hispanic)",97.0574387947269,1.89538869470492
"3606929531",2019,"Ontario","Gorham town","B03002_004","Black (Non-Hispanic)",0.117702448210923,0.211863942954376
"3606929531",2019,"Ontario","Gorham town","B03002_012","Hispanic or Latino (Any Race)",1.34180790960452,1.12993220051807
"3606929531",2019,"Ontario","Gorham town","B03002_006","Asian (Non-Hispanic)",0.706214689265537,1.08285925659583
"3606929531",2019,"Ontario","Gorham town","B03002_005","Native American (Non-Hispanic)",0,0.282485875706215
"3606929531",2019,"Ontario","Gorham town","B03002_007","Pacific Islander (Non-Hispanic)",0,0.282485875706215
"3606929531",2019,"Ontario","Gorham town","B03002_008","Other (Non-Hispanic)",0,0.282485875706215
"3606929531",2019,"Ontario","Gorham town","B03002_009","Two or More Races (Non-Hispanic)",0.77683615819209,0.941615039729767
"3606949440",2019,"Ontario","Naples town","B03002_003","White (Non-Hispanic)",95.8279569892473,3.27745396218524
"3606949440",2019,"Ontario","Naples town","B03002_004","Black (Non-Hispanic)",0.43010752688172,0.558469064153284
"3606949440",2019,"Ontario","Naples town","B03002_012","Hispanic or Latino (Any Race)",1.72043010752688,1.50138745213823
"3606949440",2019,"Ontario","Naples town","B03002_006","Asian (Non-Hispanic)",1.11827956989247,1.07290992615225
"3606949440",2019,"Ontario","Naples town","B03002_005","Native American (Non-Hispanic)",0,0.516129032258065
"3606949440",2019,"Ontario","Naples town","B03002_007","Pacific Islander (Non-Hispanic)",0,0.516129032258065
"3606949440",2019,"Ontario","Naples town","B03002_008","Other (Non-Hispanic)",0,0.516129032258065
"3606949440",2019,"Ontario","Naples town","B03002_009","Two or More Races (Non-Hispanic)",0.903225806451613,0.858291434953767
"3606912155",2019,"Ontario","Canandaigua town","B03002_003","White (Non-Hispanic)",93.8548998375745,1.89121260818591
"3606912155",2019,"Ontario","Canandaigua town","B03002_004","Black (Non-Hispanic)",1.00162425554954,0.559460865041477
"3606912155",2019,"Ontario","Canandaigua town","B03002_012","Hispanic or Latino (Any Race)",2.48150153401913,1.13696397871783
"3606912155",2019,"Ontario","Canandaigua town","B03002_006","Asian (Non-Hispanic)",0.532394874571377,0.532393409310776
"3606912155",2019,"Ontario","Canandaigua town","B03002_005","Native American (Non-Hispanic)",0.306803826024183,0.478252481237964
"3606912155",2019,"Ontario","Canandaigua town","B03002_007","Pacific Islander (Non-Hispanic)",0.207543764663418,0.351921698870449
"3606912155",2019,"Ontario","Canandaigua town","B03002_008","Other (Non-Hispanic)",0,0.171449196895867
"3606912155",2019,"Ontario","Canandaigua town","B03002_009","Two or More Races (Non-Hispanic)",1.61523190759791,1.23623313774212
"3605142961",2019,"Livingston","Livonia town","B03002_003","White (Non-Hispanic)",93.0116033755274,2.58477443981503
"3605142961",2019,"Livingston","Livonia town","B03002_004","Black (Non-Hispanic)",0.646097046413502,0.65928027304861
"3605142961",2019,"Livingston","Livonia town","B03002_012","Hispanic or Latino (Any Race)",1.63502109704641,1.19988597360229
"3605142961",2019,"Livingston","Livonia town","B03002_006","Asian (Non-Hispanic)",1.21308016877637,1.09440412789584
"3605142961",2019,"Livingston","Livonia town","B03002_005","Native American (Non-Hispanic)",0.0527426160337553,0.092299462518148
"3605142961",2019,"Livingston","Livonia town","B03002_007","Pacific Islander (Non-Hispanic)",0.395569620253165,0.67246746238645
"3605142961",2019,"Livingston","Livonia town","B03002_008","Other (Non-Hispanic)",0,0.22415611814346
"3605142961",2019,"Livingston","Livonia town","B03002_009","Two or More Races (Non-Hispanic)",3.04588607594937,1.52951261177003
"3605141883",2019,"Livingston","Leicester town","B03002_003","White (Non-Hispanic)",95.3799654576857,3.25959719361149
"3605141883",2019,"Livingston","Leicester town","B03002_004","Black (Non-Hispanic)",0.345423143350604,0.560263421413079
"3605141883",2019,"Livingston","Leicester town","B03002_012","Hispanic or Latino (Any Race)",1.03626943005181,1.16125199949409
"3605141883",2019,"Livingston","Leicester town","B03002_006","Asian (Non-Hispanic)",0.734024179620035,0.773776023063957
"3605141883",2019,"Livingston","Leicester town","B03002_005","Native American (Non-Hispanic)",0.518134715025907,0.602296517580638
"3605141883",2019,"Livingston","Leicester town","B03002_007","Pacific Islander (Non-Hispanic)",0,0.518134715025907
"3605141883",2019,"Livingston","Leicester town","B03002_008","Other (Non-Hispanic)",0,0.518134715025907
"3605141883",2019,"Livingston","Leicester town","B03002_009","Two or More Races (Non-Hispanic)",1.98618307426598,1.84614217494815
"3605148956",2019,"Livingston","Mount Morris town","B03002_003","White (Non-Hispanic)",84.5703582299227,4.28988395266284
"3605148956",2019,"Livingston","Mount Morris town","B03002_004","Black (Non-Hispanic)",5.26808709904004,3.30124241128406
"3605148956",2019,"Livingston","Mount Morris town","B03002_012","Hispanic or Latino (Any Race)",9.95083118707563,3.23075740267075
"3605148956",2019,"Livingston","Mount Morris town","B03002_006","Asian (Non-Hispanic)",0,0.280964645282135
"3605148956",2019,"Livingston","Mount Morris town","B03002_005","Native American (Non-Hispanic)",0.210723483961602,0.351204420370738
"3605148956",2019,"Livingston","Mount Morris town","B03002_007","Pacific Islander (Non-Hispanic)",0,0.280964645282135
"3605148956",2019,"Livingston","Mount Morris town","B03002_008","Other (Non-Hispanic)",0,0.280964645282135
"3605148956",2019,"Livingston","Mount Morris town","B03002_009","Two or More Races (Non-Hispanic)",0,0.280964645282135
"3605170101",2019,"Livingston","Sparta town","B03002_003","White (Non-Hispanic)",96.7944688874921,13.3346484981733
"3605170101",2019,"Livingston","Sparta town","B03002_004","Black (Non-Hispanic)",2.45128849780013,2.06037336787962
"3605170101",2019,"Livingston","Sparta town","B03002_012","Hispanic or Latino (Any Race)",0,0.754242614707731
"3605170101",2019,"Livingston","Sparta town","B03002_006","Asian (Non-Hispanic)",0,0.754242614707731
"3605170101",2019,"Livingston","Sparta town","B03002_005","Native American (Non-Hispanic)",0.251414204902577,0.439292548659585
"3605170101",2019,"Livingston","Sparta town","B03002_007","Pacific Islander (Non-Hispanic)",0,0.754242614707731
"3605170101",2019,"Livingston","Sparta town","B03002_008","Other (Non-Hispanic)",0,0.754242614707731
"3605170101",2019,"Livingston","Sparta town","B03002_009","Two or More Races (Non-Hispanic)",0.502828409805154,0.752650111502184
"3605111715",2019,"Livingston","Caledonia town","B03002_003","White (Non-Hispanic)",91.8801353310778,2.75631954692021
"3605111715",2019,"Livingston","Caledonia town","B03002_004","Black (Non-Hispanic)",2.17496375060416,1.13578326932965
"3605111715",2019,"Livingston","Caledonia town","B03002_012","Hispanic or Latino (Any Race)",2.60995650072499,1.95744136173826
"3605111715",2019,"Livingston","Caledonia town","B03002_006","Asian (Non-Hispanic)",2.10246495891735,2.48911190605075
"3605111715",2019,"Livingston","Caledonia town","B03002_005","Native American (Non-Hispanic)",0,0.289995166747221
"3605111715",2019,"Livingston","Caledonia town","B03002_007","Pacific Islander (Non-Hispanic)",0,0.289995166747221
"3605111715",2019,"Livingston","Caledonia town","B03002_008","Other (Non-Hispanic)",0.314161430642823,0.50749008800135
"3605111715",2019,"Livingston","Caledonia town","B03002_009","Two or More Races (Non-Hispanic)",0.918318028032866,0.894144713868193
"3605128629",2019,"Livingston","Geneseo town","B03002_003","White (Non-Hispanic)",89.2148566055477,2.58088466327684
"3605128629",2019,"Livingston","Geneseo town","B03002_004","Black (Non-Hispanic)",1.8241654913023,1.01550958026703
"3605128629",2019,"Livingston","Geneseo town","B03002_012","Hispanic or Latino (Any Race)",4.70145745181006,1.21294694083766
"3605128629",2019,"Livingston","Geneseo town","B03002_006","Asian (Non-Hispanic)",3.05594734367654,1.39162069618138
"3605128629",2019,"Livingston","Geneseo town","B03002_005","Native American (Non-Hispanic)",0.0470145745181006,0.103432029835287
"3605128629",2019,"Livingston","Geneseo town","B03002_007","Pacific Islander (Non-Hispanic)",0,0.178655383168782
"3605128629",2019,"Livingston","Geneseo town","B03002_008","Other (Non-Hispanic)",0,0.178655383168782
"3605128629",2019,"Livingston","Geneseo town","B03002_009","Two or More Races (Non-Hispanic)",1.15655853314528,0.865065703459317
"3605131016",2019,"Livingston","Groveland town","B03002_003","White (Non-Hispanic)",58.5621721690836,6.10238102047292
"3605131016",2019,"Livingston","Groveland town","B03002_004","Black (Non-Hispanic)",24.4677568651651,4.2870984151701
"3605131016",2019,"Livingston","Groveland town","B03002_012","Hispanic or Latino (Any Race)",13.2983647022524,3.51682017342988
"3605131016",2019,"Livingston","Groveland town","B03002_006","Asian (Non-Hispanic)",0.37025609379821,0.401106603480241
"3605131016",2019,"Livingston","Groveland town","B03002_005","Native American (Non-Hispanic)",0.740512187596421,0.678792994534326
"3605131016",2019,"Livingston","Groveland town","B03002_007","Pacific Islander (Non-Hispanic)",0,0.37025609379821
"3605131016",2019,"Livingston","Groveland town","B03002_008","Other (Non-Hispanic)",0,0.37025609379821
"3605131016",2019,"Livingston","Groveland town","B03002_009","Two or More Races (Non-Hispanic)",2.56093798210429,1.26497847723972
"3605151869",2019,"Livingston","North Dansville town","B03002_003","White (Non-Hispanic)",90.5717531238167,4.52944225647252
"3605151869",2019,"Livingston","North Dansville town","B03002_004","Black (Non-Hispanic)",1.72283226050738,1.51456232296854
"3605151869",2019,"Livingston","North Dansville town","B03002_012","Hispanic or Latino (Any Race)",4.94131010980689,4.29756963741515
"3605151869",2019,"Livingston","North Dansville town","B03002_006","Asian (Non-Hispanic)",0.0189322226429383,0.0567966180527318
"3605151869",2019,"Livingston","North Dansville town","B03002_005","Native American (Non-Hispanic)",0,0.321847784929951
"3605151869",2019,"Livingston","North Dansville town","B03002_007","Pacific Islander (Non-Hispanic)",0,0.321847784929951
"3605151869",2019,"Livingston","North Dansville town","B03002_008","Other (Non-Hispanic)",1.02234002271867,1.07912903595748
"3605151869",2019,"Livingston","North Dansville town","B03002_009","Two or More Races (Non-Hispanic)",1.72283226050738,1.53349473682903
"3605155508",2019,"Livingston","Ossian town","B03002_003","White (Non-Hispanic)",99.2867332382311,18.7953038100039
"3605155508",2019,"Livingston","Ossian town","B03002_004","Black (Non-Hispanic)",0.285306704707561,0.569329422628192
"3605155508",2019,"Livingston","Ossian town","B03002_012","Hispanic or Latino (Any Race)",0.285306704707561,0.426246570550131
"3605155508",2019,"Livingston","Ossian town","B03002_006","Asian (Non-Hispanic)",0,1.71184022824536
"3605155508",2019,"Livingston","Ossian town","B03002_005","Native American (Non-Hispanic)",0,1.71184022824536
"3605155508",2019,"Livingston","Ossian town","B03002_007","Pacific Islander (Non-Hispanic)",0,1.71184022824536
"3605155508",2019,"Livingston","Ossian town","B03002_008","Other (Non-Hispanic)",0,1.71184022824536
"3605155508",2019,"Livingston","Ossian town","B03002_009","Two or More Races (Non-Hispanic)",0.14265335235378,0.427532329252884
"3605181006",2019,"Livingston","West Sparta town","B03002_003","White (Non-Hispanic)",89.7477624084622,16.7595068556319
"3605181006",2019,"Livingston","West Sparta town","B03002_004","Black (Non-Hispanic)",0.16273393002441,0.487724468937864
"3605181006",2019,"Livingston","West Sparta town","B03002_012","Hispanic or Latino (Any Race)",1.05777054515867,1.04842605794992
"3605181006",2019,"Livingston","West Sparta town","B03002_006","Asian (Non-Hispanic)",7.56712774613507,9.87590582616208
"3605181006",2019,"Livingston","West Sparta town","B03002_005","Native American (Non-Hispanic)",0,0.976403580146461
"3605181006",2019,"Livingston","West Sparta town","B03002_007","Pacific Islander (Non-Hispanic)",0,0.976403580146461
"3605181006",2019,"Livingston","West Sparta town","B03002_008","Other (Non-Hispanic)",0,0.976403580146461
"3605181006",2019,"Livingston","West Sparta town","B03002_009","Two or More Races (Non-Hispanic)",1.46460537021969,1.779502717361
"3605184022",2019,"Livingston","York town","B03002_003","White (Non-Hispanic)",93.8893981057134,4.9127917565403
"3605184022",2019,"Livingston","York town","B03002_004","Black (Non-Hispanic)",0.274977085242896,0.488844967807073
"3605184022",2019,"Livingston","York town","B03002_012","Hispanic or Latino (Any Race)",3.48304307974335,4.85787710331437
"3605184022",2019,"Livingston","York town","B03002_006","Asian (Non-Hispanic)",0.0916590284142988,0.1833171135001
"3605184022",2019,"Livingston","York town","B03002_005","Native American (Non-Hispanic)",0,0.366636113657195
"3605184022",2019,"Livingston","York town","B03002_007","Pacific Islander (Non-Hispanic)",0,0.366636113657195
"3605184022",2019,"Livingston","York town","B03002_008","Other (Non-Hispanic)",0,0.366636113657195
"3605184022",2019,"Livingston","York town","B03002_009","Two or More Races (Non-Hispanic)",2.26092270088604,1.52758159663812
"3605117618",2019,"Livingston","Conesus town","B03002_003","White (Non-Hispanic)",95.741935483871,2.51705588520708
"3605117618",2019,"Livingston","Conesus town","B03002_004","Black (Non-Hispanic)",1.72043010752688,2.18705061690214
"3605117618",2019,"Livingston","Conesus town","B03002_012","Hispanic or Latino (Any Race)",1.37634408602151,1.49931347520203
"3605117618",2019,"Livingston","Conesus town","B03002_006","Asian (Non-Hispanic)",0,0.516129032258065
"3605117618",2019,"Livingston","Conesus town","B03002_005","Native American (Non-Hispanic)",0.301075268817204,0.558359727471379
"3605117618",2019,"Livingston","Conesus town","B03002_007","Pacific Islander (Non-Hispanic)",0,0.516129032258065
"3605117618",2019,"Livingston","Conesus town","B03002_008","Other (Non-Hispanic)",0,0.516129032258065
"3605117618",2019,"Livingston","Conesus town","B03002_009","Two or More Races (Non-Hispanic)",0.860215053763441,1.15822242333187
"3605142334",2019,"Livingston","Lima town","B03002_003","White (Non-Hispanic)",93.6755047433714,3.30718561958833
"3605142334",2019,"Livingston","Lima town","B03002_004","Black (Non-Hispanic)",0.243249817562637,0.413523318266252
"3605142334",2019,"Livingston","Lima town","B03002_012","Hispanic or Latino (Any Race)",3.86767209924593,3.08922626718838
"3605142334",2019,"Livingston","Lima town","B03002_006","Asian (Non-Hispanic)",1.67842374118219,1.19190145028765
"3605142334",2019,"Livingston","Lima town","B03002_005","Native American (Non-Hispanic)",0,0.291899781075164
"3605142334",2019,"Livingston","Lima town","B03002_007","Pacific Islander (Non-Hispanic)",0,0.291899781075164
"3605142334",2019,"Livingston","Lima town","B03002_008","Other (Non-Hispanic)",0.0486499635125274,0.0972996938548229
"3605142334",2019,"Livingston","Lima town","B03002_009","Two or More Races (Non-Hispanic)",0.486499635125274,0.486494971703873
"3605154089",2019,"Livingston","Nunda town","B03002_003","White (Non-Hispanic)",98.0184489238128,2.19232559587464
"3605154089",2019,"Livingston","Nunda town","B03002_004","Black (Non-Hispanic)",1.84489238127776,2.01562104534491
"3605154089",2019,"Livingston","Nunda town","B03002_012","Hispanic or Latino (Any Race)",0.136658694909464,0.307478657072096
"3605154089",2019,"Livingston","Nunda town","B03002_006","Asian (Non-Hispanic)",0,0.409976084728391
"3605154089",2019,"Livingston","Nunda town","B03002_005","Native American (Non-Hispanic)",0,0.409976084728391
"3605154089",2019,"Livingston","Nunda town","B03002_007","Pacific Islander (Non-Hispanic)",0,0.409976084728391
"3605154089",2019,"Livingston","Nunda town","B03002_008","Other (Non-Hispanic)",0,0.409976084728391
"3605154089",2019,"Livingston","Nunda town","B03002_009","Two or More Races (Non-Hispanic)",0,0.409976084728391
"3605170475",2019,"Livingston","Springwater town","B03002_003","White (Non-Hispanic)",96.1934617107031,2.26606014879774
"3605170475",2019,"Livingston","Springwater town","B03002_004","Black (Non-Hispanic)",1.07478728168383,0.935548477600959
"3605170475",2019,"Livingston","Springwater town","B03002_012","Hispanic or Latino (Any Race)",1.20913569189431,1.15935602984479
"3605170475",2019,"Livingston","Springwater town","B03002_006","Asian (Non-Hispanic)",0,0.537393640841917
"3605170475",2019,"Livingston","Springwater town","B03002_005","Native American (Non-Hispanic)",0.626959247648903,0.983636077232477
"3605170475",2019,"Livingston","Springwater town","B03002_007","Pacific Islander (Non-Hispanic)",0,0.537393640841917
"3605170475",2019,"Livingston","Springwater town","B03002_008","Other (Non-Hispanic)",0.179131213613972,0.402728960710355
"3605170475",2019,"Livingston","Springwater town","B03002_009","Two or More Races (Non-Hispanic)",0.716524854455889,0.983150178969953
"3605159179",2019,"Livingston","Portage town","B03002_003","White (Non-Hispanic)",98.805256869773,22.0008445684184
"3605159179",2019,"Livingston","Portage town","B03002_004","Black (Non-Hispanic)",0.1194743130227,0.3579273512881
"3605159179",2019,"Livingston","Portage town","B03002_012","Hispanic or Latino (Any Race)",0.4778972520908,0.712872907185603
"3605159179",2019,"Livingston","Portage town","B03002_006","Asian (Non-Hispanic)",0,1.4336917562724
"3605159179",2019,"Livingston","Portage town","B03002_005","Native American (Non-Hispanic)",0.597371565113501,0.951140248844113
"3605159179",2019,"Livingston","Portage town","B03002_007","Pacific Islander (Non-Hispanic)",0,1.4336917562724
"3605159179",2019,"Livingston","Portage town","B03002_008","Other (Non-Hispanic)",0,1.4336917562724
"3605159179",2019,"Livingston","Portage town","B03002_009","Two or More Races (Non-Hispanic)",0,1.4336917562724
"3606928651",2019,"Ontario","Geneva town","B03002_003","White (Non-Hispanic)",74.4894849131362,9.40797646176625
"3606928651",2019,"Ontario","Geneva town","B03002_004","Black (Non-Hispanic)",2.77354465102103,3.32211905317029
"3606928651",2019,"Ontario","Geneva town","B03002_012","Hispanic or Latino (Any Race)",11.1246571167327,6.24776296768537
"3606928651",2019,"Ontario","Geneva town","B03002_006","Asian (Non-Hispanic)",9.17403230722341,8.68621364325299
"3606928651",2019,"Ontario","Geneva town","B03002_005","Native American (Non-Hispanic)",0,0.365742151782993
"3606928651",2019,"Ontario","Geneva town","B03002_007","Pacific Islander (Non-Hispanic)",0,0.365742151782993
"3606928651",2019,"Ontario","Geneva town","B03002_008","Other (Non-Hispanic)",0,0.365742151782993
"3606928651",2019,"Ontario","Geneva town","B03002_009","Two or More Races (Non-Hispanic)",2.43828101188662,2.31632392558637
"3603756792",2019,"Genesee","Pavilion town","B03002_003","White (Non-Hispanic)",95.9118236472946,0.868633754305744
"3603756792",2019,"Genesee","Pavilion town","B03002_004","Black (Non-Hispanic)",1.40280561122244,1.67665964979812
"3603756792",2019,"Genesee","Pavilion town","B03002_012","Hispanic or Latino (Any Race)",2.44488977955912,3.1957204235168
"3603756792",2019,"Genesee","Pavilion town","B03002_006","Asian (Non-Hispanic)",0,0.480961923847695
"3603756792",2019,"Genesee","Pavilion town","B03002_005","Native American (Non-Hispanic)",0.240480961923848,0.319606868324437
"3603756792",2019,"Genesee","Pavilion town","B03002_007","Pacific Islander (Non-Hispanic)",0,0.480961923847695
"3603756792",2019,"Genesee","Pavilion town","B03002_008","Other (Non-Hispanic)",0,0.480961923847695
"3603756792",2019,"Genesee","Pavilion town","B03002_009","Two or More Races (Non-Hispanic)",0,0.480961923847695
"3603719719",2019,"Genesee","Darien town","B03002_003","White (Non-Hispanic)",97.1812520485087,2.28774184722217
"3603719719",2019,"Genesee","Darien town","B03002_004","Black (Non-Hispanic)",0,0.393313667649951
"3603719719",2019,"Genesee","Darien town","B03002_012","Hispanic or Latino (Any Race)",2.72041953457883,2.22869112345824
"3603719719",2019,"Genesee","Darien town","B03002_006","Asian (Non-Hispanic)",0,0.393313667649951
"3603719719",2019,"Genesee","Darien town","B03002_005","Native American (Non-Hispanic)",0.0983284169124877,0.163879161073404
"3603719719",2019,"Genesee","Darien town","B03002_007","Pacific Islander (Non-Hispanic)",0,0.393313667649951
"3603719719",2019,"Genesee","Darien town","B03002_008","Other (Non-Hispanic)",0,0.393313667649951
"3603719719",2019,"Genesee","Darien town","B03002_009","Two or More Races (Non-Hispanic)",0,0.393313667649951
"3603704726",2019,"Genesee","Batavia town","B03002_003","White (Non-Hispanic)",94.0920307736972,2.99580568613293
"3603704726",2019,"Genesee","Batavia town","B03002_004","Black (Non-Hispanic)",0.188706633763972,0.217737925612923
"3603704726",2019,"Genesee","Batavia town","B03002_012","Hispanic or Latino (Any Race)",2.24996371026274,1.61125476821223
"3603704726",2019,"Genesee","Batavia town","B03002_006","Asian (Non-Hispanic)",2.77253592683989,2.06124572171471
"3603704726",2019,"Genesee","Batavia town","B03002_005","Native American (Non-Hispanic)",0.696762955436203,0.827404223062554
"3603704726",2019,"Genesee","Batavia town","B03002_007","Pacific Islander (Non-Hispanic)",0,0.246770213383655
"3603704726",2019,"Genesee","Batavia town","B03002_008","Other (Non-Hispanic)",0,0.246770213383655
"3603704726",2019,"Genesee","Batavia town","B03002_009","Two or More Races (Non-Hispanic)",0,0.246770213383655
"3603701165",2019,"Genesee","Alexander town","B03002_003","White (Non-Hispanic)",98.0598221503638,2.01054562861719
"3603701165",2019,"Genesee","Alexander town","B03002_004","Black (Non-Hispanic)",0.161681487469685,0.242060036837868
"3603701165",2019,"Genesee","Alexander town","B03002_012","Hispanic or Latino (Any Race)",0.485044462409054,0.685678005144564
"3603701165",2019,"Genesee","Alexander town","B03002_006","Asian (Non-Hispanic)",0,0.485044462409054
"3603701165",2019,"Genesee","Alexander town","B03002_005","Native American (Non-Hispanic)",0,0.485044462409054
"3603701165",2019,"Genesee","Alexander town","B03002_007","Pacific Islander (Non-Hispanic)",0,0.485044462409054
"3603701165",2019,"Genesee","Alexander town","B03002_008","Other (Non-Hispanic)",0.363783346806791,0.564882476591818
"3603701165",2019,"Genesee","Alexander town","B03002_009","Two or More Races (Non-Hispanic)",0.929668552950687,1.00683861222673
"3612347504",2019,"Yates","Milo town","B03002_003","White (Non-Hispanic)",95.577035735208,1.48416801657242
"3612347504",2019,"Yates","Milo town","B03002_004","Black (Non-Hispanic)",1.15700058582308,0.907997885657097
"3612347504",2019,"Yates","Milo town","B03002_012","Hispanic or Latino (Any Race)",1.61101347393087,1.14231202675112
"3612347504",2019,"Yates","Milo town","B03002_006","Asian (Non-Hispanic)",0.776215582893966,0.600449675554863
"3612347504",2019,"Yates","Milo town","B03002_005","Native American (Non-Hispanic)",0,0.248974809607499
"3612347504",2019,"Yates","Milo town","B03002_007","Pacific Islander (Non-Hispanic)",0,0.248974809607499
"3612347504",2019,"Yates","Milo town","B03002_008","Other (Non-Hispanic)",0,0.248974809607499
"3612347504",2019,"Yates","Milo town","B03002_009","Two or More Races (Non-Hispanic)",0.878734622144113,0.834780391754303
"3612359597",2019,"Yates","Potter town","B03002_003","White (Non-Hispanic)",95.6200527704486,2.39445487287495
"3612359597",2019,"Yates","Potter town","B03002_004","Black (Non-Hispanic)",0.369393139841689,0.737672845720532
"3612359597",2019,"Yates","Potter town","B03002_012","Hispanic or Latino (Any Race)",1.89973614775726,1.99440605146528
"3612359597",2019,"Yates","Potter town","B03002_006","Asian (Non-Hispanic)",0,0.633245382585752
"3612359597",2019,"Yates","Potter town","B03002_005","Native American (Non-Hispanic)",0,0.633245382585752
"3612359597",2019,"Yates","Potter town","B03002_007","Pacific Islander (Non-Hispanic)",0,0.633245382585752
"3612359597",2019,"Yates","Potter town","B03002_008","Other (Non-Hispanic)",0,0.633245382585752
"3612359597",2019,"Yates","Potter town","B03002_009","Two or More Races (Non-Hispanic)",2.11081794195251,1.6193938637236
"3612304594",2019,"Yates","Barrington town","B03002_003","White (Non-Hispanic)",99.1423670668954,3.08946660136788
"3612304594",2019,"Yates","Barrington town","B03002_004","Black (Non-Hispanic)",0.28587764436821,0.45571894391846
"3612304594",2019,"Yates","Barrington town","B03002_012","Hispanic or Latino (Any Race)",0,0.686106346483705
"3612304594",2019,"Yates","Barrington town","B03002_006","Asian (Non-Hispanic)",0.228702115494568,0.398996408757604
"3612304594",2019,"Yates","Barrington town","B03002_005","Native American (Non-Hispanic)",0,0.686106346483705
"3612304594",2019,"Yates","Barrington town","B03002_007","Pacific Islander (Non-Hispanic)",0,0.686106346483705
"3612304594",2019,"Yates","Barrington town","B03002_008","Other (Non-Hispanic)",0,0.686106346483705
"3612304594",2019,"Yates","Barrington town","B03002_009","Two or More Races (Non-Hispanic)",0.343053173241852,0.569814119391573
"3607349286",2019,"Orleans","Murray town","B03002_003","White (Non-Hispanic)",84.2896464111793,5.94830805322877
"3607349286",2019,"Orleans","Murray town","B03002_004","Black (Non-Hispanic)",2.20199026042769,1.58791618488252
"3607349286",2019,"Orleans","Murray town","B03002_012","Hispanic or Latino (Any Race)",10.798221469405,5.73749537980415
"3607349286",2019,"Orleans","Murray town","B03002_006","Asian (Non-Hispanic)",0.952784247300445,0.931592894888287
"3607349286",2019,"Orleans","Murray town","B03002_005","Native American (Non-Hispanic)",0.105864916366716,0.148209457449511
"3607349286",2019,"Orleans","Murray town","B03002_007","Pacific Islander (Non-Hispanic)",0,0.254075799280119
"3607349286",2019,"Orleans","Murray town","B03002_008","Other (Non-Hispanic)",0,0.254075799280119
"3607349286",2019,"Orleans","Murray town","B03002_009","Two or More Races (Non-Hispanic)",1.65149269532077,1.12212229567314
"3607361742",2019,"Orleans","Ridgeway town","B03002_003","White (Non-Hispanic)",91.2941544232573,3.25958627937289
"3607361742",2019,"Orleans","Ridgeway town","B03002_004","Black (Non-Hispanic)",2.25070334479525,1.5785897441372
"3607361742",2019,"Orleans","Ridgeway town","B03002_012","Hispanic or Latino (Any Race)",2.62582056892779,2.42260672975966
"3607361742",2019,"Orleans","Ridgeway town","B03002_006","Asian (Non-Hispanic)",1.34417005314161,0.859624923036584
"3607361742",2019,"Orleans","Ridgeway town","B03002_005","Native American (Non-Hispanic)",0,0.26570803376055
"3607361742",2019,"Orleans","Ridgeway town","B03002_007","Pacific Islander (Non-Hispanic)",0,0.26570803376055
"3607361742",2019,"Orleans","Ridgeway town","B03002_008","Other (Non-Hispanic)",0.0312597686777118,0.0781493103532784
"3607361742",2019,"Orleans","Ridgeway town","B03002_009","Two or More Races (Non-Hispanic)",2.45389184120038,1.62547498482001
"3603775011",2019,"Genesee","Tonawanda Reservation","B03002_003","White (Non-Hispanic)",12.2270742358079,4.12728983514959
"3603775011",2019,"Genesee","Tonawanda Reservation","B03002_004","Black (Non-Hispanic)",0,2.62008733624454
"3603775011",2019,"Genesee","Tonawanda Reservation","B03002_012","Hispanic or Latino (Any Race)",2.18340611353712,2.29868290270156
"3603775011",2019,"Genesee","Tonawanda Reservation","B03002_006","Asian (Non-Hispanic)",3.05676855895197,3.35479964528545
"3603775011",2019,"Genesee","Tonawanda Reservation","B03002_005","Native American (Non-Hispanic)",77.292576419214,11.2217688704343
"3603775011",2019,"Genesee","Tonawanda Reservation","B03002_007","Pacific Islander (Non-Hispanic)",0,2.62008733624454
"3603775011",2019,"Genesee","Tonawanda Reservation","B03002_008","Other (Non-Hispanic)",0,2.62008733624454
"3603775011",2019,"Genesee","Tonawanda Reservation","B03002_009","Two or More Races (Non-Hispanic)",5.24017467248908,6.78427348108848
"3606977387",2019,"Ontario","Victor town","B03002_003","White (Non-Hispanic)",93.5201989648451,1.45994575532327
"3606977387",2019,"Ontario","Victor town","B03002_004","Black (Non-Hispanic)",1.03515493715131,0.625124484504736
"3606977387",2019,"Ontario","Victor town","B03002_012","Hispanic or Latino (Any Race)",0.47724675673859,0.389863019832463
"3606977387",2019,"Ontario","Victor town","B03002_006","Asian (Non-Hispanic)",1.98292666532231,0.90071528623592
"3606977387",2019,"Ontario","Victor town","B03002_005","Native American (Non-Hispanic)",0.544464609800363,0.658734553348611
"3606977387",2019,"Ontario","Victor town","B03002_007","Pacific Islander (Non-Hispanic)",0,0.127713920817369
"3606977387",2019,"Ontario","Victor town","B03002_008","Other (Non-Hispanic)",0.524299253881831,0.58479489686725
"3606977387",2019,"Ontario","Victor town","B03002_009","Two or More Races (Non-Hispanic)",1.91570881226054,1.17630960931474
"3606921699",2019,"Ontario","East Bloomfield town","B03002_003","White (Non-Hispanic)",97.1196868008949,1.59826690766984
"3606921699",2019,"Ontario","East Bloomfield town","B03002_004","Black (Non-Hispanic)",0.643176733780761,0.559246634335539
"3606921699",2019,"Ontario","East Bloomfield town","B03002_012","Hispanic or Latino (Any Race)",1.70581655480984,1.39810483064492
"3606921699",2019,"Ontario","East Bloomfield town","B03002_006","Asian (Non-Hispanic)",0,0.335570469798658
"3606921699",2019,"Ontario","East Bloomfield town","B03002_005","Native American (Non-Hispanic)",0,0.335570469798658
"3606921699",2019,"Ontario","East Bloomfield town","B03002_007","Pacific Islander (Non-Hispanic)",0,0.335570469798658
"3606921699",2019,"Ontario","East Bloomfield town","B03002_008","Other (Non-Hispanic)",0,0.335570469798658
"3606921699",2019,"Ontario","East Bloomfield town","B03002_009","Two or More Races (Non-Hispanic)",0.531319910514541,0.531292986049665
"3607301044",2019,"Orleans","Albion town","B03002_003","White (Non-Hispanic)",73.0243902439024,3.92870250909817
"3607301044",2019,"Orleans","Albion town","B03002_004","Black (Non-Hispanic)",16.9268292682927,3.17004356047961
"3607301044",2019,"Orleans","Albion town","B03002_012","Hispanic or Latino (Any Race)",6.13414634146341,2.01205272660474
"3607301044",2019,"Orleans","Albion town","B03002_006","Asian (Non-Hispanic)",0.25609756097561,0.243900391454094
"3607301044",2019,"Orleans","Albion town","B03002_005","Native American (Non-Hispanic)",0.134146341463415,0.195121248964944
"3607301044",2019,"Orleans","Albion town","B03002_007","Pacific Islander (Non-Hispanic)",0,0.207317073170732
"3607301044",2019,"Orleans","Albion town","B03002_008","Other (Non-Hispanic)",0,0.207317073170732
"3607301044",2019,"Orleans","Albion town","B03002_009","Two or More Races (Non-Hispanic)",3.52439024390244,2.48776685935073
"3606979356",2019,"Ontario","West Bloomfield town","B03002_003","White (Non-Hispanic)",97.242435848334,2.85651310159481
"3606979356",2019,"Ontario","West Bloomfield town","B03002_004","Black (Non-Hispanic)",0,0.459594025277671
"3606979356",2019,"Ontario","West Bloomfield town","B03002_012","Hispanic or Latino (Any Race)",2.48946763692072,2.44159405965815
"3606979356",2019,"Ontario","West Bloomfield town","B03002_006","Asian (Non-Hispanic)",0.268096514745308,0.497347653937528
"3606979356",2019,"Ontario","West Bloomfield town","B03002_005","Native American (Non-Hispanic)",0,0.459594025277671
"3606979356",2019,"Ontario","West Bloomfield town","B03002_007","Pacific Islander (Non-Hispanic)",0,0.459594025277671
"3606979356",2019,"Ontario","West Bloomfield town","B03002_008","Other (Non-Hispanic)",0,0.459594025277671
"3606979356",2019,"Ontario","West Bloomfield town","B03002_009","Two or More Races (Non-Hispanic)",0,0.459594025277671
"3606944864",2019,"Ontario","Manchester town","B03002_003","White (Non-Hispanic)",93.9672912379508,2.11097947088736
"3606944864",2019,"Ontario","Manchester town","B03002_004","Black (Non-Hispanic)",0.509043647785119,0.389903886165955
"3606944864",2019,"Ontario","Manchester town","B03002_012","Hispanic or Latino (Any Race)",3.80158128452291,1.84119942272242
"3606944864",2019,"Ontario","Manchester town","B03002_006","Asian (Non-Hispanic)",0,0.184122170475468
"3606944864",2019,"Ontario","Manchester town","B03002_005","Native American (Non-Hispanic)",0.0541535795516084,0.0866456312016603
"3606944864",2019,"Ontario","Manchester town","B03002_007","Pacific Islander (Non-Hispanic)",0,0.184122170475468
"3606944864",2019,"Ontario","Manchester town","B03002_008","Other (Non-Hispanic)",0,0.184122170475468
"3606944864",2019,"Ontario","Manchester town","B03002_009","Two or More Races (Non-Hispanic)",1.66793025018954,0.866448158163105
"3605103364",2019,"Livingston","Avon town","B03002_003","White (Non-Hispanic)",94.7368421052632,3.13545262605762
"3605103364",2019,"Livingston","Avon town","B03002_004","Black (Non-Hispanic)",0.10149340292881,0.202986613298195
"3605103364",2019,"Livingston","Avon town","B03002_012","Hispanic or Latino (Any Race)",1.44990575612585,1.00042699822372
"3605103364",2019,"Livingston","Avon town","B03002_006","Asian (Non-Hispanic)",1.81238219515731,2.1748529032487
"3605103364",2019,"Livingston","Avon town","B03002_005","Native American (Non-Hispanic)",0.49296795708279,0.478466972257141
"3605103364",2019,"Livingston","Avon town","B03002_007","Pacific Islander (Non-Hispanic)",0,0.246483978541395
"3605103364",2019,"Livingston","Avon town","B03002_008","Other (Non-Hispanic)",0,0.246483978541395
"3605103364",2019,"Livingston","Avon town","B03002_009","Two or More Races (Non-Hispanic)",1.40640858344208,1.4354014697217
"3611768220",2019,"Wayne","Sodus town","B03002_003","White (Non-Hispanic)",86.903879416852,3.37464604674596
"3611768220",2019,"Wayne","Sodus town","B03002_004","Black (Non-Hispanic)",5.33728687916976,2.0258908100412
"3611768220",2019,"Wayne","Sodus town","B03002_012","Hispanic or Latino (Any Race)",4.95428712626637,2.22363290206878
"3611768220",2019,"Wayne","Sodus town","B03002_006","Asian (Non-Hispanic)",0.457128737336298,0.481829101121525
"3611768220",2019,"Wayne","Sodus town","B03002_005","Native American (Non-Hispanic)",0.197677291821102,0.247093224422022
"3611768220",2019,"Wayne","Sodus town","B03002_007","Pacific Islander (Non-Hispanic)",0.0617741536940944,0.111192740898
"3611768220",2019,"Wayne","Sodus town","B03002_008","Other (Non-Hispanic)",0.148257968865827,0.22238483433171
"3611768220",2019,"Wayne","Sodus town","B03002_009","Two or More Races (Non-Hispanic)",1.93970842599456,1.53194635932822
"3611743973",2019,"Wayne","Lyons town","B03002_003","White (Non-Hispanic)",84.7212032281732,5.05080582028807
"3611743973",2019,"Wayne","Lyons town","B03002_004","Black (Non-Hispanic)",8.32721936903889,3.90667867746083
"3611743973",2019,"Wayne","Lyons town","B03002_012","Hispanic or Latino (Any Race)",2.98972853998533,1.81580731868867
"3611743973",2019,"Wayne","Lyons town","B03002_006","Asian (Non-Hispanic)",0.513573000733676,0.715330820523032
"3611743973",2019,"Wayne","Lyons town","B03002_005","Native American (Non-Hispanic)",0,0.311812179016875
"3611743973",2019,"Wayne","Lyons town","B03002_007","Pacific Islander (Non-Hispanic)",0,0.311812179016875
"3611743973",2019,"Wayne","Lyons town","B03002_008","Other (Non-Hispanic)",0,0.311812179016875
"3611743973",2019,"Wayne","Lyons town","B03002_009","Two or More Races (Non-Hispanic)",3.44827586206897,2.36606326742148
"3611763605",2019,"Wayne","Rose town","B03002_003","White (Non-Hispanic)",91.765873015873,5.15707515626827
"3611763605",2019,"Wayne","Rose town","B03002_004","Black (Non-Hispanic)",0.942460317460317,0.982884937231458
"3611763605",2019,"Wayne","Rose town","B03002_012","Hispanic or Latino (Any Race)",5.35714285714286,4.24707443889426
"3611763605",2019,"Wayne","Rose town","B03002_006","Asian (Non-Hispanic)",0.694444444444444,0.687321749035269
"3611763605",2019,"Wayne","Rose town","B03002_005","Native American (Non-Hispanic)",0,0.595238095238095
"3611763605",2019,"Wayne","Rose town","B03002_007","Pacific Islander (Non-Hispanic)",0,0.595238095238095
"3611763605",2019,"Wayne","Rose town","B03002_008","Other (Non-Hispanic)",0,0.595238095238095
"3611763605",2019,"Wayne","Rose town","B03002_009","Two or More Races (Non-Hispanic)",1.24007936507937,1.1772212839057
"3611755013",2019,"Wayne","Ontario town","B03002_003","White (Non-Hispanic)",94.5699564011098,2.08234807068639
"3611755013",2019,"Wayne","Ontario town","B03002_004","Black (Non-Hispanic)",1.68450257629806,1.80340555074484
"3611755013",2019,"Wayne","Ontario town","B03002_012","Hispanic or Latino (Any Race)",1.12960760998811,1.05033451488793
"3611755013",2019,"Wayne","Ontario town","B03002_006","Asian (Non-Hispanic)",1.36741973840666,0.663886661092488
"3611755013",2019,"Wayne","Ontario town","B03002_005","Native American (Non-Hispanic)",0.0297265160523187,0.049544158396113
"3611755013",2019,"Wayne","Ontario town","B03002_007","Pacific Islander (Non-Hispanic)",0,0.188267934998018
"3611755013",2019,"Wayne","Ontario town","B03002_008","Other (Non-Hispanic)",0,0.188267934998018
"3611755013",2019,"Wayne","Ontario town","B03002_009","Two or More Races (Non-Hispanic)",1.21878715814507,0.772885643246838
"3605558365",2019,"Monroe","Pittsford town","B03002_003","White (Non-Hispanic)",83.7402244134648,1.67466506159793
"3605558365",2019,"Monroe","Pittsford town","B03002_004","Black (Non-Hispanic)",1.58109486569194,0.55763170616777
"3605558365",2019,"Monroe","Pittsford town","B03002_012","Hispanic or Latino (Any Race)",3.19619177150629,0.809243621906649
"3605558365",2019,"Monroe","Pittsford town","B03002_006","Asian (Non-Hispanic)",8.6977218633118,1.16964490592126
"3605558365",2019,"Monroe","Pittsford town","B03002_005","Native American (Non-Hispanic)",0.0578034682080925,0.085005084946079
"3605558365",2019,"Monroe","Pittsford town","B03002_007","Pacific Islander (Non-Hispanic)",0,0.0748044882692962
"3605558365",2019,"Monroe","Pittsford town","B03002_008","Other (Non-Hispanic)",0.0374022441346481,0.0578034587507719
"3605558365",2019,"Monroe","Pittsford town","B03002_009","Two or More Races (Non-Hispanic)",2.68956137368242,0.819445717352193
"3605537726",2019,"Monroe","Irondequoit town","B03002_003","White (Non-Hispanic)",78.3825692815395,1.78292809710963
"3605537726",2019,"Monroe","Irondequoit town","B03002_004","Black (Non-Hispanic)",9.45489244960439,1.41739674564815
"3605537726",2019,"Monroe","Irondequoit town","B03002_012","Hispanic or Latino (Any Race)",8.8107828714564,1.0356942811584
"3605537726",2019,"Monroe","Irondequoit town","B03002_006","Asian (Non-Hispanic)",1.2643632459942,0.483079983831344
"3605537726",2019,"Monroe","Irondequoit town","B03002_005","Native American (Non-Hispanic)",0.151087431911256,0.107351455005351
"3605537726",2019,"Monroe","Irondequoit town","B03002_007","Pacific Islander (Non-Hispanic)",0.0318078804023697,0.051687792642065
"3605537726",2019,"Monroe","Irondequoit town","B03002_008","Other (Non-Hispanic)",0.228619140392032,0.262414880918298
"3605537726",2019,"Monroe","Irondequoit town","B03002_009","Two or More Races (Non-Hispanic)",1.67587769869985,0.598382630030608
"3605563000",2019,"Monroe","Rochester city","B03002_003","White (Non-Hispanic)",36.6974783415842,0.616218733805293
"3605563000",2019,"Monroe","Rochester city","B03002_004","Black (Non-Hispanic)",37.6150603341584,0.750641122945997
"3605563000",2019,"Monroe","Rochester city","B03002_012","Hispanic or Latino (Any Race)",19.1681814665842,0.51384636853293
"3605563000",2019,"Monroe","Rochester city","B03002_006","Asian (Non-Hispanic)",2.99495281559406,0.372735531738421
"3605563000",2019,"Monroe","Rochester city","B03002_005","Native American (Non-Hispanic)",0.246074412128713,0.0836362350311576
"3605563000",2019,"Monroe","Rochester city","B03002_007","Pacific Islander (Non-Hispanic)",0.011119275990099,0.0111192750949403
"3605563000",2019,"Monroe","Rochester city","B03002_008","Other (Non-Hispanic)",0.313273514851485,0.159537388595652
"3605563000",2019,"Monroe","Rochester city","B03002_009","Two or More Races (Non-Hispanic)",2.95385983910891,0.401742527534724
"3605530290",2019,"Monroe","Greece town","B03002_003","White (Non-Hispanic)",80.5579864149685,1.06694967041158
"3605530290",2019,"Monroe","Greece town","B03002_004","Black (Non-Hispanic)",7.48739425761554,0.85738924699092
"3605530290",2019,"Monroe","Greece town","B03002_012","Hispanic or Latino (Any Race)",6.13514189273659,0.635487412432346
"3605530290",2019,"Monroe","Greece town","B03002_006","Asian (Non-Hispanic)",2.78576488727758,0.604240312331885
"3605530290",2019,"Monroe","Greece town","B03002_005","Native American (Non-Hispanic)",0.131266408301038,0.0812601264045016
"3605530290",2019,"Monroe","Greece town","B03002_007","Pacific Islander (Non-Hispanic)",0.00625078134766846,0.0104179683624442
"3605530290",2019,"Monroe","Greece town","B03002_008","Other (Non-Hispanic)",0.236487894320123,0.142726116606519
"3605530290",2019,"Monroe","Greece town","B03002_009","Two or More Races (Non-Hispanic)",2.65970746343293,0.506311238980625
"3605556561",2019,"Monroe","Parma town","B03002_003","White (Non-Hispanic)",92.9995541117269,2.63996684632213
"3605556561",2019,"Monroe","Parma town","B03002_004","Black (Non-Hispanic)",2.74539779603796,1.80265810274365
"3605556561",2019,"Monroe","Parma town","B03002_012","Hispanic or Latino (Any Race)",3.40149054079878,1.6179297735782
"3605556561",2019,"Monroe","Parma town","B03002_006","Asian (Non-Hispanic)",0.242053633989426,0.261162890644704
"3605556561",2019,"Monroe","Parma town","B03002_005","Native American (Non-Hispanic)",0,0.121026816994713
"3605556561",2019,"Monroe","Parma town","B03002_007","Pacific Islander (Non-Hispanic)",0,0.121026816994713
"3605556561",2019,"Monroe","Parma town","B03002_008","Other (Non-Hispanic)",0,0.121026816994713
"3605556561",2019,"Monroe","Parma town","B03002_009","Two or More Races (Non-Hispanic)",0.611503917446971,0.503215967908738
"3605564144",2019,"Monroe","Rush town","B03002_003","White (Non-Hispanic)",95.1734104046243,2.40623582740023
"3605564144",2019,"Monroe","Rush town","B03002_004","Black (Non-Hispanic)",2.08092485549133,1.820777066409
"3605564144",2019,"Monroe","Rush town","B03002_012","Hispanic or Latino (Any Race)",1.70520231213873,1.32945017246412
"3605564144",2019,"Monroe","Rush town","B03002_006","Asian (Non-Hispanic)",1.04046242774566,1.27166478088225
"3605564144",2019,"Monroe","Rush town","B03002_005","Native American (Non-Hispanic)",0,0.346820809248555
"3605564144",2019,"Monroe","Rush town","B03002_007","Pacific Islander (Non-Hispanic)",0,0.346820809248555
"3605564144",2019,"Monroe","Rush town","B03002_008","Other (Non-Hispanic)",0,0.346820809248555
"3605564144",2019,"Monroe","Rush town","B03002_009","Two or More Races (Non-Hispanic)",0,0.346820809248555
"3603757078",2020,"Genesee","Pembroke town","B03002_003","White (Non-Hispanic)",95.3510663791038,3.30459491279284
"3603757078",2020,"Genesee","Pembroke town","B03002_004","Black (Non-Hispanic)",2.44428468727534,2.77963841799947
"3603757078",2020,"Genesee","Pembroke town","B03002_012","Hispanic or Latino (Any Race)",0.287562904385334,0.599080629336243
"3603757078",2020,"Genesee","Pembroke town","B03002_006","Asian (Non-Hispanic)",0.287562904385334,0.311509643265236
"3603757078",2020,"Genesee","Pembroke town","B03002_005","Native American (Non-Hispanic)",0,0.287562904385334
"3603757078",2020,"Genesee","Pembroke town","B03002_007","Pacific Islander (Non-Hispanic)",0,0.287562904385334
"3603757078",2020,"Genesee","Pembroke town","B03002_008","Other (Non-Hispanic)",0,0.287562904385334
"3603757078",2020,"Genesee","Pembroke town","B03002_009","Two or More Races (Non-Hispanic)",1.62952312485023,1.53355900527808
"3605117618",2020,"Livingston","Conesus town","B03002_003","White (Non-Hispanic)",97.675647120972,3.47558420325132
"3605117618",2020,"Livingston","Conesus town","B03002_004","Black (Non-Hispanic)",1.00369783412573,1.36869807029952
"3605117618",2020,"Livingston","Conesus town","B03002_012","Hispanic or Latino (Any Race)",0.105652403592182,0.31672786457109
"3605117618",2020,"Livingston","Conesus town","B03002_006","Asian (Non-Hispanic)",0,0.63391442155309
"3605117618",2020,"Livingston","Conesus town","B03002_005","Native American (Non-Hispanic)",0,0.63391442155309
"3605117618",2020,"Livingston","Conesus town","B03002_007","Pacific Islander (Non-Hispanic)",0,0.63391442155309
"3605117618",2020,"Livingston","Conesus town","B03002_008","Other (Non-Hispanic)",0,0.63391442155309
"3605117618",2020,"Livingston","Conesus town","B03002_009","Two or More Races (Non-Hispanic)",1.21500264131009,1.20706714550836
"3605142334",2020,"Livingston","Lima town","B03002_003","White (Non-Hispanic)",93.0983847283407,3.52372680717544
"3605142334",2020,"Livingston","Lima town","B03002_004","Black (Non-Hispanic)",0.17131669114048,0.293683733044889
"3605142334",2020,"Livingston","Lima town","B03002_012","Hispanic or Latino (Any Race)",5.13950073421439,3.30380289862745
"3605142334",2020,"Livingston","Lima town","B03002_006","Asian (Non-Hispanic)",1.39500734214391,1.46840195099596
"3605142334",2020,"Livingston","Lima town","B03002_005","Native American (Non-Hispanic)",0,0.293685756240822
"3605142334",2020,"Livingston","Lima town","B03002_007","Pacific Islander (Non-Hispanic)",0,0.293685756240822
"3605142334",2020,"Livingston","Lima town","B03002_008","Other (Non-Hispanic)",0.0244738130200685,0.0978951282114837
"3605142334",2020,"Livingston","Lima town","B03002_009","Two or More Races (Non-Hispanic)",0.17131669114048,0.220261619578813
"3605151869",2020,"Livingston","North Dansville town","B03002_003","White (Non-Hispanic)",91.9068524527582,4.28175892108571
"3605151869",2020,"Livingston","North Dansville town","B03002_004","Black (Non-Hispanic)",1.24069478908189,1.04980902499858
"3605151869",2020,"Livingston","North Dansville town","B03002_012","Hispanic or Latino (Any Race)",4.44741362855507,4.29468244397642
"3605151869",2020,"Livingston","North Dansville town","B03002_006","Asian (Non-Hispanic)",0.0190876121397213,0.0763504171775001
"3605151869",2020,"Livingston","North Dansville town","B03002_005","Native American (Non-Hispanic)",0,0.324489406375262
"3605151869",2020,"Livingston","North Dansville town","B03002_007","Pacific Islander (Non-Hispanic)",0,0.324489406375262
"3605151869",2020,"Livingston","North Dansville town","B03002_008","Other (Non-Hispanic)",0.744416873449132,0.763499712466236
"3605151869",2020,"Livingston","North Dansville town","B03002_009","Two or More Races (Non-Hispanic)",1.64153464401603,1.04980178779066
"3605170101",2020,"Livingston","Sparta town","B03002_003","White (Non-Hispanic)",96.9289827255278,17.1443571508035
"3605170101",2020,"Livingston","Sparta town","B03002_004","Black (Non-Hispanic)",1.72744721689059,1.51999400788793
"3605170101",2020,"Livingston","Sparta town","B03002_012","Hispanic or Latino (Any Race)",0.703774792066539,1.08402880460211
"3605170101",2020,"Livingston","Sparta town","B03002_006","Asian (Non-Hispanic)",0,0.767754318618042
"3605170101",2020,"Livingston","Sparta town","B03002_005","Native American (Non-Hispanic)",0.383877159309021,0.509544228822044
"3605170101",2020,"Livingston","Sparta town","B03002_007","Pacific Islander (Non-Hispanic)",0,0.767754318618042
"3605170101",2020,"Livingston","Sparta town","B03002_008","Other (Non-Hispanic)",0,0.767754318618042
"3605170101",2020,"Livingston","Sparta town","B03002_009","Two or More Races (Non-Hispanic)",0.255918106206014,0.446693600032256
"3605534099",2020,"Monroe","Henrietta town","B03002_003","White (Non-Hispanic)",71.5979191602983,2.23201420585587
"3605534099",2020,"Monroe","Henrietta town","B03002_004","Black (Non-Hispanic)",8.86658687045392,1.33733475755299
"3605534099",2020,"Monroe","Henrietta town","B03002_012","Hispanic or Latino (Any Race)",5.08470674891815,1.46624968697696
"3605534099",2020,"Monroe","Henrietta town","B03002_006","Asian (Non-Hispanic)",11.1868152103858,1.55139634315623
"3605534099",2020,"Monroe","Henrietta town","B03002_005","Native American (Non-Hispanic)",0.0414326489273548,0.0437344500184497
"3605534099",2020,"Monroe","Henrietta town","B03002_007","Pacific Islander (Non-Hispanic)",0.0874689255133045,0.12429792680691
"3605534099",2020,"Monroe","Henrietta town","B03002_008","Other (Non-Hispanic)",0.400515606297763,0.27851928643611
"3605534099",2020,"Monroe","Henrietta town","B03002_009","Two or More Races (Non-Hispanic)",2.73455482920541,0.955250198758831
"3605556561",2020,"Monroe","Parma town","B03002_003","White (Non-Hispanic)",92.7767533541044,2.62157408665749
"3605556561",2020,"Monroe","Parma town","B03002_004","Black (Non-Hispanic)",2.26362306860813,1.16359797545311
"3605556561",2020,"Monroe","Parma town","B03002_012","Hispanic or Latino (Any Race)",4.24111400775736,2.346272985326
"3605556561",2020,"Monroe","Parma town","B03002_006","Asian (Non-Hispanic)",0.235264195332867,0.267056370935431
"3605556561",2020,"Monroe","Parma town","B03002_005","Native American (Non-Hispanic)",0,0.12081134354931
"3605556561",2020,"Monroe","Parma town","B03002_007","Pacific Islander (Non-Hispanic)",0,0.12081134354931
"3605556561",2020,"Monroe","Parma town","B03002_008","Other (Non-Hispanic)",0,0.12081134354931
"3605556561",2020,"Monroe","Parma town","B03002_009","Two or More Races (Non-Hispanic)",0.48324537419724,0.464169211382594
"3605558365",2020,"Monroe","Pittsford town","B03002_003","White (Non-Hispanic)",82.744685186443,2.38723571697881
"3605558365",2020,"Monroe","Pittsford town","B03002_004","Black (Non-Hispanic)",2.55382734497045,1.52821075275727
"3605558365",2020,"Monroe","Pittsford town","B03002_012","Hispanic or Latino (Any Race)",3.34510629627114,0.957656786977155
"3605558365",2020,"Monroe","Pittsford town","B03002_006","Asian (Non-Hispanic)",8.6836921822998,1.34469799507693
"3605558365",2020,"Monroe","Pittsford town","B03002_005","Native American (Non-Hispanic)",0.047544658018067,0.0645248076711732
"3605558365",2020,"Monroe","Pittsford town","B03002_007","Pacific Islander (Non-Hispanic)",0,0.0781090810296814
"3605558365",2020,"Monroe","Pittsford town","B03002_008","Other (Non-Hispanic)",0.0305644230116145,0.0475446101467918
"3605558365",2020,"Monroe","Pittsford town","B03002_009","Two or More Races (Non-Hispanic)",2.59457990898594,0.848992431998705
"3605572455",2020,"Monroe","Sweden town","B03002_003","White (Non-Hispanic)",85.4117478715032,2.84122692832167
"3605572455",2020,"Monroe","Sweden town","B03002_004","Black (Non-Hispanic)",4.21406596551477,1.33787963727948
"3605572455",2020,"Monroe","Sweden town","B03002_012","Hispanic or Latino (Any Race)",6.06711025255777,1.91738856869449
"3605572455",2020,"Monroe","Sweden town","B03002_006","Asian (Non-Hispanic)",1.83873506474923,0.736913663589502
"3605572455",2020,"Monroe","Sweden town","B03002_005","Native American (Non-Hispanic)",0.042927666881305,0.0643914299318343
"3605572455",2020,"Monroe","Sweden town","B03002_007","Pacific Islander (Non-Hispanic)",0,0.135937611790799
"3605572455",2020,"Monroe","Sweden town","B03002_008","Other (Non-Hispanic)",0.293339057022251,0.279029076229167
"3605572455",2020,"Monroe","Sweden town","B03002_009","Two or More Races (Non-Hispanic)",2.13207412177148,0.837076147409906
"3606912155",2020,"Ontario","Canandaigua town","B03002_003","White (Non-Hispanic)",95.227939216209,1.71724217044065
"3606912155",2020,"Ontario","Canandaigua town","B03002_004","Black (Non-Hispanic)",0.888651915044877,0.639827799846973
"3606912155",2020,"Ontario","Canandaigua town","B03002_012","Hispanic or Latino (Any Race)",1.95503421309873,1.05749115499303
"3606912155",2020,"Ontario","Canandaigua town","B03002_006","Asian (Non-Hispanic)",0.204389940460322,0.248822321425618
"3606912155",2020,"Ontario","Canandaigua town","B03002_005","Native American (Non-Hispanic)",0.133297787256732,0.319914618361895
"3606912155",2020,"Ontario","Canandaigua town","B03002_007","Pacific Islander (Non-Hispanic)",0,0.168843863858527
"3606912155",2020,"Ontario","Canandaigua town","B03002_008","Other (Non-Hispanic)",0,0.168843863858527
"3606912155",2020,"Ontario","Canandaigua town","B03002_009","Two or More Races (Non-Hispanic)",1.59068692793033,1.23522354130608
"3606928651",2020,"Ontario","Geneva town","B03002_003","White (Non-Hispanic)",81.1611732688237,7.85103263213875
"3606928651",2020,"Ontario","Geneva town","B03002_004","Black (Non-Hispanic)",2.47958875113396,2.35859875925344
"3606928651",2020,"Ontario","Geneva town","B03002_012","Hispanic or Latino (Any Race)",6.62231629876021,3.1749006511381
"3606928651",2020,"Ontario","Geneva town","B03002_006","Asian (Non-Hispanic)",7.25733293014817,7.71082598768055
"3606928651",2020,"Ontario","Geneva town","B03002_005","Native American (Non-Hispanic)",0,0.362866646507409
"3606928651",2020,"Ontario","Geneva town","B03002_007","Pacific Islander (Non-Hispanic)",0,0.362866646507409
"3606928651",2020,"Ontario","Geneva town","B03002_008","Other (Non-Hispanic)",0,0.362866646507409
"3606928651",2020,"Ontario","Geneva town","B03002_009","Two or More Races (Non-Hispanic)",2.47958875113396,2.99362269681695
"3606944864",2020,"Ontario","Manchester town","B03002_003","White (Non-Hispanic)",93.7785512290624,2.10018741131447
"3606944864",2020,"Ontario","Manchester town","B03002_004","Black (Non-Hispanic)",0.424189688927561,0.315421752287645
"3606944864",2020,"Ontario","Manchester town","B03002_012","Hispanic or Latino (Any Race)",3.7415705895149,1.71849279878597
"3606944864",2020,"Ontario","Manchester town","B03002_006","Asian (Non-Hispanic)",0.271916467261257,0.511202616236353
"3606944864",2020,"Ontario","Manchester town","B03002_005","Native American (Non-Hispanic)",0.0543832934522515,0.0870131891031114
"3606944864",2020,"Ontario","Manchester town","B03002_007","Pacific Islander (Non-Hispanic)",0,0.184903197737655
"3606944864",2020,"Ontario","Manchester town","B03002_008","Other (Non-Hispanic)",0,0.184903197737655
"3606944864",2020,"Ontario","Manchester town","B03002_009","Two or More Races (Non-Hispanic)",1.7293887317816,0.957138571605651
"3606966289",2020,"Ontario","Seneca town","B03002_003","White (Non-Hispanic)",93.2096474953618,5.59985193911767
"3606966289",2020,"Ontario","Seneca town","B03002_004","Black (Non-Hispanic)",0.593692022263451,0.9276247158865
"3606966289",2020,"Ontario","Seneca town","B03002_012","Hispanic or Latino (Any Race)",5.49165120593692,5.34294493487665
"3606966289",2020,"Ontario","Seneca town","B03002_006","Asian (Non-Hispanic)",0.556586270871985,0.704987223983404
"3606966289",2020,"Ontario","Seneca town","B03002_005","Native American (Non-Hispanic)",0.148423005565863,0.259736003298208
"3606966289",2020,"Ontario","Seneca town","B03002_007","Pacific Islander (Non-Hispanic)",0,0.445269016697588
"3606966289",2020,"Ontario","Seneca town","B03002_008","Other (Non-Hispanic)",0,0.445269016697588
"3606966289",2020,"Ontario","Seneca town","B03002_009","Two or More Races (Non-Hispanic)",0,0.445269016697588
"3607301044",2020,"Orleans","Albion town","B03002_003","White (Non-Hispanic)",73.552290406223,3.32403273442897
"3607301044",2020,"Orleans","Albion town","B03002_004","Black (Non-Hispanic)",16.890974194345,2.65400636256291
"3607301044",2020,"Orleans","Albion town","B03002_012","Hispanic or Latino (Any Race)",4.81540930979133,1.97548239039716
"3607301044",2020,"Orleans","Albion town","B03002_006","Asian (Non-Hispanic)",0.259291270527226,0.25928972095272
"3607301044",2020,"Orleans","Albion town","B03002_005","Native American (Non-Hispanic)",0.246944067168786,0.345720639905527
"3607301044",2020,"Orleans","Albion town","B03002_007","Pacific Islander (Non-Hispanic)",0,0.209902457093468
"3607301044",2020,"Orleans","Albion town","B03002_008","Other (Non-Hispanic)",0.234596863810347,0.28398451907461
"3607301044",2020,"Orleans","Albion town","B03002_009","Two or More Races (Non-Hispanic)",4.00049388813434,2.17306377883031
"3607327958",2020,"Orleans","Gaines town","B03002_003","White (Non-Hispanic)",91.0798122065728,5.39779990493847
"3607327958",2020,"Orleans","Gaines town","B03002_004","Black (Non-Hispanic)",3.8810641627543,3.84972213802991
"3607327958",2020,"Orleans","Gaines town","B03002_012","Hispanic or Latino (Any Race)",3.31768388106416,2.59776238091929
"3607327958",2020,"Orleans","Gaines town","B03002_006","Asian (Non-Hispanic)",0.751173708920188,0.938960513334144
"3607327958",2020,"Orleans","Gaines town","B03002_005","Native American (Non-Hispanic)",0,0.375586854460094
"3607327958",2020,"Orleans","Gaines town","B03002_007","Pacific Islander (Non-Hispanic)",0,0.375586854460094
"3607327958",2020,"Orleans","Gaines town","B03002_008","Other (Non-Hispanic)",0,0.375586854460094
"3607327958",2020,"Orleans","Gaines town","B03002_009","Two or More Races (Non-Hispanic)",0.970266040688576,1.47104146042185
"3607361742",2020,"Orleans","Ridgeway town","B03002_003","White (Non-Hispanic)",87.3719060381523,3.46061162390705
"3607361742",2020,"Orleans","Ridgeway town","B03002_004","Black (Non-Hispanic)",5.80167113353303,2.47482723332501
"3607361742",2020,"Orleans","Ridgeway town","B03002_012","Hispanic or Latino (Any Race)",1.81302222922907,2.09676017053868
"3607361742",2020,"Orleans","Ridgeway town","B03002_006","Asian (Non-Hispanic)",1.38735614062746,0.819742269286662
"3607361742",2020,"Orleans","Ridgeway town","B03002_005","Native American (Non-Hispanic)",0,0.268011981712124
"3607361742",2020,"Orleans","Ridgeway town","B03002_007","Pacific Islander (Non-Hispanic)",0,0.268011981712124
"3607361742",2020,"Orleans","Ridgeway town","B03002_008","Other (Non-Hispanic)",0.0630616427557938,0.110356967974378
"3607361742",2020,"Orleans","Ridgeway town","B03002_009","Two or More Races (Non-Hispanic)",3.56298281570235,2.04934750577911
"3609978564",2020,"Seneca","Waterloo town","B03002_003","White (Non-Hispanic)",92.5458248472505,1.97840634172818
"3609978564",2020,"Seneca","Waterloo town","B03002_004","Black (Non-Hispanic)",1.73794976238968,0.950428357714599
"3609978564",2020,"Seneca","Waterloo town","B03002_012","Hispanic or Latino (Any Race)",3.09572301425662,1.04544814100342
"3609978564",2020,"Seneca","Waterloo town","B03002_006","Asian (Non-Hispanic)",0.678886625933469,0.488794537753897
"3609978564",2020,"Seneca","Waterloo town","B03002_005","Native American (Non-Hispanic)",0.366598778004073,0.556686051891791
"3609978564",2020,"Seneca","Waterloo town","B03002_007","Pacific Islander (Non-Hispanic)",0,0.230821452817379
"3609978564",2020,"Seneca","Waterloo town","B03002_008","Other (Non-Hispanic)",0,0.230821452817379
"3609978564",2020,"Seneca","Waterloo town","B03002_009","Two or More Races (Non-Hispanic)",1.57501697216565,0.882541187672634
"3611728013",2020,"Wayne","Galen town","B03002_003","White (Non-Hispanic)",94.1407207648934,2.52358781119739
"3611728013",2020,"Wayne","Galen town","B03002_004","Black (Non-Hispanic)",1.83868595243932,1.17671722236321
"3611728013",2020,"Wayne","Galen town","B03002_012","Hispanic or Latino (Any Race)",1.96126501593528,1.32381162401413
"3611728013",2020,"Wayne","Galen town","B03002_006","Asian (Non-Hispanic)",0.024515812699191,0.0490314471091788
"3611728013",2020,"Wayne","Galen town","B03002_005","Native American (Non-Hispanic)",0.0735474380975729,0.12257842165431
"3611728013",2020,"Wayne","Galen town","B03002_007","Pacific Islander (Non-Hispanic)",0,0.294189752390292
"3611728013",2020,"Wayne","Galen town","B03002_008","Other (Non-Hispanic)",0,0.294189752390292
"3611728013",2020,"Wayne","Galen town","B03002_009","Two or More Races (Non-Hispanic)",1.96126501593528,1.29929501389739
"3611745645",2020,"Wayne","Marion town","B03002_003","White (Non-Hispanic)",91.5117042222708,4.46504604121505
"3611745645",2020,"Wayne","Marion town","B03002_004","Black (Non-Hispanic)",2.40647560708816,2.14392248935128
"3611745645",2020,"Wayne","Marion town","B03002_012","Hispanic or Latino (Any Race)",2.53773791292934,1.96890006909448
"3611745645",2020,"Wayne","Marion town","B03002_006","Asian (Non-Hispanic)",0,0.262524611682345
"3611745645",2020,"Wayne","Marion town","B03002_005","Native American (Non-Hispanic)",0,0.262524611682345
"3611745645",2020,"Wayne","Marion town","B03002_007","Pacific Islander (Non-Hispanic)",0,0.262524611682345
"3611745645",2020,"Wayne","Marion town","B03002_008","Other (Non-Hispanic)",0,0.262524611682345
"3611745645",2020,"Wayne","Marion town","B03002_009","Two or More Races (Non-Hispanic)",3.54408225771166,2.16576684292977
"3611763605",2020,"Wayne","Rose town","B03002_003","White (Non-Hispanic)",92.1259842519685,2.64956683346699
"3611763605",2020,"Wayne","Rose town","B03002_004","Black (Non-Hispanic)",1.18110236220472,1.17101540089199
"3611763605",2020,"Wayne","Rose town","B03002_012","Hispanic or Latino (Any Race)",4.33070866141732,3.29845316190453
"3611763605",2020,"Wayne","Rose town","B03002_006","Asian (Non-Hispanic)",1.72244094488189,1.95564552070646
"3611763605",2020,"Wayne","Rose town","B03002_005","Native American (Non-Hispanic)",0,0.590551181102362
"3611763605",2020,"Wayne","Rose town","B03002_007","Pacific Islander (Non-Hispanic)",0,0.590551181102362
"3611763605",2020,"Wayne","Rose town","B03002_008","Other (Non-Hispanic)",0,0.590551181102362
"3611763605",2020,"Wayne","Rose town","B03002_009","Two or More Races (Non-Hispanic)",0.639763779527559,0.931309524909128
"3611782040",2020,"Wayne","Williamson town","B03002_003","White (Non-Hispanic)",87.9637874740279,4.97416970065035
"3611782040",2020,"Wayne","Williamson town","B03002_004","Black (Non-Hispanic)",1.70673790442268,1.43958007396389
"3611782040",2020,"Wayne","Williamson town","B03002_012","Hispanic or Latino (Any Race)",7.19798159691303,4.00701996783357
"3611782040",2020,"Wayne","Williamson town","B03002_006","Asian (Non-Hispanic)",0.0593647966755714,0.118729355045161
"3611782040",2020,"Wayne","Williamson town","B03002_005","Native American (Non-Hispanic)",0,0.252300385871178
"3611782040",2020,"Wayne","Williamson town","B03002_007","Pacific Islander (Non-Hispanic)",0,0.252300385871178
"3611782040",2020,"Wayne","Williamson town","B03002_008","Other (Non-Hispanic)",0.31166518254675,0.400710431391814
"3611782040",2020,"Wayne","Williamson town","B03002_009","Two or More Races (Non-Hispanic)",2.76046304541407,1.78090954816301
"3605103364",2020,"Livingston","Avon town","B03002_003","White (Non-Hispanic)",95.0791116272318,2.1834618821031
"3605103364",2020,"Livingston","Avon town","B03002_004","Black (Non-Hispanic)",0.667731165626361,0.754823242975821
"3605103364",2020,"Livingston","Avon town","B03002_012","Hispanic or Latino (Any Race)",1.40804180577733,1.00158571644872
"3605103364",2020,"Livingston","Avon town","B03002_006","Asian (Non-Hispanic)",1.3209464363478,1.72738586387669
"3605103364",2020,"Livingston","Avon town","B03002_005","Native American (Non-Hispanic)",0.696762955436203,0.464502812005594
"3605103364",2020,"Livingston","Avon town","B03002_007","Pacific Islander (Non-Hispanic)",0,0.246770213383655
"3605103364",2020,"Livingston","Avon town","B03002_008","Other (Non-Hispanic)",0,0.246770213383655
"3605103364",2020,"Livingston","Avon town","B03002_009","Two or More Races (Non-Hispanic)",0.827406009580491,0.508048811636575
"3605111715",2020,"Livingston","Caledonia town","B03002_003","White (Non-Hispanic)",89.7305171158048,2.93864031999469
"3605111715",2020,"Livingston","Caledonia town","B03002_004","Black (Non-Hispanic)",3.05899490167516,1.16526299915146
"3605111715",2020,"Livingston","Caledonia town","B03002_012","Hispanic or Latino (Any Race)",3.39888322408352,1.69938371479651
"3605111715",2020,"Livingston","Caledonia town","B03002_006","Asian (Non-Hispanic)",0.873998543335761,1.14104795214755
"3605111715",2020,"Livingston","Caledonia town","B03002_005","Native American (Non-Hispanic)",0,0.291332847778587
"3605111715",2020,"Livingston","Caledonia town","B03002_007","Pacific Islander (Non-Hispanic)",0,0.291332847778587
"3605111715",2020,"Livingston","Caledonia town","B03002_008","Other (Non-Hispanic)",0.315610585093469,0.436997330300915
"3605111715",2020,"Livingston","Caledonia town","B03002_009","Two or More Races (Non-Hispanic)",2.62199563000728,1.82079814109577
"3605128629",2020,"Livingston","Geneseo town","B03002_003","White (Non-Hispanic)",85.4493850520341,2.40706415510633
"3605128629",2020,"Livingston","Geneseo town","B03002_004","Black (Non-Hispanic)",2.67738883632923,1.05012969145604
"3605128629",2020,"Livingston","Geneseo town","B03002_012","Hispanic or Latino (Any Race)",6.28192999053926,1.65558647043879
"3605128629",2020,"Livingston","Geneseo town","B03002_006","Asian (Non-Hispanic)",3.49101229895932,1.81644967359748
"3605128629",2020,"Livingston","Geneseo town","B03002_005","Native American (Non-Hispanic)",0.0567644276253548,0.113528804443378
"3605128629",2020,"Livingston","Geneseo town","B03002_007","Pacific Islander (Non-Hispanic)",0,0.179754020813623
"3605128629",2020,"Livingston","Geneseo town","B03002_008","Other (Non-Hispanic)",0,0.179754020813623
"3605128629",2020,"Livingston","Geneseo town","B03002_009","Two or More Races (Non-Hispanic)",2.04351939451277,1.3244976672788
"3605131016",2020,"Livingston","Groveland town","B03002_003","White (Non-Hispanic)",60.0062247121071,6.23234648370104
"3605131016",2020,"Livingston","Groveland town","B03002_004","Black (Non-Hispanic)",23.9340180516651,4.38310180159159
"3605131016",2020,"Livingston","Groveland town","B03002_012","Hispanic or Latino (Any Race)",11.1733582321818,2.89273372569006
"3605131016",2020,"Livingston","Groveland town","B03002_006","Asian (Non-Hispanic)",0.404606286959228,0.529087926018029
"3605131016",2020,"Livingston","Groveland town","B03002_005","Native American (Non-Hispanic)",0.995953937130408,0.778037084585873
"3605131016",2020,"Livingston","Groveland town","B03002_007","Pacific Islander (Non-Hispanic)",0,0.373482726423903
"3605131016",2020,"Livingston","Groveland town","B03002_008","Other (Non-Hispanic)",0,0.373482726423903
"3605131016",2020,"Livingston","Groveland town","B03002_009","Two or More Races (Non-Hispanic)",3.48583877995643,1.58698973973721
"3605141883",2020,"Livingston","Leicester town","B03002_003","White (Non-Hispanic)",95.1648351648352,3.82249368390555
"3605141883",2020,"Livingston","Leicester town","B03002_004","Black (Non-Hispanic)",0.351648351648352,0.437024961744329
"3605141883",2020,"Livingston","Leicester town","B03002_012","Hispanic or Latino (Any Race)",0.791208791208791,0.739685706164903
"3605141883",2020,"Livingston","Leicester town","B03002_006","Asian (Non-Hispanic)",0.879120879120879,1.09256240436082
"3605141883",2020,"Livingston","Leicester town","B03002_005","Native American (Non-Hispanic)",0.527472527472527,0.611307989858196
"3605141883",2020,"Livingston","Leicester town","B03002_007","Pacific Islander (Non-Hispanic)",0,0.527472527472527
"3605141883",2020,"Livingston","Leicester town","B03002_008","Other (Non-Hispanic)",0,0.527472527472527
"3605141883",2020,"Livingston","Leicester town","B03002_009","Two or More Races (Non-Hispanic)",2.28571428571429,1.73133208844522
"3605142961",2020,"Livingston","Livonia town","B03002_003","White (Non-Hispanic)",93.7400741132874,2.39314853129165
"3605142961",2020,"Livingston","Livonia town","B03002_004","Black (Non-Hispanic)",0.476442562202223,0.542611842980795
"3605142961",2020,"Livingston","Livonia town","B03002_012","Hispanic or Latino (Any Race)",0.913181577554262,0.674950558497231
"3605142961",2020,"Livingston","Livonia town","B03002_006","Asian (Non-Hispanic)",0.966119640021175,1.01905048321951
"3605142961",2020,"Livingston","Livonia town","B03002_005","Native American (Non-Hispanic)",0.0529380624669137,0.0794068155330168
"3605142961",2020,"Livingston","Livonia town","B03002_007","Pacific Islander (Non-Hispanic)",0.701429327686607,0.926411907246919
"3605142961",2020,"Livingston","Livonia town","B03002_008","Other (Non-Hispanic)",0,0.224986765484383
"3605142961",2020,"Livingston","Livonia town","B03002_009","Two or More Races (Non-Hispanic)",3.14981471678137,1.6939718367381
"3605148956",2020,"Livingston","Mount Morris town","B03002_003","White (Non-Hispanic)",84.7301136363636,4.69897811412593
"3605148956",2020,"Livingston","Mount Morris town","B03002_004","Black (Non-Hispanic)",4.40340909090909,2.67501856730566
"3605148956",2020,"Livingston","Mount Morris town","B03002_012","Hispanic or Latino (Any Race)",8.19128787878788,2.91138871560972
"3605148956",2020,"Livingston","Mount Morris town","B03002_006","Asian (Non-Hispanic)",0,0.284090909090909
"3605148956",2020,"Livingston","Mount Morris town","B03002_005","Native American (Non-Hispanic)",0.662878787878788,0.686537946282764
"3605148956",2020,"Livingston","Mount Morris town","B03002_007","Pacific Islander (Non-Hispanic)",0,0.284090909090909
"3605148956",2020,"Livingston","Mount Morris town","B03002_008","Other (Non-Hispanic)",0,0.284090909090909
"3605148956",2020,"Livingston","Mount Morris town","B03002_009","Two or More Races (Non-Hispanic)",2.01231060606061,2.98292255179589
"3605154089",2020,"Livingston","Nunda town","B03002_003","White (Non-Hispanic)",96.8707015130674,2.15848393163674
"3605154089",2020,"Livingston","Nunda town","B03002_004","Black (Non-Hispanic)",1.44429160935351,1.68495351661057
"3605154089",2020,"Livingston","Nunda town","B03002_012","Hispanic or Latino (Any Race)",0.137551581843191,0.275100199219099
"3605154089",2020,"Livingston","Nunda town","B03002_006","Asian (Non-Hispanic)",0,0.412654745529574
"3605154089",2020,"Livingston","Nunda town","B03002_005","Native American (Non-Hispanic)",0,0.412654745529574
"3605154089",2020,"Livingston","Nunda town","B03002_007","Pacific Islander (Non-Hispanic)",0,0.412654745529574
"3605154089",2020,"Livingston","Nunda town","B03002_008","Other (Non-Hispanic)",0,0.412654745529574
"3605154089",2020,"Livingston","Nunda town","B03002_009","Two or More Races (Non-Hispanic)",1.5474552957359,1.23788085858781
"3605155508",2020,"Livingston","Ossian town","B03002_003","White (Non-Hispanic)",98.1841763942931,3.97363916552675
"3605155508",2020,"Livingston","Ossian town","B03002_004","Black (Non-Hispanic)",0.259403372243839,0.516784974586081
"3605155508",2020,"Livingston","Ossian town","B03002_012","Hispanic or Latino (Any Race)",0.259403372243839,0.386405251359054
"3605155508",2020,"Livingston","Ossian town","B03002_006","Asian (Non-Hispanic)",0,1.55642023346304
"3605155508",2020,"Livingston","Ossian town","B03002_005","Native American (Non-Hispanic)",0,1.55642023346304
"3605155508",2020,"Livingston","Ossian town","B03002_007","Pacific Islander (Non-Hispanic)",0,1.55642023346304
"3605155508",2020,"Livingston","Ossian town","B03002_008","Other (Non-Hispanic)",0,1.55642023346304
"3605155508",2020,"Livingston","Ossian town","B03002_009","Two or More Races (Non-Hispanic)",1.2970168612192,1.93202625679527
"3605159179",2020,"Livingston","Portage town","B03002_003","White (Non-Hispanic)",94.0652818991098,25.0758079287356
"3605159179",2020,"Livingston","Portage town","B03002_004","Black (Non-Hispanic)",0.0989119683481701,0.296121981910935
"3605159179",2020,"Livingston","Portage town","B03002_012","Hispanic or Latino (Any Race)",5.34124629080119,8.24448837780958
"3605159179",2020,"Livingston","Portage town","B03002_006","Asian (Non-Hispanic)",0,1.18694362017804
"3605159179",2020,"Livingston","Portage town","B03002_005","Native American (Non-Hispanic)",0.494559841740851,0.885082226005101
"3605159179",2020,"Livingston","Portage town","B03002_007","Pacific Islander (Non-Hispanic)",0,1.18694362017804
"3605159179",2020,"Livingston","Portage town","B03002_008","Other (Non-Hispanic)",0,1.18694362017804
"3605159179",2020,"Livingston","Portage town","B03002_009","Two or More Races (Non-Hispanic)",0,1.18694362017804
"3605170475",2020,"Livingston","Springwater town","B03002_003","White (Non-Hispanic)",90.3877221324717,5.55951633205791
"3605170475",2020,"Livingston","Springwater town","B03002_004","Black (Non-Hispanic)",0.726978998384491,0.721221490556669
"3605170475",2020,"Livingston","Springwater town","B03002_012","Hispanic or Latino (Any Race)",0.92891760904685,0.799283185935248
"3605170475",2020,"Livingston","Springwater town","B03002_006","Asian (Non-Hispanic)",0.0807754442649435,0.161231978827117
"3605170475",2020,"Livingston","Springwater town","B03002_005","Native American (Non-Hispanic)",0,0.484652665589661
"3605170475",2020,"Livingston","Springwater town","B03002_007","Pacific Islander (Non-Hispanic)",0,0.484652665589661
"3605170475",2020,"Livingston","Springwater town","B03002_008","Other (Non-Hispanic)",0.0403877221324717,0.121056921505446
"3605170475",2020,"Livingston","Springwater town","B03002_009","Two or More Races (Non-Hispanic)",7.83521809369952,4.53912424733344
"3605181006",2020,"Livingston","West Sparta town","B03002_003","White (Non-Hispanic)",98.3108108108108,3.4329473186712
"3605181006",2020,"Livingston","West Sparta town","B03002_004","Black (Non-Hispanic)",0.253378378378378,0.759264047891095
"3605181006",2020,"Livingston","West Sparta town","B03002_012","Hispanic or Latino (Any Race)",0.591216216216216,0.840317884947625
"3605181006",2020,"Livingston","West Sparta town","B03002_006","Asian (Non-Hispanic)",0.591216216216216,0.925167851742977
"3605181006",2020,"Livingston","West Sparta town","B03002_005","Native American (Non-Hispanic)",0,1.01351351351351
"3605181006",2020,"Livingston","West Sparta town","B03002_007","Pacific Islander (Non-Hispanic)",0,1.01351351351351
"3605181006",2020,"Livingston","West Sparta town","B03002_008","Other (Non-Hispanic)",0,1.01351351351351
"3605181006",2020,"Livingston","West Sparta town","B03002_009","Two or More Races (Non-Hispanic)",0.253378378378378,0.335873302642538
"3605184022",2020,"Livingston","York town","B03002_003","White (Non-Hispanic)",92.965134217834,4.81009426106225
"3605184022",2020,"Livingston","York town","B03002_004","Black (Non-Hispanic)",0.246837395865474,0.370252960559611
"3605184022",2020,"Livingston","York town","B03002_012","Hispanic or Latino (Any Race)",4.99845726627584,4.81323038619154
"3605184022",2020,"Livingston","York town","B03002_006","Asian (Non-Hispanic)",0.0925640234495526,0.154272314948744
"3605184022",2020,"Livingston","York town","B03002_005","Native American (Non-Hispanic)",0.0308546744831842,0.0925638276227616
"3605184022",2020,"Livingston","York town","B03002_007","Pacific Islander (Non-Hispanic)",0,0.37025609379821
"3605184022",2020,"Livingston","York town","B03002_008","Other (Non-Hispanic)",0,0.37025609379821
"3605184022",2020,"Livingston","York town","B03002_009","Two or More Races (Non-Hispanic)",1.66615242209195,1.01815234477454
"3605500000",2020,"Monroe","County subdivisions not defined","B03002_003","White (Non-Hispanic)",0,0
"3605500000",2020,"Monroe","County subdivisions not defined","B03002_004","Black (Non-Hispanic)",0,0
"3605500000",2020,"Monroe","County subdivisions not defined","B03002_012","Hispanic or Latino (Any Race)",0,0
"3605500000",2020,"Monroe","County subdivisions not defined","B03002_006","Asian (Non-Hispanic)",0,0
"3605500000",2020,"Monroe","County subdivisions not defined","B03002_005","Native American (Non-Hispanic)",0,0
"3605500000",2020,"Monroe","County subdivisions not defined","B03002_007","Pacific Islander (Non-Hispanic)",0,0
"3605500000",2020,"Monroe","County subdivisions not defined","B03002_008","Other (Non-Hispanic)",0,0
"3605500000",2020,"Monroe","County subdivisions not defined","B03002_009","Two or More Races (Non-Hispanic)",0,0
"3605508246",2020,"Monroe","Brighton town","B03002_003","White (Non-Hispanic)",75.6076652932555,2.37409604966581
"3605508246",2020,"Monroe","Brighton town","B03002_004","Black (Non-Hispanic)",6.47623261344468,1.60383555055792
"3605508246",2020,"Monroe","Brighton town","B03002_012","Hispanic or Latino (Any Race)",4.21701739346846,0.895932978445494
"3605508246",2020,"Monroe","Brighton town","B03002_006","Asian (Non-Hispanic)",9.76688880900368,1.28580581715582
"3605508246",2020,"Monroe","Brighton town","B03002_005","Native American (Non-Hispanic)",0.31800459032713,0.18803721539635
"3605508246",2020,"Monroe","Brighton town","B03002_007","Pacific Islander (Non-Hispanic)",0.063600918065426,0.0940187259251381
"3605508246",2020,"Monroe","Brighton town","B03002_008","Other (Non-Hispanic)",0.232281613804164,0.270995111894071
"3605508246",2020,"Monroe","Brighton town","B03002_009","Two or More Races (Non-Hispanic)",3.31830876863092,0.879345269526443
"3605515462",2020,"Monroe","Chili town","B03002_003","White (Non-Hispanic)",83.0837590091666,3.02819058495498
"3605515462",2020,"Monroe","Chili town","B03002_004","Black (Non-Hispanic)",8.59631936183612,1.9731846012581
"3605515462",2020,"Monroe","Chili town","B03002_012","Hispanic or Latino (Any Race)",3.29578056119236,1.29450191746503
"3605515462",2020,"Monroe","Chili town","B03002_006","Asian (Non-Hispanic)",2.15870128052621,1.55341840078528
"3605515462",2020,"Monroe","Chili town","B03002_005","Native American (Non-Hispanic)",0.0664754041004828,0.0664752527074375
"3605515462",2020,"Monroe","Chili town","B03002_007","Pacific Islander (Non-Hispanic)",0.0664754041004828,0.0979636506803059
"3605515462",2020,"Monroe","Chili town","B03002_008","Other (Non-Hispanic)",0.0104961164369183,0.0174935130523753
"3605515462",2020,"Monroe","Chili town","B03002_009","Two or More Races (Non-Hispanic)",2.72199286264082,1.17205193855933
"3605515957",2020,"Monroe","Clarkson town","B03002_003","White (Non-Hispanic)",82.0744081172491,8.77654610741628
"3605515957",2020,"Monroe","Clarkson town","B03002_004","Black (Non-Hispanic)",2.60710259301015,2.81847971111122
"3605515957",2020,"Monroe","Clarkson town","B03002_012","Hispanic or Latino (Any Race)",13.4864712514092,8.45538242868012
"3605515957",2020,"Monroe","Clarkson town","B03002_006","Asian (Non-Hispanic)",1.46561443066516,2.24069517767564
"3605515957",2020,"Monroe","Clarkson town","B03002_005","Native American (Non-Hispanic)",0,0.239571589627959
"3605515957",2020,"Monroe","Clarkson town","B03002_007","Pacific Islander (Non-Hispanic)",0,0.239571589627959
"3605515957",2020,"Monroe","Clarkson town","B03002_008","Other (Non-Hispanic)",0,0.239571589627959
"3605515957",2020,"Monroe","Clarkson town","B03002_009","Two or More Races (Non-Hispanic)",0.366403607666291,0.59188184992413
"3605522870",2020,"Monroe","East Rochester town","B03002_003","White (Non-Hispanic)",85.1301684532925,5.87533223855848
"3605522870",2020,"Monroe","East Rochester town","B03002_004","Black (Non-Hispanic)",5.37519142419602,5.08420259072312
"3605522870",2020,"Monroe","East Rochester town","B03002_012","Hispanic or Latino (Any Race)",4.76263399693721,2.66458877460447
"3605522870",2020,"Monroe","East Rochester town","B03002_006","Asian (Non-Hispanic)",0.306278713629403,0.336905406367116
"3605522870",2020,"Monroe","East Rochester town","B03002_005","Native American (Non-Hispanic)",0.826952526799387,1.01071689091868
"3605522870",2020,"Monroe","East Rochester town","B03002_007","Pacific Islander (Non-Hispanic)",0.137825421133231,0.260336597716209
"3605522870",2020,"Monroe","East Rochester town","B03002_008","Other (Non-Hispanic)",0,0.260336906584992
"3605522870",2020,"Monroe","East Rochester town","B03002_009","Two or More Races (Non-Hispanic)",3.46094946401225,1.80701635117338
"3605528442",2020,"Monroe","Gates town","B03002_003","White (Non-Hispanic)",75.328703866897,2.98825355711703
"3605528442",2020,"Monroe","Gates town","B03002_004","Black (Non-Hispanic)",12.418484965984,1.73424411328386
"3605528442",2020,"Monroe","Gates town","B03002_012","Hispanic or Latino (Any Race)",6.68687652014523,1.94577469994108
"3605528442",2020,"Monroe","Gates town","B03002_006","Asian (Non-Hispanic)",2.84112940181184,1.05396362835171
"3605528442",2020,"Monroe","Gates town","B03002_005","Native American (Non-Hispanic)",0.0422996933272234,0.0563995756505427
"3605528442",2020,"Monroe","Gates town","B03002_007","Pacific Islander (Non-Hispanic)",0,0.0810744122105115
"3605528442",2020,"Monroe","Gates town","B03002_008","Other (Non-Hispanic)",0.0599245655468998,0.0563995600908082
"3605528442",2020,"Monroe","Gates town","B03002_009","Two or More Races (Non-Hispanic)",2.62258098628785,1.00461438182964
"3605530290",2020,"Monroe","Greece town","B03002_003","White (Non-Hispanic)",80.4755396509092,1.63956362735659
"3605530290",2020,"Monroe","Greece town","B03002_004","Black (Non-Hispanic)",7.02146083944538,1.24674753748887
"3605530290",2020,"Monroe","Greece town","B03002_012","Hispanic or Latino (Any Race)",6.57388183496959,0.829422815154188
"3605530290",2020,"Monroe","Greece town","B03002_006","Asian (Non-Hispanic)",2.41108410103392,0.616593620315421
"3605530290",2020,"Monroe","Greece town","B03002_005","Native American (Non-Hispanic)",0.0594685390562239,0.0427756050088507
"3605530290",2020,"Monroe","Greece town","B03002_007","Pacific Islander (Non-Hispanic)",0.0156496155411115,0.0292126145812125
"3605530290",2020,"Monroe","Greece town","B03002_008","Other (Non-Hispanic)",0.195098540412524,0.116850420140786
"3605530290",2020,"Monroe","Greece town","B03002_009","Two or More Races (Non-Hispanic)",3.24781687863201,0.732400125317633
"3605531797",2020,"Monroe","Hamlin town","B03002_003","White (Non-Hispanic)",96.6214714380973,1.41029821593064
"3605531797",2020,"Monroe","Hamlin town","B03002_004","Black (Non-Hispanic)",1.08913091798177,0.711263238553051
"3605531797",2020,"Monroe","Hamlin town","B03002_012","Hispanic or Latino (Any Race)",0.944654367637253,0.500104788601647
"3605531797",2020,"Monroe","Hamlin town","B03002_006","Asian (Non-Hispanic)",0.0666814847743943,0.100022069031378
"3605531797",2020,"Monroe","Hamlin town","B03002_005","Native American (Non-Hispanic)",0,0.188930873527451
"3605531797",2020,"Monroe","Hamlin town","B03002_007","Pacific Islander (Non-Hispanic)",0,0.188930873527451
"3605531797",2020,"Monroe","Hamlin town","B03002_008","Other (Non-Hispanic)",0.188930873527451,0.300066258340074
"3605531797",2020,"Monroe","Hamlin town","B03002_009","Two or More Races (Non-Hispanic)",1.08913091798177,0.900195357153956
"3605537726",2020,"Monroe","Irondequoit town","B03002_003","White (Non-Hispanic)",78.5943638938194,1.86801415072331
"3605537726",2020,"Monroe","Irondequoit town","B03002_004","Black (Non-Hispanic)",8.50202429149797,1.41001263028922
"3605537726",2020,"Monroe","Irondequoit town","B03002_012","Hispanic or Latino (Any Race)",8.85502881873118,1.48579858617618
"3605537726",2020,"Monroe","Irondequoit town","B03002_006","Asian (Non-Hispanic)",1.27241179872759,0.478649473847515
"3605537726",2020,"Monroe","Irondequoit town","B03002_005","Native American (Non-Hispanic)",0.0957300412835803,0.0737918799260139
"3605537726",2020,"Monroe","Irondequoit town","B03002_007","Pacific Islander (Non-Hispanic)",0.0877525378432819,0.105701904806081
"3605537726",2020,"Monroe","Irondequoit town","B03002_008","Other (Non-Hispanic)",0.203426337727608,0.187471283040015
"3605537726",2020,"Monroe","Irondequoit town","B03002_009","Two or More Races (Non-Hispanic)",2.38926228036936,0.715979206980369
"3605546558",2020,"Monroe","Mendon town","B03002_003","White (Non-Hispanic)",94.0526486837829,3.10950659209498
"3605546558",2020,"Monroe","Mendon town","B03002_004","Black (Non-Hispanic)",1.42996425089373,1.32162795178158
"3605546558",2020,"Monroe","Mendon town","B03002_012","Hispanic or Latino (Any Race)",1.50579568844112,1.26746175261555
"3605546558",2020,"Monroe","Mendon town","B03002_006","Asian (Non-Hispanic)",0.476654750297909,1.35413219802892
"3605546558",2020,"Monroe","Mendon town","B03002_005","Native American (Non-Hispanic)",0.097497562560936,0.173328798981941
"3605546558",2020,"Monroe","Mendon town","B03002_007","Pacific Islander (Non-Hispanic)",0,0.184162062615101
"3605546558",2020,"Monroe","Mendon town","B03002_008","Other (Non-Hispanic)",0,0.184162062615101
"3605546558",2020,"Monroe","Mendon town","B03002_009","Two or More Races (Non-Hispanic)",2.4374390640234,1.92827382694328
"3605554474",2020,"Monroe","Ogden town","B03002_003","White (Non-Hispanic)",90.3752997015218,2.78214239322739
"3605554474",2020,"Monroe","Ogden town","B03002_004","Black (Non-Hispanic)",1.67343543572931,0.753532692129615
"3605554474",2020,"Monroe","Ogden town","B03002_012","Hispanic or Latino (Any Race)",5.26985369672652,2.55418343095805
"3605554474",2020,"Monroe","Ogden town","B03002_006","Asian (Non-Hispanic)",0.817145373587121,0.411018109628942
"3605554474",2020,"Monroe","Ogden town","B03002_005","Native American (Non-Hispanic)",0.0195723442775358,0.0293585074190524
"3605554474",2020,"Monroe","Ogden town","B03002_007","Pacific Islander (Non-Hispanic)",0,0.112540979595831
"3605554474",2020,"Monroe","Ogden town","B03002_008","Other (Non-Hispanic)",0.195723442775358,0.225081841836198
"3605554474",2020,"Monroe","Ogden town","B03002_009","Two or More Races (Non-Hispanic)",1.64897000538239,0.919898142859722
"3605557144",2020,"Monroe","Penfield town","B03002_003","White (Non-Hispanic)",88.9872568745808,2.10358087922988
"3605557144",2020,"Monroe","Penfield town","B03002_004","Black (Non-Hispanic)",1.95036887994634,0.944330105573947
"3605557144",2020,"Monroe","Penfield town","B03002_012","Hispanic or Latino (Any Race)",3.67806841046278,1.07309729583794
"3605557144",2020,"Monroe","Penfield town","B03002_006","Asian (Non-Hispanic)",3.73708920187793,1.44332048404763
"3605557144",2020,"Monroe","Penfield town","B03002_005","Native American (Non-Hispanic)",0.0778001341381623,0.0643862582313239
"3605557144",2020,"Monroe","Penfield town","B03002_007","Pacific Islander (Non-Hispanic)",0,0.0697518443997317
"3605557144",2020,"Monroe","Penfield town","B03002_008","Other (Non-Hispanic)",0.0214621059691482,0.0429242051262805
"3605557144",2020,"Monroe","Penfield town","B03002_009","Two or More Races (Non-Hispanic)",1.54795439302482,0.539232591674598
"3605557221",2020,"Monroe","Perinton town","B03002_003","White (Non-Hispanic)",88.9708239820455,1.91115045760873
"3605557221",2020,"Monroe","Perinton town","B03002_004","Black (Non-Hispanic)",1.9578924869082,0.709623941120806
"3605557221",2020,"Monroe","Perinton town","B03002_012","Hispanic or Latino (Any Race)",4.2214384952442,1.38932180890827
"3605557221",2020,"Monroe","Perinton town","B03002_006","Asian (Non-Hispanic)",3.08218446083146,0.91481310480414
"3605557221",2020,"Monroe","Perinton town","B03002_005","Native American (Non-Hispanic)",0.213743721278187,0.181681920392939
"3605557221",2020,"Monroe","Perinton town","B03002_007","Pacific Islander (Non-Hispanic)",0,0.0555733675323287
"3605557221",2020,"Monroe","Perinton town","B03002_008","Other (Non-Hispanic)",0,0.0555733675323287
"3605557221",2020,"Monroe","Perinton town","B03002_009","Two or More Races (Non-Hispanic)",1.55391685369242,0.66046457026425
"3605561808",2020,"Monroe","Riga town","B03002_003","White (Non-Hispanic)",95.4811270600744,2.04057155827943
"3605561808",2020,"Monroe","Riga town","B03002_004","Black (Non-Hispanic)",1.2581959950381,1.01008307048759
"3605561808",2020,"Monroe","Riga town","B03002_012","Hispanic or Latino (Any Race)",1.09870636186426,1.04552993476176
"3605561808",2020,"Monroe","Riga town","B03002_006","Asian (Non-Hispanic)",0.620237462342725,0.708836601906644
"3605561808",2020,"Monroe","Riga town","B03002_005","Native American (Non-Hispanic)",0,0.301258195995038
"3605561808",2020,"Monroe","Riga town","B03002_007","Pacific Islander (Non-Hispanic)",0,0.301258195995038
"3605561808",2020,"Monroe","Riga town","B03002_008","Other (Non-Hispanic)",0,0.301258195995038
"3605561808",2020,"Monroe","Riga town","B03002_009","Two or More Races (Non-Hispanic)",1.54173312068049,0.868301113149667
"3605563000",2020,"Monroe","Rochester city","B03002_003","White (Non-Hispanic)",35.8093013563872,0.747152763499437
"3605563000",2020,"Monroe","Rochester city","B03002_004","Black (Non-Hispanic)",37.0925144288781,0.757323686040414
"3605563000",2020,"Monroe","Rochester city","B03002_012","Hispanic or Latino (Any Race)",19.3940598089718,0.59456525585154
"3605563000",2020,"Monroe","Rochester city","B03002_006","Asian (Non-Hispanic)",3.25164641858527,0.46327353431292
"3605563000",2020,"Monroe","Rochester city","B03002_005","Native American (Non-Hispanic)",0.249567497104532,0.0722049169604008
"3605563000",2020,"Monroe","Rochester city","B03002_007","Pacific Islander (Non-Hispanic)",0.0266528394966006,0.0266528380066451
"3605563000",2020,"Monroe","Rochester city","B03002_008","Other (Non-Hispanic)",0.542264134485382,0.262651555726774
"3605563000",2020,"Monroe","Rochester city","B03002_009","Two or More Races (Non-Hispanic)",3.63399351609105,0.442920065969822
"3605564144",2020,"Monroe","Rush town","B03002_003","White (Non-Hispanic)",92.7041111754488,3.61212489261768
"3605564144",2020,"Monroe","Rush town","B03002_004","Black (Non-Hispanic)",3.21366531557614,2.57666199873082
"3605564144",2020,"Monroe","Rush town","B03002_012","Hispanic or Latino (Any Race)",1.56340474811812,1.38966649847191
"3605564144",2020,"Monroe","Rush town","B03002_006","Asian (Non-Hispanic)",1.15807759119861,1.15806006960984
"3605564144",2020,"Monroe","Rush town","B03002_005","Native American (Non-Hispanic)",0,0.347423277359583
"3605564144",2020,"Monroe","Rush town","B03002_007","Pacific Islander (Non-Hispanic)",0,0.347423277359583
"3605564144",2020,"Monroe","Rush town","B03002_008","Other (Non-Hispanic)",0,0.347423277359583
"3605564144",2020,"Monroe","Rush town","B03002_009","Two or More Races (Non-Hispanic)",1.36074116965837,1.59233909466599
"3605578971",2020,"Monroe","Webster town","B03002_003","White (Non-Hispanic)",89.1501025046796,1.84436112766643
"3605578971",2020,"Monroe","Webster town","B03002_004","Black (Non-Hispanic)",1.9186201978786,0.886887617843731
"3605578971",2020,"Monroe","Webster town","B03002_012","Hispanic or Latino (Any Race)",3.46733220429628,1.07852562710349
"3605578971",2020,"Monroe","Webster town","B03002_006","Asian (Non-Hispanic)",2.79882342454764,0.971564740017912
"3605578971",2020,"Monroe","Webster town","B03002_005","Native American (Non-Hispanic)",0.0846777787681612,0.0891344904650011
"3605578971",2020,"Monroe","Webster town","B03002_007","Pacific Islander (Non-Hispanic)",0,0.0579374275782155
"3605578971",2020,"Monroe","Webster town","B03002_008","Other (Non-Hispanic)",0,0.0579374275782155
"3605578971",2020,"Monroe","Webster town","B03002_009","Two or More Races (Non-Hispanic)",2.58044388982975,1.03173080020711
"3605581402",2020,"Monroe","Wheatland town","B03002_003","White (Non-Hispanic)",90.3061224489796,4.14320487762471
"3605581402",2020,"Monroe","Wheatland town","B03002_004","Black (Non-Hispanic)",3.35884353741497,2.42341374123049
"3605581402",2020,"Monroe","Wheatland town","B03002_012","Hispanic or Latino (Any Race)",3.57142857142857,2.1682970317462
"3605581402",2020,"Monroe","Wheatland town","B03002_006","Asian (Non-Hispanic)",0.361394557823129,0.595235472442139
"3605581402",2020,"Monroe","Wheatland town","B03002_005","Native American (Non-Hispanic)",0.0425170068027211,0.0850337594939034
"3605581402",2020,"Monroe","Wheatland town","B03002_007","Pacific Islander (Non-Hispanic)",0,0.255102040816327
"3605581402",2020,"Monroe","Wheatland town","B03002_008","Other (Non-Hispanic)",0,0.255102040816327
"3605581402",2020,"Monroe","Wheatland town","B03002_009","Two or More Races (Non-Hispanic)",2.35969387755102,1.8707127205315
"3606908378",2020,"Ontario","Bristol town","B03002_003","White (Non-Hispanic)",97.5806451612903,1.46415532624725
"3606908378",2020,"Ontario","Bristol town","B03002_004","Black (Non-Hispanic)",0.448028673835125,0.580201409311816
"3606908378",2020,"Ontario","Bristol town","B03002_012","Hispanic or Latino (Any Race)",0.492831541218638,0.579730781741386
"3606908378",2020,"Ontario","Bristol town","B03002_006","Asian (Non-Hispanic)",0.448028673835125,0.759940330856029
"3606908378",2020,"Ontario","Bristol town","B03002_005","Native American (Non-Hispanic)",0,0.537634408602151
"3606908378",2020,"Ontario","Bristol town","B03002_007","Pacific Islander (Non-Hispanic)",0,0.537634408602151
"3606908378",2020,"Ontario","Bristol town","B03002_008","Other (Non-Hispanic)",0.224014336917563,0.357515212232528
"3606908378",2020,"Ontario","Bristol town","B03002_009","Two or More Races (Non-Hispanic)",0.806451612903226,0.710946985723036
"3606912100",2020,"Ontario","Canadice town","B03002_003","White (Non-Hispanic)",95.7720588235294,3.48595152069338
"3606912100",2020,"Ontario","Canadice town","B03002_004","Black (Non-Hispanic)",0,0.735294117647059
"3606912100",2020,"Ontario","Canadice town","B03002_012","Hispanic or Latino (Any Race)",2.87990196078431,2.18132663343188
"3606912100",2020,"Ontario","Canadice town","B03002_006","Asian (Non-Hispanic)",0,0.735294117647059
"3606912100",2020,"Ontario","Canadice town","B03002_005","Native American (Non-Hispanic)",0,0.735294117647059
"3606912100",2020,"Ontario","Canadice town","B03002_007","Pacific Islander (Non-Hispanic)",0,0.735294117647059
"3606912100",2020,"Ontario","Canadice town","B03002_008","Other (Non-Hispanic)",0.980392156862745,1.58921408505239
"3606912100",2020,"Ontario","Canadice town","B03002_009","Two or More Races (Non-Hispanic)",0.367647058823529,0.488401991773279
"3606912144",2020,"Ontario","Canandaigua city","B03002_003","White (Non-Hispanic)",88.9366272824919,2.65826165740183
"3606912144",2020,"Ontario","Canandaigua city","B03002_004","Black (Non-Hispanic)",0.947173127624255,0.507758457824879
"3606912144",2020,"Ontario","Canandaigua city","B03002_012","Hispanic or Latino (Any Race)",7.68479640660092,2.3239277096236
"3606912144",2020,"Ontario","Canandaigua city","B03002_006","Asian (Non-Hispanic)",0.771409042085734,0.761642400247324
"3606912144",2020,"Ontario","Canandaigua city","B03002_005","Native American (Non-Hispanic)",0.273410799726589,0.537056576998019
"3606912144",2020,"Ontario","Canandaigua city","B03002_007","Pacific Islander (Non-Hispanic)",0,0.185528756957328
"3606912144",2020,"Ontario","Canandaigua city","B03002_008","Other (Non-Hispanic)",0,0.185528756957328
"3606912144",2020,"Ontario","Canandaigua city","B03002_009","Two or More Races (Non-Hispanic)",1.38658334147056,0.917873830756452
"3606921699",2020,"Ontario","East Bloomfield town","B03002_003","White (Non-Hispanic)",95.8977240797977,2.46325931303478
"3606921699",2020,"Ontario","East Bloomfield town","B03002_004","Black (Non-Hispanic)",0.95532452936218,1.18009895643899
"3606921699",2020,"Ontario","East Bloomfield town","B03002_012","Hispanic or Latino (Any Race)",1.5453779151447,1.32057739797777
"3606921699",2020,"Ontario","East Bloomfield town","B03002_006","Asian (Non-Hispanic)",0,0.337173363304299
"3606921699",2020,"Ontario","East Bloomfield town","B03002_005","Native American (Non-Hispanic)",0,0.337173363304299
"3606921699",2020,"Ontario","East Bloomfield town","B03002_007","Pacific Islander (Non-Hispanic)",0,0.337173363304299
"3606921699",2020,"Ontario","East Bloomfield town","B03002_008","Other (Non-Hispanic)",0,0.337173363304299
"3606921699",2020,"Ontario","East Bloomfield town","B03002_009","Two or More Races (Non-Hispanic)",1.60157347569542,1.32057604471418
"3606925406",2020,"Ontario","Farmington town","B03002_003","White (Non-Hispanic)",88.5962954697612,2.55620139661657
"3606925406",2020,"Ontario","Farmington town","B03002_004","Black (Non-Hispanic)",3.5334374767537,1.21995660717959
"3606925406",2020,"Ontario","Farmington town","B03002_012","Hispanic or Latino (Any Race)",3.98720523692628,1.45799811049093
"3606925406",2020,"Ontario","Farmington town","B03002_006","Asian (Non-Hispanic)",1.27947630737187,0.877778585516051
"3606925406",2020,"Ontario","Farmington town","B03002_005","Native American (Non-Hispanic)",0,0.141337499070148
"3606925406",2020,"Ontario","Farmington town","B03002_007","Pacific Islander (Non-Hispanic)",0.200848024994421,0.304991326793167
"3606925406",2020,"Ontario","Farmington town","B03002_008","Other (Non-Hispanic)",0.16365394629175,0.275236095168908
"3606925406",2020,"Ontario","Farmington town","B03002_009","Two or More Races (Non-Hispanic)",2.23908353790077,1.21252325913482
"3606928640",2020,"Ontario","Geneva city","B03002_003","White (Non-Hispanic)",71.8789308176101,2.95232130640279
"3606928640",2020,"Ontario","Geneva city","B03002_004","Black (Non-Hispanic)",6.33647798742138,1.14772566417763
"3606928640",2020,"Ontario","Geneva city","B03002_012","Hispanic or Latino (Any Race)",15.6918238993711,2.6098658075454
"3606928640",2020,"Ontario","Geneva city","B03002_006","Asian (Non-Hispanic)",2.13836477987421,0.998418105608788
"3606928640",2020,"Ontario","Geneva city","B03002_005","Native American (Non-Hispanic)",0.345911949685535,0.306602958323864
"3606928640",2020,"Ontario","Geneva city","B03002_007","Pacific Islander (Non-Hispanic)",0,0.14937106918239
"3606928640",2020,"Ontario","Geneva city","B03002_008","Other (Non-Hispanic)",0,0.14937106918239
"3606928640",2020,"Ontario","Geneva city","B03002_009","Two or More Races (Non-Hispanic)",3.60849056603774,1.52513939735808
"3606929531",2020,"Ontario","Gorham town","B03002_003","White (Non-Hispanic)",96.6198524160914,2.14971296334457
"3606929531",2020,"Ontario","Gorham town","B03002_004","Black (Non-Hispanic)",0.0238038562247084,0.0476062877764764
"3606929531",2020,"Ontario","Gorham town","B03002_012","Hispanic or Latino (Any Race)",1.64246607950488,1.33277368491263
"3606929531",2020,"Ontario","Gorham town","B03002_006","Asian (Non-Hispanic)",0.928350392763628,1.26152260763232
"3606929531",2020,"Ontario","Gorham town","B03002_005","Native American (Non-Hispanic)",0,0.285646274696501
"3606929531",2020,"Ontario","Gorham town","B03002_007","Pacific Islander (Non-Hispanic)",0,0.285646274696501
"3606929531",2020,"Ontario","Gorham town","B03002_008","Other (Non-Hispanic)",0,0.285646274696501
"3606929531",2020,"Ontario","Gorham town","B03002_009","Two or More Races (Non-Hispanic)",0.785527255415377,0.809239844987164
"3606935551",2020,"Ontario","Hopewell town","B03002_003","White (Non-Hispanic)",87.5102263430597,4.09276775530511
"3606935551",2020,"Ontario","Hopewell town","B03002_004","Black (Non-Hispanic)",3.92691573493319,2.23606778026696
"3606935551",2020,"Ontario","Hopewell town","B03002_012","Hispanic or Latino (Any Race)",6.98118352877011,3.05405359277799
"3606935551",2020,"Ontario","Hopewell town","B03002_006","Asian (Non-Hispanic)",0,0.327242977911099
"3606935551",2020,"Ontario","Hopewell town","B03002_005","Native American (Non-Hispanic)",1.00899918189256,1.2816910011612
"3606935551",2020,"Ontario","Hopewell town","B03002_007","Pacific Islander (Non-Hispanic)",0,0.327242977911099
"3606935551",2020,"Ontario","Hopewell town","B03002_008","Other (Non-Hispanic)",0.327242977911099,0.490861538430502
"3606935551",2020,"Ontario","Hopewell town","B03002_009","Two or More Races (Non-Hispanic)",0.245432233433324,0.436322117398726
"3606949440",2020,"Ontario","Naples town","B03002_003","White (Non-Hispanic)",96.0467930617184,2.21955537070896
"3606949440",2020,"Ontario","Naples town","B03002_004","Black (Non-Hispanic)",0.201694231544978,0.4029728691137
"3606949440",2020,"Ontario","Naples town","B03002_012","Hispanic or Latino (Any Race)",1.00847115772489,0.720306965238073
"3606949440",2020,"Ontario","Naples town","B03002_006","Asian (Non-Hispanic)",2.13795885437676,1.72368224488661
"3606949440",2020,"Ontario","Naples town","B03002_005","Native American (Non-Hispanic)",0,0.484066155707947
"3606949440",2020,"Ontario","Naples town","B03002_007","Pacific Islander (Non-Hispanic)",0,0.484066155707947
"3606949440",2020,"Ontario","Naples town","B03002_008","Other (Non-Hispanic)",0,0.484066155707947
"3606949440",2020,"Ontario","Naples town","B03002_009","Two or More Races (Non-Hispanic)",0.605082694634933,0.60258526129962
"3606957529",2020,"Ontario","Phelps town","B03002_003","White (Non-Hispanic)",88.4350753915971,4.48518357027718
"3606957529",2020,"Ontario","Phelps town","B03002_004","Black (Non-Hispanic)",1.12721417069243,1.18576519373783
"3606957529",2020,"Ontario","Phelps town","B03002_012","Hispanic or Latino (Any Race)",7.12926365100278,4.40632284580923
"3606957529",2020,"Ontario","Phelps town","B03002_006","Asian (Non-Hispanic)",0.453813497291758,0.688038266128592
"3606957529",2020,"Ontario","Phelps town","B03002_005","Native American (Non-Hispanic)",0,0.248865466256771
"3606957529",2020,"Ontario","Phelps town","B03002_007","Pacific Islander (Non-Hispanic)",0,0.248865466256771
"3606957529",2020,"Ontario","Phelps town","B03002_008","Other (Non-Hispanic)",0.512370077587469,0.717316210592366
"3606957529",2020,"Ontario","Phelps town","B03002_009","Two or More Races (Non-Hispanic)",2.34226321182843,1.22966504813223
"3606961544",2020,"Ontario","Richmond town","B03002_003","White (Non-Hispanic)",91.8918918918919,5.72546408937117
"3606961544",2020,"Ontario","Richmond town","B03002_004","Black (Non-Hispanic)",4.97542997542998,5.09822147350104
"3606961544",2020,"Ontario","Richmond town","B03002_012","Hispanic or Latino (Any Race)",0.552825552825553,1.19778561717145
"3606961544",2020,"Ontario","Richmond town","B03002_006","Asian (Non-Hispanic)",0,0.368550368550369
"3606961544",2020,"Ontario","Richmond town","B03002_005","Native American (Non-Hispanic)",0,0.368550368550369
"3606961544",2020,"Ontario","Richmond town","B03002_007","Pacific Islander (Non-Hispanic)",0,0.368550368550369
"3606961544",2020,"Ontario","Richmond town","B03002_008","Other (Non-Hispanic)",0.675675675675676,1.10564612024408
"3606961544",2020,"Ontario","Richmond town","B03002_009","Two or More Races (Non-Hispanic)",1.9041769041769,3.56264127460498
"3606968660",2020,"Ontario","South Bristol town","B03002_003","White (Non-Hispanic)",96.950146627566,2.98708020603088
"3606968660",2020,"Ontario","South Bristol town","B03002_004","Black (Non-Hispanic)",0.293255131964809,0.350586847905553
"3606968660",2020,"Ontario","South Bristol town","B03002_012","Hispanic or Latino (Any Race)",0.351906158357771,0.467783864875599
"3606968660",2020,"Ontario","South Bristol town","B03002_006","Asian (Non-Hispanic)",0.351906158357771,0.408928601083043
"3606968660",2020,"Ontario","South Bristol town","B03002_005","Native American (Non-Hispanic)",0.293255131964809,0.526980614716526
"3606968660",2020,"Ontario","South Bristol town","B03002_007","Pacific Islander (Non-Hispanic)",0,0.703812316715543
"3606968660",2020,"Ontario","South Bristol town","B03002_008","Other (Non-Hispanic)",0,0.703812316715543
"3606968660",2020,"Ontario","South Bristol town","B03002_009","Two or More Races (Non-Hispanic)",1.75953079178886,1.33654957383466
"3606977387",2020,"Ontario","Victor town","B03002_003","White (Non-Hispanic)",92.1500567385355,1.78952885052581
"3606977387",2020,"Ontario","Victor town","B03002_004","Black (Non-Hispanic)",1.7956077698418,1.047990177905
"3606977387",2020,"Ontario","Victor town","B03002_012","Hispanic or Latino (Any Race)",0.720913156665109,0.393830494010308
"3606977387",2020,"Ontario","Victor town","B03002_006","Asian (Non-Hispanic)",3.07723115946866,1.32166492647337
"3606977387",2020,"Ontario","Victor town","B03002_005","Native American (Non-Hispanic)",0.43388291836326,0.554034675108272
"3606977387",2020,"Ontario","Victor town","B03002_007","Pacific Islander (Non-Hispanic)",0,0.126827314598491
"3606977387",2020,"Ontario","Victor town","B03002_008","Other (Non-Hispanic)",0.180228289166277,0.347106214604067
"3606977387",2020,"Ontario","Victor town","B03002_009","Two or More Races (Non-Hispanic)",1.64207996795942,0.994589672322189
"3606979356",2020,"Ontario","West Bloomfield town","B03002_003","White (Non-Hispanic)",94.5752733389403,2.48107077424778
"3606979356",2020,"Ontario","West Bloomfield town","B03002_004","Black (Non-Hispanic)",0,0.504625735912532
"3606979356",2020,"Ontario","West Bloomfield town","B03002_012","Hispanic or Latino (Any Race)",2.4390243902439,1.96317185049352
"3606979356",2020,"Ontario","West Bloomfield town","B03002_006","Asian (Non-Hispanic)",1.26156433978133,1.34045814195022
"3606979356",2020,"Ontario","West Bloomfield town","B03002_005","Native American (Non-Hispanic)",0,0.504625735912532
"3606979356",2020,"Ontario","West Bloomfield town","B03002_007","Pacific Islander (Non-Hispanic)",0,0.504625735912532
"3606979356",2020,"Ontario","West Bloomfield town","B03002_008","Other (Non-Hispanic)",0,0.504625735912532
"3606979356",2020,"Ontario","West Bloomfield town","B03002_009","Two or More Races (Non-Hispanic)",1.72413793103448,1.4629174769337
"3607300000",2020,"Orleans","County subdivisions not defined","B03002_003","White (Non-Hispanic)",0,0
"3607300000",2020,"Orleans","County subdivisions not defined","B03002_004","Black (Non-Hispanic)",0,0
"3607300000",2020,"Orleans","County subdivisions not defined","B03002_012","Hispanic or Latino (Any Race)",0,0
"3607300000",2020,"Orleans","County subdivisions not defined","B03002_006","Asian (Non-Hispanic)",0,0
"3607300000",2020,"Orleans","County subdivisions not defined","B03002_005","Native American (Non-Hispanic)",0,0
"3607300000",2020,"Orleans","County subdivisions not defined","B03002_007","Pacific Islander (Non-Hispanic)",0,0
"3607300000",2020,"Orleans","County subdivisions not defined","B03002_008","Other (Non-Hispanic)",0,0
"3607300000",2020,"Orleans","County subdivisions not defined","B03002_009","Two or More Races (Non-Hispanic)",0,0
"3607304572",2020,"Orleans","Barre town","B03002_003","White (Non-Hispanic)",96.0416666666667,5.33377295465926
"3607304572",2020,"Orleans","Barre town","B03002_004","Black (Non-Hispanic)",1.45833333333333,1.23815731464313
"3607304572",2020,"Orleans","Barre town","B03002_012","Hispanic or Latino (Any Race)",1.45833333333333,1.34324267982944
"3607304572",2020,"Orleans","Barre town","B03002_006","Asian (Non-Hispanic)",0.46875,0.674831440762232
"3607304572",2020,"Orleans","Barre town","B03002_005","Native American (Non-Hispanic)",0.520833333333333,0.517212609605688
"3607304572",2020,"Orleans","Barre town","B03002_007","Pacific Islander (Non-Hispanic)",0,0.625
"3607304572",2020,"Orleans","Barre town","B03002_008","Other (Non-Hispanic)",0,0.625
"3607304572",2020,"Orleans","Barre town","B03002_009","Two or More Races (Non-Hispanic)",0.0520833333333333,0.156129682393324
"3607312496",2020,"Orleans","Carlton town","B03002_003","White (Non-Hispanic)",92.7495621716287,3.21028483976442
"3607312496",2020,"Orleans","Carlton town","B03002_004","Black (Non-Hispanic)",3.95796847635727,2.80200246467279
"3607312496",2020,"Orleans","Carlton town","B03002_012","Hispanic or Latino (Any Race)",0.560420315236427,0.56041038011129
"3607312496",2020,"Orleans","Carlton town","B03002_006","Asian (Non-Hispanic)",0,0.420315236427321
"3607312496",2020,"Orleans","Carlton town","B03002_005","Native American (Non-Hispanic)",0.805604203152364,1.08580376468135
"3607312496",2020,"Orleans","Carlton town","B03002_007","Pacific Islander (Non-Hispanic)",0,0.420315236427321
"3607312496",2020,"Orleans","Carlton town","B03002_008","Other (Non-Hispanic)",0.700525394045534,1.15585937360739
"3607312496",2020,"Orleans","Carlton town","B03002_009","Two or More Races (Non-Hispanic)",1.22591943957968,1.33097823139715
"3607315880",2020,"Orleans","Clarendon town","B03002_003","White (Non-Hispanic)",96.2474935548553,2.10325881246009
"3607315880",2020,"Orleans","Clarendon town","B03002_004","Black (Non-Hispanic)",0.687482096820395,0.658804957569844
"3607315880",2020,"Orleans","Clarendon town","B03002_012","Hispanic or Latino (Any Race)",0.229160698940132,0.601542934306376
"3607315880",2020,"Orleans","Clarendon town","B03002_006","Asian (Non-Hispanic)",0.97393297049556,0.945243049639726
"3607315880",2020,"Orleans","Clarendon town","B03002_005","Native American (Non-Hispanic)",0,0.343741048410198
"3607315880",2020,"Orleans","Clarendon town","B03002_007","Pacific Islander (Non-Hispanic)",0,0.343741048410198
"3607315880",2020,"Orleans","Clarendon town","B03002_008","Other (Non-Hispanic)",0,0.343741048410198
"3607315880",2020,"Orleans","Clarendon town","B03002_009","Two or More Races (Non-Hispanic)",1.86193067888857,1.71861511914497
"3607339188",2020,"Orleans","Kendall town","B03002_003","White (Non-Hispanic)",90.3225806451613,3.83494889737572
"3607339188",2020,"Orleans","Kendall town","B03002_004","Black (Non-Hispanic)",0,0.460829493087558
"3607339188",2020,"Orleans","Kendall town","B03002_012","Hispanic or Latino (Any Race)",8.98617511520737,3.7626038000473
"3607339188",2020,"Orleans","Kendall town","B03002_006","Asian (Non-Hispanic)",0,0.460829493087558
"3607339188",2020,"Orleans","Kendall town","B03002_005","Native American (Non-Hispanic)",0.307219662058372,0.499224576175284
"3607339188",2020,"Orleans","Kendall town","B03002_007","Pacific Islander (Non-Hispanic)",0,0.460829493087558
"3607339188",2020,"Orleans","Kendall town","B03002_008","Other (Non-Hispanic)",0,0.460829493087558
"3607339188",2020,"Orleans","Kendall town","B03002_009","Two or More Races (Non-Hispanic)",0.384024577572965,0.576026879814931
"3607349286",2020,"Orleans","Murray town","B03002_003","White (Non-Hispanic)",80.2816901408451,5.23848580493128
"3607349286",2020,"Orleans","Murray town","B03002_004","Black (Non-Hispanic)",2.13401621852326,1.45110244489171
"3607349286",2020,"Orleans","Murray town","B03002_012","Hispanic or Latino (Any Race)",14.9381135296628,5.48405108556593
"3607349286",2020,"Orleans","Murray town","B03002_006","Asian (Non-Hispanic)",1.00298762270593,0.960297757014569
"3607349286",2020,"Orleans","Murray town","B03002_005","Native American (Non-Hispanic)",0.0853606487409304,0.128040454797617
"3607349286",2020,"Orleans","Murray town","B03002_007","Pacific Islander (Non-Hispanic)",0,0.256081946222791
"3607349286",2020,"Orleans","Murray town","B03002_008","Other (Non-Hispanic)",0,0.256081946222791
"3607349286",2020,"Orleans","Murray town","B03002_009","Two or More Races (Non-Hispanic)",1.55783183952198,1.15234957667253
"3607366751",2020,"Orleans","Shelby town","B03002_003","White (Non-Hispanic)",85.9288537549407,5.33458160123244
"3607366751",2020,"Orleans","Shelby town","B03002_004","Black (Non-Hispanic)",4.03162055335968,3.00386972589636
"3607366751",2020,"Orleans","Shelby town","B03002_012","Hispanic or Latino (Any Race)",7.25296442687747,3.79425413856587
"3607366751",2020,"Orleans","Shelby town","B03002_006","Asian (Non-Hispanic)",0.158102766798419,0.237152536453326
"3607366751",2020,"Orleans","Shelby town","B03002_005","Native American (Non-Hispanic)",0.711462450592885,0.711451557772515
"3607366751",2020,"Orleans","Shelby town","B03002_007","Pacific Islander (Non-Hispanic)",0,0.33596837944664
"3607366751",2020,"Orleans","Shelby town","B03002_008","Other (Non-Hispanic)",0,0.33596837944664
"3607366751",2020,"Orleans","Shelby town","B03002_009","Two or More Races (Non-Hispanic)",1.91699604743083,1.38335853834773
"3607383448",2020,"Orleans","Yates town","B03002_003","White (Non-Hispanic)",91.3960354280894,4.02221233984931
"3607383448",2020,"Orleans","Yates town","B03002_004","Black (Non-Hispanic)",0.548291859974694,0.672739697465882
"3607383448",2020,"Orleans","Yates town","B03002_012","Hispanic or Latino (Any Race)",4.93462673977225,3.42545885339333
"3607383448",2020,"Orleans","Yates town","B03002_006","Asian (Non-Hispanic)",0,0.506115563053564
"3607383448",2020,"Orleans","Yates town","B03002_005","Native American (Non-Hispanic)",1.26528890763391,1.64032962886931
"3607383448",2020,"Orleans","Yates town","B03002_007","Pacific Islander (Non-Hispanic)",0,0.506115563053564
"3607383448",2020,"Orleans","Yates town","B03002_008","Other (Non-Hispanic)",0,0.506115563053564
"3607383448",2020,"Orleans","Yates town","B03002_009","Two or More Races (Non-Hispanic)",1.85575706452973,1.42274858993764
"3609918663",2020,"Seneca","Covert town","B03002_003","White (Non-Hispanic)",94.679186228482,2.04188323624759
"3609918663",2020,"Seneca","Covert town","B03002_004","Black (Non-Hispanic)",0.208659363588941,0.312192642167946
"3609918663",2020,"Seneca","Covert town","B03002_012","Hispanic or Latino (Any Race)",1.61711006781429,1.55536125782191
"3609918663",2020,"Seneca","Covert town","B03002_006","Asian (Non-Hispanic)",0.625978090766823,0.674830916163432
"3609918663",2020,"Seneca","Covert town","B03002_005","Native American (Non-Hispanic)",0.208659363588941,0.364471485797783
"3609918663",2020,"Seneca","Covert town","B03002_007","Pacific Islander (Non-Hispanic)",0.104329681794471,0.208360878853944
"3609918663",2020,"Seneca","Covert town","B03002_008","Other (Non-Hispanic)",0,0.625978090766823
"3609918663",2020,"Seneca","Covert town","B03002_009","Two or More Races (Non-Hispanic)",2.55607720396453,1.6467431786339
"3609925505",2020,"Seneca","Fayette town","B03002_003","White (Non-Hispanic)",96.7640094711918,2.43487118600898
"3609925505",2020,"Seneca","Fayette town","B03002_004","Black (Non-Hispanic)",0.0526177321757432,0.105235201218811
"3609925505",2020,"Seneca","Fayette town","B03002_012","Hispanic or Latino (Any Race)",2.65719547487503,2.34145892192898
"3609925505",2020,"Seneca","Fayette town","B03002_006","Asian (Non-Hispanic)",0.526177321757432,0.710335486104855
"3609925505",2020,"Seneca","Fayette town","B03002_005","Native American (Non-Hispanic)",0,0.315706393054459
"3609925505",2020,"Seneca","Fayette town","B03002_007","Pacific Islander (Non-Hispanic)",0,0.315706393054459
"3609925505",2020,"Seneca","Fayette town","B03002_008","Other (Non-Hispanic)",0,0.315706393054459
"3609925505",2020,"Seneca","Fayette town","B03002_009","Two or More Races (Non-Hispanic)",0,0.315706393054459
"3609928640",2020,"Seneca","Geneva city","B03002_003","White (Non-Hispanic)",0,0
"3609928640",2020,"Seneca","Geneva city","B03002_004","Black (Non-Hispanic)",0,0
"3609928640",2020,"Seneca","Geneva city","B03002_012","Hispanic or Latino (Any Race)",0,0
"3609928640",2020,"Seneca","Geneva city","B03002_006","Asian (Non-Hispanic)",0,0
"3609928640",2020,"Seneca","Geneva city","B03002_005","Native American (Non-Hispanic)",0,0
"3609928640",2020,"Seneca","Geneva city","B03002_007","Pacific Islander (Non-Hispanic)",0,0
"3609928640",2020,"Seneca","Geneva city","B03002_008","Other (Non-Hispanic)",0,0
"3609928640",2020,"Seneca","Geneva city","B03002_009","Two or More Races (Non-Hispanic)",0,0
"3609938858",2020,"Seneca","Junius town","B03002_003","White (Non-Hispanic)",98.0049875311721,2.19733809815261
"3609938858",2020,"Seneca","Junius town","B03002_004","Black (Non-Hispanic)",0,0.997506234413965
"3609938858",2020,"Seneca","Junius town","B03002_012","Hispanic or Latino (Any Race)",1.49625935162095,1.90471712234697
"3609938858",2020,"Seneca","Junius town","B03002_006","Asian (Non-Hispanic)",0.249376558603491,0.414712162810117
"3609938858",2020,"Seneca","Junius town","B03002_005","Native American (Non-Hispanic)",0,0.997506234413965
"3609938858",2020,"Seneca","Junius town","B03002_007","Pacific Islander (Non-Hispanic)",0,0.997506234413965
"3609938858",2020,"Seneca","Junius town","B03002_008","Other (Non-Hispanic)",0,0.997506234413965
"3609938858",2020,"Seneca","Junius town","B03002_009","Two or More Races (Non-Hispanic)",0.249376558603491,0.414712162810117
"3609943225",2020,"Seneca","Lodi town","B03002_003","White (Non-Hispanic)",96.6130884041332,3.69277114649162
"3609943225",2020,"Seneca","Lodi town","B03002_004","Black (Non-Hispanic)",0.401836969001148,0.743448245898574
"3609943225",2020,"Seneca","Lodi town","B03002_012","Hispanic or Latino (Any Race)",0.34443168771527,0.455868999397006
"3609943225",2020,"Seneca","Lodi town","B03002_006","Asian (Non-Hispanic)",0.574052812858783,0.798321411997313
"3609943225",2020,"Seneca","Lodi town","B03002_005","Native American (Non-Hispanic)",0.172215843857635,0.2856788984654
"3609943225",2020,"Seneca","Lodi town","B03002_007","Pacific Islander (Non-Hispanic)",0,0.68886337543054
"3609943225",2020,"Seneca","Lodi town","B03002_008","Other (Non-Hispanic)",0,0.68886337543054
"3609943225",2020,"Seneca","Lodi town","B03002_009","Two or More Races (Non-Hispanic)",1.89437428243398,1.51952075564636
"3609955827",2020,"Seneca","Ovid town","B03002_003","White (Non-Hispanic)",82.9093514869222,3.45078530476948
"3609955827",2020,"Seneca","Ovid town","B03002_004","Black (Non-Hispanic)",11.2146184163382,3.72948936704354
"3609955827",2020,"Seneca","Ovid town","B03002_012","Hispanic or Latino (Any Race)",4.08455750627015,1.61610909189346
"3609955827",2020,"Seneca","Ovid town","B03002_006","Asian (Non-Hispanic)",0,0.429953421712648
"3609955827",2020,"Seneca","Ovid town","B03002_005","Native American (Non-Hispanic)",0.358294518093873,0.50080936378672
"3609955827",2020,"Seneca","Ovid town","B03002_007","Pacific Islander (Non-Hispanic)",0,0.429953421712648
"3609955827",2020,"Seneca","Ovid town","B03002_008","Other (Non-Hispanic)",0,0.429953421712648
"3609955827",2020,"Seneca","Ovid town","B03002_009","Two or More Races (Non-Hispanic)",1.43317807237549,1.32082350392961
"3609963440",2020,"Seneca","Romulus town","B03002_003","White (Non-Hispanic)",64.9619410085633,3.84227208133497
"3609963440",2020,"Seneca","Romulus town","B03002_004","Black (Non-Hispanic)",20.9086584205519,2.97185671777335
"3609963440",2020,"Seneca","Romulus town","B03002_012","Hispanic or Latino (Any Race)",7.99238820171266,2.14051350966465
"3609963440",2020,"Seneca","Romulus town","B03002_006","Asian (Non-Hispanic)",0.0951474785918173,0.142720570061088
"3609963440",2020,"Seneca","Romulus town","B03002_005","Native American (Non-Hispanic)",0.618458610846813,0.594665172215371
"3609963440",2020,"Seneca","Romulus town","B03002_007","Pacific Islander (Non-Hispanic)",0.118934348239772,0.142720205657311
"3609963440",2020,"Seneca","Romulus town","B03002_008","Other (Non-Hispanic)",0.570884871550904,0.499517599218011
"3609963440",2020,"Seneca","Romulus town","B03002_009","Two or More Races (Non-Hispanic)",4.73358705994291,2.18828743504067
"3609966333",2020,"Seneca","Seneca Falls town","B03002_003","White (Non-Hispanic)",88.1053721385022,2.69493280473702
"3609966333",2020,"Seneca","Seneca Falls town","B03002_004","Black (Non-Hispanic)",3.27849994248246,1.50693881034175
"3609966333",2020,"Seneca","Seneca Falls town","B03002_012","Hispanic or Latino (Any Race)",4.17577361095134,1.51842962362855
"3609966333",2020,"Seneca","Seneca Falls town","B03002_006","Asian (Non-Hispanic)",1.9095824226389,0.402596372097468
"3609966333",2020,"Seneca","Seneca Falls town","B03002_005","Native American (Non-Hispanic)",0.598182445645922,0.529159421124677
"3609966333",2020,"Seneca","Seneca Falls town","B03002_007","Pacific Islander (Non-Hispanic)",0,0.195559645691936
"3609966333",2020,"Seneca","Seneca Falls town","B03002_008","Other (Non-Hispanic)",0.0115035085701139,0.023007000357223
"3609966333",2020,"Seneca","Seneca Falls town","B03002_009","Two or More Races (Non-Hispanic)",1.92108593120902,1.13883789262325
"3609975902",2020,"Seneca","Tyre town","B03002_003","White (Non-Hispanic)",97.004132231405,4.92013493722637
"3609975902",2020,"Seneca","Tyre town","B03002_004","Black (Non-Hispanic)",1.34297520661157,1.74557830023072
"3609975902",2020,"Seneca","Tyre town","B03002_012","Hispanic or Latino (Any Race)",0,1.2396694214876
"3609975902",2020,"Seneca","Tyre town","B03002_006","Asian (Non-Hispanic)",0,1.2396694214876
"3609975902",2020,"Seneca","Tyre town","B03002_005","Native American (Non-Hispanic)",0,1.2396694214876
"3609975902",2020,"Seneca","Tyre town","B03002_007","Pacific Islander (Non-Hispanic)",0,1.2396694214876
"3609975902",2020,"Seneca","Tyre town","B03002_008","Other (Non-Hispanic)",0,1.2396694214876
"3609975902",2020,"Seneca","Tyre town","B03002_009","Two or More Races (Non-Hispanic)",1.65289256198347,1.42667271131962
"3609976958",2020,"Seneca","Varick town","B03002_003","White (Non-Hispanic)",92.675356921167,3.65643992894327
"3609976958",2020,"Seneca","Varick town","B03002_004","Black (Non-Hispanic)",1.48975791433892,2.9107858212326
"3609976958",2020,"Seneca","Varick town","B03002_012","Hispanic or Latino (Any Race)",2.91744258224705,2.45278433878848
"3609976958",2020,"Seneca","Varick town","B03002_006","Asian (Non-Hispanic)",0,0.74487895716946
"3609976958",2020,"Seneca","Varick town","B03002_005","Native American (Non-Hispanic)",0.186219739292365,0.247069224515645
"3609976958",2020,"Seneca","Varick town","B03002_007","Pacific Islander (Non-Hispanic)",0,0.74487895716946
"3609976958",2020,"Seneca","Varick town","B03002_008","Other (Non-Hispanic)",0.620732464307883,1.36314303825015
"3609976958",2020,"Seneca","Varick town","B03002_009","Two or More Races (Non-Hispanic)",2.1104903786468,2.52965948814107
"3611700000",2020,"Wayne","County subdivisions not defined","B03002_003","White (Non-Hispanic)",0,0
"3611700000",2020,"Wayne","County subdivisions not defined","B03002_004","Black (Non-Hispanic)",0,0
"3611700000",2020,"Wayne","County subdivisions not defined","B03002_012","Hispanic or Latino (Any Race)",0,0
"3611700000",2020,"Wayne","County subdivisions not defined","B03002_006","Asian (Non-Hispanic)",0,0
"3611700000",2020,"Wayne","County subdivisions not defined","B03002_005","Native American (Non-Hispanic)",0,0
"3611700000",2020,"Wayne","County subdivisions not defined","B03002_007","Pacific Islander (Non-Hispanic)",0,0
"3611700000",2020,"Wayne","County subdivisions not defined","B03002_008","Other (Non-Hispanic)",0,0
"3611700000",2020,"Wayne","County subdivisions not defined","B03002_009","Two or More Races (Non-Hispanic)",0,0
"3611702440",2020,"Wayne","Arcadia town","B03002_003","White (Non-Hispanic)",83.9755396743535,2.9422889516207
"3611702440",2020,"Wayne","Arcadia town","B03002_004","Black (Non-Hispanic)",3.06490827377883,1.0314414961427
"3611702440",2020,"Wayne","Arcadia town","B03002_012","Hispanic or Latino (Any Race)",8.56848154424225,2.46807641267755
"3611702440",2020,"Wayne","Arcadia town","B03002_006","Asian (Non-Hispanic)",1.12723789876962,0.692547758623514
"3611702440",2020,"Wayne","Arcadia town","B03002_005","Native American (Non-Hispanic)",0.0368378398290724,0.0663080712004806
"3611702440",2020,"Wayne","Arcadia town","B03002_007","Pacific Islander (Non-Hispanic)",0,0.139983791350475
"3611702440",2020,"Wayne","Arcadia town","B03002_008","Other (Non-Hispanic)",0,0.139983791350475
"3611702440",2020,"Wayne","Arcadia town","B03002_009","Two or More Races (Non-Hispanic)",3.22699476902674,1.03880724950269
"3611711473",2020,"Wayne","Butler town","B03002_003","White (Non-Hispanic)",86.8979803210772,23.2345864135745
"3611711473",2020,"Wayne","Butler town","B03002_004","Black (Non-Hispanic)",1.3982392542724,1.47529905006629
"3611711473",2020,"Wayne","Butler town","B03002_012","Hispanic or Latino (Any Race)",2.69290523045054,3.3748162779937
"3611711473",2020,"Wayne","Butler town","B03002_006","Asian (Non-Hispanic)",0.207146556188503,0.307919455100944
"3611711473",2020,"Wayne","Butler town","B03002_005","Native American (Non-Hispanic)",0,0.62143966856551
"3611711473",2020,"Wayne","Butler town","B03002_007","Pacific Islander (Non-Hispanic)",0,0.62143966856551
"3611711473",2020,"Wayne","Butler town","B03002_008","Other (Non-Hispanic)",7.45727602278612,8.62271804528193
"3611711473",2020,"Wayne","Butler town","B03002_009","Two or More Races (Non-Hispanic)",1.34645261522527,1.31899192804373
"3611737165",2020,"Wayne","Huron town","B03002_003","White (Non-Hispanic)",91.3615023474178,4.74590512865087
"3611737165",2020,"Wayne","Huron town","B03002_004","Black (Non-Hispanic)",2.62910798122066,3.97246025011639
"3611737165",2020,"Wayne","Huron town","B03002_012","Hispanic or Latino (Any Race)",4.7887323943662,3.64370618388231
"3611737165",2020,"Wayne","Huron town","B03002_006","Asian (Non-Hispanic)",0,0.563380281690141
"3611737165",2020,"Wayne","Huron town","B03002_005","Native American (Non-Hispanic)",0.0469483568075117,0.187670679182305
"3611737165",2020,"Wayne","Huron town","B03002_007","Pacific Islander (Non-Hispanic)",0,0.563380281690141
"3611737165",2020,"Wayne","Huron town","B03002_008","Other (Non-Hispanic)",0.751173708920188,1.07433514558187
"3611737165",2020,"Wayne","Huron town","B03002_009","Two or More Races (Non-Hispanic)",0.422535211267606,0.607262678418168
"3611743973",2020,"Wayne","Lyons town","B03002_003","White (Non-Hispanic)",81.5054558905123,5.17011715431131
"3611743973",2020,"Wayne","Lyons town","B03002_004","Black (Non-Hispanic)",8.67394118734973,3.21756082125581
"3611743973",2020,"Wayne","Lyons town","B03002_012","Hispanic or Latino (Any Race)",5.69631958572221,3.21783942178862
"3611743973",2020,"Wayne","Lyons town","B03002_006","Asian (Non-Hispanic)",0,0.314407249861291
"3611743973",2020,"Wayne","Lyons town","B03002_005","Native American (Non-Hispanic)",0,0.314407249861291
"3611743973",2020,"Wayne","Lyons town","B03002_007","Pacific Islander (Non-Hispanic)",0,0.314407249861291
"3611743973",2020,"Wayne","Lyons town","B03002_008","Other (Non-Hispanic)",0.258923617532828,0.425371212595492
"3611743973",2020,"Wayne","Lyons town","B03002_009","Two or More Races (Non-Hispanic)",3.86535971888293,2.12672539328771
"3611744160",2020,"Wayne","Macedon town","B03002_003","White (Non-Hispanic)",91.7058955391168,3.98250382657442
"3611744160",2020,"Wayne","Macedon town","B03002_004","Black (Non-Hispanic)",0.280206231786595,0.414704538053764
"3611744160",2020,"Wayne","Macedon town","B03002_012","Hispanic or Latino (Any Race)",4.4272584622282,3.03741220549588
"3611744160",2020,"Wayne","Macedon town","B03002_006","Asian (Non-Hispanic)",1.59157139654786,1.01994169818682
"3611744160",2020,"Wayne","Macedon town","B03002_005","Native American (Non-Hispanic)",0,0.190540237614885
"3611744160",2020,"Wayne","Macedon town","B03002_007","Pacific Islander (Non-Hispanic)",0,0.190540237614885
"3611744160",2020,"Wayne","Macedon town","B03002_008","Other (Non-Hispanic)",0,0.190540237614885
"3611744160",2020,"Wayne","Macedon town","B03002_009","Two or More Races (Non-Hispanic)",1.99506837032056,2.83568198729439
"3611755013",2020,"Wayne","Ontario town","B03002_003","White (Non-Hispanic)",91.4853639240506,2.18277329388701
"3611755013",2020,"Wayne","Ontario town","B03002_004","Black (Non-Hispanic)",0.504351265822785,0.445013933339709
"3611755013",2020,"Wayne","Ontario town","B03002_012","Hispanic or Latino (Any Race)",1.84928797468354,1.45371057813843
"3611755013",2020,"Wayne","Ontario town","B03002_006","Asian (Non-Hispanic)",0.55379746835443,0.464792122651491
"3611755013",2020,"Wayne","Ontario town","B03002_005","Native American (Non-Hispanic)",0.118670886075949,0.168116811709833
"3611755013",2020,"Wayne","Ontario town","B03002_007","Pacific Islander (Non-Hispanic)",0,0.187895569620253
"3611755013",2020,"Wayne","Ontario town","B03002_008","Other (Non-Hispanic)",0,0.187895569620253
"3611755013",2020,"Wayne","Ontario town","B03002_009","Two or More Races (Non-Hispanic)",5.48852848101266,1.85912365527351
"3611756198",2020,"Wayne","Palmyra town","B03002_003","White (Non-Hispanic)",93.9687168610817,2.38989496044623
"3611756198",2020,"Wayne","Palmyra town","B03002_004","Black (Non-Hispanic)",0.676033934252386,0.543476125760048
"3611756198",2020,"Wayne","Palmyra town","B03002_012","Hispanic or Latino (Any Race)",4.61293743372216,2.14737674890663
"3611756198",2020,"Wayne","Palmyra town","B03002_006","Asian (Non-Hispanic)",0.569989395546129,0.623010340855547
"3611756198",2020,"Wayne","Palmyra town","B03002_005","Native American (Non-Hispanic)",0.0397667020148462,0.106044500843223
"3611756198",2020,"Wayne","Palmyra town","B03002_007","Pacific Islander (Non-Hispanic)",0,0.225344644750795
"3611756198",2020,"Wayne","Palmyra town","B03002_008","Other (Non-Hispanic)",0.132555673382821,0.198833285700612
"3611756198",2020,"Wayne","Palmyra town","B03002_009","Two or More Races (Non-Hispanic)",0,0.225344644750795
"3611765343",2020,"Wayne","Savannah town","B03002_003","White (Non-Hispanic)",84.8870874348581,2.3251025617541
"3611765343",2020,"Wayne","Savannah town","B03002_004","Black (Non-Hispanic)",0.173711638679792,0.230111370222421
"3611765343",2020,"Wayne","Savannah town","B03002_012","Hispanic or Latino (Any Race)",5.21134916039375,3.79814826317074
"3611765343",2020,"Wayne","Savannah town","B03002_006","Asian (Non-Hispanic)",0.463231036479444,0.807602445620387
"3611765343",2020,"Wayne","Savannah town","B03002_005","Native American (Non-Hispanic)",0.463231036479444,0.749462814243358
"3611765343",2020,"Wayne","Savannah town","B03002_007","Pacific Islander (Non-Hispanic)",0,0.694846554719166
"3611765343",2020,"Wayne","Savannah town","B03002_008","Other (Non-Hispanic)",0.231615518239722,0.345641804557587
"3611765343",2020,"Wayne","Savannah town","B03002_009","Two or More Races (Non-Hispanic)",8.56977417486972,7.17911704067992
"3611768220",2020,"Wayne","Sodus town","B03002_003","White (Non-Hispanic)",83.5819040517027,4.43389548545552
"3611768220",2020,"Wayne","Sodus town","B03002_004","Black (Non-Hispanic)",6.53740989311459,2.42325068643417
"3611768220",2020,"Wayne","Sodus town","B03002_012","Hispanic or Latino (Any Race)",6.16455381556053,3.62894614907058
"3611768220",2020,"Wayne","Sodus town","B03002_006","Asian (Non-Hispanic)",0.484712900820283,0.509561767984764
"3611768220",2020,"Wayne","Sodus town","B03002_005","Native American (Non-Hispanic)",0.0124285359184688,0.0497140883831044
"3611768220",2020,"Wayne","Sodus town","B03002_007","Pacific Islander (Non-Hispanic)",0.0497141436738752,0.0869992459124752
"3611768220",2020,"Wayne","Sodus town","B03002_008","Other (Non-Hispanic)",0.149142431021626,0.298283535062538
"3611768220",2020,"Wayne","Sodus town","B03002_009","Two or More Races (Non-Hispanic)",3.02013422818792,1.91390972793146
"3611778102",2020,"Wayne","Walworth town","B03002_003","White (Non-Hispanic)",93.7724550898204,2.04853941322826
"3611778102",2020,"Wayne","Walworth town","B03002_004","Black (Non-Hispanic)",1.09961894393032,1.42623661833434
"3611778102",2020,"Wayne","Walworth town","B03002_012","Hispanic or Latino (Any Race)",1.23026673924878,0.92541838422723
"3611778102",2020,"Wayne","Walworth town","B03002_006","Asian (Non-Hispanic)",2.74360370168753,1.08871683507959
"3611778102",2020,"Wayne","Walworth town","B03002_005","Native American (Non-Hispanic)",0,0.185084376701143
"3611778102",2020,"Wayne","Walworth town","B03002_007","Pacific Islander (Non-Hispanic)",0,0.185084376701143
"3611778102",2020,"Wayne","Walworth town","B03002_008","Other (Non-Hispanic)",0,0.185084376701143
"3611778102",2020,"Wayne","Walworth town","B03002_009","Two or More Races (Non-Hispanic)",1.15405552531301,0.620572436012961
"3611782689",2020,"Wayne","Wolcott town","B03002_003","White (Non-Hispanic)",93.9600584510472,2.66030574875212
"3611782689",2020,"Wayne","Wolcott town","B03002_004","Black (Non-Hispanic)",2.33804188991719,1.75349064499084
"3611782689",2020,"Wayne","Wolcott town","B03002_012","Hispanic or Latino (Any Race)",1.55869459327813,1.33947944401312
"3611782689",2020,"Wayne","Wolcott town","B03002_006","Asian (Non-Hispanic)",0.438382854359474,0.511441748916881
"3611782689",2020,"Wayne","Wolcott town","B03002_005","Native American (Non-Hispanic)",0.438382854359474,0.511441748916881
"3611782689",2020,"Wayne","Wolcott town","B03002_007","Pacific Islander (Non-Hispanic)",0,0.292255236239649
"3611782689",2020,"Wayne","Wolcott town","B03002_008","Other (Non-Hispanic)",0,0.292255236239649
"3611782689",2020,"Wayne","Wolcott town","B03002_009","Two or More Races (Non-Hispanic)",1.26643935703848,1.14464801609128
"3612304594",2020,"Yates","Barrington town","B03002_003","White (Non-Hispanic)",98.9496959646213,19.7518073190763
"3612304594",2020,"Yates","Barrington town","B03002_004","Black (Non-Hispanic)",0.33167495854063,0.606256527046052
"3612304594",2020,"Yates","Barrington town","B03002_012","Hispanic or Latino (Any Race)",0,0.66334991708126
"3612304594",2020,"Yates","Barrington town","B03002_006","Asian (Non-Hispanic)",0,0.66334991708126
"3612304594",2020,"Yates","Barrington town","B03002_005","Native American (Non-Hispanic)",0,0.66334991708126
"3612304594",2020,"Yates","Barrington town","B03002_007","Pacific Islander (Non-Hispanic)",0,0.66334991708126
"3612304594",2020,"Yates","Barrington town","B03002_008","Other (Non-Hispanic)",0,0.66334991708126
"3612304594",2020,"Yates","Barrington town","B03002_009","Two or More Races (Non-Hispanic)",0.718629076838032,1.0453690162659
"3612306002",2020,"Yates","Benton town","B03002_003","White (Non-Hispanic)",93.7296121783255,3.75099344568077
"3612306002",2020,"Yates","Benton town","B03002_004","Black (Non-Hispanic)",1.52229068503081,1.73968719990315
"3612306002",2020,"Yates","Benton town","B03002_012","Hispanic or Latino (Any Race)",3.08082638637187,3.08065619332223
"3612306002",2020,"Yates","Benton town","B03002_006","Asian (Non-Hispanic)",0.869880391446176,1.12355830253951
"3612306002",2020,"Yates","Benton town","B03002_005","Native American (Non-Hispanic)",0,0.434940195723088
"3612306002",2020,"Yates","Benton town","B03002_007","Pacific Islander (Non-Hispanic)",0,0.434940195723088
"3612306002",2020,"Yates","Benton town","B03002_008","Other (Non-Hispanic)",0,0.434940195723088
"3612306002",2020,"Yates","Benton town","B03002_009","Two or More Races (Non-Hispanic)",0.797390358825661,1.23230205208738
"3612338044",2020,"Yates","Italy town","B03002_003","White (Non-Hispanic)",94.9494949494949,21.1009413746703
"3612338044",2020,"Yates","Italy town","B03002_004","Black (Non-Hispanic)",0,1.34680134680135
"3612338044",2020,"Yates","Italy town","B03002_012","Hispanic or Latino (Any Race)",1.68350168350168,2.68039544308323
"3612338044",2020,"Yates","Italy town","B03002_006","Asian (Non-Hispanic)",0,1.34680134680135
"3612338044",2020,"Yates","Italy town","B03002_005","Native American (Non-Hispanic)",0,1.34680134680135
"3612338044",2020,"Yates","Italy town","B03002_007","Pacific Islander (Non-Hispanic)",0.785634118967452,1.11542713411274
"3612338044",2020,"Yates","Italy town","B03002_008","Other (Non-Hispanic)",0,1.34680134680135
"3612338044",2020,"Yates","Italy town","B03002_009","Two or More Races (Non-Hispanic)",2.58136924803591,2.43510980467994
"3612338583",2020,"Yates","Jerusalem town","B03002_003","White (Non-Hispanic)",94.7519929140833,2.3554387226885
"3612338583",2020,"Yates","Jerusalem town","B03002_004","Black (Non-Hispanic)",1.15146147032772,1.06284564274003
"3612338583",2020,"Yates","Jerusalem town","B03002_012","Hispanic or Latino (Any Race)",2.14791851195748,1.97069202036648
"3612338583",2020,"Yates","Jerusalem town","B03002_006","Asian (Non-Hispanic)",1.61647475642161,1.17353023008178
"3612338583",2020,"Yates","Jerusalem town","B03002_005","Native American (Non-Hispanic)",0,0.265721877767936
"3612338583",2020,"Yates","Jerusalem town","B03002_007","Pacific Islander (Non-Hispanic)",0,0.265721877767936
"3612338583",2020,"Yates","Jerusalem town","B03002_008","Other (Non-Hispanic)",0,0.265721877767936
"3612338583",2020,"Yates","Jerusalem town","B03002_009","Two or More Races (Non-Hispanic)",0.33215234720992,0.575724303501335
"3612347020",2020,"Yates","Middlesex town","B03002_003","White (Non-Hispanic)",95.2622673434856,4.77394311060495
"3612347020",2020,"Yates","Middlesex town","B03002_004","Black (Non-Hispanic)",2.28426395939086,2.08784573738416
"3612347020",2020,"Yates","Middlesex town","B03002_012","Hispanic or Latino (Any Race)",1.01522842639594,1.2601025575358
"3612347020",2020,"Yates","Middlesex town","B03002_006","Asian (Non-Hispanic)",0.423011844331641,0.67391508637343
"3612347020",2020,"Yates","Middlesex town","B03002_005","Native American (Non-Hispanic)",0,1.01522842639594
"3612347020",2020,"Yates","Middlesex town","B03002_007","Pacific Islander (Non-Hispanic)",0,1.01522842639594
"3612347020",2020,"Yates","Middlesex town","B03002_008","Other (Non-Hispanic)",0,1.01522842639594
"3612347020",2020,"Yates","Middlesex town","B03002_009","Two or More Races (Non-Hispanic)",1.01522842639594,1.34526682887072
"3612347504",2020,"Yates","Milo town","B03002_003","White (Non-Hispanic)",94.3100161313976,2.12165431724683
"3612347504",2020,"Yates","Milo town","B03002_004","Black (Non-Hispanic)",0.967883853937528,1.15851230529878
"3612347504",2020,"Yates","Milo town","B03002_012","Hispanic or Latino (Any Race)",2.6983428655228,1.52505975836069
"3612347504",2020,"Yates","Milo town","B03002_006","Asian (Non-Hispanic)",0.747910250769908,0.909212556772594
"3612347504",2020,"Yates","Milo town","B03002_005","Native American (Non-Hispanic)",0,0.249303416923303
"3612347504",2020,"Yates","Milo town","B03002_007","Pacific Islander (Non-Hispanic)",0,0.249303416923303
"3612347504",2020,"Yates","Milo town","B03002_008","Other (Non-Hispanic)",0,0.249303416923303
"3612347504",2020,"Yates","Milo town","B03002_009","Two or More Races (Non-Hispanic)",1.2758468983722,1.20249668748422
"3612359597",2020,"Yates","Potter town","B03002_003","White (Non-Hispanic)",92.4453280318092,1.43634985748441
"3612359597",2020,"Yates","Potter town","B03002_004","Black (Non-Hispanic)",0.347912524850895,0.694736473081631
"3612359597",2020,"Yates","Potter town","B03002_012","Hispanic or Latino (Any Race)",5.21868787276342,3.93308077813754
"3612359597",2020,"Yates","Potter town","B03002_006","Asian (Non-Hispanic)",0,0.596421471172962
"3612359597",2020,"Yates","Potter town","B03002_005","Native American (Non-Hispanic)",0,0.596421471172962
"3612359597",2020,"Yates","Potter town","B03002_007","Pacific Islander (Non-Hispanic)",0,0.596421471172962
"3612359597",2020,"Yates","Potter town","B03002_008","Other (Non-Hispanic)",0,0.596421471172962
"3612359597",2020,"Yates","Potter town","B03002_009","Two or More Races (Non-Hispanic)",1.98807157057654,2.125581628008
"3612370816",2020,"Yates","Starkey town","B03002_003","White (Non-Hispanic)",94.8798627002288,2.18887255355986
"3612370816",2020,"Yates","Starkey town","B03002_004","Black (Non-Hispanic)",1.22997711670481,0.886621522614012
"3612370816",2020,"Yates","Starkey town","B03002_012","Hispanic or Latino (Any Race)",0.772311212814645,0.82947470768865
"3612370816",2020,"Yates","Starkey town","B03002_006","Asian (Non-Hispanic)",0.28604118993135,0.343234595461101
"3612370816",2020,"Yates","Starkey town","B03002_005","Native American (Non-Hispanic)",0.11441647597254,0.171619967609643
"3612370816",2020,"Yates","Starkey town","B03002_007","Pacific Islander (Non-Hispanic)",0,0.34324942791762
"3612370816",2020,"Yates","Starkey town","B03002_008","Other (Non-Hispanic)",0.772311212814645,1.11552737061405
"3612370816",2020,"Yates","Starkey town","B03002_009","Two or More Races (Non-Hispanic)",1.94508009153318,1.40143386027927
"3612375055",2020,"Yates","Torrey town","B03002_003","White (Non-Hispanic)",94.2551770207081,4.91550399487143
"3612375055",2020,"Yates","Torrey town","B03002_004","Black (Non-Hispanic)",0,0.801603206412826
"3612375055",2020,"Yates","Torrey town","B03002_012","Hispanic or Latino (Any Race)",2.00400801603206,2.05289977245027
"3612375055",2020,"Yates","Torrey town","B03002_006","Asian (Non-Hispanic)",0.0668002672010688,0.200195969780464
"3612375055",2020,"Yates","Torrey town","B03002_005","Native American (Non-Hispanic)",0,0.801603206412826
"3612375055",2020,"Yates","Torrey town","B03002_007","Pacific Islander (Non-Hispanic)",0,0.801603206412826
"3612375055",2020,"Yates","Torrey town","B03002_008","Other (Non-Hispanic)",0.801603206412826,1.130390092637
"3612375055",2020,"Yates","Torrey town","B03002_009","Two or More Races (Non-Hispanic)",2.87241148964596,2.84587914924587
"3603700474",2020,"Genesee","Alabama town","B03002_003","White (Non-Hispanic)",86.8670886075949,17.9370873275247
"3603700474",2020,"Genesee","Alabama town","B03002_004","Black (Non-Hispanic)",1.63502109704641,1.88298515363715
"3603700474",2020,"Genesee","Alabama town","B03002_012","Hispanic or Latino (Any Race)",0.791139240506329,0.995127825304922
"3603700474",2020,"Genesee","Alabama town","B03002_006","Asian (Non-Hispanic)",0,0.632911392405063
"3603700474",2020,"Genesee","Alabama town","B03002_005","Native American (Non-Hispanic)",2.05696202531646,2.1405404724114
"3603700474",2020,"Genesee","Alabama town","B03002_007","Pacific Islander (Non-Hispanic)",0,0.632911392405063
"3603700474",2020,"Genesee","Alabama town","B03002_008","Other (Non-Hispanic)",0,0.632911392405063
"3603700474",2020,"Genesee","Alabama town","B03002_009","Two or More Races (Non-Hispanic)",8.64978902953587,6.68017730768657
"3603701165",2020,"Genesee","Alexander town","B03002_003","White (Non-Hispanic)",96.8345323741007,2.28667943624062
"3603701165",2020,"Genesee","Alexander town","B03002_004","Black (Non-Hispanic)",0.143884892086331,0.214649815654011
"3603701165",2020,"Genesee","Alexander town","B03002_012","Hispanic or Latino (Any Race)",1.15107913669065,1.60865304399605
"3603701165",2020,"Genesee","Alexander town","B03002_006","Asian (Non-Hispanic)",0,0.431654676258993
"3603701165",2020,"Genesee","Alexander town","B03002_005","Native American (Non-Hispanic)",0,0.431654676258993
"3603701165",2020,"Genesee","Alexander town","B03002_007","Pacific Islander (Non-Hispanic)",0,0.431654676258993
"3603701165",2020,"Genesee","Alexander town","B03002_008","Other (Non-Hispanic)",0.539568345323741,0.823018923326305
"3603701165",2020,"Genesee","Alexander town","B03002_009","Two or More Races (Non-Hispanic)",1.33093525179856,1.2781081730479
"3603704715",2020,"Genesee","Batavia city","B03002_003","White (Non-Hispanic)",82.0427881297447,2.25988101529011
"3603704715",2020,"Genesee","Batavia city","B03002_004","Black (Non-Hispanic)",5.75569358178054,1.44924656595574
"3603704715",2020,"Genesee","Batavia city","B03002_012","Hispanic or Latino (Any Race)",5.45893719806763,1.33192488590608
"3603704715",2020,"Genesee","Batavia city","B03002_006","Asian (Non-Hispanic)",1.20772946859903,0.531397508324376
"3603704715",2020,"Genesee","Batavia city","B03002_005","Native American (Non-Hispanic)",0.193236714975845,0.179433830319307
"3603704715",2020,"Genesee","Batavia city","B03002_007","Pacific Islander (Non-Hispanic)",0,0.131124913733609
"3603704715",2020,"Genesee","Batavia city","B03002_008","Other (Non-Hispanic)",0.448585231193927,0.559005757695684
"3603704715",2020,"Genesee","Batavia city","B03002_009","Two or More Races (Non-Hispanic)",4.89302967563837,1.26981751789353
"3603704726",2020,"Genesee","Batavia town","B03002_003","White (Non-Hispanic)",96.8622893666473,2.22268807856745
"3603704726",2020,"Genesee","Batavia town","B03002_004","Black (Non-Hispanic)",0.188843695525857,0.23242248536089
"3603704726",2020,"Genesee","Batavia town","B03002_012","Hispanic or Latino (Any Race)",0.653689715281813,0.784425796147221
"3603704726",2020,"Genesee","Batavia town","B03002_006","Asian (Non-Hispanic)",2.29517722254503,1.93200694875015
"3603704726",2020,"Genesee","Batavia town","B03002_005","Native American (Non-Hispanic)",0,0.246949447995352
"3603704726",2020,"Genesee","Batavia town","B03002_007","Pacific Islander (Non-Hispanic)",0,0.246949447995352
"3603704726",2020,"Genesee","Batavia town","B03002_008","Other (Non-Hispanic)",0,0.246949447995352
"3603704726",2020,"Genesee","Batavia town","B03002_009","Two or More Races (Non-Hispanic)",0,0.246949447995352
"3603706057",2020,"Genesee","Bergen town","B03002_003","White (Non-Hispanic)",96.239837398374,2.10314181908717
"3603706057",2020,"Genesee","Bergen town","B03002_004","Black (Non-Hispanic)",0.677506775067751,1.08400112175034
"3603706057",2020,"Genesee","Bergen town","B03002_012","Hispanic or Latino (Any Race)",0.948509485094851,0.677476297747988
"3603706057",2020,"Genesee","Bergen town","B03002_006","Asian (Non-Hispanic)",0.643631436314363,1.0501264476088
"3603706057",2020,"Genesee","Bergen town","B03002_005","Native American (Non-Hispanic)",0.0338753387533875,0.06775028877308
"3603706057",2020,"Genesee","Bergen town","B03002_007","Pacific Islander (Non-Hispanic)",0,0.40650406504065
"3603706057",2020,"Genesee","Bergen town","B03002_008","Other (Non-Hispanic)",0,0.40650406504065
"3603706057",2020,"Genesee","Bergen town","B03002_009","Two or More Races (Non-Hispanic)",1.45663956639566,1.28722504225494
"3603706266",2020,"Genesee","Bethany town","B03002_003","White (Non-Hispanic)",85.5726872246696,5.85353103495643
"3603706266",2020,"Genesee","Bethany town","B03002_004","Black (Non-Hispanic)",0,0.66079295154185
"3603706266",2020,"Genesee","Bethany town","B03002_012","Hispanic or Latino (Any Race)",9.63656387665198,6.66927382051319
"3603706266",2020,"Genesee","Bethany town","B03002_006","Asian (Non-Hispanic)",0,0.66079295154185
"3603706266",2020,"Genesee","Bethany town","B03002_005","Native American (Non-Hispanic)",1.43171806167401,1.5264187232519
"3603706266",2020,"Genesee","Bethany town","B03002_007","Pacific Islander (Non-Hispanic)",0,0.66079295154185
"3603706266",2020,"Genesee","Bethany town","B03002_008","Other (Non-Hispanic)",0,0.66079295154185
"3603706266",2020,"Genesee","Bethany town","B03002_009","Two or More Races (Non-Hispanic)",3.35903083700441,2.81755965360378
"3603711572",2020,"Genesee","Byron town","B03002_003","White (Non-Hispanic)",95.4890788224122,5.67882253394801
"3603711572",2020,"Genesee","Byron town","B03002_004","Black (Non-Hispanic)",1.23456790123457,1.16051965911822
"3603711572",2020,"Genesee","Byron town","B03002_012","Hispanic or Latino (Any Race)",1.56695156695157,1.14398642086558
"3603711572",2020,"Genesee","Byron town","B03002_006","Asian (Non-Hispanic)",0.332383665716999,0.565819969494294
"3603711572",2020,"Genesee","Byron town","B03002_005","Native American (Non-Hispanic)",0.332383665716999,0.470049671749677
"3603711572",2020,"Genesee","Byron town","B03002_007","Pacific Islander (Non-Hispanic)",0,0.56980056980057
"3603711572",2020,"Genesee","Byron town","B03002_008","Other (Non-Hispanic)",0,0.56980056980057
"3603711572",2020,"Genesee","Byron town","B03002_009","Two or More Races (Non-Hispanic)",1.04463437796771,1.02303958556649
"3603719719",2020,"Genesee","Darien town","B03002_003","White (Non-Hispanic)",94.9124545754873,3.34545473970982
"3603719719",2020,"Genesee","Darien town","B03002_004","Black (Non-Hispanic)",0,0.396432111000991
"3603719719",2020,"Genesee","Darien town","B03002_012","Hispanic or Latino (Any Race)",5.08754542451272,3.40225689524944
"3603719719",2020,"Genesee","Darien town","B03002_006","Asian (Non-Hispanic)",0,0.396432111000991
"3603719719",2020,"Genesee","Darien town","B03002_005","Native American (Non-Hispanic)",0,0.396432111000991
"3603719719",2020,"Genesee","Darien town","B03002_007","Pacific Islander (Non-Hispanic)",0,0.396432111000991
"3603719719",2020,"Genesee","Darien town","B03002_008","Other (Non-Hispanic)",0,0.396432111000991
"3603719719",2020,"Genesee","Darien town","B03002_009","Two or More Races (Non-Hispanic)",0,0.396432111000991
"3603723756",2020,"Genesee","Elba town","B03002_003","White (Non-Hispanic)",82.9724409448819,15.7992985612071
"3603723756",2020,"Genesee","Elba town","B03002_004","Black (Non-Hispanic)",1.27952755905512,1.5651838779049
"3603723756",2020,"Genesee","Elba town","B03002_012","Hispanic or Latino (Any Race)",10.9744094488189,5.45961693752055
"3603723756",2020,"Genesee","Elba town","B03002_006","Asian (Non-Hispanic)",0,0.590551181102362
"3603723756",2020,"Genesee","Elba town","B03002_005","Native American (Non-Hispanic)",0,0.590551181102362
"3603723756",2020,"Genesee","Elba town","B03002_007","Pacific Islander (Non-Hispanic)",0,0.590551181102362
"3603723756",2020,"Genesee","Elba town","B03002_008","Other (Non-Hispanic)",0,0.590551181102362
"3603723756",2020,"Genesee","Elba town","B03002_009","Two or More Races (Non-Hispanic)",4.77362204724409,3.13241733498688
"3603742037",2020,"Genesee","Le Roy town","B03002_003","White (Non-Hispanic)",94.0048939641109,2.3126289399629
"3603742037",2020,"Genesee","Le Roy town","B03002_004","Black (Non-Hispanic)",1.23708537248505,0.910809780074836
"3603742037",2020,"Genesee","Le Roy town","B03002_012","Hispanic or Latino (Any Race)",3.35780315388798,1.87597909106772
"3603742037",2020,"Genesee","Le Roy town","B03002_006","Asian (Non-Hispanic)",0.856443719412724,0.992382188058094
"3603742037",2020,"Genesee","Le Roy town","B03002_005","Native American (Non-Hispanic)",0,0.23110386079391
"3603742037",2020,"Genesee","Le Roy town","B03002_007","Pacific Islander (Non-Hispanic)",0,0.23110386079391
"3603742037",2020,"Genesee","Le Roy town","B03002_008","Other (Non-Hispanic)",0,0.23110386079391
"3603742037",2020,"Genesee","Le Roy town","B03002_009","Two or More Races (Non-Hispanic)",0.543773790103317,0.856441393719681
"3603754166",2020,"Genesee","Oakfield town","B03002_003","White (Non-Hispanic)",93.7724160417346,2.73655512598913
"3603754166",2020,"Genesee","Oakfield town","B03002_004","Black (Non-Hispanic)",0.91294424519074,0.749894856031898
"3603754166",2020,"Genesee","Oakfield town","B03002_012","Hispanic or Latino (Any Race)",1.85849364199544,1.30414975426828
"3603754166",2020,"Genesee","Oakfield town","B03002_006","Asian (Non-Hispanic)",0.19563090968373,0.26083809327668
"3603754166",2020,"Genesee","Oakfield town","B03002_005","Native American (Non-Hispanic)",0.815128790348875,0.749899648621638
"3603754166",2020,"Genesee","Oakfield town","B03002_007","Pacific Islander (Non-Hispanic)",0,0.39126181936746
"3603754166",2020,"Genesee","Oakfield town","B03002_008","Other (Non-Hispanic)",0,0.39126181936746
"3603754166",2020,"Genesee","Oakfield town","B03002_009","Two or More Races (Non-Hispanic)",2.44538637104663,1.59757284505305
"3603756792",2020,"Genesee","Pavilion town","B03002_003","White (Non-Hispanic)",95.7881567973311,2.85479520711492
"3603756792",2020,"Genesee","Pavilion town","B03002_004","Black (Non-Hispanic)",1.12593828190158,1.45246069356387
"3603756792",2020,"Genesee","Pavilion town","B03002_012","Hispanic or Latino (Any Race)",2.54378648874062,3.23647322048753
"3603756792",2020,"Genesee","Pavilion town","B03002_006","Asian (Non-Hispanic)",0,0.500417014178482
"3603756792",2020,"Genesee","Pavilion town","B03002_005","Native American (Non-Hispanic)",0.250208507089241,0.332079988292063
"3603756792",2020,"Genesee","Pavilion town","B03002_007","Pacific Islander (Non-Hispanic)",0,0.500417014178482
"3603756792",2020,"Genesee","Pavilion town","B03002_008","Other (Non-Hispanic)",0,0.500417014178482
"3603756792",2020,"Genesee","Pavilion town","B03002_009","Two or More Races (Non-Hispanic)",0.291909924937448,0.415347198833376
"3603770607",2020,"Genesee","Stafford town","B03002_003","White (Non-Hispanic)",88.9891696750903,16.6358011009486
"3603770607",2020,"Genesee","Stafford town","B03002_004","Black (Non-Hispanic)",2.21119133574007,2.05454861360897
"3603770607",2020,"Genesee","Stafford town","B03002_012","Hispanic or Latino (Any Race)",3.88086642599278,3.2071942301799
"3603770607",2020,"Genesee","Stafford town","B03002_006","Asian (Non-Hispanic)",0,0.541516245487365
"3603770607",2020,"Genesee","Stafford town","B03002_005","Native American (Non-Hispanic)",0.0451263537906137,0.0900498309461193
"3603770607",2020,"Genesee","Stafford town","B03002_007","Pacific Islander (Non-Hispanic)",0,0.541516245487365
"3603770607",2020,"Genesee","Stafford town","B03002_008","Other (Non-Hispanic)",0,0.541516245487365
"3603770607",2020,"Genesee","Stafford town","B03002_009","Two or More Races (Non-Hispanic)",4.87364620938628,4.60188860931681
"3603775011",2020,"Genesee","Tonawanda Reservation","B03002_003","White (Non-Hispanic)",10.5263157894737,6.12077230722038
"3603775011",2020,"Genesee","Tonawanda Reservation","B03002_004","Black (Non-Hispanic)",0,3.32409972299169
"3603775011",2020,"Genesee","Tonawanda Reservation","B03002_012","Hispanic or Latino (Any Race)",0,3.32409972299169
"3603775011",2020,"Genesee","Tonawanda Reservation","B03002_006","Asian (Non-Hispanic)",6.09418282548476,6.76026364856889
"3603775011",2020,"Genesee","Tonawanda Reservation","B03002_005","Native American (Non-Hispanic)",76.4542936288089,26.4525237116022
"3603775011",2020,"Genesee","Tonawanda Reservation","B03002_007","Pacific Islander (Non-Hispanic)",0,3.32409972299169
"3603775011",2020,"Genesee","Tonawanda Reservation","B03002_008","Other (Non-Hispanic)",0,3.32409972299169
"3603775011",2020,"Genesee","Tonawanda Reservation","B03002_009","Two or More Races (Non-Hispanic)",6.92520775623269,11.5083937455432
"3603700474",2021,"Genesee","Alabama town","B03002_003","White (Non-Hispanic)",89.0231092436975,16.9048259808396
"3603700474",2021,"Genesee","Alabama town","B03002_004","Black (Non-Hispanic)",0.840336134453782,1.09667520349799
"3603700474",2021,"Genesee","Alabama town","B03002_012","Hispanic or Latino (Any Race)",1.83823529411765,1.92623315257401
"3603700474",2021,"Genesee","Alabama town","B03002_006","Asian (Non-Hispanic)",0,0.682773109243697
"3603700474",2021,"Genesee","Alabama town","B03002_005","Native American (Non-Hispanic)",0.525210084033613,0.520059372392412
"3603700474",2021,"Genesee","Alabama town","B03002_007","Pacific Islander (Non-Hispanic)",0,0.682773109243697
"3603700474",2021,"Genesee","Alabama town","B03002_008","Other (Non-Hispanic)",0,0.682773109243697
"3603700474",2021,"Genesee","Alabama town","B03002_009","Two or More Races (Non-Hispanic)",7.77310924369748,5.24592167073647
"3603701165",2021,"Genesee","Alexander town","B03002_003","White (Non-Hispanic)",96.1034360609281,2.50809974893485
"3603701165",2021,"Genesee","Alexander town","B03002_004","Black (Non-Hispanic)",0.0708466170740347,0.176716621301584
"3603701165",2021,"Genesee","Alexander town","B03002_012","Hispanic or Latino (Any Race)",1.09812256464754,1.65465414696046
"3603701165",2021,"Genesee","Alexander town","B03002_006","Asian (Non-Hispanic)",0,0.460503010981226
"3603701165",2021,"Genesee","Alexander town","B03002_005","Native American (Non-Hispanic)",0,0.460503010981226
"3603701165",2021,"Genesee","Alexander town","B03002_007","Pacific Islander (Non-Hispanic)",0,0.460503010981226
"3603701165",2021,"Genesee","Alexander town","B03002_008","Other (Non-Hispanic)",0.318809776833156,0.457381173411455
"3603701165",2021,"Genesee","Alexander town","B03002_009","Two or More Races (Non-Hispanic)",2.40878498051718,1.61502220777804
"3603704715",2021,"Genesee","Batavia city","B03002_003","White (Non-Hispanic)",81.3770407175582,2.43564645313788
"3603704715",2021,"Genesee","Batavia city","B03002_004","Black (Non-Hispanic)",5.27844098857843,1.39379214693505
"3603704715",2021,"Genesee","Batavia city","B03002_012","Hispanic or Latino (Any Race)",6.3108988836549,1.4905763181601
"3603704715",2021,"Genesee","Batavia city","B03002_006","Asian (Non-Hispanic)",1.1550622701168,0.619471934563222
"3603704715",2021,"Genesee","Batavia city","B03002_005","Native American (Non-Hispanic)",0.0838872039749629,0.0967928330608824
"3603704715",2021,"Genesee","Batavia city","B03002_007","Pacific Islander (Non-Hispanic)",0,0.129057236884558
"3603704715",2021,"Genesee","Batavia city","B03002_008","Other (Non-Hispanic)",0.380718848809447,0.432341307312143
"3603704715",2021,"Genesee","Batavia city","B03002_009","Two or More Races (Non-Hispanic)",5.41395108730722,1.49703847095077
"3603704726",2021,"Genesee","Batavia town","B03002_003","White (Non-Hispanic)",98.470755163172,1.05130985255197
"3603704726",2021,"Genesee","Batavia town","B03002_004","Black (Non-Hispanic)",0.20495033895633,0.236480445135088
"3603704726",2021,"Genesee","Batavia town","B03002_012","Hispanic or Latino (Any Race)",0.961690052025855,0.882858780610391
"3603704726",2021,"Genesee","Batavia town","B03002_006","Asian (Non-Hispanic)",0.362604445845814,0.63061558804605
"3603704726",2021,"Genesee","Batavia town","B03002_005","Native American (Non-Hispanic)",0,0.283777392401072
"3603704726",2021,"Genesee","Batavia town","B03002_007","Pacific Islander (Non-Hispanic)",0,0.283777392401072
"3603704726",2021,"Genesee","Batavia town","B03002_008","Other (Non-Hispanic)",0,0.283777392401072
"3603704726",2021,"Genesee","Batavia town","B03002_009","Two or More Races (Non-Hispanic)",0,0.283777392401072
"3603706057",2021,"Genesee","Bergen town","B03002_003","White (Non-Hispanic)",96.4963034394085,1.846058568502
"3603706057",2021,"Genesee","Bergen town","B03002_004","Black (Non-Hispanic)",0.546448087431694,0.83573815317038
"3603706057",2021,"Genesee","Bergen town","B03002_012","Hispanic or Latino (Any Race)",0.77145612343298,0.675009350159786
"3603706057",2021,"Genesee","Bergen town","B03002_006","Asian (Non-Hispanic)",0.707168113146898,0.964311473865151
"3603706057",2021,"Genesee","Bergen town","B03002_005","Native American (Non-Hispanic)",0.0321440051430408,0.0964318360821167
"3603706057",2021,"Genesee","Bergen town","B03002_007","Pacific Islander (Non-Hispanic)",0,0.417872066859531
"3603706057",2021,"Genesee","Bergen town","B03002_008","Other (Non-Hispanic)",0,0.417872066859531
"3603706057",2021,"Genesee","Bergen town","B03002_009","Two or More Races (Non-Hispanic)",1.44648023143684,1.09286412933338
"3603706266",2021,"Genesee","Bethany town","B03002_003","White (Non-Hispanic)",87.0967741935484,3.83900689097446
"3603706266",2021,"Genesee","Bethany town","B03002_004","Black (Non-Hispanic)",0.620347394540943,0.926375162395708
"3603706266",2021,"Genesee","Bethany town","B03002_012","Hispanic or Latino (Any Race)",9.24317617866005,8.64864565929524
"3603706266",2021,"Genesee","Bethany town","B03002_006","Asian (Non-Hispanic)",0,0.806451612903226
"3603706266",2021,"Genesee","Bethany town","B03002_005","Native American (Non-Hispanic)",0.186104218362283,0.309054771854817
"3603706266",2021,"Genesee","Bethany town","B03002_007","Pacific Islander (Non-Hispanic)",0,0.806451612903226
"3603706266",2021,"Genesee","Bethany town","B03002_008","Other (Non-Hispanic)",0,0.806451612903226
"3603706266",2021,"Genesee","Bethany town","B03002_009","Two or More Races (Non-Hispanic)",2.85359801488834,2.63678243469759
"3603711572",2021,"Genesee","Byron town","B03002_003","White (Non-Hispanic)",93.0608365019012,7.04008586657786
"3603711572",2021,"Genesee","Byron town","B03002_004","Black (Non-Hispanic)",0.998098859315589,1.07738644156706
"3603711572",2021,"Genesee","Byron town","B03002_012","Hispanic or Latino (Any Race)",2.18631178707224,2.0031433687742
"3603711572",2021,"Genesee","Byron town","B03002_006","Asian (Non-Hispanic)",0.665399239543726,0.99044877282432
"3603711572",2021,"Genesee","Byron town","B03002_005","Native American (Non-Hispanic)",0,0.61787072243346
"3603711572",2021,"Genesee","Byron town","B03002_007","Pacific Islander (Non-Hispanic)",0,0.61787072243346
"3603711572",2021,"Genesee","Byron town","B03002_008","Other (Non-Hispanic)",0.903041825095057,1.41599607713306
"3603711572",2021,"Genesee","Byron town","B03002_009","Two or More Races (Non-Hispanic)",2.18631178707224,1.66234127355441
"3603719719",2021,"Genesee","Darien town","B03002_003","White (Non-Hispanic)",95.7383548067394,3.09202000684433
"3603719719",2021,"Genesee","Darien town","B03002_004","Black (Non-Hispanic)",0,0.429468120251074
"3603719719",2021,"Genesee","Darien town","B03002_012","Hispanic or Latino (Any Race)",4.26164519326065,3.10529263602654
"3603719719",2021,"Genesee","Darien town","B03002_006","Asian (Non-Hispanic)",0,0.429468120251074
"3603719719",2021,"Genesee","Darien town","B03002_005","Native American (Non-Hispanic)",0,0.429468120251074
"3603719719",2021,"Genesee","Darien town","B03002_007","Pacific Islander (Non-Hispanic)",0,0.429468120251074
"3603719719",2021,"Genesee","Darien town","B03002_008","Other (Non-Hispanic)",0,0.429468120251074
"3603719719",2021,"Genesee","Darien town","B03002_009","Two or More Races (Non-Hispanic)",0,0.429468120251074
"3603723756",2021,"Genesee","Elba town","B03002_003","White (Non-Hispanic)",86.2774451097804,19.5632401790509
"3603723756",2021,"Genesee","Elba town","B03002_004","Black (Non-Hispanic)",1.04790419161677,1.68807388475056
"3603723756",2021,"Genesee","Elba town","B03002_012","Hispanic or Latino (Any Race)",8.43313373253493,5.05787665571553
"3603723756",2021,"Genesee","Elba town","B03002_006","Asian (Non-Hispanic)",0,0.648702594810379
"3603723756",2021,"Genesee","Elba town","B03002_005","Native American (Non-Hispanic)",0,0.648702594810379
"3603723756",2021,"Genesee","Elba town","B03002_007","Pacific Islander (Non-Hispanic)",0,0.648702594810379
"3603723756",2021,"Genesee","Elba town","B03002_008","Other (Non-Hispanic)",0,0.648702594810379
"3603723756",2021,"Genesee","Elba town","B03002_009","Two or More Races (Non-Hispanic)",4.24151696606786,3.11865297254591
"3603742037",2021,"Genesee","Le Roy town","B03002_003","White (Non-Hispanic)",91.7682527198846,3.03051798904523
"3603742037",2021,"Genesee","Le Roy town","B03002_004","Black (Non-Hispanic)",1.41565080613449,0.943759159153265
"3603742037",2021,"Genesee","Le Roy town","B03002_012","Hispanic or Latino (Any Race)",2.89684100144187,1.36319597307106
"3603742037",2021,"Genesee","Le Roy town","B03002_006","Asian (Non-Hispanic)",1.80888714117184,1.58604540207272
"3603742037",2021,"Genesee","Le Roy town","B03002_005","Native American (Non-Hispanic)",0,0.235941801022414
"3603742037",2021,"Genesee","Le Roy town","B03002_007","Pacific Islander (Non-Hispanic)",0,0.235941801022414
"3603742037",2021,"Genesee","Le Roy town","B03002_008","Other (Non-Hispanic)",0,0.235941801022414
"3603742037",2021,"Genesee","Le Roy town","B03002_009","Two or More Races (Non-Hispanic)",2.11036833136715,1.42874687443405
"3603754166",2021,"Genesee","Oakfield town","B03002_003","White (Non-Hispanic)",92.7550047664442,3.61110909441905
"3603754166",2021,"Genesee","Oakfield town","B03002_004","Black (Non-Hispanic)",1.11217032094058,1.77945984467269
"3603754166",2021,"Genesee","Oakfield town","B03002_012","Hispanic or Latino (Any Race)",3.05052430886559,2.00182185532539
"3603754166",2021,"Genesee","Oakfield town","B03002_006","Asian (Non-Hispanic)",0.222434064188116,0.54019534372669
"3603754166",2021,"Genesee","Oakfield town","B03002_005","Native American (Non-Hispanic)",0.285986653956149,0.317758257734643
"3603754166",2021,"Genesee","Oakfield town","B03002_007","Pacific Islander (Non-Hispanic)",0,0.413091833492215
"3603754166",2021,"Genesee","Oakfield town","B03002_008","Other (Non-Hispanic)",0,0.413091833492215
"3603754166",2021,"Genesee","Oakfield town","B03002_009","Two or More Races (Non-Hispanic)",2.57387988560534,2.12895504352708
"3603756792",2021,"Genesee","Pavilion town","B03002_003","White (Non-Hispanic)",96.7395967395967,17.0931632677585
"3603756792",2021,"Genesee","Pavilion town","B03002_004","Black (Non-Hispanic)",0.514800514800515,0.855573934785865
"3603756792",2021,"Genesee","Pavilion town","B03002_012","Hispanic or Latino (Any Race)",0.643500643500644,0.638431740176704
"3603756792",2021,"Genesee","Pavilion town","B03002_006","Asian (Non-Hispanic)",0,0.557700557700558
"3603756792",2021,"Genesee","Pavilion town","B03002_005","Native American (Non-Hispanic)",0.214500214500214,0.299095756113019
"3603756792",2021,"Genesee","Pavilion town","B03002_007","Pacific Islander (Non-Hispanic)",0,0.557700557700558
"3603756792",2021,"Genesee","Pavilion town","B03002_008","Other (Non-Hispanic)",0,0.557700557700558
"3603756792",2021,"Genesee","Pavilion town","B03002_009","Two or More Races (Non-Hispanic)",1.88760188760189,1.87273310451833
"3603757078",2021,"Genesee","Pembroke town","B03002_003","White (Non-Hispanic)",96.1511382304623,2.49411325821745
"3603757078",2021,"Genesee","Pembroke town","B03002_004","Black (Non-Hispanic)",1.4785261675663,1.76013651851288
"3603757078",2021,"Genesee","Pembroke town","B03002_012","Hispanic or Latino (Any Race)",0.375498709223187,0.750995350277594
"3603757078",2021,"Genesee","Pembroke town","B03002_006","Asian (Non-Hispanic)",0.492842055855433,0.680587479157498
"3603757078",2021,"Genesee","Pembroke town","B03002_005","Native American (Non-Hispanic)",0,0.305092701243839
"3603757078",2021,"Genesee","Pembroke town","B03002_007","Pacific Islander (Non-Hispanic)",0,0.305092701243839
"3603757078",2021,"Genesee","Pembroke town","B03002_008","Other (Non-Hispanic)",0,0.305092701243839
"3603757078",2021,"Genesee","Pembroke town","B03002_009","Two or More Races (Non-Hispanic)",1.50199483689275,1.33769557426883
"3603770607",2021,"Genesee","Stafford town","B03002_003","White (Non-Hispanic)",88.4224480777729,6.35621617910928
"3603770607",2021,"Genesee","Stafford town","B03002_004","Black (Non-Hispanic)",2.38621299160407,2.14604683341401
"3603770607",2021,"Genesee","Stafford town","B03002_012","Hispanic or Latino (Any Race)",3.2258064516129,3.33575142511423
"3603770607",2021,"Genesee","Stafford town","B03002_006","Asian (Non-Hispanic)",0,0.574458683163942
"3603770607",2021,"Genesee","Stafford town","B03002_005","Native American (Non-Hispanic)",0.0441891294741494,0.0882173399938135
"3603770607",2021,"Genesee","Stafford town","B03002_007","Pacific Islander (Non-Hispanic)",0,0.574458683163942
"3603770607",2021,"Genesee","Stafford town","B03002_008","Other (Non-Hispanic)",0,0.574458683163942
"3603770607",2021,"Genesee","Stafford town","B03002_009","Two or More Races (Non-Hispanic)",5.92134334953601,5.74453314698214
"3603775011",2021,"Genesee","Tonawanda Reservation","B03002_003","White (Non-Hispanic)",9.66767371601208,6.2438919072068
"3603775011",2021,"Genesee","Tonawanda Reservation","B03002_004","Black (Non-Hispanic)",0,3.92749244712991
"3603775011",2021,"Genesee","Tonawanda Reservation","B03002_012","Hispanic or Latino (Any Race)",0,3.92749244712991
"3603775011",2021,"Genesee","Tonawanda Reservation","B03002_006","Asian (Non-Hispanic)",6.34441087613293,11.3825975474458
"3603775011",2021,"Genesee","Tonawanda Reservation","B03002_005","Native American (Non-Hispanic)",72.809667673716,21.8908790668842
"3603775011",2021,"Genesee","Tonawanda Reservation","B03002_007","Pacific Islander (Non-Hispanic)",0,3.92749244712991
"3603775011",2021,"Genesee","Tonawanda Reservation","B03002_008","Other (Non-Hispanic)",0,3.92749244712991
"3603775011",2021,"Genesee","Tonawanda Reservation","B03002_009","Two or More Races (Non-Hispanic)",11.178247734139,8.35596494553348
"3605103364",2021,"Livingston","Avon town","B03002_003","White (Non-Hispanic)",93.6754870601919,3.08619847998189
"3605103364",2021,"Livingston","Avon town","B03002_004","Black (Non-Hispanic)",0.537947077638848,0.814187012225986
"3605103364",2021,"Livingston","Avon town","B03002_012","Hispanic or Latino (Any Race)",1.8900843268392,1.23579867236189
"3605103364",2021,"Livingston","Avon town","B03002_006","Asian (Non-Hispanic)",1.68653678394882,2.18085493771408
"3605103364",2021,"Livingston","Avon town","B03002_005","Native American (Non-Hispanic)",0.21808665309683,0.305319929673818
"3605103364",2021,"Livingston","Avon town","B03002_007","Pacific Islander (Non-Hispanic)",0,0.261703983716197
"3605103364",2021,"Livingston","Avon town","B03002_008","Other (Non-Hispanic)",0,0.261703983716197
"3605103364",2021,"Livingston","Avon town","B03002_009","Two or More Races (Non-Hispanic)",1.99185809828438,1.41026868353622
"3605111715",2021,"Livingston","Caledonia town","B03002_003","White (Non-Hispanic)",88.2195773621569,3.89526312285776
"3605111715",2021,"Livingston","Caledonia town","B03002_004","Black (Non-Hispanic)",3.54627155695895,1.33573648062908
"3605111715",2021,"Livingston","Caledonia town","B03002_012","Hispanic or Latino (Any Race)",3.64342968180714,2.9146529253119
"3605111715",2021,"Livingston","Caledonia town","B03002_006","Asian (Non-Hispanic)",0.558659217877095,0.947285147250179
"3605111715",2021,"Livingston","Caledonia town","B03002_005","Native American (Non-Hispanic)",0,0.315763905756619
"3605111715",2021,"Livingston","Caledonia town","B03002_007","Pacific Islander (Non-Hispanic)",0,0.315763905756619
"3605111715",2021,"Livingston","Caledonia town","B03002_008","Other (Non-Hispanic)",1.020160310906,1.14158978761921
"3605111715",2021,"Livingston","Caledonia town","B03002_009","Two or More Races (Non-Hispanic)",3.0119018702939,1.79732466336943
"3605117618",2021,"Livingston","Conesus town","B03002_003","White (Non-Hispanic)",97.7072310405644,3.45083123399846
"3605117618",2021,"Livingston","Conesus town","B03002_004","Black (Non-Hispanic)",0.352733686067019,0.527183520805496
"3605117618",2021,"Livingston","Conesus town","B03002_012","Hispanic or Latino (Any Race)",0,0.764256319811875
"3605117618",2021,"Livingston","Conesus town","B03002_006","Asian (Non-Hispanic)",0,0.764256319811875
"3605117618",2021,"Livingston","Conesus town","B03002_005","Native American (Non-Hispanic)",0,0.764256319811875
"3605117618",2021,"Livingston","Conesus town","B03002_007","Pacific Islander (Non-Hispanic)",0,0.764256319811875
"3605117618",2021,"Livingston","Conesus town","B03002_008","Other (Non-Hispanic)",0.529100529100529,0.761269784951324
"3605117618",2021,"Livingston","Conesus town","B03002_009","Two or More Races (Non-Hispanic)",1.41093474426808,1.0427804155279
"3605128629",2021,"Livingston","Geneseo town","B03002_003","White (Non-Hispanic)",87.3319641523525,2.35766503721238
"3605128629",2021,"Livingston","Geneseo town","B03002_004","Black (Non-Hispanic)",3.16467513069455,0.933487561572552
"3605128629",2021,"Livingston","Geneseo town","B03002_012","Hispanic or Latino (Any Race)",4.85436893203883,1.3068699771922
"3605128629",2021,"Livingston","Geneseo town","B03002_006","Asian (Non-Hispanic)",2.45519044062733,1.54964763956845
"3605128629",2021,"Livingston","Geneseo town","B03002_005","Native American (Non-Hispanic)",0,0.186706497386109
"3605128629",2021,"Livingston","Geneseo town","B03002_007","Pacific Islander (Non-Hispanic)",0,0.186706497386109
"3605128629",2021,"Livingston","Geneseo town","B03002_008","Other (Non-Hispanic)",0.168035847647498,0.224047269128231
"3605128629",2021,"Livingston","Geneseo town","B03002_009","Two or More Races (Non-Hispanic)",2.02576549663928,1.27892607069616
"3605131016",2021,"Livingston","Groveland town","B03002_003","White (Non-Hispanic)",62.4499846106494,5.53547510341849
"3605131016",2021,"Livingston","Groveland town","B03002_004","Black (Non-Hispanic)",22.6531240381656,4.81366972447808
"3605131016",2021,"Livingston","Groveland town","B03002_012","Hispanic or Latino (Any Race)",11.0495537088335,2.38526628641073
"3605131016",2021,"Livingston","Groveland town","B03002_006","Asian (Non-Hispanic)",0.246229609110496,0.430235802903942
"3605131016",2021,"Livingston","Groveland town","B03002_005","Native American (Non-Hispanic)",0.15389350569406,0.214930358548864
"3605131016",2021,"Livingston","Groveland town","B03002_007","Pacific Islander (Non-Hispanic)",0,0.400123114804555
"3605131016",2021,"Livingston","Groveland town","B03002_008","Other (Non-Hispanic)",0.215450907971684,0.307072851825534
"3605131016",2021,"Livingston","Groveland town","B03002_009","Two or More Races (Non-Hispanic)",3.23176361957525,1.4120372590234
"3605141883",2021,"Livingston","Leicester town","B03002_003","White (Non-Hispanic)",94.1926345609065,14.2147760651309
"3605141883",2021,"Livingston","Leicester town","B03002_004","Black (Non-Hispanic)",0.424929178470255,0.659416271092017
"3605141883",2021,"Livingston","Leicester town","B03002_012","Hispanic or Latino (Any Race)",0.755429650613787,0.845958696094382
"3605141883",2021,"Livingston","Leicester town","B03002_006","Asian (Non-Hispanic)",1.03871576959396,1.22247004220987
"3605141883",2021,"Livingston","Leicester town","B03002_005","Native American (Non-Hispanic)",0,0.613786591123702
"3605141883",2021,"Livingston","Leicester town","B03002_007","Pacific Islander (Non-Hispanic)",0,0.613786591123702
"3605141883",2021,"Livingston","Leicester town","B03002_008","Other (Non-Hispanic)",0,0.613786591123702
"3605141883",2021,"Livingston","Leicester town","B03002_009","Two or More Races (Non-Hispanic)",3.58829084041549,2.28102810528924
"3605142334",2021,"Livingston","Lima town","B03002_003","White (Non-Hispanic)",90.7506053268765,3.6127002648629
"3605142334",2021,"Livingston","Lima town","B03002_004","Black (Non-Hispanic)",0.411622276029056,0.532684956733909
"3605142334",2021,"Livingston","Lima town","B03002_012","Hispanic or Latino (Any Race)",3.72881355932203,2.44547241495237
"3605142334",2021,"Livingston","Lima town","B03002_006","Asian (Non-Hispanic)",1.54963680387409,1.69490325147686
"3605142334",2021,"Livingston","Lima town","B03002_005","Native American (Non-Hispanic)",0,0.314769975786925
"3605142334",2021,"Livingston","Lima town","B03002_007","Pacific Islander (Non-Hispanic)",0,0.314769975786925
"3605142334",2021,"Livingston","Lima town","B03002_008","Other (Non-Hispanic)",1.71912832929782,2.15495206200803
"3605142334",2021,"Livingston","Lima town","B03002_009","Two or More Races (Non-Hispanic)",1.84019370460048,1.30748411235246
"3605142961",2021,"Livingston","Livonia town","B03002_003","White (Non-Hispanic)",90.8675184936113,3.11640494518818
"3605142961",2021,"Livingston","Livonia town","B03002_004","Black (Non-Hispanic)",0.847343644922663,0.954937880248711
"3605142961",2021,"Livingston","Livonia town","B03002_012","Hispanic or Latino (Any Race)",1.31809011432414,0.914580614885454
"3605142961",2021,"Livingston","Livonia town","B03002_006","Asian (Non-Hispanic)",2.12508406186954,1.96367010822661
"3605142961",2021,"Livingston","Livonia town","B03002_005","Native American (Non-Hispanic)",0,0.242098184263618
"3605142961",2021,"Livingston","Livonia town","B03002_007","Pacific Islander (Non-Hispanic)",0,0.242098184263618
"3605142961",2021,"Livingston","Livonia town","B03002_008","Other (Non-Hispanic)",0,0.242098184263618
"3605142961",2021,"Livingston","Livonia town","B03002_009","Two or More Races (Non-Hispanic)",4.84196368527236,1.68114543865617
"3605148956",2021,"Livingston","Mount Morris town","B03002_003","White (Non-Hispanic)",83.2465474303826,6.15153322375499
"3605148956",2021,"Livingston","Mount Morris town","B03002_004","Black (Non-Hispanic)",2.24134027620557,2.5809260640323
"3605148956",2021,"Livingston","Mount Morris town","B03002_012","Hispanic or Latino (Any Race)",10.9350237717908,3.69010067767499
"3605148956",2021,"Livingston","Mount Morris town","B03002_006","Asian (Non-Hispanic)",0,0.294317410006792
"3605148956",2021,"Livingston","Mount Morris town","B03002_005","Native American (Non-Hispanic)",0.588634820013584,0.724470866799707
"3605148956",2021,"Livingston","Mount Morris town","B03002_007","Pacific Islander (Non-Hispanic)",0,0.294317410006792
"3605148956",2021,"Livingston","Mount Morris town","B03002_008","Other (Non-Hispanic)",0,0.294317410006792
"3605148956",2021,"Livingston","Mount Morris town","B03002_009","Two or More Races (Non-Hispanic)",2.98845370160743,4.02987175795713
"3605151869",2021,"Livingston","North Dansville town","B03002_003","White (Non-Hispanic)",92.6283873412924,4.42177803030862
"3605151869",2021,"Livingston","North Dansville town","B03002_004","Black (Non-Hispanic)",1.36441159749858,1.23175067350135
"3605151869",2021,"Livingston","North Dansville town","B03002_012","Hispanic or Latino (Any Race)",4.6048891415577,4.03635025663351
"3605151869",2021,"Livingston","North Dansville town","B03002_006","Asian (Non-Hispanic)",0,0.341102899374645
"3605151869",2021,"Livingston","North Dansville town","B03002_005","Native American (Non-Hispanic)",0,0.341102899374645
"3605151869",2021,"Livingston","North Dansville town","B03002_007","Pacific Islander (Non-Hispanic)",0,0.341102899374645
"3605151869",2021,"Livingston","North Dansville town","B03002_008","Other (Non-Hispanic)",0.0758006443054766,0.17055123131697
"3605151869",2021,"Livingston","North Dansville town","B03002_009","Two or More Races (Non-Hispanic)",1.32651127534584,1.15594995868365
"3605154089",2021,"Livingston","Nunda town","B03002_003","White (Non-Hispanic)",93.6138796603913,4.12464261151574
"3605154089",2021,"Livingston","Nunda town","B03002_004","Black (Non-Hispanic)",1.84569952011812,2.21480547099062
"3605154089",2021,"Livingston","Nunda town","B03002_012","Hispanic or Latino (Any Race)",0.332225913621262,0.406047893979845
"3605154089",2021,"Livingston","Nunda town","B03002_006","Asian (Non-Hispanic)",0,0.479881875230712
"3605154089",2021,"Livingston","Nunda town","B03002_005","Native American (Non-Hispanic)",0,0.479881875230712
"3605154089",2021,"Livingston","Nunda town","B03002_007","Pacific Islander (Non-Hispanic)",0,0.479881875230712
"3605154089",2021,"Livingston","Nunda town","B03002_008","Other (Non-Hispanic)",0,0.479881875230712
"3605154089",2021,"Livingston","Nunda town","B03002_009","Two or More Races (Non-Hispanic)",4.20819490586932,3.32214146699015
"3605155508",2021,"Livingston","Ossian town","B03002_003","White (Non-Hispanic)",97.7973568281938,4.38925532206322
"3605155508",2021,"Livingston","Ossian town","B03002_004","Black (Non-Hispanic)",0,1.90895741556535
"3605155508",2021,"Livingston","Ossian town","B03002_012","Hispanic or Latino (Any Race)",0.293685756240822,0.437375488097655
"3605155508",2021,"Livingston","Ossian town","B03002_006","Asian (Non-Hispanic)",0,1.90895741556535
"3605155508",2021,"Livingston","Ossian town","B03002_005","Native American (Non-Hispanic)",0,1.90895741556535
"3605155508",2021,"Livingston","Ossian town","B03002_007","Pacific Islander (Non-Hispanic)",0,1.90895741556535
"3605155508",2021,"Livingston","Ossian town","B03002_008","Other (Non-Hispanic)",0,1.90895741556535
"3605155508",2021,"Livingston","Ossian town","B03002_009","Two or More Races (Non-Hispanic)",1.90895741556535,2.6209544888351
"3605159179",2021,"Livingston","Portage town","B03002_003","White (Non-Hispanic)",94.928335170893,28.6987357847994
"3605159179",2021,"Livingston","Portage town","B03002_004","Black (Non-Hispanic)",0.110253583241455,0.440376845904206
"3605159179",2021,"Livingston","Portage town","B03002_012","Hispanic or Latino (Any Race)",4.1896361631753,6.77611609104555
"3605159179",2021,"Livingston","Portage town","B03002_006","Asian (Non-Hispanic)",0,1.43329658213892
"3605159179",2021,"Livingston","Portage town","B03002_005","Native American (Non-Hispanic)",0.551267916207277,1.09614705899312
"3605159179",2021,"Livingston","Portage town","B03002_007","Pacific Islander (Non-Hispanic)",0,1.43329658213892
"3605159179",2021,"Livingston","Portage town","B03002_008","Other (Non-Hispanic)",0,1.43329658213892
"3605159179",2021,"Livingston","Portage town","B03002_009","Two or More Races (Non-Hispanic)",0.220507166482911,0.438458823597248
"3605170101",2021,"Livingston","Sparta town","B03002_003","White (Non-Hispanic)",97.1469329529244,2.52904247647247
"3605170101",2021,"Livingston","Sparta town","B03002_004","Black (Non-Hispanic)",0.641940085592011,0.851534125513548
"3605170101",2021,"Livingston","Sparta town","B03002_012","Hispanic or Latino (Any Race)",1.14122681883024,1.05878126755604
"3605170101",2021,"Livingston","Sparta town","B03002_006","Asian (Non-Hispanic)",0.285306704707561,0.497803131837852
"3605170101",2021,"Livingston","Sparta town","B03002_005","Native American (Non-Hispanic)",0.0713266761768902,0.285144630856131
"3605170101",2021,"Livingston","Sparta town","B03002_007","Pacific Islander (Non-Hispanic)",0,0.927246790299572
"3605170101",2021,"Livingston","Sparta town","B03002_008","Other (Non-Hispanic)",0,0.927246790299572
"3605170101",2021,"Livingston","Sparta town","B03002_009","Two or More Races (Non-Hispanic)",0.713266761768902,1.06557064090038
"3605170475",2021,"Livingston","Springwater town","B03002_003","White (Non-Hispanic)",91.2010558732952,4.58053063066906
"3605170475",2021,"Livingston","Springwater town","B03002_004","Black (Non-Hispanic)",0.835899692036956,0.784938536478224
"3605170475",2021,"Livingston","Springwater town","B03002_012","Hispanic or Latino (Any Race)",0.967883853937528,0.693375289328335
"3605170475",2021,"Livingston","Springwater town","B03002_006","Asian (Non-Hispanic)",0.043994720633524,0.131868835179242
"3605170475",2021,"Livingston","Springwater town","B03002_005","Native American (Non-Hispanic)",0,0.571931368235812
"3605170475",2021,"Livingston","Springwater town","B03002_007","Pacific Islander (Non-Hispanic)",0,0.571931368235812
"3605170475",2021,"Livingston","Springwater town","B03002_008","Other (Non-Hispanic)",0.043994720633524,0.175892404034066
"3605170475",2021,"Livingston","Springwater town","B03002_009","Two or More Races (Non-Hispanic)",6.90717113946326,4.98471708323734
"3605181006",2021,"Livingston","West Sparta town","B03002_003","White (Non-Hispanic)",97.5836431226766,5.11415691253364
"3605181006",2021,"Livingston","West Sparta town","B03002_004","Black (Non-Hispanic)",0.185873605947955,0.370429985427671
"3605181006",2021,"Livingston","West Sparta town","B03002_012","Hispanic or Latino (Any Race)",0.743494423791822,0.827028022459894
"3605181006",2021,"Livingston","West Sparta town","B03002_006","Asian (Non-Hispanic)",0.929368029739777,1.29168900506497
"3605181006",2021,"Livingston","West Sparta town","B03002_005","Native American (Non-Hispanic)",0,1.20817843866171
"3605181006",2021,"Livingston","West Sparta town","B03002_007","Pacific Islander (Non-Hispanic)",0,1.20817843866171
"3605181006",2021,"Livingston","West Sparta town","B03002_008","Other (Non-Hispanic)",0,1.20817843866171
"3605181006",2021,"Livingston","West Sparta town","B03002_009","Two or More Races (Non-Hispanic)",0.557620817843866,0.643759799124042
"3605184022",2021,"Livingston","York town","B03002_003","White (Non-Hispanic)",93.6297697887102,5.18452208198779
"3605184022",2021,"Livingston","York town","B03002_004","Black (Non-Hispanic)",0.315357931251971,0.504570484819509
"3605184022",2021,"Livingston","York town","B03002_012","Hispanic or Latino (Any Race)",5.17187007253232,5.10873990768466
"3605184022",2021,"Livingston","York town","B03002_006","Asian (Non-Hispanic)",0,0.409965310627562
"3605184022",2021,"Livingston","York town","B03002_005","Native American (Non-Hispanic)",0,0.409965310627562
"3605184022",2021,"Livingston","York town","B03002_007","Pacific Islander (Non-Hispanic)",0,0.409965310627562
"3605184022",2021,"Livingston","York town","B03002_008","Other (Non-Hispanic)",0,0.409965310627562
"3605184022",2021,"Livingston","York town","B03002_009","Two or More Races (Non-Hispanic)",0.883002207505519,0.97760066369097
"3605500000",2021,"Monroe","County subdivisions not defined","B03002_003","White (Non-Hispanic)",0,0
"3605500000",2021,"Monroe","County subdivisions not defined","B03002_004","Black (Non-Hispanic)",0,0
"3605500000",2021,"Monroe","County subdivisions not defined","B03002_012","Hispanic or Latino (Any Race)",0,0
"3605500000",2021,"Monroe","County subdivisions not defined","B03002_006","Asian (Non-Hispanic)",0,0
"3605500000",2021,"Monroe","County subdivisions not defined","B03002_005","Native American (Non-Hispanic)",0,0
"3605500000",2021,"Monroe","County subdivisions not defined","B03002_007","Pacific Islander (Non-Hispanic)",0,0
"3605500000",2021,"Monroe","County subdivisions not defined","B03002_008","Other (Non-Hispanic)",0,0
"3605500000",2021,"Monroe","County subdivisions not defined","B03002_009","Two or More Races (Non-Hispanic)",0,0
"3605508246",2021,"Monroe","Brighton town","B03002_003","White (Non-Hispanic)",75.3717622884335,2.64894263654774
"3605508246",2021,"Monroe","Brighton town","B03002_004","Black (Non-Hispanic)",7.08376142324123,1.79793317744505
"3605508246",2021,"Monroe","Brighton town","B03002_012","Hispanic or Latino (Any Race)",4.60174119937274,1.22205644308809
"3605508246",2021,"Monroe","Brighton town","B03002_006","Asian (Non-Hispanic)",8.98177688855243,1.51400157722474
"3605508246",2021,"Monroe","Brighton town","B03002_005","Native American (Non-Hispanic)",0.183853349916184,0.135185888601186
"3605508246",2021,"Monroe","Brighton town","B03002_007","Pacific Islander (Non-Hispanic)",0,0.0730005948196615
"3605508246",2021,"Monroe","Brighton town","B03002_008","Other (Non-Hispanic)",0.337965716757692,0.319039066607015
"3605508246",2021,"Monroe","Brighton town","B03002_009","Two or More Races (Non-Hispanic)",3.43913913372627,0.884097015142224
"3605515462",2021,"Monroe","Chili town","B03002_003","White (Non-Hispanic)",81.025535278551,3.17019211087036
"3605515462",2021,"Monroe","Chili town","B03002_004","Black (Non-Hispanic)",9.71577825892704,2.28885679280652
"3605515462",2021,"Monroe","Chili town","B03002_012","Hispanic or Latino (Any Race)",3.95917104856171,1.49842638016713
"3605515462",2021,"Monroe","Chili town","B03002_006","Asian (Non-Hispanic)",2.26827507990514,1.68058273454216
"3605515462",2021,"Monroe","Chili town","B03002_005","Native American (Non-Hispanic)",0.0515517063614806,0.065298789600965
"3605515462",2021,"Monroe","Chili town","B03002_007","Pacific Islander (Non-Hispanic)",0.0996666322988624,0.113413671233909
"3605515462",2021,"Monroe","Chili town","B03002_008","Other (Non-Hispanic)",0.244011410111008,0.230264044078607
"3605515462",2021,"Monroe","Chili town","B03002_009","Two or More Races (Non-Hispanic)",2.63601058528371,0.951981280512647
"3605515957",2021,"Monroe","Clarkson town","B03002_003","White (Non-Hispanic)",80.9371362048894,9.2509823310893
"3605515957",2021,"Monroe","Clarkson town","B03002_004","Black (Non-Hispanic)",2.53201396973225,2.41558466923769
"3605515957",2021,"Monroe","Clarkson town","B03002_012","Hispanic or Latino (Any Race)",14.5081490104773,9.22571621953506
"3605515957",2021,"Monroe","Clarkson town","B03002_006","Asian (Non-Hispanic)",1.78987194412107,2.27007358581953
"3605515957",2021,"Monroe","Clarkson town","B03002_005","Native American (Non-Hispanic)",0,0.261932479627474
"3605515957",2021,"Monroe","Clarkson town","B03002_007","Pacific Islander (Non-Hispanic)",0,0.261932479627474
"3605515957",2021,"Monroe","Clarkson town","B03002_008","Other (Non-Hispanic)",0,0.261932479627474
"3605515957",2021,"Monroe","Clarkson town","B03002_009","Two or More Races (Non-Hispanic)",0.232828870779977,0.378346112520676
"3605522870",2021,"Monroe","East Rochester town","B03002_003","White (Non-Hispanic)",87.8071833648393,4.00967343534927
"3605522870",2021,"Monroe","East Rochester town","B03002_004","Black (Non-Hispanic)",2.1424070573409,2.25261975973515
"3605522870",2021,"Monroe","East Rochester town","B03002_012","Hispanic or Latino (Any Race)",5.00945179584121,2.88254886668424
"3605522870",2021,"Monroe","East Rochester town","B03002_006","Asian (Non-Hispanic)",1.03969754253308,0.913639775177126
"3605522870",2021,"Monroe","East Rochester town","B03002_005","Native American (Non-Hispanic)",0.535601764335224,0.693119863228341
"3605522870",2021,"Monroe","East Rochester town","B03002_007","Pacific Islander (Non-Hispanic)",0.283553875236295,0.456831767565356
"3605522870",2021,"Monroe","East Rochester town","B03002_008","Other (Non-Hispanic)",0,0.283553875236295
"3605522870",2021,"Monroe","East Rochester town","B03002_009","Two or More Races (Non-Hispanic)",3.18210459987398,1.82718877768491
"3605528442",2021,"Monroe","Gates town","B03002_003","White (Non-Hispanic)",77.6171673819743,3.21912923901584
"3605528442",2021,"Monroe","Gates town","B03002_004","Black (Non-Hispanic)",11.9416309012876,2.16279598553516
"3605528442",2021,"Monroe","Gates town","B03002_012","Hispanic or Latino (Any Race)",5.83347639484979,1.67201220545279
"3605528442",2021,"Monroe","Gates town","B03002_006","Asian (Non-Hispanic)",2.57167381974249,0.844600259141
"3605528442",2021,"Monroe","Gates town","B03002_005","Native American (Non-Hispanic)",0.0446351931330472,0.0686693984571979
"3605528442",2021,"Monroe","Gates town","B03002_007","Pacific Islander (Non-Hispanic)",0,0.0824034334763949
"3605528442",2021,"Monroe","Gates town","B03002_008","Other (Non-Hispanic)",0.15793991416309,0.157939209519496
"3605528442",2021,"Monroe","Gates town","B03002_009","Two or More Races (Non-Hispanic)",1.83347639484979,0.741610678296411
"3605530290",2021,"Monroe","Greece town","B03002_003","White (Non-Hispanic)",77.905595885955,1.5640874218194
"3605530290",2021,"Monroe","Greece town","B03002_004","Black (Non-Hispanic)",7.98645173948512,1.31351581209496
"3605530290",2021,"Monroe","Greece town","B03002_012","Hispanic or Latino (Any Race)",8.09487912927643,1.03057054380327
"3605530290",2021,"Monroe","Greece town","B03002_006","Asian (Non-Hispanic)",2.58780036968577,0.682575312042893
"3605530290",2021,"Monroe","Greece town","B03002_005","Native American (Non-Hispanic)",0.0371751050713039,0.0237507561007179
"3605530290",2021,"Monroe","Greece town","B03002_007","Pacific Islander (Non-Hispanic)",0.0196201943431882,0.0340771785862392
"3605530290",2021,"Monroe","Greece town","B03002_008","Other (Non-Hispanic)",0.186908167164056,0.121851706324742
"3605530290",2021,"Monroe","Greece town","B03002_009","Two or More Races (Non-Hispanic)",3.18156940901909,0.735239672109762
"3605531797",2021,"Monroe","Hamlin town","B03002_003","White (Non-Hispanic)",96.0091220068415,1.31946017812588
"3605531797",2021,"Monroe","Hamlin town","B03002_004","Black (Non-Hispanic)",0.695553021664766,0.581526183854338
"3605531797",2021,"Monroe","Hamlin town","B03002_012","Hispanic or Latino (Any Race)",1.55074116305587,0.83237703911646
"3605531797",2021,"Monroe","Hamlin town","B03002_006","Asian (Non-Hispanic)",0.0456100342075257,0.0912200203813178
"3605531797",2021,"Monroe","Hamlin town","B03002_005","Native American (Non-Hispanic)",0,0.205245153933865
"3605531797",2021,"Monroe","Hamlin town","B03002_007","Pacific Islander (Non-Hispanic)",0,0.205245153933865
"3605531797",2021,"Monroe","Hamlin town","B03002_008","Other (Non-Hispanic)",0.136830102622577,0.216647480463149
"3605531797",2021,"Monroe","Hamlin town","B03002_009","Two or More Races (Non-Hispanic)",1.56214367160775,0.992013062707582
"3605534099",2021,"Monroe","Henrietta town","B03002_003","White (Non-Hispanic)",72.0227944826991,2.4187881385727
"3605534099",2021,"Monroe","Henrietta town","B03002_004","Black (Non-Hispanic)",8.46158827465625,1.07709566896892
"3605534099",2021,"Monroe","Henrietta town","B03002_012","Hispanic or Latino (Any Race)",4.54810369762773,1.49588169021544
"3605534099",2021,"Monroe","Henrietta town","B03002_006","Asian (Non-Hispanic)",11.0130161676776,1.7246644631161
"3605534099",2021,"Monroe","Henrietta town","B03002_005","Native American (Non-Hispanic)",0.02806138968636,0.0215856679205701
"3605534099",2021,"Monroe","Henrietta town","B03002_007","Pacific Islander (Non-Hispanic)",0.00431713687482462,0.0107928414081954
"3605534099",2021,"Monroe","Henrietta town","B03002_008","Other (Non-Hispanic)",0.461933645606234,0.345370671322164
"3605534099",2021,"Monroe","Henrietta town","B03002_009","Two or More Races (Non-Hispanic)",3.46018520517193,1.08791352870096
"3605537726",2021,"Monroe","Irondequoit town","B03002_003","White (Non-Hispanic)",78.1192462882438,2.00077016502538
"3605537726",2021,"Monroe","Irondequoit town","B03002_004","Black (Non-Hispanic)",6.60868883926823,1.25552158583607
"3605537726",2021,"Monroe","Irondequoit town","B03002_012","Hispanic or Latino (Any Race)",10.022721040467,1.54148302154292
"3605537726",2021,"Monroe","Irondequoit town","B03002_006","Asian (Non-Hispanic)",1.44748697457594,0.517098170575478
"3605537726",2021,"Monroe","Irondequoit town","B03002_005","Native American (Non-Hispanic)",0.0783484154032985,0.0842245218964005
"3605537726",2021,"Monroe","Irondequoit town","B03002_007","Pacific Islander (Non-Hispanic)",0.0940180984839582,0.109687754295332
"3605537726",2021,"Monroe","Irondequoit town","B03002_008","Other (Non-Hispanic)",0.248756218905473,0.203705777257958
"3605537726",2021,"Monroe","Irondequoit town","B03002_009","Two or More Races (Non-Hispanic)",3.38073412465233,0.959764059055708
"3605546558",2021,"Monroe","Mendon town","B03002_003","White (Non-Hispanic)",91.4529914529915,3.26823604029413
"3605546558",2021,"Monroe","Mendon town","B03002_004","Black (Non-Hispanic)",1.41354372123603,1.35875053463071
"3605546558",2021,"Monroe","Mendon town","B03002_012","Hispanic or Latino (Any Race)",2.59697567389875,1.57789569582607
"3605546558",2021,"Monroe","Mendon town","B03002_006","Asian (Non-Hispanic)",0.986193293885602,1.19438706984027
"3605546558",2021,"Monroe","Mendon town","B03002_005","Native American (Non-Hispanic)",0,0.19723865877712
"3605546558",2021,"Monroe","Mendon town","B03002_007","Pacific Islander (Non-Hispanic)",0,0.19723865877712
"3605546558",2021,"Monroe","Mendon town","B03002_008","Other (Non-Hispanic)",0,0.19723865877712
"3605546558",2021,"Monroe","Mendon town","B03002_009","Two or More Races (Non-Hispanic)",3.55029585798817,2.15864899900435
"3605554474",2021,"Monroe","Ogden town","B03002_003","White (Non-Hispanic)",89.4334598885657,2.91598888255248
"3605554474",2021,"Monroe","Ogden town","B03002_004","Black (Non-Hispanic)",1.69616882796706,0.892457397195181
"3605554474",2021,"Monroe","Ogden town","B03002_012","Hispanic or Latino (Any Race)",5.35476554410532,2.33221868777657
"3605554474",2021,"Monroe","Ogden town","B03002_006","Asian (Non-Hispanic)",0.591686800453627,0.295842105564189
"3605554474",2021,"Monroe","Ogden town","B03002_005","Native American (Non-Hispanic)",0.0197228933484542,0.0394457759080754
"3605554474",2021,"Monroe","Ogden town","B03002_007","Pacific Islander (Non-Hispanic)",0,0.118337360090725
"3605554474",2021,"Monroe","Ogden town","B03002_008","Other (Non-Hispanic)",0.0788915733938169,0.147921654081051
"3605554474",2021,"Monroe","Ogden town","B03002_009","Two or More Races (Non-Hispanic)",2.82530447216607,1.37073471668426
"3605556561",2021,"Monroe","Parma town","B03002_003","White (Non-Hispanic)",92.8094472610362,2.81651196813073
"3605556561",2021,"Monroe","Parma town","B03002_004","Black (Non-Hispanic)",1.3787560281934,0.970691894301028
"3605556561",2021,"Monroe","Parma town","B03002_012","Hispanic or Latino (Any Race)",4.37121305799431,2.36799055696333
"3605556561",2021,"Monroe","Parma town","B03002_006","Asian (Non-Hispanic)",0.247310498330654,0.272041340179434
"3605556561",2021,"Monroe","Parma town","B03002_005","Native American (Non-Hispanic)",0.148386298998392,0.179299997687281
"3605556561",2021,"Monroe","Parma town","B03002_007","Pacific Islander (Non-Hispanic)",0,0.123655249165327
"3605556561",2021,"Monroe","Parma town","B03002_008","Other (Non-Hispanic)",0,0.123655249165327
"3605556561",2021,"Monroe","Parma town","B03002_009","Two or More Races (Non-Hispanic)",1.04488685544701,0.550264023316187
"3605557144",2021,"Monroe","Penfield town","B03002_003","White (Non-Hispanic)",89.7195065772637,1.74846183571488
"3605557144",2021,"Monroe","Penfield town","B03002_004","Black (Non-Hispanic)",1.29753800481138,0.539999625902404
"3605557144",2021,"Monroe","Penfield town","B03002_012","Hispanic or Latino (Any Race)",3.62389312586375,1.06208177792455
"3605557144",2021,"Monroe","Penfield town","B03002_006","Asian (Non-Hispanic)",3.05574039002918,1.01345750618902
"3605557144",2021,"Monroe","Penfield town","B03002_005","Native American (Non-Hispanic)",0.0588626708297077,0.0665403871582361
"3605557144",2021,"Monroe","Penfield town","B03002_007","Pacific Islander (Non-Hispanic)",0.00767773967344014,0.0204739711716969
"3605557144",2021,"Monroe","Penfield town","B03002_008","Other (Non-Hispanic)",0.0972513691969084,0.130521541961684
"3605557144",2021,"Monroe","Penfield town","B03002_009","Two or More Races (Non-Hispanic)",2.13953012233199,0.836871172095509
"3605557221",2021,"Monroe","Perinton town","B03002_003","White (Non-Hispanic)",88.709949765714,1.92618039354022
"3605557221",2021,"Monroe","Perinton town","B03002_004","Black (Non-Hispanic)",1.69910084849508,0.660643245414166
"3605557221",2021,"Monroe","Perinton town","B03002_012","Hispanic or Latino (Any Race)",4.14960530203892,1.43104136871318
"3605557221",2021,"Monroe","Perinton town","B03002_006","Asian (Non-Hispanic)",2.70800793617291,0.726073231627444
"3605557221",2021,"Monroe","Perinton town","B03002_005","Native American (Non-Hispanic)",0.0738739499345688,0.0823166728782377
"3605557221",2021,"Monroe","Perinton town","B03002_007","Pacific Islander (Non-Hispanic)",0,0.0569884756638102
"3605557221",2021,"Monroe","Perinton town","B03002_008","Other (Non-Hispanic)",0.130862425598379,0.213179095472414
"3605557221",2021,"Monroe","Perinton town","B03002_009","Two or More Races (Non-Hispanic)",2.5285997720461,0.677527635016031
"3605558365",2021,"Monroe","Pittsford town","B03002_003","White (Non-Hispanic)",83.2630746937162,1.96442235140043
"3605558365",2021,"Monroe","Pittsford town","B03002_004","Black (Non-Hispanic)",2.45356343037808,1.29758698603272
"3605558365",2021,"Monroe","Pittsford town","B03002_012","Hispanic or Latino (Any Race)",3.2670267421947,1.02752753442997
"3605558365",2021,"Monroe","Pittsford town","B03002_006","Asian (Non-Hispanic)",8.2861283098406,1.37331244430916
"3605558365",2021,"Monroe","Pittsford town","B03002_005","Native American (Non-Hispanic)",0.0559873534448689,0.0724542009891664
"3605558365",2021,"Monroe","Pittsford town","B03002_007","Pacific Islander (Non-Hispanic)",0,0.08892109076538
"3605558365",2021,"Monroe","Pittsford town","B03002_008","Other (Non-Hispanic)",0.230536161243578,0.227242673359753
"3605558365",2021,"Monroe","Pittsford town","B03002_009","Two or More Races (Non-Hispanic)",2.44368330918193,0.764058891170238
"3605561808",2021,"Monroe","Riga town","B03002_003","White (Non-Hispanic)",92.712984461511,3.01627803763392
"3605561808",2021,"Monroe","Riga town","B03002_004","Black (Non-Hispanic)",1.26808358635471,0.910864525025448
"3605561808",2021,"Monroe","Riga town","B03002_012","Hispanic or Latino (Any Race)",3.12555813538132,1.87529824015163
"3605561808",2021,"Monroe","Riga town","B03002_006","Asian (Non-Hispanic)",0.910876942311127,0.910870535397123
"3605561808",2021,"Monroe","Riga town","B03002_005","Native American (Non-Hispanic)",0.107161993213074,0.125021679340494
"3605561808",2021,"Monroe","Riga town","B03002_007","Pacific Islander (Non-Hispanic)",0,0.321485979639221
"3605561808",2021,"Monroe","Riga town","B03002_008","Other (Non-Hispanic)",0.3393463118414,0.607249961027279
"3605561808",2021,"Monroe","Riga town","B03002_009","Two or More Races (Non-Hispanic)",1.53598856938739,1.03588324820788
"3605563000",2021,"Monroe","Rochester city","B03002_003","White (Non-Hispanic)",37.1369019422075,0.894784258598262
"3605563000",2021,"Monroe","Rochester city","B03002_004","Black (Non-Hispanic)",36.2567503552819,0.902366473968056
"3605563000",2021,"Monroe","Rochester city","B03002_012","Hispanic or Latino (Any Race)",18.7494078635718,0.582641767511248
"3605563000",2021,"Monroe","Rochester city","B03002_006","Asian (Non-Hispanic)",3.42586451918522,0.447180539810332
"3605563000",2021,"Monroe","Rochester city","B03002_005","Native American (Non-Hispanic)",0.156797726196116,0.0573187916949727
"3605563000",2021,"Monroe","Rochester city","B03002_007","Pacific Islander (Non-Hispanic)",0.0161061108479394,0.0137375644941067
"3605563000",2021,"Monroe","Rochester city","B03002_008","Other (Non-Hispanic)",0.513027001421127,0.232117441382356
"3605563000",2021,"Monroe","Rochester city","B03002_009","Two or More Races (Non-Hispanic)",3.74514448128849,0.425389690943556
"3605564144",2021,"Monroe","Rush town","B03002_003","White (Non-Hispanic)",92.5236321970782,3.71856502887734
"3605564144",2021,"Monroe","Rush town","B03002_004","Black (Non-Hispanic)",3.72386135777714,2.80714539860505
"3605564144",2021,"Monroe","Rush town","B03002_012","Hispanic or Latino (Any Race)",1.34631910627327,0.916613508393121
"3605564144",2021,"Monroe","Rush town","B03002_006","Asian (Non-Hispanic)",0.945287883128043,1.03121031141658
"3605564144",2021,"Monroe","Rush town","B03002_005","Native American (Non-Hispanic)",0,0.372386135777714
"3605564144",2021,"Monroe","Rush town","B03002_007","Pacific Islander (Non-Hispanic)",0,0.372386135777714
"3605564144",2021,"Monroe","Rush town","B03002_008","Other (Non-Hispanic)",0,0.372386135777714
"3605564144",2021,"Monroe","Rush town","B03002_009","Two or More Races (Non-Hispanic)",1.46089945574334,1.69004145137643
"3605572455",2021,"Monroe","Sweden town","B03002_003","White (Non-Hispanic)",86.0223942286015,2.27665087439541
"3605572455",2021,"Monroe","Sweden town","B03002_004","Black (Non-Hispanic)",5.11009243255429,1.54046211296382
"3605572455",2021,"Monroe","Sweden town","B03002_012","Hispanic or Latino (Any Race)",4.33606372585857,1.54799976466207
"3605572455",2021,"Monroe","Sweden town","B03002_006","Asian (Non-Hispanic)",1.88622529495754,0.67631079361197
"3605572455",2021,"Monroe","Sweden town","B03002_005","Native American (Non-Hispanic)",0.00751484181257984,0.0150296657903898
"3605572455",2021,"Monroe","Sweden town","B03002_007","Pacific Islander (Non-Hispanic)",0,0.150296836251597
"3605572455",2021,"Monroe","Sweden town","B03002_008","Other (Non-Hispanic)",0.390771774254152,0.3306508476922
"3605572455",2021,"Monroe","Sweden town","B03002_009","Two or More Races (Non-Hispanic)",2.24693770196137,1.03702506197548
"3605578971",2021,"Monroe","Webster town","B03002_003","White (Non-Hispanic)",87.6232468482042,2.14856412089016
"3605578971",2021,"Monroe","Webster town","B03002_004","Black (Non-Hispanic)",2.65880841069727,1.14771786178281
"3605578971",2021,"Monroe","Webster town","B03002_012","Hispanic or Latino (Any Race)",4.16546651009239,1.16987304672956
"3605578971",2021,"Monroe","Webster town","B03002_006","Asian (Non-Hispanic)",3.24374626105067,1.18538382809544
"3605578971",2021,"Monroe","Webster town","B03002_005","Native American (Non-Hispanic)",0.037666452484878,0.0509604895565797
"3605578971",2021,"Monroe","Webster town","B03002_007","Pacific Islander (Non-Hispanic)",0.00664702102674318,0.0132940414587751
"3605578971",2021,"Monroe","Webster town","B03002_008","Other (Non-Hispanic)",0,0.0598231892406886
"3605578971",2021,"Monroe","Webster town","B03002_009","Two or More Races (Non-Hispanic)",2.26441849644384,0.795425696020359
"3605581402",2021,"Monroe","Wheatland town","B03002_003","White (Non-Hispanic)",89.5846122365459,4.54685982932288
"3605581402",2021,"Monroe","Wheatland town","B03002_004","Black (Non-Hispanic)",3.56046654389196,2.57822348105418
"3605581402",2021,"Monroe","Wheatland town","B03002_012","Hispanic or Latino (Any Race)",4.11295273173726,2.82376298404287
"3605581402",2021,"Monroe","Wheatland town","B03002_006","Asian (Non-Hispanic)",0.429711479435236,0.511557952454363
"3605581402",2021,"Monroe","Wheatland town","B03002_005","Native American (Non-Hispanic)",0.0409249028033558,0.0818496166849103
"3605581402",2021,"Monroe","Wheatland town","B03002_007","Pacific Islander (Non-Hispanic)",0,0.266011868221813
"3605581402",2021,"Monroe","Wheatland town","B03002_008","Other (Non-Hispanic)",0,0.266011868221813
"3605581402",2021,"Monroe","Wheatland town","B03002_009","Two or More Races (Non-Hispanic)",2.27133210558625,1.73928098418788
"3606908378",2021,"Ontario","Bristol town","B03002_003","White (Non-Hispanic)",98.0865603644647,2.18421482594988
"3606908378",2021,"Ontario","Bristol town","B03002_004","Black (Non-Hispanic)",0,0.592255125284738
"3606908378",2021,"Ontario","Bristol town","B03002_012","Hispanic or Latino (Any Race)",0.455580865603645,0.589518415372294
"3606908378",2021,"Ontario","Bristol town","B03002_006","Asian (Non-Hispanic)",0.455580865603645,0.863733464827582
"3606908378",2021,"Ontario","Bristol town","B03002_005","Native American (Non-Hispanic)",0,0.592255125284738
"3606908378",2021,"Ontario","Bristol town","B03002_007","Pacific Islander (Non-Hispanic)",0,0.592255125284738
"3606908378",2021,"Ontario","Bristol town","B03002_008","Other (Non-Hispanic)",0.227790432801822,0.317636396624027
"3606908378",2021,"Ontario","Bristol town","B03002_009","Two or More Races (Non-Hispanic)",0.774487471526196,0.814326692488025
"3606912100",2021,"Ontario","Canadice town","B03002_003","White (Non-Hispanic)",93.7869822485207,2.15573777513878
"3606912100",2021,"Ontario","Canadice town","B03002_004","Black (Non-Hispanic)",0,0.769230769230769
"3606912100",2021,"Ontario","Canadice town","B03002_012","Hispanic or Latino (Any Race)",3.43195266272189,2.69111391304045
"3606912100",2021,"Ontario","Canadice town","B03002_006","Asian (Non-Hispanic)",0,0.769230769230769
"3606912100",2021,"Ontario","Canadice town","B03002_005","Native American (Non-Hispanic)",0,0.769230769230769
"3606912100",2021,"Ontario","Canadice town","B03002_007","Pacific Islander (Non-Hispanic)",0,0.769230769230769
"3606912100",2021,"Ontario","Canadice town","B03002_008","Other (Non-Hispanic)",0.887573964497041,1.29748791006086
"3606912100",2021,"Ontario","Canadice town","B03002_009","Two or More Races (Non-Hispanic)",1.89349112426036,1.5218895738456
"3606912144",2021,"Ontario","Canandaigua city","B03002_003","White (Non-Hispanic)",86.6420524472214,3.16560665707328
"3606912144",2021,"Ontario","Canandaigua city","B03002_004","Black (Non-Hispanic)",1.29698002461422,0.710010230293176
"3606912144",2021,"Ontario","Canandaigua city","B03002_012","Hispanic or Latino (Any Race)",8.44457067121083,2.574846828795
"3606912144",2021,"Ontario","Canandaigua city","B03002_006","Asian (Non-Hispanic)",0.321878254283821,0.444947844777787
"3606912144",2021,"Ontario","Canandaigua city","B03002_005","Native American (Non-Hispanic)",0.246142194452334,0.463882521332311
"3606912144",2021,"Ontario","Canandaigua city","B03002_007","Pacific Islander (Non-Hispanic)",0,0.189340149578718
"3606912144",2021,"Ontario","Canandaigua city","B03002_008","Other (Non-Hispanic)",0,0.189340149578718
"3606912144",2021,"Ontario","Canandaigua city","B03002_009","Two or More Races (Non-Hispanic)",3.04837640821736,1.74189485590206
"3606912155",2021,"Ontario","Canandaigua town","B03002_003","White (Non-Hispanic)",94.2150263780244,1.73524881397207
"3606912155",2021,"Ontario","Canandaigua town","B03002_004","Black (Non-Hispanic)",1.04602510460251,0.764049986051191
"3606912155",2021,"Ontario","Canandaigua town","B03002_012","Hispanic or Latino (Any Race)",2.81971984718938,1.27340820315512
"3606912155",2021,"Ontario","Canandaigua town","B03002_006","Asian (Non-Hispanic)",0.263780243769329,0.281971444719638
"3606912155",2021,"Ontario","Canandaigua town","B03002_005","Native American (Non-Hispanic)",0.08186283427324,0.218300824216494
"3606912155",2021,"Ontario","Canandaigua town","B03002_007","Pacific Islander (Non-Hispanic)",0,0.181917409496089
"3606912155",2021,"Ontario","Canandaigua town","B03002_008","Other (Non-Hispanic)",0,0.181917409496089
"3606912155",2021,"Ontario","Canandaigua town","B03002_009","Two or More Races (Non-Hispanic)",1.57358559214117,0.964156650202844
"3606921699",2021,"Ontario","East Bloomfield town","B03002_003","White (Non-Hispanic)",97.0177838577291,2.01043238412751
"3606921699",2021,"Ontario","East Bloomfield town","B03002_004","Black (Non-Hispanic)",0.766073871409029,0.79342257892784
"3606921699",2021,"Ontario","East Bloomfield town","B03002_012","Hispanic or Latino (Any Race)",0.984952120383037,1.25853839130283
"3606921699",2021,"Ontario","East Bloomfield town","B03002_006","Asian (Non-Hispanic)",0,0.355677154582763
"3606921699",2021,"Ontario","East Bloomfield town","B03002_005","Native American (Non-Hispanic)",0,0.355677154582763
"3606921699",2021,"Ontario","East Bloomfield town","B03002_007","Pacific Islander (Non-Hispanic)",0,0.355677154582763
"3606921699",2021,"Ontario","East Bloomfield town","B03002_008","Other (Non-Hispanic)",0,0.355677154582763
"3606921699",2021,"Ontario","East Bloomfield town","B03002_009","Two or More Races (Non-Hispanic)",1.2311901504788,1.06701019545696
"3606925406",2021,"Ontario","Farmington town","B03002_003","White (Non-Hispanic)",89.1621774879501,2.18202488930871
"3606925406",2021,"Ontario","Farmington town","B03002_004","Black (Non-Hispanic)",2.25404026084491,0.921450533634276
"3606925406",2021,"Ontario","Farmington town","B03002_012","Hispanic or Latino (Any Race)",3.83470371420471,1.5381127768957
"3606925406",2021,"Ontario","Farmington town","B03002_006","Asian (Non-Hispanic)",1.61610433796428,0.900191909257738
"3606925406",2021,"Ontario","Farmington town","B03002_005","Native American (Non-Hispanic)",0,0.141763538417919
"3606925406",2021,"Ontario","Farmington town","B03002_007","Pacific Islander (Non-Hispanic)",0,0.141763538417919
"3606925406",2021,"Ontario","Farmington town","B03002_008","Other (Non-Hispanic)",0.148851715338815,0.262262355064434
"3606925406",2021,"Ontario","Farmington town","B03002_009","Two or More Races (Non-Hispanic)",2.98412248369719,1.52394482674676
"3606928640",2021,"Ontario","Geneva city","B03002_003","White (Non-Hispanic)",71.6705096604914,2.90361691511046
"3606928640",2021,"Ontario","Geneva city","B03002_004","Black (Non-Hispanic)",6.76631947205216,1.28793563032429
"3606928640",2021,"Ontario","Geneva city","B03002_012","Hispanic or Latino (Any Race)",14.7491452651666,2.04302353990697
"3606928640",2021,"Ontario","Geneva city","B03002_006","Asian (Non-Hispanic)",2.99753518327105,1.24033291584891
"3606928640",2021,"Ontario","Geneva city","B03002_005","Native American (Non-Hispanic)",0.302138824838992,0.254431383564132
"3606928640",2021,"Ontario","Geneva city","B03002_007","Pacific Islander (Non-Hispanic)",0,0.159020434125785
"3606928640",2021,"Ontario","Geneva city","B03002_008","Other (Non-Hispanic)",0,0.159020434125785
"3606928640",2021,"Ontario","Geneva city","B03002_009","Two or More Races (Non-Hispanic)",3.51435159417985,1.38344515590966
"3606928651",2021,"Ontario","Geneva town","B03002_003","White (Non-Hispanic)",82.9910326873011,6.55514308674792
"3606928651",2021,"Ontario","Geneva town","B03002_004","Black (Non-Hispanic)",4.39687590396297,2.86368239544688
"3606928651",2021,"Ontario","Geneva town","B03002_012","Hispanic or Latino (Any Race)",4.54150997975123,3.29758993786148
"3606928651",2021,"Ontario","Geneva town","B03002_006","Asian (Non-Hispanic)",6.04570436794909,4.85962439033184
"3606928651",2021,"Ontario","Geneva town","B03002_005","Native American (Non-Hispanic)",0,0.376048597049465
"3606928651",2021,"Ontario","Geneva town","B03002_007","Pacific Islander (Non-Hispanic)",0,0.376048597049465
"3606928651",2021,"Ontario","Geneva town","B03002_008","Other (Non-Hispanic)",0,0.376048597049465
"3606928651",2021,"Ontario","Geneva town","B03002_009","Two or More Races (Non-Hispanic)",2.02487706103558,2.14056380634727
"3606929531",2021,"Ontario","Gorham town","B03002_003","White (Non-Hispanic)",95.4644149577805,2.13569824846
"3606929531",2021,"Ontario","Gorham town","B03002_004","Black (Non-Hispanic)",0.0723763570566948,0.168877905586666
"3606929531",2021,"Ontario","Gorham town","B03002_012","Hispanic or Latino (Any Race)",1.15802171290712,0.868503298618601
"3606929531",2021,"Ontario","Gorham town","B03002_006","Asian (Non-Hispanic)",2.07478890229192,1.76113746418827
"3606929531",2021,"Ontario","Gorham town","B03002_005","Native American (Non-Hispanic)",0,0.313630880579011
"3606929531",2021,"Ontario","Gorham town","B03002_007","Pacific Islander (Non-Hispanic)",0,0.313630880579011
"3606929531",2021,"Ontario","Gorham town","B03002_008","Other (Non-Hispanic)",0,0.313630880579011
"3606929531",2021,"Ontario","Gorham town","B03002_009","Two or More Races (Non-Hispanic)",1.23039806996381,0.916753300918555
"3606935551",2021,"Ontario","Hopewell town","B03002_003","White (Non-Hispanic)",89.5148669796557,3.32150351418893
"3606935551",2021,"Ontario","Hopewell town","B03002_004","Black (Non-Hispanic)",3.59937402190923,2.21690058580326
"3606935551",2021,"Ontario","Hopewell town","B03002_012","Hispanic or Latino (Any Race)",5.55555555555556,2.63411363911931
"3606935551",2021,"Ontario","Hopewell town","B03002_006","Asian (Non-Hispanic)",0,0.339071465832029
"3606935551",2021,"Ontario","Hopewell town","B03002_005","Native American (Non-Hispanic)",0.652060511215441,0.886793667999416
"3606935551",2021,"Ontario","Hopewell town","B03002_007","Pacific Islander (Non-Hispanic)",0,0.339071465832029
"3606935551",2021,"Ontario","Hopewell town","B03002_008","Other (Non-Hispanic)",0.417318727177882,0.652055705357735
"3606935551",2021,"Ontario","Hopewell town","B03002_009","Two or More Races (Non-Hispanic)",0.260824204486176,0.365150533977316
"3606944864",2021,"Ontario","Manchester town","B03002_003","White (Non-Hispanic)",92.3339011925043,1.99476759014548
"3606944864",2021,"Ontario","Manchester town","B03002_004","Black (Non-Hispanic)",0.340715502555366,0.244887308629903
"3606944864",2021,"Ontario","Manchester town","B03002_012","Hispanic or Latino (Any Race)",5.16396933560477,1.76739932383117
"3606944864",2021,"Ontario","Manchester town","B03002_006","Asian (Non-Hispanic)",0.330068143100511,0.489777615767301
"3606944864",2021,"Ontario","Manchester town","B03002_005","Native American (Non-Hispanic)",0.127768313458262,0.170357355304026
"3606944864",2021,"Ontario","Manchester town","B03002_007","Pacific Islander (Non-Hispanic)",0,0.191652470187394
"3606944864",2021,"Ontario","Manchester town","B03002_008","Other (Non-Hispanic)",0,0.191652470187394
"3606944864",2021,"Ontario","Manchester town","B03002_009","Two or More Races (Non-Hispanic)",1.70357751277683,0.958249836146787
"3606949440",2021,"Ontario","Naples town","B03002_003","White (Non-Hispanic)",95.2127659574468,2.41334290282271
"3606949440",2021,"Ontario","Naples town","B03002_004","Black (Non-Hispanic)",0.16366612111293,0.326937438843876
"3606949440",2021,"Ontario","Naples town","B03002_012","Hispanic or Latino (Any Race)",1.30932896890344,0.932255454022577
"3606949440",2021,"Ontario","Naples town","B03002_006","Asian (Non-Hispanic)",2.37315875613748,1.99131986634767
"3606949440",2021,"Ontario","Naples town","B03002_005","Native American (Non-Hispanic)",0,0.531914893617021
"3606949440",2021,"Ontario","Naples town","B03002_007","Pacific Islander (Non-Hispanic)",0,0.531914893617021
"3606949440",2021,"Ontario","Naples town","B03002_008","Other (Non-Hispanic)",0,0.531914893617021
"3606949440",2021,"Ontario","Naples town","B03002_009","Two or More Races (Non-Hispanic)",0.941080196399345,0.8954073494388
"3606957529",2021,"Ontario","Phelps town","B03002_003","White (Non-Hispanic)",86.1428783603149,4.83363552341789
"3606957529",2021,"Ontario","Phelps town","B03002_004","Black (Non-Hispanic)",1.05450764889351,1.06935431825415
"3606957529",2021,"Ontario","Phelps town","B03002_012","Hispanic or Latino (Any Race)",7.78256349324224,4.70808519442505
"3606957529",2021,"Ontario","Phelps town","B03002_006","Asian (Non-Hispanic)",0.579236595871083,0.727756338873853
"3606957529",2021,"Ontario","Phelps town","B03002_005","Native American (Non-Hispanic)",0,0.267339967325115
"3606957529",2021,"Ontario","Phelps town","B03002_007","Pacific Islander (Non-Hispanic)",0,0.267339967325115
"3606957529",2021,"Ontario","Phelps town","B03002_008","Other (Non-Hispanic)",0.564384375464132,0.831722298373476
"3606957529",2021,"Ontario","Phelps town","B03002_009","Two or More Races (Non-Hispanic)",3.87642952621417,2.09412477238626
"3606961544",2021,"Ontario","Richmond town","B03002_003","White (Non-Hispanic)",94.4807121661721,4.98912629657292
"3606961544",2021,"Ontario","Richmond town","B03002_004","Black (Non-Hispanic)",4.80712166172107,4.83656618608943
"3606961544",2021,"Ontario","Richmond town","B03002_012","Hispanic or Latino (Any Race)",0,0.385756676557863
"3606961544",2021,"Ontario","Richmond town","B03002_006","Asian (Non-Hispanic)",0,0.385756676557863
"3606961544",2021,"Ontario","Richmond town","B03002_005","Native American (Non-Hispanic)",0,0.385756676557863
"3606961544",2021,"Ontario","Richmond town","B03002_007","Pacific Islander (Non-Hispanic)",0,0.385756676557863
"3606961544",2021,"Ontario","Richmond town","B03002_008","Other (Non-Hispanic)",0.178041543026706,0.326404839461876
"3606961544",2021,"Ontario","Richmond town","B03002_009","Two or More Races (Non-Hispanic)",0.534124629080119,1.03856249759132
"3606966289",2021,"Ontario","Seneca town","B03002_003","White (Non-Hispanic)",93.0763473053892,5.88127234312542
"3606966289",2021,"Ontario","Seneca town","B03002_004","Black (Non-Hispanic)",0.336826347305389,0.52394184475322
"3606966289",2021,"Ontario","Seneca town","B03002_012","Hispanic or Latino (Any Race)",5.72604790419162,5.95033794533512
"3606966289",2021,"Ontario","Seneca town","B03002_006","Asian (Non-Hispanic)",0.374251497005988,0.486513316917042
"3606966289",2021,"Ontario","Seneca town","B03002_005","Native American (Non-Hispanic)",0.187125748502994,0.336821425686156
"3606966289",2021,"Ontario","Seneca town","B03002_007","Pacific Islander (Non-Hispanic)",0,0.486526946107784
"3606966289",2021,"Ontario","Seneca town","B03002_008","Other (Non-Hispanic)",0,0.486526946107784
"3606966289",2021,"Ontario","Seneca town","B03002_009","Two or More Races (Non-Hispanic)",0.29940119760479,0.44909234686788
"3606968660",2021,"Ontario","South Bristol town","B03002_003","White (Non-Hispanic)",96.1204400694847,2.73815228480424
"3606968660",2021,"Ontario","South Bristol town","B03002_004","Black (Non-Hispanic)",0.521134916039375,0.402892594698804
"3606968660",2021,"Ontario","South Bristol town","B03002_012","Hispanic or Latino (Any Race)",0.810654313839027,0.981944537150206
"3606968660",2021,"Ontario","South Bristol town","B03002_006","Asian (Non-Hispanic)",0.347423277359583,0.46228614194711
"3606968660",2021,"Ontario","South Bristol town","B03002_005","Native American (Non-Hispanic)",0,0.752750434279097
"3606968660",2021,"Ontario","South Bristol town","B03002_007","Pacific Islander (Non-Hispanic)",0,0.752750434279097
"3606968660",2021,"Ontario","South Bristol town","B03002_008","Other (Non-Hispanic)",0.347423277359583,0.46228614194711
"3606968660",2021,"Ontario","South Bristol town","B03002_009","Two or More Races (Non-Hispanic)",1.85292414591778,1.38071424023484
"3606977387",2021,"Ontario","Victor town","B03002_003","White (Non-Hispanic)",91.4633373471069,2.20210113219761
"3606977387",2021,"Ontario","Victor town","B03002_004","Black (Non-Hispanic)",1.45129602636416,0.994991470842275
"3606977387",2021,"Ontario","Victor town","B03002_012","Hispanic or Latino (Any Race)",1.52734647316053,0.830214889050239
"3606977387",2021,"Ontario","Victor town","B03002_006","Asian (Non-Hispanic)",2.99131757399075,1.20412549312656
"3606977387",2021,"Ontario","Victor town","B03002_005","Native American (Non-Hispanic)",0,0.126750744660625
"3606977387",2021,"Ontario","Victor town","B03002_007","Pacific Islander (Non-Hispanic)",0,0.126750744660625
"3606977387",2021,"Ontario","Victor town","B03002_008","Other (Non-Hispanic)",0.424614994613093,0.722479023554004
"3606977387",2021,"Ontario","Victor town","B03002_009","Two or More Races (Non-Hispanic)",2.14208758476456,1.05836487829942
"3606979356",2021,"Ontario","West Bloomfield town","B03002_003","White (Non-Hispanic)",96.5871559633027,1.83733332714113
"3606979356",2021,"Ontario","West Bloomfield town","B03002_004","Black (Non-Hispanic)",0,0.477064220183486
"3606979356",2021,"Ontario","West Bloomfield town","B03002_012","Hispanic or Latino (Any Race)",1.5045871559633,1.35776179145263
"3606979356",2021,"Ontario","West Bloomfield town","B03002_006","Asian (Non-Hispanic)",0.403669724770642,0.587149908735305
"3606979356",2021,"Ontario","West Bloomfield town","B03002_005","Native American (Non-Hispanic)",0.036697247706422,0.0733940951118363
"3606979356",2021,"Ontario","West Bloomfield town","B03002_007","Pacific Islander (Non-Hispanic)",0,0.477064220183486
"3606979356",2021,"Ontario","West Bloomfield town","B03002_008","Other (Non-Hispanic)",0,0.477064220183486
"3606979356",2021,"Ontario","West Bloomfield town","B03002_009","Two or More Races (Non-Hispanic)",1.46788990825688,1.50455591271864
"3607300000",2021,"Orleans","County subdivisions not defined","B03002_003","White (Non-Hispanic)",0,0
"3607300000",2021,"Orleans","County subdivisions not defined","B03002_004","Black (Non-Hispanic)",0,0
"3607300000",2021,"Orleans","County subdivisions not defined","B03002_012","Hispanic or Latino (Any Race)",0,0
"3607300000",2021,"Orleans","County subdivisions not defined","B03002_006","Asian (Non-Hispanic)",0,0
"3607300000",2021,"Orleans","County subdivisions not defined","B03002_005","Native American (Non-Hispanic)",0,0
"3607300000",2021,"Orleans","County subdivisions not defined","B03002_007","Pacific Islander (Non-Hispanic)",0,0
"3607300000",2021,"Orleans","County subdivisions not defined","B03002_008","Other (Non-Hispanic)",0,0
"3607300000",2021,"Orleans","County subdivisions not defined","B03002_009","Two or More Races (Non-Hispanic)",0,0
"3607301044",2021,"Orleans","Albion town","B03002_003","White (Non-Hispanic)",74.2600556539337,3.76506189418548
"3607301044",2021,"Orleans","Albion town","B03002_004","Black (Non-Hispanic)",17.2147735896787,4.50271912663242
"3607301044",2021,"Orleans","Albion town","B03002_012","Hispanic or Latino (Any Race)",3.36453326587402,2.18819654581393
"3607301044",2021,"Orleans","Albion town","B03002_006","Asian (Non-Hispanic)",0.316215532506957,0.328863275767792
"3607301044",2021,"Orleans","Albion town","B03002_005","Native American (Non-Hispanic)",0,0.227675183405009
"3607301044",2021,"Orleans","Albion town","B03002_007","Pacific Islander (Non-Hispanic)",0,0.227675183405009
"3607301044",2021,"Orleans","Albion town","B03002_008","Other (Non-Hispanic)",0.417404502909183,0.354159975789195
"3607301044",2021,"Orleans","Albion town","B03002_009","Two or More Races (Non-Hispanic)",4.42701745509739,2.63089171843231
"3607304572",2021,"Orleans","Barre town","B03002_003","White (Non-Hispanic)",94.9074074074074,2.71705423489198
"3607304572",2021,"Orleans","Barre town","B03002_004","Black (Non-Hispanic)",1.95473251028807,1.37730807572579
"3607304572",2021,"Orleans","Barre town","B03002_012","Hispanic or Latino (Any Race)",1.80041152263374,1.74118462265292
"3607304572",2021,"Orleans","Barre town","B03002_006","Asian (Non-Hispanic)",0.102880658436214,0.359959062876341
"3607304572",2021,"Orleans","Barre town","B03002_005","Native American (Non-Hispanic)",0.617283950617284,0.666331415534384
"3607304572",2021,"Orleans","Barre town","B03002_007","Pacific Islander (Non-Hispanic)",0,0.668724279835391
"3607304572",2021,"Orleans","Barre town","B03002_008","Other (Non-Hispanic)",0,0.668724279835391
"3607304572",2021,"Orleans","Barre town","B03002_009","Two or More Races (Non-Hispanic)",0.617283950617284,0.614690872371125
"3607312496",2021,"Orleans","Carlton town","B03002_003","White (Non-Hispanic)",93.7016185784659,3.31291584386405
"3607312496",2021,"Orleans","Carlton town","B03002_004","Black (Non-Hispanic)",3.5890218156228,2.8499936461847
"3607312496",2021,"Orleans","Carlton town","B03002_012","Hispanic or Latino (Any Race)",0.809289232934553,1.23151392474989
"3607312496",2021,"Orleans","Carlton town","B03002_006","Asian (Non-Hispanic)",0,0.457424349049965
"3607312496",2021,"Orleans","Carlton town","B03002_005","Native American (Non-Hispanic)",0.527797325826882,0.738906920955168
"3607312496",2021,"Orleans","Carlton town","B03002_007","Pacific Islander (Non-Hispanic)",0,0.457424349049965
"3607312496",2021,"Orleans","Carlton town","B03002_008","Other (Non-Hispanic)",0.668543279380718,1.1259577992596
"3607312496",2021,"Orleans","Carlton town","B03002_009","Two or More Races (Non-Hispanic)",0.703729767769177,0.738899660160598
"3607315880",2021,"Orleans","Clarendon town","B03002_003","White (Non-Hispanic)",95.0375939849624,2.57102771893579
"3607315880",2021,"Orleans","Clarendon town","B03002_004","Black (Non-Hispanic)",0.81203007518797,0.78194386547862
"3607315880",2021,"Orleans","Clarendon town","B03002_012","Hispanic or Latino (Any Race)",0.360902255639098,0.691726862213561
"3607315880",2021,"Orleans","Clarendon town","B03002_006","Asian (Non-Hispanic)",1.62406015037594,1.744341139164
"3607315880",2021,"Orleans","Clarendon town","B03002_005","Native American (Non-Hispanic)",0,0.390977443609023
"3607315880",2021,"Orleans","Clarendon town","B03002_007","Pacific Islander (Non-Hispanic)",0,0.390977443609023
"3607315880",2021,"Orleans","Clarendon town","B03002_008","Other (Non-Hispanic)",0,0.390977443609023
"3607315880",2021,"Orleans","Clarendon town","B03002_009","Two or More Races (Non-Hispanic)",2.16541353383459,1.65409828733465
"3607327958",2021,"Orleans","Gaines town","B03002_003","White (Non-Hispanic)",92.6708074534161,5.06053826645289
"3607327958",2021,"Orleans","Gaines town","B03002_004","Black (Non-Hispanic)",3.1055900621118,4.53412045974103
"3607327958",2021,"Orleans","Gaines town","B03002_012","Hispanic or Latino (Any Race)",2.48447204968944,1.73906197068693
"3607327958",2021,"Orleans","Gaines town","B03002_006","Asian (Non-Hispanic)",1.24223602484472,1.05587243019836
"3607327958",2021,"Orleans","Gaines town","B03002_005","Native American (Non-Hispanic)",0,0.403726708074534
"3607327958",2021,"Orleans","Gaines town","B03002_007","Pacific Islander (Non-Hispanic)",0,0.403726708074534
"3607327958",2021,"Orleans","Gaines town","B03002_008","Other (Non-Hispanic)",0,0.403726708074534
"3607327958",2021,"Orleans","Gaines town","B03002_009","Two or More Races (Non-Hispanic)",0.496894409937888,0.77639138124149
"3607339188",2021,"Orleans","Kendall town","B03002_003","White (Non-Hispanic)",87.9601226993865,6.04707377262372
"3607339188",2021,"Orleans","Kendall town","B03002_004","Black (Non-Hispanic)",0,0.498466257668712
"3607339188",2021,"Orleans","Kendall town","B03002_012","Hispanic or Latino (Any Race)",11.4263803680982,6.0957929145811
"3607339188",2021,"Orleans","Kendall town","B03002_006","Asian (Non-Hispanic)",0.0766871165644172,0.115028686713759
"3607339188",2021,"Orleans","Kendall town","B03002_005","Native American (Non-Hispanic)",0.306748466257669,0.498458916879819
"3607339188",2021,"Orleans","Kendall town","B03002_007","Pacific Islander (Non-Hispanic)",0,0.498466257668712
"3607339188",2021,"Orleans","Kendall town","B03002_008","Other (Non-Hispanic)",0,0.498466257668712
"3607339188",2021,"Orleans","Kendall town","B03002_009","Two or More Races (Non-Hispanic)",0.230061349693252,0.536805981714119
"3607349286",2021,"Orleans","Murray town","B03002_003","White (Non-Hispanic)",82.2236180904523,5.93539794262433
"3607349286",2021,"Orleans","Murray town","B03002_004","Black (Non-Hispanic)",2.01005025125628,1.59126523810212
"3607349286",2021,"Orleans","Murray town","B03002_012","Hispanic or Latino (Any Race)",12.8140703517588,5.88331480193003
"3607349286",2021,"Orleans","Murray town","B03002_006","Asian (Non-Hispanic)",0.33500837520938,0.460634160679049
"3607349286",2021,"Orleans","Murray town","B03002_005","Native American (Non-Hispanic)",0.0628140703517588,0.104689752927993
"3607349286",2021,"Orleans","Murray town","B03002_007","Pacific Islander (Non-Hispanic)",0,0.272194304857621
"3607349286",2021,"Orleans","Murray town","B03002_008","Other (Non-Hispanic)",0,0.272194304857621
"3607349286",2021,"Orleans","Murray town","B03002_009","Two or More Races (Non-Hispanic)",2.55443886097152,1.52843444342891
"3607361742",2021,"Orleans","Ridgeway town","B03002_003","White (Non-Hispanic)",86.8120140265284,4.294096181806
"3607361742",2021,"Orleans","Ridgeway town","B03002_004","Black (Non-Hispanic)",5.59536514712609,2.42388522504227
"3607361742",2021,"Orleans","Ridgeway town","B03002_012","Hispanic or Latino (Any Race)",2.25644153072115,2.72903630425078
"3607361742",2021,"Orleans","Ridgeway town","B03002_006","Asian (Non-Hispanic)",1.28068303094984,0.975724037653723
"3607361742",2021,"Orleans","Ridgeway town","B03002_005","Native American (Non-Hispanic)",0,0.27443207806068
"3607361742",2021,"Orleans","Ridgeway town","B03002_007","Pacific Islander (Non-Hispanic)",0,0.27443207806068
"3607361742",2021,"Orleans","Ridgeway town","B03002_008","Other (Non-Hispanic)",0,0.27443207806068
"3607361742",2021,"Orleans","Ridgeway town","B03002_009","Two or More Races (Non-Hispanic)",4.05549626467449,2.08857159707353
"3607366751",2021,"Orleans","Shelby town","B03002_003","White (Non-Hispanic)",82.401614530777,5.7538047912298
"3607366751",2021,"Orleans","Shelby town","B03002_004","Black (Non-Hispanic)",3.63269424823411,2.82527666918931
"3607366751",2021,"Orleans","Shelby town","B03002_012","Hispanic or Latino (Any Race)",10.1917255297679,4.72178578728449
"3607366751",2021,"Orleans","Shelby town","B03002_006","Asian (Non-Hispanic)",1.17053481331988,1.33195437314036
"3607366751",2021,"Orleans","Shelby town","B03002_005","Native American (Non-Hispanic)",0.847628657921292,0.52467788528206
"3607366751",2021,"Orleans","Shelby town","B03002_007","Pacific Islander (Non-Hispanic)",0,0.262361251261352
"3607366751",2021,"Orleans","Shelby town","B03002_008","Other (Non-Hispanic)",0,0.262361251261352
"3607366751",2021,"Orleans","Shelby town","B03002_009","Two or More Races (Non-Hispanic)",1.75580221997982,1.19063208330835
"3607383448",2021,"Orleans","Yates town","B03002_003","White (Non-Hispanic)",92.295148797391,4.87723982996234
"3607383448",2021,"Orleans","Yates town","B03002_004","Black (Non-Hispanic)",0.163065633917652,0.244321649659747
"3607383448",2021,"Orleans","Yates town","B03002_012","Hispanic or Latino (Any Race)",4.11740725642071,3.41175660723559
"3607383448",2021,"Orleans","Yates town","B03002_006","Asian (Non-Hispanic)",0,0.529963310232369
"3607383448",2021,"Orleans","Yates town","B03002_005","Native American (Non-Hispanic)",1.63065633917652,1.95332648860445
"3607383448",2021,"Orleans","Yates town","B03002_007","Pacific Islander (Non-Hispanic)",0,0.529963310232369
"3607383448",2021,"Orleans","Yates town","B03002_008","Other (Non-Hispanic)",0.366897676314717,0.406822908994262
"3607383448",2021,"Orleans","Yates town","B03002_009","Two or More Races (Non-Hispanic)",1.42682429677945,1.34143493353258
"3609918663",2021,"Seneca","Covert town","B03002_003","White (Non-Hispanic)",89.2212480660134,5.97615207395211
"3609918663",2021,"Seneca","Covert town","B03002_004","Black (Non-Hispanic)",0.309437854564208,0.307195646082854
"3609918663",2021,"Seneca","Covert town","B03002_012","Hispanic or Latino (Any Race)",4.28055698813822,2.73702663265125
"3609918663",2021,"Seneca","Covert town","B03002_006","Asian (Non-Hispanic)",1.80505415162455,1.16617828049408
"3609918663",2021,"Seneca","Covert town","B03002_005","Native American (Non-Hispanic)",0.36101083032491,0.565641662773017
"3609918663",2021,"Seneca","Covert town","B03002_007","Pacific Islander (Non-Hispanic)",0.103145951521403,0.257566828570349
"3609918663",2021,"Seneca","Covert town","B03002_008","Other (Non-Hispanic)",0,0.670448684889118
"3609918663",2021,"Seneca","Covert town","B03002_009","Two or More Races (Non-Hispanic)",3.91954615781331,1.7958926620415
"3609925505",2021,"Seneca","Fayette town","B03002_003","White (Non-Hispanic)",99.5339912280702,0.414568839958894
"3609925505",2021,"Seneca","Fayette town","B03002_004","Black (Non-Hispanic)",0.137061403508772,0.191884493585499
"3609925505",2021,"Seneca","Fayette town","B03002_012","Hispanic or Latino (Any Race)",0.164473684210526,0.274121323921821
"3609925505",2021,"Seneca","Fayette town","B03002_006","Asian (Non-Hispanic)",0.164473684210526,0.246708878430608
"3609925505",2021,"Seneca","Fayette town","B03002_005","Native American (Non-Hispanic)",0,0.356359649122807
"3609925505",2021,"Seneca","Fayette town","B03002_007","Pacific Islander (Non-Hispanic)",0,0.356359649122807
"3609925505",2021,"Seneca","Fayette town","B03002_008","Other (Non-Hispanic)",0,0.356359649122807
"3609925505",2021,"Seneca","Fayette town","B03002_009","Two or More Races (Non-Hispanic)",0,0.356359649122807
"3609928640",2021,"Seneca","Geneva city","B03002_003","White (Non-Hispanic)",0,0
"3609928640",2021,"Seneca","Geneva city","B03002_004","Black (Non-Hispanic)",0,0
"3609928640",2021,"Seneca","Geneva city","B03002_012","Hispanic or Latino (Any Race)",0,0
"3609928640",2021,"Seneca","Geneva city","B03002_006","Asian (Non-Hispanic)",0,0
"3609928640",2021,"Seneca","Geneva city","B03002_005","Native American (Non-Hispanic)",0,0
"3609928640",2021,"Seneca","Geneva city","B03002_007","Pacific Islander (Non-Hispanic)",0,0
"3609928640",2021,"Seneca","Geneva city","B03002_008","Other (Non-Hispanic)",0,0
"3609928640",2021,"Seneca","Geneva city","B03002_009","Two or More Races (Non-Hispanic)",0,0
"3609938858",2021,"Seneca","Junius town","B03002_003","White (Non-Hispanic)",95.2181208053691,3.40906082177941
"3609938858",2021,"Seneca","Junius town","B03002_004","Black (Non-Hispanic)",0.503355704697987,0.668786869664369
"3609938858",2021,"Seneca","Junius town","B03002_012","Hispanic or Latino (Any Race)",2.43288590604027,2.92366674281598
"3609938858",2021,"Seneca","Junius town","B03002_006","Asian (Non-Hispanic)",0,1.09060402684564
"3609938858",2021,"Seneca","Junius town","B03002_005","Native American (Non-Hispanic)",0,1.09060402684564
"3609938858",2021,"Seneca","Junius town","B03002_007","Pacific Islander (Non-Hispanic)",0,1.09060402684564
"3609938858",2021,"Seneca","Junius town","B03002_008","Other (Non-Hispanic)",0,1.09060402684564
"3609938858",2021,"Seneca","Junius town","B03002_009","Two or More Races (Non-Hispanic)",1.84563758389262,1.5806011618686
"3609943225",2021,"Seneca","Lodi town","B03002_003","White (Non-Hispanic)",96.1138478379858,4.95004522158992
"3609943225",2021,"Seneca","Lodi town","B03002_004","Black (Non-Hispanic)",0.492610837438424,0.872766322949381
"3609943225",2021,"Seneca","Lodi town","B03002_012","Hispanic or Latino (Any Race)",0.547345374931582,0.651888678458131
"3609943225",2021,"Seneca","Lodi town","B03002_006","Asian (Non-Hispanic)",0.821018062397373,1.03295914027568
"3609943225",2021,"Seneca","Lodi town","B03002_005","Native American (Non-Hispanic)",0.328407224958949,0.380101191826656
"3609943225",2021,"Seneca","Lodi town","B03002_007","Pacific Islander (Non-Hispanic)",0,0.711548987411056
"3609943225",2021,"Seneca","Lodi town","B03002_008","Other (Non-Hispanic)",0,0.711548987411056
"3609943225",2021,"Seneca","Lodi town","B03002_009","Two or More Races (Non-Hispanic)",1.6967706622879,1.51222092375761
"3609955827",2021,"Seneca","Ovid town","B03002_003","White (Non-Hispanic)",83.5915492957746,3.90380855351175
"3609955827",2021,"Seneca","Ovid town","B03002_004","Black (Non-Hispanic)",9.82394366197183,2.39346399575727
"3609955827",2021,"Seneca","Ovid town","B03002_012","Hispanic or Latino (Any Race)",5.3169014084507,2.07716024062626
"3609955827",2021,"Seneca","Ovid town","B03002_006","Asian (Non-Hispanic)",0,0.457746478873239
"3609955827",2021,"Seneca","Ovid town","B03002_005","Native American (Non-Hispanic)",0,0.457746478873239
"3609955827",2021,"Seneca","Ovid town","B03002_007","Pacific Islander (Non-Hispanic)",0.352112676056338,0.598586914026738
"3609955827",2021,"Seneca","Ovid town","B03002_008","Other (Non-Hispanic)",0,0.457746478873239
"3609955827",2021,"Seneca","Ovid town","B03002_009","Two or More Races (Non-Hispanic)",0.915492957746479,1.19716743134035
"3609963440",2021,"Seneca","Romulus town","B03002_003","White (Non-Hispanic)",58.5170340681363,6.71939290343384
"3609963440",2021,"Seneca","Romulus town","B03002_004","Black (Non-Hispanic)",26.9682221586029,5.12220786292551
"3609963440",2021,"Seneca","Romulus town","B03002_012","Hispanic or Latino (Any Race)",8.50271972516462,3.43509733813926
"3609963440",2021,"Seneca","Romulus town","B03002_006","Asian (Non-Hispanic)",0.0572573718866304,0.0858854321178399
"3609963440",2021,"Seneca","Romulus town","B03002_005","Native American (Non-Hispanic)",0.229029487546522,0.34354172847136
"3609963440",2021,"Seneca","Romulus town","B03002_007","Pacific Islander (Non-Hispanic)",0.0572573718866304,0.114514274489929
"3609963440",2021,"Seneca","Romulus town","B03002_008","Other (Non-Hispanic)",0.629831090752935,0.572562362120327
"3609963440",2021,"Seneca","Romulus town","B03002_009","Two or More Races (Non-Hispanic)",5.03864872602348,2.06106348232616
"3609966333",2021,"Seneca","Seneca Falls town","B03002_003","White (Non-Hispanic)",89.6582633053221,2.88304832036638
"3609966333",2021,"Seneca","Seneca Falls town","B03002_004","Black (Non-Hispanic)",3.27170868347339,1.94956463338591
"3609966333",2021,"Seneca","Seneca Falls town","B03002_012","Hispanic or Latino (Any Race)",2.85714285714286,1.52379469427617
"3609966333",2021,"Seneca","Seneca Falls town","B03002_006","Asian (Non-Hispanic)",0.985994397759104,0.627446691326237
"3609966333",2021,"Seneca","Seneca Falls town","B03002_005","Native American (Non-Hispanic)",0.481792717086835,0.582631950367605
"3609966333",2021,"Seneca","Seneca Falls town","B03002_007","Pacific Islander (Non-Hispanic)",0,0.201680672268908
"3609966333",2021,"Seneca","Seneca Falls town","B03002_008","Other (Non-Hispanic)",0,0.201680672268908
"3609966333",2021,"Seneca","Seneca Falls town","B03002_009","Two or More Races (Non-Hispanic)",2.74509803921569,1.55740957540785
"3609975902",2021,"Seneca","Tyre town","B03002_003","White (Non-Hispanic)",97.3657548125633,4.26711953224555
"3609975902",2021,"Seneca","Tyre town","B03002_004","Black (Non-Hispanic)",1.51975683890578,2.01313645833452
"3609975902",2021,"Seneca","Tyre town","B03002_012","Hispanic or Latino (Any Race)",0,1.31712259371834
"3609975902",2021,"Seneca","Tyre town","B03002_006","Asian (Non-Hispanic)",0,1.31712259371834
"3609975902",2021,"Seneca","Tyre town","B03002_005","Native American (Non-Hispanic)",0,1.31712259371834
"3609975902",2021,"Seneca","Tyre town","B03002_007","Pacific Islander (Non-Hispanic)",0,1.31712259371834
"3609975902",2021,"Seneca","Tyre town","B03002_008","Other (Non-Hispanic)",0,1.31712259371834
"3609975902",2021,"Seneca","Tyre town","B03002_009","Two or More Races (Non-Hispanic)",1.1144883485309,1.30618681381127
"3609976958",2021,"Seneca","Varick town","B03002_003","White (Non-Hispanic)",86.1258083480306,6.00912251457126
"3609976958",2021,"Seneca","Varick town","B03002_004","Black (Non-Hispanic)",4.52674897119342,3.48320981185102
"3609976958",2021,"Seneca","Varick town","B03002_012","Hispanic or Latino (Any Race)",6.70194003527337,3.79168314458366
"3609976958",2021,"Seneca","Varick town","B03002_006","Asian (Non-Hispanic)",0,0.764256319811875
"3609976958",2021,"Seneca","Varick town","B03002_005","Native American (Non-Hispanic)",0.0587889476778366,0.235044824150809
"3609976958",2021,"Seneca","Varick town","B03002_007","Pacific Islander (Non-Hispanic)",0,0.764256319811875
"3609976958",2021,"Seneca","Varick town","B03002_008","Other (Non-Hispanic)",0.235155790711346,0.410507068592496
"3609976958",2021,"Seneca","Varick town","B03002_009","Two or More Races (Non-Hispanic)",2.35155790711346,2.2744904988506
"3609978564",2021,"Seneca","Waterloo town","B03002_003","White (Non-Hispanic)",91.0996189439303,2.66443883102333
"3609978564",2021,"Seneca","Waterloo town","B03002_004","Black (Non-Hispanic)",1.04790419161677,0.775713733889654
"3609978564",2021,"Seneca","Waterloo town","B03002_012","Hispanic or Latino (Any Race)",4.31409907457812,1.52415914665358
"3609978564",2021,"Seneca","Waterloo town","B03002_006","Asian (Non-Hispanic)",0.83015786608601,0.5987962562572
"3609978564",2021,"Seneca","Waterloo town","B03002_005","Native American (Non-Hispanic)",0.517147523135547,0.571581608752053
"3609978564",2021,"Seneca","Waterloo town","B03002_007","Pacific Islander (Non-Hispanic)",0,0.244964616222101
"3609978564",2021,"Seneca","Waterloo town","B03002_008","Other (Non-Hispanic)",0,0.244964616222101
"3609978564",2021,"Seneca","Waterloo town","B03002_009","Two or More Races (Non-Hispanic)",2.19107240065324,1.26563028428551
"3611700000",2021,"Wayne","County subdivisions not defined","B03002_003","White (Non-Hispanic)",0,0
"3611700000",2021,"Wayne","County subdivisions not defined","B03002_004","Black (Non-Hispanic)",0,0
"3611700000",2021,"Wayne","County subdivisions not defined","B03002_012","Hispanic or Latino (Any Race)",0,0
"3611700000",2021,"Wayne","County subdivisions not defined","B03002_006","Asian (Non-Hispanic)",0,0
"3611700000",2021,"Wayne","County subdivisions not defined","B03002_005","Native American (Non-Hispanic)",0,0
"3611700000",2021,"Wayne","County subdivisions not defined","B03002_007","Pacific Islander (Non-Hispanic)",0,0
"3611700000",2021,"Wayne","County subdivisions not defined","B03002_008","Other (Non-Hispanic)",0,0
"3611700000",2021,"Wayne","County subdivisions not defined","B03002_009","Two or More Races (Non-Hispanic)",0,0
"3611702440",2021,"Wayne","Arcadia town","B03002_003","White (Non-Hispanic)",80.9624498724025,3.30450718997049
"3611702440",2021,"Wayne","Arcadia town","B03002_004","Black (Non-Hispanic)",2.50091141086402,1.05721947711742
"3611702440",2021,"Wayne","Arcadia town","B03002_012","Hispanic or Latino (Any Race)",11.2285818446956,2.90180642069339
"3611702440",2021,"Wayne","Arcadia town","B03002_006","Asian (Non-Hispanic)",0.955158585490339,0.729125069166692
"3611702440",2021,"Wayne","Arcadia town","B03002_005","Native American (Non-Hispanic)",0.04374772147284,0.0874953796269988
"3611702440",2021,"Wayne","Arcadia town","B03002_007","Pacific Islander (Non-Hispanic)",0,0.1458257382428
"3611702440",2021,"Wayne","Arcadia town","B03002_008","Other (Non-Hispanic)",0,0.1458257382428
"3611702440",2021,"Wayne","Arcadia town","B03002_009","Two or More Races (Non-Hispanic)",4.30915056507474,1.39259720281781
"3611711473",2021,"Wayne","Butler town","B03002_003","White (Non-Hispanic)",88.599348534202,23.1410447670106
"3611711473",2021,"Wayne","Butler town","B03002_004","Black (Non-Hispanic)",0.868621064060804,1.34749120701477
"3611711473",2021,"Wayne","Butler town","B03002_012","Hispanic or Latino (Any Race)",2.22584147665581,3.06641573105675
"3611711473",2021,"Wayne","Butler town","B03002_006","Asian (Non-Hispanic)",0.271444082519001,0.37662542373138
"3611711473",2021,"Wayne","Butler town","B03002_005","Native American (Non-Hispanic)",0,0.705754614549403
"3611711473",2021,"Wayne","Butler town","B03002_007","Pacific Islander (Non-Hispanic)",0,0.705754614549403
"3611711473",2021,"Wayne","Butler town","B03002_008","Other (Non-Hispanic)",7.00325732899023,8.4224009764594
"3611711473",2021,"Wayne","Butler town","B03002_009","Two or More Races (Non-Hispanic)",1.0314875135722,0.846991570660386
"3611728013",2021,"Wayne","Galen town","B03002_003","White (Non-Hispanic)",93.0711182254745,2.97133807969113
"3611728013",2021,"Wayne","Galen town","B03002_004","Black (Non-Hispanic)",2.21815687171278,1.41750641107231
"3611728013",2021,"Wayne","Galen town","B03002_012","Hispanic or Latino (Any Race)",1.53212897324491,1.16608237653672
"3611728013",2021,"Wayne","Galen town","B03002_006","Asian (Non-Hispanic)",0,0.297278756002744
"3611728013",2021,"Wayne","Galen town","B03002_005","Native American (Non-Hispanic)",0.0914703864623828,0.137200579529308
"3611728013",2021,"Wayne","Galen town","B03002_007","Pacific Islander (Non-Hispanic)",0,0.297278756002744
"3611728013",2021,"Wayne","Galen town","B03002_008","Other (Non-Hispanic)",0,0.297278756002744
"3611728013",2021,"Wayne","Galen town","B03002_009","Two or More Races (Non-Hispanic)",3.08712554310542,2.12631900860945
"3611737165",2021,"Wayne","Huron town","B03002_003","White (Non-Hispanic)",90.352146647371,3.43241331538968
"3611737165",2021,"Wayne","Huron town","B03002_004","Black (Non-Hispanic)",3.85914134105162,3.47867367495012
"3611737165",2021,"Wayne","Huron town","B03002_012","Hispanic or Latino (Any Race)",4.82392667631452,4.3361335083834
"3611737165",2021,"Wayne","Huron town","B03002_006","Asian (Non-Hispanic)",0,0.627110467920888
"3611737165",2021,"Wayne","Huron town","B03002_005","Native American (Non-Hispanic)",0,0.627110467920888
"3611737165",2021,"Wayne","Huron town","B03002_007","Pacific Islander (Non-Hispanic)",0,0.627110467920888
"3611737165",2021,"Wayne","Huron town","B03002_008","Other (Non-Hispanic)",0.820067534973468,1.2003603538533
"3611737165",2021,"Wayne","Huron town","B03002_009","Two or More Races (Non-Hispanic)",0.144717800289436,0.240321495916575
"3611743973",2021,"Wayne","Lyons town","B03002_003","White (Non-Hispanic)",82.9870360504351,4.28445875724403
"3611743973",2021,"Wayne","Lyons town","B03002_004","Black (Non-Hispanic)",6.51749245249512,2.92992773941466
"3611743973",2021,"Wayne","Lyons town","B03002_012","Hispanic or Latino (Any Race)",6.32214526727047,2.96546510169779
"3611743973",2021,"Wayne","Lyons town","B03002_006","Asian (Non-Hispanic)",0,0.319659030367608
"3611743973",2021,"Wayne","Lyons town","B03002_005","Native American (Non-Hispanic)",0,0.319659030367608
"3611743973",2021,"Wayne","Lyons town","B03002_007","Pacific Islander (Non-Hispanic)",0,0.319659030367608
"3611743973",2021,"Wayne","Lyons town","B03002_008","Other (Non-Hispanic)",0.26638252530634,0.443967788106083
"3611743973",2021,"Wayne","Lyons town","B03002_009","Two or More Races (Non-Hispanic)",3.90694370449298,1.93556068721861
"3611744160",2021,"Wayne","Macedon town","B03002_003","White (Non-Hispanic)",90.0627162629758,4.37308375457608
"3611744160",2021,"Wayne","Macedon town","B03002_004","Black (Non-Hispanic)",0.421712802768166,0.497403640306056
"3611744160",2021,"Wayne","Macedon town","B03002_012","Hispanic or Latino (Any Race)",4.58477508650519,2.96277887729825
"3611744160",2021,"Wayne","Macedon town","B03002_006","Asian (Non-Hispanic)",1.37326989619377,1.01642973831847
"3611744160",2021,"Wayne","Macedon town","B03002_005","Native American (Non-Hispanic)",0,0.194636678200692
"3611744160",2021,"Wayne","Macedon town","B03002_007","Pacific Islander (Non-Hispanic)",0,0.194636678200692
"3611744160",2021,"Wayne","Macedon town","B03002_008","Other (Non-Hispanic)",0.540657439446367,0.583908348841472
"3611744160",2021,"Wayne","Macedon town","B03002_009","Two or More Races (Non-Hispanic)",3.01686851211073,2.72490224726347
"3611745645",2021,"Wayne","Marion town","B03002_003","White (Non-Hispanic)",93.5849879991272,4.08740179263527
"3611745645",2021,"Wayne","Marion town","B03002_004","Black (Non-Hispanic)",0.741872136155357,1.00370558826898
"3611745645",2021,"Wayne","Marion town","B03002_012","Hispanic or Latino (Any Race)",4.03665721143356,3.60023070001666
"3611745645",2021,"Wayne","Marion town","B03002_006","Asian (Non-Hispanic)",0,0.283656993235872
"3611745645",2021,"Wayne","Marion town","B03002_005","Native American (Non-Hispanic)",0,0.283656993235872
"3611745645",2021,"Wayne","Marion town","B03002_007","Pacific Islander (Non-Hispanic)",0,0.283656993235872
"3611745645",2021,"Wayne","Marion town","B03002_008","Other (Non-Hispanic)",0,0.283656993235872
"3611745645",2021,"Wayne","Marion town","B03002_009","Two or More Races (Non-Hispanic)",1.63648265328388,1.59283154889538
"3611755013",2021,"Wayne","Ontario town","B03002_003","White (Non-Hispanic)",92.4928092042186,2.00771446405144
"3611755013",2021,"Wayne","Ontario town","B03002_004","Black (Non-Hispanic)",0.99712368168744,0.901242429274504
"3611755013",2021,"Wayne","Ontario town","B03002_012","Hispanic or Latino (Any Race)",1.1888782358581,1.20804947521573
"3611755013",2021,"Wayne","Ontario town","B03002_006","Asian (Non-Hispanic)",0.479386385426654,0.402682507276122
"3611755013",2021,"Wayne","Ontario town","B03002_005","Native American (Non-Hispanic)",0.0671140939597315,0.10546485089449
"3611755013",2021,"Wayne","Ontario town","B03002_007","Pacific Islander (Non-Hispanic)",0,0.191754554170662
"3611755013",2021,"Wayne","Ontario town","B03002_008","Other (Non-Hispanic)",0,0.191754554170662
"3611755013",2021,"Wayne","Ontario town","B03002_009","Two or More Races (Non-Hispanic)",4.77468839884947,1.56274704969249
"3611756198",2021,"Wayne","Palmyra town","B03002_003","White (Non-Hispanic)",93.2741458165187,3.01588331854855
"3611756198",2021,"Wayne","Palmyra town","B03002_004","Black (Non-Hispanic)",0.349744417541028,0.295928234899708
"3611756198",2021,"Wayne","Palmyra town","B03002_012","Hispanic or Latino (Any Race)",3.08044121603444,1.60061920932882
"3611756198",2021,"Wayne","Palmyra town","B03002_006","Asian (Non-Hispanic)",2.16572504708098,2.01770367650781
"3611756198",2021,"Wayne","Palmyra town","B03002_005","Native American (Non-Hispanic)",0,0.242130750605327
"3611756198",2021,"Wayne","Palmyra town","B03002_007","Pacific Islander (Non-Hispanic)",0,0.242130750605327
"3611756198",2021,"Wayne","Palmyra town","B03002_008","Other (Non-Hispanic)",0,0.242130750605327
"3611756198",2021,"Wayne","Palmyra town","B03002_009","Two or More Races (Non-Hispanic)",1.12994350282486,0.941588915957739
"3611763605",2021,"Wayne","Rose town","B03002_003","White (Non-Hispanic)",94.6627850557982,4.86764055951645
"3611763605",2021,"Wayne","Rose town","B03002_004","Black (Non-Hispanic)",0.339640950994663,0.725877060460565
"3611763605",2021,"Wayne","Rose town","B03002_012","Hispanic or Latino (Any Race)",2.28044638524988,1.80923134769295
"3611763605",2021,"Wayne","Rose town","B03002_006","Asian (Non-Hispanic)",1.45560407569141,1.92751871532009
"3611763605",2021,"Wayne","Rose town","B03002_005","Native American (Non-Hispanic)",0,0.630761766132945
"3611763605",2021,"Wayne","Rose town","B03002_007","Pacific Islander (Non-Hispanic)",0,0.630761766132945
"3611763605",2021,"Wayne","Rose town","B03002_008","Other (Non-Hispanic)",0,0.630761766132945
"3611763605",2021,"Wayne","Rose town","B03002_009","Two or More Races (Non-Hispanic)",1.26152353226589,1.19698459879657
"3611765343",2021,"Wayne","Savannah town","B03002_003","White (Non-Hispanic)",86.4912280701754,18.7371625272037
"3611765343",2021,"Wayne","Savannah town","B03002_004","Black (Non-Hispanic)",0.292397660818713,0.406821984210488
"3611765343",2021,"Wayne","Savannah town","B03002_012","Hispanic or Latino (Any Race)",3.50877192982456,3.16972491077954
"3611765343",2021,"Wayne","Savannah town","B03002_006","Asian (Non-Hispanic)",0.467836257309942,0.87416897474774
"3611765343",2021,"Wayne","Savannah town","B03002_005","Native American (Non-Hispanic)",0.292397660818713,0.406821984210488
"3611765343",2021,"Wayne","Savannah town","B03002_007","Pacific Islander (Non-Hispanic)",0,0.760233918128655
"3611765343",2021,"Wayne","Savannah town","B03002_008","Other (Non-Hispanic)",0.116959064327485,0.23320952523379
"3611765343",2021,"Wayne","Savannah town","B03002_009","Two or More Races (Non-Hispanic)",8.83040935672515,7.5366646178761
"3611768220",2021,"Wayne","Sodus town","B03002_003","White (Non-Hispanic)",81.8340176682842,4.41030600255107
"3611768220",2021,"Wayne","Sodus town","B03002_004","Black (Non-Hispanic)",7.14196839616772,2.20221102706726
"3611768220",2021,"Wayne","Sodus town","B03002_012","Hispanic or Latino (Any Race)",6.51984571357472,3.8197836533099
"3611768220",2021,"Wayne","Sodus town","B03002_006","Asian (Non-Hispanic)",0.423043424163245,0.472811551108205
"3611768220",2021,"Wayne","Sodus town","B03002_005","Native American (Non-Hispanic)",0.0746547219111609,0.136866808610247
"3611768220",2021,"Wayne","Sodus town","B03002_007","Pacific Islander (Non-Hispanic)",0.0373273609555804,0.062212168401169
"3611768220",2021,"Wayne","Sodus town","B03002_008","Other (Non-Hispanic)",0.572352867985567,0.771430233047081
"3611768220",2021,"Wayne","Sodus town","B03002_009","Two or More Races (Non-Hispanic)",3.39678984695782,1.9161110139995
"3611778102",2021,"Wayne","Walworth town","B03002_003","White (Non-Hispanic)",94.1753856110452,1.60488616893511
"3611778102",2021,"Wayne","Walworth town","B03002_004","Black (Non-Hispanic)",0.431452917700356,0.539313960527178
"3611778102",2021,"Wayne","Walworth town","B03002_012","Hispanic or Latino (Any Race)",0.604034084780498,0.711894067437641
"3611778102",2021,"Wayne","Walworth town","B03002_006","Asian (Non-Hispanic)",2.34063207852443,1.12174664673697
"3611778102",2021,"Wayne","Walworth town","B03002_005","Native American (Non-Hispanic)",0,0.19415381296516
"3611778102",2021,"Wayne","Walworth town","B03002_007","Pacific Islander (Non-Hispanic)",0,0.19415381296516
"3611778102",2021,"Wayne","Walworth town","B03002_008","Other (Non-Hispanic)",0.226512781792687,0.366734093750223
"3611778102",2021,"Wayne","Walworth town","B03002_009","Two or More Races (Non-Hispanic)",2.22198252615683,1.20804227913402
"3611782040",2021,"Wayne","Williamson town","B03002_003","White (Non-Hispanic)",88.9066821953705,3.8432070353305
"3611782040",2021,"Wayne","Williamson town","B03002_004","Black (Non-Hispanic)",1.8052118212258,1.60138300565203
"3611782040",2021,"Wayne","Williamson town","B03002_012","Hispanic or Latino (Any Race)",5.31372834473722,2.82421139205558
"3611782040",2021,"Wayne","Williamson town","B03002_006","Asian (Non-Hispanic)",0.0873489590915708,0.189255789232773
"3611782040",2021,"Wayne","Williamson town","B03002_005","Native American (Non-Hispanic)",0.0582326393943806,0.116465070211704
"3611782040",2021,"Wayne","Williamson town","B03002_007","Pacific Islander (Non-Hispanic)",0,0.262046877274712
"3611782040",2021,"Wayne","Williamson town","B03002_008","Other (Non-Hispanic)",0.160139758334547,0.320278943082186
"3611782040",2021,"Wayne","Williamson town","B03002_009","Two or More Races (Non-Hispanic)",3.66865628184597,2.15456290893287
"3611782689",2021,"Wayne","Wolcott town","B03002_003","White (Non-Hispanic)",92.5524044389642,2.73679039755046
"3611782689",2021,"Wayne","Wolcott town","B03002_004","Black (Non-Hispanic)",1.87422934648582,1.52893961537701
"3611782689",2021,"Wayne","Wolcott town","B03002_012","Hispanic or Latino (Any Race)",2.26880394574599,1.65223102023232
"3611782689",2021,"Wayne","Wolcott town","B03002_006","Asian (Non-Hispanic)",0.0493218249075216,0.123304244915045
"3611782689",2021,"Wayne","Wolcott town","B03002_005","Native American (Non-Hispanic)",0.295930949445129,0.493215392886792
"3611782689",2021,"Wayne","Wolcott town","B03002_007","Pacific Islander (Non-Hispanic)",0,0.32059186189889
"3611782689",2021,"Wayne","Wolcott town","B03002_008","Other (Non-Hispanic)",0,0.32059186189889
"3611782689",2021,"Wayne","Wolcott town","B03002_009","Two or More Races (Non-Hispanic)",2.95930949445129,1.84949226765966
"3612304594",2021,"Yates","Barrington town","B03002_003","White (Non-Hispanic)",98.9485981308411,1.41925468137358
"3612304594",2021,"Yates","Barrington town","B03002_004","Black (Non-Hispanic)",0.350467289719626,0.466022420580477
"3612304594",2021,"Yates","Barrington town","B03002_012","Hispanic or Latino (Any Race)",0,0.759345794392523
"3612304594",2021,"Yates","Barrington town","B03002_006","Asian (Non-Hispanic)",0,0.759345794392523
"3612304594",2021,"Yates","Barrington town","B03002_005","Native American (Non-Hispanic)",0,0.759345794392523
"3612304594",2021,"Yates","Barrington town","B03002_007","Pacific Islander (Non-Hispanic)",0,0.759345794392523
"3612304594",2021,"Yates","Barrington town","B03002_008","Other (Non-Hispanic)",0,0.759345794392523
"3612304594",2021,"Yates","Barrington town","B03002_009","Two or More Races (Non-Hispanic)",0.700934579439252,0.756224102447911
"3612306002",2021,"Yates","Benton town","B03002_003","White (Non-Hispanic)",94.9780923491742,3.94391958836606
"3612306002",2021,"Yates","Benton town","B03002_004","Black (Non-Hispanic)",0.741489720256151,1.14591729352731
"3612306002",2021,"Yates","Benton town","B03002_012","Hispanic or Latino (Any Race)",2.86484664644422,3.06695195345678
"3612306002",2021,"Yates","Benton town","B03002_006","Asian (Non-Hispanic)",1.17964273677115,1.58405255705857
"3612306002",2021,"Yates","Benton town","B03002_005","Native American (Non-Hispanic)",0,0.438153016514998
"3612306002",2021,"Yates","Benton town","B03002_007","Pacific Islander (Non-Hispanic)",0,0.438153016514998
"3612306002",2021,"Yates","Benton town","B03002_008","Other (Non-Hispanic)",0.134816312773846,0.202220466890082
"3612306002",2021,"Yates","Benton town","B03002_009","Two or More Races (Non-Hispanic)",0.101112234580384,0.202222217893254
"3612338044",2021,"Yates","Italy town","B03002_003","White (Non-Hispanic)",95.5386289445049,6.15762643468735
"3612338044",2021,"Yates","Italy town","B03002_004","Black (Non-Hispanic)",0,1.4145810663765
"3612338044",2021,"Yates","Italy town","B03002_012","Hispanic or Latino (Any Race)",0,1.4145810663765
"3612338044",2021,"Yates","Italy town","B03002_006","Asian (Non-Hispanic)",0,1.4145810663765
"3612338044",2021,"Yates","Italy town","B03002_005","Native American (Non-Hispanic)",0.652883569096844,1.30081024229392
"3612338044",2021,"Yates","Italy town","B03002_007","Pacific Islander (Non-Hispanic)",0.979325353645267,1.62327901755581
"3612338044",2021,"Yates","Italy town","B03002_008","Other (Non-Hispanic)",0,1.4145810663765
"3612338044",2021,"Yates","Italy town","B03002_009","Two or More Races (Non-Hispanic)",2.82916213275299,2.89639162446337
"3612338583",2021,"Yates","Jerusalem town","B03002_003","White (Non-Hispanic)",96.480472297911,1.66915522785704
"3612338583",2021,"Yates","Jerusalem town","B03002_004","Black (Non-Hispanic)",0.431425976385104,0.454128380353333
"3612338583",2021,"Yates","Jerusalem town","B03002_012","Hispanic or Latino (Any Race)",0.953678474114441,0.862841083364877
"3612338583",2021,"Yates","Jerusalem town","B03002_006","Asian (Non-Hispanic)",1.93006357856494,1.58943995605464
"3612338583",2021,"Yates","Jerusalem town","B03002_005","Native American (Non-Hispanic)",0,0.295186194368756
"3612338583",2021,"Yates","Jerusalem town","B03002_007","Pacific Islander (Non-Hispanic)",0,0.295186194368756
"3612338583",2021,"Yates","Jerusalem town","B03002_008","Other (Non-Hispanic)",0,0.295186194368756
"3612338583",2021,"Yates","Jerusalem town","B03002_009","Two or More Races (Non-Hispanic)",0.204359673024523,0.317891469995947
"3612347020",2021,"Yates","Middlesex town","B03002_003","White (Non-Hispanic)",93.5948759007206,5.06853707564424
"3612347020",2021,"Yates","Middlesex town","B03002_004","Black (Non-Hispanic)",2.64211369095276,2.44991703789066
"3612347020",2021,"Yates","Middlesex town","B03002_012","Hispanic or Latino (Any Race)",1.44115292233787,1.82865193689738
"3612347020",2021,"Yates","Middlesex town","B03002_006","Asian (Non-Hispanic)",0.400320256204964,0.637671794067782
"3612347020",2021,"Yates","Middlesex town","B03002_005","Native American (Non-Hispanic)",0,1.04083266613291
"3612347020",2021,"Yates","Middlesex town","B03002_007","Pacific Islander (Non-Hispanic)",0,1.04083266613291
"3612347020",2021,"Yates","Middlesex town","B03002_008","Other (Non-Hispanic)",0,1.04083266613291
"3612347020",2021,"Yates","Middlesex town","B03002_009","Two or More Races (Non-Hispanic)",1.92153722978383,2.06147428432583
"3612347504",2021,"Yates","Milo town","B03002_003","White (Non-Hispanic)",93.1794946691982,2.39114395239738
"3612347504",2021,"Yates","Milo town","B03002_004","Black (Non-Hispanic)",1.109975171608,1.25601947287282
"3612347504",2021,"Yates","Milo town","B03002_012","Hispanic or Latino (Any Race)",3.27150576894991,1.50427172984672
"3612347504",2021,"Yates","Milo town","B03002_006","Asian (Non-Hispanic)",0.993135679859793,1.10997058470546
"3612347504",2021,"Yates","Milo town","B03002_005","Native American (Non-Hispanic)",0,0.262888856433474
"3612347504",2021,"Yates","Milo town","B03002_007","Pacific Islander (Non-Hispanic)",0,0.262888856433474
"3612347504",2021,"Yates","Milo town","B03002_008","Other (Non-Hispanic)",0,0.262888856433474
"3612347504",2021,"Yates","Milo town","B03002_009","Two or More Races (Non-Hispanic)",1.44588871038411,1.67956126866409
"3612359597",2021,"Yates","Potter town","B03002_003","White (Non-Hispanic)",91.7144346013549,2.67707623044427
"3612359597",2021,"Yates","Potter town","B03002_004","Black (Non-Hispanic)",0,0.677436164669099
"3612359597",2021,"Yates","Potter town","B03002_012","Hispanic or Latino (Any Race)",6.40958832725378,4.73167064290666
"3612359597",2021,"Yates","Potter town","B03002_006","Asian (Non-Hispanic)",0,0.677436164669099
"3612359597",2021,"Yates","Potter town","B03002_005","Native American (Non-Hispanic)",0,0.677436164669099
"3612359597",2021,"Yates","Potter town","B03002_007","Pacific Islander (Non-Hispanic)",0,0.677436164669099
"3612359597",2021,"Yates","Potter town","B03002_008","Other (Non-Hispanic)",0,0.677436164669099
"3612359597",2021,"Yates","Potter town","B03002_009","Two or More Races (Non-Hispanic)",1.87597707139135,1.54691829051955
"3612370816",2021,"Yates","Starkey town","B03002_003","White (Non-Hispanic)",94.9941451990632,2.26794134248093
"3612370816",2021,"Yates","Starkey town","B03002_004","Black (Non-Hispanic)",1.37587822014052,1.11238002114303
"3612370816",2021,"Yates","Starkey town","B03002_012","Hispanic or Latino (Any Race)",1.11241217798595,1.14166570118254
"3612370816",2021,"Yates","Starkey town","B03002_006","Asian (Non-Hispanic)",0.146370023419204,0.26346450557953
"3612370816",2021,"Yates","Starkey town","B03002_005","Native American (Non-Hispanic)",0.0585480093676815,0.175643659325724
"3612370816",2021,"Yates","Starkey town","B03002_007","Pacific Islander (Non-Hispanic)",0,0.38056206088993
"3612370816",2021,"Yates","Starkey town","B03002_008","Other (Non-Hispanic)",0.673302107728337,0.995307552610529
"3612370816",2021,"Yates","Starkey town","B03002_009","Two or More Races (Non-Hispanic)",1.63934426229508,1.52221488306541
"3612375055",2021,"Yates","Torrey town","B03002_003","White (Non-Hispanic)",95.5636363636364,3.42747980792805
"3612375055",2021,"Yates","Torrey town","B03002_004","Black (Non-Hispanic)",0,0.945454545454546
"3612375055",2021,"Yates","Torrey town","B03002_012","Hispanic or Latino (Any Race)",1.09090909090909,1.37597499194986
"3612375055",2021,"Yates","Torrey town","B03002_006","Asian (Non-Hispanic)",0.0727272727272727,0.145208145920575
"3612375055",2021,"Yates","Torrey town","B03002_005","Native American (Non-Hispanic)",0,0.945454545454546
"3612375055",2021,"Yates","Torrey town","B03002_007","Pacific Islander (Non-Hispanic)",0,0.945454545454546
"3612375055",2021,"Yates","Torrey town","B03002_008","Other (Non-Hispanic)",0,0.945454545454546
"3612375055",2021,"Yates","Torrey town","B03002_009","Two or More Races (Non-Hispanic)",3.27272727272727,2.95739934524144
"3603700474",2022,"Genesee","Alabama town","B03002_003","White (Non-Hispanic)",86.5554465161923,2.63285307246087
"3603700474",2022,"Genesee","Alabama town","B03002_004","Black (Non-Hispanic)",0.98135426889107,1.26750044903692
"3603700474",2022,"Genesee","Alabama town","B03002_012","Hispanic or Latino (Any Race)",3.23846908734053,2.90494976517554
"3603700474",2022,"Genesee","Alabama town","B03002_006","Asian (Non-Hispanic)",0,0.637880274779195
"3603700474",2022,"Genesee","Alabama town","B03002_005","Native American (Non-Hispanic)",0.686947988223749,0.580005614240153
"3603700474",2022,"Genesee","Alabama town","B03002_007","Pacific Islander (Non-Hispanic)",0,0.637880274779195
"3603700474",2022,"Genesee","Alabama town","B03002_008","Other (Non-Hispanic)",0,0.637880274779195
"3603700474",2022,"Genesee","Alabama town","B03002_009","Two or More Races (Non-Hispanic)",8.53778213935231,5.24808398195935
"3603701165",2022,"Genesee","Alexander town","B03002_003","White (Non-Hispanic)",95.533033033033,5.031890296229
"3603701165",2022,"Genesee","Alexander town","B03002_004","Black (Non-Hispanic)",0,0.487987987987988
"3603701165",2022,"Genesee","Alexander town","B03002_012","Hispanic or Latino (Any Race)",1.53903903903904,1.74260980121945
"3603701165",2022,"Genesee","Alexander town","B03002_006","Asian (Non-Hispanic)",0,0.487987987987988
"3603701165",2022,"Genesee","Alexander town","B03002_005","Native American (Non-Hispanic)",0,0.487987987987988
"3603701165",2022,"Genesee","Alexander town","B03002_007","Pacific Islander (Non-Hispanic)",0,0.487987987987988
"3603701165",2022,"Genesee","Alexander town","B03002_008","Other (Non-Hispanic)",0.412912912912913,0.520298838548685
"3603701165",2022,"Genesee","Alexander town","B03002_009","Two or More Races (Non-Hispanic)",2.51501501501502,1.70582443950717
"3603704715",2022,"Genesee","Batavia city","B03002_003","White (Non-Hispanic)",83.2237266279819,2.09439778607483
"3603704715",2022,"Genesee","Batavia city","B03002_004","Black (Non-Hispanic)",4.73887814313346,1.18628855142951
"3603704715",2022,"Genesee","Batavia city","B03002_012","Hispanic or Latino (Any Race)",5.53836234687299,1.54734391269141
"3603704715",2022,"Genesee","Batavia city","B03002_006","Asian (Non-Hispanic)",1.30238555770471,0.773689428388703
"3603704715",2022,"Genesee","Batavia city","B03002_005","Native American (Non-Hispanic)",0.0451321727917473,0.0644744610509507
"3603704715",2022,"Genesee","Batavia city","B03002_007","Pacific Islander (Non-Hispanic)",0,0.135396518375242
"3603704715",2022,"Genesee","Batavia city","B03002_008","Other (Non-Hispanic)",0.26434558349452,0.399741706194653
"3603704715",2022,"Genesee","Batavia city","B03002_009","Two or More Races (Non-Hispanic)",4.88716956802063,1.30879170509607
"3603704726",2022,"Genesee","Batavia town","B03002_003","White (Non-Hispanic)",96.6872721508955,1.88411734356646
"3603704726",2022,"Genesee","Batavia town","B03002_004","Black (Non-Hispanic)",0.443810429545094,0.396257507567153
"3603704726",2022,"Genesee","Batavia town","B03002_012","Hispanic or Latino (Any Race)",0.760817879220162,0.729114252134598
"3603704726",2022,"Genesee","Batavia town","B03002_006","Asian (Non-Hispanic)",0.634014899350135,0.760815961145282
"3603704726",2022,"Genesee","Batavia town","B03002_005","Native American (Non-Hispanic)",0,0.301157077191314
"3603704726",2022,"Genesee","Batavia town","B03002_007","Pacific Islander (Non-Hispanic)",0,0.301157077191314
"3603704726",2022,"Genesee","Batavia town","B03002_008","Other (Non-Hispanic)",0.475511174512601,0.840068764507106
"3603704726",2022,"Genesee","Batavia town","B03002_009","Two or More Races (Non-Hispanic)",0.998573466476462,1.09367239144806
"3603706057",2022,"Genesee","Bergen town","B03002_003","White (Non-Hispanic)",94.991974317817,4.09703765805992
"3603706057",2022,"Genesee","Bergen town","B03002_004","Black (Non-Hispanic)",0.674157303370786,1.31617897823499
"3603706057",2022,"Genesee","Bergen town","B03002_012","Hispanic or Latino (Any Race)",1.12359550561798,1.25191034321959
"3603706057",2022,"Genesee","Bergen town","B03002_006","Asian (Non-Hispanic)",1.2199036918138,1.86188211453514
"3603706057",2022,"Genesee","Bergen town","B03002_005","Native American (Non-Hispanic)",0.0321027287319422,0.0642039281101804
"3603706057",2022,"Genesee","Bergen town","B03002_007","Pacific Islander (Non-Hispanic)",0,0.417335473515249
"3603706057",2022,"Genesee","Bergen town","B03002_008","Other (Non-Hispanic)",0.738362760834671,1.05934101559672
"3603706057",2022,"Genesee","Bergen town","B03002_009","Two or More Races (Non-Hispanic)",1.2199036918138,1.05925619967147
"3603706266",2022,"Genesee","Bethany town","B03002_003","White (Non-Hispanic)",91.7519566526189,2.55885063243048
"3603706266",2022,"Genesee","Bethany town","B03002_004","Black (Non-Hispanic)",1.38470800722456,0.76225154423092
"3603706266",2022,"Genesee","Bethany town","B03002_012","Hispanic or Latino (Any Race)",3.79289584587598,4.30736384942527
"3603706266",2022,"Genesee","Bethany town","B03002_006","Asian (Non-Hispanic)",0,0.78266104756171
"3603706266",2022,"Genesee","Bethany town","B03002_005","Native American (Non-Hispanic)",0.120409391932571,0.36089801342827
"3603706266",2022,"Genesee","Bethany town","B03002_007","Pacific Islander (Non-Hispanic)",0,0.78266104756171
"3603706266",2022,"Genesee","Bethany town","B03002_008","Other (Non-Hispanic)",0,0.78266104756171
"3603706266",2022,"Genesee","Bethany town","B03002_009","Two or More Races (Non-Hispanic)",2.95003010234798,2.19521613380457
"3603711572",2022,"Genesee","Byron town","B03002_003","White (Non-Hispanic)",88.4674525884162,10.6423895592506
"3603711572",2022,"Genesee","Byron town","B03002_004","Black (Non-Hispanic)",1.89646335212711,1.59414066320242
"3603711572",2022,"Genesee","Byron town","B03002_012","Hispanic or Latino (Any Race)",2.15274218349564,1.79245692883915
"3603711572",2022,"Genesee","Byron town","B03002_006","Asian (Non-Hispanic)",0.61506919528447,0.810485590003678
"3603711572",2022,"Genesee","Byron town","B03002_005","Native American (Non-Hispanic)",0,0.666324961558175
"3603711572",2022,"Genesee","Byron town","B03002_007","Pacific Islander (Non-Hispanic)",0,0.666324961558175
"3603711572",2022,"Genesee","Byron town","B03002_008","Other (Non-Hispanic)",1.17888262429523,1.9328902613403
"3603711572",2022,"Genesee","Byron town","B03002_009","Two or More Races (Non-Hispanic)",5.68939005638134,3.06928880622186
"3603719719",2022,"Genesee","Darien town","B03002_003","White (Non-Hispanic)",95.8402662229617,3.40930496642267
"3603719719",2022,"Genesee","Darien town","B03002_004","Black (Non-Hispanic)",0,0.43261231281198
"3603719719",2022,"Genesee","Darien town","B03002_012","Hispanic or Latino (Any Race)",4.15973377703827,3.36090069367434
"3603719719",2022,"Genesee","Darien town","B03002_006","Asian (Non-Hispanic)",0,0.43261231281198
"3603719719",2022,"Genesee","Darien town","B03002_005","Native American (Non-Hispanic)",0,0.43261231281198
"3603719719",2022,"Genesee","Darien town","B03002_007","Pacific Islander (Non-Hispanic)",0,0.43261231281198
"3603719719",2022,"Genesee","Darien town","B03002_008","Other (Non-Hispanic)",0,0.43261231281198
"3603719719",2022,"Genesee","Darien town","B03002_009","Two or More Races (Non-Hispanic)",0,0.43261231281198
"3603723756",2022,"Genesee","Elba town","B03002_003","White (Non-Hispanic)",80.9078146934956,6.13789699116823
"3603723756",2022,"Genesee","Elba town","B03002_004","Black (Non-Hispanic)",0,0.608329433785681
"3603723756",2022,"Genesee","Elba town","B03002_012","Hispanic or Latino (Any Race)",13.242863827796,7.24113506866957
"3603723756",2022,"Genesee","Elba town","B03002_006","Asian (Non-Hispanic)",0,0.608329433785681
"3603723756",2022,"Genesee","Elba town","B03002_005","Native American (Non-Hispanic)",0.0467945718296678,0.187103879793302
"3603723756",2022,"Genesee","Elba town","B03002_007","Pacific Islander (Non-Hispanic)",0,0.608329433785681
"3603723756",2022,"Genesee","Elba town","B03002_008","Other (Non-Hispanic)",0,0.608329433785681
"3603723756",2022,"Genesee","Elba town","B03002_009","Two or More Races (Non-Hispanic)",5.8025269068788,3.6383931331247
"3603742037",2022,"Genesee","Le Roy town","B03002_003","White (Non-Hispanic)",91.7050085447614,2.98937394372113
"3603742037",2022,"Genesee","Le Roy town","B03002_004","Black (Non-Hispanic)",1.52491126593927,1.16996945881745
"3603742037",2022,"Genesee","Le Roy town","B03002_012","Hispanic or Latino (Any Race)",2.91836466412515,1.55118746853466
"3603742037",2022,"Genesee","Le Roy town","B03002_006","Asian (Non-Hispanic)",1.86670172209807,1.5380507101268
"3603742037",2022,"Genesee","Le Roy town","B03002_005","Native American (Non-Hispanic)",0,0.249769948731432
"3603742037",2022,"Genesee","Le Roy town","B03002_007","Pacific Islander (Non-Hispanic)",0,0.249769948731432
"3603742037",2022,"Genesee","Le Roy town","B03002_008","Other (Non-Hispanic)",0,0.249769948731432
"3603742037",2022,"Genesee","Le Roy town","B03002_009","Two or More Races (Non-Hispanic)",1.98501380307611,1.16996559455293
"3603754166",2022,"Genesee","Oakfield town","B03002_003","White (Non-Hispanic)",90.9264565425024,3.32959851302243
"3603754166",2022,"Genesee","Oakfield town","B03002_004","Black (Non-Hispanic)",1.78287169691181,0.955048948182901
"3603754166",2022,"Genesee","Oakfield town","B03002_012","Hispanic or Latino (Any Race)",5.06208213944604,3.21539065383083
"3603754166",2022,"Genesee","Oakfield town","B03002_006","Asian (Non-Hispanic)",0,0.413880929640242
"3603754166",2022,"Genesee","Oakfield town","B03002_005","Native American (Non-Hispanic)",0.382043935052531,0.413874477617018
"3603754166",2022,"Genesee","Oakfield town","B03002_007","Pacific Islander (Non-Hispanic)",0,0.413880929640242
"3603754166",2022,"Genesee","Oakfield town","B03002_008","Other (Non-Hispanic)",0,0.413880929640242
"3603754166",2022,"Genesee","Oakfield town","B03002_009","Two or More Races (Non-Hispanic)",1.84654568608723,1.17791584103227
"3603756792",2022,"Genesee","Pavilion town","B03002_003","White (Non-Hispanic)",97.0406360424028,18.7335945988126
"3603756792",2022,"Genesee","Pavilion town","B03002_004","Black (Non-Hispanic)",0.574204946996466,0.924202016069442
"3603756792",2022,"Genesee","Pavilion town","B03002_012","Hispanic or Latino (Any Race)",0.618374558303887,0.70159018634974
"3603756792",2022,"Genesee","Pavilion town","B03002_006","Asian (Non-Hispanic)",0,0.574204946996466
"3603756792",2022,"Genesee","Pavilion town","B03002_005","Native American (Non-Hispanic)",0.176678445229682,0.263904030754882
"3603756792",2022,"Genesee","Pavilion town","B03002_007","Pacific Islander (Non-Hispanic)",0,0.574204946996466
"3603756792",2022,"Genesee","Pavilion town","B03002_008","Other (Non-Hispanic)",0,0.574204946996466
"3603756792",2022,"Genesee","Pavilion town","B03002_009","Two or More Races (Non-Hispanic)",1.59010600706714,1.61961280073553
"3603757078",2022,"Genesee","Pembroke town","B03002_003","White (Non-Hispanic)",96.301531213192,2.90947583495601
"3603757078",2022,"Genesee","Pembroke town","B03002_004","Black (Non-Hispanic)",1.71967020023557,2.0965685616832
"3603757078",2022,"Genesee","Pembroke town","B03002_012","Hispanic or Latino (Any Race)",0.659599528857479,1.20140940832568
"3603757078",2022,"Genesee","Pembroke town","B03002_006","Asian (Non-Hispanic)",0.541813898704358,0.895167149427839
"3603757078",2022,"Genesee","Pembroke town","B03002_005","Native American (Non-Hispanic)",0,0.306242638398115
"3603757078",2022,"Genesee","Pembroke town","B03002_007","Pacific Islander (Non-Hispanic)",0,0.306242638398115
"3603757078",2022,"Genesee","Pembroke town","B03002_008","Other (Non-Hispanic)",0,0.306242638398115
"3603757078",2022,"Genesee","Pembroke town","B03002_009","Two or More Races (Non-Hispanic)",0.777385159010601,0.800933910748358
"3603770607",2022,"Genesee","Stafford town","B03002_003","White (Non-Hispanic)",87.342908438061,3.38077744351733
"3603770607",2022,"Genesee","Stafford town","B03002_004","Black (Non-Hispanic)",1.92998204667864,1.86421881587979
"3603770607",2022,"Genesee","Stafford town","B03002_012","Hispanic or Latino (Any Race)",2.91741472172352,3.02261719667692
"3603770607",2022,"Genesee","Stafford town","B03002_006","Asian (Non-Hispanic)",0,0.583482944344704
"3603770607",2022,"Genesee","Stafford town","B03002_005","Native American (Non-Hispanic)",0.0448833034111311,0.0895304659846969
"3603770607",2022,"Genesee","Stafford town","B03002_007","Pacific Islander (Non-Hispanic)",0,0.583482944344704
"3603770607",2022,"Genesee","Stafford town","B03002_008","Other (Non-Hispanic)",0.224416517055655,0.357589450602896
"3603770607",2022,"Genesee","Stafford town","B03002_009","Two or More Races (Non-Hispanic)",7.54039497307002,5.22804964465241
"3603775011",2022,"Genesee","Tonawanda Reservation","B03002_003","White (Non-Hispanic)",12.7659574468085,5.51326570202718
"3603775011",2022,"Genesee","Tonawanda Reservation","B03002_004","Black (Non-Hispanic)",0,3.95136778115502
"3603775011",2022,"Genesee","Tonawanda Reservation","B03002_012","Hispanic or Latino (Any Race)",0,3.95136778115502
"3603775011",2022,"Genesee","Tonawanda Reservation","B03002_006","Asian (Non-Hispanic)",5.77507598784195,11.1863687537015
"3603775011",2022,"Genesee","Tonawanda Reservation","B03002_005","Native American (Non-Hispanic)",68.9969604863222,19.459319060157
"3603775011",2022,"Genesee","Tonawanda Reservation","B03002_007","Pacific Islander (Non-Hispanic)",0,3.95136778115502
"3603775011",2022,"Genesee","Tonawanda Reservation","B03002_008","Other (Non-Hispanic)",0,3.95136778115502
"3603775011",2022,"Genesee","Tonawanda Reservation","B03002_009","Two or More Races (Non-Hispanic)",12.4620060790274,6.85307970570204
"3605103364",2022,"Livingston","Avon town","B03002_003","White (Non-Hispanic)",92.972582972583,2.36132753017246
"3605103364",2022,"Livingston","Avon town","B03002_004","Black (Non-Hispanic)",0.606060606060606,0.360740820118794
"3605103364",2022,"Livingston","Avon town","B03002_012","Hispanic or Latino (Any Race)",1.87590187590188,1.4429785921202
"3605103364",2022,"Livingston","Avon town","B03002_006","Asian (Non-Hispanic)",0.678210678210678,1.01009674321144
"3605103364",2022,"Livingston","Avon town","B03002_005","Native American (Non-Hispanic)",0.202020202020202,0.30302904105606
"3605103364",2022,"Livingston","Avon town","B03002_007","Pacific Islander (Non-Hispanic)",0,0.274170274170274
"3605103364",2022,"Livingston","Avon town","B03002_008","Other (Non-Hispanic)",0.346320346320346,0.577198630155373
"3605103364",2022,"Livingston","Avon town","B03002_009","Two or More Races (Non-Hispanic)",3.31890331890332,1.71711160960853
"3605111715",2022,"Livingston","Caledonia town","B03002_003","White (Non-Hispanic)",87.4548519142788,4.75786461182773
"3605111715",2022,"Livingston","Caledonia town","B03002_004","Black (Non-Hispanic)",2.6486876956417,2.07072059954107
"3605111715",2022,"Livingston","Caledonia town","B03002_012","Hispanic or Latino (Any Race)",3.53960992053937,2.76898696928478
"3605111715",2022,"Livingston","Caledonia town","B03002_006","Asian (Non-Hispanic)",1.78184444979533,1.92628349124433
"3605111715",2022,"Livingston","Caledonia town","B03002_005","Native American (Non-Hispanic)",0,0.313026727666747
"3605111715",2022,"Livingston","Caledonia town","B03002_007","Pacific Islander (Non-Hispanic)",0,0.313026727666747
"3605111715",2022,"Livingston","Caledonia town","B03002_008","Other (Non-Hispanic)",1.30026486876956,1.85406211565902
"3605111715",2022,"Livingston","Caledonia town","B03002_009","Two or More Races (Non-Hispanic)",3.2747411509752,2.02252218761484
"3605117618",2022,"Livingston","Conesus town","B03002_003","White (Non-Hispanic)",96.551724137931,2.33057487929506
"3605117618",2022,"Livingston","Conesus town","B03002_004","Black (Non-Hispanic)",0,0.786448880822747
"3605117618",2022,"Livingston","Conesus town","B03002_012","Hispanic or Latino (Any Race)",0,0.786448880822747
"3605117618",2022,"Livingston","Conesus town","B03002_006","Asian (Non-Hispanic)",0,0.786448880822747
"3605117618",2022,"Livingston","Conesus town","B03002_005","Native American (Non-Hispanic)",0,0.786448880822747
"3605117618",2022,"Livingston","Conesus town","B03002_007","Pacific Islander (Non-Hispanic)",0,0.786448880822747
"3605117618",2022,"Livingston","Conesus town","B03002_008","Other (Non-Hispanic)",0.423472474289171,0.723387808662697
"3605117618",2022,"Livingston","Conesus town","B03002_009","Two or More Races (Non-Hispanic)",3.02480338777979,2.68726089084381
"3605128629",2022,"Livingston","Geneseo town","B03002_003","White (Non-Hispanic)",86.3623146263449,2.50483101840725
"3605128629",2022,"Livingston","Geneseo town","B03002_004","Black (Non-Hispanic)",2.78181641950179,0.988644786616888
"3605128629",2022,"Livingston","Geneseo town","B03002_012","Hispanic or Latino (Any Race)",5.79625860230687,1.52171871782739
"3605128629",2022,"Livingston","Geneseo town","B03002_006","Asian (Non-Hispanic)",2.66550353785015,1.43451623411876
"3605128629",2022,"Livingston","Geneseo town","B03002_005","Native American (Non-Hispanic)",0,0.203547542890375
"3605128629",2022,"Livingston","Geneseo town","B03002_007","Pacific Islander (Non-Hispanic)",0,0.203547542890375
"3605128629",2022,"Livingston","Geneseo town","B03002_008","Other (Non-Hispanic)",0.203547542890375,0.222932673960372
"3605128629",2022,"Livingston","Geneseo town","B03002_009","Two or More Races (Non-Hispanic)",2.19055927110594,1.51206149849839
"3605131016",2022,"Livingston","Groveland town","B03002_003","White (Non-Hispanic)",66.2950575994054,6.83914829996863
"3605131016",2022,"Livingston","Groveland town","B03002_004","Black (Non-Hispanic)",19.9182460052025,3.26133563945664
"3605131016",2022,"Livingston","Groveland town","B03002_012","Hispanic or Latino (Any Race)",8.02675585284281,2.31598374194921
"3605131016",2022,"Livingston","Groveland town","B03002_006","Asian (Non-Hispanic)",0.222965440356745,0.445523496439679
"3605131016",2022,"Livingston","Groveland town","B03002_005","Native American (Non-Hispanic)",0.222965440356745,0.333904788212526
"3605131016",2022,"Livingston","Groveland town","B03002_007","Pacific Islander (Non-Hispanic)",0,0.483091787439614
"3605131016",2022,"Livingston","Groveland town","B03002_008","Other (Non-Hispanic)",0.445930880713489,0.518854707804046
"3605131016",2022,"Livingston","Groveland town","B03002_009","Two or More Races (Non-Hispanic)",4.86807878112226,2.98113784353688
"3605141883",2022,"Livingston","Leicester town","B03002_003","White (Non-Hispanic)",94.4909001475652,1.84064984574709
"3605141883",2022,"Livingston","Leicester town","B03002_004","Black (Non-Hispanic)",0.196753566158387,0.294436396231839
"3605141883",2022,"Livingston","Leicester town","B03002_012","Hispanic or Latino (Any Race)",1.72159370388588,1.117403342509
"3605141883",2022,"Livingston","Leicester town","B03002_006","Asian (Non-Hispanic)",0.73782587309395,1.07948300217877
"3605141883",2022,"Livingston","Leicester town","B03002_005","Native American (Non-Hispanic)",0,0.639449090014756
"3605141883",2022,"Livingston","Leicester town","B03002_007","Pacific Islander (Non-Hispanic)",0,0.639449090014756
"3605141883",2022,"Livingston","Leicester town","B03002_008","Other (Non-Hispanic)",0,0.639449090014756
"3605141883",2022,"Livingston","Leicester town","B03002_009","Two or More Races (Non-Hispanic)",2.85292670929661,2.04498760557079
"3605142334",2022,"Livingston","Lima town","B03002_003","White (Non-Hispanic)",90.9287257019438,3.5680277790328
"3605142334",2022,"Livingston","Lima town","B03002_004","Black (Non-Hispanic)",0.695944324454044,0.647930061845237
"3605142334",2022,"Livingston","Lima town","B03002_012","Hispanic or Latino (Any Race)",3.62371010319174,2.35167663664846
"3605142334",2022,"Livingston","Lima town","B03002_006","Asian (Non-Hispanic)",0.479961603071754,0.695936308411871
"3605142334",2022,"Livingston","Lima town","B03002_005","Native American (Non-Hispanic)",0,0.31197504199664
"3605142334",2022,"Livingston","Lima town","B03002_007","Pacific Islander (Non-Hispanic)",0,0.31197504199664
"3605142334",2022,"Livingston","Lima town","B03002_008","Other (Non-Hispanic)",1.10391168706503,1.24787651903272
"3605142334",2022,"Livingston","Lima town","B03002_009","Two or More Races (Non-Hispanic)",3.16774658027358,1.63172053001955
"3605142961",2022,"Livingston","Livonia town","B03002_003","White (Non-Hispanic)",92.2545502856384,2.07137025430389
"3605142961",2022,"Livingston","Livonia town","B03002_004","Black (Non-Hispanic)",0.0531420220539392,0.146140492431485
"3605142961",2022,"Livingston","Livonia town","B03002_012","Hispanic or Latino (Any Race)",1.51454762853727,0.929976678755499
"3605142961",2022,"Livingston","Livonia town","B03002_006","Asian (Non-Hispanic)",1.55440414507772,1.3019729892704
"3605142961",2022,"Livingston","Livonia town","B03002_005","Native American (Non-Hispanic)",0,0.252424604756211
"3605142961",2022,"Livingston","Livonia town","B03002_007","Pacific Islander (Non-Hispanic)",0,0.252424604756211
"3605142961",2022,"Livingston","Livonia town","B03002_008","Other (Non-Hispanic)",0,0.252424604756211
"3605142961",2022,"Livingston","Livonia town","B03002_009","Two or More Races (Non-Hispanic)",4.62335591869271,1.2222047701902
"3605148956",2022,"Livingston","Mount Morris town","B03002_003","White (Non-Hispanic)",83.1629175187457,5.16818492904318
"3605148956",2022,"Livingston","Mount Morris town","B03002_004","Black (Non-Hispanic)",2.52215405589639,2.49940822926456
"3605148956",2022,"Livingston","Mount Morris town","B03002_012","Hispanic or Latino (Any Race)",10.0658941149739,3.56710635625634
"3605148956",2022,"Livingston","Mount Morris town","B03002_006","Asian (Non-Hispanic)",0,0.295387411951829
"3605148956",2022,"Livingston","Mount Morris town","B03002_005","Native American (Non-Hispanic)",0.249943194728471,0.318107690434586
"3605148956",2022,"Livingston","Mount Morris town","B03002_007","Pacific Islander (Non-Hispanic)",0,0.295387411951829
"3605148956",2022,"Livingston","Mount Morris town","B03002_008","Other (Non-Hispanic)",0,0.295387411951829
"3605148956",2022,"Livingston","Mount Morris town","B03002_009","Two or More Races (Non-Hispanic)",3.99909111565553,3.97633152593469
"3605151869",2022,"Livingston","North Dansville town","B03002_003","White (Non-Hispanic)",93.9490445859873,4.26446890509489
"3605151869",2022,"Livingston","North Dansville town","B03002_004","Black (Non-Hispanic)",1.01161483701761,0.992859073153046
"3605151869",2022,"Livingston","North Dansville town","B03002_012","Hispanic or Latino (Any Race)",4.27126264518546,4.10256458486681
"3605151869",2022,"Livingston","North Dansville town","B03002_006","Asian (Non-Hispanic)",0,0.355938553765455
"3605151869",2022,"Livingston","North Dansville town","B03002_005","Native American (Non-Hispanic)",0,0.355938553765455
"3605151869",2022,"Livingston","North Dansville town","B03002_007","Pacific Islander (Non-Hispanic)",0,0.355938553765455
"3605151869",2022,"Livingston","North Dansville town","B03002_008","Other (Non-Hispanic)",0.14986886474335,0.224801149427041
"3605151869",2022,"Livingston","North Dansville town","B03002_009","Two or More Races (Non-Hispanic)",0.618209067066317,0.824268789461229
"3605154089",2022,"Livingston","Nunda town","B03002_003","White (Non-Hispanic)",91.9823464509011,4.7702041225972
"3605154089",2022,"Livingston","Nunda town","B03002_004","Black (Non-Hispanic)",1.76535490989334,1.91242373449122
"3605154089",2022,"Livingston","Nunda town","B03002_012","Hispanic or Latino (Any Race)",1.02979036410445,1.17687889667211
"3605154089",2022,"Livingston","Nunda town","B03002_006","Asian (Non-Hispanic)",0,0.47811695476278
"3605154089",2022,"Livingston","Nunda town","B03002_005","Native American (Non-Hispanic)",0,0.47811695476278
"3605154089",2022,"Livingston","Nunda town","B03002_007","Pacific Islander (Non-Hispanic)",0,0.47811695476278
"3605154089",2022,"Livingston","Nunda town","B03002_008","Other (Non-Hispanic)",0,0.47811695476278
"3605154089",2022,"Livingston","Nunda town","B03002_009","Two or More Races (Non-Hispanic)",5.22250827510114,3.97186278158847
"3605155508",2022,"Livingston","Ossian town","B03002_003","White (Non-Hispanic)",97.3561430793157,4.13326566267716
"3605155508",2022,"Livingston","Ossian town","B03002_004","Black (Non-Hispanic)",0,2.02177293934681
"3605155508",2022,"Livingston","Ossian town","B03002_012","Hispanic or Latino (Any Race)",0.31104199066874,0.461832297981203
"3605155508",2022,"Livingston","Ossian town","B03002_006","Asian (Non-Hispanic)",0,2.02177293934681
"3605155508",2022,"Livingston","Ossian town","B03002_005","Native American (Non-Hispanic)",0.15552099533437,0.309271939960268
"3605155508",2022,"Livingston","Ossian town","B03002_007","Pacific Islander (Non-Hispanic)",0,2.02177293934681
"3605155508",2022,"Livingston","Ossian town","B03002_008","Other (Non-Hispanic)",0,2.02177293934681
"3605155508",2022,"Livingston","Ossian town","B03002_009","Two or More Races (Non-Hispanic)",2.17729393468118,2.76067224470156
"3605159179",2022,"Livingston","Portage town","B03002_003","White (Non-Hispanic)",94.2164179104478,31.480957487033
"3605159179",2022,"Livingston","Portage town","B03002_004","Black (Non-Hispanic)",0.466417910447761,1.02010367417714
"3605159179",2022,"Livingston","Portage town","B03002_012","Hispanic or Latino (Any Race)",3.82462686567164,5.61709931992759
"3605159179",2022,"Livingston","Portage town","B03002_006","Asian (Non-Hispanic)",0.83955223880597,1.38492893311996
"3605159179",2022,"Livingston","Portage town","B03002_005","Native American (Non-Hispanic)",0.279850746268657,0.367148197161232
"3605159179",2022,"Livingston","Portage town","B03002_007","Pacific Islander (Non-Hispanic)",0,1.21268656716418
"3605159179",2022,"Livingston","Portage town","B03002_008","Other (Non-Hispanic)",0,1.21268656716418
"3605159179",2022,"Livingston","Portage town","B03002_009","Two or More Races (Non-Hispanic)",0.373134328358209,0.457894717587239
"3605170101",2022,"Livingston","Sparta town","B03002_003","White (Non-Hispanic)",95.3943217665615,15.8121435479467
"3605170101",2022,"Livingston","Sparta town","B03002_004","Black (Non-Hispanic)",0.315457413249211,0.629827844432501
"3605170101",2022,"Livingston","Sparta town","B03002_012","Hispanic or Latino (Any Race)",1.32492113564669,0.933512976734901
"3605170101",2022,"Livingston","Sparta town","B03002_006","Asian (Non-Hispanic)",1.51419558359621,2.01109271384473
"3605170101",2022,"Livingston","Sparta town","B03002_005","Native American (Non-Hispanic)",0,0.82018927444795
"3605170101",2022,"Livingston","Sparta town","B03002_007","Pacific Islander (Non-Hispanic)",0,0.82018927444795
"3605170101",2022,"Livingston","Sparta town","B03002_008","Other (Non-Hispanic)",0,0.82018927444795
"3605170101",2022,"Livingston","Sparta town","B03002_009","Two or More Races (Non-Hispanic)",1.45110410094637,1.44107784276276
"3605170475",2022,"Livingston","Springwater town","B03002_003","White (Non-Hispanic)",91.3338658146965,1.24122328574926
"3605170475",2022,"Livingston","Springwater town","B03002_004","Black (Non-Hispanic)",0.439297124600639,0.475723346344341
"3605170475",2022,"Livingston","Springwater town","B03002_012","Hispanic or Latino (Any Race)",0.958466453674121,1.27169732204006
"3605170475",2022,"Livingston","Springwater town","B03002_006","Asian (Non-Hispanic)",0.0798722044728434,0.199402868051966
"3605170475",2022,"Livingston","Springwater town","B03002_005","Native American (Non-Hispanic)",0,0.519169329073482
"3605170475",2022,"Livingston","Springwater town","B03002_007","Pacific Islander (Non-Hispanic)",0,0.519169329073482
"3605170475",2022,"Livingston","Springwater town","B03002_008","Other (Non-Hispanic)",0.0798722044728434,0.239385293340186
"3605170475",2022,"Livingston","Springwater town","B03002_009","Two or More Races (Non-Hispanic)",7.10862619808307,4.82197639754566
"3605181006",2022,"Livingston","West Sparta town","B03002_003","White (Non-Hispanic)",98.7607244995233,2.57336966001781
"3605181006",2022,"Livingston","West Sparta town","B03002_004","Black (Non-Hispanic)",0,1.23927550047664
"3605181006",2022,"Livingston","West Sparta town","B03002_012","Hispanic or Latino (Any Race)",0.285986653956149,0.570047897649657
"3605181006",2022,"Livingston","West Sparta town","B03002_006","Asian (Non-Hispanic)",0.476644423260248,0.66270979588665
"3605181006",2022,"Livingston","West Sparta town","B03002_005","Native American (Non-Hispanic)",0,1.23927550047664
"3605181006",2022,"Livingston","West Sparta town","B03002_007","Pacific Islander (Non-Hispanic)",0,1.23927550047664
"3605181006",2022,"Livingston","West Sparta town","B03002_008","Other (Non-Hispanic)",0,1.23927550047664
"3605181006",2022,"Livingston","West Sparta town","B03002_009","Two or More Races (Non-Hispanic)",0.476644423260248,0.758615988032932
"3605184022",2022,"Livingston","York town","B03002_003","White (Non-Hispanic)",90.4315196998124,7.64217529908079
"3605184022",2022,"Livingston","York town","B03002_004","Black (Non-Hispanic)",0.562851782363977,0.813001252823144
"3605184022",2022,"Livingston","York town","B03002_012","Hispanic or Latino (Any Race)",7.37961225766104,7.22313147717117
"3605184022",2022,"Livingston","York town","B03002_006","Asian (Non-Hispanic)",0,0.40650406504065
"3605184022",2022,"Livingston","York town","B03002_005","Native American (Non-Hispanic)",0,0.40650406504065
"3605184022",2022,"Livingston","York town","B03002_007","Pacific Islander (Non-Hispanic)",0,0.40650406504065
"3605184022",2022,"Livingston","York town","B03002_008","Other (Non-Hispanic)",0,0.40650406504065
"3605184022",2022,"Livingston","York town","B03002_009","Two or More Races (Non-Hispanic)",1.6260162601626,2.15757687179694
"3605500000",2022,"Monroe","County subdivisions not defined","B03002_003","White (Non-Hispanic)",0,0
"3605500000",2022,"Monroe","County subdivisions not defined","B03002_004","Black (Non-Hispanic)",0,0
"3605500000",2022,"Monroe","County subdivisions not defined","B03002_012","Hispanic or Latino (Any Race)",0,0
"3605500000",2022,"Monroe","County subdivisions not defined","B03002_006","Asian (Non-Hispanic)",0,0
"3605500000",2022,"Monroe","County subdivisions not defined","B03002_005","Native American (Non-Hispanic)",0,0
"3605500000",2022,"Monroe","County subdivisions not defined","B03002_007","Pacific Islander (Non-Hispanic)",0,0
"3605500000",2022,"Monroe","County subdivisions not defined","B03002_008","Other (Non-Hispanic)",0,0
"3605500000",2022,"Monroe","County subdivisions not defined","B03002_009","Two or More Races (Non-Hispanic)",0,0
"3605508246",2022,"Monroe","Brighton town","B03002_003","White (Non-Hispanic)",75.287215839648,2.45117384310819
"3605508246",2022,"Monroe","Brighton town","B03002_004","Black (Non-Hispanic)",6.62158124881175,1.62957753857091
"3605508246",2022,"Monroe","Brighton town","B03002_012","Hispanic or Latino (Any Race)",4.86433634808115,1.28193592849831
"3605508246",2022,"Monroe","Brighton town","B03002_006","Asian (Non-Hispanic)",9.44892582633966,1.53178341539986
"3605508246",2022,"Monroe","Brighton town","B03002_005","Native American (Non-Hispanic)",0.165675330671664,0.160243251532996
"3605508246",2022,"Monroe","Brighton town","B03002_007","Pacific Islander (Non-Hispanic)",0,0.0760476927673212
"3605508246",2022,"Monroe","Brighton town","B03002_008","Other (Non-Hispanic)",0.287894836904859,0.241722821092379
"3605508246",2022,"Monroe","Brighton town","B03002_009","Two or More Races (Non-Hispanic)",3.3243705695429,0.809356672250159
"3605515462",2022,"Monroe","Chili town","B03002_003","White (Non-Hispanic)",81.0968695233841,2.99529411321943
"3605515462",2022,"Monroe","Chili town","B03002_004","Black (Non-Hispanic)",9.13027043744201,2.70779436952184
"3605515462",2022,"Monroe","Chili town","B03002_012","Hispanic or Latino (Any Race)",4.1407511769355,1.25424516726443
"3605515462",2022,"Monroe","Chili town","B03002_006","Asian (Non-Hispanic)",1.90371464898113,1.14085257818381
"3605515462",2022,"Monroe","Chili town","B03002_005","Native American (Non-Hispanic)",0.079035084704993,0.0824713524886636
"3605515462",2022,"Monroe","Chili town","B03002_007","Pacific Islander (Non-Hispanic)",0.10996185698086,0.15119751085385
"3605515462",2022,"Monroe","Chili town","B03002_008","Other (Non-Hispanic)",0.182124325624549,0.202742086874674
"3605515462",2022,"Monroe","Chili town","B03002_009","Two or More Races (Non-Hispanic)",3.35727294594687,1.10992209784471
"3605515957",2022,"Monroe","Clarkson town","B03002_003","White (Non-Hispanic)",78.4559359067735,9.37690708747242
"3605515957",2022,"Monroe","Clarkson town","B03002_004","Black (Non-Hispanic)",3.55426074289876,2.89873520366356
"3605515957",2022,"Monroe","Clarkson town","B03002_012","Hispanic or Latino (Any Race)",14.5520757465404,9.00204124338642
"3605515957",2022,"Monroe","Clarkson town","B03002_006","Asian (Non-Hispanic)",2.02476329206118,2.35978545038282
"3605515957",2022,"Monroe","Clarkson town","B03002_005","Native American (Non-Hispanic)",0,0.276766205389658
"3605515957",2022,"Monroe","Clarkson town","B03002_007","Pacific Islander (Non-Hispanic)",0,0.276766205389658
"3605515957",2022,"Monroe","Clarkson town","B03002_008","Other (Non-Hispanic)",0,0.276766205389658
"3605515957",2022,"Monroe","Clarkson town","B03002_009","Two or More Races (Non-Hispanic)",1.41296431172615,1.41295567709233
"3605522870",2022,"Monroe","East Rochester town","B03002_003","White (Non-Hispanic)",88.1347887992406,4.19004598149715
"3605522870",2022,"Monroe","East Rochester town","B03002_004","Black (Non-Hispanic)",2.92675209618731,2.62613474453515
"3605522870",2022,"Monroe","East Rochester town","B03002_012","Hispanic or Latino (Any Race)",4.60370194589464,1.83503935523397
"3605522870",2022,"Monroe","East Rochester town","B03002_006","Asian (Non-Hispanic)",0.933396614459737,0.664438962898873
"3605522870",2022,"Monroe","East Rochester town","B03002_005","Native American (Non-Hispanic)",0.490428729631387,0.680268639999808
"3605522870",2022,"Monroe","East Rochester town","B03002_007","Pacific Islander (Non-Hispanic)",0.221483942414175,0.379685490847591
"3605522870",2022,"Monroe","East Rochester town","B03002_008","Other (Non-Hispanic)",0.237304224015187,0.348044607810769
"3605522870",2022,"Monroe","East Rochester town","B03002_009","Two or More Races (Non-Hispanic)",2.45214364815694,1.6136321640901
"3605528442",2022,"Monroe","Gates town","B03002_003","White (Non-Hispanic)",74.8069168204497,3.13281847559522
"3605528442",2022,"Monroe","Gates town","B03002_004","Black (Non-Hispanic)",11.5268949490807,2.08116390537816
"3605528442",2022,"Monroe","Gates town","B03002_012","Hispanic or Latino (Any Race)",7.58663112569202,1.87613725034226
"3605528442",2022,"Monroe","Gates town","B03002_006","Asian (Non-Hispanic)",3.21919212630716,1.30886057818998
"3605528442",2022,"Monroe","Gates town","B03002_005","Native American (Non-Hispanic)",0.00683480281593876,0.0136696038359015
"3605528442",2022,"Monroe","Gates town","B03002_007","Pacific Islander (Non-Hispanic)",0,0.0854350351992345
"3605528442",2022,"Monroe","Gates town","B03002_008","Other (Non-Hispanic)",0.287061718269428,0.235800513491762
"3605528442",2022,"Monroe","Gates town","B03002_009","Two or More Races (Non-Hispanic)",2.566468457385,0.813337279068001
"3605530290",2022,"Monroe","Greece town","B03002_003","White (Non-Hispanic)",75.6293880603215,1.84522809450803
"3605530290",2022,"Monroe","Greece town","B03002_004","Black (Non-Hispanic)",9.70150803871879,1.42078924938127
"3605530290",2022,"Monroe","Greece town","B03002_012","Hispanic or Latino (Any Race)",8.09064849819285,1.12582943285059
"3605530290",2022,"Monroe","Greece town","B03002_006","Asian (Non-Hispanic)",2.65776245274397,0.883842717180073
"3605530290",2022,"Monroe","Greece town","B03002_005","Native American (Non-Hispanic)",0.0270034481326077,0.0176560959888326
"3605530290",2022,"Monroe","Greece town","B03002_007","Pacific Islander (Non-Hispanic)",0,0.03219641892734
"3605530290",2022,"Monroe","Greece town","B03002_008","Other (Non-Hispanic)",0.233683685762951,0.119438276100462
"3605530290",2022,"Monroe","Greece town","B03002_009","Two or More Races (Non-Hispanic)",3.66000581612729,0.830873487208994
"3605531797",2022,"Monroe","Hamlin town","B03002_003","White (Non-Hispanic)",94.684881184709,1.67346043218044
"3605531797",2022,"Monroe","Hamlin town","B03002_004","Black (Non-Hispanic)",0.929858799219378,0.60842238228374
"3605531797",2022,"Monroe","Hamlin town","B03002_012","Hispanic or Latino (Any Race)",1.5956836184135,0.906891922720732
"3605531797",2022,"Monroe","Hamlin town","B03002_006","Asian (Non-Hispanic)",0,0.218115026977385
"3605531797",2022,"Monroe","Hamlin town","B03002_005","Native American (Non-Hispanic)",0,0.218115026977385
"3605531797",2022,"Monroe","Hamlin town","B03002_007","Pacific Islander (Non-Hispanic)",0,0.218115026977385
"3605531797",2022,"Monroe","Hamlin town","B03002_008","Other (Non-Hispanic)",0.401790839168867,0.470668364719497
"3605531797",2022,"Monroe","Hamlin town","B03002_009","Two or More Races (Non-Hispanic)",2.38778555848927,1.22831975995917
"3605534099",2022,"Monroe","Henrietta town","B03002_003","White (Non-Hispanic)",69.9403672687348,2.51559244942933
"3605534099",2022,"Monroe","Henrietta town","B03002_004","Black (Non-Hispanic)",8.56816860778024,1.1431057948411
"3605534099",2022,"Monroe","Henrietta town","B03002_012","Hispanic or Latino (Any Race)",4.71464554046199,1.55862406230029
"3605534099",2022,"Monroe","Henrietta town","B03002_006","Asian (Non-Hispanic)",12.2430087619212,1.8836629254956
"3605534099",2022,"Monroe","Henrietta town","B03002_005","Native American (Non-Hispanic)",0.0258336741943123,0.032292081708748
"3605534099",2022,"Monroe","Henrietta town","B03002_007","Pacific Islander (Non-Hispanic)",0.00430561236571871,0.00861122358204772
"3605534099",2022,"Monroe","Henrietta town","B03002_008","Other (Non-Hispanic)",0.365977051086091,0.335837551594195
"3605534099",2022,"Monroe","Henrietta town","B03002_009","Two or More Races (Non-Hispanic)",4.13769348345568,1.08070024571081
"3605537726",2022,"Monroe","Irondequoit town","B03002_003","White (Non-Hispanic)",76.5537613233556,2.02553521101915
"3605537726",2022,"Monroe","Irondequoit town","B03002_004","Black (Non-Hispanic)",7.26467113036629,1.46316384035611
"3605537726",2022,"Monroe","Irondequoit town","B03002_012","Hispanic or Latino (Any Race)",10.232374950768,1.45330683450086
"3605537726",2022,"Monroe","Irondequoit town","B03002_006","Asian (Non-Hispanic)",1.42772745175266,0.590782755540993
"3605537726",2022,"Monroe","Irondequoit town","B03002_005","Native American (Non-Hispanic)",0.0807404489956676,0.0807404251831645
"3605537726",2022,"Monroe","Irondequoit town","B03002_007","Pacific Islander (Non-Hispanic)",0.102402520677432,0.118156728453414
"3605537726",2022,"Monroe","Irondequoit town","B03002_008","Other (Non-Hispanic)",0.202835762111067,0.222528500021334
"3605537726",2022,"Monroe","Irondequoit town","B03002_009","Two or More Races (Non-Hispanic)",4.13548641197322,0.884200676001611
"3605546558",2022,"Monroe","Mendon town","B03002_003","White (Non-Hispanic)",92.155352624051,2.81226398488171
"3605546558",2022,"Monroe","Mendon town","B03002_004","Black (Non-Hispanic)",1.30927494773903,1.441296619578
"3605546558",2022,"Monroe","Mendon town","B03002_012","Hispanic or Latino (Any Race)",2.64055451644845,1.50729299015502
"3605546558",2022,"Monroe","Mendon town","B03002_006","Asian (Non-Hispanic)",0.63813400814171,0.715147283118906
"3605546558",2022,"Monroe","Mendon town","B03002_005","Native American (Non-Hispanic)",0,0.209043899218836
"3605546558",2022,"Monroe","Mendon town","B03002_007","Pacific Islander (Non-Hispanic)",0,0.209043899218836
"3605546558",2022,"Monroe","Mendon town","B03002_008","Other (Non-Hispanic)",0,0.209043899218836
"3605546558",2022,"Monroe","Mendon town","B03002_009","Two or More Races (Non-Hispanic)",3.25668390361976,1.90337135054287
"3605554474",2022,"Monroe","Ogden town","B03002_003","White (Non-Hispanic)",89.276020332626,2.1941711312467
"3605554474",2022,"Monroe","Ogden town","B03002_004","Black (Non-Hispanic)",2.82287913931797,1.27325331371362
"3605554474",2022,"Monroe","Ogden town","B03002_012","Hispanic or Latino (Any Race)",3.92340719538074,1.51507128461069
"3605554474",2022,"Monroe","Ogden town","B03002_006","Asian (Non-Hispanic)",0.779746335685733,0.454028792760713
"3605554474",2022,"Monroe","Ogden town","B03002_005","Native American (Non-Hispanic)",0.0197404135616641,0.0296106132749908
"3605554474",2022,"Monroe","Ogden town","B03002_007","Pacific Islander (Non-Hispanic)",0,0.123377584760401
"3605554474",2022,"Monroe","Ogden town","B03002_008","Other (Non-Hispanic)",0.103637171198737,0.197404106396925
"3605554474",2022,"Monroe","Ogden town","B03002_009","Two or More Races (Non-Hispanic)",3.07456941222919,1.40156574081786
"3605556561",2022,"Monroe","Parma town","B03002_003","White (Non-Hispanic)",92.0616260363816,2.67610637511855
"3605556561",2022,"Monroe","Parma town","B03002_004","Black (Non-Hispanic)",1.5406509095409,1.08278040153413
"3605556561",2022,"Monroe","Parma town","B03002_012","Hispanic or Latino (Any Race)",4.51058037371612,2.25835763457094
"3605556561",2022,"Monroe","Parma town","B03002_006","Asian (Non-Hispanic)",0.185620591510952,0.210369526866575
"3605556561",2022,"Monroe","Parma town","B03002_005","Native American (Non-Hispanic)",0.0989976488058409,0.129934194456345
"3605556561",2022,"Monroe","Parma town","B03002_007","Pacific Islander (Non-Hispanic)",0,0.129934414057666
"3605556561",2022,"Monroe","Parma town","B03002_008","Other (Non-Hispanic)",0,0.129934414057666
"3605556561",2022,"Monroe","Parma town","B03002_009","Two or More Races (Non-Hispanic)",1.60252444004455,0.983781534931041
"3605557144",2022,"Monroe","Penfield town","B03002_003","White (Non-Hispanic)",89.7183350814807,1.89077535184826
"3605557144",2022,"Monroe","Penfield town","B03002_004","Black (Non-Hispanic)",1.06935454987337,0.401645956190907
"3605557144",2022,"Monroe","Penfield town","B03002_012","Hispanic or Latino (Any Race)",3.69157563508916,1.14353766418294
"3605557144",2022,"Monroe","Penfield town","B03002_006","Asian (Non-Hispanic)",2.66826984573665,1.02330196213208
"3605557144",2022,"Monroe","Penfield town","B03002_005","Native American (Non-Hispanic)",0.0767479342014377,0.0562817608446715
"3605557144",2022,"Monroe","Penfield town","B03002_007","Pacific Islander (Non-Hispanic)",0.010233057893525,0.0255826424821981
"3605557144",2022,"Monroe","Penfield town","B03002_008","Other (Non-Hispanic)",0.217452480237407,0.22256889231694
"3605557144",2022,"Monroe","Penfield town","B03002_009","Two or More Races (Non-Hispanic)",2.54803141548773,0.91585478195534
"3605557221",2022,"Monroe","Perinton town","B03002_003","White (Non-Hispanic)",88.819494431977,1.86221047910487
"3605557221",2022,"Monroe","Perinton town","B03002_004","Black (Non-Hispanic)",1.68734386247195,0.753693610767407
"3605557221",2022,"Monroe","Perinton town","B03002_012","Hispanic or Latino (Any Race)",3.83621967226997,1.30202592026089
"3605557221",2022,"Monroe","Perinton town","B03002_006","Asian (Non-Hispanic)",2.11500190540712,0.656305522841676
"3605557221",2022,"Monroe","Perinton town","B03002_005","Native American (Non-Hispanic)",0.0359910234153364,0.0465766129280023
"3605557221",2022,"Monroe","Perinton town","B03002_007","Pacific Islander (Non-Hispanic)",0.0211711902443155,0.0359910209034533
"3605557221",2022,"Monroe","Perinton town","B03002_008","Other (Non-Hispanic)",0.237117330736334,0.262522715831603
"3605557221",2022,"Monroe","Perinton town","B03002_009","Two or More Races (Non-Hispanic)",3.247660583478,1.0056294211397
"3605558365",2022,"Monroe","Pittsford town","B03002_003","White (Non-Hispanic)",81.6797900262467,2.1213768371745
"3605558365",2022,"Monroe","Pittsford town","B03002_004","Black (Non-Hispanic)",2.6246719160105,1.32545712457765
"3605558365",2022,"Monroe","Pittsford town","B03002_012","Hispanic or Latino (Any Race)",3.89107611548556,0.856291752029592
"3605558365",2022,"Monroe","Pittsford town","B03002_006","Asian (Non-Hispanic)",8.63188976377953,1.33855919022082
"3605558365",2022,"Monroe","Pittsford town","B03002_005","Native American (Non-Hispanic)",0.0492125984251968,0.068897622963114
"3605558365",2022,"Monroe","Pittsford town","B03002_007","Pacific Islander (Non-Hispanic)",0,0.0918635170603675
"3605558365",2022,"Monroe","Pittsford town","B03002_008","Other (Non-Hispanic)",0.377296587926509,0.308398755367028
"3605558365",2022,"Monroe","Pittsford town","B03002_009","Two or More Races (Non-Hispanic)",2.74606299212598,0.754588959223231
"3605561808",2022,"Monroe","Riga town","B03002_003","White (Non-Hispanic)",92.8123319591325,3.15844818817775
"3605561808",2022,"Monroe","Riga town","B03002_004","Black (Non-Hispanic)",1.73866284280337,1.09337152139973
"3605561808",2022,"Monroe","Riga town","B03002_012","Hispanic or Latino (Any Race)",2.58110772539882,1.98958644356983
"3605561808",2022,"Monroe","Riga town","B03002_006","Asian (Non-Hispanic)",0.914142319412081,0.932062012194077
"3605561808",2022,"Monroe","Riga town","B03002_005","Native American (Non-Hispanic)",0.0537730776124754,0.107546015286368
"3605561808",2022,"Monroe","Riga town","B03002_007","Pacific Islander (Non-Hispanic)",0,0.340562824879011
"3605561808",2022,"Monroe","Riga town","B03002_008","Other (Non-Hispanic)",0.430184620899803,0.64527543867073
"3605561808",2022,"Monroe","Riga town","B03002_009","Two or More Races (Non-Hispanic)",1.46979745474099,1.21884720088297
"3605563000",2022,"Monroe","Rochester city","B03002_003","White (Non-Hispanic)",36.2795745810268,1.06490697364866
"3605563000",2022,"Monroe","Rochester city","B03002_004","Black (Non-Hispanic)",35.7264730416319,1.04168388270073
"3605563000",2022,"Monroe","Rochester city","B03002_012","Hispanic or Latino (Any Race)",19.7035906574657,0.674404130428157
"3605563000",2022,"Monroe","Rochester city","B03002_006","Asian (Non-Hispanic)",3.45084173807538,0.446461080328785
"3605563000",2022,"Monroe","Rochester city","B03002_005","Native American (Non-Hispanic)",0.166830969894593,0.0511867474393334
"3605563000",2022,"Monroe","Rochester city","B03002_007","Pacific Islander (Non-Hispanic)",0.0113748388564495,0.0151664513784749
"3605563000",2022,"Monroe","Rochester city","B03002_008","Other (Non-Hispanic)",0.582012588155001,0.251194290090315
"3605563000",2022,"Monroe","Rochester city","B03002_009","Two or More Races (Non-Hispanic)",4.07930158489421,0.5194493592852
"3605564144",2022,"Monroe","Rush town","B03002_003","White (Non-Hispanic)",90.8543577981651,3.40322327329442
"3605564144",2022,"Monroe","Rush town","B03002_004","Black (Non-Hispanic)",1.8348623853211,1.26136247807157
"3605564144",2022,"Monroe","Rush town","B03002_012","Hispanic or Latino (Any Race)",1.14678899082569,0.831359543923995
"3605564144",2022,"Monroe","Rush town","B03002_006","Asian (Non-Hispanic)",2.15022935779817,1.89210532901477
"3605564144",2022,"Monroe","Rush town","B03002_005","Native American (Non-Hispanic)",0,0.372706422018349
"3605564144",2022,"Monroe","Rush town","B03002_007","Pacific Islander (Non-Hispanic)",0,0.372706422018349
"3605564144",2022,"Monroe","Rush town","B03002_008","Other (Non-Hispanic)",0,0.372706422018349
"3605564144",2022,"Monroe","Rush town","B03002_009","Two or More Races (Non-Hispanic)",4.01376146788991,2.49401094768389
"3605572455",2022,"Monroe","Sweden town","B03002_003","White (Non-Hispanic)",84.3360840210052,2.79473559567682
"3605572455",2022,"Monroe","Sweden town","B03002_004","Black (Non-Hispanic)",5.69392348087022,1.89795122929017
"3605572455",2022,"Monroe","Sweden town","B03002_012","Hispanic or Latino (Any Race)",4.31357839459865,1.33531485575339
"3605572455",2022,"Monroe","Sweden town","B03002_006","Asian (Non-Hispanic)",2.04801200300075,0.742677979807665
"3605572455",2022,"Monroe","Sweden town","B03002_005","Native American (Non-Hispanic)",0.240060015003751,0.330082282851783
"3605572455",2022,"Monroe","Sweden town","B03002_007","Pacific Islander (Non-Hispanic)",0,0.157539384846212
"3605572455",2022,"Monroe","Sweden town","B03002_008","Other (Non-Hispanic)",0.390097524381095,0.345085670983348
"3605572455",2022,"Monroe","Sweden town","B03002_009","Two or More Races (Non-Hispanic)",2.97824456114029,1.470359376075
"3605578971",2022,"Monroe","Webster town","B03002_003","White (Non-Hispanic)",87.9729341264401,2.12352758596444
"3605578971",2022,"Monroe","Webster town","B03002_004","Black (Non-Hispanic)",2.10070097074497,0.738559780410824
"3605578971",2022,"Monroe","Webster town","B03002_012","Hispanic or Latino (Any Race)",3.85644472945183,1.05034466621428
"3605578971",2022,"Monroe","Webster town","B03002_006","Asian (Non-Hispanic)",3.06702341728766,1.27589640174274
"3605578971",2022,"Monroe","Webster town","B03002_005","Native American (Non-Hispanic)",0.0353802268757048,0.042014007170259
"3605578971",2022,"Monroe","Webster town","B03002_007","Pacific Islander (Non-Hispanic)",0.00221126417973155,0.0110563207169014
"3605578971",2022,"Monroe","Webster town","B03002_008","Other (Non-Hispanic)",0.064126661212215,0.106140664704499
"3605578971",2022,"Monroe","Webster town","B03002_009","Two or More Races (Non-Hispanic)",2.9011786038078,0.928727230893925
"3605581402",2022,"Monroe","Wheatland town","B03002_003","White (Non-Hispanic)",90.067581404874,4.89548450799378
"3605581402",2022,"Monroe","Wheatland town","B03002_004","Black (Non-Hispanic)",2.31415113659635,1.69969835277216
"3605581402",2022,"Monroe","Wheatland town","B03002_012","Hispanic or Latino (Any Race)",3.35859103010444,2.43691421158671
"3605581402",2022,"Monroe","Wheatland town","B03002_006","Asian (Non-Hispanic)",0.491501126356748,0.675805383532501
"3605581402",2022,"Monroe","Wheatland town","B03002_005","Native American (Non-Hispanic)",0.0409584271963957,0.0614369788696581
"3605581402",2022,"Monroe","Wheatland town","B03002_007","Pacific Islander (Non-Hispanic)",0,0.266229776776572
"3605581402",2022,"Monroe","Wheatland town","B03002_008","Other (Non-Hispanic)",0,0.266229776776572
"3605581402",2022,"Monroe","Wheatland town","B03002_009","Two or More Races (Non-Hispanic)",3.72721687487201,2.49832926753608
"3606908378",2022,"Ontario","Bristol town","B03002_003","White (Non-Hispanic)",98.6640277090549,2.1764855793458
"3606908378",2022,"Ontario","Bristol town","B03002_004","Black (Non-Hispanic)",0,0.643245917862444
"3606908378",2022,"Ontario","Bristol town","B03002_012","Hispanic or Latino (Any Race)",0.148441365660564,0.196925784330676
"3606908378",2022,"Ontario","Bristol town","B03002_006","Asian (Non-Hispanic)",0,0.643245917862444
"3606908378",2022,"Ontario","Bristol town","B03002_005","Native American (Non-Hispanic)",0,0.643245917862444
"3606908378",2022,"Ontario","Bristol town","B03002_007","Pacific Islander (Non-Hispanic)",0,0.643245917862444
"3606908378",2022,"Ontario","Bristol town","B03002_008","Other (Non-Hispanic)",0,0.643245917862444
"3606908378",2022,"Ontario","Bristol town","B03002_009","Two or More Races (Non-Hispanic)",1.18753092528451,1.02690653106476
"3606912100",2022,"Ontario","Canadice town","B03002_003","White (Non-Hispanic)",91.9345057610673,3.92318469809875
"3606912100",2022,"Ontario","Canadice town","B03002_004","Black (Non-Hispanic)",0,0.7883565797453
"3606912100",2022,"Ontario","Canadice town","B03002_012","Hispanic or Latino (Any Race)",5.21528198908429,3.27047223054573
"3606912100",2022,"Ontario","Canadice town","B03002_006","Asian (Non-Hispanic)",0,0.7883565797453
"3606912100",2022,"Ontario","Canadice town","B03002_005","Native American (Non-Hispanic)",0,0.7883565797453
"3606912100",2022,"Ontario","Canadice town","B03002_007","Pacific Islander (Non-Hispanic)",0,0.7883565797453
"3606912100",2022,"Ontario","Canadice town","B03002_008","Other (Non-Hispanic)",0.727713765918739,1.14858651163571
"3606912100",2022,"Ontario","Canadice town","B03002_009","Two or More Races (Non-Hispanic)",2.12249848392965,1.61553244376754
"3606912144",2022,"Ontario","Canandaigua city","B03002_003","White (Non-Hispanic)",86.8585495171369,3.01181884758621
"3606912144",2022,"Ontario","Canandaigua city","B03002_004","Black (Non-Hispanic)",1.02253361105851,0.530188470948003
"3606912144",2022,"Ontario","Canandaigua city","B03002_012","Hispanic or Latino (Any Race)",7.42283658398031,2.38574614471373
"3606912144",2022,"Ontario","Canandaigua city","B03002_006","Asian (Non-Hispanic)",0.634349555008521,0.653280945355448
"3606912144",2022,"Ontario","Canandaigua city","B03002_005","Native American (Non-Hispanic)",0,0.198825979928044
"3606912144",2022,"Ontario","Canandaigua city","B03002_007","Pacific Islander (Non-Hispanic)",0,0.198825979928044
"3606912144",2022,"Ontario","Canandaigua city","B03002_008","Other (Non-Hispanic)",0.132550653285363,0.227229136852328
"3606912144",2022,"Ontario","Canandaigua city","B03002_009","Two or More Races (Non-Hispanic)",3.92918007953039,2.0355449288151
"3606912155",2022,"Ontario","Canandaigua town","B03002_003","White (Non-Hispanic)",93.8571170846112,1.815734107684
"3606912155",2022,"Ontario","Canandaigua town","B03002_004","Black (Non-Hispanic)",0.965181309760058,0.829874038982989
"3606912155",2022,"Ontario","Canandaigua town","B03002_012","Hispanic or Latino (Any Race)",2.47158578387155,1.10950022940737
"3606912155",2022,"Ontario","Canandaigua town","B03002_006","Asian (Non-Hispanic)",0.613386252931625,0.550242649104519
"3606912155",2022,"Ontario","Canandaigua town","B03002_005","Native American (Non-Hispanic)",0.0992242467977629,0.153346478602396
"3606912155",2022,"Ontario","Canandaigua town","B03002_007","Pacific Islander (Non-Hispanic)",0,0.189428107523002
"3606912155",2022,"Ontario","Canandaigua town","B03002_008","Other (Non-Hispanic)",0,0.189428107523002
"3606912155",2022,"Ontario","Canandaigua town","B03002_009","Two or More Races (Non-Hispanic)",1.99350532202778,1.08244148926784
"3606921699",2022,"Ontario","East Bloomfield town","B03002_003","White (Non-Hispanic)",97.2995315513916,1.44493112053059
"3606921699",2022,"Ontario","East Bloomfield town","B03002_004","Black (Non-Hispanic)",0.330669605952053,0.440881923277663
"3606921699",2022,"Ontario","East Bloomfield town","B03002_012","Hispanic or Latino (Any Race)",1.10223201984018,1.32263811014182
"3606921699",2022,"Ontario","East Bloomfield town","B03002_006","Asian (Non-Hispanic)",0.0551116009920088,0.137778034963376
"3606921699",2022,"Ontario","East Bloomfield town","B03002_005","Native American (Non-Hispanic)",0,0.358225406448057
"3606921699",2022,"Ontario","East Bloomfield town","B03002_007","Pacific Islander (Non-Hispanic)",0,0.358225406448057
"3606921699",2022,"Ontario","East Bloomfield town","B03002_008","Other (Non-Hispanic)",0,0.358225406448057
"3606921699",2022,"Ontario","East Bloomfield town","B03002_009","Two or More Races (Non-Hispanic)",1.21245522182419,0.991943777333372
"3606925406",2022,"Ontario","Farmington town","B03002_003","White (Non-Hispanic)",87.0899915895711,2.61321819553724
"3606925406",2022,"Ontario","Farmington town","B03002_004","Black (Non-Hispanic)",1.59097280627979,1.08633496107384
"3606925406",2022,"Ontario","Farmington town","B03002_012","Hispanic or Latino (Any Race)",5.04625735912532,1.50678068844288
"3606925406",2022,"Ontario","Farmington town","B03002_006","Asian (Non-Hispanic)",1.42276422764228,0.707862906625527
"3606925406",2022,"Ontario","Farmington town","B03002_005","Native American (Non-Hispanic)",0,0.147182506307822
"3606925406",2022,"Ontario","Farmington town","B03002_007","Pacific Islander (Non-Hispanic)",0,0.147182506307822
"3606925406",2022,"Ontario","Farmington town","B03002_008","Other (Non-Hispanic)",0,0.147182506307822
"3606925406",2022,"Ontario","Farmington town","B03002_009","Two or More Races (Non-Hispanic)",4.85001401738155,1.75911189154115
"3606928640",2022,"Ontario","Geneva city","B03002_003","White (Non-Hispanic)",70.9234411996843,3.06468249503719
"3606928640",2022,"Ontario","Geneva city","B03002_004","Black (Non-Hispanic)",6.03788476716654,1.8073506832966
"3606928640",2022,"Ontario","Geneva city","B03002_012","Hispanic or Latino (Any Race)",16.5114443567482,2.23320868807793
"3606928640",2022,"Ontario","Geneva city","B03002_006","Asian (Non-Hispanic)",2.8887134964483,1.34173107523017
"3606928640",2022,"Ontario","Geneva city","B03002_005","Native American (Non-Hispanic)",0.307813733228098,0.252563841971173
"3606928640",2022,"Ontario","Geneva city","B03002_007","Pacific Islander (Non-Hispanic)",0,0.165745856353591
"3606928640",2022,"Ontario","Geneva city","B03002_008","Other (Non-Hispanic)",0.205209155485399,0.29202792445768
"3606928640",2022,"Ontario","Geneva city","B03002_009","Two or More Races (Non-Hispanic)",3.12549329123915,1.31804905211329
"3606928651",2022,"Ontario","Geneva town","B03002_003","White (Non-Hispanic)",84.5687914623594,4.84754195497626
"3606928651",2022,"Ontario","Geneva town","B03002_004","Black (Non-Hispanic)",5.94173637150274,3.23025812702102
"3606928651",2022,"Ontario","Geneva town","B03002_012","Hispanic or Latino (Any Race)",4.90337467551197,3.37454481441602
"3606928651",2022,"Ontario","Geneva town","B03002_006","Asian (Non-Hispanic)",3.6342659359677,2.76887701947172
"3606928651",2022,"Ontario","Geneva town","B03002_005","Native American (Non-Hispanic)",0,0.374963945774445
"3606928651",2022,"Ontario","Geneva town","B03002_007","Pacific Islander (Non-Hispanic)",0,0.374963945774445
"3606928651",2022,"Ontario","Geneva town","B03002_008","Other (Non-Hispanic)",0,0.374963945774445
"3606928651",2022,"Ontario","Geneva town","B03002_009","Two or More Races (Non-Hispanic)",0.951831554658206,1.12487706280968
"3606929531",2022,"Ontario","Gorham town","B03002_003","White (Non-Hispanic)",94.3850267379679,2.79013577889532
"3606929531",2022,"Ontario","Gorham town","B03002_004","Black (Non-Hispanic)",0.340301409820126,0.41321837169397
"3606929531",2022,"Ontario","Gorham town","B03002_012","Hispanic or Latino (Any Race)",1.50704910063199,1.45840811413563
"3606929531",2022,"Ontario","Gorham town","B03002_006","Asian (Non-Hispanic)",1.77442877977637,1.43409001063381
"3606929531",2022,"Ontario","Gorham town","B03002_005","Native American (Non-Hispanic)",0,0.315994166261546
"3606929531",2022,"Ontario","Gorham town","B03002_007","Pacific Islander (Non-Hispanic)",0,0.315994166261546
"3606929531",2022,"Ontario","Gorham town","B03002_008","Other (Non-Hispanic)",0,0.315994166261546
"3606929531",2022,"Ontario","Gorham town","B03002_009","Two or More Races (Non-Hispanic)",1.9931939718036,1.45838825996681
"3606935551",2022,"Ontario","Hopewell town","B03002_003","White (Non-Hispanic)",91.4475363798826,2.80587074009514
"3606935551",2022,"Ontario","Hopewell town","B03002_004","Black (Non-Hispanic)",3.11462854225172,1.58278629105581
"3606935551",2022,"Ontario","Hopewell town","B03002_012","Hispanic or Latino (Any Race)",3.77840183814143,2.06784409330844
"3606935551",2022,"Ontario","Hopewell town","B03002_006","Asian (Non-Hispanic)",0,0.331886647944856
"3606935551",2022,"Ontario","Hopewell town","B03002_005","Native American (Non-Hispanic)",0,0.331886647944856
"3606935551",2022,"Ontario","Hopewell town","B03002_007","Pacific Islander (Non-Hispanic)",0,0.331886647944856
"3606935551",2022,"Ontario","Hopewell town","B03002_008","Other (Non-Hispanic)",0.459535358692877,0.689300152750532
"3606935551",2022,"Ontario","Hopewell town","B03002_009","Two or More Races (Non-Hispanic)",1.1998978810314,0.842465395860008
"3606944864",2022,"Ontario","Manchester town","B03002_003","White (Non-Hispanic)",87.1287128712871,4.16877196003622
"3606944864",2022,"Ontario","Manchester town","B03002_004","Black (Non-Hispanic)",0.404556584690727,0.25550782105146
"3606944864",2022,"Ontario","Manchester town","B03002_012","Hispanic or Latino (Any Race)",4.76950920898541,1.85241261820283
"3606944864",2022,"Ontario","Manchester town","B03002_006","Asian (Non-Hispanic)",0.436495262429469,0.521664156949576
"3606944864",2022,"Ontario","Manchester town","B03002_005","Native American (Non-Hispanic)",0.223570744171191,0.202277674782349
"3606944864",2022,"Ontario","Manchester town","B03002_007","Pacific Islander (Non-Hispanic)",0,0.202278292345364
"3606944864",2022,"Ontario","Manchester town","B03002_008","Other (Non-Hispanic)",2.34216970084105,2.48056511075873
"3606944864",2022,"Ontario","Manchester town","B03002_009","Two or More Races (Non-Hispanic)",4.69498562759502,3.59840904920511
"3606949440",2022,"Ontario","Naples town","B03002_003","White (Non-Hispanic)",97.7614820532613,1.56586691988504
"3606949440",2022,"Ontario","Naples town","B03002_004","Black (Non-Hispanic)",0,0.501736781165573
"3606949440",2022,"Ontario","Naples town","B03002_012","Hispanic or Latino (Any Race)",0.4245465071401,0.461426940263419
"3606949440",2022,"Ontario","Naples town","B03002_006","Asian (Non-Hispanic)",0.810497877267464,0.651699238286289
"3606949440",2022,"Ontario","Naples town","B03002_005","Native American (Non-Hispanic)",0,0.501736781165573
"3606949440",2022,"Ontario","Naples town","B03002_007","Pacific Islander (Non-Hispanic)",0,0.501736781165573
"3606949440",2022,"Ontario","Naples town","B03002_008","Other (Non-Hispanic)",0,0.501736781165573
"3606949440",2022,"Ontario","Naples town","B03002_009","Two or More Races (Non-Hispanic)",1.00347356233115,0.843861295953294
"3606957529",2022,"Ontario","Phelps town","B03002_003","White (Non-Hispanic)",87.5880677559586,4.40992655739315
"3606957529",2022,"Ontario","Phelps town","B03002_004","Black (Non-Hispanic)",1.18423025033728,1.03431816596562
"3606957529",2022,"Ontario","Phelps town","B03002_012","Hispanic or Latino (Any Race)",7.2702743216909,4.00230570371345
"3606957529",2022,"Ontario","Phelps town","B03002_006","Asian (Non-Hispanic)",0.0449707690001499,0.104931658994999
"3606957529",2022,"Ontario","Phelps town","B03002_005","Native American (Non-Hispanic)",0,0.284814870334283
"3606957529",2022,"Ontario","Phelps town","B03002_007","Pacific Islander (Non-Hispanic)",0,0.284814870334283
"3606957529",2022,"Ontario","Phelps town","B03002_008","Other (Non-Hispanic)",0,0.284814870334283
"3606957529",2022,"Ontario","Phelps town","B03002_009","Two or More Races (Non-Hispanic)",3.91245690301304,1.55891770863875
"3606961544",2022,"Ontario","Richmond town","B03002_003","White (Non-Hispanic)",92.4292101341282,5.25487840439503
"3606961544",2022,"Ontario","Richmond town","B03002_004","Black (Non-Hispanic)",5.30551415797317,5.21602610206616
"3606961544",2022,"Ontario","Richmond town","B03002_012","Hispanic or Latino (Any Race)",0,0.387481371087928
"3606961544",2022,"Ontario","Richmond town","B03002_006","Asian (Non-Hispanic)",0,0.387481371087928
"3606961544",2022,"Ontario","Richmond town","B03002_005","Native American (Non-Hispanic)",0,0.387481371087928
"3606961544",2022,"Ontario","Richmond town","B03002_007","Pacific Islander (Non-Hispanic)",0,0.387481371087928
"3606961544",2022,"Ontario","Richmond town","B03002_008","Other (Non-Hispanic)",0.804769001490313,1.04321110613268
"3606961544",2022,"Ontario","Richmond town","B03002_009","Two or More Races (Non-Hispanic)",1.46050670640835,1.31145452970529
"3606966289",2022,"Ontario","Seneca town","B03002_003","White (Non-Hispanic)",92.9950776221128,5.68229171495513
"3606966289",2022,"Ontario","Seneca town","B03002_004","Black (Non-Hispanic)",1.06020446800454,1.13591037545483
"3606966289",2022,"Ontario","Seneca town","B03002_012","Hispanic or Latino (Any Race)",4.99810677773571,5.64169950444726
"3606966289",2022,"Ontario","Seneca town","B03002_006","Asian (Non-Hispanic)",0.227186671715259,0.378641286835315
"3606966289",2022,"Ontario","Seneca town","B03002_005","Native American (Non-Hispanic)",0.189322226429383,0.30291281400179
"3606966289",2022,"Ontario","Seneca town","B03002_007","Pacific Islander (Non-Hispanic)",0,0.492237788716395
"3606966289",2022,"Ontario","Seneca town","B03002_008","Other (Non-Hispanic)",0,0.492237788716395
"3606966289",2022,"Ontario","Seneca town","B03002_009","Two or More Races (Non-Hispanic)",0.530102234002272,0.53008992159734
"3606968660",2022,"Ontario","South Bristol town","B03002_003","White (Non-Hispanic)",95.4361640670133,1.67603839265278
"3606968660",2022,"Ontario","South Bristol town","B03002_004","Black (Non-Hispanic)",0.693240901213172,0.458187073556556
"3606968660",2022,"Ontario","South Bristol town","B03002_012","Hispanic or Latino (Any Race)",1.09763142692086,1.15142723106705
"3606968660",2022,"Ontario","South Bristol town","B03002_006","Asian (Non-Hispanic)",0.346620450606586,0.461170428690447
"3606968660",2022,"Ontario","South Bristol town","B03002_005","Native American (Non-Hispanic)",0,0.751010976314269
"3606968660",2022,"Ontario","South Bristol town","B03002_007","Pacific Islander (Non-Hispanic)",0,0.751010976314269
"3606968660",2022,"Ontario","South Bristol town","B03002_008","Other (Non-Hispanic)",0.346620450606586,0.461170428690447
"3606968660",2022,"Ontario","South Bristol town","B03002_009","Two or More Races (Non-Hispanic)",2.07972270363951,1.72358062775644
"3606977387",2022,"Ontario","Victor town","B03002_003","White (Non-Hispanic)",90.2645904544879,2.33869295038886
"3606977387",2022,"Ontario","Victor town","B03002_004","Black (Non-Hispanic)",1.46854032155969,1.03810407499757
"3606977387",2022,"Ontario","Victor town","B03002_012","Hispanic or Latino (Any Race)",2.17749082162299,1.08241124815899
"3606977387",2022,"Ontario","Victor town","B03002_006","Asian (Non-Hispanic)",3.77262944676541,1.54449036833015
"3606977387",2022,"Ontario","Victor town","B03002_005","Native American (Non-Hispanic)",0,0.132928218761869
"3606977387",2022,"Ontario","Victor town","B03002_007","Pacific Islander (Non-Hispanic)",0,0.132928218761869
"3606977387",2022,"Ontario","Victor town","B03002_008","Other (Non-Hispanic)",0.519053044689201,0.759589477577847
"3606977387",2022,"Ontario","Victor town","B03002_009","Two or More Races (Non-Hispanic)",1.79769591087479,1.04443300427332
"3606979356",2022,"Ontario","West Bloomfield town","B03002_003","White (Non-Hispanic)",95.8899082568807,2.53676106144182
"3606979356",2022,"Ontario","West Bloomfield town","B03002_004","Black (Non-Hispanic)",0,0.477064220183486
"3606979356",2022,"Ontario","West Bloomfield town","B03002_012","Hispanic or Latino (Any Race)",1.24770642201835,1.4678584154351
"3606979356",2022,"Ontario","West Bloomfield town","B03002_006","Asian (Non-Hispanic)",0.36697247706422,0.513753684221467
"3606979356",2022,"Ontario","West Bloomfield town","B03002_005","Native American (Non-Hispanic)",0.036697247706422,0.0733939505581581
"3606979356",2022,"Ontario","West Bloomfield town","B03002_007","Pacific Islander (Non-Hispanic)",0,0.477064220183486
"3606979356",2022,"Ontario","West Bloomfield town","B03002_008","Other (Non-Hispanic)",0,0.477064220183486
"3606979356",2022,"Ontario","West Bloomfield town","B03002_009","Two or More Races (Non-Hispanic)",2.45871559633028,1.90816280750719
"3607300000",2022,"Orleans","County subdivisions not defined","B03002_003","White (Non-Hispanic)",0,0
"3607300000",2022,"Orleans","County subdivisions not defined","B03002_004","Black (Non-Hispanic)",0,0
"3607300000",2022,"Orleans","County subdivisions not defined","B03002_012","Hispanic or Latino (Any Race)",0,0
"3607300000",2022,"Orleans","County subdivisions not defined","B03002_006","Asian (Non-Hispanic)",0,0
"3607300000",2022,"Orleans","County subdivisions not defined","B03002_005","Native American (Non-Hispanic)",0,0
"3607300000",2022,"Orleans","County subdivisions not defined","B03002_007","Pacific Islander (Non-Hispanic)",0,0
"3607300000",2022,"Orleans","County subdivisions not defined","B03002_008","Other (Non-Hispanic)",0,0
"3607300000",2022,"Orleans","County subdivisions not defined","B03002_009","Two or More Races (Non-Hispanic)",0,0
"3607301044",2022,"Orleans","Albion town","B03002_003","White (Non-Hispanic)",73.2306411323897,6.16945760249551
"3607301044",2022,"Orleans","Albion town","B03002_004","Black (Non-Hispanic)",17.4021648626145,4.51106376988953
"3607301044",2022,"Orleans","Albion town","B03002_012","Hispanic or Latino (Any Race)",5.9533721898418,3.32629080398175
"3607301044",2022,"Orleans","Albion town","B03002_006","Asian (Non-Hispanic)",0.249791840133222,0.249691723298055
"3607301044",2022,"Orleans","Albion town","B03002_005","Native American (Non-Hispanic)",0,0.263669164585068
"3607301044",2022,"Orleans","Albion town","B03002_007","Pacific Islander (Non-Hispanic)",0,0.263669164585068
"3607301044",2022,"Orleans","Albion town","B03002_008","Other (Non-Hispanic)",0.360810435747988,0.291244749434754
"3607301044",2022,"Orleans","Albion town","B03002_009","Two or More Races (Non-Hispanic)",2.80321953927283,2.06619790788873
"3607304572",2022,"Orleans","Barre town","B03002_003","White (Non-Hispanic)",95.2266152362584,2.32367935432809
"3607304572",2022,"Orleans","Barre town","B03002_004","Black (Non-Hispanic)",0.819672131147541,0.960877273365896
"3607304572",2022,"Orleans","Barre town","B03002_012","Hispanic or Latino (Any Race)",2.16972034715526,2.15899118485432
"3607304572",2022,"Orleans","Barre town","B03002_006","Asian (Non-Hispanic)",0,0.626808100289296
"3607304572",2022,"Orleans","Barre town","B03002_005","Native American (Non-Hispanic)",0.433944069431051,0.528621843521785
"3607304572",2022,"Orleans","Barre town","B03002_007","Pacific Islander (Non-Hispanic)",0,0.626808100289296
"3607304572",2022,"Orleans","Barre town","B03002_008","Other (Non-Hispanic)",0,0.626808100289296
"3607304572",2022,"Orleans","Barre town","B03002_009","Two or More Races (Non-Hispanic)",1.35004821600771,1.05224241364755
"3607312496",2022,"Orleans","Carlton town","B03002_003","White (Non-Hispanic)",88.5673959068454,3.98794890776395
"3607312496",2022,"Orleans","Carlton town","B03002_004","Black (Non-Hispanic)",5.36344389555399,3.21068791149741
"3607312496",2022,"Orleans","Carlton town","B03002_012","Hispanic or Latino (Any Race)",1.79957657021877,2.04652053306102
"3607312496",2022,"Orleans","Carlton town","B03002_006","Asian (Non-Hispanic)",0,0.458715596330275
"3607312496",2022,"Orleans","Carlton town","B03002_005","Native American (Non-Hispanic)",1.79957657021877,1.58778854367447
"3607312496",2022,"Orleans","Carlton town","B03002_007","Pacific Islander (Non-Hispanic)",0,0.458715596330275
"3607312496",2022,"Orleans","Carlton town","B03002_008","Other (Non-Hispanic)",0.564573041637262,0.987991254355202
"3607312496",2022,"Orleans","Carlton town","B03002_009","Two or More Races (Non-Hispanic)",1.90543401552576,1.48191638383545
"3607315880",2022,"Orleans","Clarendon town","B03002_003","White (Non-Hispanic)",96,2.61094206869183
"3607315880",2022,"Orleans","Clarendon town","B03002_004","Black (Non-Hispanic)",0.390977443609023,0.6315764844738
"3607315880",2022,"Orleans","Clarendon town","B03002_012","Hispanic or Latino (Any Race)",0.571428571428571,0.962402562522578
"3607315880",2022,"Orleans","Clarendon town","B03002_006","Asian (Non-Hispanic)",0.661654135338346,0.932326048889341
"3607315880",2022,"Orleans","Clarendon town","B03002_005","Native American (Non-Hispanic)",0,0.390977443609023
"3607315880",2022,"Orleans","Clarendon town","B03002_007","Pacific Islander (Non-Hispanic)",0,0.390977443609023
"3607315880",2022,"Orleans","Clarendon town","B03002_008","Other (Non-Hispanic)",0,0.390977443609023
"3607315880",2022,"Orleans","Clarendon town","B03002_009","Two or More Races (Non-Hispanic)",2.37593984962406,1.92478218620454
"3607327958",2022,"Orleans","Gaines town","B03002_003","White (Non-Hispanic)",93.3889403768922,3.83041369504631
"3607327958",2022,"Orleans","Gaines town","B03002_004","Black (Non-Hispanic)",3.21285140562249,3.3054439788233
"3607327958",2022,"Orleans","Gaines town","B03002_012","Hispanic or Latino (Any Race)",1.76088971269694,1.57547880654966
"3607327958",2022,"Orleans","Gaines town","B03002_006","Asian (Non-Hispanic)",1.20481927710843,1.23567979122374
"3607327958",2022,"Orleans","Gaines town","B03002_005","Native American (Non-Hispanic)",0,0.401606425702811
"3607327958",2022,"Orleans","Gaines town","B03002_007","Pacific Islander (Non-Hispanic)",0,0.401606425702811
"3607327958",2022,"Orleans","Gaines town","B03002_008","Other (Non-Hispanic)",0,0.401606425702811
"3607327958",2022,"Orleans","Gaines town","B03002_009","Two or More Races (Non-Hispanic)",0.432499227679951,0.864992511563541
"3607339188",2022,"Orleans","Kendall town","B03002_003","White (Non-Hispanic)",83.2508564902931,7.39580731160877
"3607339188",2022,"Orleans","Kendall town","B03002_004","Black (Non-Hispanic)",0,0.49486105824134
"3607339188",2022,"Orleans","Kendall town","B03002_012","Hispanic or Latino (Any Race)",14.5793681004949,7.34594488046603
"3607339188",2022,"Orleans","Kendall town","B03002_006","Asian (Non-Hispanic)",0.0380662352493338,0.114198338017866
"3607339188",2022,"Orleans","Kendall town","B03002_005","Native American (Non-Hispanic)",0.456794822992006,0.685183408922127
"3607339188",2022,"Orleans","Kendall town","B03002_007","Pacific Islander (Non-Hispanic)",0,0.49486105824134
"3607339188",2022,"Orleans","Kendall town","B03002_008","Other (Non-Hispanic)",0,0.49486105824134
"3607339188",2022,"Orleans","Kendall town","B03002_009","Two or More Races (Non-Hispanic)",1.67491435097069,1.90326904652359
"3607349286",2022,"Orleans","Murray town","B03002_003","White (Non-Hispanic)",87.1276817329723,3.99002195497953
"3607349286",2022,"Orleans","Murray town","B03002_004","Black (Non-Hispanic)",2.5203082691106,1.91621502497629
"3607349286",2022,"Orleans","Murray town","B03002_012","Hispanic or Latino (Any Race)",4.64486565298896,3.47834390643331
"3607349286",2022,"Orleans","Murray town","B03002_006","Asian (Non-Hispanic)",0.395750885232243,0.541549269560811
"3607349286",2022,"Orleans","Murray town","B03002_005","Native American (Non-Hispanic)",0.104144969797959,0.166630922348755
"3607349286",2022,"Orleans","Murray town","B03002_007","Pacific Islander (Non-Hispanic)",0,0.270776921474693
"3607349286",2022,"Orleans","Murray town","B03002_008","Other (Non-Hispanic)",0,0.270776921474693
"3607349286",2022,"Orleans","Murray town","B03002_009","Two or More Races (Non-Hispanic)",5.20724848989794,2.27017146680339
"3607361742",2022,"Orleans","Ridgeway town","B03002_003","White (Non-Hispanic)",82.2546338498937,5.17210720025183
"3607361742",2022,"Orleans","Ridgeway town","B03002_004","Black (Non-Hispanic)",5.42388331814038,3.29681093243286
"3607361742",2022,"Orleans","Ridgeway town","B03002_012","Hispanic or Latino (Any Race)",6.0619872379216,4.25396870574541
"3607361742",2022,"Orleans","Ridgeway town","B03002_006","Asian (Non-Hispanic)",1.36736554238833,1.00272233562554
"3607361742",2022,"Orleans","Ridgeway town","B03002_005","Native American (Non-Hispanic)",0,0.288666058948648
"3607361742",2022,"Orleans","Ridgeway town","B03002_007","Pacific Islander (Non-Hispanic)",0,0.288666058948648
"3607361742",2022,"Orleans","Ridgeway town","B03002_008","Other (Non-Hispanic)",0,0.288666058948648
"3607361742",2022,"Orleans","Ridgeway town","B03002_009","Two or More Races (Non-Hispanic)",4.89213005165603,2.33964637139206
"3607366751",2022,"Orleans","Shelby town","B03002_003","White (Non-Hispanic)",85.1919934640523,5.55898599160348
"3607366751",2022,"Orleans","Shelby town","B03002_004","Black (Non-Hispanic)",1.94035947712418,1.40927889743048
"3607366751",2022,"Orleans","Shelby town","B03002_012","Hispanic or Latino (Any Race)",8.35375816993464,5.04475430419616
"3607366751",2022,"Orleans","Shelby town","B03002_006","Asian (Non-Hispanic)",1.65441176470588,1.71566547662453
"3607366751",2022,"Orleans","Shelby town","B03002_005","Native American (Non-Hispanic)",0.755718954248366,0.633158175608275
"3607366751",2022,"Orleans","Shelby town","B03002_007","Pacific Islander (Non-Hispanic)",0,0.265522875816993
"3607366751",2022,"Orleans","Shelby town","B03002_008","Other (Non-Hispanic)",0,0.265522875816993
"3607366751",2022,"Orleans","Shelby town","B03002_009","Two or More Races (Non-Hispanic)",2.10375816993464,1.40927278458306
"3607383448",2022,"Orleans","Yates town","B03002_003","White (Non-Hispanic)",91.8550272798129,4.39856655743203
"3607383448",2022,"Orleans","Yates town","B03002_004","Black (Non-Hispanic)",0.935307872174591,1.16910211143655
"3607383448",2022,"Orleans","Yates town","B03002_012","Hispanic or Latino (Any Race)",4.16991426344505,3.70205489042073
"3607383448",2022,"Orleans","Yates town","B03002_006","Asian (Non-Hispanic)",0,0.506625097427903
"3607383448",2022,"Orleans","Yates town","B03002_005","Native American (Non-Hispanic)",0.311769290724864,0.467644844797932
"3607383448",2022,"Orleans","Yates town","B03002_007","Pacific Islander (Non-Hispanic)",0,0.506625097427903
"3607383448",2022,"Orleans","Yates town","B03002_008","Other (Non-Hispanic)",0.428682774746687,0.584553669505889
"3607383448",2022,"Orleans","Yates town","B03002_009","Two or More Races (Non-Hispanic)",2.29929851909587,1.94843938915134
"3609918663",2022,"Seneca","Covert town","B03002_003","White (Non-Hispanic)",89.3434343434344,4.04133702102992
"3609918663",2022,"Seneca","Covert town","B03002_004","Black (Non-Hispanic)",0.757575757575758,1.30941563661918
"3609918663",2022,"Seneca","Covert town","B03002_012","Hispanic or Latino (Any Race)",4.6969696969697,3.84042664587124
"3609918663",2022,"Seneca","Covert town","B03002_006","Asian (Non-Hispanic)",1.46464646464646,1.09459809552795
"3609918663",2022,"Seneca","Covert town","B03002_005","Native American (Non-Hispanic)",0.252525252525253,0.301238507367422
"3609918663",2022,"Seneca","Covert town","B03002_007","Pacific Islander (Non-Hispanic)",0.101010101010101,0.201590986472346
"3609918663",2022,"Seneca","Covert town","B03002_008","Other (Non-Hispanic)",0.404040404040404,0.654451436107568
"3609918663",2022,"Seneca","Covert town","B03002_009","Two or More Races (Non-Hispanic)",2.97979797979798,1.46455635367426
"3609925505",2022,"Seneca","Fayette town","B03002_003","White (Non-Hispanic)",97.6438356164384,2.02541563219021
"3609925505",2022,"Seneca","Fayette town","B03002_004","Black (Non-Hispanic)",0.383561643835616,0.356132989442767
"3609925505",2022,"Seneca","Fayette town","B03002_012","Hispanic or Latino (Any Race)",1.42465753424658,1.8629308998642
"3609925505",2022,"Seneca","Fayette town","B03002_006","Asian (Non-Hispanic)",0.164383561643836,0.219168712221023
"3609925505",2022,"Seneca","Fayette town","B03002_005","Native American (Non-Hispanic)",0,0.356164383561644
"3609925505",2022,"Seneca","Fayette town","B03002_007","Pacific Islander (Non-Hispanic)",0,0.356164383561644
"3609925505",2022,"Seneca","Fayette town","B03002_008","Other (Non-Hispanic)",0,0.356164383561644
"3609925505",2022,"Seneca","Fayette town","B03002_009","Two or More Races (Non-Hispanic)",0.383561643835616,0.547924799821577
"3609928640",2022,"Seneca","Geneva city","B03002_003","White (Non-Hispanic)",0,0
"3609928640",2022,"Seneca","Geneva city","B03002_004","Black (Non-Hispanic)",0,0
"3609928640",2022,"Seneca","Geneva city","B03002_012","Hispanic or Latino (Any Race)",0,0
"3609928640",2022,"Seneca","Geneva city","B03002_006","Asian (Non-Hispanic)",0,0
"3609928640",2022,"Seneca","Geneva city","B03002_005","Native American (Non-Hispanic)",0,0
"3609928640",2022,"Seneca","Geneva city","B03002_007","Pacific Islander (Non-Hispanic)",0,0
"3609928640",2022,"Seneca","Geneva city","B03002_008","Other (Non-Hispanic)",0,0
"3609928640",2022,"Seneca","Geneva city","B03002_009","Two or More Races (Non-Hispanic)",0,0
"3609938858",2022,"Seneca","Junius town","B03002_003","White (Non-Hispanic)",94.8961937716263,3.8911747086728
"3609938858",2022,"Seneca","Junius town","B03002_004","Black (Non-Hispanic)",0.259515570934256,0.344056491364825
"3609938858",2022,"Seneca","Junius town","B03002_012","Hispanic or Latino (Any Race)",2.94117647058824,2.82401167413747
"3609938858",2022,"Seneca","Junius town","B03002_006","Asian (Non-Hispanic)",0,1.12456747404844
"3609938858",2022,"Seneca","Junius town","B03002_005","Native American (Non-Hispanic)",0,1.12456747404844
"3609938858",2022,"Seneca","Junius town","B03002_007","Pacific Islander (Non-Hispanic)",0,1.12456747404844
"3609938858",2022,"Seneca","Junius town","B03002_008","Other (Non-Hispanic)",0.259515570934256,0.344056491364825
"3609938858",2022,"Seneca","Junius town","B03002_009","Two or More Races (Non-Hispanic)",1.64359861591695,1.10012793542044
"3609943225",2022,"Seneca","Lodi town","B03002_003","White (Non-Hispanic)",95.1693503609106,5.74574722640839
"3609943225",2022,"Seneca","Lodi town","B03002_004","Black (Non-Hispanic)",0.277623542476402,0.553356388449244
"3609943225",2022,"Seneca","Lodi town","B03002_012","Hispanic or Latino (Any Race)",2.10993892282066,1.74238865990984
"3609943225",2022,"Seneca","Lodi town","B03002_006","Asian (Non-Hispanic)",0,0.721821210438645
"3609943225",2022,"Seneca","Lodi town","B03002_005","Native American (Non-Hispanic)",0.444197667962243,0.494324397326499
"3609943225",2022,"Seneca","Lodi town","B03002_007","Pacific Islander (Non-Hispanic)",0,0.721821210438645
"3609943225",2022,"Seneca","Lodi town","B03002_008","Other (Non-Hispanic)",0,0.721821210438645
"3609943225",2022,"Seneca","Lodi town","B03002_009","Two or More Races (Non-Hispanic)",1.99888950583009,1.74594580552533
"3609955827",2022,"Seneca","Ovid town","B03002_003","White (Non-Hispanic)",86.2940548237807,2.47304793277376
"3609955827",2022,"Seneca","Ovid town","B03002_004","Black (Non-Hispanic)",8.25916696333215,1.7792909331676
"3609955827",2022,"Seneca","Ovid town","B03002_012","Hispanic or Latino (Any Race)",4.55678177287291,2.27822398176111
"3609955827",2022,"Seneca","Ovid town","B03002_006","Asian (Non-Hispanic)",0,0.462798148807405
"3609955827",2022,"Seneca","Ovid town","B03002_005","Native American (Non-Hispanic)",0,0.462798148807405
"3609955827",2022,"Seneca","Ovid town","B03002_007","Pacific Islander (Non-Hispanic)",0,0.462798148807405
"3609955827",2022,"Seneca","Ovid town","B03002_008","Other (Non-Hispanic)",0.355998576005696,0.676393863099446
"3609955827",2022,"Seneca","Ovid town","B03002_009","Two or More Races (Non-Hispanic)",0.533997864008544,0.427186067016168
"3609963440",2022,"Seneca","Romulus town","B03002_003","White (Non-Hispanic)",65.1868412647716,3.62376560338807
"3609963440",2022,"Seneca","Romulus town","B03002_004","Black (Non-Hispanic)",22.5487064835516,2.36028902196259
"3609963440",2022,"Seneca","Romulus town","B03002_012","Hispanic or Latino (Any Race)",5.84477802618972,2.20354025974049
"3609963440",2022,"Seneca","Romulus town","B03002_006","Asian (Non-Hispanic)",0.159693388693708,0.159691034772892
"3609963440",2022,"Seneca","Romulus town","B03002_005","Native American (Non-Hispanic)",0,0.415202810603641
"3609963440",2022,"Seneca","Romulus town","B03002_007","Pacific Islander (Non-Hispanic)",0.0958160332162248,0.127753651694015
"3609963440",2022,"Seneca","Romulus town","B03002_008","Other (Non-Hispanic)",0.638773554774832,0.57488573740897
"3609963440",2022,"Seneca","Romulus town","B03002_009","Two or More Races (Non-Hispanic)",5.5253912488023,2.71462183808049
"3609966333",2022,"Seneca","Seneca Falls town","B03002_003","White (Non-Hispanic)",89.5724597445863,2.06770456088137
"3609966333",2022,"Seneca","Seneca Falls town","B03002_004","Black (Non-Hispanic)",2.376457523598,1.21041445049731
"3609966333",2022,"Seneca","Seneca Falls town","B03002_012","Hispanic or Latino (Any Race)",2.35424764019989,1.02162650404668
"3609966333",2022,"Seneca","Seneca Falls town","B03002_006","Asian (Non-Hispanic)",1.69905607995558,0.832852653578373
"3609966333",2022,"Seneca","Seneca Falls town","B03002_005","Native American (Non-Hispanic)",0.377568017767907,0.488615921822044
"3609966333",2022,"Seneca","Seneca Falls town","B03002_007","Pacific Islander (Non-Hispanic)",0,0.210993892282066
"3609966333",2022,"Seneca","Seneca Falls town","B03002_008","Other (Non-Hispanic)",0.488617434758468,0.666294643841339
"3609966333",2022,"Seneca","Seneca Falls town","B03002_009","Two or More Races (Non-Hispanic)",3.13159355913381,1.6212901216814
"3609975902",2022,"Seneca","Tyre town","B03002_003","White (Non-Hispanic)",95.9296947271045,3.67908658080366
"3609975902",2022,"Seneca","Tyre town","B03002_004","Black (Non-Hispanic)",1.94264569842738,1.72659108270632
"3609975902",2022,"Seneca","Tyre town","B03002_012","Hispanic or Latino (Any Race)",0.740055504162812,0.729374044399269
"3609975902",2022,"Seneca","Tyre town","B03002_006","Asian (Non-Hispanic)",0,1.20259019426457
"3609975902",2022,"Seneca","Tyre town","B03002_005","Native American (Non-Hispanic)",0,1.20259019426457
"3609975902",2022,"Seneca","Tyre town","B03002_007","Pacific Islander (Non-Hispanic)",0,1.20259019426457
"3609975902",2022,"Seneca","Tyre town","B03002_008","Other (Non-Hispanic)",0,1.20259019426457
"3609975902",2022,"Seneca","Tyre town","B03002_009","Two or More Races (Non-Hispanic)",1.38760407030527,1.27361554379123
"3609976958",2022,"Seneca","Varick town","B03002_003","White (Non-Hispanic)",86.9358669833729,6.15773360809355
"3609976958",2022,"Seneca","Varick town","B03002_004","Black (Non-Hispanic)",3.50356294536817,2.58615041103757
"3609976958",2022,"Seneca","Varick town","B03002_012","Hispanic or Latino (Any Race)",7.06650831353919,4.99130424586213
"3609976958",2022,"Seneca","Varick town","B03002_006","Asian (Non-Hispanic)",0.118764845605701,0.237193986983609
"3609976958",2022,"Seneca","Varick town","B03002_005","Native American (Non-Hispanic)",0.0593824228028504,0.118596993491805
"3609976958",2022,"Seneca","Varick town","B03002_007","Pacific Islander (Non-Hispanic)",0,0.771971496437055
"3609976958",2022,"Seneca","Varick town","B03002_008","Other (Non-Hispanic)",0.415676959619952,0.592178158291539
"3609976958",2022,"Seneca","Varick town","B03002_009","Two or More Races (Non-Hispanic)",1.90023752969121,1.41079228255821
"3609978564",2022,"Seneca","Waterloo town","B03002_003","White (Non-Hispanic)",87.734566222464,2.4034565915964
"3609978564",2022,"Seneca","Waterloo town","B03002_004","Black (Non-Hispanic)",1.79494152841991,0.720672412957864
"3609978564",2022,"Seneca","Waterloo town","B03002_012","Hispanic or Latino (Any Race)",5.68398150666304,1.8492406609845
"3609978564",2022,"Seneca","Waterloo town","B03002_006","Asian (Non-Hispanic)",0.557519717160729,0.503124259684953
"3609978564",2022,"Seneca","Waterloo town","B03002_005","Native American (Non-Hispanic)",0.394343214577101,0.557518231791821
"3609978564",2022,"Seneca","Waterloo town","B03002_007","Pacific Islander (Non-Hispanic)",0,0.258362795757411
"3609978564",2022,"Seneca","Waterloo town","B03002_008","Other (Non-Hispanic)",0.258362795757411,0.407940385078198
"3609978564",2022,"Seneca","Waterloo town","B03002_009","Two or More Races (Non-Hispanic)",3.57628501495785,1.44134518594736
"3611700000",2022,"Wayne","County subdivisions not defined","B03002_003","White (Non-Hispanic)",0,0
"3611700000",2022,"Wayne","County subdivisions not defined","B03002_004","Black (Non-Hispanic)",0,0
"3611700000",2022,"Wayne","County subdivisions not defined","B03002_012","Hispanic or Latino (Any Race)",0,0
"3611700000",2022,"Wayne","County subdivisions not defined","B03002_006","Asian (Non-Hispanic)",0,0
"3611700000",2022,"Wayne","County subdivisions not defined","B03002_005","Native American (Non-Hispanic)",0,0
"3611700000",2022,"Wayne","County subdivisions not defined","B03002_007","Pacific Islander (Non-Hispanic)",0,0
"3611700000",2022,"Wayne","County subdivisions not defined","B03002_008","Other (Non-Hispanic)",0,0
"3611700000",2022,"Wayne","County subdivisions not defined","B03002_009","Two or More Races (Non-Hispanic)",0,0
"3611702440",2022,"Wayne","Arcadia town","B03002_003","White (Non-Hispanic)",80.1573999854259,3.27616846594591
"3611702440",2022,"Wayne","Arcadia town","B03002_004","Black (Non-Hispanic)",2.82008307221453,1.23878636366078
"3611702440",2022,"Wayne","Arcadia town","B03002_012","Hispanic or Latino (Any Race)",12.0090359250893,2.86372827579946
"3611702440",2022,"Wayne","Arcadia town","B03002_006","Asian (Non-Hispanic)",0.677694381694965,0.66311924978942
"3611702440",2022,"Wayne","Arcadia town","B03002_005","Native American (Non-Hispanic)",0,0.15302776360854
"3611702440",2022,"Wayne","Arcadia town","B03002_007","Pacific Islander (Non-Hispanic)",0,0.15302776360854
"3611702440",2022,"Wayne","Arcadia town","B03002_008","Other (Non-Hispanic)",0.138453690883918,0.211323915782061
"3611702440",2022,"Wayne","Arcadia town","B03002_009","Two or More Races (Non-Hispanic)",4.19733294469139,1.61041830590496
"3611711473",2022,"Wayne","Butler town","B03002_003","White (Non-Hispanic)",86.8174296745725,5.32980616403098
"3611711473",2022,"Wayne","Butler town","B03002_004","Black (Non-Hispanic)",0.110314396028682,0.219702035108092
"3611711473",2022,"Wayne","Butler town","B03002_012","Hispanic or Latino (Any Race)",3.30943188086045,3.30956008874818
"3611711473",2022,"Wayne","Butler town","B03002_006","Asian (Non-Hispanic)",0.386100386100386,0.602595486098108
"3611711473",2022,"Wayne","Butler town","B03002_005","Native American (Non-Hispanic)",0,0.717043574186431
"3611711473",2022,"Wayne","Butler town","B03002_007","Pacific Islander (Non-Hispanic)",0,0.717043574186431
"3611711473",2022,"Wayne","Butler town","B03002_008","Other (Non-Hispanic)",6.78433535576393,8.57009918024953
"3611711473",2022,"Wayne","Butler town","B03002_009","Two or More Races (Non-Hispanic)",2.59238830667402,2.09809470629595
"3611728013",2022,"Wayne","Galen town","B03002_003","White (Non-Hispanic)",94.2863646710676,2.5077042258595
"3611728013",2022,"Wayne","Galen town","B03002_004","Black (Non-Hispanic)",1.32028226724334,0.91047873252332
"3611728013",2022,"Wayne","Galen town","B03002_012","Hispanic or Latino (Any Race)",1.36580924197587,0.978769468648747
"3611728013",2022,"Wayne","Galen town","B03002_006","Asian (Non-Hispanic)",0,0.295925335761439
"3611728013",2022,"Wayne","Galen town","B03002_005","Native American (Non-Hispanic)",0.204871386296381,0.204864883923289
"3611728013",2022,"Wayne","Galen town","B03002_007","Pacific Islander (Non-Hispanic)",0,0.295925335761439
"3611728013",2022,"Wayne","Galen town","B03002_008","Other (Non-Hispanic)",0,0.295925335761439
"3611728013",2022,"Wayne","Galen town","B03002_009","Two or More Races (Non-Hispanic)",2.8226724334168,1.88923560609411
"3611737165",2022,"Wayne","Huron town","B03002_003","White (Non-Hispanic)",86.3900044622936,5.86415558446146
"3611737165",2022,"Wayne","Huron town","B03002_004","Black (Non-Hispanic)",5.97947344935297,3.45787383081062
"3611737165",2022,"Wayne","Huron town","B03002_012","Hispanic or Latino (Any Race)",6.33645693886658,5.0348454053741
"3611737165",2022,"Wayne","Huron town","B03002_006","Asian (Non-Hispanic)",0,0.580098170459616
"3611737165",2022,"Wayne","Huron town","B03002_005","Native American (Non-Hispanic)",0,0.580098170459616
"3611737165",2022,"Wayne","Huron town","B03002_007","Pacific Islander (Non-Hispanic)",0,0.580098170459616
"3611737165",2022,"Wayne","Huron town","B03002_008","Other (Non-Hispanic)",0.758589915216421,1.11217613287583
"3611737165",2022,"Wayne","Huron town","B03002_009","Two or More Races (Non-Hispanic)",0.535475234270415,0.486995828549453
"3611743973",2022,"Wayne","Lyons town","B03002_003","White (Non-Hispanic)",82.4341057845392,4.53780811651963
"3611743973",2022,"Wayne","Lyons town","B03002_004","Black (Non-Hispanic)",6.19140279497612,2.10497409183903
"3611743973",2022,"Wayne","Lyons town","B03002_012","Hispanic or Latino (Any Race)",7.39430390942862,3.59092762038817
"3611743973",2022,"Wayne","Lyons town","B03002_006","Asian (Non-Hispanic)",0,0.336104723155846
"3611743973",2022,"Wayne","Lyons town","B03002_005","Native American (Non-Hispanic)",0,0.336104723155846
"3611743973",2022,"Wayne","Lyons town","B03002_007","Pacific Islander (Non-Hispanic)",0,0.336104723155846
"3611743973",2022,"Wayne","Lyons town","B03002_008","Other (Non-Hispanic)",0.265345834070405,0.442242157528305
"3611743973",2022,"Wayne","Lyons town","B03002_009","Two or More Races (Non-Hispanic)",3.71484167698567,1.94582939172399
"3611744160",2022,"Wayne","Macedon town","B03002_003","White (Non-Hispanic)",87.8022452504318,4.35762898291245
"3611744160",2022,"Wayne","Macedon town","B03002_004","Black (Non-Hispanic)",0.38860103626943,0.561312100111369
"3611744160",2022,"Wayne","Macedon town","B03002_012","Hispanic or Latino (Any Race)",4.97625215889465,3.33547821392939
"3611744160",2022,"Wayne","Macedon town","B03002_006","Asian (Non-Hispanic)",1.94300518134715,1.36009838738471
"3611744160",2022,"Wayne","Macedon town","B03002_005","Native American (Non-Hispanic)",0,0.205094991364421
"3611744160",2022,"Wayne","Macedon town","B03002_007","Pacific Islander (Non-Hispanic)",0,0.205094991364421
"3611744160",2022,"Wayne","Macedon town","B03002_008","Other (Non-Hispanic)",0.593696027633851,0.62607838460719
"3611744160",2022,"Wayne","Macedon town","B03002_009","Two or More Races (Non-Hispanic)",4.29620034542314,3.04403000521242
"3611745645",2022,"Wayne","Marion town","B03002_003","White (Non-Hispanic)",91.1179173047473,4.93391557914543
"3611745645",2022,"Wayne","Marion town","B03002_004","Black (Non-Hispanic)",0.809450886020564,1.07197175328398
"3611745645",2022,"Wayne","Marion town","B03002_012","Hispanic or Latino (Any Race)",5.66615620214395,4.92229651184111
"3611745645",2022,"Wayne","Marion town","B03002_006","Asian (Non-Hispanic)",0,0.284401662655874
"3611745645",2022,"Wayne","Marion town","B03002_005","Native American (Non-Hispanic)",0,0.284401662655874
"3611745645",2022,"Wayne","Marion town","B03002_007","Pacific Islander (Non-Hispanic)",0,0.284401662655874
"3611745645",2022,"Wayne","Marion town","B03002_008","Other (Non-Hispanic)",0.568803325311748,0.809448437397508
"3611745645",2022,"Wayne","Marion town","B03002_009","Two or More Races (Non-Hispanic)",1.83767228177642,1.44387103600466
"3611755013",2022,"Wayne","Ontario town","B03002_003","White (Non-Hispanic)",92.6314784766632,1.80396656074111
"3611755013",2022,"Wayne","Ontario town","B03002_004","Black (Non-Hispanic)",1.19308962489262,0.811297420408392
"3611755013",2022,"Wayne","Ontario town","B03002_012","Hispanic or Latino (Any Race)",0.601317170945881,0.591771226542493
"3611755013",2022,"Wayne","Ontario town","B03002_006","Asian (Non-Hispanic)",0.515414717953613,0.544047888082468
"3611755013",2022,"Wayne","Ontario town","B03002_005","Native American (Non-Hispanic)",0.0381788679965639,0.0668129751691965
"3611755013",2022,"Wayne","Ontario town","B03002_007","Pacific Islander (Non-Hispanic)",0,0.20043905698196
"3611755013",2022,"Wayne","Ontario town","B03002_008","Other (Non-Hispanic)",0,0.20043905698196
"3611755013",2022,"Wayne","Ontario town","B03002_009","Two or More Races (Non-Hispanic)",5.02052114154815,1.37440240847373
"3611756198",2022,"Wayne","Palmyra town","B03002_003","White (Non-Hispanic)",93.1406967323791,3.0760610684674
"3611756198",2022,"Wayne","Palmyra town","B03002_004","Black (Non-Hispanic)",0.56710775047259,0.459083235217189
"3611756198",2022,"Wayne","Palmyra town","B03002_012","Hispanic or Latino (Any Race)",2.60599513907642,1.8633332720321
"3611756198",2022,"Wayne","Palmyra town","B03002_006","Asian (Non-Hispanic)",2.55198487712665,2.53846769438136
"3611756198",2022,"Wayne","Palmyra town","B03002_005","Native American (Non-Hispanic)",0,0.25654874426141
"3611756198",2022,"Wayne","Palmyra town","B03002_007","Pacific Islander (Non-Hispanic)",0,0.25654874426141
"3611756198",2022,"Wayne","Palmyra town","B03002_008","Other (Non-Hispanic)",0,0.25654874426141
"3611756198",2022,"Wayne","Palmyra town","B03002_009","Two or More Races (Non-Hispanic)",1.13421550094518,0.891161097556938
"3611763605",2022,"Wayne","Rose town","B03002_003","White (Non-Hispanic)",93.9309056956116,4.33050149348209
"3611763605",2022,"Wayne","Rose town","B03002_004","Black (Non-Hispanic)",0.560224089635854,1.49235853366379
"3611763605",2022,"Wayne","Rose town","B03002_012","Hispanic or Latino (Any Race)",3.03454715219421,2.30456799398082
"3611763605",2022,"Wayne","Rose town","B03002_006","Asian (Non-Hispanic)",1.72735760971055,1.8554226646366
"3611763605",2022,"Wayne","Rose town","B03002_005","Native American (Non-Hispanic)",0,0.606909430438842
"3611763605",2022,"Wayne","Rose town","B03002_007","Pacific Islander (Non-Hispanic)",0,0.606909430438842
"3611763605",2022,"Wayne","Rose town","B03002_008","Other (Non-Hispanic)",0,0.606909430438842
"3611763605",2022,"Wayne","Rose town","B03002_009","Two or More Races (Non-Hispanic)",0.746965452847806,0.788374228147813
"3611765343",2022,"Wayne","Savannah town","B03002_003","White (Non-Hispanic)",89.1854893908282,5.41358147128532
"3611765343",2022,"Wayne","Savannah town","B03002_004","Black (Non-Hispanic)",0.136892539356605,0.409954419838258
"3611765343",2022,"Wayne","Savannah town","B03002_012","Hispanic or Latino (Any Race)",2.87474332648871,2.20002788286637
"3611765343",2022,"Wayne","Savannah town","B03002_006","Asian (Non-Hispanic)",0.684462696783025,1.29476212514249
"3611765343",2022,"Wayne","Savannah town","B03002_005","Native American (Non-Hispanic)",0,0.889801505817933
"3611765343",2022,"Wayne","Savannah town","B03002_007","Pacific Islander (Non-Hispanic)",0,0.889801505817933
"3611765343",2022,"Wayne","Savannah town","B03002_008","Other (Non-Hispanic)",0.136892539356605,0.272699082667002
"3611765343",2022,"Wayne","Savannah town","B03002_009","Two or More Races (Non-Hispanic)",6.98151950718686,6.17327173656898
"3611768220",2022,"Wayne","Sodus town","B03002_003","White (Non-Hispanic)",83.2131310619249,3.49188843746458
"3611768220",2022,"Wayne","Sodus town","B03002_004","Black (Non-Hispanic)",6.78935588162149,2.4992412383221
"3611768220",2022,"Wayne","Sodus town","B03002_012","Hispanic or Latino (Any Race)",5.27232031832877,2.52416588251162
"3611768220",2022,"Wayne","Sodus town","B03002_006","Asian (Non-Hispanic)",0.124347177319075,0.198954906303801
"3611768220",2022,"Wayne","Sodus town","B03002_005","Native American (Non-Hispanic)",0.0870430241233524,0.111911956601358
"3611768220",2022,"Wayne","Sodus town","B03002_007","Pacific Islander (Non-Hispanic)",0.0373041531957225,0.0746081678139047
"3611768220",2022,"Wayne","Sodus town","B03002_008","Other (Non-Hispanic)",0.659040039791097,0.808252660113369
"3611768220",2022,"Wayne","Sodus town","B03002_009","Two or More Races (Non-Hispanic)",3.8174583436956,2.07654572172188
"3611778102",2022,"Wayne","Walworth town","B03002_003","White (Non-Hispanic)",93.7270567911898,1.42792729576815
"3611778102",2022,"Wayne","Walworth town","B03002_004","Black (Non-Hispanic)",1.29561649751674,0.906925841418794
"3611778102",2022,"Wayne","Walworth town","B03002_012","Hispanic or Latino (Any Race)",0.26992010364932,0.334700257358913
"3611778102",2022,"Wayne","Walworth town","B03002_006","Asian (Non-Hispanic)",2.09458000431872,1.02568320541025
"3611778102",2022,"Wayne","Walworth town","B03002_005","Native American (Non-Hispanic)",0,0.205139278773483
"3611778102",2022,"Wayne","Walworth town","B03002_007","Pacific Islander (Non-Hispanic)",0,0.205139278773483
"3611778102",2022,"Wayne","Walworth town","B03002_008","Other (Non-Hispanic)",0.161952062189592,0.259122987411169
"3611778102",2022,"Wayne","Walworth town","B03002_009","Two or More Races (Non-Hispanic)",2.45087454113582,1.04727231756945
"3611782040",2022,"Wayne","Williamson town","B03002_003","White (Non-Hispanic)",88.2001166861144,3.2999283463607
"3611782040",2022,"Wayne","Williamson town","B03002_004","Black (Non-Hispanic)",1.72112018669778,1.57525372235471
"3611782040",2022,"Wayne","Williamson town","B03002_012","Hispanic or Latino (Any Race)",5.39673278879813,2.77124591553353
"3611782040",2022,"Wayne","Williamson town","B03002_006","Asian (Non-Hispanic)",0.0875145857642941,0.145857396620854
"3611782040",2022,"Wayne","Williamson town","B03002_005","Native American (Non-Hispanic)",0.043757292882147,0.116686037377545
"3611782040",2022,"Wayne","Williamson town","B03002_007","Pacific Islander (Non-Hispanic)",0,0.277129521586931
"3611782040",2022,"Wayne","Williamson town","B03002_008","Other (Non-Hispanic)",0,0.277129521586931
"3611782040",2022,"Wayne","Williamson town","B03002_009","Two or More Races (Non-Hispanic)",4.55075845974329,2.12947596673469
"3611782689",2022,"Wayne","Wolcott town","B03002_003","White (Non-Hispanic)",90.9701492537313,3.78160607900563
"3611782689",2022,"Wayne","Wolcott town","B03002_004","Black (Non-Hispanic)",2.28855721393035,1.69150770495489
"3611782689",2022,"Wayne","Wolcott town","B03002_012","Hispanic or Latino (Any Race)",3.28358208955224,2.06461828920199
"3611782689",2022,"Wayne","Wolcott town","B03002_006","Asian (Non-Hispanic)",0,0.323383084577114
"3611782689",2022,"Wayne","Wolcott town","B03002_005","Native American (Non-Hispanic)",0.323383084577114,0.497510090034286
"3611782689",2022,"Wayne","Wolcott town","B03002_007","Pacific Islander (Non-Hispanic)",0,0.323383084577114
"3611782689",2022,"Wayne","Wolcott town","B03002_008","Other (Non-Hispanic)",0,0.323383084577114
"3611782689",2022,"Wayne","Wolcott town","B03002_009","Two or More Races (Non-Hispanic)",3.13432835820895,2.13925219091082
"3612304594",2022,"Yates","Barrington town","B03002_003","White (Non-Hispanic)",96.7384973791497,1.67138863603213
"3612304594",2022,"Yates","Barrington town","B03002_004","Black (Non-Hispanic)",0.5824111822947,0.929026323551793
"3612304594",2022,"Yates","Barrington town","B03002_012","Hispanic or Latino (Any Race)",0,0.75713453698311
"3612304594",2022,"Yates","Barrington town","B03002_006","Asian (Non-Hispanic)",0,0.75713453698311
"3612304594",2022,"Yates","Barrington town","B03002_005","Native American (Non-Hispanic)",0,0.75713453698311
"3612304594",2022,"Yates","Barrington town","B03002_007","Pacific Islander (Non-Hispanic)",0,0.75713453698311
"3612304594",2022,"Yates","Barrington town","B03002_008","Other (Non-Hispanic)",0,0.75713453698311
"3612304594",2022,"Yates","Barrington town","B03002_009","Two or More Races (Non-Hispanic)",2.67909143855562,2.95146874294993
"3612306002",2022,"Yates","Benton town","B03002_003","White (Non-Hispanic)",96.0162052667117,2.99573659653792
"3612306002",2022,"Yates","Benton town","B03002_004","Black (Non-Hispanic)",0,0.438892640108035
"3612306002",2022,"Yates","Benton town","B03002_012","Hispanic or Latino (Any Race)",2.66711681296421,2.7345140795748
"3612306002",2022,"Yates","Benton town","B03002_006","Asian (Non-Hispanic)",0.101282916948008,0.270085958136418
"3612306002",2022,"Yates","Benton town","B03002_005","Native American (Non-Hispanic)",0,0.438892640108035
"3612306002",2022,"Yates","Benton town","B03002_007","Pacific Islander (Non-Hispanic)",0,0.438892640108035
"3612306002",2022,"Yates","Benton town","B03002_008","Other (Non-Hispanic)",0.911546252532073,1.08031425067743
"3612306002",2022,"Yates","Benton town","B03002_009","Two or More Races (Non-Hispanic)",0.303848750844024,0.844019065173635
"3612338044",2022,"Yates","Italy town","B03002_003","White (Non-Hispanic)",94.0376569037657,4.1388537121294
"3612338044",2022,"Yates","Italy town","B03002_004","Black (Non-Hispanic)",0,1.35983263598326
"3612338044",2022,"Yates","Italy town","B03002_012","Hispanic or Latino (Any Race)",0.523012552301255,1.14649938932753
"3612338044",2022,"Yates","Italy town","B03002_006","Asian (Non-Hispanic)",0,1.35983263598326
"3612338044",2022,"Yates","Italy town","B03002_005","Native American (Non-Hispanic)",1.25523012552301,1.55153367672065
"3612338044",2022,"Yates","Italy town","B03002_007","Pacific Islander (Non-Hispanic)",0.523012552301255,1.04148233813256
"3612338044",2022,"Yates","Italy town","B03002_008","Other (Non-Hispanic)",0,1.35983263598326
"3612338044",2022,"Yates","Italy town","B03002_009","Two or More Races (Non-Hispanic)",3.66108786610879,2.52465509814749
"3612338583",2022,"Yates","Jerusalem town","B03002_003","White (Non-Hispanic)",94.0174873446848,3.0661965259343
"3612338583",2022,"Yates","Jerusalem town","B03002_004","Black (Non-Hispanic)",0.322135296824666,0.391160573942317
"3612338583",2022,"Yates","Jerusalem town","B03002_012","Hispanic or Latino (Any Race)",0.87436723423838,0.897364967705572
"3612338583",2022,"Yates","Jerusalem town","B03002_006","Asian (Non-Hispanic)",3.61251725724804,3.2212962357882
"3612338583",2022,"Yates","Jerusalem town","B03002_005","Native American (Non-Hispanic)",0,0.299125632765762
"3612338583",2022,"Yates","Jerusalem town","B03002_007","Pacific Islander (Non-Hispanic)",0,0.299125632765762
"3612338583",2022,"Yates","Jerusalem town","B03002_008","Other (Non-Hispanic)",0,0.299125632765762
"3612338583",2022,"Yates","Jerusalem town","B03002_009","Two or More Races (Non-Hispanic)",1.17349286700414,1.26551628493034
"3612347020",2022,"Yates","Middlesex town","B03002_003","White (Non-Hispanic)",94.6074544012688,4.6047629201867
"3612347020",2022,"Yates","Middlesex town","B03002_004","Black (Non-Hispanic)",2.69627279936558,2.50528409063478
"3612347020",2022,"Yates","Middlesex town","B03002_012","Hispanic or Latino (Any Race)",1.11022997620936,1.57728946862627
"3612347020",2022,"Yates","Middlesex town","B03002_006","Asian (Non-Hispanic)",0,1.03092783505155
"3612347020",2022,"Yates","Middlesex town","B03002_005","Native American (Non-Hispanic)",0,1.03092783505155
"3612347020",2022,"Yates","Middlesex town","B03002_007","Pacific Islander (Non-Hispanic)",0,1.03092783505155
"3612347020",2022,"Yates","Middlesex town","B03002_008","Other (Non-Hispanic)",0,1.03092783505155
"3612347020",2022,"Yates","Middlesex town","B03002_009","Two or More Races (Non-Hispanic)",1.58604282315623,1.56812694133427
"3612347504",2022,"Yates","Milo town","B03002_003","White (Non-Hispanic)",94.8736672995473,1.78517202385055
"3612347504",2022,"Yates","Milo town","B03002_004","Black (Non-Hispanic)",0.219074047027895,0.321307831271429
"3612347504",2022,"Yates","Milo town","B03002_012","Hispanic or Latino (Any Race)",3.03782678545348,1.62111856325579
"3612347504",2022,"Yates","Milo town","B03002_006","Asian (Non-Hispanic)",1.13918504454506,1.51890898239885
"3612347504",2022,"Yates","Milo town","B03002_005","Native American (Non-Hispanic)",0,0.277493792902001
"3612347504",2022,"Yates","Milo town","B03002_007","Pacific Islander (Non-Hispanic)",0,0.277493792902001
"3612347504",2022,"Yates","Milo town","B03002_008","Other (Non-Hispanic)",0,0.277493792902001
"3612347504",2022,"Yates","Milo town","B03002_009","Two or More Races (Non-Hispanic)",0.730246823426318,0.876293046851329
"3612359597",2022,"Yates","Potter town","B03002_003","White (Non-Hispanic)",91.6844349680171,2.81423210796584
"3612359597",2022,"Yates","Potter town","B03002_004","Black (Non-Hispanic)",0,0.692963752665245
"3612359597",2022,"Yates","Potter town","B03002_012","Hispanic or Latino (Any Race)",7.08955223880597,5.24473064187157
"3612359597",2022,"Yates","Potter town","B03002_006","Asian (Non-Hispanic)",0.426439232409382,0.690592089399837
"3612359597",2022,"Yates","Potter town","B03002_005","Native American (Non-Hispanic)",0,0.692963752665245
"3612359597",2022,"Yates","Potter town","B03002_007","Pacific Islander (Non-Hispanic)",0,0.692963752665245
"3612359597",2022,"Yates","Potter town","B03002_008","Other (Non-Hispanic)",0,0.692963752665245
"3612359597",2022,"Yates","Potter town","B03002_009","Two or More Races (Non-Hispanic)",0.799573560767591,0.684589542548759
"3612370816",2022,"Yates","Starkey town","B03002_003","White (Non-Hispanic)",93.2508104921898,2.75783917309285
"3612370816",2022,"Yates","Starkey town","B03002_004","Black (Non-Hispanic)",1.53256704980843,1.50305870477826
"3612370816",2022,"Yates","Starkey town","B03002_012","Hispanic or Latino (Any Race)",1.56203949307398,1.41463764979305
"3612370816",2022,"Yates","Starkey town","B03002_006","Asian (Non-Hispanic)",0.0294724432655467,0.353669262758791
"3612370816",2022,"Yates","Starkey town","B03002_005","Native American (Non-Hispanic)",0.17683465959328,0.294721994965925
"3612370816",2022,"Yates","Starkey town","B03002_007","Pacific Islander (Non-Hispanic)",0,0.383141762452107
"3612370816",2022,"Yates","Starkey town","B03002_008","Other (Non-Hispanic)",0,0.383141762452107
"3612370816",2022,"Yates","Starkey town","B03002_009","Two or More Races (Non-Hispanic)",3.44827586206897,2.21030965111201
"3612375055",2022,"Yates","Torrey town","B03002_003","White (Non-Hispanic)",96.6051660516605,2.26034896017527
"3612375055",2022,"Yates","Torrey town","B03002_004","Black (Non-Hispanic)",0.590405904059041,1.17895297135033
"3612375055",2022,"Yates","Torrey town","B03002_012","Hispanic or Latino (Any Race)",1.03321033210332,1.24924746835585
"3612375055",2022,"Yates","Torrey town","B03002_006","Asian (Non-Hispanic)",0.29520295202952,0.441564442762088
"3612375055",2022,"Yates","Torrey town","B03002_005","Native American (Non-Hispanic)",0,0.959409594095941
"3612375055",2022,"Yates","Torrey town","B03002_007","Pacific Islander (Non-Hispanic)",0,0.959409594095941
"3612375055",2022,"Yates","Torrey town","B03002_008","Other (Non-Hispanic)",0,0.959409594095941
"3612375055",2022,"Yates","Torrey town","B03002_009","Two or More Races (Non-Hispanic)",1.4760147601476,1.98572884873303
"3603700474",2023,"Genesee","Alabama town","B03002_003","White (Non-Hispanic)",86.5197334700154,4.11277859167458
"3603700474",2023,"Genesee","Alabama town","B03002_004","Black (Non-Hispanic)",0.871348026652998,1.27570761445896
"3603700474",2023,"Genesee","Alabama town","B03002_012","Hispanic or Latino (Any Race)",3.89543823680164,3.3915589796501
"3603700474",2023,"Genesee","Alabama town","B03002_006","Asian (Non-Hispanic)",0,0.666324961558175
"3603700474",2023,"Genesee","Alabama town","B03002_005","Native American (Non-Hispanic)",0.410046130189646,0.50940670432443
"3603700474",2023,"Genesee","Alabama town","B03002_007","Pacific Islander (Non-Hispanic)",0,0.666324961558175
"3603700474",2023,"Genesee","Alabama town","B03002_008","Other (Non-Hispanic)",0.358790363915941,0.510146956379059
"3603700474",2023,"Genesee","Alabama town","B03002_009","Two or More Races (Non-Hispanic)",7.9446437724244,5.37303086812914
"3603701165",2023,"Genesee","Alexander town","B03002_003","White (Non-Hispanic)",93.4567901234568,3.83494744149186
"3603701165",2023,"Genesee","Alexander town","B03002_004","Black (Non-Hispanic)",0,0.534979423868313
"3603701165",2023,"Genesee","Alexander town","B03002_012","Hispanic or Latino (Any Race)",3.12757201646091,2.30480137871312
"3603701165",2023,"Genesee","Alexander town","B03002_006","Asian (Non-Hispanic)",0,0.534979423868313
"3603701165",2023,"Genesee","Alexander town","B03002_005","Native American (Non-Hispanic)",0,0.534979423868313
"3603701165",2023,"Genesee","Alexander town","B03002_007","Pacific Islander (Non-Hispanic)",0,0.534979423868313
"3603701165",2023,"Genesee","Alexander town","B03002_008","Other (Non-Hispanic)",0.329218106995885,0.489490503077177
"3603701165",2023,"Genesee","Alexander town","B03002_009","Two or More Races (Non-Hispanic)",3.08641975308642,1.96442839508439
"3603704715",2023,"Genesee","Batavia city","B03002_003","White (Non-Hispanic)",82.9740544726991,2.30022485291344
"3603704715",2023,"Genesee","Batavia city","B03002_004","Black (Non-Hispanic)",3.89828320640248,1.11008931822313
"3603704715",2023,"Genesee","Batavia city","B03002_012","Hispanic or Latino (Any Race)",5.75061314057054,1.71676852278905
"3603704715",2023,"Genesee","Batavia city","B03002_006","Asian (Non-Hispanic)",1.32309281012005,1.097196838795
"3603704715",2023,"Genesee","Batavia city","B03002_005","Native American (Non-Hispanic)",0.0516328901510262,0.0645410589188465
"3603704715",2023,"Genesee","Batavia city","B03002_007","Pacific Islander (Non-Hispanic)",0,0.135536336646444
"3603704715",2023,"Genesee","Batavia city","B03002_008","Other (Non-Hispanic)",0.296889118368401,0.451787534854583
"3603704715",2023,"Genesee","Batavia city","B03002_009","Two or More Races (Non-Hispanic)",5.7054343616884,1.42632888223531
"3603704726",2023,"Genesee","Batavia town","B03002_003","White (Non-Hispanic)",94.84404837683,2.64654843344115
"3603704726",2023,"Genesee","Batavia town","B03002_004","Black (Non-Hispanic)",0.429662635264163,0.461488200459259
"3603704726",2023,"Genesee","Batavia town","B03002_012","Hispanic or Latino (Any Race)",2.84850413749204,2.14830093368385
"3603704726",2023,"Genesee","Batavia town","B03002_006","Asian (Non-Hispanic)",0.732017823042648,0.572880481779412
"3603704726",2023,"Genesee","Batavia town","B03002_005","Native American (Non-Hispanic)",0,0.302355187778485
"3603704726",2023,"Genesee","Batavia town","B03002_007","Pacific Islander (Non-Hispanic)",0,0.302355187778485
"3603704726",2023,"Genesee","Batavia town","B03002_008","Other (Non-Hispanic)",0.477402928071292,0.843410963664825
"3603704726",2023,"Genesee","Batavia town","B03002_009","Two or More Races (Non-Hispanic)",0.668364099299809,0.700188893183363
"3603706057",2023,"Genesee","Bergen town","B03002_003","White (Non-Hispanic)",92.1708185053381,4.11682750333097
"3603706057",2023,"Genesee","Bergen town","B03002_004","Black (Non-Hispanic)",0.905855710126173,1.32642429122375
"3603706057",2023,"Genesee","Bergen town","B03002_012","Hispanic or Latino (Any Race)",2.00582335813653,1.68227530123967
"3603706057",2023,"Genesee","Bergen town","B03002_006","Asian (Non-Hispanic)",2.07052733743125,2.97636608743959
"3603706057",2023,"Genesee","Bergen town","B03002_005","Native American (Non-Hispanic)",0.0323519896473633,0.0647037888249156
"3603706057",2023,"Genesee","Bergen town","B03002_007","Pacific Islander (Non-Hispanic)",0,0.420575865415723
"3603706057",2023,"Genesee","Bergen town","B03002_008","Other (Non-Hispanic)",0.711743772241993,1.06761007124214
"3603706057",2023,"Genesee","Bergen town","B03002_009","Two or More Races (Non-Hispanic)",2.10287932707862,1.2293332514614
"3603706266",2023,"Genesee","Bethany town","B03002_003","White (Non-Hispanic)",89.1200951248514,3.19448064965977
"3603706266",2023,"Genesee","Bethany town","B03002_004","Black (Non-Hispanic)",2.14030915576694,0.532365613704241
"3603706266",2023,"Genesee","Bethany town","B03002_012","Hispanic or Latino (Any Race)",4.4589774078478,4.24495500245148
"3603706266",2023,"Genesee","Bethany town","B03002_006","Asian (Non-Hispanic)",0,0.772889417360285
"3603706266",2023,"Genesee","Bethany town","B03002_005","Native American (Non-Hispanic)",0.297265160523187,0.354819017139864
"3603706266",2023,"Genesee","Bethany town","B03002_007","Pacific Islander (Non-Hispanic)",0,0.772889417360285
"3603706266",2023,"Genesee","Bethany town","B03002_008","Other (Non-Hispanic)",0.772889417360285,1.00617224997185
"3603706266",2023,"Genesee","Bethany town","B03002_009","Two or More Races (Non-Hispanic)",3.21046373365042,2.28442615600349
"3603711572",2023,"Genesee","Byron town","B03002_003","White (Non-Hispanic)",88.2836587872559,9.0112016888557
"3603711572",2023,"Genesee","Byron town","B03002_004","Black (Non-Hispanic)",1.74717368961973,1.54302130963621
"3603711572",2023,"Genesee","Byron town","B03002_012","Hispanic or Latino (Any Race)",2.00411099691675,2.31978247541957
"3603711572",2023,"Genesee","Byron town","B03002_006","Asian (Non-Hispanic)",0.873586844809866,1.00850181652674
"3603711572",2023,"Genesee","Byron town","B03002_005","Native American (Non-Hispanic)",0,0.668036998972251
"3603711572",2023,"Genesee","Byron town","B03002_007","Pacific Islander (Non-Hispanic)",0,0.668036998972251
"3603711572",2023,"Genesee","Byron town","B03002_008","Other (Non-Hispanic)",0.976361767728674,1.68128942482303
"3603711572",2023,"Genesee","Byron town","B03002_009","Two or More Races (Non-Hispanic)",6.11510791366906,3.59629529230367
"3603719719",2023,"Genesee","Darien town","B03002_003","White (Non-Hispanic)",94.188376753507,4.24163485187607
"3603719719",2023,"Genesee","Darien town","B03002_004","Black (Non-Hispanic)",0,0.434201736806947
"3603719719",2023,"Genesee","Darien town","B03002_012","Hispanic or Latino (Any Race)",5.81162324649299,4.14148510569888
"3603719719",2023,"Genesee","Darien town","B03002_006","Asian (Non-Hispanic)",0,0.434201736806947
"3603719719",2023,"Genesee","Darien town","B03002_005","Native American (Non-Hispanic)",0,0.434201736806947
"3603719719",2023,"Genesee","Darien town","B03002_007","Pacific Islander (Non-Hispanic)",0,0.434201736806947
"3603719719",2023,"Genesee","Darien town","B03002_008","Other (Non-Hispanic)",0,0.434201736806947
"3603719719",2023,"Genesee","Darien town","B03002_009","Two or More Races (Non-Hispanic)",0,0.434201736806947
"3603723756",2023,"Genesee","Elba town","B03002_003","White (Non-Hispanic)",71.5298040850354,5.10597253033875
"3603723756",2023,"Genesee","Elba town","B03002_004","Black (Non-Hispanic)",0.666944560233431,0.9537254046271
"3603723756",2023,"Genesee","Elba town","B03002_012","Hispanic or Latino (Any Race)",20.1333889120467,11.8507726108407
"3603723756",2023,"Genesee","Elba town","B03002_006","Asian (Non-Hispanic)",0,0.541892455189662
"3603723756",2023,"Genesee","Elba town","B03002_005","Native American (Non-Hispanic)",0.0416840350145894,0.0831434129302439
"3603723756",2023,"Genesee","Elba town","B03002_007","Pacific Islander (Non-Hispanic)",0,0.541892455189662
"3603723756",2023,"Genesee","Elba town","B03002_008","Other (Non-Hispanic)",0,0.541892455189662
"3603723756",2023,"Genesee","Elba town","B03002_009","Two or More Races (Non-Hispanic)",7.62817840766986,2.91907725887705
"3603742037",2023,"Genesee","Le Roy town","B03002_003","White (Non-Hispanic)",94.3226828624241,2.75896700442343
"3603742037",2023,"Genesee","Le Roy town","B03002_004","Black (Non-Hispanic)",1.35991550039609,1.10904333389978
"3603742037",2023,"Genesee","Le Roy town","B03002_012","Hispanic or Latino (Any Race)",1.63717982571957,1.30708607169695
"3603742037",2023,"Genesee","Le Roy town","B03002_006","Asian (Non-Hispanic)",0.409294956429892,0.646947923491494
"3603742037",2023,"Genesee","Le Roy town","B03002_005","Native American (Non-Hispanic)",0,0.250858199102192
"3603742037",2023,"Genesee","Le Roy town","B03002_007","Pacific Islander (Non-Hispanic)",0,0.250858199102192
"3603742037",2023,"Genesee","Le Roy town","B03002_008","Other (Non-Hispanic)",0,0.250858199102192
"3603742037",2023,"Genesee","Le Roy town","B03002_009","Two or More Races (Non-Hispanic)",2.27092685503037,1.39949382422868
"3603754166",2023,"Genesee","Oakfield town","B03002_003","White (Non-Hispanic)",87.1835950016021,3.93360828257884
"3603754166",2023,"Genesee","Oakfield town","B03002_004","Black (Non-Hispanic)",2.05062479974367,1.12135844360459
"3603754166",2023,"Genesee","Oakfield town","B03002_012","Hispanic or Latino (Any Race)",7.11310477411086,3.52421660670885
"3603754166",2023,"Genesee","Oakfield town","B03002_006","Asian (Non-Hispanic)",0,0.416533162447933
"3603754166",2023,"Genesee","Oakfield town","B03002_005","Native American (Non-Hispanic)",0.352451137455944,0.352443900668223
"3603754166",2023,"Genesee","Oakfield town","B03002_007","Pacific Islander (Non-Hispanic)",0,0.416533162447933
"3603754166",2023,"Genesee","Oakfield town","B03002_008","Other (Non-Hispanic)",0,0.416533162447933
"3603754166",2023,"Genesee","Oakfield town","B03002_009","Two or More Races (Non-Hispanic)",3.30022428708747,1.92234442155423
"3603756792",2023,"Genesee","Pavilion town","B03002_003","White (Non-Hispanic)",91.1642890013806,20.9900129903783
"3603756792",2023,"Genesee","Pavilion town","B03002_004","Black (Non-Hispanic)",0.506212609295904,0.684975057109863
"3603756792",2023,"Genesee","Pavilion town","B03002_012","Hispanic or Latino (Any Race)",4.8780487804878,5.83257589530275
"3603756792",2023,"Genesee","Pavilion town","B03002_006","Asian (Non-Hispanic)",0,0.598251265531523
"3603756792",2023,"Genesee","Pavilion town","B03002_005","Native American (Non-Hispanic)",0.230096640589047,0.366097845060208
"3603756792",2023,"Genesee","Pavilion town","B03002_007","Pacific Islander (Non-Hispanic)",0,0.598251265531523
"3603756792",2023,"Genesee","Pavilion town","B03002_008","Other (Non-Hispanic)",0,0.598251265531523
"3603756792",2023,"Genesee","Pavilion town","B03002_009","Two or More Races (Non-Hispanic)",3.22135296824666,2.04578128716418
"3603757078",2023,"Genesee","Pembroke town","B03002_003","White (Non-Hispanic)",93.3980123047799,3.35867738306757
"3603757078",2023,"Genesee","Pembroke town","B03002_004","Black (Non-Hispanic)",1.65641268338855,1.89301563599369
"3603757078",2023,"Genesee","Pembroke town","B03002_012","Hispanic or Latino (Any Race)",3.38381448177946,2.81582460278631
"3603757078",2023,"Genesee","Pembroke town","B03002_006","Asian (Non-Hispanic)",0.638902035021297,0.946513371345316
"3603757078",2023,"Genesee","Pembroke town","B03002_005","Native American (Non-Hispanic)",0,0.307619498343587
"3603757078",2023,"Genesee","Pembroke town","B03002_007","Pacific Islander (Non-Hispanic)",0,0.307619498343587
"3603757078",2023,"Genesee","Pembroke town","B03002_008","Other (Non-Hispanic)",0,0.307619498343587
"3603757078",2023,"Genesee","Pembroke town","B03002_009","Two or More Races (Non-Hispanic)",0.922858495030762,0.638876805892907
"3603770607",2023,"Genesee","Stafford town","B03002_003","White (Non-Hispanic)",87.829525483304,18.6523559284566
"3603770607",2023,"Genesee","Stafford town","B03002_004","Black (Non-Hispanic)",1.44991212653779,1.43236717403571
"3603770607",2023,"Genesee","Stafford town","B03002_012","Hispanic or Latino (Any Race)",4.08611599297012,3.90319154478662
"3603770607",2023,"Genesee","Stafford town","B03002_006","Asian (Non-Hispanic)",0,0.571177504393673
"3603770607",2023,"Genesee","Stafford town","B03002_005","Native American (Non-Hispanic)",0.0439367311072056,0.13163392597325
"3603770607",2023,"Genesee","Stafford town","B03002_007","Pacific Islander (Non-Hispanic)",0,0.571177504393673
"3603770607",2023,"Genesee","Stafford town","B03002_008","Other (Non-Hispanic)",0.263620386643234,0.393311105999692
"3603770607",2023,"Genesee","Stafford town","B03002_009","Two or More Races (Non-Hispanic)",6.32688927943761,4.73237471643429
"3603775011",2023,"Genesee","Tonawanda Reservation","B03002_003","White (Non-Hispanic)",13.2450331125828,5.46953667373966
"3603775011",2023,"Genesee","Tonawanda Reservation","B03002_004","Black (Non-Hispanic)",0,4.3046357615894
"3603775011",2023,"Genesee","Tonawanda Reservation","B03002_012","Hispanic or Latino (Any Race)",0,4.3046357615894
"3603775011",2023,"Genesee","Tonawanda Reservation","B03002_006","Asian (Non-Hispanic)",5.96026490066225,9.87644039588693
"3603775011",2023,"Genesee","Tonawanda Reservation","B03002_005","Native American (Non-Hispanic)",60.5960264900662,14.9253649141623
"3603775011",2023,"Genesee","Tonawanda Reservation","B03002_007","Pacific Islander (Non-Hispanic)",0,4.3046357615894
"3603775011",2023,"Genesee","Tonawanda Reservation","B03002_008","Other (Non-Hispanic)",0,4.3046357615894
"3603775011",2023,"Genesee","Tonawanda Reservation","B03002_009","Two or More Races (Non-Hispanic)",20.1986754966887,8.17841339494696
"3605103364",2023,"Livingston","Avon town","B03002_003","White (Non-Hispanic)",92.486299394289,2.67166860330279
"3605103364",2023,"Livingston","Avon town","B03002_004","Black (Non-Hispanic)",1.2114219786559,0.677812145417295
"3605103364",2023,"Livingston","Avon town","B03002_012","Hispanic or Latino (Any Race)",2.1632535333141,1.26909631542894
"3605103364",2023,"Livingston","Avon town","B03002_006","Asian (Non-Hispanic)",0.418229016440727,0.67781857095377
"3605103364",2023,"Livingston","Avon town","B03002_005","Native American (Non-Hispanic)",0.230747043553504,0.245168002038297
"3605103364",2023,"Livingston","Avon town","B03002_007","Pacific Islander (Non-Hispanic)",0,0.274012114219787
"3605103364",2023,"Livingston","Avon town","B03002_008","Other (Non-Hispanic)",0.302855494663975,0.475915127964744
"3605103364",2023,"Livingston","Avon town","B03002_009","Two or More Races (Non-Hispanic)",3.18719353908278,1.9469106000891
"3605111715",2023,"Livingston","Caledonia town","B03002_003","White (Non-Hispanic)",85.5482933914306,4.59678696401221
"3605111715",2023,"Livingston","Caledonia town","B03002_004","Black (Non-Hispanic)",3.34059549745824,2.420643572738
"3605111715",2023,"Livingston","Caledonia town","B03002_012","Hispanic or Latino (Any Race)",5.20455095618494,3.29204221094607
"3605111715",2023,"Livingston","Caledonia town","B03002_006","Asian (Non-Hispanic)",1.25877511498427,1.35558424354273
"3605111715",2023,"Livingston","Caledonia town","B03002_005","Native American (Non-Hispanic)",0,0.314693778746066
"3605111715",2023,"Livingston","Caledonia town","B03002_007","Pacific Islander (Non-Hispanic)",0,0.314693778746066
"3605111715",2023,"Livingston","Caledonia town","B03002_008","Other (Non-Hispanic)",1.62188332122973,2.32387341672971
"3605111715",2023,"Livingston","Caledonia town","B03002_009","Two or More Races (Non-Hispanic)",3.02590171871218,1.74283073043723
"3605117618",2023,"Livingston","Conesus town","B03002_003","White (Non-Hispanic)",94.9466591802358,4.01182204884924
"3605117618",2023,"Livingston","Conesus town","B03002_004","Black (Non-Hispanic)",0,0.72992700729927
"3605117618",2023,"Livingston","Conesus town","B03002_012","Hispanic or Latino (Any Race)",1.79674340258282,2.00702533591777
"3605117618",2023,"Livingston","Conesus town","B03002_006","Asian (Non-Hispanic)",0,0.72992700729927
"3605117618",2023,"Livingston","Conesus town","B03002_005","Native American (Non-Hispanic)",0,0.72992700729927
"3605117618",2023,"Livingston","Conesus town","B03002_007","Pacific Islander (Non-Hispanic)",0,0.72992700729927
"3605117618",2023,"Livingston","Conesus town","B03002_008","Other (Non-Hispanic)",0.673778775968557,1.0066494559981
"3605117618",2023,"Livingston","Conesus town","B03002_009","Two or More Races (Non-Hispanic)",2.5828186412128,2.10553101889798
"3605128629",2023,"Livingston","Geneseo town","B03002_003","White (Non-Hispanic)",84.1881168956841,2.6824282275794
"3605128629",2023,"Livingston","Geneseo town","B03002_004","Black (Non-Hispanic)",3.26107993032708,0.89023018790896
"3605128629",2023,"Livingston","Geneseo town","B03002_012","Hispanic or Latino (Any Race)",6.27056318947165,2.10948677631688
"3605128629",2023,"Livingston","Geneseo town","B03002_006","Asian (Non-Hispanic)",3.7545964776466,1.44181385123094
"3605128629",2023,"Livingston","Geneseo town","B03002_005","Native American (Non-Hispanic)",0,0.2032126959551
"3605128629",2023,"Livingston","Geneseo town","B03002_007","Pacific Islander (Non-Hispanic)",0,0.2032126959551
"3605128629",2023,"Livingston","Geneseo town","B03002_008","Other (Non-Hispanic)",0.222566286046062,0.251596095043243
"3605128629",2023,"Livingston","Geneseo town","B03002_009","Two or More Races (Non-Hispanic)",2.30307722082446,1.5386003242828
"3605131016",2023,"Livingston","Groveland town","B03002_003","White (Non-Hispanic)",72.436695724367,5.02975905585126
"3605131016",2023,"Livingston","Groveland town","B03002_004","Black (Non-Hispanic)",13.1174761311748,2.32893035183838
"3605131016",2023,"Livingston","Groveland town","B03002_012","Hispanic or Latino (Any Race)",7.13989207139892,2.40728249981628
"3605131016",2023,"Livingston","Groveland town","B03002_006","Asian (Non-Hispanic)",0.08302200083022,0.165792650910434
"3605131016",2023,"Livingston","Groveland town","B03002_005","Native American (Non-Hispanic)",0.4151100041511,0.537707530620237
"3605131016",2023,"Livingston","Groveland town","B03002_007","Pacific Islander (Non-Hispanic)",0,0.53964300539643
"3605131016",2023,"Livingston","Groveland town","B03002_008","Other (Non-Hispanic)",0.62266500622665,0.660634620669054
"3605131016",2023,"Livingston","Groveland town","B03002_009","Two or More Races (Non-Hispanic)",6.18513906185139,3.63128675261736
"3605141883",2023,"Livingston","Leicester town","B03002_003","White (Non-Hispanic)",92.1503330161751,3.89196392875916
"3605141883",2023,"Livingston","Leicester town","B03002_004","Black (Non-Hispanic)",0.190294957183635,0.284572327606441
"3605141883",2023,"Livingston","Leicester town","B03002_012","Hispanic or Latino (Any Race)",3.04471931493815,2.83209620980838
"3605141883",2023,"Livingston","Leicester town","B03002_006","Asian (Non-Hispanic)",0,0.618458610846813
"3605141883",2023,"Livingston","Leicester town","B03002_005","Native American (Non-Hispanic)",0.142721217887726,0.189560505042859
"3605141883",2023,"Livingston","Leicester town","B03002_007","Pacific Islander (Non-Hispanic)",0,0.618458610846813
"3605141883",2023,"Livingston","Leicester town","B03002_008","Other (Non-Hispanic)",0,0.618458610846813
"3605141883",2023,"Livingston","Leicester town","B03002_009","Two or More Races (Non-Hispanic)",4.47193149381541,3.86578101168577
"3605142334",2023,"Livingston","Lima town","B03002_003","White (Non-Hispanic)",89.0417571807869,3.82080388155964
"3605142334",2023,"Livingston","Lima town","B03002_004","Black (Non-Hispanic)",0.627564566739078,0.651682494564139
"3605142334",2023,"Livingston","Lima town","B03002_012","Hispanic or Latino (Any Race)",4.41708906589428,2.31689435555562
"3605142334",2023,"Livingston","Lima town","B03002_006","Asian (Non-Hispanic)",1.18271783731595,1.35164469899542
"3605142334",2023,"Livingston","Lima town","B03002_005","Native American (Non-Hispanic)",0.144822592324403,0.193093344129263
"3605142334",2023,"Livingston","Lima town","B03002_007","Pacific Islander (Non-Hispanic)",0,0.313782283369539
"3605142334",2023,"Livingston","Lima town","B03002_008","Other (Non-Hispanic)",1.23099203475742,1.54474319968556
"3605142334",2023,"Livingston","Lima town","B03002_009","Two or More Races (Non-Hispanic)",3.35505672218199,2.14803555611599
"3605142961",2023,"Livingston","Livonia town","B03002_003","White (Non-Hispanic)",92.9191716766867,2.25619786080138
"3605142961",2023,"Livingston","Livonia town","B03002_004","Black (Non-Hispanic)",0.0267201068804275,0.0668002251358353
"3605142961",2023,"Livingston","Livonia town","B03002_012","Hispanic or Latino (Any Race)",2.37808951235805,1.41614994765991
"3605142961",2023,"Livingston","Livonia town","B03002_006","Asian (Non-Hispanic)",0,0.253841015364061
"3605142961",2023,"Livingston","Livonia town","B03002_005","Native American (Non-Hispanic)",0,0.253841015364061
"3605142961",2023,"Livingston","Livonia town","B03002_007","Pacific Islander (Non-Hispanic)",0,0.253841015364061
"3605142961",2023,"Livingston","Livonia town","B03002_008","Other (Non-Hispanic)",0.494321977287909,0.788241932902039
"3605142961",2023,"Livingston","Livonia town","B03002_009","Two or More Races (Non-Hispanic)",4.18169672678691,1.80356905580706
"3605148956",2023,"Livingston","Mount Morris town","B03002_003","White (Non-Hispanic)",88.6623912047641,6.12350992855111
"3605148956",2023,"Livingston","Mount Morris town","B03002_004","Black (Non-Hispanic)",0.412276683463124,0.549698667834595
"3605148956",2023,"Livingston","Mount Morris town","B03002_012","Hispanic or Latino (Any Race)",5.9780119102153,4.97014128875988
"3605148956",2023,"Livingston","Mount Morris town","B03002_006","Asian (Non-Hispanic)",0,0.297755382501145
"3605148956",2023,"Livingston","Mount Morris town","B03002_005","Native American (Non-Hispanic)",0.0229042601923958,0.0687126922617907
"3605148956",2023,"Livingston","Mount Morris town","B03002_007","Pacific Islander (Non-Hispanic)",0,0.297755382501145
"3605148956",2023,"Livingston","Mount Morris town","B03002_008","Other (Non-Hispanic)",0,0.297755382501145
"3605148956",2023,"Livingston","Mount Morris town","B03002_009","Two or More Races (Non-Hispanic)",4.92441594136509,4.23722193437463
"3605151869",2023,"Livingston","North Dansville town","B03002_003","White (Non-Hispanic)",91.8479288821638,4.77392514650033
"3605151869",2023,"Livingston","North Dansville town","B03002_004","Black (Non-Hispanic)",0.983544543219217,1.00245263001813
"3605151869",2023,"Livingston","North Dansville town","B03002_012","Hispanic or Latino (Any Race)",5.23926612445621,4.3880814136539
"3605151869",2023,"Livingston","North Dansville town","B03002_006","Asian (Non-Hispanic)",0.34045772649896,0.605256943798436
"3605151869",2023,"Livingston","North Dansville town","B03002_005","Native American (Non-Hispanic)",0,0.359372044637791
"3605151869",2023,"Livingston","North Dansville town","B03002_007","Pacific Islander (Non-Hispanic)",0,0.359372044637791
"3605151869",2023,"Livingston","North Dansville town","B03002_008","Other (Non-Hispanic)",0.113485908832987,0.226971451252968
"3605151869",2023,"Livingston","North Dansville town","B03002_009","Two or More Races (Non-Hispanic)",1.47531681482883,1.41856395257806
"3605154089",2023,"Livingston","Nunda town","B03002_003","White (Non-Hispanic)",90.7469342251951,5.86476768695028
"3605154089",2023,"Livingston","Nunda town","B03002_004","Black (Non-Hispanic)",1.48643626904496,2.34108232010349
"3605154089",2023,"Livingston","Nunda town","B03002_012","Hispanic or Latino (Any Race)",1.74656261612783,2.15525040353506
"3605154089",2023,"Livingston","Nunda town","B03002_006","Asian (Non-Hispanic)",0,0.483091787439614
"3605154089",2023,"Livingston","Nunda town","B03002_005","Native American (Non-Hispanic)",0,0.483091787439614
"3605154089",2023,"Livingston","Nunda town","B03002_007","Pacific Islander (Non-Hispanic)",0,0.483091787439614
"3605154089",2023,"Livingston","Nunda town","B03002_008","Other (Non-Hispanic)",0,0.483091787439614
"3605154089",2023,"Livingston","Nunda town","B03002_009","Two or More Races (Non-Hispanic)",6.02006688963211,5.425104483956
"3605155508",2023,"Livingston","Ossian town","B03002_003","White (Non-Hispanic)",94.4707740916272,6.49572466831807
"3605155508",2023,"Livingston","Ossian town","B03002_004","Black (Non-Hispanic)",0,2.05371248025276
"3605155508",2023,"Livingston","Ossian town","B03002_012","Hispanic or Latino (Any Race)",0.157977883096367,0.314154257722489
"3605155508",2023,"Livingston","Ossian town","B03002_006","Asian (Non-Hispanic)",2.68562401263823,3.58806370889685
"3605155508",2023,"Livingston","Ossian town","B03002_005","Native American (Non-Hispanic)",0.157977883096367,0.314154257722489
"3605155508",2023,"Livingston","Ossian town","B03002_007","Pacific Islander (Non-Hispanic)",0,2.05371248025276
"3605155508",2023,"Livingston","Ossian town","B03002_008","Other (Non-Hispanic)",0,2.05371248025276
"3605155508",2023,"Livingston","Ossian town","B03002_009","Two or More Races (Non-Hispanic)",2.52764612954186,2.79203755595024
"3605159179",2023,"Livingston","Portage town","B03002_003","White (Non-Hispanic)",94.0944881889764,30.5624040442638
"3605159179",2023,"Livingston","Portage town","B03002_004","Black (Non-Hispanic)",0.492125984251969,0.878482882877976
"3605159179",2023,"Livingston","Portage town","B03002_012","Hispanic or Latino (Any Race)",4.6259842519685,6.60683119566067
"3605159179",2023,"Livingston","Portage town","B03002_006","Asian (Non-Hispanic)",0.393700787401575,0.682931941924694
"3605159179",2023,"Livingston","Portage town","B03002_005","Native American (Non-Hispanic)",0.0984251968503937,0.294396668834087
"3605159179",2023,"Livingston","Portage town","B03002_007","Pacific Islander (Non-Hispanic)",0,1.27952755905512
"3605159179",2023,"Livingston","Portage town","B03002_008","Other (Non-Hispanic)",0,1.27952755905512
"3605159179",2023,"Livingston","Portage town","B03002_009","Two or More Races (Non-Hispanic)",0.295275590551181,0.387731644579013
"3605170101",2023,"Livingston","Sparta town","B03002_003","White (Non-Hispanic)",94.7831552482715,3.25030524169993
"3605170101",2023,"Livingston","Sparta town","B03002_004","Black (Non-Hispanic)",0.0628535512256442,0.188363875076174
"3605170101",2023,"Livingston","Sparta town","B03002_012","Hispanic or Latino (Any Race)",1.94846008799497,1.48467156724234
"3605170101",2023,"Livingston","Sparta town","B03002_006","Asian (Non-Hispanic)",1.06851037083595,0.994942366127671
"3605170101",2023,"Livingston","Sparta town","B03002_005","Native American (Non-Hispanic)",0,0.817096165933375
"3605170101",2023,"Livingston","Sparta town","B03002_007","Pacific Islander (Non-Hispanic)",0,0.817096165933375
"3605170101",2023,"Livingston","Sparta town","B03002_008","Other (Non-Hispanic)",0,0.817096165933375
"3605170101",2023,"Livingston","Sparta town","B03002_009","Two or More Races (Non-Hispanic)",2.1370207416719,1.54381483860427
"3605170475",2023,"Livingston","Springwater town","B03002_003","White (Non-Hispanic)",88.7012464817049,3.47401784089812
"3605170475",2023,"Livingston","Springwater town","B03002_004","Black (Non-Hispanic)",0.683554483313229,0.718892419514949
"3605170475",2023,"Livingston","Springwater town","B03002_012","Hispanic or Latino (Any Race)",1.08564535585042,1.03692354973047
"3605170475",2023,"Livingston","Springwater town","B03002_006","Asian (Non-Hispanic)",0.0804181745074387,0.200803392546933
"3605170475",2023,"Livingston","Springwater town","B03002_005","Native American (Non-Hispanic)",0,0.522718134298351
"3605170475",2023,"Livingston","Springwater town","B03002_007","Pacific Islander (Non-Hispanic)",0,0.522718134298351
"3605170475",2023,"Livingston","Springwater town","B03002_008","Other (Non-Hispanic)",0.0804181745074387,0.160533691723459
"3605170475",2023,"Livingston","Springwater town","B03002_009","Two or More Races (Non-Hispanic)",9.36871733011661,5.67496717892551
"3605181006",2023,"Livingston","West Sparta town","B03002_003","White (Non-Hispanic)",95.968534906588,3.18969397811083
"3605181006",2023,"Livingston","West Sparta town","B03002_004","Black (Non-Hispanic)",0,1.27826941986234
"3605181006",2023,"Livingston","West Sparta town","B03002_012","Hispanic or Latino (Any Race)",0,1.27826941986234
"3605181006",2023,"Livingston","West Sparta town","B03002_006","Asian (Non-Hispanic)",0.589970501474926,0.781200902168842
"3605181006",2023,"Livingston","West Sparta town","B03002_005","Native American (Non-Hispanic)",0,1.27826941986234
"3605181006",2023,"Livingston","West Sparta town","B03002_007","Pacific Islander (Non-Hispanic)",0,1.27826941986234
"3605181006",2023,"Livingston","West Sparta town","B03002_008","Other (Non-Hispanic)",0,1.27826941986234
"3605181006",2023,"Livingston","West Sparta town","B03002_009","Two or More Races (Non-Hispanic)",3.44149459193707,2.70010884564281
"3605184022",2023,"Livingston","York town","B03002_003","White (Non-Hispanic)",83.5586293618359,8.3124301471982
"3605184022",2023,"Livingston","York town","B03002_004","Black (Non-Hispanic)",1.22602955045583,1.66612306286794
"3605184022",2023,"Livingston","York town","B03002_012","Hispanic or Latino (Any Race)",13.3920150895945,8.20449066047138
"3605184022",2023,"Livingston","York town","B03002_006","Asian (Non-Hispanic)",0,0.408676516818611
"3605184022",2023,"Livingston","York town","B03002_005","Native American (Non-Hispanic)",0,0.408676516818611
"3605184022",2023,"Livingston","York town","B03002_007","Pacific Islander (Non-Hispanic)",0,0.408676516818611
"3605184022",2023,"Livingston","York town","B03002_008","Other (Non-Hispanic)",0,0.408676516818611
"3605184022",2023,"Livingston","York town","B03002_009","Two or More Races (Non-Hispanic)",1.8233259981138,2.45202955607541
"3605500000",2023,"Monroe","County subdivisions not defined","B03002_003","White (Non-Hispanic)",0,0
"3605500000",2023,"Monroe","County subdivisions not defined","B03002_004","Black (Non-Hispanic)",0,0
"3605500000",2023,"Monroe","County subdivisions not defined","B03002_012","Hispanic or Latino (Any Race)",0,0
"3605500000",2023,"Monroe","County subdivisions not defined","B03002_006","Asian (Non-Hispanic)",0,0
"3605500000",2023,"Monroe","County subdivisions not defined","B03002_005","Native American (Non-Hispanic)",0,0
"3605500000",2023,"Monroe","County subdivisions not defined","B03002_007","Pacific Islander (Non-Hispanic)",0,0
"3605500000",2023,"Monroe","County subdivisions not defined","B03002_008","Other (Non-Hispanic)",0,0
"3605500000",2023,"Monroe","County subdivisions not defined","B03002_009","Two or More Races (Non-Hispanic)",0,0
"3605508246",2023,"Monroe","Brighton town","B03002_003","White (Non-Hispanic)",75.5329893811591,2.17202359250616
"3605508246",2023,"Monroe","Brighton town","B03002_004","Black (Non-Hispanic)",5.58785794229247,1.35669252546901
"3605508246",2023,"Monroe","Brighton town","B03002_012","Hispanic or Latino (Any Race)",4.92452160620206,1.26388131737453
"3605508246",2023,"Monroe","Brighton town","B03002_006","Asian (Non-Hispanic)",9.58425463380012,1.47678966851575
"3605508246",2023,"Monroe","Brighton town","B03002_005","Native American (Non-Hispanic)",0.095542270630306,0.0873528981063241
"3605508246",2023,"Monroe","Brighton town","B03002_007","Pacific Islander (Non-Hispanic)",0,0.0764338165042448
"3605508246",2023,"Monroe","Brighton town","B03002_008","Other (Non-Hispanic)",0.483170911473262,0.393088000015194
"3605508246",2023,"Monroe","Brighton town","B03002_009","Two or More Races (Non-Hispanic)",3.79166325444272,0.966336834131442
"3605515462",2023,"Monroe","Chili town","B03002_003","White (Non-Hispanic)",80.5572755417957,3.30139561539518
"3605515462",2023,"Monroe","Chili town","B03002_004","Black (Non-Hispanic)",7.83625730994152,2.43204797974348
"3605515462",2023,"Monroe","Chili town","B03002_012","Hispanic or Latino (Any Race)",5.34227726178191,1.71309800532155
"3605515462",2023,"Monroe","Chili town","B03002_006","Asian (Non-Hispanic)",2.42174062607499,1.42070658020774
"3605515462",2023,"Monroe","Chili town","B03002_005","Native American (Non-Hispanic)",0.0687994496044032,0.0722393894805621
"3605515462",2023,"Monroe","Chili town","B03002_007","Pacific Islander (Non-Hispanic)",0.00343997248022016,0.048159614600817
"3605515462",2023,"Monroe","Chili town","B03002_008","Other (Non-Hispanic)",0.488476092191262,0.447196156928715
"3605515462",2023,"Monroe","Chili town","B03002_009","Two or More Races (Non-Hispanic)",3.28173374613003,1.25902567131286
"3605515957",2023,"Monroe","Clarkson town","B03002_003","White (Non-Hispanic)",78.6454532185082,9.45621593729294
"3605515957",2023,"Monroe","Clarkson town","B03002_004","Black (Non-Hispanic)",3.8534520507955,4.15996432557377
"3605515957",2023,"Monroe","Clarkson town","B03002_012","Hispanic or Latino (Any Race)",13.4724857685009,8.75777403689126
"3605515957",2023,"Monroe","Clarkson town","B03002_006","Asian (Non-Hispanic)",1.94132243468107,1.99970156697562
"3605515957",2023,"Monroe","Clarkson town","B03002_005","Native American (Non-Hispanic)",0,0.27733177638301
"3605515957",2023,"Monroe","Clarkson town","B03002_007","Pacific Islander (Non-Hispanic)",0,0.27733177638301
"3605515957",2023,"Monroe","Clarkson town","B03002_008","Other (Non-Hispanic)",0,0.27733177638301
"3605515957",2023,"Monroe","Clarkson town","B03002_009","Two or More Races (Non-Hispanic)",2.08728652751423,1.57640266360043
"3605522870",2023,"Monroe","East Rochester town","B03002_003","White (Non-Hispanic)",89.2224173718665,3.4024888496976
"3605522870",2023,"Monroe","East Rochester town","B03002_004","Black (Non-Hispanic)",2.61855340890947,2.15549689997732
"3605522870",2023,"Monroe","East Rochester town","B03002_012","Hispanic or Latino (Any Race)",5.06147213795306,1.91593219689029
"3605522870",2023,"Monroe","East Rochester town","B03002_006","Asian (Non-Hispanic)",0.367236148810474,0.558836128886585
"3605522870",2023,"Monroe","East Rochester town","B03002_005","Native American (Non-Hispanic)",0.335302570653042,0.542869550978061
"3605522870",2023,"Monroe","East Rochester town","B03002_007","Pacific Islander (Non-Hispanic)",0.207568258023312,0.3353017779034
"3605522870",2023,"Monroe","East Rochester town","B03002_008","Other (Non-Hispanic)",0.351269359731758,0.399167819863273
"3605522870",2023,"Monroe","East Rochester town","B03002_009","Two or More Races (Non-Hispanic)",1.83618074405237,1.30926081706336
"3605528442",2023,"Monroe","Gates town","B03002_003","White (Non-Hispanic)",72.959708971103,2.64832388281746
"3605528442",2023,"Monroe","Gates town","B03002_004","Black (Non-Hispanic)",12.070148946393,2.07971874592139
"3605528442",2023,"Monroe","Gates town","B03002_012","Hispanic or Latino (Any Race)",8.71370718649187,1.8154749921696
"3605528442",2023,"Monroe","Gates town","B03002_006","Asian (Non-Hispanic)",3.466263985174,1.09478409710364
"3605528442",2023,"Monroe","Gates town","B03002_005","Native American (Non-Hispanic)",0.0102958336193287,0.017159719202758
"3605528442",2023,"Monroe","Gates town","B03002_007","Pacific Islander (Non-Hispanic)",0,0.0857986134944059
"3605528442",2023,"Monroe","Gates town","B03002_008","Other (Non-Hispanic)",0.370650010295834,0.271123331871591
"3605528442",2023,"Monroe","Gates town","B03002_009","Two or More Races (Non-Hispanic)",2.40922506692292,0.7104078957162
"3605530290",2023,"Monroe","Greece town","B03002_003","White (Non-Hispanic)",75.2005926482403,1.49614526925877
"3605530290",2023,"Monroe","Greece town","B03002_004","Black (Non-Hispanic)",9.57001700733507,1.22179295457957
"3605530290",2023,"Monroe","Greece town","B03002_012","Hispanic or Latino (Any Race)",8.29498857482706,1.07676437505002
"3605530290",2023,"Monroe","Greece town","B03002_006","Asian (Non-Hispanic)",2.46449849229453,0.744981449352179
"3605530290",2023,"Monroe","Greece town","B03002_005","Native American (Non-Hispanic)",0.00730376352500496,0.00939055141028117
"3605530290",2023,"Monroe","Greece town","B03002_007","Pacific Islander (Non-Hispanic)",0,0.0323452384678791
"3605530290",2023,"Monroe","Greece town","B03002_008","Other (Non-Hispanic)",0.247284565060882,0.121033644959501
"3605530290",2023,"Monroe","Greece town","B03002_009","Two or More Races (Non-Hispanic)",4.21531494871715,0.820101846032825
"3605531797",2023,"Monroe","Hamlin town","B03002_003","White (Non-Hispanic)",93.6803401126049,2.05701749479465
"3605531797",2023,"Monroe","Hamlin town","B03002_004","Black (Non-Hispanic)",1.33287372170516,0.74686261480187
"3605531797",2023,"Monroe","Hamlin town","B03002_012","Hispanic or Latino (Any Race)",1.30989314029645,0.815805086392812
"3605531797",2023,"Monroe","Hamlin town","B03002_006","Asian (Non-Hispanic)",0,0.218315523382742
"3605531797",2023,"Monroe","Hamlin town","B03002_005","Native American (Non-Hispanic)",0,0.218315523382742
"3605531797",2023,"Monroe","Hamlin town","B03002_007","Pacific Islander (Non-Hispanic)",0,0.218315523382742
"3605531797",2023,"Monroe","Hamlin town","B03002_008","Other (Non-Hispanic)",0.379179593243709,0.459610802152745
"3605531797",2023,"Monroe","Hamlin town","B03002_009","Two or More Races (Non-Hispanic)",3.29771343214983,1.56266115981335
"3605534099",2023,"Monroe","Henrietta town","B03002_003","White (Non-Hispanic)",71.2606610939025,2.48817907892394
"3605534099",2023,"Monroe","Henrietta town","B03002_004","Black (Non-Hispanic)",6.18237365808122,1.05655380481055
"3605534099",2023,"Monroe","Henrietta town","B03002_012","Hispanic or Latino (Any Race)",5.5437688292952,1.55301449132296
"3605534099",2023,"Monroe","Henrietta town","B03002_006","Asian (Non-Hispanic)",12.2438155047312,1.73970093700696
"3605534099",2023,"Monroe","Henrietta town","B03002_005","Native American (Non-Hispanic)",0.108202147070056,0.12305340023109
"3605534099",2023,"Monroe","Henrietta town","B03002_007","Pacific Islander (Non-Hispanic)",0.00636483218059151,0.0106080527542038
"3605534099",2023,"Monroe","Henrietta town","B03002_008","Other (Non-Hispanic)",0.441295031187678,0.27580923176871
"3605534099",2023,"Monroe","Henrietta town","B03002_009","Two or More Races (Non-Hispanic)",4.21351890355158,1.30266584536836
"3605537726",2023,"Monroe","Irondequoit town","B03002_003","White (Non-Hispanic)",74.5410206590269,2.28757798918033
"3605537726",2023,"Monroe","Irondequoit town","B03002_004","Black (Non-Hispanic)",7.3674610412784,1.72475631049311
"3605537726",2023,"Monroe","Irondequoit town","B03002_012","Hispanic or Latino (Any Race)",10.8152583369682,1.87133929448128
"3605537726",2023,"Monroe","Irondequoit town","B03002_006","Asian (Non-Hispanic)",2.77965026369007,1.02102341476886
"3605537726",2023,"Monroe","Irondequoit town","B03002_005","Native American (Non-Hispanic)",0.0396526428486459,0.035687191443989
"3605537726",2023,"Monroe","Irondequoit town","B03002_007","Pacific Islander (Non-Hispanic)",0.0693921249851303,0.093183491227006
"3605537726",2023,"Monroe","Irondequoit town","B03002_008","Other (Non-Hispanic)",0.0614615964154011,0.08128772047426
"3605537726",2023,"Monroe","Irondequoit town","B03002_009","Two or More Races (Non-Hispanic)",4.32610333478726,1.16175401976678
"3605546558",2023,"Monroe","Mendon town","B03002_003","White (Non-Hispanic)",88.9845474613687,3.6275059466278
"3605546558",2023,"Monroe","Mendon town","B03002_004","Black (Non-Hispanic)",2.46136865342163,2.17438803111525
"3605546558",2023,"Monroe","Mendon town","B03002_012","Hispanic or Latino (Any Race)",3.32229580573951,1.64457979653858
"3605546558",2023,"Monroe","Mendon town","B03002_006","Asian (Non-Hispanic)",0.98233995584989,0.794699849130779
"3605546558",2023,"Monroe","Mendon town","B03002_005","Native American (Non-Hispanic)",0,0.209713024282561
"3605546558",2023,"Monroe","Mendon town","B03002_007","Pacific Islander (Non-Hispanic)",0,0.209713024282561
"3605546558",2023,"Monroe","Mendon town","B03002_008","Other (Non-Hispanic)",0,0.209713024282561
"3605546558",2023,"Monroe","Mendon town","B03002_009","Two or More Races (Non-Hispanic)",4.24944812362031,2.18541591766375
"3605554474",2023,"Monroe","Ogden town","B03002_003","White (Non-Hispanic)",89.4057741744117,2.47862085344149
"3605554474",2023,"Monroe","Ogden town","B03002_004","Black (Non-Hispanic)",2.11093533715642,0.993667841397641
"3605554474",2023,"Monroe","Ogden town","B03002_012","Hispanic or Latino (Any Race)",3.27269131896381,1.63633938878154
"3605554474",2023,"Monroe","Ogden town","B03002_006","Asian (Non-Hispanic)",0.687166304132885,0.449870459717254
"3605554474",2023,"Monroe","Ogden town","B03002_005","Native American (Non-Hispanic)",0.103816491991299,0.168083782745474
"3605554474",2023,"Monroe","Ogden town","B03002_007","Pacific Islander (Non-Hispanic)",0.113703776942851,0.182914703889282
"3605554474",2023,"Monroe","Ogden town","B03002_008","Other (Non-Hispanic)",0.652560806802452,0.924460701670482
"3605554474",2023,"Monroe","Ogden town","B03002_009","Two or More Races (Non-Hispanic)",3.65335178959858,1.51768981488811
"3605556561",2023,"Monroe","Parma town","B03002_003","White (Non-Hispanic)",92.2552664188352,2.77109457561023
"3605556561",2023,"Monroe","Parma town","B03002_004","Black (Non-Hispanic)",1.32589838909542,0.817840631501231
"3605556561",2023,"Monroe","Parma town","B03002_012","Hispanic or Latino (Any Race)",3.91573729863693,2.31721433024478
"3605556561",2023,"Monroe","Parma town","B03002_006","Asian (Non-Hispanic)",0.0619578686493185,0.0991325315674869
"3605556561",2023,"Monroe","Parma town","B03002_005","Native American (Non-Hispanic)",0.080545229244114,0.0991324913601854
"3605556561",2023,"Monroe","Parma town","B03002_007","Pacific Islander (Non-Hispanic)",0,0.130111524163569
"3605556561",2023,"Monroe","Parma town","B03002_008","Other (Non-Hispanic)",0,0.130111524163569
"3605556561",2023,"Monroe","Parma town","B03002_009","Two or More Races (Non-Hispanic)",2.36059479553903,1.25773806657986
"3605557144",2023,"Monroe","Penfield town","B03002_003","White (Non-Hispanic)",88.0627733470543,1.78767925051689
"3605557144",2023,"Monroe","Penfield town","B03002_004","Black (Non-Hispanic)",0.990481090815539,0.321582725353005
"3605557144",2023,"Monroe","Penfield town","B03002_012","Hispanic or Latino (Any Race)",4.47131463853872,1.25288356932989
"3605557144",2023,"Monroe","Penfield town","B03002_006","Asian (Non-Hispanic)",2.37458193979933,1.02392221647686
"3605557144",2023,"Monroe","Penfield town","B03002_005","Native American (Non-Hispanic)",0.0488808850012863,0.0463081722664068
"3605557144",2023,"Monroe","Penfield town","B03002_007","Pacific Islander (Non-Hispanic)",0.213532287110882,0.257267697025987
"3605557144",2023,"Monroe","Penfield town","B03002_008","Other (Non-Hispanic)",0.329302804219192,0.326729903644333
"3605557144",2023,"Monroe","Penfield town","B03002_009","Two or More Races (Non-Hispanic)",3.50913300746077,1.27346920817573
"3605557221",2023,"Monroe","Perinton town","B03002_003","White (Non-Hispanic)",88.8712039218183,1.91768540942667
"3605557221",2023,"Monroe","Perinton town","B03002_004","Black (Non-Hispanic)",1.51312578255979,0.630291538464127
"3605557221",2023,"Monroe","Perinton town","B03002_012","Hispanic or Latino (Any Race)",2.94348591922922,1.22026138322524
"3605557221",2023,"Monroe","Perinton town","B03002_006","Asian (Non-Hispanic)",2.48084718066255,0.630290377145502
"3605557221",2023,"Monroe","Perinton town","B03002_005","Native American (Non-Hispanic)",0.0169775683877677,0.0339551351679186
"3605557221",2023,"Monroe","Perinton town","B03002_007","Pacific Islander (Non-Hispanic)",0.0148553723392967,0.0254663509405428
"3605557221",2023,"Monroe","Perinton town","B03002_008","Other (Non-Hispanic)",0.284374270495108,0.273763234310181
"3605557221",2023,"Monroe","Perinton town","B03002_009","Two or More Races (Non-Hispanic)",3.87512998450797,1.10353936816457
"3605558365",2023,"Monroe","Pittsford town","B03002_003","White (Non-Hispanic)",81.7150187487665,2.21529033809992
"3605558365",2023,"Monroe","Pittsford town","B03002_004","Black (Non-Hispanic)",2.73337280442076,1.30583197303571
"3605558365",2023,"Monroe","Pittsford town","B03002_012","Hispanic or Latino (Any Race)",3.96355502927439,0.950586200916727
"3605558365",2023,"Monroe","Pittsford town","B03002_006","Asian (Non-Hispanic)",8.19025064140517,1.11831425024721
"3605558365",2023,"Monroe","Pittsford town","B03002_005","Native American (Non-Hispanic)",0.0624958884283929,0.0888099223523654
"3605558365",2023,"Monroe","Pittsford town","B03002_007","Pacific Islander (Non-Hispanic)",0,0.0920992039997369
"3605558365",2023,"Monroe","Pittsford town","B03002_008","Other (Non-Hispanic)",0.703901059140846,0.529569904717377
"3605558365",2023,"Monroe","Pittsford town","B03002_009","Two or More Races (Non-Hispanic)",2.63140582856391,0.766391942743414
"3605561808",2023,"Monroe","Riga town","B03002_003","White (Non-Hispanic)",94.0561959654179,2.57316401790519
"3605561808",2023,"Monroe","Riga town","B03002_004","Black (Non-Hispanic)",0.55835734870317,0.486290181262684
"3605561808",2023,"Monroe","Riga town","B03002_012","Hispanic or Latino (Any Race)",2.46757925072046,1.80104169219647
"3605561808",2023,"Monroe","Riga town","B03002_006","Asian (Non-Hispanic)",0.612391930835735,0.720443996929882
"3605561808",2023,"Monroe","Riga town","B03002_005","Native American (Non-Hispanic)",0.0720461095100865,0.0900557436670888
"3605561808",2023,"Monroe","Riga town","B03002_007","Pacific Islander (Non-Hispanic)",0,0.342219020172911
"3605561808",2023,"Monroe","Riga town","B03002_008","Other (Non-Hispanic)",0.936599423631124,1.11668889461593
"3605561808",2023,"Monroe","Riga town","B03002_009","Two or More Races (Non-Hispanic)",1.29682997118156,0.936540441293085
"3605563000",2023,"Monroe","Rochester city","B03002_003","White (Non-Hispanic)",36.0442494754911,0.857586625613493
"3605563000",2023,"Monroe","Rochester city","B03002_004","Black (Non-Hispanic)",35.7300209803548,0.944870022111729
"3605563000",2023,"Monroe","Rochester city","B03002_012","Hispanic or Latino (Any Race)",19.9461186343696,0.683205980792918
"3605563000",2023,"Monroe","Rochester city","B03002_006","Asian (Non-Hispanic)",3.16421895861148,0.435338963396465
"3605563000",2023,"Monroe","Rochester city","B03002_005","Native American (Non-Hispanic)",0.16069044440206,0.0615105235228127
"3605563000",2023,"Monroe","Rochester city","B03002_007","Pacific Islander (Non-Hispanic)",0.0324241846271219,0.0324241798367514
"3605563000",2023,"Monroe","Rochester city","B03002_008","Other (Non-Hispanic)",0.462521457181003,0.246042213714618
"3605563000",2023,"Monroe","Rochester city","B03002_009","Two or More Races (Non-Hispanic)",4.45975586496281,0.595074215177516
"3605564144",2023,"Monroe","Rush town","B03002_003","White (Non-Hispanic)",89.5556837853433,4.5261606911567
"3605564144",2023,"Monroe","Rush town","B03002_004","Black (Non-Hispanic)",1.64454702827467,1.15402507493756
"3605564144",2023,"Monroe","Rush town","B03002_012","Hispanic or Latino (Any Race)",1.5868436237738,1.0097638077973
"3605564144",2023,"Monroe","Rush town","B03002_006","Asian (Non-Hispanic)",3.02942873629544,3.05822535783173
"3605564144",2023,"Monroe","Rush town","B03002_005","Native American (Non-Hispanic)",0,0.375072129255626
"3605564144",2023,"Monroe","Rush town","B03002_007","Pacific Islander (Non-Hispanic)",0,0.375072129255626
"3605564144",2023,"Monroe","Rush town","B03002_008","Other (Non-Hispanic)",0,0.375072129255626
"3605564144",2023,"Monroe","Rush town","B03002_009","Two or More Races (Non-Hispanic)",4.18349682631275,2.39455713606975
"3605572455",2023,"Monroe","Sweden town","B03002_003","White (Non-Hispanic)",81.7395880318749,3.23966354157503
"3605572455",2023,"Monroe","Sweden town","B03002_004","Black (Non-Hispanic)",6.45015787099684,1.88684899868589
"3605572455",2023,"Monroe","Sweden town","B03002_012","Hispanic or Latino (Any Race)",3.86408058938505,1.01482806463296
"3605572455",2023,"Monroe","Sweden town","B03002_006","Asian (Non-Hispanic)",2.05984062546985,0.684083659685232
"3605572455",2023,"Monroe","Sweden town","B03002_005","Native American (Non-Hispanic)",0.15787099684258,0.248082606398238
"3605572455",2023,"Monroe","Sweden town","B03002_007","Pacific Islander (Non-Hispanic)",0,0.15787099684258
"3605572455",2023,"Monroe","Sweden town","B03002_008","Other (Non-Hispanic)",0.278153661103593,0.33077642187321
"3605572455",2023,"Monroe","Sweden town","B03002_009","Two or More Races (Non-Hispanic)",5.45030822432717,2.24021332540752
"3605578971",2023,"Monroe","Webster town","B03002_003","White (Non-Hispanic)",87.2161851753688,1.91409312607729
"3605578971",2023,"Monroe","Webster town","B03002_004","Black (Non-Hispanic)",2.73213181376447,0.925428939342071
"3605578971",2023,"Monroe","Webster town","B03002_012","Hispanic or Latino (Any Race)",3.68186235533174,0.962971827784515
"3605578971",2023,"Monroe","Webster town","B03002_006","Asian (Non-Hispanic)",2.85140030037989,1.23464466690389
"3605578971",2023,"Monroe","Webster town","B03002_005","Native American (Non-Hispanic)",0.0110433783903172,0.0220867525570424
"3605578971",2023,"Monroe","Webster town","B03002_007","Pacific Islander (Non-Hispanic)",0.00220867567806343,0.00662602647104473
"3605578971",2023,"Monroe","Webster town","B03002_008","Other (Non-Hispanic)",0.14135524339606,0.236328232880513
"3605578971",2023,"Monroe","Webster town","B03002_009","Two or More Races (Non-Hispanic)",3.36381305769061,1.04469531091897
"3605581402",2023,"Monroe","Wheatland town","B03002_003","White (Non-Hispanic)",91.5637860082305,4.39452473794828
"3605581402",2023,"Monroe","Wheatland town","B03002_004","Black (Non-Hispanic)",1.91358024691358,1.58432647273673
"3605581402",2023,"Monroe","Wheatland town","B03002_012","Hispanic or Latino (Any Race)",2.61316872427984,1.6666034372193
"3605581402",2023,"Monroe","Wheatland town","B03002_006","Asian (Non-Hispanic)",0.123456790123457,0.164607624593707
"3605581402",2023,"Monroe","Wheatland town","B03002_005","Native American (Non-Hispanic)",0.0205761316872428,0.0617282892173388
"3605581402",2023,"Monroe","Wheatland town","B03002_007","Pacific Islander (Non-Hispanic)",0,0.267489711934156
"3605581402",2023,"Monroe","Wheatland town","B03002_008","Other (Non-Hispanic)",0.205761316872428,0.3292161224093
"3605581402",2023,"Monroe","Wheatland town","B03002_009","Two or More Races (Non-Hispanic)",3.559670781893,2.32501877788023
"3606908378",2023,"Ontario","Bristol town","B03002_003","White (Non-Hispanic)",97.5646123260437,3.24685409673279
"3606908378",2023,"Ontario","Bristol town","B03002_004","Black (Non-Hispanic)",0,0.646123260437376
"3606908378",2023,"Ontario","Bristol town","B03002_012","Hispanic or Latino (Any Race)",0,0.646123260437376
"3606908378",2023,"Ontario","Bristol town","B03002_006","Asian (Non-Hispanic)",0,0.646123260437376
"3606908378",2023,"Ontario","Bristol town","B03002_005","Native American (Non-Hispanic)",0,0.646123260437376
"3606908378",2023,"Ontario","Bristol town","B03002_007","Pacific Islander (Non-Hispanic)",0,0.646123260437376
"3606908378",2023,"Ontario","Bristol town","B03002_008","Other (Non-Hispanic)",0,0.646123260437376
"3606908378",2023,"Ontario","Bristol town","B03002_009","Two or More Races (Non-Hispanic)",2.43538767395626,1.55925333821362
"3606912100",2023,"Ontario","Canadice town","B03002_003","White (Non-Hispanic)",92.8444707273802,3.80227688583124
"3606912100",2023,"Ontario","Canadice town","B03002_004","Black (Non-Hispanic)",0,0.768775872264932
"3606912100",2023,"Ontario","Canadice town","B03002_012","Hispanic or Latino (Any Race)",3.78474275576582,1.84082275282885
"3606912100",2023,"Ontario","Canadice town","B03002_006","Asian (Non-Hispanic)",0,0.768775872264932
"3606912100",2023,"Ontario","Canadice town","B03002_005","Native American (Non-Hispanic)",0,0.768775872264932
"3606912100",2023,"Ontario","Canadice town","B03002_007","Pacific Islander (Non-Hispanic)",0,0.768775872264932
"3606912100",2023,"Ontario","Canadice town","B03002_008","Other (Non-Hispanic)",0.887049083382614,1.23760527164659
"3606912100",2023,"Ontario","Canadice town","B03002_009","Two or More Races (Non-Hispanic)",2.48373743347132,1.87034542222244
"3606912144",2023,"Ontario","Canandaigua city","B03002_003","White (Non-Hispanic)",85.5245683930943,3.2602823621564
"3606912144",2023,"Ontario","Canandaigua city","B03002_004","Black (Non-Hispanic)",1.00550180231455,0.512225888951712
"3606912144",2023,"Ontario","Canandaigua city","B03002_012","Hispanic or Latino (Any Race)",8.67008157844811,2.72229137835732
"3606912144",2023,"Ontario","Canandaigua city","B03002_006","Asian (Non-Hispanic)",0.407892240561563,0.417375909659691
"3606912144",2023,"Ontario","Canandaigua city","B03002_005","Native American (Non-Hispanic)",0,0.199203187250996
"3606912144",2023,"Ontario","Canandaigua city","B03002_007","Pacific Islander (Non-Hispanic)",0,0.199203187250996
"3606912144",2023,"Ontario","Canandaigua city","B03002_008","Other (Non-Hispanic)",0.132802124833997,0.208688587541189
"3606912144",2023,"Ontario","Canandaigua city","B03002_009","Two or More Races (Non-Hispanic)",4.25915386074749,1.69791114243469
"3606912155",2023,"Ontario","Canandaigua town","B03002_003","White (Non-Hispanic)",94.0514469453376,2.17960581726766
"3606912155",2023,"Ontario","Canandaigua town","B03002_004","Black (Non-Hispanic)",0.884244372990354,0.759190639508017
"3606912155",2023,"Ontario","Canandaigua town","B03002_012","Hispanic or Latino (Any Race)",2.6616648803144,1.42903813356563
"3606912155",2023,"Ontario","Canandaigua town","B03002_006","Asian (Non-Hispanic)",0.518042157913541,0.526969431979919
"3606912155",2023,"Ontario","Canandaigua town","B03002_005","Native American (Non-Hispanic)",0,0.187566988210075
"3606912155",2023,"Ontario","Canandaigua town","B03002_007","Pacific Islander (Non-Hispanic)",0,0.187566988210075
"3606912155",2023,"Ontario","Canandaigua town","B03002_008","Other (Non-Hispanic)",0,0.187566988210075
"3606912155",2023,"Ontario","Canandaigua town","B03002_009","Two or More Races (Non-Hispanic)",1.88460164344409,0.973529840742515
"3606921699",2023,"Ontario","East Bloomfield town","B03002_003","White (Non-Hispanic)",96.1750137589433,2.21115861196406
"3606921699",2023,"Ontario","East Bloomfield town","B03002_004","Black (Non-Hispanic)",0.165107319757843,0.165105513138297
"3606921699",2023,"Ontario","East Bloomfield town","B03002_012","Hispanic or Latino (Any Race)",1.81618051733627,1.78864245215592
"3606921699",2023,"Ontario","East Bloomfield town","B03002_006","Asian (Non-Hispanic)",0.330214639515685,0.440283476098081
"3606921699",2023,"Ontario","East Bloomfield town","B03002_005","Native American (Non-Hispanic)",0,0.357732526141992
"3606921699",2023,"Ontario","East Bloomfield town","B03002_007","Pacific Islander (Non-Hispanic)",0,0.357732526141992
"3606921699",2023,"Ontario","East Bloomfield town","B03002_008","Other (Non-Hispanic)",0,0.357732526141992
"3606921699",2023,"Ontario","East Bloomfield town","B03002_009","Two or More Races (Non-Hispanic)",1.51348376444689,1.18324794259344
"3606925406",2023,"Ontario","Farmington town","B03002_003","White (Non-Hispanic)",86.1743475846752,2.64803765877408
"3606925406",2023,"Ontario","Farmington town","B03002_004","Black (Non-Hispanic)",2.22792892837313,1.37423232460176
"3606925406",2023,"Ontario","Farmington town","B03002_012","Hispanic or Latino (Any Race)",4.85147140477512,1.56855552246276
"3606925406",2023,"Ontario","Farmington town","B03002_006","Asian (Non-Hispanic)",1.47834536368684,0.721817680792278
"3606925406",2023,"Ontario","Farmington town","B03002_005","Native American (Non-Hispanic)",0,0.145752359800111
"3606925406",2023,"Ontario","Farmington town","B03002_007","Pacific Islander (Non-Hispanic)",0,0.145752359800111
"3606925406",2023,"Ontario","Farmington town","B03002_008","Other (Non-Hispanic)",0,0.145752359800111
"3606925406",2023,"Ontario","Farmington town","B03002_009","Two or More Races (Non-Hispanic)",5.26790671848973,2.16544869186204
"3606928640",2023,"Ontario","Geneva city","B03002_003","White (Non-Hispanic)",67.867652907023,3.86976325134937
"3606928640",2023,"Ontario","Geneva city","B03002_004","Black (Non-Hispanic)",7.23773164718047,1.48720702420703
"3606928640",2023,"Ontario","Geneva city","B03002_012","Hispanic or Latino (Any Race)",18.2613536944246,2.84701533938997
"3606928640",2023,"Ontario","Geneva city","B03002_006","Asian (Non-Hispanic)",2.84737135130836,1.28050250786651
"3606928640",2023,"Ontario","Geneva city","B03002_005","Native American (Non-Hispanic)",0.167024576473395,0.174977643123159
"3606928640",2023,"Ontario","Geneva city","B03002_007","Pacific Islander (Non-Hispanic)",0,0.167024576473395
"3606928640",2023,"Ontario","Geneva city","B03002_008","Other (Non-Hispanic)",0.334049152946791,0.477212364876111
"3606928640",2023,"Ontario","Geneva city","B03002_009","Two or More Races (Non-Hispanic)",3.28481667064344,1.3441257628141
"3606928651",2023,"Ontario","Geneva town","B03002_003","White (Non-Hispanic)",79.5965417867435,4.6676846761508
"3606928651",2023,"Ontario","Geneva town","B03002_004","Black (Non-Hispanic)",5.76368876080692,3.8903023389812
"3606928651",2023,"Ontario","Geneva town","B03002_012","Hispanic or Latino (Any Race)",9.48126801152738,3.97644867884744
"3606928651",2023,"Ontario","Geneva town","B03002_006","Asian (Non-Hispanic)",1.87319884726225,1.64260437279901
"3606928651",2023,"Ontario","Geneva town","B03002_005","Native American (Non-Hispanic)",0,0.37463976945245
"3606928651",2023,"Ontario","Geneva town","B03002_007","Pacific Islander (Non-Hispanic)",0,0.37463976945245
"3606928651",2023,"Ontario","Geneva town","B03002_008","Other (Non-Hispanic)",0,0.37463976945245
"3606928651",2023,"Ontario","Geneva town","B03002_009","Two or More Races (Non-Hispanic)",3.28530259365994,2.24773313855558
"3606929531",2023,"Ontario","Gorham town","B03002_003","White (Non-Hispanic)",93.1530214424951,2.77351859191186
"3606929531",2023,"Ontario","Gorham town","B03002_004","Black (Non-Hispanic)",0.365497076023392,0.341123908076783
"3606929531",2023,"Ontario","Gorham town","B03002_012","Hispanic or Latino (Any Race)",2.09551656920078,1.19389422485085
"3606929531",2023,"Ontario","Gorham town","B03002_006","Asian (Non-Hispanic)",1.0233918128655,0.999007414896985
"3606929531",2023,"Ontario","Gorham town","B03002_005","Native American (Non-Hispanic)",0,0.316764132553606
"3606929531",2023,"Ontario","Gorham town","B03002_007","Pacific Islander (Non-Hispanic)",0,0.316764132553606
"3606929531",2023,"Ontario","Gorham town","B03002_008","Other (Non-Hispanic)",0,0.316764132553606
"3606929531",2023,"Ontario","Gorham town","B03002_009","Two or More Races (Non-Hispanic)",3.3625730994152,2.02232155336117
"3606935551",2023,"Ontario","Hopewell town","B03002_003","White (Non-Hispanic)",90.4445579969341,2.85695225624676
"3606935551",2023,"Ontario","Hopewell town","B03002_004","Black (Non-Hispanic)",3.80684721512519,2.09497028307159
"3606935551",2023,"Ontario","Hopewell town","B03002_012","Hispanic or Latino (Any Race)",3.96014307613694,1.58395253240069
"3606935551",2023,"Ontario","Hopewell town","B03002_006","Asian (Non-Hispanic)",0,0.332141032192131
"3606935551",2023,"Ontario","Hopewell town","B03002_005","Native American (Non-Hispanic)",0,0.332141032192131
"3606935551",2023,"Ontario","Hopewell town","B03002_007","Pacific Islander (Non-Hispanic)",0,0.332141032192131
"3606935551",2023,"Ontario","Hopewell town","B03002_008","Other (Non-Hispanic)",0,0.332141032192131
"3606935551",2023,"Ontario","Hopewell town","B03002_009","Two or More Races (Non-Hispanic)",1.78845171180378,1.17523948740376
"3606944864",2023,"Ontario","Manchester town","B03002_003","White (Non-Hispanic)",87.2388059701493,4.41999394322646
"3606944864",2023,"Ontario","Manchester town","B03002_004","Black (Non-Hispanic)",0.543710021321962,0.39445441178774
"3606944864",2023,"Ontario","Manchester town","B03002_012","Hispanic or Latino (Any Race)",4.37100213219616,2.22812349997314
"3606944864",2023,"Ontario","Manchester town","B03002_006","Asian (Non-Hispanic)",0.671641791044776,0.671640107823654
"3606944864",2023,"Ontario","Manchester town","B03002_005","Native American (Non-Hispanic)",0.277185501066098,0.223879736955788
"3606944864",2023,"Ontario","Manchester town","B03002_007","Pacific Islander (Non-Hispanic)",0,0.202558635394456
"3606944864",2023,"Ontario","Manchester town","B03002_008","Other (Non-Hispanic)",1.88699360341151,2.01492094434232
"3606944864",2023,"Ontario","Manchester town","B03002_009","Two or More Races (Non-Hispanic)",5.01066098081023,3.74198744967178
"3606949440",2023,"Ontario","Naples town","B03002_003","White (Non-Hispanic)",96.5716486902928,2.96829123933535
"3606949440",2023,"Ontario","Naples town","B03002_004","Black (Non-Hispanic)",0,0.500770416024653
"3606949440",2023,"Ontario","Naples town","B03002_012","Hispanic or Latino (Any Race)",0.462249614791988,0.42191412511181
"3606949440",2023,"Ontario","Naples town","B03002_006","Asian (Non-Hispanic)",1.04006163328197,0.842861570039505
"3606949440",2023,"Ontario","Naples town","B03002_005","Native American (Non-Hispanic)",0,0.500770416024653
"3606949440",2023,"Ontario","Naples town","B03002_007","Pacific Islander (Non-Hispanic)",0,0.500770416024653
"3606949440",2023,"Ontario","Naples town","B03002_008","Other (Non-Hispanic)",0,0.500770416024653
"3606949440",2023,"Ontario","Naples town","B03002_009","Two or More Races (Non-Hispanic)",1.92604006163328,1.60961895048022
"3606957529",2023,"Ontario","Phelps town","B03002_003","White (Non-Hispanic)",88.763197586727,4.45779795255345
"3606957529",2023,"Ontario","Phelps town","B03002_004","Black (Non-Hispanic)",1.20663650075415,0.889874152271688
"3606957529",2023,"Ontario","Phelps town","B03002_012","Hispanic or Latino (Any Race)",3.98190045248869,2.35285770304088
"3606957529",2023,"Ontario","Phelps town","B03002_006","Asian (Non-Hispanic)",0,0.28657616892911
"3606957529",2023,"Ontario","Phelps town","B03002_005","Native American (Non-Hispanic)",0,0.28657616892911
"3606957529",2023,"Ontario","Phelps town","B03002_007","Pacific Islander (Non-Hispanic)",0,0.28657616892911
"3606957529",2023,"Ontario","Phelps town","B03002_008","Other (Non-Hispanic)",0.708898944193062,1.04071800046842
"3606957529",2023,"Ontario","Phelps town","B03002_009","Two or More Races (Non-Hispanic)",5.3393665158371,3.16730932030628
"3606961544",2023,"Ontario","Richmond town","B03002_003","White (Non-Hispanic)",92.5981420437519,5.02750049076925
"3606961544",2023,"Ontario","Richmond town","B03002_004","Black (Non-Hispanic)",3.53611027869344,4.37512518405411
"3606961544",2023,"Ontario","Richmond town","B03002_012","Hispanic or Latino (Any Race)",1.10878034162421,1.76804002810897
"3606961544",2023,"Ontario","Richmond town","B03002_006","Asian (Non-Hispanic)",0.179802217560683,0.299668018097314
"3606961544",2023,"Ontario","Richmond town","B03002_005","Native American (Non-Hispanic)",0,0.38957147138148
"3606961544",2023,"Ontario","Richmond town","B03002_007","Pacific Islander (Non-Hispanic)",0,0.38957147138148
"3606961544",2023,"Ontario","Richmond town","B03002_008","Other (Non-Hispanic)",0.689241833982619,0.749162125957528
"3606961544",2023,"Ontario","Richmond town","B03002_009","Two or More Races (Non-Hispanic)",1.88792328438717,1.40839570729296
"3606966289",2023,"Ontario","Seneca town","B03002_003","White (Non-Hispanic)",96.9418960244648,1.76817491901348
"3606966289",2023,"Ontario","Seneca town","B03002_004","Black (Non-Hispanic)",0.611620795107034,0.726205611161258
"3606966289",2023,"Ontario","Seneca town","B03002_012","Hispanic or Latino (Any Race)",1.26146788990826,1.45239927736523
"3606966289",2023,"Ontario","Seneca town","B03002_006","Asian (Non-Hispanic)",0.458715596330275,0.573327461678516
"3606966289",2023,"Ontario","Seneca town","B03002_005","Native American (Non-Hispanic)",0.0764525993883792,0.191125912571325
"3606966289",2023,"Ontario","Seneca town","B03002_007","Pacific Islander (Non-Hispanic)",0,0.496941896024465
"3606966289",2023,"Ontario","Seneca town","B03002_008","Other (Non-Hispanic)",0,0.496941896024465
"3606966289",2023,"Ontario","Seneca town","B03002_009","Two or More Races (Non-Hispanic)",0.649847094801223,0.687961281097649
"3606968660",2023,"Ontario","South Bristol town","B03002_003","White (Non-Hispanic)",94.4444444444444,3.83860547137424
"3606968660",2023,"Ontario","South Bristol town","B03002_004","Black (Non-Hispanic)",0.603864734299517,0.601315593570355
"3606968660",2023,"Ontario","South Bristol town","B03002_012","Hispanic or Latino (Any Race)",1.02657004830918,1.0222365090696
"3606968660",2023,"Ontario","South Bristol town","B03002_006","Asian (Non-Hispanic)",0.664251207729469,0.661447152927391
"3606968660",2023,"Ontario","South Bristol town","B03002_005","Native American (Non-Hispanic)",0,0.785024154589372
"3606968660",2023,"Ontario","South Bristol town","B03002_007","Pacific Islander (Non-Hispanic)",0,0.785024154589372
"3606968660",2023,"Ontario","South Bristol town","B03002_008","Other (Non-Hispanic)",0.36231884057971,0.481945735906116
"3606968660",2023,"Ontario","South Bristol town","B03002_009","Two or More Races (Non-Hispanic)",2.89855072463768,1.91396444755925
"3606977387",2023,"Ontario","Victor town","B03002_003","White (Non-Hispanic)",89.3324113653508,2.50538695337221
"3606977387",2023,"Ontario","Victor town","B03002_004","Black (Non-Hispanic)",1.38923811918532,0.999491599293253
"3606977387",2023,"Ontario","Victor town","B03002_012","Hispanic or Latino (Any Race)",3.48881066130249,1.62809031249899
"3606977387",2023,"Ontario","Victor town","B03002_006","Asian (Non-Hispanic)",3.73397032939402,1.20690694590477
"3606977387",2023,"Ontario","Victor town","B03002_005","Native American (Non-Hispanic)",0,0.132009052049283
"3606977387",2023,"Ontario","Victor town","B03002_007","Pacific Islander (Non-Hispanic)",0,0.132009052049283
"3606977387",2023,"Ontario","Victor town","B03002_008","Other (Non-Hispanic)",0.282876540105607,0.364595803305792
"3606977387",2023,"Ontario","Victor town","B03002_009","Two or More Races (Non-Hispanic)",1.77269298466181,1.01834674047149
"3606979356",2023,"Ontario","West Bloomfield town","B03002_003","White (Non-Hispanic)",95.9824689554419,2.31502752348632
"3606979356",2023,"Ontario","West Bloomfield town","B03002_004","Black (Non-Hispanic)",0,0.474799123447772
"3606979356",2023,"Ontario","West Bloomfield town","B03002_012","Hispanic or Latino (Any Race)",0.913075237399562,1.46091181590178
"3606979356",2023,"Ontario","West Bloomfield town","B03002_006","Asian (Non-Hispanic)",0.365230094959825,0.474794907349095
"3606979356",2023,"Ontario","West Bloomfield town","B03002_005","Native American (Non-Hispanic)",0.0365230094959825,0.0730457449462536
"3606979356",2023,"Ontario","West Bloomfield town","B03002_007","Pacific Islander (Non-Hispanic)",0,0.474799123447772
"3606979356",2023,"Ontario","West Bloomfield town","B03002_008","Other (Non-Hispanic)",0,0.474799123447772
"3606979356",2023,"Ontario","West Bloomfield town","B03002_009","Two or More Races (Non-Hispanic)",2.7027027027027,1.97218693157392
"3607300000",2023,"Orleans","County subdivisions not defined","B03002_003","White (Non-Hispanic)",0,0
"3607300000",2023,"Orleans","County subdivisions not defined","B03002_004","Black (Non-Hispanic)",0,0
"3607300000",2023,"Orleans","County subdivisions not defined","B03002_012","Hispanic or Latino (Any Race)",0,0
"3607300000",2023,"Orleans","County subdivisions not defined","B03002_006","Asian (Non-Hispanic)",0,0
"3607300000",2023,"Orleans","County subdivisions not defined","B03002_005","Native American (Non-Hispanic)",0,0
"3607300000",2023,"Orleans","County subdivisions not defined","B03002_007","Pacific Islander (Non-Hispanic)",0,0
"3607300000",2023,"Orleans","County subdivisions not defined","B03002_008","Other (Non-Hispanic)",0,0
"3607300000",2023,"Orleans","County subdivisions not defined","B03002_009","Two or More Races (Non-Hispanic)",0,0
"3607301044",2023,"Orleans","Albion town","B03002_003","White (Non-Hispanic)",75.0279017857143,4.39049059497581
"3607301044",2023,"Orleans","Albion town","B03002_004","Black (Non-Hispanic)",13.7137276785714,2.45511563194858
"3607301044",2023,"Orleans","Albion town","B03002_012","Hispanic or Latino (Any Race)",6.36160714285714,3.27842090029993
"3607301044",2023,"Orleans","Albion town","B03002_006","Asian (Non-Hispanic)",0,0.265066964285714
"3607301044",2023,"Orleans","Albion town","B03002_005","Native American (Non-Hispanic)",0.809151785714286,1.01841315156753
"3607301044",2023,"Orleans","Albion town","B03002_007","Pacific Islander (Non-Hispanic)",0,0.265066964285714
"3607301044",2023,"Orleans","Albion town","B03002_008","Other (Non-Hispanic)",0.404575892857143,0.34877084171406
"3607301044",2023,"Orleans","Albion town","B03002_009","Two or More Races (Non-Hispanic)",3.68303571428571,1.91124994396527
"3607304572",2023,"Orleans","Barre town","B03002_003","White (Non-Hispanic)",95.2695829094608,2.54518048123093
"3607304572",2023,"Orleans","Barre town","B03002_004","Black (Non-Hispanic)",0.762970498474059,0.861209375358017
"3607304572",2023,"Orleans","Barre town","B03002_012","Hispanic or Latino (Any Race)",1.62767039674466,1.56808763442217
"3607304572",2023,"Orleans","Barre town","B03002_006","Asian (Non-Hispanic)",0,0.661241098677518
"3607304572",2023,"Orleans","Barre town","B03002_005","Native American (Non-Hispanic)",0.356052899287894,0.354205735120007
"3607304572",2023,"Orleans","Barre town","B03002_007","Pacific Islander (Non-Hispanic)",0,0.661241098677518
"3607304572",2023,"Orleans","Barre town","B03002_008","Other (Non-Hispanic)",0,0.661241098677518
"3607304572",2023,"Orleans","Barre town","B03002_009","Two or More Races (Non-Hispanic)",1.98372329603255,1.25550253563792
"3607312496",2023,"Orleans","Carlton town","B03002_003","White (Non-Hispanic)",87.6018420120439,3.64605818661639
"3607312496",2023,"Orleans","Carlton town","B03002_004","Black (Non-Hispanic)",4.92383988664541,3.64848029381973
"3607312496",2023,"Orleans","Carlton town","B03002_012","Hispanic or Latino (Any Race)",3.29436769394261,3.47142755026648
"3607312496",2023,"Orleans","Carlton town","B03002_006","Asian (Non-Hispanic)",0,0.460503010981226
"3607312496",2023,"Orleans","Carlton town","B03002_005","Native American (Non-Hispanic)",0.779312787814382,0.956417816679772
"3607312496",2023,"Orleans","Carlton town","B03002_007","Pacific Islander (Non-Hispanic)",0,0.460503010981226
"3607312496",2023,"Orleans","Carlton town","B03002_008","Other (Non-Hispanic)",0.53134962805526,0.92100046361497
"3607312496",2023,"Orleans","Carlton town","B03002_009","Two or More Races (Non-Hispanic)",2.86928799149841,1.80650610400776
"3607315880",2023,"Orleans","Clarendon town","B03002_003","White (Non-Hispanic)",96.6173361522199,2.16511286495212
"3607315880",2023,"Orleans","Clarendon town","B03002_004","Black (Non-Hispanic)",0.241618846270009,0.573843084845531
"3607315880",2023,"Orleans","Clarendon town","B03002_012","Hispanic or Latino (Any Race)",0.422832980972516,0.875864956805721
"3607315880",2023,"Orleans","Clarendon town","B03002_006","Asian (Non-Hispanic)",1.02688009664754,1.35909323567718
"3607315880",2023,"Orleans","Clarendon town","B03002_005","Native American (Non-Hispanic)",0,0.392630625188765
"3607315880",2023,"Orleans","Clarendon town","B03002_007","Pacific Islander (Non-Hispanic)",0,0.392630625188765
"3607315880",2023,"Orleans","Clarendon town","B03002_008","Other (Non-Hispanic)",0,0.392630625188765
"3607315880",2023,"Orleans","Clarendon town","B03002_009","Two or More Races (Non-Hispanic)",1.69133192389006,1.47988360723897
"3607327958",2023,"Orleans","Gaines town","B03002_003","White (Non-Hispanic)",93.6196700902583,3.83727012604909
"3607327958",2023,"Orleans","Gaines town","B03002_004","Black (Non-Hispanic)",2.55213196389667,2.39645044853001
"3607327958",2023,"Orleans","Gaines town","B03002_012","Hispanic or Latino (Any Race)",2.89449112978525,2.95667182603998
"3607327958",2023,"Orleans","Gaines town","B03002_006","Asian (Non-Hispanic)",0.529100529100529,0.93369978757978
"3607327958",2023,"Orleans","Gaines town","B03002_005","Native American (Non-Hispanic)",0,0.404606286959228
"3607327958",2023,"Orleans","Gaines town","B03002_007","Pacific Islander (Non-Hispanic)",0,0.404606286959228
"3607327958",2023,"Orleans","Gaines town","B03002_008","Other (Non-Hispanic)",0,0.404606286959228
"3607327958",2023,"Orleans","Gaines town","B03002_009","Two or More Races (Non-Hispanic)",0.404606286959228,0.964826399105093
"3607339188",2023,"Orleans","Kendall town","B03002_003","White (Non-Hispanic)",82.258064516129,7.85194282041551
"3607339188",2023,"Orleans","Kendall town","B03002_004","Black (Non-Hispanic)",0.268817204301075,0.460825746734749
"3607339188",2023,"Orleans","Kendall town","B03002_012","Hispanic or Latino (Any Race)",15.4761904761905,8.25583534010264
"3607339188",2023,"Orleans","Kendall town","B03002_006","Asian (Non-Hispanic)",0.115207373271889,0.153607766706852
"3607339188",2023,"Orleans","Kendall town","B03002_005","Native American (Non-Hispanic)",0,0.499231950844854
"3607339188",2023,"Orleans","Kendall town","B03002_007","Pacific Islander (Non-Hispanic)",0,0.499231950844854
"3607339188",2023,"Orleans","Kendall town","B03002_008","Other (Non-Hispanic)",0.576036866359447,0.84484468738813
"3607339188",2023,"Orleans","Kendall town","B03002_009","Two or More Races (Non-Hispanic)",1.30568356374808,1.34405571842622
"3607349286",2023,"Orleans","Murray town","B03002_003","White (Non-Hispanic)",86.0630085541414,4.7373768293839
"3607349286",2023,"Orleans","Murray town","B03002_004","Black (Non-Hispanic)",2.77488003338202,2.10719391496357
"3607349286",2023,"Orleans","Murray town","B03002_012","Hispanic or Latino (Any Race)",5.67494262466096,3.2963515463643
"3607349286",2023,"Orleans","Murray town","B03002_006","Asian (Non-Hispanic)",0.438138952639266,0.500725425412149
"3607349286",2023,"Orleans","Murray town","B03002_005","Native American (Non-Hispanic)",0,0.271228875443355
"3607349286",2023,"Orleans","Murray town","B03002_007","Pacific Islander (Non-Hispanic)",0,0.271228875443355
"3607349286",2023,"Orleans","Murray town","B03002_008","Other (Non-Hispanic)",0,0.271228875443355
"3607349286",2023,"Orleans","Murray town","B03002_009","Two or More Races (Non-Hispanic)",5.0490298351763,2.73303558058883
"3607361742",2023,"Orleans","Ridgeway town","B03002_003","White (Non-Hispanic)",79.5812318508329,5.16009549282429
"3607361742",2023,"Orleans","Ridgeway town","B03002_004","Black (Non-Hispanic)",4.90600641907382,2.8426931366092
"3607361742",2023,"Orleans","Ridgeway town","B03002_012","Hispanic or Latino (Any Race)",7.47363594681339,4.98237159224364
"3607361742",2023,"Orleans","Ridgeway town","B03002_006","Asian (Non-Hispanic)",1.81873758214886,1.4519227207268
"3607361742",2023,"Orleans","Ridgeway town","B03002_005","Native American (Non-Hispanic)",0.519639309185389,0.748890261127703
"3607361742",2023,"Orleans","Ridgeway town","B03002_007","Pacific Islander (Non-Hispanic)",0,0.29038667278007
"3607361742",2023,"Orleans","Ridgeway town","B03002_008","Other (Non-Hispanic)",0.580773345560141,0.764173392644756
"3607361742",2023,"Orleans","Ridgeway town","B03002_009","Two or More Races (Non-Hispanic)",5.11997554638545,2.70513583867359
"3607366751",2023,"Orleans","Shelby town","B03002_003","White (Non-Hispanic)",89.4725999175937,3.00876101036364
"3607366751",2023,"Orleans","Shelby town","B03002_004","Black (Non-Hispanic)",2.06015657189946,1.35963119911216
"3607366751",2023,"Orleans","Shelby town","B03002_012","Hispanic or Latino (Any Race)",3.0902348578492,1.91583042281743
"3607366751",2023,"Orleans","Shelby town","B03002_006","Asian (Non-Hispanic)",1.48331273176761,1.42147226452874
"3607366751",2023,"Orleans","Shelby town","B03002_005","Native American (Non-Hispanic)",0.906468891635764,0.638618803357291
"3607366751",2023,"Orleans","Shelby town","B03002_007","Pacific Islander (Non-Hispanic)",0,0.26782035434693
"3607366751",2023,"Orleans","Shelby town","B03002_008","Other (Non-Hispanic)",0,0.26782035434693
"3607366751",2023,"Orleans","Shelby town","B03002_009","Two or More Races (Non-Hispanic)",2.98722702925422,2.03945389244767
"3607383448",2023,"Orleans","Yates town","B03002_003","White (Non-Hispanic)",92.4512650352551,3.42753822763574
"3607383448",2023,"Orleans","Yates town","B03002_004","Black (Non-Hispanic)",0.829531314807134,1.03469648090819
"3607383448",2023,"Orleans","Yates town","B03002_012","Hispanic or Latino (Any Race)",3.15221899626711,2.39181279253147
"3607383448",2023,"Orleans","Yates town","B03002_006","Asian (Non-Hispanic)",0,0.539195354624637
"3607383448",2023,"Orleans","Yates town","B03002_005","Native American (Non-Hispanic)",0.207382828701784,0.37290429417872
"3607383448",2023,"Orleans","Yates town","B03002_007","Pacific Islander (Non-Hispanic)",0,0.539195354624637
"3607383448",2023,"Orleans","Yates town","B03002_008","Other (Non-Hispanic)",0.331812525922854,0.455435950309705
"3607383448",2023,"Orleans","Yates town","B03002_009","Two or More Races (Non-Hispanic)",3.02778929904604,2.30947455567653
"3609918663",2023,"Seneca","Covert town","B03002_003","White (Non-Hispanic)",91.6791979949875,5.6831619318463
"3609918663",2023,"Seneca","Covert town","B03002_004","Black (Non-Hispanic)",0.701754385964912,0.645474794111119
"3609918663",2023,"Seneca","Covert town","B03002_012","Hispanic or Latino (Any Race)",2.15538847117794,2.18837485471595
"3609918663",2023,"Seneca","Covert town","B03002_006","Asian (Non-Hispanic)",1.65413533834586,1.33689704666462
"3609918663",2023,"Seneca","Covert town","B03002_005","Native American (Non-Hispanic)",0.150375939849624,0.249894220567788
"3609918663",2023,"Seneca","Covert town","B03002_007","Pacific Islander (Non-Hispanic)",0.150375939849624,0.249894220567788
"3609918663",2023,"Seneca","Covert town","B03002_008","Other (Non-Hispanic)",0.401002506265664,0.599333099428466
"3609918663",2023,"Seneca","Covert town","B03002_009","Two or More Races (Non-Hispanic)",3.1077694235589,2.16973077371764
"3609925505",2023,"Seneca","Fayette town","B03002_003","White (Non-Hispanic)",96.3931718061674,2.76744040915842
"3609925505",2023,"Seneca","Fayette town","B03002_004","Black (Non-Hispanic)",0.385462555066079,0.330390953013731
"3609925505",2023,"Seneca","Fayette town","B03002_012","Hispanic or Latino (Any Race)",1.23898678414097,1.70703741450986
"3609925505",2023,"Seneca","Fayette town","B03002_006","Asian (Non-Hispanic)",0.19273127753304,0.247795515917677
"3609925505",2023,"Seneca","Fayette town","B03002_005","Native American (Non-Hispanic)",0,0.357929515418502
"3609925505",2023,"Seneca","Fayette town","B03002_007","Pacific Islander (Non-Hispanic)",0,0.357929515418502
"3609925505",2023,"Seneca","Fayette town","B03002_008","Other (Non-Hispanic)",0.963656387665198,1.62444231879649
"3609925505",2023,"Seneca","Fayette town","B03002_009","Two or More Races (Non-Hispanic)",0.825991189427313,0.605713039695621
"3609928640",2023,"Seneca","Geneva city","B03002_003","White (Non-Hispanic)",0,0
"3609928640",2023,"Seneca","Geneva city","B03002_004","Black (Non-Hispanic)",0,0
"3609928640",2023,"Seneca","Geneva city","B03002_012","Hispanic or Latino (Any Race)",0,0
"3609928640",2023,"Seneca","Geneva city","B03002_006","Asian (Non-Hispanic)",0,0
"3609928640",2023,"Seneca","Geneva city","B03002_005","Native American (Non-Hispanic)",0,0
"3609928640",2023,"Seneca","Geneva city","B03002_007","Pacific Islander (Non-Hispanic)",0,0
"3609928640",2023,"Seneca","Geneva city","B03002_008","Other (Non-Hispanic)",0,0
"3609928640",2023,"Seneca","Geneva city","B03002_009","Two or More Races (Non-Hispanic)",0,0
"3609938858",2023,"Seneca","Junius town","B03002_003","White (Non-Hispanic)",83.7651122625216,4.72781060322373
"3609938858",2023,"Seneca","Junius town","B03002_004","Black (Non-Hispanic)",3.79965457685665,3.4146052566871
"3609938858",2023,"Seneca","Junius town","B03002_012","Hispanic or Latino (Any Race)",10.1899827288428,6.76529813624759
"3609938858",2023,"Seneca","Junius town","B03002_006","Asian (Non-Hispanic)",0,1.12262521588946
"3609938858",2023,"Seneca","Junius town","B03002_005","Native American (Non-Hispanic)",0,1.12262521588946
"3609938858",2023,"Seneca","Junius town","B03002_007","Pacific Islander (Non-Hispanic)",0,1.12262521588946
"3609938858",2023,"Seneca","Junius town","B03002_008","Other (Non-Hispanic)",0.345423143350604,0.429166138911567
"3609938858",2023,"Seneca","Junius town","B03002_009","Two or More Races (Non-Hispanic)",1.89982728842832,1.53235955699969
"3609943225",2023,"Seneca","Lodi town","B03002_003","White (Non-Hispanic)",94.2823803967328,6.825735770754
"3609943225",2023,"Seneca","Lodi town","B03002_004","Black (Non-Hispanic)",0,0.758459743290548
"3609943225",2023,"Seneca","Lodi town","B03002_012","Hispanic or Latino (Any Race)",2.33372228704784,1.70422097824241
"3609943225",2023,"Seneca","Lodi town","B03002_006","Asian (Non-Hispanic)",0,0.758459743290548
"3609943225",2023,"Seneca","Lodi town","B03002_005","Native American (Non-Hispanic)",0.991831971995333,1.15447741772402
"3609943225",2023,"Seneca","Lodi town","B03002_007","Pacific Islander (Non-Hispanic)",0,0.758459743290548
"3609943225",2023,"Seneca","Lodi town","B03002_008","Other (Non-Hispanic)",0,0.758459743290548
"3609943225",2023,"Seneca","Lodi town","B03002_009","Two or More Races (Non-Hispanic)",2.39206534422404,1.52126364203769
"3609955827",2023,"Seneca","Ovid town","B03002_003","White (Non-Hispanic)",88.8256227758007,3.10382220347941
"3609955827",2023,"Seneca","Ovid town","B03002_004","Black (Non-Hispanic)",5.83629893238434,1.35131593729241
"3609955827",2023,"Seneca","Ovid town","B03002_012","Hispanic or Latino (Any Race)",4.05693950177936,2.31288564604336
"3609955827",2023,"Seneca","Ovid town","B03002_006","Asian (Non-Hispanic)",0,0.462633451957295
"3609955827",2023,"Seneca","Ovid town","B03002_005","Native American (Non-Hispanic)",0,0.462633451957295
"3609955827",2023,"Seneca","Ovid town","B03002_007","Pacific Islander (Non-Hispanic)",0,0.462633451957295
"3609955827",2023,"Seneca","Ovid town","B03002_008","Other (Non-Hispanic)",0.427046263345196,0.569382341905235
"3609955827",2023,"Seneca","Ovid town","B03002_009","Two or More Races (Non-Hispanic)",0.854092526690391,0.854058724028778
"3609963440",2023,"Seneca","Romulus town","B03002_003","White (Non-Hispanic)",64.5706072583543,8.10660332708163
"3609963440",2023,"Seneca","Romulus town","B03002_004","Black (Non-Hispanic)",21.0923463887891,1.2300590279929
"3609963440",2023,"Seneca","Romulus town","B03002_012","Hispanic or Latino (Any Race)",6.79123248293209,2.46100132917659
"3609963440",2023,"Seneca","Romulus town","B03002_006","Asian (Non-Hispanic)",0.143729787998563,0.178866738256328
"3609963440",2023,"Seneca","Romulus town","B03002_005","Native American (Non-Hispanic)",0,0.467121810995329
"3609963440",2023,"Seneca","Romulus town","B03002_007","Pacific Islander (Non-Hispanic)",0.0359324469996407,0.107714628472911
"3609963440",2023,"Seneca","Romulus town","B03002_008","Other (Non-Hispanic)",1.54509522098455,0.989593312241193
"3609963440",2023,"Seneca","Romulus town","B03002_009","Two or More Races (Non-Hispanic)",5.82105641394179,3.19751826790125
"3609966333",2023,"Seneca","Seneca Falls town","B03002_003","White (Non-Hispanic)",88.7295765255085,2.20213100321011
"3609966333",2023,"Seneca","Seneca Falls town","B03002_004","Black (Non-Hispanic)",2.378570634656,1.178157420321
"3609966333",2023,"Seneca","Seneca Falls town","B03002_012","Hispanic or Latino (Any Race)",2.7675891963988,0.789125499437841
"3609966333",2023,"Seneca","Seneca Falls town","B03002_006","Asian (Non-Hispanic)",2.01178170501278,0.74467787055151
"3609966333",2023,"Seneca","Seneca Falls town","B03002_005","Native American (Non-Hispanic)",0,0.211181504946093
"3609966333",2023,"Seneca","Seneca Falls town","B03002_007","Pacific Islander (Non-Hispanic)",0,0.211181504946093
"3609966333",2023,"Seneca","Seneca Falls town","B03002_008","Other (Non-Hispanic)",0.577970434589308,0.711346947974807
"3609966333",2023,"Seneca","Seneca Falls town","B03002_009","Two or More Races (Non-Hispanic)",3.53451150383461,1.35598246153433
"3609975902",2023,"Seneca","Tyre town","B03002_003","White (Non-Hispanic)",96.0591133004926,3.52958942962336
"3609975902",2023,"Seneca","Tyre town","B03002_004","Black (Non-Hispanic)",1.37931034482759,1.65829524970883
"3609975902",2023,"Seneca","Tyre town","B03002_012","Hispanic or Latino (Any Race)",0.689655172413793,0.978184245963559
"3609975902",2023,"Seneca","Tyre town","B03002_006","Asian (Non-Hispanic)",0,1.2807881773399
"3609975902",2023,"Seneca","Tyre town","B03002_005","Native American (Non-Hispanic)",0,1.2807881773399
"3609975902",2023,"Seneca","Tyre town","B03002_007","Pacific Islander (Non-Hispanic)",0,1.2807881773399
"3609975902",2023,"Seneca","Tyre town","B03002_008","Other (Non-Hispanic)",0,1.2807881773399
"3609975902",2023,"Seneca","Tyre town","B03002_009","Two or More Races (Non-Hispanic)",1.87192118226601,1.54372828426401
"3609976958",2023,"Seneca","Varick town","B03002_003","White (Non-Hispanic)",87.6264128494944,5.94346808037658
"3609976958",2023,"Seneca","Varick town","B03002_004","Black (Non-Hispanic)",3.56930398572278,2.20038861652531
"3609976958",2023,"Seneca","Varick town","B03002_012","Hispanic or Latino (Any Race)",6.06781677572873,4.79787791483694
"3609976958",2023,"Seneca","Varick town","B03002_006","Asian (Non-Hispanic)",0.118976799524093,0.29694023079572
"3609976958",2023,"Seneca","Varick town","B03002_005","Native American (Non-Hispanic)",0,0.773349196906603
"3609976958",2023,"Seneca","Varick town","B03002_007","Pacific Islander (Non-Hispanic)",0,0.773349196906603
"3609976958",2023,"Seneca","Varick town","B03002_008","Other (Non-Hispanic)",0.535395597858418,0.589786037731389
"3609976958",2023,"Seneca","Varick town","B03002_009","Two or More Races (Non-Hispanic)",2.08209399167162,1.33443825814368
"3609978564",2023,"Seneca","Waterloo town","B03002_003","White (Non-Hispanic)",88.991825613079,2.86225788145649
"3609978564",2023,"Seneca","Waterloo town","B03002_004","Black (Non-Hispanic)",1.13079019073569,0.953672451477242
"3609978564",2023,"Seneca","Waterloo town","B03002_012","Hispanic or Latino (Any Race)",6.1716621253406,2.5203680848209
"3609978564",2023,"Seneca","Waterloo town","B03002_006","Asian (Non-Hispanic)",0,0.258855585831063
"3609978564",2023,"Seneca","Waterloo town","B03002_005","Native American (Non-Hispanic)",0,0.258855585831063
"3609978564",2023,"Seneca","Waterloo town","B03002_007","Pacific Islander (Non-Hispanic)",0,0.258855585831063
"3609978564",2023,"Seneca","Waterloo town","B03002_008","Other (Non-Hispanic)",0.272479564032698,0.463214538895205
"3609978564",2023,"Seneca","Waterloo town","B03002_009","Two or More Races (Non-Hispanic)",3.43324250681199,1.67571772315427
"3611700000",2023,"Wayne","County subdivisions not defined","B03002_003","White (Non-Hispanic)",0,0
"3611700000",2023,"Wayne","County subdivisions not defined","B03002_004","Black (Non-Hispanic)",0,0
"3611700000",2023,"Wayne","County subdivisions not defined","B03002_012","Hispanic or Latino (Any Race)",0,0
"3611700000",2023,"Wayne","County subdivisions not defined","B03002_006","Asian (Non-Hispanic)",0,0
"3611700000",2023,"Wayne","County subdivisions not defined","B03002_005","Native American (Non-Hispanic)",0,0
"3611700000",2023,"Wayne","County subdivisions not defined","B03002_007","Pacific Islander (Non-Hispanic)",0,0
"3611700000",2023,"Wayne","County subdivisions not defined","B03002_008","Other (Non-Hispanic)",0,0
"3611700000",2023,"Wayne","County subdivisions not defined","B03002_009","Two or More Races (Non-Hispanic)",0,0
"3611702440",2023,"Wayne","Arcadia town","B03002_003","White (Non-Hispanic)",80.0395256916996,3.88393241071062
"3611702440",2023,"Wayne","Arcadia town","B03002_004","Black (Non-Hispanic)",2.70824183867662,1.49318457356801
"3611702440",2023,"Wayne","Arcadia town","B03002_012","Hispanic or Latino (Any Race)",12.2602839994144,3.08877813452768
"3611702440",2023,"Wayne","Arcadia town","B03002_006","Asian (Non-Hispanic)",0.790513833992095,0.841749598790792
"3611702440",2023,"Wayne","Arcadia town","B03002_005","Native American (Non-Hispanic)",0,0.153711023276241
"3611702440",2023,"Wayne","Arcadia town","B03002_007","Pacific Islander (Non-Hispanic)",0.146391450739277,0.226906590519026
"3611702440",2023,"Wayne","Arcadia town","B03002_008","Other (Non-Hispanic)",0.139071878202313,0.21958702864245
"3611702440",2023,"Wayne","Arcadia town","B03002_009","Two or More Races (Non-Hispanic)",3.91597130727566,1.5736917807682
"3611711473",2023,"Wayne","Butler town","B03002_003","White (Non-Hispanic)",87.8483835005574,6.47977452920967
"3611711473",2023,"Wayne","Butler town","B03002_004","Black (Non-Hispanic)",0.111482720178372,0.277837285225263
"3611711473",2023,"Wayne","Butler town","B03002_012","Hispanic or Latino (Any Race)",1.56075808249721,1.81349994185335
"3611711473",2023,"Wayne","Butler town","B03002_006","Asian (Non-Hispanic)",0.390189520624303,0.608301687196195
"3611711473",2023,"Wayne","Butler town","B03002_005","Native American (Non-Hispanic)",0,0.72463768115942
"3611711473",2023,"Wayne","Butler town","B03002_007","Pacific Islander (Non-Hispanic)",0,0.72463768115942
"3611711473",2023,"Wayne","Butler town","B03002_008","Other (Non-Hispanic)",7.19063545150502,8.91792964128461
"3611711473",2023,"Wayne","Butler town","B03002_009","Two or More Races (Non-Hispanic)",2.89855072463768,1.86522498052755
"3611728013",2023,"Wayne","Galen town","B03002_003","White (Non-Hispanic)",92.1142857142857,3.46123708030055
"3611728013",2023,"Wayne","Galen town","B03002_004","Black (Non-Hispanic)",1.46285714285714,1.16561717464822
"3611728013",2023,"Wayne","Galen town","B03002_012","Hispanic or Latino (Any Race)",1.12,1.1656573619715
"3611728013",2023,"Wayne","Galen town","B03002_006","Asian (Non-Hispanic)",0.0457142857142857,0.137142051076348
"3611728013",2023,"Wayne","Galen town","B03002_005","Native American (Non-Hispanic)",0.182857142857143,0.205705687517104
"3611728013",2023,"Wayne","Galen town","B03002_007","Pacific Islander (Non-Hispanic)",0,0.297142857142857
"3611728013",2023,"Wayne","Galen town","B03002_008","Other (Non-Hispanic)",0.571428571428571,0.845693861545197
"3611728013",2023,"Wayne","Galen town","B03002_009","Two or More Races (Non-Hispanic)",4.50285714285714,2.51385909795759
"3611737165",2023,"Wayne","Huron town","B03002_003","White (Non-Hispanic)",84.6119733924612,6.73575311699094
"3611737165",2023,"Wayne","Huron town","B03002_004","Black (Non-Hispanic)",6.82926829268293,4.66972115958609
"3611737165",2023,"Wayne","Huron town","B03002_012","Hispanic or Latino (Any Race)",7.09534368070953,5.38395038718344
"3611737165",2023,"Wayne","Huron town","B03002_006","Asian (Non-Hispanic)",0,0.57649667405765
"3611737165",2023,"Wayne","Huron town","B03002_005","Native American (Non-Hispanic)",0,0.57649667405765
"3611737165",2023,"Wayne","Huron town","B03002_007","Pacific Islander (Non-Hispanic)",0,0.57649667405765
"3611737165",2023,"Wayne","Huron town","B03002_008","Other (Non-Hispanic)",0.753880266075388,1.10474495079897
"3611737165",2023,"Wayne","Huron town","B03002_009","Two or More Races (Non-Hispanic)",0.709534368070953,0.524912378415237
"3611743973",2023,"Wayne","Lyons town","B03002_003","White (Non-Hispanic)",84.4815340909091,4.76864056031797
"3611743973",2023,"Wayne","Lyons town","B03002_004","Black (Non-Hispanic)",2.36150568181818,1.40267855847664
"3611743973",2023,"Wayne","Lyons town","B03002_012","Hispanic or Latino (Any Race)",9.28622159090909,3.97716199136209
"3611743973",2023,"Wayne","Lyons town","B03002_006","Asian (Non-Hispanic)",0,0.337357954545455
"3611743973",2023,"Wayne","Lyons town","B03002_005","Native American (Non-Hispanic)",0,0.337357954545455
"3611743973",2023,"Wayne","Lyons town","B03002_007","Pacific Islander (Non-Hispanic)",0,0.337357954545455
"3611743973",2023,"Wayne","Lyons town","B03002_008","Other (Non-Hispanic)",0.230823863636364,0.355112870089348
"3611743973",2023,"Wayne","Lyons town","B03002_009","Two or More Races (Non-Hispanic)",3.63991477272727,2.00635831982969
"3611744160",2023,"Wayne","Macedon town","B03002_003","White (Non-Hispanic)",87.2774360634509,3.88312542357895
"3611744160",2023,"Wayne","Macedon town","B03002_004","Black (Non-Hispanic)",0.507176000863278,0.464008571025922
"3611744160",2023,"Wayne","Macedon town","B03002_012","Hispanic or Latino (Any Race)",4.66170281644545,2.98905501459754
"3611744160",2023,"Wayne","Macedon town","B03002_006","Asian (Non-Hispanic)",1.86683932232653,1.39202038372544
"3611744160",2023,"Wayne","Macedon town","B03002_005","Native American (Non-Hispanic)",0,0.205028596093666
"3611744160",2023,"Wayne","Macedon town","B03002_007","Pacific Islander (Non-Hispanic)",0,0.205028596093666
"3611744160",2023,"Wayne","Macedon town","B03002_008","Other (Non-Hispanic)",0.604294809539225,0.679828254948518
"3611744160",2023,"Wayne","Macedon town","B03002_009","Two or More Races (Non-Hispanic)",5.08255098737455,2.88113447604756
"3611745645",2023,"Wayne","Marion town","B03002_003","White (Non-Hispanic)",92.2485726833553,4.71133635815686
"3611745645",2023,"Wayne","Marion town","B03002_004","Black (Non-Hispanic)",0,0.28546332894159
"3611745645",2023,"Wayne","Marion town","B03002_012","Hispanic or Latino (Any Race)",6.65349143610013,4.76499132496049
"3611745645",2023,"Wayne","Marion town","B03002_006","Asian (Non-Hispanic)",0.241545893719807,0.461132383487881
"3611745645",2023,"Wayne","Marion town","B03002_005","Native American (Non-Hispanic)",0,0.28546332894159
"3611745645",2023,"Wayne","Marion town","B03002_007","Pacific Islander (Non-Hispanic)",0,0.28546332894159
"3611745645",2023,"Wayne","Marion town","B03002_008","Other (Non-Hispanic)",0.417215634606939,0.680718858800516
"3611745645",2023,"Wayne","Marion town","B03002_009","Two or More Races (Non-Hispanic)",0.439174352217831,0.527007237375711
"3611755013",2023,"Wayne","Ontario town","B03002_003","White (Non-Hispanic)",89.4556201735151,2.60722978902792
"3611755013",2023,"Wayne","Ontario town","B03002_004","Black (Non-Hispanic)",1.62074554294976,1.07731509587213
"3611755013",2023,"Wayne","Ontario town","B03002_012","Hispanic or Latino (Any Race)",2.43111831442464,1.26798739518083
"3611755013",2023,"Wayne","Ontario town","B03002_006","Asian (Non-Hispanic)",0.524358852130804,0.476688919269284
"3611755013",2023,"Wayne","Ontario town","B03002_005","Native American (Non-Hispanic)",0.0286013919344075,0.0476689584028611
"3611755013",2023,"Wayne","Ontario town","B03002_007","Pacific Islander (Non-Hispanic)",0,0.200209743540852
"3611755013",2023,"Wayne","Ontario town","B03002_008","Other (Non-Hispanic)",0.0667365811802841,0.104871700750918
"3611755013",2023,"Wayne","Ontario town","B03002_009","Two or More Races (Non-Hispanic)",5.872819143865,1.85906003849302
"3611756198",2023,"Wayne","Palmyra town","B03002_003","White (Non-Hispanic)",93.3441558441558,2.49117855361521
"3611756198",2023,"Wayne","Palmyra town","B03002_004","Black (Non-Hispanic)",0.906385281385281,0.865797731347959
"3611756198",2023,"Wayne","Palmyra town","B03002_012","Hispanic or Latino (Any Race)",1.48809523809524,1.08224432316354
"3611756198",2023,"Wayne","Palmyra town","B03002_006","Asian (Non-Hispanic)",1.66396103896104,1.86687821770716
"3611756198",2023,"Wayne","Palmyra town","B03002_005","Native American (Non-Hispanic)",0.0541125541125541,0.0946968675528174
"3611756198",2023,"Wayne","Palmyra town","B03002_007","Pacific Islander (Non-Hispanic)",0,0.257034632034632
"3611756198",2023,"Wayne","Palmyra town","B03002_008","Other (Non-Hispanic)",0.202922077922078,0.216449588023706
"3611756198",2023,"Wayne","Palmyra town","B03002_009","Two or More Races (Non-Hispanic)",2.34036796536797,1.42044180760291
"3611763605",2023,"Wayne","Rose town","B03002_003","White (Non-Hispanic)",93.9591078066914,5.53531841603889
"3611763605",2023,"Wayne","Rose town","B03002_004","Black (Non-Hispanic)",0.557620817843866,1.25140223135233
"3611763605",2023,"Wayne","Rose town","B03002_012","Hispanic or Latino (Any Race)",2.74163568773234,2.3280490023703
"3611763605",2023,"Wayne","Rose town","B03002_006","Asian (Non-Hispanic)",1.76579925650558,2.21212980406314
"3611763605",2023,"Wayne","Rose town","B03002_005","Native American (Non-Hispanic)",0,0.604089219330855
"3611763605",2023,"Wayne","Rose town","B03002_007","Pacific Islander (Non-Hispanic)",0,0.604089219330855
"3611763605",2023,"Wayne","Rose town","B03002_008","Other (Non-Hispanic)",0,0.604089219330855
"3611763605",2023,"Wayne","Rose town","B03002_009","Two or More Races (Non-Hispanic)",0.975836431226766,0.915872966799426
"3611765343",2023,"Wayne","Savannah town","B03002_003","White (Non-Hispanic)",92.8219563687544,6.99034278599323
"3611765343",2023,"Wayne","Savannah town","B03002_004","Black (Non-Hispanic)",0.140745953553835,0.350869673517087
"3611765343",2023,"Wayne","Savannah town","B03002_012","Hispanic or Latino (Any Race)",2.60380014074595,2.91489224404392
"3611765343",2023,"Wayne","Savannah town","B03002_006","Asian (Non-Hispanic)",0.91484869809993,1.18392673564282
"3611765343",2023,"Wayne","Savannah town","B03002_005","Native American (Non-Hispanic)",0,0.91484869809993
"3611765343",2023,"Wayne","Savannah town","B03002_007","Pacific Islander (Non-Hispanic)",0,0.91484869809993
"3611765343",2023,"Wayne","Savannah town","B03002_008","Other (Non-Hispanic)",0.211118930330753,0.27868281998282
"3611765343",2023,"Wayne","Savannah town","B03002_009","Two or More Races (Non-Hispanic)",3.30752990851513,2.1644828544162
"3611768220",2023,"Wayne","Sodus town","B03002_003","White (Non-Hispanic)",80.7472691161867,3.46722566256813
"3611768220",2023,"Wayne","Sodus town","B03002_004","Black (Non-Hispanic)",7.99404170804369,2.40784775883271
"3611768220",2023,"Wayne","Sodus town","B03002_012","Hispanic or Latino (Any Race)",4.94041708043694,2.13492743456127
"3611768220",2023,"Wayne","Sodus town","B03002_006","Asian (Non-Hispanic)",0.0496524329692155,0.0868914420492068
"3611768220",2023,"Wayne","Sodus town","B03002_005","Native American (Non-Hispanic)",0.0744786494538232,0.111717421798262
"3611768220",2023,"Wayne","Sodus town","B03002_007","Pacific Islander (Non-Hispanic)",0.0496524329692155,0.0868914420492068
"3611768220",2023,"Wayne","Sodus town","B03002_008","Other (Non-Hispanic)",0.719960278053625,1.03028238707781
"3611768220",2023,"Wayne","Sodus town","B03002_009","Two or More Races (Non-Hispanic)",5.42452830188679,2.49490354968641
"3611778102",2023,"Wayne","Walworth town","B03002_003","White (Non-Hispanic)",92.1157792418188,1.97824513976839
"3611778102",2023,"Wayne","Walworth town","B03002_004","Black (Non-Hispanic)",1.32843719624149,0.799217729171203
"3611778102",2023,"Wayne","Walworth town","B03002_012","Hispanic or Latino (Any Race)",0.810022680635058,0.79922064969934
"3611778102",2023,"Wayne","Walworth town","B03002_006","Asian (Non-Hispanic)",2.49486985635598,1.38242922845637
"3611778102",2023,"Wayne","Walworth town","B03002_005","Native American (Non-Hispanic)",0,0.205205745760881
"3611778102",2023,"Wayne","Walworth town","B03002_007","Pacific Islander (Non-Hispanic)",0,0.205205745760881
"3611778102",2023,"Wayne","Walworth town","B03002_008","Other (Non-Hispanic)",0.194405443352414,0.313208515787984
"3611778102",2023,"Wayne","Walworth town","B03002_009","Two or More Races (Non-Hispanic)",3.05648558159628,1.2312184990163
"3611782040",2023,"Wayne","Williamson town","B03002_003","White (Non-Hispanic)",87.3517786561265,4.32338614783167
"3611782040",2023,"Wayne","Williamson town","B03002_004","Black (Non-Hispanic)",2.60576782315913,2.51789550399909
"3611782040",2023,"Wayne","Williamson town","B03002_012","Hispanic or Latino (Any Race)",6.04596691553213,3.29365352486478
"3611782040",2023,"Wayne","Williamson town","B03002_006","Asian (Non-Hispanic)",0,0.278143756404626
"3611782040",2023,"Wayne","Williamson town","B03002_005","Native American (Non-Hispanic)",0.0292782901478554,0.0731955627351607
"3611782040",2023,"Wayne","Williamson town","B03002_007","Pacific Islander (Non-Hispanic)",0,0.278143756404626
"3611782040",2023,"Wayne","Williamson town","B03002_008","Other (Non-Hispanic)",0,0.278143756404626
"3611782040",2023,"Wayne","Williamson town","B03002_009","Two or More Races (Non-Hispanic)",3.9672083150344,1.81513358169172
"3611782689",2023,"Wayne","Wolcott town","B03002_003","White (Non-Hispanic)",91.1255953873151,2.74373507418382
"3611782689",2023,"Wayne","Wolcott town","B03002_004","Black (Non-Hispanic)",1.60441213336676,1.37871981126299
"3611782689",2023,"Wayne","Wolcott town","B03002_012","Hispanic or Latino (Any Race)",2.7074454750564,1.67945095245456
"3611782689",2023,"Wayne","Wolcott town","B03002_006","Asian (Non-Hispanic)",0,0.325896214590123
"3611782689",2023,"Wayne","Wolcott town","B03002_005","Native American (Non-Hispanic)",0.676861368764101,0.601625238323142
"3611782689",2023,"Wayne","Wolcott town","B03002_007","Pacific Islander (Non-Hispanic)",0,0.325896214590123
"3611782689",2023,"Wayne","Wolcott town","B03002_008","Other (Non-Hispanic)",0,0.325896214590123
"3611782689",2023,"Wayne","Wolcott town","B03002_009","Two or More Races (Non-Hispanic)",3.88568563549762,2.18073125149765
"3612304594",2023,"Yates","Barrington town","B03002_003","White (Non-Hispanic)",96.39029892837,4.31792492524383
"3612304594",2023,"Yates","Barrington town","B03002_004","Black (Non-Hispanic)",0.620417371686407,1.01333735526299
"3612304594",2023,"Yates","Barrington town","B03002_012","Hispanic or Latino (Any Race)",0,0.733220530174845
"3612304594",2023,"Yates","Barrington town","B03002_006","Asian (Non-Hispanic)",0,0.733220530174845
"3612304594",2023,"Yates","Barrington town","B03002_005","Native American (Non-Hispanic)",0,0.733220530174845
"3612304594",2023,"Yates","Barrington town","B03002_007","Pacific Islander (Non-Hispanic)",0,0.733220530174845
"3612304594",2023,"Yates","Barrington town","B03002_008","Other (Non-Hispanic)",0,0.733220530174845
"3612304594",2023,"Yates","Barrington town","B03002_009","Two or More Races (Non-Hispanic)",2.9892836999436,3.37091104581008
"3612306002",2023,"Yates","Benton town","B03002_003","White (Non-Hispanic)",95.2027027027027,3.1651139703049
"3612306002",2023,"Yates","Benton town","B03002_004","Black (Non-Hispanic)",1.21621621621622,1.89187029656979
"3612306002",2023,"Yates","Benton town","B03002_012","Hispanic or Latino (Any Race)",2.43243243243243,2.70264223546952
"3612306002",2023,"Yates","Benton town","B03002_006","Asian (Non-Hispanic)",0.168918918918919,0.439187394712685
"3612306002",2023,"Yates","Benton town","B03002_005","Native American (Non-Hispanic)",0,0.439189189189189
"3612306002",2023,"Yates","Benton town","B03002_007","Pacific Islander (Non-Hispanic)",0,0.439189189189189
"3612306002",2023,"Yates","Benton town","B03002_008","Other (Non-Hispanic)",0.70945945945946,0.878362550985346
"3612306002",2023,"Yates","Benton town","B03002_009","Two or More Races (Non-Hispanic)",0.27027027027027,0.675672689666274
"3612338044",2023,"Yates","Italy town","B03002_003","White (Non-Hispanic)",95.5980861244019,5.20259329201372
"3612338044",2023,"Yates","Italy town","B03002_004","Black (Non-Hispanic)",0,1.24401913875598
"3612338044",2023,"Yates","Italy town","B03002_012","Hispanic or Latino (Any Race)",0.76555023923445,1.23747125878481
"3612338044",2023,"Yates","Italy town","B03002_006","Asian (Non-Hispanic)",0,1.24401913875598
"3612338044",2023,"Yates","Italy town","B03002_005","Native American (Non-Hispanic)",1.14832535885167,1.71184284154402
"3612338044",2023,"Yates","Italy town","B03002_007","Pacific Islander (Non-Hispanic)",0,1.24401913875598
"3612338044",2023,"Yates","Italy town","B03002_008","Other (Non-Hispanic)",0,1.24401913875598
"3612338044",2023,"Yates","Italy town","B03002_009","Two or More Races (Non-Hispanic)",2.48803827751196,2.06409984479816
"3612338583",2023,"Yates","Jerusalem town","B03002_003","White (Non-Hispanic)",93.9485277069325,2.88182761862537
"3612338583",2023,"Yates","Jerusalem town","B03002_004","Black (Non-Hispanic)",0.255042893577556,0.370969200470559
"3612338583",2023,"Yates","Jerusalem town","B03002_012","Hispanic or Latino (Any Race)",1.3215859030837,1.3679407279853
"3612338583",2023,"Yates","Jerusalem town","B03002_006","Asian (Non-Hispanic)",3.29237189891027,2.73586313283866
"3612338583",2023,"Yates","Jerusalem town","B03002_005","Native American (Non-Hispanic)",0,0.301414328773476
"3612338583",2023,"Yates","Jerusalem town","B03002_007","Pacific Islander (Non-Hispanic)",0,0.301414328773476
"3612338583",2023,"Yates","Jerusalem town","B03002_008","Other (Non-Hispanic)",0,0.301414328773476
"3612338583",2023,"Yates","Jerusalem town","B03002_009","Two or More Races (Non-Hispanic)",1.18247159749594,1.27520020337038
"3612347020",2023,"Yates","Middlesex town","B03002_003","White (Non-Hispanic)",95.2180028129395,5.16557608862048
"3612347020",2023,"Yates","Middlesex town","B03002_004","Black (Non-Hispanic)",2.0393811533052,2.58595149586587
"3612347020",2023,"Yates","Middlesex town","B03002_012","Hispanic or Latino (Any Race)",0,0.914205344585091
"3612347020",2023,"Yates","Middlesex town","B03002_006","Asian (Non-Hispanic)",0,0.914205344585091
"3612347020",2023,"Yates","Middlesex town","B03002_005","Native American (Non-Hispanic)",0,0.914205344585091
"3612347020",2023,"Yates","Middlesex town","B03002_007","Pacific Islander (Non-Hispanic)",0,0.914205344585091
"3612347020",2023,"Yates","Middlesex town","B03002_008","Other (Non-Hispanic)",0,0.914205344585091
"3612347020",2023,"Yates","Middlesex town","B03002_009","Two or More Races (Non-Hispanic)",2.74261603375527,2.07378064050715
"3612347504",2023,"Yates","Milo town","B03002_003","White (Non-Hispanic)",93.5927442949093,2.56270960983242
"3612347504",2023,"Yates","Milo town","B03002_004","Black (Non-Hispanic)",0.365710942071387,0.351079532982613
"3612347504",2023,"Yates","Milo town","B03002_012","Hispanic or Latino (Any Race)",4.03744880046811,1.78459815165513
"3612347504",2023,"Yates","Milo town","B03002_006","Asian (Non-Hispanic)",0,0.277940315974254
"3612347504",2023,"Yates","Milo town","B03002_005","Native American (Non-Hispanic)",0,0.277940315974254
"3612347504",2023,"Yates","Milo town","B03002_007","Pacific Islander (Non-Hispanic)",0,0.277940315974254
"3612347504",2023,"Yates","Milo town","B03002_008","Other (Non-Hispanic)",0,0.277940315974254
"3612347504",2023,"Yates","Milo town","B03002_009","Two or More Races (Non-Hispanic)",2.0040959625512,1.69688030929067
"3612359597",2023,"Yates","Potter town","B03002_003","White (Non-Hispanic)",89.6221394358701,4.96510068064875
"3612359597",2023,"Yates","Potter town","B03002_004","Black (Non-Hispanic)",0,0.69185737094199
"3612359597",2023,"Yates","Potter town","B03002_012","Hispanic or Latino (Any Race)",8.19584885577435,5.3630447875383
"3612359597",2023,"Yates","Potter town","B03002_006","Asian (Non-Hispanic)",0.798296966471527,1.27248970538335
"3612359597",2023,"Yates","Potter town","B03002_005","Native American (Non-Hispanic)",0,0.69185737094199
"3612359597",2023,"Yates","Potter town","B03002_007","Pacific Islander (Non-Hispanic)",0,0.69185737094199
"3612359597",2023,"Yates","Potter town","B03002_008","Other (Non-Hispanic)",0,0.69185737094199
"3612359597",2023,"Yates","Potter town","B03002_009","Two or More Races (Non-Hispanic)",1.38371474188398,1.04703355824362
"3612370816",2023,"Yates","Starkey town","B03002_003","White (Non-Hispanic)",93.1401537551745,3.25050847195191
"3612370816",2023,"Yates","Starkey town","B03002_004","Black (Non-Hispanic)",1.38971023063276,1.5079538251865
"3612370816",2023,"Yates","Starkey town","B03002_012","Hispanic or Latino (Any Race)",1.77409816676523,1.68535007291468
"3612370816",2023,"Yates","Starkey town","B03002_006","Asian (Non-Hispanic)",0.0295683027794205,0.325251268413451
"3612370816",2023,"Yates","Starkey town","B03002_005","Native American (Non-Hispanic)",0.118273211117682,0.236545054707709
"3612370816",2023,"Yates","Starkey town","B03002_007","Pacific Islander (Non-Hispanic)",0,0.384387936132466
"3612370816",2023,"Yates","Starkey town","B03002_008","Other (Non-Hispanic)",0,0.384387936132466
"3612370816",2023,"Yates","Starkey town","B03002_009","Two or More Races (Non-Hispanic)",3.54819633353046,2.57232916494459
"3612375055",2023,"Yates","Torrey town","B03002_003","White (Non-Hispanic)",96.5920155793574,4.12335014504539
"3612375055",2023,"Yates","Torrey town","B03002_004","Black (Non-Hispanic)",0.389483933787731,1.06800161553644
"3612375055",2023,"Yates","Torrey town","B03002_012","Hispanic or Latino (Any Race)",0.486854917234664,0.870447076793986
"3612375055",2023,"Yates","Torrey town","B03002_006","Asian (Non-Hispanic)",0.389483933787731,0.676747844277323
"3612375055",2023,"Yates","Torrey town","B03002_005","Native American (Non-Hispanic)",0,1.26582278481013
"3612375055",2023,"Yates","Torrey town","B03002_007","Pacific Islander (Non-Hispanic)",0,1.26582278481013
"3612375055",2023,"Yates","Torrey town","B03002_008","Other (Non-Hispanic)",0,1.26582278481013
"3612375055",2023,"Yates","Torrey town","B03002_009","Two or More Races (Non-Hispanic)",2.14216163583252,2.9853138010303
"3603700474",2024,"Genesee","Alabama town","B03002_003","White (Non-Hispanic)",83.1239759694156,20.7708983536684
"3603700474",2024,"Genesee","Alabama town","B03002_004","Black (Non-Hispanic)",0.873839432004369,1.30143570061202
"3603700474",2024,"Genesee","Alabama town","B03002_012","Hispanic or Latino (Any Race)",4.69688694702348,3.67388928827187
"3603700474",2024,"Genesee","Alabama town","B03002_006","Asian (Non-Hispanic)",0,0.764609503003823
"3603700474",2024,"Genesee","Alabama town","B03002_005","Native American (Non-Hispanic)",1.09229929000546,0.851787059489747
"3603700474",2024,"Genesee","Alabama town","B03002_007","Pacific Islander (Non-Hispanic)",0,0.764609503003823
"3603700474",2024,"Genesee","Alabama town","B03002_008","Other (Non-Hispanic)",0.327689787001638,0.43298263705649
"3603700474",2024,"Genesee","Alabama town","B03002_009","Two or More Races (Non-Hispanic)",9.88530857454943,6.93332554422693
"3603701165",2024,"Genesee","Alexander town","B03002_003","White (Non-Hispanic)",95.7620528771384,3.4673124525338
"3603701165",2024,"Genesee","Alexander town","B03002_004","Black (Non-Hispanic)",0,0.544323483670295
"3603701165",2024,"Genesee","Alexander town","B03002_012","Hispanic or Latino (Any Race)",2.37169517884914,1.96453760767886
"3603701165",2024,"Genesee","Alexander town","B03002_006","Asian (Non-Hispanic)",0,0.544323483670295
"3603701165",2024,"Genesee","Alexander town","B03002_005","Native American (Non-Hispanic)",0,0.544323483670295
"3603701165",2024,"Genesee","Alexander town","B03002_007","Pacific Islander (Non-Hispanic)",0,0.544323483670295
"3603701165",2024,"Genesee","Alexander town","B03002_008","Other (Non-Hispanic)",0.272161741835148,0.463331979395838
"3603701165",2024,"Genesee","Alexander town","B03002_009","Two or More Races (Non-Hispanic)",1.59409020217729,1.20203214807595
"3603704715",2024,"Genesee","Batavia city","B03002_003","White (Non-Hispanic)",82.340862422998,2.44038791866818
"3603704715",2024,"Genesee","Batavia city","B03002_004","Black (Non-Hispanic)",5.15334172352123,1.68243182513111
"3603704715",2024,"Genesee","Batavia city","B03002_012","Hispanic or Latino (Any Race)",5.72299132277936,1.96725544005965
"3603704715",2024,"Genesee","Batavia city","B03002_006","Asian (Non-Hispanic)",0.953831887129893,0.688876774350258
"3603704715",2024,"Genesee","Batavia city","B03002_005","Native American (Non-Hispanic)",0.0264953301980526,0.0397429710785967
"3603704715",2024,"Genesee","Batavia city","B03002_007","Pacific Islander (Non-Hispanic)",0,0.139100483539776
"3603704715",2024,"Genesee","Batavia city","B03002_008","Other (Non-Hispanic)",0.364310790223223,0.582896952165797
"3603704715",2024,"Genesee","Batavia city","B03002_009","Two or More Races (Non-Hispanic)",5.43816652315029,1.62943792247047
"3603704726",2024,"Genesee","Batavia town","B03002_003","White (Non-Hispanic)",93.3293269230769,2.52648691796471
"3603704726",2024,"Genesee","Batavia town","B03002_004","Black (Non-Hispanic)",0.540865384615385,0.345549788948756
"3603704726",2024,"Genesee","Batavia town","B03002_012","Hispanic or Latino (Any Race)",3.66586538461538,2.07329360606727
"3603704726",2024,"Genesee","Batavia town","B03002_006","Asian (Non-Hispanic)",0.961538461538462,0.525834916765875
"3603704726",2024,"Genesee","Batavia town","B03002_005","Native American (Non-Hispanic)",0,0.285456730769231
"3603704726",2024,"Genesee","Batavia town","B03002_007","Pacific Islander (Non-Hispanic)",0,0.285456730769231
"3603704726",2024,"Genesee","Batavia town","B03002_008","Other (Non-Hispanic)",0.525841346153846,0.931489299140631
"3603704726",2024,"Genesee","Batavia town","B03002_009","Two or More Races (Non-Hispanic)",0.9765625,0.826317895114899
"3603706057",2024,"Genesee","Bergen town","B03002_003","White (Non-Hispanic)",91.9831223628692,3.99253753514922
"3603706057",2024,"Genesee","Bergen town","B03002_004","Black (Non-Hispanic)",1.33073677377475,1.26580148873786
"3603706057",2024,"Genesee","Bergen town","B03002_012","Hispanic or Latino (Any Race)",1.03862382343395,1.4605535087129
"3603706057",2024,"Genesee","Bergen town","B03002_006","Asian (Non-Hispanic)",1.62284972411555,2.2719719681627
"3603706057",2024,"Genesee","Bergen town","B03002_005","Native American (Non-Hispanic)",0,0.454397922752353
"3603706057",2024,"Genesee","Bergen town","B03002_007","Pacific Islander (Non-Hispanic)",0,0.454397922752353
"3603706057",2024,"Genesee","Bergen town","B03002_008","Other (Non-Hispanic)",0.714053878610841,1.03861635052488
"3603706057",2024,"Genesee","Bergen town","B03002_009","Two or More Races (Non-Hispanic)",3.31061343719572,1.81749989664155
"3603706266",2024,"Genesee","Bethany town","B03002_003","White (Non-Hispanic)",88.369441277081,4.94720474216629
"3603706266",2024,"Genesee","Bethany town","B03002_004","Black (Non-Hispanic)",2.3945267958951,2.02341388911281
"3603706266",2024,"Genesee","Bethany town","B03002_012","Hispanic or Latino (Any Race)",5.35917901938426,3.97398748308912
"3603706266",2024,"Genesee","Bethany town","B03002_006","Asian (Non-Hispanic)",0,0.798175598631699
"3603706266",2024,"Genesee","Bethany town","B03002_005","Native American (Non-Hispanic)",0.342075256556442,0.396050114121748
"3603706266",2024,"Genesee","Bethany town","B03002_007","Pacific Islander (Non-Hispanic)",0,0.798175598631699
"3603706266",2024,"Genesee","Bethany town","B03002_008","Other (Non-Hispanic)",0.627137970353478,0.850428363297612
"3603706266",2024,"Genesee","Bethany town","B03002_009","Two or More Races (Non-Hispanic)",2.90763968072976,2.41568500021955
"3603711572",2024,"Genesee","Byron town","B03002_003","White (Non-Hispanic)",86.5825151940159,8.9706636272174
"3603711572",2024,"Genesee","Byron town","B03002_004","Black (Non-Hispanic)",1.54277699859748,1.46428484027424
"3603711572",2024,"Genesee","Byron town","B03002_012","Hispanic or Latino (Any Race)",2.01028517999065,2.06552129424316
"3603711572",2024,"Genesee","Byron town","B03002_006","Asian (Non-Hispanic)",2.33754090696587,2.43387504416483
"3603711572",2024,"Genesee","Byron town","B03002_005","Native American (Non-Hispanic)",0,0.654511453950444
"3603711572",2024,"Genesee","Byron town","B03002_007","Pacific Islander (Non-Hispanic)",0,0.654511453950444
"3603711572",2024,"Genesee","Byron town","B03002_008","Other (Non-Hispanic)",1.44927536231884,2.13117158930418
"3603711572",2024,"Genesee","Byron town","B03002_009","Two or More Races (Non-Hispanic)",6.07760635811127,4.66146217069744
"3603719719",2024,"Genesee","Darien town","B03002_003","White (Non-Hispanic)",95.0133868808568,3.48574368325803
"3603719719",2024,"Genesee","Darien town","B03002_004","Black (Non-Hispanic)",0,0.468540829986613
"3603719719",2024,"Genesee","Darien town","B03002_012","Hispanic or Latino (Any Race)",4.11646586345381,3.17932570091536
"3603719719",2024,"Genesee","Darien town","B03002_006","Asian (Non-Hispanic)",0,0.468540829986613
"3603719719",2024,"Genesee","Darien town","B03002_005","Native American (Non-Hispanic)",0,0.468540829986613
"3603719719",2024,"Genesee","Darien town","B03002_007","Pacific Islander (Non-Hispanic)",0,0.468540829986613
"3603719719",2024,"Genesee","Darien town","B03002_008","Other (Non-Hispanic)",0,0.468540829986613
"3603719719",2024,"Genesee","Darien town","B03002_009","Two or More Races (Non-Hispanic)",0.870147255689424,1.30521451605626
"3603723756",2024,"Genesee","Elba town","B03002_003","White (Non-Hispanic)",70.814479638009,4.75366992341661
"3603723756",2024,"Genesee","Elba town","B03002_004","Black (Non-Hispanic)",0.723981900452489,0.990611991978212
"3603723756",2024,"Genesee","Elba town","B03002_012","Hispanic or Latino (Any Race)",19.9547511312217,10.5164709551904
"3603723756",2024,"Genesee","Elba town","B03002_006","Asian (Non-Hispanic)",0,0.633484162895928
"3603723756",2024,"Genesee","Elba town","B03002_005","Native American (Non-Hispanic)",0.0452488687782805,0.0902890451060299
"3603723756",2024,"Genesee","Elba town","B03002_007","Pacific Islander (Non-Hispanic)",0,0.633484162895928
"3603723756",2024,"Genesee","Elba town","B03002_008","Other (Non-Hispanic)",0,0.633484162895928
"3603723756",2024,"Genesee","Elba town","B03002_009","Two or More Races (Non-Hispanic)",8.46153846153846,3.76535337001121
"3603742037",2024,"Genesee","Le Roy town","B03002_003","White (Non-Hispanic)",93.0788535200106,3.22224140051347
"3603742037",2024,"Genesee","Le Roy town","B03002_004","Black (Non-Hispanic)",1.42649583938714,1.22835471266794
"3603742037",2024,"Genesee","Le Roy town","B03002_012","Hispanic or Latino (Any Race)",3.23603222823933,2.40386572813156
"3603742037",2024,"Genesee","Le Roy town","B03002_006","Asian (Non-Hispanic)",0.435873728701625,0.700036888223706
"3603742037",2024,"Genesee","Le Roy town","B03002_005","Native American (Non-Hispanic)",0,0.250957601373663
"3603742037",2024,"Genesee","Le Roy town","B03002_007","Pacific Islander (Non-Hispanic)",0,0.250957601373663
"3603742037",2024,"Genesee","Le Roy town","B03002_008","Other (Non-Hispanic)",0,0.250957601373663
"3603742037",2024,"Genesee","Le Roy town","B03002_009","Two or More Races (Non-Hispanic)",1.82274468366134,1.14909249342985
"3603754166",2024,"Genesee","Oakfield town","B03002_003","White (Non-Hispanic)",86.2524146812621,4.45023991400621
"3603754166",2024,"Genesee","Oakfield town","B03002_004","Black (Non-Hispanic)",1.54539600772698,1.80294216816223
"3603754166",2024,"Genesee","Oakfield town","B03002_012","Hispanic or Latino (Any Race)",6.95428203477141,4.12088024027024
"3603754166",2024,"Genesee","Oakfield town","B03002_006","Asian (Non-Hispanic)",0,0.450740502253702
"3603754166",2024,"Genesee","Oakfield town","B03002_005","Native American (Non-Hispanic)",0.225370251126851,0.225366875419531
"3603754166",2024,"Genesee","Oakfield town","B03002_007","Pacific Islander (Non-Hispanic)",0,0.450740502253702
"3603754166",2024,"Genesee","Oakfield town","B03002_008","Other (Non-Hispanic)",0,0.450740502253702
"3603754166",2024,"Genesee","Oakfield town","B03002_009","Two or More Races (Non-Hispanic)",5.02253702511269,2.51111804907794
"3603756792",2024,"Genesee","Pavilion town","B03002_003","White (Non-Hispanic)",88.8942077549066,4.15300875037467
"3603756792",2024,"Genesee","Pavilion town","B03002_004","Black (Non-Hispanic)",0.718046912398277,1.14454252947427
"3603756792",2024,"Genesee","Pavilion town","B03002_012","Hispanic or Latino (Any Race)",6.51029200574438,5.33325181336146
"3603756792",2024,"Genesee","Pavilion town","B03002_006","Asian (Non-Hispanic)",0.382958353279081,0.620032321647085
"3603756792",2024,"Genesee","Pavilion town","B03002_005","Native American (Non-Hispanic)",0,0.670177118238392
"3603756792",2024,"Genesee","Pavilion town","B03002_007","Pacific Islander (Non-Hispanic)",0,0.670177118238392
"3603756792",2024,"Genesee","Pavilion town","B03002_008","Other (Non-Hispanic)",0,0.670177118238392
"3603756792",2024,"Genesee","Pavilion town","B03002_009","Two or More Races (Non-Hispanic)",3.49449497367161,1.70345274663178
"3603757078",2024,"Genesee","Pembroke town","B03002_003","White (Non-Hispanic)",93.2195353247985,3.34549412186951
"3603757078",2024,"Genesee","Pembroke town","B03002_004","Black (Non-Hispanic)",1.44618302513039,1.896624519483
"3603757078",2024,"Genesee","Pembroke town","B03002_012","Hispanic or Latino (Any Race)",2.41820768136558,2.10998223234667
"3603757078",2024,"Genesee","Pembroke town","B03002_006","Asian (Non-Hispanic)",0.42674253200569,0.663819488347396
"3603757078",2024,"Genesee","Pembroke town","B03002_005","Native American (Non-Hispanic)",0,0.331910858226648
"3603757078",2024,"Genesee","Pembroke town","B03002_007","Pacific Islander (Non-Hispanic)",0,0.331910858226648
"3603757078",2024,"Genesee","Pembroke town","B03002_008","Other (Non-Hispanic)",0,0.331910858226648
"3603757078",2024,"Genesee","Pembroke town","B03002_009","Two or More Races (Non-Hispanic)",2.48933143669986,1.65952396391006
"3603770607",2024,"Genesee","Stafford town","B03002_003","White (Non-Hispanic)",87.8720568636162,3.67970791425306
"3603770607",2024,"Genesee","Stafford town","B03002_004","Black (Non-Hispanic)",1.24389160373167,1.32225126438374
"3603770607",2024,"Genesee","Stafford town","B03002_012","Hispanic or Latino (Any Race)",5.10884051532652,4.65886879084946
"3603770607",2024,"Genesee","Stafford town","B03002_006","Asian (Non-Hispanic)",0,0.621945801865837
"3603770607",2024,"Genesee","Stafford town","B03002_005","Native American (Non-Hispanic)",0,0.621945801865837
"3603770607",2024,"Genesee","Stafford town","B03002_007","Pacific Islander (Non-Hispanic)",0,0.621945801865837
"3603770607",2024,"Genesee","Stafford town","B03002_008","Other (Non-Hispanic)",0.177698800533096,0.354597072566471
"3603770607",2024,"Genesee","Stafford town","B03002_009","Two or More Races (Non-Hispanic)",5.59751221679254,3.56457723701381
"3603775011",2024,"Genesee","Tonawanda Reservation","B03002_003","White (Non-Hispanic)",9.82142857142857,4.27781803957522
"3603775011",2024,"Genesee","Tonawanda Reservation","B03002_004","Black (Non-Hispanic)",0,6.25
"3603775011",2024,"Genesee","Tonawanda Reservation","B03002_012","Hispanic or Latino (Any Race)",0,6.25
"3603775011",2024,"Genesee","Tonawanda Reservation","B03002_006","Asian (Non-Hispanic)",7.58928571428571,13.2625868988066
"3603775011",2024,"Genesee","Tonawanda Reservation","B03002_005","Native American (Non-Hispanic)",65.625,11.9975650808238
"3603775011",2024,"Genesee","Tonawanda Reservation","B03002_007","Pacific Islander (Non-Hispanic)",0,6.25
"3603775011",2024,"Genesee","Tonawanda Reservation","B03002_008","Other (Non-Hispanic)",0,6.25
"3603775011",2024,"Genesee","Tonawanda Reservation","B03002_009","Two or More Races (Non-Hispanic)",16.9642857142857,8.39884422172177
"3605103364",2024,"Livingston","Avon town","B03002_003","White (Non-Hispanic)",92.8387281581209,2.71194529073726
"3605103364",2024,"Livingston","Avon town","B03002_004","Black (Non-Hispanic)",1.17444858206818,0.988245078063111
"3605103364",2024,"Livingston","Avon town","B03002_012","Hispanic or Latino (Any Race)",1.87625322257233,1.28900851126631
"3605103364",2024,"Livingston","Avon town","B03002_006","Asian (Non-Hispanic)",0.558579203666571,0.701801316265755
"3605103364",2024,"Livingston","Avon town","B03002_005","Native American (Non-Hispanic)",0,0.272128329991406
"3605103364",2024,"Livingston","Avon town","B03002_007","Pacific Islander (Non-Hispanic)",0.415353766828989,0.644512464331054
"3605103364",2024,"Livingston","Avon town","B03002_008","Other (Non-Hispanic)",0.415353766828989,0.587222094333073
"3605103364",2024,"Livingston","Avon town","B03002_009","Two or More Races (Non-Hispanic)",2.72128329991406,1.56112179296312
"3605111715",2024,"Livingston","Caledonia town","B03002_003","White (Non-Hispanic)",86.9954072999758,4.38957644570519
"3605111715",2024,"Livingston","Caledonia town","B03002_004","Black (Non-Hispanic)",2.17548948513416,2.00623815961179
"3605111715",2024,"Livingston","Caledonia town","B03002_012","Hispanic or Latino (Any Race)",5.60792845056804,3.4080846263803
"3605111715",2024,"Livingston","Caledonia town","B03002_006","Asian (Non-Hispanic)",0.48344210780759,0.725156796676618
"3605111715",2024,"Livingston","Caledonia town","B03002_005","Native American (Non-Hispanic)",0,0.338409475465313
"3605111715",2024,"Livingston","Caledonia town","B03002_007","Pacific Islander (Non-Hispanic)",0,0.338409475465313
"3605111715",2024,"Livingston","Caledonia town","B03002_008","Other (Non-Hispanic)",1.71621948271694,2.3688417725181
"3605111715",2024,"Livingston","Caledonia town","B03002_009","Two or More Races (Non-Hispanic)",3.02151317379744,1.7402879879074
"3605117618",2024,"Livingston","Conesus town","B03002_003","White (Non-Hispanic)",93.7934724451578,1.18584103552429
"3605117618",2024,"Livingston","Conesus town","B03002_004","Black (Non-Hispanic)",0,0.749063670411985
"3605117618",2024,"Livingston","Conesus town","B03002_012","Hispanic or Latino (Any Race)",2.67522739432852,2.32505501094977
"3605117618",2024,"Livingston","Conesus town","B03002_006","Asian (Non-Hispanic)",0,0.749063670411985
"3605117618",2024,"Livingston","Conesus town","B03002_005","Native American (Non-Hispanic)",0,0.749063670411985
"3605117618",2024,"Livingston","Conesus town","B03002_007","Pacific Islander (Non-Hispanic)",0,0.749063670411985
"3605117618",2024,"Livingston","Conesus town","B03002_008","Other (Non-Hispanic)",0.588550026752274,0.852208846323917
"3605117618",2024,"Livingston","Conesus town","B03002_009","Two or More Races (Non-Hispanic)",2.94275013376137,2.64420593564267
"3605128629",2024,"Livingston","Geneseo town","B03002_003","White (Non-Hispanic)",82.9947765525247,3.08668756220213
"3605128629",2024,"Livingston","Geneseo town","B03002_004","Black (Non-Hispanic)",4.09170052234475,1.15097301767013
"3605128629",2024,"Livingston","Geneseo town","B03002_012","Hispanic or Latino (Any Race)",6.22944476687947,2.32139425786264
"3605128629",2024,"Livingston","Geneseo town","B03002_006","Asian (Non-Hispanic)",4.2658154381892,1.31542075914687
"3605128629",2024,"Livingston","Geneseo town","B03002_005","Native American (Non-Hispanic)",0,0.2031340684852
"3605128629",2024,"Livingston","Geneseo town","B03002_007","Pacific Islander (Non-Hispanic)",0,0.2031340684852
"3605128629",2024,"Livingston","Geneseo town","B03002_008","Other (Non-Hispanic)",0.251499322886438,0.270843497347422
"3605128629",2024,"Livingston","Geneseo town","B03002_009","Two or More Races (Non-Hispanic)",2.16676339717547,1.18007937509463
"3605131016",2024,"Livingston","Groveland town","B03002_003","White (Non-Hispanic)",68.7895569620253,4.50540707283615
"3605131016",2024,"Livingston","Groveland town","B03002_004","Black (Non-Hispanic)",14.3196202531646,2.497917799205
"3605131016",2024,"Livingston","Groveland town","B03002_012","Hispanic or Latino (Any Race)",8.26740506329114,2.7892200579592
"3605131016",2024,"Livingston","Groveland town","B03002_006","Asian (Non-Hispanic)",0.0791139240506329,0.197493311054681
"3605131016",2024,"Livingston","Groveland town","B03002_005","Native American (Non-Hispanic)",0.632911392405063,0.666962819473761
"3605131016",2024,"Livingston","Groveland town","B03002_007","Pacific Islander (Non-Hispanic)",0,0.55379746835443
"3605131016",2024,"Livingston","Groveland town","B03002_008","Other (Non-Hispanic)",1.18670886075949,0.895449186275522
"3605131016",2024,"Livingston","Groveland town","B03002_009","Two or More Races (Non-Hispanic)",6.7246835443038,6.50275731906771
"3605141883",2024,"Livingston","Leicester town","B03002_003","White (Non-Hispanic)",94.5669714900484,3.25353850974014
"3605141883",2024,"Livingston","Leicester town","B03002_004","Black (Non-Hispanic)",0.107584722969338,0.16059040864796
"3605141883",2024,"Livingston","Leicester town","B03002_012","Hispanic or Latino (Any Race)",3.71167294244217,2.57800424025281
"3605141883",2024,"Livingston","Leicester town","B03002_006","Asian (Non-Hispanic)",0.161377084454008,0.267900288855443
"3605141883",2024,"Livingston","Leicester town","B03002_005","Native American (Non-Hispanic)",0.0537923614846692,0.107290034985081
"3605141883",2024,"Livingston","Leicester town","B03002_007","Pacific Islander (Non-Hispanic)",0,0.753093060785369
"3605141883",2024,"Livingston","Leicester town","B03002_008","Other (Non-Hispanic)",0.215169445938677,0.32118081729592
"3605141883",2024,"Livingston","Leicester town","B03002_009","Two or More Races (Non-Hispanic)",1.18343195266272,0.952305052717629
"3605142334",2024,"Livingston","Lima town","B03002_003","White (Non-Hispanic)",84.142787761049,4.9090387885582
"3605142334",2024,"Livingston","Lima town","B03002_004","Black (Non-Hispanic)",0.92277804759592,0.92276487889196
"3605142334",2024,"Livingston","Lima town","B03002_012","Hispanic or Latino (Any Race)",7.52792617775619,4.24944543998016
"3605142334",2024,"Livingston","Lima town","B03002_006","Asian (Non-Hispanic)",1.99125789218067,1.60268446117182
"3605142334",2024,"Livingston","Lima town","B03002_005","Native American (Non-Hispanic)",0.0728508984944148,0.121417540379493
"3605142334",2024,"Livingston","Lima town","B03002_007","Pacific Islander (Non-Hispanic)",0,0.339970859640602
"3605142334",2024,"Livingston","Lima town","B03002_008","Other (Non-Hispanic)",0.92277804759592,1.18988779630686
"3605142334",2024,"Livingston","Lima town","B03002_009","Two or More Races (Non-Hispanic)",4.41962117532783,2.74394892516083
"3605142961",2024,"Livingston","Livonia town","B03002_003","White (Non-Hispanic)",92.2185209860093,3.05475425510928
"3605142961",2024,"Livingston","Livonia town","B03002_004","Black (Non-Hispanic)",0.0266489007328448,0.0532977541529497
"3605142961",2024,"Livingston","Livonia town","B03002_012","Hispanic or Latino (Any Race)",3.87741505662891,2.17186082990465
"3605142961",2024,"Livingston","Livonia town","B03002_006","Asian (Non-Hispanic)",0.0266489007328448,0.0532977541529497
"3605142961",2024,"Livingston","Livonia town","B03002_005","Native American (Non-Hispanic)",0,0.253164556962025
"3605142961",2024,"Livingston","Livonia town","B03002_007","Pacific Islander (Non-Hispanic)",0,0.253164556962025
"3605142961",2024,"Livingston","Livonia town","B03002_008","Other (Non-Hispanic)",0.786142571618921,1.14590081644591
"3605142961",2024,"Livingston","Livonia town","B03002_009","Two or More Races (Non-Hispanic)",3.06462358427715,1.94535261066304
"3605148956",2024,"Livingston","Mount Morris town","B03002_003","White (Non-Hispanic)",89.3348623853211,5.2592884041658
"3605148956",2024,"Livingston","Mount Morris town","B03002_004","Black (Non-Hispanic)",0.389908256880734,0.550455809846138
"3605148956",2024,"Livingston","Mount Morris town","B03002_012","Hispanic or Latino (Any Race)",5.71100917431193,3.80724932018393
"3605148956",2024,"Livingston","Mount Morris town","B03002_006","Asian (Non-Hispanic)",0,0.321100917431193
"3605148956",2024,"Livingston","Mount Morris town","B03002_005","Native American (Non-Hispanic)",0.0917431192660551,0.206421589357356
"3605148956",2024,"Livingston","Mount Morris town","B03002_007","Pacific Islander (Non-Hispanic)",0,0.321100917431193
"3605148956",2024,"Livingston","Mount Morris town","B03002_008","Other (Non-Hispanic)",0,0.321100917431193
"3605148956",2024,"Livingston","Mount Morris town","B03002_009","Two or More Races (Non-Hispanic)",4.47247706422018,3.73847581695928
"3605151869",2024,"Livingston","North Dansville town","B03002_003","White (Non-Hispanic)",92.4456314383823,3.16048690357036
"3605151869",2024,"Livingston","North Dansville town","B03002_004","Black (Non-Hispanic)",0.95383441434567,1.01102354447983
"3605151869",2024,"Livingston","North Dansville town","B03002_012","Hispanic or Latino (Any Race)",0.743990843189622,0.896576265604136
"3605151869",2024,"Livingston","North Dansville town","B03002_006","Asian (Non-Hispanic)",1.83136207554369,2.21282689510247
"3605151869",2024,"Livingston","North Dansville town","B03002_005","Native American (Non-Hispanic)",0,0.362457077451354
"3605151869",2024,"Livingston","North Dansville town","B03002_007","Pacific Islander (Non-Hispanic)",0,0.362457077451354
"3605151869",2024,"Livingston","North Dansville town","B03002_008","Other (Non-Hispanic)",0,0.362457077451354
"3605151869",2024,"Livingston","North Dansville town","B03002_009","Two or More Races (Non-Hispanic)",4.02518122853873,2.25072177655703
"3605154089",2024,"Livingston","Nunda town","B03002_003","White (Non-Hispanic)",88.0943466866342,5.7790263226246
"3605154089",2024,"Livingston","Nunda town","B03002_004","Black (Non-Hispanic)",0.935979034069637,1.98426763098492
"3605154089",2024,"Livingston","Nunda town","B03002_012","Hispanic or Latino (Any Race)",4.49269936353426,3.6314989315573
"3605154089",2024,"Livingston","Nunda town","B03002_006","Asian (Non-Hispanic)",0,0.524148259078997
"3605154089",2024,"Livingston","Nunda town","B03002_005","Native American (Non-Hispanic)",0,0.524148259078997
"3605154089",2024,"Livingston","Nunda town","B03002_007","Pacific Islander (Non-Hispanic)",0,0.524148259078997
"3605154089",2024,"Livingston","Nunda town","B03002_008","Other (Non-Hispanic)",2.09659303631599,2.88278806747938
"3605154089",2024,"Livingston","Nunda town","B03002_009","Two or More Races (Non-Hispanic)",4.3803818794459,3.55662353682507
"3605155508",2024,"Livingston","Ossian town","B03002_003","White (Non-Hispanic)",94.4847605224964,24.1287157238946
"3605155508",2024,"Livingston","Ossian town","B03002_004","Black (Non-Hispanic)",0,2.03193033381713
"3605155508",2024,"Livingston","Ossian town","B03002_012","Hispanic or Latino (Any Race)",0,2.03193033381713
"3605155508",2024,"Livingston","Ossian town","B03002_006","Asian (Non-Hispanic)",1.74165457184325,2.44702800484293
"3605155508",2024,"Livingston","Ossian town","B03002_005","Native American (Non-Hispanic)",0.145137880986938,0.289079025470367
"3605155508",2024,"Livingston","Ossian town","B03002_007","Pacific Islander (Non-Hispanic)",0,2.03193033381713
"3605155508",2024,"Livingston","Ossian town","B03002_008","Other (Non-Hispanic)",0,2.03193033381713
"3605155508",2024,"Livingston","Ossian town","B03002_009","Two or More Races (Non-Hispanic)",3.62844702467344,3.12444039591026
"3605159179",2024,"Livingston","Portage town","B03002_003","White (Non-Hispanic)",92.9240374609782,32.7360928882028
"3605159179",2024,"Livingston","Portage town","B03002_004","Black (Non-Hispanic)",0.520291363163372,1.03230135662275
"3605159179",2024,"Livingston","Portage town","B03002_012","Hispanic or Latino (Any Race)",4.99479708636837,7.80776516172453
"3605159179",2024,"Livingston","Portage town","B03002_006","Asian (Non-Hispanic)",0.312174817898023,0.514318216265384
"3605159179",2024,"Livingston","Portage town","B03002_005","Native American (Non-Hispanic)",0.104058272632674,0.20646027132455
"3605159179",2024,"Livingston","Portage town","B03002_007","Pacific Islander (Non-Hispanic)",0.416233090530697,0.615488442843749
"3605159179",2024,"Livingston","Portage town","B03002_008","Other (Non-Hispanic)",0,1.45681581685744
"3605159179",2024,"Livingston","Portage town","B03002_009","Two or More Races (Non-Hispanic)",0.72840790842872,0.70493410681455
"3605170101",2024,"Livingston","Sparta town","B03002_003","White (Non-Hispanic)",95.131845841785,4.93163104330244
"3605170101",2024,"Livingston","Sparta town","B03002_004","Black (Non-Hispanic)",0,0.94658553076403
"3605170101",2024,"Livingston","Sparta town","B03002_012","Hispanic or Latino (Any Race)",1.7579445571332,1.47185158157167
"3605170101",2024,"Livingston","Sparta town","B03002_006","Asian (Non-Hispanic)",0.811359026369168,0.941363291950226
"3605170101",2024,"Livingston","Sparta town","B03002_005","Native American (Non-Hispanic)",0,0.94658553076403
"3605170101",2024,"Livingston","Sparta town","B03002_007","Pacific Islander (Non-Hispanic)",0,0.94658553076403
"3605170101",2024,"Livingston","Sparta town","B03002_008","Other (Non-Hispanic)",0,0.94658553076403
"3605170101",2024,"Livingston","Sparta town","B03002_009","Two or More Races (Non-Hispanic)",2.29885057471264,1.46064461093046
"3605170475",2024,"Livingston","Springwater town","B03002_003","White (Non-Hispanic)",88.3739512584898,4.19451102269055
"3605170475",2024,"Livingston","Springwater town","B03002_004","Black (Non-Hispanic)",0.359568517778666,0.316334963968562
"3605170475",2024,"Livingston","Springwater town","B03002_012","Hispanic or Latino (Any Race)",0.519376747902517,0.675971998627962
"3605170475",2024,"Livingston","Springwater town","B03002_006","Asian (Non-Hispanic)",0.0799041150619257,0.159485469546413
"3605170475",2024,"Livingston","Springwater town","B03002_005","Native American (Non-Hispanic)",0,0.55932880543348
"3605170475",2024,"Livingston","Springwater town","B03002_007","Pacific Islander (Non-Hispanic)",0,0.55932880543348
"3605170475",2024,"Livingston","Springwater town","B03002_008","Other (Non-Hispanic)",0,0.55932880543348
"3605170475",2024,"Livingston","Springwater town","B03002_009","Two or More Races (Non-Hispanic)",10.6671993607671,5.3854304613743
"3605181006",2024,"Livingston","West Sparta town","B03002_003","White (Non-Hispanic)",93.1381518755718,5.13907344678009
"3605181006",2024,"Livingston","West Sparta town","B03002_004","Black (Non-Hispanic)",0,1.28087831655993
"3605181006",2024,"Livingston","West Sparta town","B03002_012","Hispanic or Latino (Any Race)",0.457456541628545,0.544744512956696
"3605181006",2024,"Livingston","West Sparta town","B03002_006","Asian (Non-Hispanic)",0,1.28087831655993
"3605181006",2024,"Livingston","West Sparta town","B03002_005","Native American (Non-Hispanic)",0,1.28087831655993
"3605181006",2024,"Livingston","West Sparta town","B03002_007","Pacific Islander (Non-Hispanic)",0,1.28087831655993
"3605181006",2024,"Livingston","West Sparta town","B03002_008","Other (Non-Hispanic)",0,1.28087831655993
"3605181006",2024,"Livingston","West Sparta town","B03002_009","Two or More Races (Non-Hispanic)",6.40439158279963,4.38142791486483
"3605184022",2024,"Livingston","York town","B03002_003","White (Non-Hispanic)",81.826801517067,8.32263953454642
"3605184022",2024,"Livingston","York town","B03002_004","Black (Non-Hispanic)",1.5802781289507,0.347471350800469
"3605184022",2024,"Livingston","York town","B03002_012","Hispanic or Latino (Any Race)",13.3059418457649,7.61632642241563
"3605184022",2024,"Livingston","York town","B03002_006","Asian (Non-Hispanic)",0,0.442477876106195
"3605184022",2024,"Livingston","York town","B03002_005","Native American (Non-Hispanic)",0,0.442477876106195
"3605184022",2024,"Livingston","York town","B03002_007","Pacific Islander (Non-Hispanic)",0,0.442477876106195
"3605184022",2024,"Livingston","York town","B03002_008","Other (Non-Hispanic)",0,0.442477876106195
"3605184022",2024,"Livingston","York town","B03002_009","Two or More Races (Non-Hispanic)",3.28697850821745,4.58274428402172
"3605500000",2024,"Monroe","County subdivisions not defined","B03002_003","White (Non-Hispanic)",0,0
"3605500000",2024,"Monroe","County subdivisions not defined","B03002_004","Black (Non-Hispanic)",0,0
"3605500000",2024,"Monroe","County subdivisions not defined","B03002_012","Hispanic or Latino (Any Race)",0,0
"3605500000",2024,"Monroe","County subdivisions not defined","B03002_006","Asian (Non-Hispanic)",0,0
"3605500000",2024,"Monroe","County subdivisions not defined","B03002_005","Native American (Non-Hispanic)",0,0
"3605500000",2024,"Monroe","County subdivisions not defined","B03002_007","Pacific Islander (Non-Hispanic)",0,0
"3605500000",2024,"Monroe","County subdivisions not defined","B03002_008","Other (Non-Hispanic)",0,0
"3605500000",2024,"Monroe","County subdivisions not defined","B03002_009","Two or More Races (Non-Hispanic)",0,0
"3605508246",2024,"Monroe","Brighton town","B03002_003","White (Non-Hispanic)",74.0022805017104,2.45889535244145
"3605508246",2024,"Monroe","Brighton town","B03002_004","Black (Non-Hispanic)",5.84242819134495,1.33299847854473
"3605508246",2024,"Monroe","Brighton town","B03002_012","Hispanic or Latino (Any Race)",5.14470326328935,1.46060063007069
"3605508246",2024,"Monroe","Brighton town","B03002_006","Asian (Non-Hispanic)",10.0450670576098,1.4144287722031
"3605508246",2024,"Monroe","Brighton town","B03002_005","Native American (Non-Hispanic)",0.0434381278166911,0.0515827638274477
"3605508246",2024,"Monroe","Brighton town","B03002_007","Pacific Islander (Non-Hispanic)",0,0.0787316066677526
"3605508246",2024,"Monroe","Brighton town","B03002_008","Other (Non-Hispanic)",0.591844491502416,0.434380992578955
"3605508246",2024,"Monroe","Brighton town","B03002_009","Two or More Races (Non-Hispanic)",4.33023836672639,0.990925589245777
"3605515462",2024,"Monroe","Chili town","B03002_003","White (Non-Hispanic)",78.3520806017528,2.69647065608918
"3605515462",2024,"Monroe","Chili town","B03002_004","Black (Non-Hispanic)",8.20854323373128,2.06332447228547
"3605515462",2024,"Monroe","Chili town","B03002_012","Hispanic or Latino (Any Race)",6.19004899592851,1.98397516340332
"3605515462",2024,"Monroe","Chili town","B03002_006","Asian (Non-Hispanic)",1.70450624525568,0.57621583277237
"3605515462",2024,"Monroe","Chili town","B03002_005","Native American (Non-Hispanic)",0.0379545925056932,0.0517562410351873
"3605515462",2024,"Monroe","Chili town","B03002_007","Pacific Islander (Non-Hispanic)",0.0138016700020703,0.0414050064570252
"3605515462",2024,"Monroe","Chili town","B03002_008","Other (Non-Hispanic)",0.503760955075564,0.34504118264302
"3605515462",2024,"Monroe","Chili town","B03002_009","Two or More Races (Non-Hispanic)",4.9893037057484,1.42155850095875
"3605515957",2024,"Monroe","Clarkson town","B03002_003","White (Non-Hispanic)",77.0190895741557,9.75915520253051
"3605515957",2024,"Monroe","Clarkson town","B03002_004","Black (Non-Hispanic)",4.75770925110132,6.10862777399338
"3605515957",2024,"Monroe","Clarkson town","B03002_012","Hispanic or Latino (Any Race)",14.1556534508076,8.63413604115601
"3605515957",2024,"Monroe","Clarkson town","B03002_006","Asian (Non-Hispanic)",1.17474302496329,0.969149178704326
"3605515957",2024,"Monroe","Clarkson town","B03002_005","Native American (Non-Hispanic)",0,0.279001468428781
"3605515957",2024,"Monroe","Clarkson town","B03002_007","Pacific Islander (Non-Hispanic)",0,0.279001468428781
"3605515957",2024,"Monroe","Clarkson town","B03002_008","Other (Non-Hispanic)",0,0.279001468428781
"3605515957",2024,"Monroe","Clarkson town","B03002_009","Two or More Races (Non-Hispanic)",2.8928046989721,2.21729083861229
"3605522870",2024,"Monroe","East Rochester town","B03002_003","White (Non-Hispanic)",85.6867159858475,4.44627481580414
"3605522870",2024,"Monroe","East Rochester town","B03002_004","Black (Non-Hispanic)",3.24863300096494,2.65356578914143
"3605522870",2024,"Monroe","East Rochester town","B03002_012","Hispanic or Latino (Any Race)",5.96654872949501,2.86259247327667
"3605522870",2024,"Monroe","East Rochester town","B03002_006","Asian (Non-Hispanic)",0.305564490189772,0.482469246598536
"3605522870",2024,"Monroe","East Rochester town","B03002_005","Native American (Non-Hispanic)",0,0.305564490189772
"3605522870",2024,"Monroe","East Rochester town","B03002_007","Pacific Islander (Non-Hispanic)",0,0.305564490189772
"3605522870",2024,"Monroe","East Rochester town","B03002_008","Other (Non-Hispanic)",2.89482148600836,3.15212519937227
"3605522870",2024,"Monroe","East Rochester town","B03002_009","Two or More Races (Non-Hispanic)",1.89771630749437,1.33482039571857
"3605528442",2024,"Monroe","Gates town","B03002_003","White (Non-Hispanic)",69.5876999448428,2.88718343121645
"3605528442",2024,"Monroe","Gates town","B03002_004","Black (Non-Hispanic)",11.8553502482074,1.84079522027859
"3605528442",2024,"Monroe","Gates town","B03002_012","Hispanic or Latino (Any Race)",11.1486486486486,2.47168170758277
"3605528442",2024,"Monroe","Gates town","B03002_006","Asian (Non-Hispanic)",3.1715388858246,0.927319557081295
"3605528442",2024,"Monroe","Gates town","B03002_005","Native American (Non-Hispanic)",0,0.0861831218974076
"3605528442",2024,"Monroe","Gates town","B03002_007","Pacific Islander (Non-Hispanic)",0,0.0861831218974076
"3605528442",2024,"Monroe","Gates town","B03002_008","Other (Non-Hispanic)",0.355074462217319,0.33439013635587
"3605528442",2024,"Monroe","Gates town","B03002_009","Two or More Races (Non-Hispanic)",3.88168781025924,1.18931442770276
"3605530290",2024,"Monroe","Greece town","B03002_003","White (Non-Hispanic)",73.5468315949473,1.88982088487266
"3605530290",2024,"Monroe","Greece town","B03002_004","Black (Non-Hispanic)",9.3526914408512,1.50531561446068
"3605530290",2024,"Monroe","Greece town","B03002_012","Hispanic or Latino (Any Race)",8.94386498244143,0.957066935076914
"3605530290",2024,"Monroe","Greece town","B03002_006","Asian (Non-Hispanic)",2.465538026102,0.773624861030195
"3605530290",2024,"Monroe","Greece town","B03002_005","Native American (Non-Hispanic)",0.0241102783164736,0.0241102765029448
"3605530290",2024,"Monroe","Greece town","B03002_007","Pacific Islander (Non-Hispanic)",0.0104827297028146,0.0188689130270159
"3605530290",2024,"Monroe","Greece town","B03002_008","Other (Non-Hispanic)",0.87530793018502,0.554536297355352
"3605530290",2024,"Monroe","Greece town","B03002_009","Two or More Races (Non-Hispanic)",4.78117301745375,0.854340458169222
"3605531797",2024,"Monroe","Hamlin town","B03002_003","White (Non-Hispanic)",92.6490984743412,2.30355403271329
"3605531797",2024,"Monroe","Hamlin town","B03002_004","Black (Non-Hispanic)",0.751271382339344,0.520108608557708
"3605531797",2024,"Monroe","Hamlin town","B03002_012","Hispanic or Latino (Any Race)",1.84928340268146,1.34072494682617
"3605531797",2024,"Monroe","Hamlin town","B03002_006","Asian (Non-Hispanic)",0,0.219602404068424
"3605531797",2024,"Monroe","Hamlin town","B03002_005","Native American (Non-Hispanic)",0,0.219602404068424
"3605531797",2024,"Monroe","Hamlin town","B03002_007","Pacific Islander (Non-Hispanic)",0,0.219602404068424
"3605531797",2024,"Monroe","Hamlin town","B03002_008","Other (Non-Hispanic)",0.566343042071197,0.520109622420862
"3605531797",2024,"Monroe","Hamlin town","B03002_009","Two or More Races (Non-Hispanic)",4.1840036985668,1.80303030594519
"3605534099",2024,"Monroe","Henrietta town","B03002_003","White (Non-Hispanic)",72.813897846666,2.29604968977097
"3605534099",2024,"Monroe","Henrietta town","B03002_004","Black (Non-Hispanic)",5.72766045979403,1.28991064733537
"3605534099",2024,"Monroe","Henrietta town","B03002_012","Hispanic or Latino (Any Race)",4.78310621034016,1.43555021986045
"3605534099",2024,"Monroe","Henrietta town","B03002_006","Asian (Non-Hispanic)",12.6828253406845,1.59988020140645
"3605534099",2024,"Monroe","Henrietta town","B03002_005","Native American (Non-Hispanic)",0.0957037345261625,0.101945249743384
"3605534099",2024,"Monroe","Henrietta town","B03002_007","Pacific Islander (Non-Hispanic)",0.00624154790388016,0.0104025784773414
"3605534099",2024,"Monroe","Henrietta town","B03002_008","Other (Non-Hispanic)",0.407781129720171,0.205970787111687
"3605534099",2024,"Monroe","Henrietta town","B03002_009","Two or More Races (Non-Hispanic)",3.48278373036513,0.873811656283077
"3605537726",2024,"Monroe","Irondequoit town","B03002_003","White (Non-Hispanic)",74.064788676787,2.4344632326125
"3605537726",2024,"Monroe","Irondequoit town","B03002_004","Black (Non-Hispanic)",7.42641688216831,1.37589321865182
"3605537726",2024,"Monroe","Irondequoit town","B03002_012","Hispanic or Latino (Any Race)",11.1672621750202,1.49825572402388
"3605537726",2024,"Monroe","Irondequoit town","B03002_006","Asian (Non-Hispanic)",2.39453579959334,0.815282357038659
"3605537726",2024,"Monroe","Irondequoit town","B03002_005","Native American (Non-Hispanic)",0.0355330951299919,0.0335590087711284
"3605537726",2024,"Monroe","Irondequoit town","B03002_007","Pacific Islander (Non-Hispanic)",0,0.0631699468977634
"3605537726",2024,"Monroe","Irondequoit town","B03002_008","Other (Non-Hispanic)",0.161872988925519,0.10462505468289
"3605537726",2024,"Monroe","Irondequoit town","B03002_009","Two or More Races (Non-Hispanic)",4.74959038237558,1.09361571495325
"3605546558",2024,"Monroe","Mendon town","B03002_003","White (Non-Hispanic)",88.2913848541967,3.41803509444874
"3605546558",2024,"Monroe","Mendon town","B03002_004","Black (Non-Hispanic)",2.19536533983812,2.50581423457543
"3605546558",2024,"Monroe","Mendon town","B03002_012","Hispanic or Latino (Any Race)",3.65894223306353,2.05120208254107
"3605546558",2024,"Monroe","Mendon town","B03002_006","Asian (Non-Hispanic)",1.25291052223085,0.875922249938552
"3605546558",2024,"Monroe","Mendon town","B03002_005","Native American (Non-Hispanic)",0,0.210666370994567
"3605546558",2024,"Monroe","Mendon town","B03002_007","Pacific Islander (Non-Hispanic)",0,0.210666370994567
"3605546558",2024,"Monroe","Mendon town","B03002_008","Other (Non-Hispanic)",0,0.210666370994567
"3605546558",2024,"Monroe","Mendon town","B03002_009","Two or More Races (Non-Hispanic)",4.60139705067081,1.99574911089201
"3605554474",2024,"Monroe","Ogden town","B03002_003","White (Non-Hispanic)",87.049683293745,2.83807702061258
"3605554474",2024,"Monroe","Ogden town","B03002_004","Black (Non-Hispanic)",2.0041567695962,0.831349606736766
"3605554474",2024,"Monroe","Ogden town","B03002_012","Hispanic or Latino (Any Race)",4.2804829770388,2.13281101764866
"3605554474",2024,"Monroe","Ogden town","B03002_006","Asian (Non-Hispanic)",1.66765637371338,1.36579390694831
"3605554474",2024,"Monroe","Ogden town","B03002_005","Native American (Non-Hispanic)",0.0940221694378464,0.143507466789493
"3605554474",2024,"Monroe","Ogden town","B03002_007","Pacific Islander (Non-Hispanic)",0.0692794932699921,0.123713346209976
"3605554474",2024,"Monroe","Ogden town","B03002_008","Other (Non-Hispanic)",0.569081551860649,0.856096257749641
"3605554474",2024,"Monroe","Ogden town","B03002_009","Two or More Races (Non-Hispanic)",4.26563737133808,1.46475534116812
"3605556561",2024,"Monroe","Parma town","B03002_003","White (Non-Hispanic)",89.1006144869965,3.4054369043917
"3605556561",2024,"Monroe","Parma town","B03002_004","Black (Non-Hispanic)",0.900006206939358,0.75103865680378
"3605556561",2024,"Monroe","Parma town","B03002_012","Hispanic or Latino (Any Race)",4.48761715598039,2.60070037152156
"3605556561",2024,"Monroe","Parma town","B03002_006","Asian (Non-Hispanic)",0.639314753894854,0.918626610192993
"3605556561",2024,"Monroe","Parma town","B03002_005","Native American (Non-Hispanic)",0.0868971510148346,0.0993109588413798
"3605556561",2024,"Monroe","Parma town","B03002_007","Pacific Islander (Non-Hispanic)",0,0.130345726522252
"3605556561",2024,"Monroe","Parma town","B03002_008","Other (Non-Hispanic)",0,0.130345726522252
"3605556561",2024,"Monroe","Parma town","B03002_009","Two or More Races (Non-Hispanic)",4.7855502451741,2.21586771504322
"3605557144",2024,"Monroe","Penfield town","B03002_003","White (Non-Hispanic)",87.3553188759143,2.02300558434007
"3605557144",2024,"Monroe","Penfield town","B03002_004","Black (Non-Hispanic)",1.03169511099705,0.377260231842875
"3605557144",2024,"Monroe","Penfield town","B03002_012","Hispanic or Latino (Any Race)",5.03272167329655,1.26522800680648
"3605557144",2024,"Monroe","Penfield town","B03002_006","Asian (Non-Hispanic)",2.5150776337739,1.03939127983636
"3605557144",2024,"Monroe","Penfield town","B03002_005","Native American (Non-Hispanic)",0.0436288977287309,0.0436288758750697
"3605557144",2024,"Monroe","Penfield town","B03002_007","Pacific Islander (Non-Hispanic)",0.143718721929937,0.148851463921268
"3605557144",2024,"Monroe","Penfield town","B03002_008","Other (Non-Hispanic)",0.341331964583601,0.287437240829699
"3605557144",2024,"Monroe","Penfield town","B03002_009","Two or More Races (Non-Hispanic)",3.53650712177595,1.20107267452114
"3605557221",2024,"Monroe","Perinton town","B03002_003","White (Non-Hispanic)",88.388237047763,2.01880530936929
"3605557221",2024,"Monroe","Perinton town","B03002_004","Black (Non-Hispanic)",1.66095270543643,0.745297357320741
"3605557221",2024,"Monroe","Perinton town","B03002_012","Hispanic or Latino (Any Race)",2.86620813015055,1.18182810161384
"3605557221",2024,"Monroe","Perinton town","B03002_006","Asian (Non-Hispanic)",2.25506271161176,0.685671473467164
"3605557221",2024,"Monroe","Perinton town","B03002_005","Native American (Non-Hispanic)",0,0.0617533698175081
"3605557221",2024,"Monroe","Perinton town","B03002_007","Pacific Islander (Non-Hispanic)",0.0191648389088818,0.0319413921747928
"3605557221",2024,"Monroe","Perinton town","B03002_008","Other (Non-Hispanic)",0.238495773088307,0.251272214112676
"3605557221",2024,"Monroe","Perinton town","B03002_009","Two or More Races (Non-Hispanic)",4.57187879304103,1.14349250646402
"3605558365",2024,"Monroe","Pittsford town","B03002_003","White (Non-Hispanic)",81.1086009887699,2.11852388870217
"3605558365",2024,"Monroe","Pittsford town","B03002_004","Black (Non-Hispanic)",2.73712470942606,1.43076454523286
"3605558365",2024,"Monroe","Pittsford town","B03002_012","Hispanic or Latino (Any Race)",3.80119831057853,0.887257540941449
"3605558365",2024,"Monroe","Pittsford town","B03002_006","Asian (Non-Hispanic)",8.36525554136791,1.25391450804352
"3605558365",2024,"Monroe","Pittsford town","B03002_005","Native American (Non-Hispanic)",0.0229185083325148,0.0556592251695087
"3605558365",2024,"Monroe","Pittsford town","B03002_007","Pacific Islander (Non-Hispanic)",0,0.0949481059489899
"3605558365",2024,"Monroe","Pittsford town","B03002_008","Other (Non-Hispanic)",0.658088596405068,0.474739625686801
"3605558365",2024,"Monroe","Pittsford town","B03002_009","Two or More Races (Non-Hispanic)",3.30681334511999,0.851246150450565
"3605561808",2024,"Monroe","Riga town","B03002_003","White (Non-Hispanic)",90.1698590531261,4.62611940084655
"3605561808",2024,"Monroe","Riga town","B03002_004","Black (Non-Hispanic)",1.06613661004698,0.77699989049999
"3605561808",2024,"Monroe","Riga town","B03002_012","Hispanic or Latino (Any Race)",5.11384170581858,3.1079734115301
"3605561808",2024,"Monroe","Riga town","B03002_006","Asian (Non-Hispanic)",0.632453921214312,0.75893932745598
"3605561808",2024,"Monroe","Riga town","B03002_005","Native American (Non-Hispanic)",0.0542103361040838,0.0903502282745371
"3605561808",2024,"Monroe","Riga town","B03002_007","Pacific Islander (Non-Hispanic)",0,0.343332128659198
"3605561808",2024,"Monroe","Riga town","B03002_008","Other (Non-Hispanic)",1.62631008312252,1.71664492172433
"3605561808",2024,"Monroe","Riga town","B03002_009","Two or More Races (Non-Hispanic)",1.3371882905674,0.975767351389469
"3605563000",2024,"Monroe","Rochester city","B03002_003","White (Non-Hispanic)",36.3913743222271,0.929674726028975
"3605563000",2024,"Monroe","Rochester city","B03002_004","Black (Non-Hispanic)",34.651198436572,0.971353282647437
"3605563000",2024,"Monroe","Rochester city","B03002_012","Hispanic or Latino (Any Race)",19.6372118866515,0.657156620728237
"3605563000",2024,"Monroe","Rochester city","B03002_006","Asian (Non-Hispanic)",3.19726783285115,0.459831034551222
"3605563000",2024,"Monroe","Rochester city","B03002_005","Native American (Non-Hispanic)",0.161420113808365,0.0536470245435577
"3605563000",2024,"Monroe","Rochester city","B03002_007","Pacific Islander (Non-Hispanic)",0.0167647002471596,0.0167646996863585
"3605563000",2024,"Monroe","Rochester city","B03002_008","Other (Non-Hispanic)",0.619814917709271,0.215546086414237
"3605563000",2024,"Monroe","Rochester city","B03002_009","Two or More Races (Non-Hispanic)",5.32494778993352,0.589636848625658
"3605564144",2024,"Monroe","Rush town","B03002_003","White (Non-Hispanic)",88.4815242494226,4.40673859681871
"3605564144",2024,"Monroe","Rush town","B03002_004","Black (Non-Hispanic)",1.58775981524249,1.09694703302147
"3605564144",2024,"Monroe","Rush town","B03002_012","Hispanic or Latino (Any Race)",2.22286374133949,1.24125174732251
"3605564144",2024,"Monroe","Rush town","B03002_006","Asian (Non-Hispanic)",3.5796766743649,3.81054943141419
"3605564144",2024,"Monroe","Rush town","B03002_005","Native American (Non-Hispanic)",0,0.404157043879908
"3605564144",2024,"Monroe","Rush town","B03002_007","Pacific Islander (Non-Hispanic)",0,0.404157043879908
"3605564144",2024,"Monroe","Rush town","B03002_008","Other (Non-Hispanic)",0,0.404157043879908
"3605564144",2024,"Monroe","Rush town","B03002_009","Two or More Races (Non-Hispanic)",4.12817551963049,2.51139776953466
"3605572455",2024,"Monroe","Sweden town","B03002_003","White (Non-Hispanic)",80.4557600950119,3.26918226595489
"3605572455",2024,"Monroe","Sweden town","B03002_004","Black (Non-Hispanic)",5.7229809976247,1.68493426357797
"3605572455",2024,"Monroe","Sweden town","B03002_012","Hispanic or Latino (Any Race)",4.95100950118765,1.41029500161756
"3605572455",2024,"Monroe","Sweden town","B03002_006","Asian (Non-Hispanic)",2.34560570071259,0.794224943171668
"3605572455",2024,"Monroe","Sweden town","B03002_005","Native American (Non-Hispanic)",0.126187648456057,0.192992695906457
"3605572455",2024,"Monroe","Sweden town","B03002_007","Pacific Islander (Non-Hispanic)",0,0.155878859857482
"3605572455",2024,"Monroe","Sweden town","B03002_008","Other (Non-Hispanic)",0.482482185273159,0.519595231873556
"3605572455",2024,"Monroe","Sweden town","B03002_009","Two or More Races (Non-Hispanic)",5.91597387173397,2.53856879768558
"3605578971",2024,"Monroe","Webster town","B03002_003","White (Non-Hispanic)",87.4519081944015,2.22367725582562
"3605578971",2024,"Monroe","Webster town","B03002_004","Black (Non-Hispanic)",2.89214168840932,1.09892383208826
"3605578971",2024,"Monroe","Webster town","B03002_012","Hispanic or Latino (Any Race)",3.43607659311016,0.811477130903428
"3605578971",2024,"Monroe","Webster town","B03002_006","Asian (Non-Hispanic)",2.4698182461416,1.19179127959378
"3605578971",2024,"Monroe","Webster town","B03002_005","Native American (Non-Hispanic)",0.00663335249635166,0.0110555866756921
"3605578971",2024,"Monroe","Webster town","B03002_007","Pacific Islander (Non-Hispanic)",0.00221111749878389,0.00663335234482808
"3605578971",2024,"Monroe","Webster town","B03002_008","Other (Non-Hispanic)",0.247645159863795,0.265334052336269
"3605578971",2024,"Monroe","Webster town","B03002_009","Two or More Races (Non-Hispanic)",3.49356564807854,0.92203327566905
"3605581402",2024,"Monroe","Wheatland town","B03002_003","White (Non-Hispanic)",93.0821494749846,2.60446028845911
"3605581402",2024,"Monroe","Wheatland town","B03002_004","Black (Non-Hispanic)",2.57360510603253,1.87355147363805
"3605581402",2024,"Monroe","Wheatland town","B03002_012","Hispanic or Latino (Any Race)",1.85299567634342,1.15294725152244
"3605581402",2024,"Monroe","Wheatland town","B03002_006","Asian (Non-Hispanic)",0.102944204241301,0.144121198636328
"3605581402",2024,"Monroe","Wheatland town","B03002_005","Native American (Non-Hispanic)",0.0205888408482602,0.0411775854744284
"3605581402",2024,"Monroe","Wheatland town","B03002_007","Pacific Islander (Non-Hispanic)",0,0.288243771875643
"3605581402",2024,"Monroe","Wheatland town","B03002_008","Other (Non-Hispanic)",0.185299567634342,0.288242658447728
"3605581402",2024,"Monroe","Wheatland town","B03002_009","Two or More Races (Non-Hispanic)",2.18241712991559,1.25588384369728
"3606908378",2024,"Ontario","Bristol town","B03002_003","White (Non-Hispanic)",96.4440172993753,3.20057260626617
"3606908378",2024,"Ontario","Bristol town","B03002_004","Black (Non-Hispanic)",0,0.67275348390197
"3606908378",2024,"Ontario","Bristol town","B03002_012","Hispanic or Latino (Any Race)",1.29745314752523,1.48135972014142
"3606908378",2024,"Ontario","Bristol town","B03002_006","Asian (Non-Hispanic)",0.336376741950985,0.575205345987902
"3606908378",2024,"Ontario","Bristol town","B03002_005","Native American (Non-Hispanic)",0,0.67275348390197
"3606908378",2024,"Ontario","Bristol town","B03002_007","Pacific Islander (Non-Hispanic)",0,0.67275348390197
"3606908378",2024,"Ontario","Bristol town","B03002_008","Other (Non-Hispanic)",0,0.67275348390197
"3606908378",2024,"Ontario","Bristol town","B03002_009","Two or More Races (Non-Hispanic)",1.92215281114849,1.32522065371393
"3606912100",2024,"Ontario","Canadice town","B03002_003","White (Non-Hispanic)",93.5009196811772,3.68577381527049
"3606912100",2024,"Ontario","Canadice town","B03002_004","Black (Non-Hispanic)",0,0.858369098712446
"3606912100",2024,"Ontario","Canadice town","B03002_012","Hispanic or Latino (Any Race)",1.96198651134273,1.8196959707645
"3606912100",2024,"Ontario","Canadice town","B03002_006","Asian (Non-Hispanic)",0.306560392397302,0.365476822841545
"3606912100",2024,"Ontario","Canadice town","B03002_005","Native American (Non-Hispanic)",0,0.858369098712446
"3606912100",2024,"Ontario","Canadice town","B03002_007","Pacific Islander (Non-Hispanic)",0,0.858369098712446
"3606912100",2024,"Ontario","Canadice town","B03002_008","Other (Non-Hispanic)",0.429184549356223,0.61030621578818
"3606912100",2024,"Ontario","Canadice town","B03002_009","Two or More Races (Non-Hispanic)",3.80134886572655,2.27114731223834
"3606912144",2024,"Ontario","Canandaigua city","B03002_003","White (Non-Hispanic)",85.9520639147803,2.70983186693248
"3606912144",2024,"Ontario","Canandaigua city","B03002_004","Black (Non-Hispanic)",0.941601673958531,0.627729076632866
"3606912144",2024,"Ontario","Canandaigua city","B03002_012","Hispanic or Latino (Any Race)",8.82632680235876,2.301564228541
"3606912144",2024,"Ontario","Canandaigua city","B03002_006","Asian (Non-Hispanic)",0.209244816435229,0.247288655018879
"3606912144",2024,"Ontario","Canandaigua city","B03002_005","Native American (Non-Hispanic)",0,0.199733688415446
"3606912144",2024,"Ontario","Canandaigua city","B03002_007","Pacific Islander (Non-Hispanic)",0,0.199733688415446
"3606912144",2024,"Ontario","Canandaigua city","B03002_008","Other (Non-Hispanic)",0.0951112801978315,0.16168896351582
"3606912144",2024,"Ontario","Canandaigua city","B03002_009","Two or More Races (Non-Hispanic)",3.97565151226935,1.62636592359441
"3606912155",2024,"Ontario","Canandaigua town","B03002_003","White (Non-Hispanic)",91.9254658385093,2.70137868916389
"3606912155",2024,"Ontario","Canandaigua town","B03002_004","Black (Non-Hispanic)",0.940550133096717,0.842944221481493
"3606912155",2024,"Ontario","Canandaigua town","B03002_012","Hispanic or Latino (Any Race)",3.50488021295475,2.04080684833623
"3606912155",2024,"Ontario","Canandaigua town","B03002_006","Asian (Non-Hispanic)",0.834072759538598,0.709847613846219
"3606912155",2024,"Ontario","Canandaigua town","B03002_005","Native American (Non-Hispanic)",0,0.186335403726708
"3606912155",2024,"Ontario","Canandaigua town","B03002_007","Pacific Islander (Non-Hispanic)",0,0.186335403726708
"3606912155",2024,"Ontario","Canandaigua town","B03002_008","Other (Non-Hispanic)",0.505767524401065,0.807452917302831
"3606912155",2024,"Ontario","Canandaigua town","B03002_009","Two or More Races (Non-Hispanic)",2.28926353149956,1.277722024129
"3606921699",2024,"Ontario","East Bloomfield town","B03002_003","White (Non-Hispanic)",95.7382458069838,2.22151070272803
"3606921699",2024,"Ontario","East Bloomfield town","B03002_004","Black (Non-Hispanic)",0.164971130052241,0.192463239671971
"3606921699",2024,"Ontario","East Bloomfield town","B03002_012","Hispanic or Latino (Any Race)",1.51223535881221,1.4022190976832
"3606921699",2024,"Ontario","East Bloomfield town","B03002_006","Asian (Non-Hispanic)",0.329942260104482,0.412422078188214
"3606921699",2024,"Ontario","East Bloomfield town","B03002_005","Native American (Non-Hispanic)",0,0.384932636788562
"3606921699",2024,"Ontario","East Bloomfield town","B03002_007","Pacific Islander (Non-Hispanic)",0,0.384932636788562
"3606921699",2024,"Ontario","East Bloomfield town","B03002_008","Other (Non-Hispanic)",0,0.384932636788562
"3606921699",2024,"Ontario","East Bloomfield town","B03002_009","Two or More Races (Non-Hispanic)",2.25460544404729,1.64964421205517
"3606925406",2024,"Ontario","Farmington town","B03002_003","White (Non-Hispanic)",86.3689134740149,2.71830655300919
"3606925406",2024,"Ontario","Farmington town","B03002_004","Black (Non-Hispanic)",1.76876323157823,1.18827480311803
"3606925406",2024,"Ontario","Farmington town","B03002_012","Hispanic or Latino (Any Race)",5.03312162808168,1.67994760313506
"3606925406",2024,"Ontario","Farmington town","B03002_006","Asian (Non-Hispanic)",1.45461995492727,0.785351758192373
"3606925406",2024,"Ontario","Farmington town","B03002_005","Native American (Non-Hispanic)",0,0.143413234992829
"3606925406",2024,"Ontario","Farmington town","B03002_007","Pacific Islander (Non-Hispanic)",0,0.143413234992829
"3606925406",2024,"Ontario","Farmington town","B03002_008","Other (Non-Hispanic)",0.15707163832548,0.225363393578996
"3606925406",2024,"Ontario","Farmington town","B03002_009","Two or More Races (Non-Hispanic)",5.21751007307246,2.04872877146636
"3606928640",2024,"Ontario","Geneva city","B03002_003","White (Non-Hispanic)",69.6691176470588,3.16138889671958
"3606928640",2024,"Ontario","Geneva city","B03002_004","Black (Non-Hispanic)",8.6556905370844,2.55747654985994
"3606928640",2024,"Ontario","Geneva city","B03002_012","Hispanic or Latino (Any Race)",15.4411764705882,2.16566439287635
"3606928640",2024,"Ontario","Geneva city","B03002_006","Asian (Non-Hispanic)",2.5175831202046,1.11891264216898
"3606928640",2024,"Ontario","Geneva city","B03002_005","Native American (Non-Hispanic)",0,0.167838874680307
"3606928640",2024,"Ontario","Geneva city","B03002_007","Pacific Islander (Non-Hispanic)",0,0.167838874680307
"3606928640",2024,"Ontario","Geneva city","B03002_008","Other (Non-Hispanic)",0.199808184143223,0.319692803867222
"3606928640",2024,"Ontario","Geneva city","B03002_009","Two or More Races (Non-Hispanic)",3.51662404092072,1.4066291465885
"3606928651",2024,"Ontario","Geneva town","B03002_003","White (Non-Hispanic)",79.2855084989916,5.71547703613617
"3606928651",2024,"Ontario","Geneva town","B03002_004","Black (Non-Hispanic)",5.15701526937482,3.60095379696257
"3606928651",2024,"Ontario","Geneva town","B03002_012","Hispanic or Latino (Any Race)",10.7173725151253,4.34920911453946
"3606928651",2024,"Ontario","Geneva town","B03002_006","Asian (Non-Hispanic)",2.47767214059349,1.90133211067752
"3606928651",2024,"Ontario","Geneva town","B03002_005","Native American (Non-Hispanic)",0,0.403341976375684
"3606928651",2024,"Ontario","Geneva town","B03002_007","Pacific Islander (Non-Hispanic)",0,0.403341976375684
"3606928651",2024,"Ontario","Geneva town","B03002_008","Other (Non-Hispanic)",0,0.403341976375684
"3606928651",2024,"Ontario","Geneva town","B03002_009","Two or More Races (Non-Hispanic)",2.36243157591472,1.87253251729233
"3606929531",2024,"Ontario","Gorham town","B03002_003","White (Non-Hispanic)",93.5743953090643,2.48976412210761
"3606929531",2024,"Ontario","Gorham town","B03002_004","Black (Non-Hispanic)",0.415343268995847,0.342043544482153
"3606929531",2024,"Ontario","Gorham town","B03002_012","Hispanic or Latino (Any Race)",2.10114830197899,1.56362367527661
"3606929531",2024,"Ontario","Gorham town","B03002_006","Asian (Non-Hispanic)",1.05057415098949,1.00170181839502
"3606929531",2024,"Ontario","Gorham town","B03002_005","Native American (Non-Hispanic)",0,0.34204739799658
"3606929531",2024,"Ontario","Gorham town","B03002_007","Pacific Islander (Non-Hispanic)",0,0.34204739799658
"3606929531",2024,"Ontario","Gorham town","B03002_008","Other (Non-Hispanic)",0,0.34204739799658
"3606929531",2024,"Ontario","Gorham town","B03002_009","Two or More Races (Non-Hispanic)",2.85853896897141,1.58803789087142
"3606935551",2024,"Ontario","Hopewell town","B03002_003","White (Non-Hispanic)",90.6298003072197,4.18009942738431
"3606935551",2024,"Ontario","Hopewell town","B03002_004","Black (Non-Hispanic)",2.32974910394265,1.45925816707629
"3606935551",2024,"Ontario","Hopewell town","B03002_012","Hispanic or Latino (Any Race)",3.76344086021505,1.61282005393992
"3606935551",2024,"Ontario","Hopewell town","B03002_006","Asian (Non-Hispanic)",1.56169994879672,1.97131444720178
"3606935551",2024,"Ontario","Hopewell town","B03002_005","Native American (Non-Hispanic)",0,0.3584229390681
"3606935551",2024,"Ontario","Hopewell town","B03002_007","Pacific Islander (Non-Hispanic)",0,0.3584229390681
"3606935551",2024,"Ontario","Hopewell town","B03002_008","Other (Non-Hispanic)",0,0.3584229390681
"3606935551",2024,"Ontario","Hopewell town","B03002_009","Two or More Races (Non-Hispanic)",1.71530977982591,1.76649728168249
"3606944864",2024,"Ontario","Manchester town","B03002_003","White (Non-Hispanic)",86.638808528876,4.5697355718783
"3606944864",2024,"Ontario","Manchester town","B03002_004","Black (Non-Hispanic)",0.621450766098789,0.278576794219898
"3606944864",2024,"Ontario","Manchester town","B03002_012","Hispanic or Latino (Any Race)",4.3287260259295,1.99289723165019
"3606944864",2024,"Ontario","Manchester town","B03002_006","Asian (Non-Hispanic)",0.760741455051966,0.632162407605295
"3606944864",2024,"Ontario","Manchester town","B03002_005","Native American (Non-Hispanic)",0.235722704382299,0.225007219502496
"3606944864",2024,"Ontario","Manchester town","B03002_007","Pacific Islander (Non-Hispanic)",0,0.203578699239259
"3606944864",2024,"Ontario","Manchester town","B03002_008","Other (Non-Hispanic)",2.22865102325083,2.66794627146907
"3606944864",2024,"Ontario","Manchester town","B03002_009","Two or More Races (Non-Hispanic)",5.18589949641059,3.07508090926151
"3606949440",2024,"Ontario","Naples town","B03002_003","White (Non-Hispanic)",93.7068303914045,2.21842429091211
"3606949440",2024,"Ontario","Naples town","B03002_004","Black (Non-Hispanic)",0,0.537221795855718
"3606949440",2024,"Ontario","Naples town","B03002_012","Hispanic or Latino (Any Race)",2.95471987720645,2.40563165984156
"3606949440",2024,"Ontario","Naples town","B03002_006","Asian (Non-Hispanic)",0.69071373752878,0.688445974277763
"3606949440",2024,"Ontario","Naples town","B03002_005","Native American (Non-Hispanic)",0,0.537221795855718
"3606949440",2024,"Ontario","Naples town","B03002_007","Pacific Islander (Non-Hispanic)",0,0.537221795855718
"3606949440",2024,"Ontario","Naples town","B03002_008","Other (Non-Hispanic)",0,0.537221795855718
"3606949440",2024,"Ontario","Naples town","B03002_009","Two or More Races (Non-Hispanic)",2.64773599386032,1.6747460874481
"3606957529",2024,"Ontario","Phelps town","B03002_003","White (Non-Hispanic)",88.707729468599,3.97252652031245
"3606957529",2024,"Ontario","Phelps town","B03002_004","Black (Non-Hispanic)",0.452898550724638,0.377411891666474
"3606957529",2024,"Ontario","Phelps town","B03002_012","Hispanic or Latino (Any Race)",5.07246376811594,2.88339553548574
"3606957529",2024,"Ontario","Phelps town","B03002_006","Asian (Non-Hispanic)",0,0.286835748792271
"3606957529",2024,"Ontario","Phelps town","B03002_005","Native American (Non-Hispanic)",0,0.286835748792271
"3606957529",2024,"Ontario","Phelps town","B03002_007","Pacific Islander (Non-Hispanic)",0,0.286835748792271
"3606957529",2024,"Ontario","Phelps town","B03002_008","Other (Non-Hispanic)",0.634057971014493,0.966180843696626
"3606957529",2024,"Ontario","Phelps town","B03002_009","Two or More Races (Non-Hispanic)",5.13285024154589,2.67203673183332
"3606961544",2024,"Ontario","Richmond town","B03002_003","White (Non-Hispanic)",92.3446412488742,5.35305539992179
"3606961544",2024,"Ontario","Richmond town","B03002_004","Black (Non-Hispanic)",3.63254277994596,4.77330533755272
"3606961544",2024,"Ontario","Richmond town","B03002_012","Hispanic or Latino (Any Race)",1.0807565295707,1.65114659635482
"3606961544",2024,"Ontario","Richmond town","B03002_006","Asian (Non-Hispanic)",0.180126088261783,0.270187568506295
"3606961544",2024,"Ontario","Richmond town","B03002_005","Native American (Non-Hispanic)",0,0.420294205944161
"3606961544",2024,"Ontario","Richmond town","B03002_007","Pacific Islander (Non-Hispanic)",0,0.420294205944161
"3606961544",2024,"Ontario","Richmond town","B03002_008","Other (Non-Hispanic)",0.420294205944161,0.660458840425952
"3606961544",2024,"Ontario","Richmond town","B03002_009","Two or More Races (Non-Hispanic)",2.34163914740318,1.68113434709183
"3606966289",2024,"Ontario","Seneca town","B03002_003","White (Non-Hispanic)",96.605644546148,2.09245742779206
"3606966289",2024,"Ontario","Seneca town","B03002_004","Black (Non-Hispanic)",0.64836003051106,0.839044829111637
"3606966289",2024,"Ontario","Seneca town","B03002_012","Hispanic or Latino (Any Race)",0.91533180778032,1.4492645988463
"3606966289",2024,"Ontario","Seneca town","B03002_006","Asian (Non-Hispanic)",0.45766590389016,0.572075562981458
"3606966289",2024,"Ontario","Seneca town","B03002_005","Native American (Non-Hispanic)",0,0.53394355453852
"3606966289",2024,"Ontario","Seneca town","B03002_007","Pacific Islander (Non-Hispanic)",0,0.53394355453852
"3606966289",2024,"Ontario","Seneca town","B03002_008","Other (Non-Hispanic)",0.83905415713196,1.10601408322112
"3606966289",2024,"Ontario","Seneca town","B03002_009","Two or More Races (Non-Hispanic)",0.53394355453852,0.610212506552206
"3606968660",2024,"Ontario","South Bristol town","B03002_003","White (Non-Hispanic)",94.3965517241379,3.79138576360843
"3606968660",2024,"Ontario","South Bristol town","B03002_004","Black (Non-Hispanic)",0.307881773399015,0.429842064983128
"3606968660",2024,"Ontario","South Bristol town","B03002_012","Hispanic or Latino (Any Race)",0.677339901477833,0.735546636892278
"3606968660",2024,"Ontario","South Bristol town","B03002_006","Asian (Non-Hispanic)",0.307881773399015,0.429842064983128
"3606968660",2024,"Ontario","South Bristol town","B03002_005","Native American (Non-Hispanic)",0,0.862068965517241
"3606968660",2024,"Ontario","South Bristol town","B03002_007","Pacific Islander (Non-Hispanic)",0,0.862068965517241
"3606968660",2024,"Ontario","South Bristol town","B03002_008","Other (Non-Hispanic)",0.307881773399015,0.491567810849889
"3606968660",2024,"Ontario","South Bristol town","B03002_009","Two or More Races (Non-Hispanic)",4.00246305418719,2.61481806352464
"3606977387",2024,"Ontario","Victor town","B03002_003","White (Non-Hispanic)",86.5657639627244,2.59854203661538
"3606977387",2024,"Ontario","Victor town","B03002_004","Black (Non-Hispanic)",1.51979485896554,0.988176740114472
"3606977387",2024,"Ontario","Victor town","B03002_012","Hispanic or Latino (Any Race)",5.04096566389393,1.80122245828574
"3606977387",2024,"Ontario","Victor town","B03002_006","Asian (Non-Hispanic)",3.27725311151417,1.00067588165919
"3606977387",2024,"Ontario","Victor town","B03002_005","Native American (Non-Hispanic)",0,0.131340296453812
"3606977387",2024,"Ontario","Victor town","B03002_007","Pacific Islander (Non-Hispanic)",0,0.131340296453812
"3606977387",2024,"Ontario","Victor town","B03002_008","Other (Non-Hispanic)",0.28769779223216,0.293951774853476
"3606977387",2024,"Ontario","Victor town","B03002_009","Two or More Races (Non-Hispanic)",3.30852461066984,1.46975207009738
"3606979356",2024,"Ontario","West Bloomfield town","B03002_003","White (Non-Hispanic)",94.7772096420745,2.54061804101143
"3606979356",2024,"Ontario","West Bloomfield town","B03002_004","Black (Non-Hispanic)",0,0.511322132943755
"3606979356",2024,"Ontario","West Bloomfield town","B03002_012","Hispanic or Latino (Any Race)",1.20525931336742,1.82613853735131
"3606979356",2024,"Ontario","West Bloomfield town","B03002_006","Asian (Non-Hispanic)",0.876552227903579,1.02263299082295
"3606979356",2024,"Ontario","West Bloomfield town","B03002_005","Native American (Non-Hispanic)",0.0365230094959825,0.109568845790997
"3606979356",2024,"Ontario","West Bloomfield town","B03002_007","Pacific Islander (Non-Hispanic)",0,0.511322132943755
"3606979356",2024,"Ontario","West Bloomfield town","B03002_008","Other (Non-Hispanic)",0,0.511322132943755
"3606979356",2024,"Ontario","West Bloomfield town","B03002_009","Two or More Races (Non-Hispanic)",3.10445580715851,1.9356447857488
"3607300000",2024,"Orleans","County subdivisions not defined","B03002_003","White (Non-Hispanic)",0,0
"3607300000",2024,"Orleans","County subdivisions not defined","B03002_004","Black (Non-Hispanic)",0,0
"3607300000",2024,"Orleans","County subdivisions not defined","B03002_012","Hispanic or Latino (Any Race)",0,0
"3607300000",2024,"Orleans","County subdivisions not defined","B03002_006","Asian (Non-Hispanic)",0,0
"3607300000",2024,"Orleans","County subdivisions not defined","B03002_005","Native American (Non-Hispanic)",0,0
"3607300000",2024,"Orleans","County subdivisions not defined","B03002_007","Pacific Islander (Non-Hispanic)",0,0
"3607300000",2024,"Orleans","County subdivisions not defined","B03002_008","Other (Non-Hispanic)",0,0
"3607300000",2024,"Orleans","County subdivisions not defined","B03002_009","Two or More Races (Non-Hispanic)",0,0
"3607301044",2024,"Orleans","Albion town","B03002_003","White (Non-Hispanic)",67.3327782403553,4.77049722556565
"3607301044",2024,"Orleans","Albion town","B03002_004","Black (Non-Hispanic)",16.7915625867333,2.78899081909674
"3607301044",2024,"Orleans","Albion town","B03002_012","Hispanic or Latino (Any Race)",9.03413821815154,4.02435359540203
"3607301044",2024,"Orleans","Albion town","B03002_006","Asian (Non-Hispanic)",0.0416319733555371,0.138773201103736
"3607301044",2024,"Orleans","Albion town","B03002_005","Native American (Non-Hispanic)",0.70774354704413,0.915901512781617
"3607301044",2024,"Orleans","Albion town","B03002_007","Pacific Islander (Non-Hispanic)",0,0.263669164585068
"3607301044",2024,"Orleans","Albion town","B03002_008","Other (Non-Hispanic)",0.693866222592284,0.582844755626941
"3607301044",2024,"Orleans","Albion town","B03002_009","Two or More Races (Non-Hispanic)",5.39827921176797,2.71991834991503
"3607304572",2024,"Orleans","Barre town","B03002_003","White (Non-Hispanic)",93.2460732984293,3.73627731584393
"3607304572",2024,"Orleans","Barre town","B03002_004","Black (Non-Hispanic)",0.366492146596859,0.469791709211213
"3607304572",2024,"Orleans","Barre town","B03002_012","Hispanic or Latino (Any Race)",1.15183246073298,1.1461192769957
"3607304572",2024,"Orleans","Barre town","B03002_006","Asian (Non-Hispanic)",0.261780104712042,0.470484065637353
"3607304572",2024,"Orleans","Barre town","B03002_005","Native American (Non-Hispanic)",0.157068062827225,0.208840416639363
"3607304572",2024,"Orleans","Barre town","B03002_007","Pacific Islander (Non-Hispanic)",0,0.732984293193717
"3607304572",2024,"Orleans","Barre town","B03002_008","Other (Non-Hispanic)",0,0.732984293193717
"3607304572",2024,"Orleans","Barre town","B03002_009","Two or More Races (Non-Hispanic)",4.81675392670157,2.62681378497244
"3607312496",2024,"Orleans","Carlton town","B03002_003","White (Non-Hispanic)",88.8888888888889,5.82253226132577
"3607312496",2024,"Orleans","Carlton town","B03002_004","Black (Non-Hispanic)",3.06267806267806,3.81044374928239
"3607312496",2024,"Orleans","Carlton town","B03002_012","Hispanic or Latino (Any Race)",3.98860398860399,4.84317465808371
"3607312496",2024,"Orleans","Carlton town","B03002_006","Asian (Non-Hispanic)",0,0.498575498575499
"3607312496",2024,"Orleans","Carlton town","B03002_005","Native American (Non-Hispanic)",0.498575498575499,0.641010271959349
"3607312496",2024,"Orleans","Carlton town","B03002_007","Pacific Islander (Non-Hispanic)",0,0.498575498575499
"3607312496",2024,"Orleans","Carlton town","B03002_008","Other (Non-Hispanic)",0.997150997150997,1.13956655909187
"3607312496",2024,"Orleans","Carlton town","B03002_009","Two or More Races (Non-Hispanic)",2.56410256410256,1.74486491530932
"3607315880",2024,"Orleans","Clarendon town","B03002_003","White (Non-Hispanic)",94.8524984948826,2.93548017676671
"3607315880",2024,"Orleans","Clarendon town","B03002_004","Black (Non-Hispanic)",0,0.421432871763998
"3607315880",2024,"Orleans","Clarendon town","B03002_012","Hispanic or Latino (Any Race)",0,0.421432871763998
"3607315880",2024,"Orleans","Clarendon town","B03002_006","Asian (Non-Hispanic)",2.49849488260084,2.43825260370386
"3607315880",2024,"Orleans","Clarendon town","B03002_005","Native American (Non-Hispanic)",0,0.421432871763998
"3607315880",2024,"Orleans","Clarendon town","B03002_007","Pacific Islander (Non-Hispanic)",0,0.421432871763998
"3607315880",2024,"Orleans","Clarendon town","B03002_008","Other (Non-Hispanic)",0,0.421432871763998
"3607315880",2024,"Orleans","Clarendon town","B03002_009","Two or More Races (Non-Hispanic)",2.64900662251656,2.28773341980762
"3607327958",2024,"Orleans","Gaines town","B03002_003","White (Non-Hispanic)",92.1330845771144,3.48881285923327
"3607327958",2024,"Orleans","Gaines town","B03002_004","Black (Non-Hispanic)",1.99004975124378,2.20759904971457
"3607327958",2024,"Orleans","Gaines town","B03002_012","Hispanic or Latino (Any Race)",3.85572139303483,3.14025066488102
"3607327958",2024,"Orleans","Gaines town","B03002_006","Asian (Non-Hispanic)",1.24378109452736,1.5857597752809
"3607327958",2024,"Orleans","Gaines town","B03002_005","Native American (Non-Hispanic)",0,0.435323383084577
"3607327958",2024,"Orleans","Gaines town","B03002_007","Pacific Islander (Non-Hispanic)",0,0.435323383084577
"3607327958",2024,"Orleans","Gaines town","B03002_008","Other (Non-Hispanic)",0,0.435323383084577
"3607327958",2024,"Orleans","Gaines town","B03002_009","Two or More Races (Non-Hispanic)",0.777363184079602,1.15046460368752
"3607339188",2024,"Orleans","Kendall town","B03002_003","White (Non-Hispanic)",85.9899652643767,5.7813551096233
"3607339188",2024,"Orleans","Kendall town","B03002_004","Black (Non-Hispanic)",1.58240061752219,3.01036493153291
"3607339188",2024,"Orleans","Kendall town","B03002_012","Hispanic or Latino (Any Race)",9.88035507526052,5.63372860309405
"3607339188",2024,"Orleans","Kendall town","B03002_006","Asian (Non-Hispanic)",0.231570822076418,0.308749454011246
"3607339188",2024,"Orleans","Kendall town","B03002_005","Native American (Non-Hispanic)",0.192975685063682,0.308753011363295
"3607339188",2024,"Orleans","Kendall town","B03002_007","Pacific Islander (Non-Hispanic)",0,0.54033191817831
"3607339188",2024,"Orleans","Kendall town","B03002_008","Other (Non-Hispanic)",0.733307603241992,1.04203410851884
"3607339188",2024,"Orleans","Kendall town","B03002_009","Two or More Races (Non-Hispanic)",1.38942493245851,1.46652697070095
"3607349286",2024,"Orleans","Murray town","B03002_003","White (Non-Hispanic)",86.9793857803955,4.80307760246411
"3607349286",2024,"Orleans","Murray town","B03002_004","Black (Non-Hispanic)",1.80900294488851,1.89312731966122
"3607349286",2024,"Orleans","Murray town","B03002_012","Hispanic or Latino (Any Race)",5.11148506520825,3.30241210872636
"3607349286",2024,"Orleans","Murray town","B03002_006","Asian (Non-Hispanic)",0.14724442574674,0.273453231903539
"3607349286",2024,"Orleans","Murray town","B03002_005","Native American (Non-Hispanic)",0,0.294488851493479
"3607349286",2024,"Orleans","Murray town","B03002_007","Pacific Islander (Non-Hispanic)",0,0.294488851493479
"3607349286",2024,"Orleans","Murray town","B03002_008","Other (Non-Hispanic)",0,0.294488851493479
"3607349286",2024,"Orleans","Murray town","B03002_009","Two or More Races (Non-Hispanic)",5.95288178376104,3.11306712590577
"3607361742",2024,"Orleans","Ridgeway town","B03002_003","White (Non-Hispanic)",80.4421246545901,5.85908899601303
"3607361742",2024,"Orleans","Ridgeway town","B03002_004","Black (Non-Hispanic)",4.19097328830212,1.96495633336515
"3607361742",2024,"Orleans","Ridgeway town","B03002_012","Hispanic or Latino (Any Race)",8.44335277863064,5.28086974509676
"3607361742",2024,"Orleans","Ridgeway town","B03002_006","Asian (Non-Hispanic)",1.13601473748849,1.22811908761097
"3607361742",2024,"Orleans","Ridgeway town","B03002_005","Native American (Non-Hispanic)",0.307031010132023,0.491248711735033
"3607361742",2024,"Orleans","Ridgeway town","B03002_007","Pacific Islander (Non-Hispanic)",0,0.291679459625422
"3607361742",2024,"Orleans","Ridgeway town","B03002_008","Other (Non-Hispanic)",0.721522873810255,0.967145144787343
"3607361742",2024,"Orleans","Ridgeway town","B03002_009","Two or More Races (Non-Hispanic)",4.75898065704636,2.39479730421328
"3607366751",2024,"Orleans","Shelby town","B03002_003","White (Non-Hispanic)",90.6751749691231,2.85313795318581
"3607366751",2024,"Orleans","Shelby town","B03002_004","Black (Non-Hispanic)",2.82009057225196,1.52293801887368
"3607366751",2024,"Orleans","Shelby town","B03002_012","Hispanic or Latino (Any Race)",2.79950596953479,1.91411511791617
"3607366751",2024,"Orleans","Shelby town","B03002_006","Asian (Non-Hispanic)",1.5850144092219,1.74960252382966
"3607366751",2024,"Orleans","Shelby town","B03002_005","Native American (Non-Hispanic)",1.19390695759572,0.823277151690764
"3607366751",2024,"Orleans","Shelby town","B03002_007","Pacific Islander (Non-Hispanic)",0,0.288184438040346
"3607366751",2024,"Orleans","Shelby town","B03002_008","Other (Non-Hispanic)",0,0.288184438040346
"3607366751",2024,"Orleans","Shelby town","B03002_009","Two or More Races (Non-Hispanic)",0.92630712227254,0.86449199779418
"3607383448",2024,"Orleans","Yates town","B03002_003","White (Non-Hispanic)",92.5895430218197,4.42917948580452
"3607383448",2024,"Orleans","Yates town","B03002_004","Black (Non-Hispanic)",0.823384108686702,1.1921501029097
"3607383448",2024,"Orleans","Yates town","B03002_012","Hispanic or Latino (Any Race)",2.92301358583779,2.37672593582895
"3607383448",2024,"Orleans","Yates town","B03002_006","Asian (Non-Hispanic)",0.329353643474681,0.410876666075102
"3607383448",2024,"Orleans","Yates town","B03002_005","Native American (Non-Hispanic)",0.329353643474681,0.452120125323984
"3607383448",2024,"Orleans","Yates town","B03002_007","Pacific Islander (Non-Hispanic)",0,0.576368876080692
"3607383448",2024,"Orleans","Yates town","B03002_008","Other (Non-Hispanic)",0.370522848909016,0.493170588704572
"3607383448",2024,"Orleans","Yates town","B03002_009","Two or More Races (Non-Hispanic)",2.63482914779745,2.25480761719942
"3609918663",2024,"Seneca","Covert town","B03002_003","White (Non-Hispanic)",92.315369261477,3.33456993534598
"3609918663",2024,"Seneca","Covert town","B03002_004","Black (Non-Hispanic)",0.698602794411178,0.593172063557333
"3609918663",2024,"Seneca","Covert town","B03002_012","Hispanic or Latino (Any Race)",2.09580838323353,1.7291286095978
"3609918663",2024,"Seneca","Covert town","B03002_006","Asian (Non-Hispanic)",1.44710578842315,1.53757021866786
"3609918663",2024,"Seneca","Covert town","B03002_005","Native American (Non-Hispanic)",0.149700598802395,0.298886114182454
"3609918663",2024,"Seneca","Covert town","B03002_007","Pacific Islander (Non-Hispanic)",0,0.698602794411178
"3609918663",2024,"Seneca","Covert town","B03002_008","Other (Non-Hispanic)",0.848303393213573,0.942870716631838
"3609918663",2024,"Seneca","Covert town","B03002_009","Two or More Races (Non-Hispanic)",2.44510978043912,1.46929050463556
"3609925505",2024,"Seneca","Fayette town","B03002_003","White (Non-Hispanic)",95.370113667868,2.84677715549965
"3609925505",2024,"Seneca","Fayette town","B03002_004","Black (Non-Hispanic)",1.5248128638758,1.5802306926262
"3609925505",2024,"Seneca","Fayette town","B03002_012","Hispanic or Latino (Any Race)",1.3030219018575,2.02382547301596
"3609925505",2024,"Seneca","Fayette town","B03002_006","Asian (Non-Hispanic)",0.221790962018298,0.304959293507445
"3609925505",2024,"Seneca","Fayette town","B03002_005","Native American (Non-Hispanic)",0,0.388134183532021
"3609925505",2024,"Seneca","Fayette town","B03002_007","Pacific Islander (Non-Hispanic)",0,0.388134183532021
"3609925505",2024,"Seneca","Fayette town","B03002_008","Other (Non-Hispanic)",0.970335458830053,1.55252440486739
"3609925505",2024,"Seneca","Fayette town","B03002_009","Two or More Races (Non-Hispanic)",0.609925145550319,0.499014509165688
"3609928640",2024,"Seneca","Geneva city","B03002_003","White (Non-Hispanic)",0,0
"3609928640",2024,"Seneca","Geneva city","B03002_004","Black (Non-Hispanic)",0,0
"3609928640",2024,"Seneca","Geneva city","B03002_012","Hispanic or Latino (Any Race)",0,0
"3609928640",2024,"Seneca","Geneva city","B03002_006","Asian (Non-Hispanic)",0,0
"3609928640",2024,"Seneca","Geneva city","B03002_005","Native American (Non-Hispanic)",0,0
"3609928640",2024,"Seneca","Geneva city","B03002_007","Pacific Islander (Non-Hispanic)",0,0
"3609928640",2024,"Seneca","Geneva city","B03002_008","Other (Non-Hispanic)",0,0
"3609928640",2024,"Seneca","Geneva city","B03002_009","Two or More Races (Non-Hispanic)",0,0
"3609938858",2024,"Seneca","Junius town","B03002_003","White (Non-Hispanic)",85.2006688963211,6.98229421184632
"3609938858",2024,"Seneca","Junius town","B03002_004","Black (Non-Hispanic)",3.84615384615385,2.56161395919042
"3609938858",2024,"Seneca","Junius town","B03002_012","Hispanic or Latino (Any Race)",8.77926421404682,5.52876831418492
"3609938858",2024,"Seneca","Junius town","B03002_006","Asian (Non-Hispanic)",0,1.17056856187291
"3609938858",2024,"Seneca","Junius town","B03002_005","Native American (Non-Hispanic)",0,1.17056856187291
"3609938858",2024,"Seneca","Junius town","B03002_007","Pacific Islander (Non-Hispanic)",0,1.17056856187291
"3609938858",2024,"Seneca","Junius town","B03002_008","Other (Non-Hispanic)",0.334448160535117,0.584272738546652
"3609938858",2024,"Seneca","Junius town","B03002_009","Two or More Races (Non-Hispanic)",1.83946488294314,1.49307999635894
"3609943225",2024,"Seneca","Lodi town","B03002_003","White (Non-Hispanic)",93.4794520547945,5.70126545950444
"3609943225",2024,"Seneca","Lodi town","B03002_004","Black (Non-Hispanic)",0.10958904109589,0.218577594295365
"3609943225",2024,"Seneca","Lodi town","B03002_012","Hispanic or Latino (Any Race)",2.9041095890411,2.42803245669635
"3609943225",2024,"Seneca","Lodi town","B03002_006","Asian (Non-Hispanic)",0,0.767123287671233
"3609943225",2024,"Seneca","Lodi town","B03002_005","Native American (Non-Hispanic)",0.712328767123288,0.92552627201566
"3609943225",2024,"Seneca","Lodi town","B03002_007","Pacific Islander (Non-Hispanic)",0,0.767123287671233
"3609943225",2024,"Seneca","Lodi town","B03002_008","Other (Non-Hispanic)",0,0.767123287671233
"3609943225",2024,"Seneca","Lodi town","B03002_009","Two or More Races (Non-Hispanic)",2.79452054794521,1.76032023756511
"3609955827",2024,"Seneca","Ovid town","B03002_003","White (Non-Hispanic)",97.8987583572111,3.17522193989058
"3609955827",2024,"Seneca","Ovid town","B03002_004","Black (Non-Hispanic)",0.0955109837631328,0.190810515007278
"3609955827",2024,"Seneca","Ovid town","B03002_012","Hispanic or Latino (Any Race)",0.52531041069723,0.618851222630896
"3609955827",2024,"Seneca","Ovid town","B03002_006","Asian (Non-Hispanic)",0,0.668576886341929
"3609955827",2024,"Seneca","Ovid town","B03002_005","Native American (Non-Hispanic)",0,0.668576886341929
"3609955827",2024,"Seneca","Ovid town","B03002_007","Pacific Islander (Non-Hispanic)",0,0.668576886341929
"3609955827",2024,"Seneca","Ovid town","B03002_008","Other (Non-Hispanic)",0.0955109837631328,0.238608331122356
"3609955827",2024,"Seneca","Ovid town","B03002_009","Two or More Races (Non-Hispanic)",1.38490926456543,0.897951246691983
"3609963440",2024,"Seneca","Romulus town","B03002_003","White (Non-Hispanic)",64.4372990353698,3.99996728013601
"3609963440",2024,"Seneca","Romulus town","B03002_004","Black (Non-Hispanic)",21.1897106109325,4.56408085036548
"3609963440",2024,"Seneca","Romulus town","B03002_012","Hispanic or Latino (Any Race)",7.26688102893891,2.50764562159516
"3609963440",2024,"Seneca","Romulus town","B03002_006","Asian (Non-Hispanic)",0.45016077170418,0.482307271667879
"3609963440",2024,"Seneca","Romulus town","B03002_005","Native American (Non-Hispanic)",0,0.45016077170418
"3609963440",2024,"Seneca","Romulus town","B03002_007","Pacific Islander (Non-Hispanic)",0,0.45016077170418
"3609963440",2024,"Seneca","Romulus town","B03002_008","Other (Non-Hispanic)",1.70418006430868,1.28613149340457
"3609963440",2024,"Seneca","Romulus town","B03002_009","Two or More Races (Non-Hispanic)",4.95176848874598,2.25060054837328
"3609966333",2024,"Seneca","Seneca Falls town","B03002_003","White (Non-Hispanic)",87.3636161211311,2.99838612623459
"3609966333",2024,"Seneca","Seneca Falls town","B03002_004","Black (Non-Hispanic)",1.83700734802939,0.868391816999923
"3609966333",2024,"Seneca","Seneca Falls town","B03002_012","Hispanic or Latino (Any Race)",3.4290803829882,1.21350912208303
"3609966333",2024,"Seneca","Seneca Falls town","B03002_006","Asian (Non-Hispanic)",1.53640614562458,0.901795755377734
"3609966333",2024,"Seneca","Seneca Falls town","B03002_005","Native American (Non-Hispanic)",0.0779336450679136,0.111333615027264
"3609966333",2024,"Seneca","Seneca Falls town","B03002_007","Pacific Islander (Non-Hispanic)",0,0.211534179470051
"3609966333",2024,"Seneca","Seneca Falls town","B03002_008","Other (Non-Hispanic)",0.757069694945447,0.935201902435414
"3609966333",2024,"Seneca","Seneca Falls town","B03002_009","Two or More Races (Non-Hispanic)",4.99888666221332,2.49384658532112
"3609975902",2024,"Seneca","Tyre town","B03002_003","White (Non-Hispanic)",93.3586337760911,4.82457944543644
"3609975902",2024,"Seneca","Tyre town","B03002_004","Black (Non-Hispanic)",2.18216318785579,2.63143754668141
"3609975902",2024,"Seneca","Tyre town","B03002_012","Hispanic or Latino (Any Race)",1.89753320683112,1.9670535280724
"3609975902",2024,"Seneca","Tyre town","B03002_006","Asian (Non-Hispanic)",0,1.32827324478178
"3609975902",2024,"Seneca","Tyre town","B03002_005","Native American (Non-Hispanic)",0,1.32827324478178
"3609975902",2024,"Seneca","Tyre town","B03002_007","Pacific Islander (Non-Hispanic)",0,1.32827324478178
"3609975902",2024,"Seneca","Tyre town","B03002_008","Other (Non-Hispanic)",0,1.32827324478178
"3609975902",2024,"Seneca","Tyre town","B03002_009","Two or More Races (Non-Hispanic)",2.56166982922201,1.7511699481265
"3609976958",2024,"Seneca","Varick town","B03002_003","White (Non-Hispanic)",88.2830626450116,16.0729676897618
"3609976958",2024,"Seneca","Varick town","B03002_004","Black (Non-Hispanic)",4.58236658932715,2.54201895518696
"3609976958",2024,"Seneca","Varick town","B03002_012","Hispanic or Latino (Any Race)",4.46635730858469,4.42883523964196
"3609976958",2024,"Seneca","Varick town","B03002_006","Asian (Non-Hispanic)",0.116009280742459,0.347704189946245
"3609976958",2024,"Seneca","Varick town","B03002_005","Native American (Non-Hispanic)",0,0.812064965197216
"3609976958",2024,"Seneca","Varick town","B03002_007","Pacific Islander (Non-Hispanic)",0,0.812064965197216
"3609976958",2024,"Seneca","Varick town","B03002_008","Other (Non-Hispanic)",0.580046403712297,0.633624299860983
"3609976958",2024,"Seneca","Varick town","B03002_009","Two or More Races (Non-Hispanic)",1.97215777262181,1.30949040210381
"3609978564",2024,"Seneca","Waterloo town","B03002_003","White (Non-Hispanic)",86.1414527580557,2.90192428472553
"3609978564",2024,"Seneca","Waterloo town","B03002_004","Black (Non-Hispanic)",1.31075914800655,0.696321455470409
"3609978564",2024,"Seneca","Waterloo town","B03002_012","Hispanic or Latino (Any Race)",7.46859639541234,2.6896244308379
"3609978564",2024,"Seneca","Waterloo town","B03002_006","Asian (Non-Hispanic)",0.136537411250683,0.191151611222198
"3609978564",2024,"Seneca","Waterloo town","B03002_005","Native American (Non-Hispanic)",0,0.259421081376297
"3609978564",2024,"Seneca","Waterloo town","B03002_007","Pacific Islander (Non-Hispanic)",0,0.259421081376297
"3609978564",2024,"Seneca","Waterloo town","B03002_008","Other (Non-Hispanic)",0.546149645002731,0.614414544969636
"3609978564",2024,"Seneca","Waterloo town","B03002_009","Two or More Races (Non-Hispanic)",4.39650464227198,1.84317284491203
"3611700000",2024,"Wayne","County subdivisions not defined","B03002_003","White (Non-Hispanic)",0,0
"3611700000",2024,"Wayne","County subdivisions not defined","B03002_004","Black (Non-Hispanic)",0,0
"3611700000",2024,"Wayne","County subdivisions not defined","B03002_012","Hispanic or Latino (Any Race)",0,0
"3611700000",2024,"Wayne","County subdivisions not defined","B03002_006","Asian (Non-Hispanic)",0,0
"3611700000",2024,"Wayne","County subdivisions not defined","B03002_005","Native American (Non-Hispanic)",0,0
"3611700000",2024,"Wayne","County subdivisions not defined","B03002_007","Pacific Islander (Non-Hispanic)",0,0
"3611700000",2024,"Wayne","County subdivisions not defined","B03002_008","Other (Non-Hispanic)",0,0
"3611700000",2024,"Wayne","County subdivisions not defined","B03002_009","Two or More Races (Non-Hispanic)",0,0
"3611702440",2024,"Wayne","Arcadia town","B03002_003","White (Non-Hispanic)",79.9279464745239,3.15783797118537
"3611702440",2024,"Wayne","Arcadia town","B03002_004","Black (Non-Hispanic)",3.29387545033453,1.38958943966205
"3611702440",2024,"Wayne","Arcadia town","B03002_012","Hispanic or Latino (Any Race)",11.4770972722594,3.00705179123713
"3611702440",2024,"Wayne","Arcadia town","B03002_006","Asian (Non-Hispanic)",0.669068450849202,0.713181707328238
"3611702440",2024,"Wayne","Arcadia town","B03002_005","Native American (Non-Hispanic)",0.0441144033526947,0.0808763621808947
"3611702440",2024,"Wayne","Arcadia town","B03002_007","Pacific Islander (Non-Hispanic)",0.183810013969561,0.286743406504551
"3611702440",2024,"Wayne","Arcadia town","B03002_008","Other (Non-Hispanic)",0.176457613410779,0.272038611540729
"3611702440",2024,"Wayne","Arcadia town","B03002_009","Two or More Races (Non-Hispanic)",4.2276303212999,1.63221291670037
"3611711473",2024,"Wayne","Butler town","B03002_003","White (Non-Hispanic)",80.6708357021035,8.47627217771788
"3611711473",2024,"Wayne","Butler town","B03002_004","Black (Non-Hispanic)",0.170551449687322,0.281620777991825
"3611711473",2024,"Wayne","Butler town","B03002_012","Hispanic or Latino (Any Race)",8.86867538374076,7.93672219211631
"3611711473",2024,"Wayne","Butler town","B03002_006","Asian (Non-Hispanic)",0,0.795906765207504
"3611711473",2024,"Wayne","Butler town","B03002_005","Native American (Non-Hispanic)",0,0.795906765207504
"3611711473",2024,"Wayne","Butler town","B03002_007","Pacific Islander (Non-Hispanic)",0,0.795906765207504
"3611711473",2024,"Wayne","Butler town","B03002_008","Other (Non-Hispanic)",6.93575895395111,8.67095704382206
"3611711473",2024,"Wayne","Butler town","B03002_009","Two or More Races (Non-Hispanic)",3.35417851051734,2.26389686111573
"3611728013",2024,"Wayne","Galen town","B03002_003","White (Non-Hispanic)",91.1192492561227,3.45396161095256
"3611728013",2024,"Wayne","Galen town","B03002_004","Black (Non-Hispanic)",1.51064316777295,1.19018361830695
"3611728013",2024,"Wayne","Galen town","B03002_012","Hispanic or Latino (Any Race)",0.869764248111696,0.778199931404442
"3611728013",2024,"Wayne","Galen town","B03002_006","Asian (Non-Hispanic)",0.434882124055848,0.595098524165169
"3611728013",2024,"Wayne","Galen town","B03002_005","Native American (Non-Hispanic)",0.137331197070268,0.183107183570996
"3611728013",2024,"Wayne","Galen town","B03002_007","Pacific Islander (Non-Hispanic)",0,0.320439459830625
"3611728013",2024,"Wayne","Galen town","B03002_008","Other (Non-Hispanic)",0.686655985351339,1.02997918163282
"3611728013",2024,"Wayne","Galen town","B03002_009","Two or More Races (Non-Hispanic)",5.24147402151522,2.81518729128608
"3611737165",2024,"Wayne","Huron town","B03002_003","White (Non-Hispanic)",80.7142857142857,6.88187827990388
"3611737165",2024,"Wayne","Huron town","B03002_004","Black (Non-Hispanic)",8.88392857142857,6.7948027111917
"3611737165",2024,"Wayne","Huron town","B03002_012","Hispanic or Latino (Any Race)",8.21428571428571,7.52728479163236
"3611737165",2024,"Wayne","Huron town","B03002_006","Asian (Non-Hispanic)",0.625,0.979376684941832
"3611737165",2024,"Wayne","Huron town","B03002_005","Native American (Non-Hispanic)",0,0.625
"3611737165",2024,"Wayne","Huron town","B03002_007","Pacific Islander (Non-Hispanic)",0,0.625
"3611737165",2024,"Wayne","Huron town","B03002_008","Other (Non-Hispanic)",0.669642857142857,1.0237481088504
"3611737165",2024,"Wayne","Huron town","B03002_009","Two or More Races (Non-Hispanic)",0.892857142857143,0.570737370659378
"3611743973",2024,"Wayne","Lyons town","B03002_003","White (Non-Hispanic)",82.1773328566321,4.53287314581082
"3611743973",2024,"Wayne","Lyons town","B03002_004","Black (Non-Hispanic)",2.71719699678227,1.48370680974397
"3611743973",2024,"Wayne","Lyons town","B03002_012","Hispanic or Latino (Any Race)",10.7794065069718,4.2365401748756
"3611743973",2024,"Wayne","Lyons town","B03002_006","Asian (Non-Hispanic)",0,0.339649624597783
"3611743973",2024,"Wayne","Lyons town","B03002_005","Native American (Non-Hispanic)",0.0357525920629246,0.107257714492847
"3611743973",2024,"Wayne","Lyons town","B03002_007","Pacific Islander (Non-Hispanic)",0,0.339649624597783
"3611743973",2024,"Wayne","Lyons town","B03002_008","Other (Non-Hispanic)",0.196639256346085,0.35752536073843
"3611743973",2024,"Wayne","Lyons town","B03002_009","Two or More Races (Non-Hispanic)",4.09367179120486,1.80545784811483
"3611744160",2024,"Wayne","Macedon town","B03002_003","White (Non-Hispanic)",88.553499945905,3.85609148671061
"3611744160",2024,"Wayne","Macedon town","B03002_004","Black (Non-Hispanic)",0.151465974250784,0.324569725985591
"3611744160",2024,"Wayne","Macedon town","B03002_012","Hispanic or Latino (Any Race)",2.54246456778102,1.85003786797187
"3611744160",2024,"Wayne","Macedon town","B03002_006","Asian (Non-Hispanic)",0.995347830790869,0.757325821155351
"3611744160",2024,"Wayne","Macedon town","B03002_005","Native American (Non-Hispanic)",0,0.205560965054636
"3611744160",2024,"Wayne","Macedon town","B03002_007","Pacific Islander (Non-Hispanic)",0,0.205560965054636
"3611744160",2024,"Wayne","Macedon town","B03002_008","Other (Non-Hispanic)",0.649139889646219,0.681594970095719
"3611744160",2024,"Wayne","Macedon town","B03002_009","Two or More Races (Non-Hispanic)",7.1080817916261,3.73251245708323
"3611745645",2024,"Wayne","Marion town","B03002_003","White (Non-Hispanic)",92.1512270616847,5.56763778472165
"3611745645",2024,"Wayne","Marion town","B03002_004","Black (Non-Hispanic)",0.0663276586336502,0.132654266786253
"3611745645",2024,"Wayne","Marion town","B03002_012","Hispanic or Latino (Any Race)",6.76542118063232,5.43860143651104
"3611745645",2024,"Wayne","Marion town","B03002_006","Asian (Non-Hispanic)",0.176873756356401,0.287416406339456
"3611745645",2024,"Wayne","Marion town","B03002_005","Native American (Non-Hispanic)",0,0.309529073623701
"3611745645",2024,"Wayne","Marion town","B03002_007","Pacific Islander (Non-Hispanic)",0,0.309529073623701
"3611745645",2024,"Wayne","Marion town","B03002_008","Other (Non-Hispanic)",0.309529073623701,0.530615549775323
"3611745645",2024,"Wayne","Marion town","B03002_009","Two or More Races (Non-Hispanic)",0.530621269069202,0.619043740539589
"3611755013",2024,"Wayne","Ontario town","B03002_003","White (Non-Hispanic)",87.2271470784482,2.72712357851818
"3611755013",2024,"Wayne","Ontario town","B03002_004","Black (Non-Hispanic)",1.85873605947955,1.25821289994581
"3611755013",2024,"Wayne","Ontario town","B03002_012","Hispanic or Latino (Any Race)",3.0121056143361,1.43930959036891
"3611755013",2024,"Wayne","Ontario town","B03002_006","Asian (Non-Hispanic)",0.409875131064722,0.428937887855703
"3611755013",2024,"Wayne","Ontario town","B03002_005","Native American (Non-Hispanic)",0,0.20017157563626
"3611755013",2024,"Wayne","Ontario town","B03002_007","Pacific Islander (Non-Hispanic)",0,0.20017157563626
"3611755013",2024,"Wayne","Ontario town","B03002_008","Other (Non-Hispanic)",0.0857878181298256,0.133447547725983
"3611755013",2024,"Wayne","Ontario town","B03002_009","Two or More Races (Non-Hispanic)",7.40634829854161,2.18274619676871
"3611756198",2024,"Wayne","Palmyra town","B03002_003","White (Non-Hispanic)",93.2417731846614,2.99549602526196
"3611756198",2024,"Wayne","Palmyra town","B03002_004","Black (Non-Hispanic)",0.707098177862388,0.856674690635774
"3611756198",2024,"Wayne","Palmyra town","B03002_012","Hispanic or Latino (Any Race)",1.40059831384281,0.911061619753106
"3611756198",2024,"Wayne","Palmyra town","B03002_006","Asian (Non-Hispanic)",1.49578460701659,1.76774122041323
"3611756198",2024,"Wayne","Palmyra town","B03002_005","Native American (Non-Hispanic)",0.067990209409845,0.108784193229497
"3611756198",2024,"Wayne","Palmyra town","B03002_007","Pacific Islander (Non-Hispanic)",0,0.258362795757411
"3611756198",2024,"Wayne","Palmyra town","B03002_008","Other (Non-Hispanic)",0.149578460701659,0.190372194096519
"3611756198",2024,"Wayne","Palmyra town","B03002_009","Two or More Races (Non-Hispanic)",2.9371770465053,1.95810332641182
"3611763605",2024,"Wayne","Rose town","B03002_003","White (Non-Hispanic)",95.0141110065851,3.45488582203939
"3611763605",2024,"Wayne","Rose town","B03002_004","Black (Non-Hispanic)",0,0.658513640639699
"3611763605",2024,"Wayne","Rose town","B03002_012","Hispanic or Latino (Any Race)",4.04515522107244,2.69687366835664
"3611763605",2024,"Wayne","Rose town","B03002_006","Asian (Non-Hispanic)",0,0.658513640639699
"3611763605",2024,"Wayne","Rose town","B03002_005","Native American (Non-Hispanic)",0,0.658513640639699
"3611763605",2024,"Wayne","Rose town","B03002_007","Pacific Islander (Non-Hispanic)",0,0.658513640639699
"3611763605",2024,"Wayne","Rose town","B03002_008","Other (Non-Hispanic)",0,0.658513640639699
"3611763605",2024,"Wayne","Rose town","B03002_009","Two or More Races (Non-Hispanic)",0.940733772342427,0.975971618856227
"3611765343",2024,"Wayne","Savannah town","B03002_003","White (Non-Hispanic)",93.7246963562753,6.47418031416544
"3611765343",2024,"Wayne","Savannah town","B03002_004","Black (Non-Hispanic)",0,0.944669365721997
"3611765343",2024,"Wayne","Savannah town","B03002_012","Hispanic or Latino (Any Race)",2.36167341430499,2.30631355145331
"3611765343",2024,"Wayne","Savannah town","B03002_006","Asian (Non-Hispanic)",0.269905533063428,0.53667561617565
"3611765343",2024,"Wayne","Savannah town","B03002_005","Native American (Non-Hispanic)",0,0.944669365721997
"3611765343",2024,"Wayne","Savannah town","B03002_007","Pacific Islander (Non-Hispanic)",0,0.944669365721997
"3611765343",2024,"Wayne","Savannah town","B03002_008","Other (Non-Hispanic)",0.134952766531714,0.268337808087825
"3611765343",2024,"Wayne","Savannah town","B03002_009","Two or More Races (Non-Hispanic)",3.50877192982456,2.09472293960338
"3611768220",2024,"Wayne","Sodus town","B03002_003","White (Non-Hispanic)",79.8514851485149,3.78088264267193
"3611768220",2024,"Wayne","Sodus town","B03002_004","Black (Non-Hispanic)",7.27722772277228,2.20288118738396
"3611768220",2024,"Wayne","Sodus town","B03002_012","Hispanic or Latino (Any Race)",6.59653465346535,2.48755892203313
"3611768220",2024,"Wayne","Sodus town","B03002_006","Asian (Non-Hispanic)",0.0742574257425743,0.0866334274346156
"3611768220",2024,"Wayne","Sodus town","B03002_005","Native American (Non-Hispanic)",0.0618811881188119,0.123762261548696
"3611768220",2024,"Wayne","Sodus town","B03002_007","Pacific Islander (Non-Hispanic)",0,0.235148514851485
"3611768220",2024,"Wayne","Sodus town","B03002_008","Other (Non-Hispanic)",0.655940594059406,0.928216103588323
"3611768220",2024,"Wayne","Sodus town","B03002_009","Two or More Races (Non-Hispanic)",5.48267326732673,2.77223703532961
"3611778102",2024,"Wayne","Walworth town","B03002_003","White (Non-Hispanic)",89.6042273266473,2.62554026690793
"3611778102",2024,"Wayne","Walworth town","B03002_004","Black (Non-Hispanic)",1.59603148926992,0.754873401010413
"3611778102",2024,"Wayne","Walworth town","B03002_012","Hispanic or Latino (Any Race)",1.29407958589453,0.916636264772372
"3611778102",2024,"Wayne","Walworth town","B03002_006","Asian (Non-Hispanic)",3.07343901649951,2.16757509626817
"3611778102",2024,"Wayne","Walworth town","B03002_005","Native American (Non-Hispanic)",0.129407958589453,0.1617597531959
"3611778102",2024,"Wayne","Walworth town","B03002_007","Pacific Islander (Non-Hispanic)",0,0.204895934433301
"3611778102",2024,"Wayne","Walworth town","B03002_008","Other (Non-Hispanic)",0.204895934433301,0.323519651995317
"3611778102",2024,"Wayne","Walworth town","B03002_009","Two or More Races (Non-Hispanic)",4.09791868866602,1.67150053766022
"3611782040",2024,"Wayne","Williamson town","B03002_003","White (Non-Hispanic)",86.7213835556207,4.344866033696
"3611782040",2024,"Wayne","Williamson town","B03002_004","Black (Non-Hispanic)",1.6561629781621,1.62682817625483
"3611782040",2024,"Wayne","Williamson town","B03002_012","Hispanic or Latino (Any Race)",5.6573354829254,3.15097291479496
"3611782040",2024,"Wayne","Williamson town","B03002_006","Asian (Non-Hispanic)",0,0.278469881283893
"3611782040",2024,"Wayne","Williamson town","B03002_005","Native American (Non-Hispanic)",0.11725047633006,0.175874686052681
"3611782040",2024,"Wayne","Williamson town","B03002_007","Pacific Islander (Non-Hispanic)",0,0.278469881283893
"3611782040",2024,"Wayne","Williamson town","B03002_008","Other (Non-Hispanic)",0,0.278469881283893
"3611782040",2024,"Wayne","Williamson town","B03002_009","Two or More Races (Non-Hispanic)",5.84786750696175,2.66727965475242
"3611782689",2024,"Wayne","Wolcott town","B03002_003","White (Non-Hispanic)",91.1357340720222,3.17189409227888
"3611782689",2024,"Wayne","Wolcott town","B03002_004","Black (Non-Hispanic)",1.48577184588265,1.41019310280984
"3611782689",2024,"Wayne","Wolcott town","B03002_012","Hispanic or Latino (Any Race)",3.32409972299169,2.1404164577097
"3611782689",2024,"Wayne","Wolcott town","B03002_006","Asian (Non-Hispanic)",0,0.352556031226391
"3611782689",2024,"Wayne","Wolcott town","B03002_005","Native American (Non-Hispanic)",0.352556031226391,0.377732083814528
"3611782689",2024,"Wayne","Wolcott town","B03002_007","Pacific Islander (Non-Hispanic)",0,0.352556031226391
"3611782689",2024,"Wayne","Wolcott town","B03002_008","Other (Non-Hispanic)",0,0.352556031226391
"3611782689",2024,"Wayne","Wolcott town","B03002_009","Two or More Races (Non-Hispanic)",3.70183832787711,2.31667955488354
"3612304594",2024,"Yates","Barrington town","B03002_003","White (Non-Hispanic)",95.20624303233,0.515421506769557
"3612304594",2024,"Yates","Barrington town","B03002_004","Black (Non-Hispanic)",0,0.780379041248606
"3612304594",2024,"Yates","Barrington town","B03002_012","Hispanic or Latino (Any Race)",1.39353400222965,1.66403563536644
"3612304594",2024,"Yates","Barrington town","B03002_006","Asian (Non-Hispanic)",0.334448160535117,0.555997427487469
"3612304594",2024,"Yates","Barrington town","B03002_005","Native American (Non-Hispanic)",0,0.780379041248606
"3612304594",2024,"Yates","Barrington town","B03002_007","Pacific Islander (Non-Hispanic)",0,0.780379041248606
"3612304594",2024,"Yates","Barrington town","B03002_008","Other (Non-Hispanic)",0,0.780379041248606
"3612304594",2024,"Yates","Barrington town","B03002_009","Two or More Races (Non-Hispanic)",3.06577480490524,2.48181029714182
"3612306002",2024,"Yates","Benton town","B03002_003","White (Non-Hispanic)",95.5223880597015,2.53295206900409
"3612306002",2024,"Yates","Benton town","B03002_004","Black (Non-Hispanic)",2.1370420624152,1.62810487951087
"3612306002",2024,"Yates","Benton town","B03002_012","Hispanic or Latino (Any Race)",1.15332428765265,1.59426622827481
"3612306002",2024,"Yates","Benton town","B03002_006","Asian (Non-Hispanic)",0.203527815468114,0.508816124164963
"3612306002",2024,"Yates","Benton town","B03002_005","Native American (Non-Hispanic)",0,0.474898236092266
"3612306002",2024,"Yates","Benton town","B03002_007","Pacific Islander (Non-Hispanic)",0,0.474898236092266
"3612306002",2024,"Yates","Benton town","B03002_008","Other (Non-Hispanic)",0.712347354138399,0.881929735419594
"3612306002",2024,"Yates","Benton town","B03002_009","Two or More Races (Non-Hispanic)",0.271370420624152,0.746264517924498
"3612338044",2024,"Yates","Italy town","B03002_003","White (Non-Hispanic)",94.6498054474708,4.50876418408178
"3612338044",2024,"Yates","Italy town","B03002_004","Black (Non-Hispanic)",0,1.36186770428016
"3612338044",2024,"Yates","Italy town","B03002_012","Hispanic or Latino (Any Race)",1.4591439688716,2.2235226923322
"3612338044",2024,"Yates","Italy town","B03002_006","Asian (Non-Hispanic)",0,1.36186770428016
"3612338044",2024,"Yates","Italy town","B03002_005","Native American (Non-Hispanic)",0.972762645914397,1.5475857514925
"3612338044",2024,"Yates","Italy town","B03002_007","Pacific Islander (Non-Hispanic)",0,1.36186770428016
"3612338044",2024,"Yates","Italy town","B03002_008","Other (Non-Hispanic)",0,1.36186770428016
"3612338044",2024,"Yates","Italy town","B03002_009","Two or More Races (Non-Hispanic)",2.91828793774319,2.28116161370796
"3612338583",2024,"Yates","Jerusalem town","B03002_003","White (Non-Hispanic)",94.179523141655,2.47324515105004
"3612338583",2024,"Yates","Jerusalem town","B03002_004","Black (Non-Hispanic)",0.303880317905563,0.420754191356156
"3612338583",2024,"Yates","Jerusalem town","B03002_012","Hispanic or Latino (Any Race)",0.350631136044881,0.444128771639889
"3612338583",2024,"Yates","Jerusalem town","B03002_006","Asian (Non-Hispanic)",2.64142122487144,1.47258229674654
"3612338583",2024,"Yates","Jerusalem town","B03002_005","Native American (Non-Hispanic)",0,0.327255726975222
"3612338583",2024,"Yates","Jerusalem town","B03002_007","Pacific Islander (Non-Hispanic)",0,0.327255726975222
"3612338583",2024,"Yates","Jerusalem town","B03002_008","Other (Non-Hispanic)",0,0.327255726975222
"3612338583",2024,"Yates","Jerusalem town","B03002_009","Two or More Races (Non-Hispanic)",2.52454417952314,1.72972702039458
"3612347020",2024,"Yates","Middlesex town","B03002_003","White (Non-Hispanic)",94.3852167732765,4.40793633493478
"3612347020",2024,"Yates","Middlesex town","B03002_004","Black (Non-Hispanic)",0.355366027007818,1.13584974849702
"3612347020",2024,"Yates","Middlesex town","B03002_012","Hispanic or Latino (Any Race)",0.995024875621891,1.12676887069206
"3612347020",2024,"Yates","Middlesex town","B03002_006","Asian (Non-Hispanic)",0,0.995024875621891
"3612347020",2024,"Yates","Middlesex town","B03002_005","Native American (Non-Hispanic)",0,0.995024875621891
"3612347020",2024,"Yates","Middlesex town","B03002_007","Pacific Islander (Non-Hispanic)",0,0.995024875621891
"3612347020",2024,"Yates","Middlesex town","B03002_008","Other (Non-Hispanic)",1.20824449182658,1.55246673434506
"3612347020",2024,"Yates","Middlesex town","B03002_009","Two or More Races (Non-Hispanic)",3.05614783226724,1.9334246269549
"3612347504",2024,"Yates","Milo town","B03002_003","White (Non-Hispanic)",94.1081635644145,1.86576964427433
"3612347504",2024,"Yates","Milo town","B03002_004","Black (Non-Hispanic)",0.498314524402755,0.718156255982781
"3612347504",2024,"Yates","Milo town","B03002_012","Hispanic or Latino (Any Race)",4.79261321999121,1.61207407780522
"3612347504",2024,"Yates","Milo town","B03002_006","Asian (Non-Hispanic)",0.454345595778983,0.586249416652007
"3612347504",2024,"Yates","Milo town","B03002_005","Native American (Non-Hispanic)",0,0.278469881283893
"3612347504",2024,"Yates","Milo town","B03002_007","Pacific Islander (Non-Hispanic)",0,0.278469881283893
"3612347504",2024,"Yates","Milo town","B03002_008","Other (Non-Hispanic)",0,0.278469881283893
"3612347504",2024,"Yates","Milo town","B03002_009","Two or More Races (Non-Hispanic)",0.146563095412575,0.219843820365802
"3612359597",2024,"Yates","Potter town","B03002_003","White (Non-Hispanic)",88.3484767504008,4.25661681801983
"3612359597",2024,"Yates","Potter town","B03002_004","Black (Non-Hispanic)",0.694815606627472,0.956695658974048
"3612359597",2024,"Yates","Potter town","B03002_012","Hispanic or Latino (Any Race)",8.2843399251737,4.71110622670164
"3612359597",2024,"Yates","Potter town","B03002_006","Asian (Non-Hispanic)",0.534473543559594,0.744187937721333
"3612359597",2024,"Yates","Potter town","B03002_005","Native American (Non-Hispanic)",0.160342063067878,0.212505424661926
"3612359597",2024,"Yates","Potter town","B03002_007","Pacific Islander (Non-Hispanic)",0,0.748262960983431
"3612359597",2024,"Yates","Potter town","B03002_008","Other (Non-Hispanic)",0,0.748262960983431
"3612359597",2024,"Yates","Potter town","B03002_009","Two or More Races (Non-Hispanic)",1.9775521111705,0.973642771649728
"3612370816",2024,"Yates","Starkey town","B03002_003","White (Non-Hispanic)",91.9550428867199,2.94036371830745
"3612370816",2024,"Yates","Starkey town","B03002_004","Black (Non-Hispanic)",1.83377698905649,1.62659297625399
"3612370816",2024,"Yates","Starkey town","B03002_012","Hispanic or Latino (Any Race)",1.24223602484472,1.15341125214228
"3612370816",2024,"Yates","Starkey town","B03002_006","Asian (Non-Hispanic)",1.18308192842354,1.80414564693111
"3612370816",2024,"Yates","Starkey town","B03002_005","Native American (Non-Hispanic)",0,0.41407867494824
"3612370816",2024,"Yates","Starkey town","B03002_007","Pacific Islander (Non-Hispanic)",0,0.41407867494824
"3612370816",2024,"Yates","Starkey town","B03002_008","Other (Non-Hispanic)",0,0.41407867494824
"3612370816",2024,"Yates","Starkey town","B03002_009","Two or More Races (Non-Hispanic)",3.78586217095534,2.06990883746207
"3612375055",2024,"Yates","Torrey town","B03002_003","White (Non-Hispanic)",94.0763052208835,3.2560539674892
"3612375055",2024,"Yates","Torrey town","B03002_004","Black (Non-Hispanic)",1.00401606425703,1.59385147847791
"3612375055",2024,"Yates","Torrey town","B03002_012","Hispanic or Latino (Any Race)",1.00401606425703,1.18800188858676
"3612375055",2024,"Yates","Torrey town","B03002_006","Asian (Non-Hispanic)",0.301204819277108,0.498387774762753
"3612375055",2024,"Yates","Torrey town","B03002_005","Native American (Non-Hispanic)",0,1.40562248995984
"3612375055",2024,"Yates","Torrey town","B03002_007","Pacific Islander (Non-Hispanic)",0,1.40562248995984
"3612375055",2024,"Yates","Torrey town","B03002_008","Other (Non-Hispanic)",0,1.40562248995984
"3612375055",2024,"Yates","Torrey town","B03002_009","Two or More Races (Non-Hispanic)",3.6144578313253,3.9506010574372
