"GEOID","year","variable","Variable_Description","estimate","moe","County","Geography","State"
"3603700474",2017,"B17001B_SnrPov","Black (Non-Hispanic)",0,0,"Genesee","Alabama town","New York"
"3603700474",2017,"B17001C_SnrPov","Native American (Non-Hispanic)",0,0,"Genesee","Alabama town","New York"
"3603700474",2017,"B17001D_SnrPov","Asian (Non-Hispanic)",0,0,"Genesee","Alabama town","New York"
"3603700474",2017,"B17001E_SnrPov","Pacific Islander (Non-Hispanic)",0,0,"Genesee","Alabama town","New York"
"3603700474",2017,"B17001F_SnrPov","Other (Non-Hispanic)",0,0,"Genesee","Alabama town","New York"
"3603700474",2017,"B17001G_SnrPov","Two or More Races (Non-Hispanic)",0,0,"Genesee","Alabama town","New York"
"3603700474",2017,"B17001H_SnrPov","White (Non-Hispanic)",33.3333333333333,16.882462137256,"Genesee","Alabama town","New York"
"3603700474",2017,"B17001I_SnrPov","Hispanic or Latino (Any Race)",0,0,"Genesee","Alabama town","New York"
"3603700474",2018,"B17001B_SnrPov","Black (Non-Hispanic)",0,0,"Genesee","Alabama town","New York"
"3603700474",2018,"B17001C_SnrPov","Native American (Non-Hispanic)",0,0,"Genesee","Alabama town","New York"
"3603700474",2018,"B17001D_SnrPov","Asian (Non-Hispanic)",0,0,"Genesee","Alabama town","New York"
"3603700474",2018,"B17001E_SnrPov","Pacific Islander (Non-Hispanic)",0,0,"Genesee","Alabama town","New York"
"3603700474",2018,"B17001F_SnrPov","Other (Non-Hispanic)",0,0,"Genesee","Alabama town","New York"
"3603700474",2018,"B17001G_SnrPov","Two or More Races (Non-Hispanic)",0,0,"Genesee","Alabama town","New York"
"3603700474",2018,"B17001H_SnrPov","White (Non-Hispanic)",43.1372549019608,20.7905939773082,"Genesee","Alabama town","New York"
"3603700474",2018,"B17001I_SnrPov","Hispanic or Latino (Any Race)",0,0,"Genesee","Alabama town","New York"
"3603700474",2019,"B17001B_SnrPov","Black (Non-Hispanic)",0,0,"Genesee","Alabama town","New York"
"3603700474",2019,"B17001C_SnrPov","Native American (Non-Hispanic)",0,0,"Genesee","Alabama town","New York"
"3603700474",2019,"B17001D_SnrPov","Asian (Non-Hispanic)",0,0,"Genesee","Alabama town","New York"
"3603700474",2019,"B17001E_SnrPov","Pacific Islander (Non-Hispanic)",0,0,"Genesee","Alabama town","New York"
"3603700474",2019,"B17001F_SnrPov","Other (Non-Hispanic)",0,0,"Genesee","Alabama town","New York"
"3603700474",2019,"B17001G_SnrPov","Two or More Races (Non-Hispanic)",0,0,"Genesee","Alabama town","New York"
"3603700474",2019,"B17001H_SnrPov","White (Non-Hispanic)",43.5897435897436,22.2069475103511,"Genesee","Alabama town","New York"
"3603700474",2019,"B17001I_SnrPov","Hispanic or Latino (Any Race)",0,0,"Genesee","Alabama town","New York"
"3603700474",2020,"B17001B_SnrPov","Black (Non-Hispanic)",100,302.259733913669,"Genesee","Alabama town","New York"
"3603700474",2020,"B17001C_SnrPov","Native American (Non-Hispanic)",0,0,"Genesee","Alabama town","New York"
"3603700474",2020,"B17001D_SnrPov","Asian (Non-Hispanic)",0,0,"Genesee","Alabama town","New York"
"3603700474",2020,"B17001E_SnrPov","Pacific Islander (Non-Hispanic)",0,0,"Genesee","Alabama town","New York"
"3603700474",2020,"B17001F_SnrPov","Other (Non-Hispanic)",0,0,"Genesee","Alabama town","New York"
"3603700474",2020,"B17001G_SnrPov","Two or More Races (Non-Hispanic)",0,242.436610692531,"Genesee","Alabama town","New York"
"3603700474",2020,"B17001H_SnrPov","White (Non-Hispanic)",34.4827586206897,23.4374681143723,"Genesee","Alabama town","New York"
"3603700474",2020,"B17001I_SnrPov","Hispanic or Latino (Any Race)",0,0,"Genesee","Alabama town","New York"
"3603700474",2021,"B17001B_SnrPov","Black (Non-Hispanic)",100,305.0538497375,"Genesee","Alabama town","New York"
"3603700474",2021,"B17001C_SnrPov","Native American (Non-Hispanic)",0,0,"Genesee","Alabama town","New York"
"3603700474",2021,"B17001D_SnrPov","Asian (Non-Hispanic)",0,0,"Genesee","Alabama town","New York"
"3603700474",2021,"B17001E_SnrPov","Pacific Islander (Non-Hispanic)",0,0,"Genesee","Alabama town","New York"
"3603700474",2021,"B17001F_SnrPov","Other (Non-Hispanic)",0,0,"Genesee","Alabama town","New York"
"3603700474",2021,"B17001G_SnrPov","Two or More Races (Non-Hispanic)",0,306.412938514171,"Genesee","Alabama town","New York"
"3603700474",2021,"B17001H_SnrPov","White (Non-Hispanic)",36.3636363636364,58.7954237246953,"Genesee","Alabama town","New York"
"3603700474",2021,"B17001I_SnrPov","Hispanic or Latino (Any Race)",0,0,"Genesee","Alabama town","New York"
"3603700474",2022,"B17001B_SnrPov","Black (Non-Hispanic)",100,246.696929449882,"Genesee","Alabama town","New York"
"3603700474",2022,"B17001C_SnrPov","Native American (Non-Hispanic)",0,0,"Genesee","Alabama town","New York"
"3603700474",2022,"B17001D_SnrPov","Asian (Non-Hispanic)",0,0,"Genesee","Alabama town","New York"
"3603700474",2022,"B17001E_SnrPov","Pacific Islander (Non-Hispanic)",0,0,"Genesee","Alabama town","New York"
"3603700474",2022,"B17001F_SnrPov","Other (Non-Hispanic)",0,0,"Genesee","Alabama town","New York"
"3603700474",2022,"B17001G_SnrPov","Two or More Races (Non-Hispanic)",0,262.639661583575,"Genesee","Alabama town","New York"
"3603700474",2022,"B17001H_SnrPov","White (Non-Hispanic)",42.1052631578947,27.7063706372299,"Genesee","Alabama town","New York"
"3603700474",2022,"B17001I_SnrPov","Hispanic or Latino (Any Race)",0,0,"Genesee","Alabama town","New York"
"3603700474",2023,"B17001B_SnrPov","Black (Non-Hispanic)",100,303.223423311004,"Genesee","Alabama town","New York"
"3603700474",2023,"B17001C_SnrPov","Native American (Non-Hispanic)",0,0,"Genesee","Alabama town","New York"
"3603700474",2023,"B17001D_SnrPov","Asian (Non-Hispanic)",0,0,"Genesee","Alabama town","New York"
"3603700474",2023,"B17001E_SnrPov","Pacific Islander (Non-Hispanic)",0,0,"Genesee","Alabama town","New York"
"3603700474",2023,"B17001F_SnrPov","Other (Non-Hispanic)",0,0,"Genesee","Alabama town","New York"
"3603700474",2023,"B17001G_SnrPov","Two or More Races (Non-Hispanic)",0,229.809703885628,"Genesee","Alabama town","New York"
"3603700474",2023,"B17001H_SnrPov","White (Non-Hispanic)",25,25.2912719628729,"Genesee","Alabama town","New York"
"3603700474",2023,"B17001I_SnrPov","Hispanic or Latino (Any Race)",0,0,"Genesee","Alabama town","New York"
"3603700474",2024,"B17001B_SnrPov","Black (Non-Hispanic)",100,390.314846005562,"Genesee","Alabama town","New York"
"3603700474",2024,"B17001C_SnrPov","Native American (Non-Hispanic)",0,1979.89898732233,"Genesee","Alabama town","New York"
"3603700474",2024,"B17001D_SnrPov","Asian (Non-Hispanic)",0,0,"Genesee","Alabama town","New York"
"3603700474",2024,"B17001E_SnrPov","Pacific Islander (Non-Hispanic)",0,0,"Genesee","Alabama town","New York"
"3603700474",2024,"B17001F_SnrPov","Other (Non-Hispanic)",0,0,"Genesee","Alabama town","New York"
"3603700474",2024,"B17001G_SnrPov","Two or More Races (Non-Hispanic)",0,329.983164553722,"Genesee","Alabama town","New York"
"3603700474",2024,"B17001H_SnrPov","White (Non-Hispanic)",50,30.1743902533339,"Genesee","Alabama town","New York"
"3603700474",2024,"B17001I_SnrPov","Hispanic or Latino (Any Race)",0,0,"Genesee","Alabama town","New York"
"3603701165",2017,"B17001B_SnrPov","Black (Non-Hispanic)",0,0,"Genesee","Alexander town","New York"
"3603701165",2017,"B17001C_SnrPov","Native American (Non-Hispanic)",0,0,"Genesee","Alexander town","New York"
"3603701165",2017,"B17001D_SnrPov","Asian (Non-Hispanic)",0,0,"Genesee","Alexander town","New York"
"3603701165",2017,"B17001E_SnrPov","Pacific Islander (Non-Hispanic)",0,0,"Genesee","Alexander town","New York"
"3603701165",2017,"B17001F_SnrPov","Other (Non-Hispanic)",0,0,"Genesee","Alexander town","New York"
"3603701165",2017,"B17001G_SnrPov","Two or More Races (Non-Hispanic)",0,0,"Genesee","Alexander town","New York"
"3603701165",2017,"B17001H_SnrPov","White (Non-Hispanic)",48.4848484848485,29.669512433786,"Genesee","Alexander town","New York"
"3603701165",2017,"B17001I_SnrPov","Hispanic or Latino (Any Race)",0,0,"Genesee","Alexander town","New York"
"3603701165",2018,"B17001B_SnrPov","Black (Non-Hispanic)",0,0,"Genesee","Alexander town","New York"
"3603701165",2018,"B17001C_SnrPov","Native American (Non-Hispanic)",0,0,"Genesee","Alexander town","New York"
"3603701165",2018,"B17001D_SnrPov","Asian (Non-Hispanic)",0,0,"Genesee","Alexander town","New York"
"3603701165",2018,"B17001E_SnrPov","Pacific Islander (Non-Hispanic)",0,0,"Genesee","Alexander town","New York"
"3603701165",2018,"B17001F_SnrPov","Other (Non-Hispanic)",0,0,"Genesee","Alexander town","New York"
"3603701165",2018,"B17001G_SnrPov","Two or More Races (Non-Hispanic)",0,0,"Genesee","Alexander town","New York"
"3603701165",2018,"B17001H_SnrPov","White (Non-Hispanic)",45.7627118644068,30.9942440324681,"Genesee","Alexander town","New York"
"3603701165",2018,"B17001I_SnrPov","Hispanic or Latino (Any Race)",0,0,"Genesee","Alexander town","New York"
"3603701165",2019,"B17001B_SnrPov","Black (Non-Hispanic)",0,0,"Genesee","Alexander town","New York"
"3603701165",2019,"B17001C_SnrPov","Native American (Non-Hispanic)",0,0,"Genesee","Alexander town","New York"
"3603701165",2019,"B17001D_SnrPov","Asian (Non-Hispanic)",0,0,"Genesee","Alexander town","New York"
"3603701165",2019,"B17001E_SnrPov","Pacific Islander (Non-Hispanic)",0,0,"Genesee","Alexander town","New York"
"3603701165",2019,"B17001F_SnrPov","Other (Non-Hispanic)",0,0,"Genesee","Alexander town","New York"
"3603701165",2019,"B17001G_SnrPov","Two or More Races (Non-Hispanic)",0,0,"Genesee","Alexander town","New York"
"3603701165",2019,"B17001H_SnrPov","White (Non-Hispanic)",42.3728813559322,31.2442948026735,"Genesee","Alexander town","New York"
"3603701165",2019,"B17001I_SnrPov","Hispanic or Latino (Any Race)",0,0,"Genesee","Alexander town","New York"
"3603701165",2020,"B17001B_SnrPov","Black (Non-Hispanic)",0,0,"Genesee","Alexander town","New York"
"3603701165",2020,"B17001C_SnrPov","Native American (Non-Hispanic)",0,0,"Genesee","Alexander town","New York"
"3603701165",2020,"B17001D_SnrPov","Asian (Non-Hispanic)",0,0,"Genesee","Alexander town","New York"
"3603701165",2020,"B17001E_SnrPov","Pacific Islander (Non-Hispanic)",0,0,"Genesee","Alexander town","New York"
"3603701165",2020,"B17001F_SnrPov","Other (Non-Hispanic)",0,0,"Genesee","Alexander town","New York"
"3603701165",2020,"B17001G_SnrPov","Two or More Races (Non-Hispanic)",0,0,"Genesee","Alexander town","New York"
"3603701165",2020,"B17001H_SnrPov","White (Non-Hispanic)",43.5483870967742,32.9627266100314,"Genesee","Alexander town","New York"
"3603701165",2020,"B17001I_SnrPov","Hispanic or Latino (Any Race)",0,0,"Genesee","Alexander town","New York"
"3603701165",2021,"B17001B_SnrPov","Black (Non-Hispanic)",0,0,"Genesee","Alexander town","New York"
"3603701165",2021,"B17001C_SnrPov","Native American (Non-Hispanic)",0,0,"Genesee","Alexander town","New York"
"3603701165",2021,"B17001D_SnrPov","Asian (Non-Hispanic)",0,0,"Genesee","Alexander town","New York"
"3603701165",2021,"B17001E_SnrPov","Pacific Islander (Non-Hispanic)",0,0,"Genesee","Alexander town","New York"
"3603701165",2021,"B17001F_SnrPov","Other (Non-Hispanic)",0,0,"Genesee","Alexander town","New York"
"3603701165",2021,"B17001G_SnrPov","Two or More Races (Non-Hispanic)",0,0,"Genesee","Alexander town","New York"
"3603701165",2021,"B17001H_SnrPov","White (Non-Hispanic)",27.2727272727273,20.789317845428,"Genesee","Alexander town","New York"
"3603701165",2021,"B17001I_SnrPov","Hispanic or Latino (Any Race)",0,0,"Genesee","Alexander town","New York"
"3603701165",2022,"B17001B_SnrPov","Black (Non-Hispanic)",0,0,"Genesee","Alexander town","New York"
"3603701165",2022,"B17001C_SnrPov","Native American (Non-Hispanic)",0,0,"Genesee","Alexander town","New York"
"3603701165",2022,"B17001D_SnrPov","Asian (Non-Hispanic)",0,0,"Genesee","Alexander town","New York"
"3603701165",2022,"B17001E_SnrPov","Pacific Islander (Non-Hispanic)",0,0,"Genesee","Alexander town","New York"
"3603701165",2022,"B17001F_SnrPov","Other (Non-Hispanic)",0,0,"Genesee","Alexander town","New York"
"3603701165",2022,"B17001G_SnrPov","Two or More Races (Non-Hispanic)",0,0,"Genesee","Alexander town","New York"
"3603701165",2022,"B17001H_SnrPov","White (Non-Hispanic)",29.0322580645161,27.1659860535217,"Genesee","Alexander town","New York"
"3603701165",2022,"B17001I_SnrPov","Hispanic or Latino (Any Race)",0,0,"Genesee","Alexander town","New York"
"3603701165",2023,"B17001B_SnrPov","Black (Non-Hispanic)",0,0,"Genesee","Alexander town","New York"
"3603701165",2023,"B17001C_SnrPov","Native American (Non-Hispanic)",0,0,"Genesee","Alexander town","New York"
"3603701165",2023,"B17001D_SnrPov","Asian (Non-Hispanic)",0,0,"Genesee","Alexander town","New York"
"3603701165",2023,"B17001E_SnrPov","Pacific Islander (Non-Hispanic)",0,0,"Genesee","Alexander town","New York"
"3603701165",2023,"B17001F_SnrPov","Other (Non-Hispanic)",0,0,"Genesee","Alexander town","New York"
"3603701165",2023,"B17001G_SnrPov","Two or More Races (Non-Hispanic)",0,0,"Genesee","Alexander town","New York"
"3603701165",2023,"B17001H_SnrPov","White (Non-Hispanic)",29.1666666666667,13.2559785894591,"Genesee","Alexander town","New York"
"3603701165",2023,"B17001I_SnrPov","Hispanic or Latino (Any Race)",0,0,"Genesee","Alexander town","New York"
"3603701165",2024,"B17001B_SnrPov","Black (Non-Hispanic)",0,0,"Genesee","Alexander town","New York"
"3603701165",2024,"B17001C_SnrPov","Native American (Non-Hispanic)",0,0,"Genesee","Alexander town","New York"
"3603701165",2024,"B17001D_SnrPov","Asian (Non-Hispanic)",0,0,"Genesee","Alexander town","New York"
"3603701165",2024,"B17001E_SnrPov","Pacific Islander (Non-Hispanic)",0,0,"Genesee","Alexander town","New York"
"3603701165",2024,"B17001F_SnrPov","Other (Non-Hispanic)",0,0,"Genesee","Alexander town","New York"
"3603701165",2024,"B17001G_SnrPov","Two or More Races (Non-Hispanic)",0,0,"Genesee","Alexander town","New York"
"3603701165",2024,"B17001H_SnrPov","White (Non-Hispanic)",11.1111111111111,22.3419272479677,"Genesee","Alexander town","New York"
"3603701165",2024,"B17001I_SnrPov","Hispanic or Latino (Any Race)",0,0,"Genesee","Alexander town","New York"
"3603704715",2017,"B17001B_SnrPov","Black (Non-Hispanic)",90,161.022082681572,"Genesee","Batavia city","New York"
"3603704715",2017,"B17001C_SnrPov","Native American (Non-Hispanic)",0,0,"Genesee","Batavia city","New York"
"3603704715",2017,"B17001D_SnrPov","Asian (Non-Hispanic)",0,0,"Genesee","Batavia city","New York"
"3603704715",2017,"B17001E_SnrPov","Pacific Islander (Non-Hispanic)",0,0,"Genesee","Batavia city","New York"
"3603704715",2017,"B17001F_SnrPov","Other (Non-Hispanic)",100,285.88178511708,"Genesee","Batavia city","New York"
"3603704715",2017,"B17001G_SnrPov","Two or More Races (Non-Hispanic)",0,0,"Genesee","Batavia city","New York"
"3603704715",2017,"B17001H_SnrPov","White (Non-Hispanic)",40.7894736842105,13.0573392462399,"Genesee","Batavia city","New York"
"3603704715",2017,"B17001I_SnrPov","Hispanic or Latino (Any Race)",95.6521739130435,121.172612498528,"Genesee","Batavia city","New York"
"3603704715",2018,"B17001B_SnrPov","Black (Non-Hispanic)",100,219.2210100325,"Genesee","Batavia city","New York"
"3603704715",2018,"B17001C_SnrPov","Native American (Non-Hispanic)",0,0,"Genesee","Batavia city","New York"
"3603704715",2018,"B17001D_SnrPov","Asian (Non-Hispanic)",0,0,"Genesee","Batavia city","New York"
"3603704715",2018,"B17001E_SnrPov","Pacific Islander (Non-Hispanic)",0,0,"Genesee","Batavia city","New York"
"3603704715",2018,"B17001F_SnrPov","Other (Non-Hispanic)",100,261.665452579671,"Genesee","Batavia city","New York"
"3603704715",2018,"B17001G_SnrPov","Two or More Races (Non-Hispanic)",0,0,"Genesee","Batavia city","New York"
"3603704715",2018,"B17001H_SnrPov","White (Non-Hispanic)",40,8.78537059294961,"Genesee","Batavia city","New York"
"3603704715",2018,"B17001I_SnrPov","Hispanic or Latino (Any Race)",95.1219512195122,148.422627524599,"Genesee","Batavia city","New York"
"3603704715",2019,"B17001B_SnrPov","Black (Non-Hispanic)",51.6129032258064,49.9597844163348,"Genesee","Batavia city","New York"
"3603704715",2019,"B17001C_SnrPov","Native American (Non-Hispanic)",0,0,"Genesee","Batavia city","New York"
"3603704715",2019,"B17001D_SnrPov","Asian (Non-Hispanic)",0,0,"Genesee","Batavia city","New York"
"3603704715",2019,"B17001E_SnrPov","Pacific Islander (Non-Hispanic)",0,0,"Genesee","Batavia city","New York"
"3603704715",2019,"B17001F_SnrPov","Other (Non-Hispanic)",0,0,"Genesee","Batavia city","New York"
"3603704715",2019,"B17001G_SnrPov","Two or More Races (Non-Hispanic)",0,0,"Genesee","Batavia city","New York"
"3603704715",2019,"B17001H_SnrPov","White (Non-Hispanic)",38.6018237082067,10.2264956687304,"Genesee","Batavia city","New York"
"3603704715",2019,"B17001I_SnrPov","Hispanic or Latino (Any Race)",92.8571428571429,216.842436899814,"Genesee","Batavia city","New York"
"3603704715",2020,"B17001B_SnrPov","Black (Non-Hispanic)",14.2857142857143,36.0444373573844,"Genesee","Batavia city","New York"
"3603704715",2020,"B17001C_SnrPov","Native American (Non-Hispanic)",0,0,"Genesee","Batavia city","New York"
"3603704715",2020,"B17001D_SnrPov","Asian (Non-Hispanic)",57.6923076923077,54.4139466986387,"Genesee","Batavia city","New York"
"3603704715",2020,"B17001E_SnrPov","Pacific Islander (Non-Hispanic)",0,0,"Genesee","Batavia city","New York"
"3603704715",2020,"B17001F_SnrPov","Other (Non-Hispanic)",0,0,"Genesee","Batavia city","New York"
"3603704715",2020,"B17001G_SnrPov","Two or More Races (Non-Hispanic)",0,0,"Genesee","Batavia city","New York"
"3603704715",2020,"B17001H_SnrPov","White (Non-Hispanic)",38.9355742296919,8.95101619284049,"Genesee","Batavia city","New York"
"3603704715",2020,"B17001I_SnrPov","Hispanic or Latino (Any Race)",100,208.37327440822,"Genesee","Batavia city","New York"
"3603704715",2021,"B17001B_SnrPov","Black (Non-Hispanic)",36.8421052631579,23.2606355757433,"Genesee","Batavia city","New York"
"3603704715",2021,"B17001C_SnrPov","Native American (Non-Hispanic)",0,0,"Genesee","Batavia city","New York"
"3603704715",2021,"B17001D_SnrPov","Asian (Non-Hispanic)",42.8571428571429,40.3966344371258,"Genesee","Batavia city","New York"
"3603704715",2021,"B17001E_SnrPov","Pacific Islander (Non-Hispanic)",0,0,"Genesee","Batavia city","New York"
"3603704715",2021,"B17001F_SnrPov","Other (Non-Hispanic)",0,0,"Genesee","Batavia city","New York"
"3603704715",2021,"B17001G_SnrPov","Two or More Races (Non-Hispanic)",0,0,"Genesee","Batavia city","New York"
"3603704715",2021,"B17001H_SnrPov","White (Non-Hispanic)",43.0062630480167,16.0761883928318,"Genesee","Batavia city","New York"
"3603704715",2021,"B17001I_SnrPov","Hispanic or Latino (Any Race)",100,265.043267947514,"Genesee","Batavia city","New York"
"3603704715",2022,"B17001B_SnrPov","Black (Non-Hispanic)",39.2405063291139,29.8975905438913,"Genesee","Batavia city","New York"
"3603704715",2022,"B17001C_SnrPov","Native American (Non-Hispanic)",0,0,"Genesee","Batavia city","New York"
"3603704715",2022,"B17001D_SnrPov","Asian (Non-Hispanic)",54.1666666666667,27.5621574511591,"Genesee","Batavia city","New York"
"3603704715",2022,"B17001E_SnrPov","Pacific Islander (Non-Hispanic)",0,0,"Genesee","Batavia city","New York"
"3603704715",2022,"B17001F_SnrPov","Other (Non-Hispanic)",0,0,"Genesee","Batavia city","New York"
"3603704715",2022,"B17001G_SnrPov","Two or More Races (Non-Hispanic)",66.6666666666667,98.1306762925317,"Genesee","Batavia city","New York"
"3603704715",2022,"B17001H_SnrPov","White (Non-Hispanic)",45.7786116322702,18.1560917757571,"Genesee","Batavia city","New York"
"3603704715",2022,"B17001I_SnrPov","Hispanic or Latino (Any Race)",0,0,"Genesee","Batavia city","New York"
"3603704715",2023,"B17001B_SnrPov","Black (Non-Hispanic)",28.7671232876712,27.1126841559292,"Genesee","Batavia city","New York"
"3603704715",2023,"B17001C_SnrPov","Native American (Non-Hispanic)",0,371.231060122937,"Genesee","Batavia city","New York"
"3603704715",2023,"B17001D_SnrPov","Asian (Non-Hispanic)",51.7241379310345,42.5658383452678,"Genesee","Batavia city","New York"
"3603704715",2023,"B17001E_SnrPov","Pacific Islander (Non-Hispanic)",0,0,"Genesee","Batavia city","New York"
"3603704715",2023,"B17001F_SnrPov","Other (Non-Hispanic)",0,0,"Genesee","Batavia city","New York"
"3603704715",2023,"B17001G_SnrPov","Two or More Races (Non-Hispanic)",50,155.322245670091,"Genesee","Batavia city","New York"
"3603704715",2023,"B17001H_SnrPov","White (Non-Hispanic)",44.9462365591398,16.0580711266865,"Genesee","Batavia city","New York"
"3603704715",2023,"B17001I_SnrPov","Hispanic or Latino (Any Race)",0,247.487373415292,"Genesee","Batavia city","New York"
"3603704715",2024,"B17001B_SnrPov","Black (Non-Hispanic)",37.037037037037,25.8741617490035,"Genesee","Batavia city","New York"
"3603704715",2024,"B17001C_SnrPov","Native American (Non-Hispanic)",0,742.462120245875,"Genesee","Batavia city","New York"
"3603704715",2024,"B17001D_SnrPov","Asian (Non-Hispanic)",54.2857142857143,25.6497733025194,"Genesee","Batavia city","New York"
"3603704715",2024,"B17001E_SnrPov","Pacific Islander (Non-Hispanic)",0,0,"Genesee","Batavia city","New York"
"3603704715",2024,"B17001F_SnrPov","Other (Non-Hispanic)",0,0,"Genesee","Batavia city","New York"
"3603704715",2024,"B17001G_SnrPov","Two or More Races (Non-Hispanic)",44,76.7938330857368,"Genesee","Batavia city","New York"
"3603704715",2024,"B17001H_SnrPov","White (Non-Hispanic)",45.1754385964912,14.8014473940516,"Genesee","Batavia city","New York"
"3603704715",2024,"B17001I_SnrPov","Hispanic or Latino (Any Race)",66.6666666666667,85.787740424582,"Genesee","Batavia city","New York"
"3603704726",2017,"B17001B_SnrPov","Black (Non-Hispanic)",0,0,"Genesee","Batavia town","New York"
"3603704726",2017,"B17001C_SnrPov","Native American (Non-Hispanic)",0,0,"Genesee","Batavia town","New York"
"3603704726",2017,"B17001D_SnrPov","Asian (Non-Hispanic)",0,0,"Genesee","Batavia town","New York"
"3603704726",2017,"B17001E_SnrPov","Pacific Islander (Non-Hispanic)",0,0,"Genesee","Batavia town","New York"
"3603704726",2017,"B17001F_SnrPov","Other (Non-Hispanic)",0,0,"Genesee","Batavia town","New York"
"3603704726",2017,"B17001G_SnrPov","Two or More Races (Non-Hispanic)",0,0,"Genesee","Batavia town","New York"
"3603704726",2017,"B17001H_SnrPov","White (Non-Hispanic)",60,46.6019274812793,"Genesee","Batavia town","New York"
"3603704726",2017,"B17001I_SnrPov","Hispanic or Latino (Any Race)",0,0,"Genesee","Batavia town","New York"
"3603704726",2018,"B17001B_SnrPov","Black (Non-Hispanic)",0,0,"Genesee","Batavia town","New York"
"3603704726",2018,"B17001C_SnrPov","Native American (Non-Hispanic)",0,0,"Genesee","Batavia town","New York"
"3603704726",2018,"B17001D_SnrPov","Asian (Non-Hispanic)",0,0,"Genesee","Batavia town","New York"
"3603704726",2018,"B17001E_SnrPov","Pacific Islander (Non-Hispanic)",0,0,"Genesee","Batavia town","New York"
"3603704726",2018,"B17001F_SnrPov","Other (Non-Hispanic)",0,0,"Genesee","Batavia town","New York"
"3603704726",2018,"B17001G_SnrPov","Two or More Races (Non-Hispanic)",0,0,"Genesee","Batavia town","New York"
"3603704726",2018,"B17001H_SnrPov","White (Non-Hispanic)",71.4285714285714,36.5446788977863,"Genesee","Batavia town","New York"
"3603704726",2018,"B17001I_SnrPov","Hispanic or Latino (Any Race)",0,0,"Genesee","Batavia town","New York"
"3603704726",2019,"B17001B_SnrPov","Black (Non-Hispanic)",0,0,"Genesee","Batavia town","New York"
"3603704726",2019,"B17001C_SnrPov","Native American (Non-Hispanic)",0,0,"Genesee","Batavia town","New York"
"3603704726",2019,"B17001D_SnrPov","Asian (Non-Hispanic)",0,0,"Genesee","Batavia town","New York"
"3603704726",2019,"B17001E_SnrPov","Pacific Islander (Non-Hispanic)",0,0,"Genesee","Batavia town","New York"
"3603704726",2019,"B17001F_SnrPov","Other (Non-Hispanic)",0,0,"Genesee","Batavia town","New York"
"3603704726",2019,"B17001G_SnrPov","Two or More Races (Non-Hispanic)",0,0,"Genesee","Batavia town","New York"
"3603704726",2019,"B17001H_SnrPov","White (Non-Hispanic)",57.8125,44.113319525993,"Genesee","Batavia town","New York"
"3603704726",2019,"B17001I_SnrPov","Hispanic or Latino (Any Race)",0,0,"Genesee","Batavia town","New York"
"3603704726",2020,"B17001B_SnrPov","Black (Non-Hispanic)",0,0,"Genesee","Batavia town","New York"
"3603704726",2020,"B17001C_SnrPov","Native American (Non-Hispanic)",0,0,"Genesee","Batavia town","New York"
"3603704726",2020,"B17001D_SnrPov","Asian (Non-Hispanic)",0,0,"Genesee","Batavia town","New York"
"3603704726",2020,"B17001E_SnrPov","Pacific Islander (Non-Hispanic)",0,0,"Genesee","Batavia town","New York"
"3603704726",2020,"B17001F_SnrPov","Other (Non-Hispanic)",0,0,"Genesee","Batavia town","New York"
"3603704726",2020,"B17001G_SnrPov","Two or More Races (Non-Hispanic)",0,0,"Genesee","Batavia town","New York"
"3603704726",2020,"B17001H_SnrPov","White (Non-Hispanic)",77.7777777777778,53.2405170866657,"Genesee","Batavia town","New York"
"3603704726",2020,"B17001I_SnrPov","Hispanic or Latino (Any Race)",0,0,"Genesee","Batavia town","New York"
"3603704726",2021,"B17001B_SnrPov","Black (Non-Hispanic)",0,0,"Genesee","Batavia town","New York"
"3603704726",2021,"B17001C_SnrPov","Native American (Non-Hispanic)",0,0,"Genesee","Batavia town","New York"
"3603704726",2021,"B17001D_SnrPov","Asian (Non-Hispanic)",0,0,"Genesee","Batavia town","New York"
"3603704726",2021,"B17001E_SnrPov","Pacific Islander (Non-Hispanic)",0,0,"Genesee","Batavia town","New York"
"3603704726",2021,"B17001F_SnrPov","Other (Non-Hispanic)",0,0,"Genesee","Batavia town","New York"
"3603704726",2021,"B17001G_SnrPov","Two or More Races (Non-Hispanic)",0,0,"Genesee","Batavia town","New York"
"3603704726",2021,"B17001H_SnrPov","White (Non-Hispanic)",100,255.429920808907,"Genesee","Batavia town","New York"
"3603704726",2021,"B17001I_SnrPov","Hispanic or Latino (Any Race)",0,0,"Genesee","Batavia town","New York"
"3603704726",2022,"B17001B_SnrPov","Black (Non-Hispanic)",0,0,"Genesee","Batavia town","New York"
"3603704726",2022,"B17001C_SnrPov","Native American (Non-Hispanic)",0,0,"Genesee","Batavia town","New York"
"3603704726",2022,"B17001D_SnrPov","Asian (Non-Hispanic)",0,0,"Genesee","Batavia town","New York"
"3603704726",2022,"B17001E_SnrPov","Pacific Islander (Non-Hispanic)",0,0,"Genesee","Batavia town","New York"
"3603704726",2022,"B17001F_SnrPov","Other (Non-Hispanic)",0,0,"Genesee","Batavia town","New York"
"3603704726",2022,"B17001G_SnrPov","Two or More Races (Non-Hispanic)",0,537.401153701776,"Genesee","Batavia town","New York"
"3603704726",2022,"B17001H_SnrPov","White (Non-Hispanic)",50.7575757575758,35.957366670422,"Genesee","Batavia town","New York"
"3603704726",2022,"B17001I_SnrPov","Hispanic or Latino (Any Race)",0,537.401153701776,"Genesee","Batavia town","New York"
"3603704726",2023,"B17001B_SnrPov","Black (Non-Hispanic)",0,0,"Genesee","Batavia town","New York"
"3603704726",2023,"B17001C_SnrPov","Native American (Non-Hispanic)",0,0,"Genesee","Batavia town","New York"
"3603704726",2023,"B17001D_SnrPov","Asian (Non-Hispanic)",0,0,"Genesee","Batavia town","New York"
"3603704726",2023,"B17001E_SnrPov","Pacific Islander (Non-Hispanic)",0,0,"Genesee","Batavia town","New York"
"3603704726",2023,"B17001F_SnrPov","Other (Non-Hispanic)",0,0,"Genesee","Batavia town","New York"
"3603704726",2023,"B17001G_SnrPov","Two or More Races (Non-Hispanic)",0,671.75144212722,"Genesee","Batavia town","New York"
"3603704726",2023,"B17001H_SnrPov","White (Non-Hispanic)",55.0295857988166,19.1378297089673,"Genesee","Batavia town","New York"
"3603704726",2023,"B17001I_SnrPov","Hispanic or Latino (Any Race)",0,671.75144212722,"Genesee","Batavia town","New York"
"3603704726",2024,"B17001B_SnrPov","Black (Non-Hispanic)",0,0,"Genesee","Batavia town","New York"
"3603704726",2024,"B17001C_SnrPov","Native American (Non-Hispanic)",0,0,"Genesee","Batavia town","New York"
"3603704726",2024,"B17001D_SnrPov","Asian (Non-Hispanic)",0,0,"Genesee","Batavia town","New York"
"3603704726",2024,"B17001E_SnrPov","Pacific Islander (Non-Hispanic)",0,0,"Genesee","Batavia town","New York"
"3603704726",2024,"B17001F_SnrPov","Other (Non-Hispanic)",0,0,"Genesee","Batavia town","New York"
"3603704726",2024,"B17001G_SnrPov","Two or More Races (Non-Hispanic)",0,671.75144212722,"Genesee","Batavia town","New York"
"3603704726",2024,"B17001H_SnrPov","White (Non-Hispanic)",55.2795031055901,28.4742240453047,"Genesee","Batavia town","New York"
"3603704726",2024,"B17001I_SnrPov","Hispanic or Latino (Any Race)",0,671.75144212722,"Genesee","Batavia town","New York"
"3603706057",2017,"B17001B_SnrPov","Black (Non-Hispanic)",0,0,"Genesee","Bergen town","New York"
"3603706057",2017,"B17001C_SnrPov","Native American (Non-Hispanic)",0,0,"Genesee","Bergen town","New York"
"3603706057",2017,"B17001D_SnrPov","Asian (Non-Hispanic)",0,0,"Genesee","Bergen town","New York"
"3603706057",2017,"B17001E_SnrPov","Pacific Islander (Non-Hispanic)",0,0,"Genesee","Bergen town","New York"
"3603706057",2017,"B17001F_SnrPov","Other (Non-Hispanic)",0,0,"Genesee","Bergen town","New York"
"3603706057",2017,"B17001G_SnrPov","Two or More Races (Non-Hispanic)",0,0,"Genesee","Bergen town","New York"
"3603706057",2017,"B17001H_SnrPov","White (Non-Hispanic)",100,198.683164863055,"Genesee","Bergen town","New York"
"3603706057",2017,"B17001I_SnrPov","Hispanic or Latino (Any Race)",0,0,"Genesee","Bergen town","New York"
"3603706057",2018,"B17001B_SnrPov","Black (Non-Hispanic)",0,0,"Genesee","Bergen town","New York"
"3603706057",2018,"B17001C_SnrPov","Native American (Non-Hispanic)",0,0,"Genesee","Bergen town","New York"
"3603706057",2018,"B17001D_SnrPov","Asian (Non-Hispanic)",0,0,"Genesee","Bergen town","New York"
"3603706057",2018,"B17001E_SnrPov","Pacific Islander (Non-Hispanic)",0,0,"Genesee","Bergen town","New York"
"3603706057",2018,"B17001F_SnrPov","Other (Non-Hispanic)",0,0,"Genesee","Bergen town","New York"
"3603706057",2018,"B17001G_SnrPov","Two or More Races (Non-Hispanic)",0,99.8268396969244,"Genesee","Bergen town","New York"
"3603706057",2018,"B17001H_SnrPov","White (Non-Hispanic)",100,211.764705882353,"Genesee","Bergen town","New York"
"3603706057",2018,"B17001I_SnrPov","Hispanic or Latino (Any Race)",0,0,"Genesee","Bergen town","New York"
"3603706057",2019,"B17001B_SnrPov","Black (Non-Hispanic)",0,0,"Genesee","Bergen town","New York"
"3603706057",2019,"B17001C_SnrPov","Native American (Non-Hispanic)",100,2416.60919471891,"Genesee","Bergen town","New York"
"3603706057",2019,"B17001D_SnrPov","Asian (Non-Hispanic)",0,0,"Genesee","Bergen town","New York"
"3603706057",2019,"B17001E_SnrPov","Pacific Islander (Non-Hispanic)",0,0,"Genesee","Bergen town","New York"
"3603706057",2019,"B17001F_SnrPov","Other (Non-Hispanic)",0,0,"Genesee","Bergen town","New York"
"3603706057",2019,"B17001G_SnrPov","Two or More Races (Non-Hispanic)",0,94.2809041582063,"Genesee","Bergen town","New York"
"3603706057",2019,"B17001H_SnrPov","White (Non-Hispanic)",78.0487804878049,60.8754709417574,"Genesee","Bergen town","New York"
"3603706057",2019,"B17001I_SnrPov","Hispanic or Latino (Any Race)",0,0,"Genesee","Bergen town","New York"
"3603706057",2020,"B17001B_SnrPov","Black (Non-Hispanic)",0,0,"Genesee","Bergen town","New York"
"3603706057",2020,"B17001C_SnrPov","Native American (Non-Hispanic)",100,2416.60919471891,"Genesee","Bergen town","New York"
"3603706057",2020,"B17001D_SnrPov","Asian (Non-Hispanic)",0,0,"Genesee","Bergen town","New York"
"3603706057",2020,"B17001E_SnrPov","Pacific Islander (Non-Hispanic)",0,0,"Genesee","Bergen town","New York"
"3603706057",2020,"B17001F_SnrPov","Other (Non-Hispanic)",0,0,"Genesee","Bergen town","New York"
"3603706057",2020,"B17001G_SnrPov","Two or More Races (Non-Hispanic)",0,130.542790372901,"Genesee","Bergen town","New York"
"3603706057",2020,"B17001H_SnrPov","White (Non-Hispanic)",74.3589743589744,64.4527597785181,"Genesee","Bergen town","New York"
"3603706057",2020,"B17001I_SnrPov","Hispanic or Latino (Any Race)",0,0,"Genesee","Bergen town","New York"
"3603706057",2021,"B17001B_SnrPov","Black (Non-Hispanic)",0,0,"Genesee","Bergen town","New York"
"3603706057",2021,"B17001C_SnrPov","Native American (Non-Hispanic)",100,2634.3879744639,"Genesee","Bergen town","New York"
"3603706057",2021,"B17001D_SnrPov","Asian (Non-Hispanic)",0,0,"Genesee","Bergen town","New York"
"3603706057",2021,"B17001E_SnrPov","Pacific Islander (Non-Hispanic)",0,0,"Genesee","Bergen town","New York"
"3603706057",2021,"B17001F_SnrPov","Other (Non-Hispanic)",0,0,"Genesee","Bergen town","New York"
"3603706057",2021,"B17001G_SnrPov","Two or More Races (Non-Hispanic)",0,204.27529234278,"Genesee","Bergen town","New York"
"3603706057",2021,"B17001H_SnrPov","White (Non-Hispanic)",73.3333333333333,70.7445800780897,"Genesee","Bergen town","New York"
"3603706057",2021,"B17001I_SnrPov","Hispanic or Latino (Any Race)",0,0,"Genesee","Bergen town","New York"
"3603706057",2022,"B17001B_SnrPov","Black (Non-Hispanic)",0,0,"Genesee","Bergen town","New York"
"3603706057",2022,"B17001C_SnrPov","Native American (Non-Hispanic)",100,2615.3393661244,"Genesee","Bergen town","New York"
"3603706057",2022,"B17001D_SnrPov","Asian (Non-Hispanic)",0,0,"Genesee","Bergen town","New York"
"3603706057",2022,"B17001E_SnrPov","Pacific Islander (Non-Hispanic)",0,0,"Genesee","Bergen town","New York"
"3603706057",2022,"B17001F_SnrPov","Other (Non-Hispanic)",52.1739130434783,67.791189577579,"Genesee","Bergen town","New York"
"3603706057",2022,"B17001G_SnrPov","Two or More Races (Non-Hispanic)",0,229.809703885628,"Genesee","Bergen town","New York"
"3603706057",2022,"B17001H_SnrPov","White (Non-Hispanic)",36.6666666666667,36.8895582268593,"Genesee","Bergen town","New York"
"3603706057",2022,"B17001I_SnrPov","Hispanic or Latino (Any Race)",0,0,"Genesee","Bergen town","New York"
"3603706057",2023,"B17001B_SnrPov","Black (Non-Hispanic)",0,0,"Genesee","Bergen town","New York"
"3603706057",2023,"B17001C_SnrPov","Native American (Non-Hispanic)",100,2615.3393661244,"Genesee","Bergen town","New York"
"3603706057",2023,"B17001D_SnrPov","Asian (Non-Hispanic)",0,0,"Genesee","Bergen town","New York"
"3603706057",2023,"B17001E_SnrPov","Pacific Islander (Non-Hispanic)",0,0,"Genesee","Bergen town","New York"
"3603706057",2023,"B17001F_SnrPov","Other (Non-Hispanic)",50,70.0132809124971,"Genesee","Bergen town","New York"
"3603706057",2023,"B17001G_SnrPov","Two or More Races (Non-Hispanic)",0,0,"Genesee","Bergen town","New York"
"3603706057",2023,"B17001H_SnrPov","White (Non-Hispanic)",53.8461538461538,28.0207348936132,"Genesee","Bergen town","New York"
"3603706057",2023,"B17001I_SnrPov","Hispanic or Latino (Any Race)",0,0,"Genesee","Bergen town","New York"
"3603706057",2024,"B17001B_SnrPov","Black (Non-Hispanic)",0,0,"Genesee","Bergen town","New York"
"3603706057",2024,"B17001C_SnrPov","Native American (Non-Hispanic)",0,0,"Genesee","Bergen town","New York"
"3603706057",2024,"B17001D_SnrPov","Asian (Non-Hispanic)",0,0,"Genesee","Bergen town","New York"
"3603706057",2024,"B17001E_SnrPov","Pacific Islander (Non-Hispanic)",0,0,"Genesee","Bergen town","New York"
"3603706057",2024,"B17001F_SnrPov","Other (Non-Hispanic)",50,68.3331653562405,"Genesee","Bergen town","New York"
"3603706057",2024,"B17001G_SnrPov","Two or More Races (Non-Hispanic)",0,0,"Genesee","Bergen town","New York"
"3603706057",2024,"B17001H_SnrPov","White (Non-Hispanic)",38.961038961039,23.2038236122905,"Genesee","Bergen town","New York"
"3603706057",2024,"B17001I_SnrPov","Hispanic or Latino (Any Race)",0,0,"Genesee","Bergen town","New York"
"3603706266",2017,"B17001B_SnrPov","Black (Non-Hispanic)",0,0,"Genesee","Bethany town","New York"
"3603706266",2017,"B17001C_SnrPov","Native American (Non-Hispanic)",0,0,"Genesee","Bethany town","New York"
"3603706266",2017,"B17001D_SnrPov","Asian (Non-Hispanic)",0,0,"Genesee","Bethany town","New York"
"3603706266",2017,"B17001E_SnrPov","Pacific Islander (Non-Hispanic)",0,0,"Genesee","Bethany town","New York"
"3603706266",2017,"B17001F_SnrPov","Other (Non-Hispanic)",0,0,"Genesee","Bethany town","New York"
"3603706266",2017,"B17001G_SnrPov","Two or More Races (Non-Hispanic)",0,0,"Genesee","Bethany town","New York"
"3603706266",2017,"B17001H_SnrPov","White (Non-Hispanic)",26.6666666666667,15.0603723332066,"Genesee","Bethany town","New York"
"3603706266",2017,"B17001I_SnrPov","Hispanic or Latino (Any Race)",0,0,"Genesee","Bethany town","New York"
"3603706266",2018,"B17001B_SnrPov","Black (Non-Hispanic)",0,0,"Genesee","Bethany town","New York"
"3603706266",2018,"B17001C_SnrPov","Native American (Non-Hispanic)",0,0,"Genesee","Bethany town","New York"
"3603706266",2018,"B17001D_SnrPov","Asian (Non-Hispanic)",0,0,"Genesee","Bethany town","New York"
"3603706266",2018,"B17001E_SnrPov","Pacific Islander (Non-Hispanic)",0,0,"Genesee","Bethany town","New York"
"3603706266",2018,"B17001F_SnrPov","Other (Non-Hispanic)",0,0,"Genesee","Bethany town","New York"
"3603706266",2018,"B17001G_SnrPov","Two or More Races (Non-Hispanic)",0,0,"Genesee","Bethany town","New York"
"3603706266",2018,"B17001H_SnrPov","White (Non-Hispanic)",33.3333333333333,14.57208560956,"Genesee","Bethany town","New York"
"3603706266",2018,"B17001I_SnrPov","Hispanic or Latino (Any Race)",0,0,"Genesee","Bethany town","New York"
"3603706266",2019,"B17001B_SnrPov","Black (Non-Hispanic)",0,0,"Genesee","Bethany town","New York"
"3603706266",2019,"B17001C_SnrPov","Native American (Non-Hispanic)",0,0,"Genesee","Bethany town","New York"
"3603706266",2019,"B17001D_SnrPov","Asian (Non-Hispanic)",0,0,"Genesee","Bethany town","New York"
"3603706266",2019,"B17001E_SnrPov","Pacific Islander (Non-Hispanic)",0,0,"Genesee","Bethany town","New York"
"3603706266",2019,"B17001F_SnrPov","Other (Non-Hispanic)",0,0,"Genesee","Bethany town","New York"
"3603706266",2019,"B17001G_SnrPov","Two or More Races (Non-Hispanic)",0,0,"Genesee","Bethany town","New York"
"3603706266",2019,"B17001H_SnrPov","White (Non-Hispanic)",43.2432432432432,10.8642294628012,"Genesee","Bethany town","New York"
"3603706266",2019,"B17001I_SnrPov","Hispanic or Latino (Any Race)",0,0,"Genesee","Bethany town","New York"
"3603706266",2020,"B17001B_SnrPov","Black (Non-Hispanic)",0,0,"Genesee","Bethany town","New York"
"3603706266",2020,"B17001C_SnrPov","Native American (Non-Hispanic)",0,0,"Genesee","Bethany town","New York"
"3603706266",2020,"B17001D_SnrPov","Asian (Non-Hispanic)",0,0,"Genesee","Bethany town","New York"
"3603706266",2020,"B17001E_SnrPov","Pacific Islander (Non-Hispanic)",0,0,"Genesee","Bethany town","New York"
"3603706266",2020,"B17001F_SnrPov","Other (Non-Hispanic)",0,0,"Genesee","Bethany town","New York"
"3603706266",2020,"B17001G_SnrPov","Two or More Races (Non-Hispanic)",0,0,"Genesee","Bethany town","New York"
"3603706266",2020,"B17001H_SnrPov","White (Non-Hispanic)",59.4594594594595,55.3159035044471,"Genesee","Bethany town","New York"
"3603706266",2020,"B17001I_SnrPov","Hispanic or Latino (Any Race)",0,0,"Genesee","Bethany town","New York"
"3603706266",2021,"B17001B_SnrPov","Black (Non-Hispanic)",0,0,"Genesee","Bethany town","New York"
"3603706266",2021,"B17001C_SnrPov","Native American (Non-Hispanic)",0,0,"Genesee","Bethany town","New York"
"3603706266",2021,"B17001D_SnrPov","Asian (Non-Hispanic)",0,0,"Genesee","Bethany town","New York"
"3603706266",2021,"B17001E_SnrPov","Pacific Islander (Non-Hispanic)",0,0,"Genesee","Bethany town","New York"
"3603706266",2021,"B17001F_SnrPov","Other (Non-Hispanic)",0,0,"Genesee","Bethany town","New York"
"3603706266",2021,"B17001G_SnrPov","Two or More Races (Non-Hispanic)",0,0,"Genesee","Bethany town","New York"
"3603706266",2021,"B17001H_SnrPov","White (Non-Hispanic)",47.6190476190476,9.30603514919293,"Genesee","Bethany town","New York"
"3603706266",2021,"B17001I_SnrPov","Hispanic or Latino (Any Race)",0,0,"Genesee","Bethany town","New York"
"3603706266",2022,"B17001B_SnrPov","Black (Non-Hispanic)",0,0,"Genesee","Bethany town","New York"
"3603706266",2022,"B17001C_SnrPov","Native American (Non-Hispanic)",0,0,"Genesee","Bethany town","New York"
"3603706266",2022,"B17001D_SnrPov","Asian (Non-Hispanic)",0,0,"Genesee","Bethany town","New York"
"3603706266",2022,"B17001E_SnrPov","Pacific Islander (Non-Hispanic)",0,0,"Genesee","Bethany town","New York"
"3603706266",2022,"B17001F_SnrPov","Other (Non-Hispanic)",0,0,"Genesee","Bethany town","New York"
"3603706266",2022,"B17001G_SnrPov","Two or More Races (Non-Hispanic)",0,0,"Genesee","Bethany town","New York"
"3603706266",2022,"B17001H_SnrPov","White (Non-Hispanic)",42.2222222222222,22.7399766630796,"Genesee","Bethany town","New York"
"3603706266",2022,"B17001I_SnrPov","Hispanic or Latino (Any Race)",0,0,"Genesee","Bethany town","New York"
"3603706266",2023,"B17001B_SnrPov","Black (Non-Hispanic)",0,0,"Genesee","Bethany town","New York"
"3603706266",2023,"B17001C_SnrPov","Native American (Non-Hispanic)",0,0,"Genesee","Bethany town","New York"
"3603706266",2023,"B17001D_SnrPov","Asian (Non-Hispanic)",0,0,"Genesee","Bethany town","New York"
"3603706266",2023,"B17001E_SnrPov","Pacific Islander (Non-Hispanic)",0,0,"Genesee","Bethany town","New York"
"3603706266",2023,"B17001F_SnrPov","Other (Non-Hispanic)",0,0,"Genesee","Bethany town","New York"
"3603706266",2023,"B17001G_SnrPov","Two or More Races (Non-Hispanic)",0,0,"Genesee","Bethany town","New York"
"3603706266",2023,"B17001H_SnrPov","White (Non-Hispanic)",55.8823529411765,4.79850458420715,"Genesee","Bethany town","New York"
"3603706266",2023,"B17001I_SnrPov","Hispanic or Latino (Any Race)",0,0,"Genesee","Bethany town","New York"
"3603706266",2024,"B17001B_SnrPov","Black (Non-Hispanic)",0,0,"Genesee","Bethany town","New York"
"3603706266",2024,"B17001C_SnrPov","Native American (Non-Hispanic)",0,989.949493661167,"Genesee","Bethany town","New York"
"3603706266",2024,"B17001D_SnrPov","Asian (Non-Hispanic)",0,0,"Genesee","Bethany town","New York"
"3603706266",2024,"B17001E_SnrPov","Pacific Islander (Non-Hispanic)",0,0,"Genesee","Bethany town","New York"
"3603706266",2024,"B17001F_SnrPov","Other (Non-Hispanic)",0,0,"Genesee","Bethany town","New York"
"3603706266",2024,"B17001G_SnrPov","Two or More Races (Non-Hispanic)",0,0,"Genesee","Bethany town","New York"
"3603706266",2024,"B17001H_SnrPov","White (Non-Hispanic)",47.2222222222222,40.2263045583102,"Genesee","Bethany town","New York"
"3603706266",2024,"B17001I_SnrPov","Hispanic or Latino (Any Race)",0,0,"Genesee","Bethany town","New York"
"3603711572",2017,"B17001B_SnrPov","Black (Non-Hispanic)",0,0,"Genesee","Byron town","New York"
"3603711572",2017,"B17001C_SnrPov","Native American (Non-Hispanic)",0,0,"Genesee","Byron town","New York"
"3603711572",2017,"B17001D_SnrPov","Asian (Non-Hispanic)",50,110.750282166683,"Genesee","Byron town","New York"
"3603711572",2017,"B17001E_SnrPov","Pacific Islander (Non-Hispanic)",0,0,"Genesee","Byron town","New York"
"3603711572",2017,"B17001F_SnrPov","Other (Non-Hispanic)",0,0,"Genesee","Byron town","New York"
"3603711572",2017,"B17001G_SnrPov","Two or More Races (Non-Hispanic)",0,0,"Genesee","Byron town","New York"
"3603711572",2017,"B17001H_SnrPov","White (Non-Hispanic)",39.622641509434,34.533183079106,"Genesee","Byron town","New York"
"3603711572",2017,"B17001I_SnrPov","Hispanic or Latino (Any Race)",0,0,"Genesee","Byron town","New York"
"3603711572",2018,"B17001B_SnrPov","Black (Non-Hispanic)",0,0,"Genesee","Byron town","New York"
"3603711572",2018,"B17001C_SnrPov","Native American (Non-Hispanic)",0,0,"Genesee","Byron town","New York"
"3603711572",2018,"B17001D_SnrPov","Asian (Non-Hispanic)",50,153.206469257085,"Genesee","Byron town","New York"
"3603711572",2018,"B17001E_SnrPov","Pacific Islander (Non-Hispanic)",0,0,"Genesee","Byron town","New York"
"3603711572",2018,"B17001F_SnrPov","Other (Non-Hispanic)",0,0,"Genesee","Byron town","New York"
"3603711572",2018,"B17001G_SnrPov","Two or More Races (Non-Hispanic)",0,0,"Genesee","Byron town","New York"
"3603711572",2018,"B17001H_SnrPov","White (Non-Hispanic)",40.5405405405405,33.2055825859832,"Genesee","Byron town","New York"
"3603711572",2018,"B17001I_SnrPov","Hispanic or Latino (Any Race)",0,0,"Genesee","Byron town","New York"
"3603711572",2019,"B17001B_SnrPov","Black (Non-Hispanic)",0,0,"Genesee","Byron town","New York"
"3603711572",2019,"B17001C_SnrPov","Native American (Non-Hispanic)",0,0,"Genesee","Byron town","New York"
"3603711572",2019,"B17001D_SnrPov","Asian (Non-Hispanic)",50,118.585412256314,"Genesee","Byron town","New York"
"3603711572",2019,"B17001E_SnrPov","Pacific Islander (Non-Hispanic)",0,0,"Genesee","Byron town","New York"
"3603711572",2019,"B17001F_SnrPov","Other (Non-Hispanic)",0,0,"Genesee","Byron town","New York"
"3603711572",2019,"B17001G_SnrPov","Two or More Races (Non-Hispanic)",0,0,"Genesee","Byron town","New York"
"3603711572",2019,"B17001H_SnrPov","White (Non-Hispanic)",52.3809523809524,62.8142471912001,"Genesee","Byron town","New York"
"3603711572",2019,"B17001I_SnrPov","Hispanic or Latino (Any Race)",0,0,"Genesee","Byron town","New York"
"3603711572",2020,"B17001B_SnrPov","Black (Non-Hispanic)",0,0,"Genesee","Byron town","New York"
"3603711572",2020,"B17001C_SnrPov","Native American (Non-Hispanic)",0,0,"Genesee","Byron town","New York"
"3603711572",2020,"B17001D_SnrPov","Asian (Non-Hispanic)",42.8571428571429,152.447750179454,"Genesee","Byron town","New York"
"3603711572",2020,"B17001E_SnrPov","Pacific Islander (Non-Hispanic)",0,0,"Genesee","Byron town","New York"
"3603711572",2020,"B17001F_SnrPov","Other (Non-Hispanic)",0,0,"Genesee","Byron town","New York"
"3603711572",2020,"B17001G_SnrPov","Two or More Races (Non-Hispanic)",0,0,"Genesee","Byron town","New York"
"3603711572",2020,"B17001H_SnrPov","White (Non-Hispanic)",54.5454545454545,37.8815425995565,"Genesee","Byron town","New York"
"3603711572",2020,"B17001I_SnrPov","Hispanic or Latino (Any Race)",0,0,"Genesee","Byron town","New York"
"3603711572",2021,"B17001B_SnrPov","Black (Non-Hispanic)",0,0,"Genesee","Byron town","New York"
"3603711572",2021,"B17001C_SnrPov","Native American (Non-Hispanic)",0,0,"Genesee","Byron town","New York"
"3603711572",2021,"B17001D_SnrPov","Asian (Non-Hispanic)",50,86.0113898485164,"Genesee","Byron town","New York"
"3603711572",2021,"B17001E_SnrPov","Pacific Islander (Non-Hispanic)",0,0,"Genesee","Byron town","New York"
"3603711572",2021,"B17001F_SnrPov","Other (Non-Hispanic)",0,0,"Genesee","Byron town","New York"
"3603711572",2021,"B17001G_SnrPov","Two or More Races (Non-Hispanic)",0,0,"Genesee","Byron town","New York"
"3603711572",2021,"B17001H_SnrPov","White (Non-Hispanic)",70,153.355795456187,"Genesee","Byron town","New York"
"3603711572",2021,"B17001I_SnrPov","Hispanic or Latino (Any Race)",0,0,"Genesee","Byron town","New York"
"3603711572",2022,"B17001B_SnrPov","Black (Non-Hispanic)",0,0,"Genesee","Byron town","New York"
"3603711572",2022,"B17001C_SnrPov","Native American (Non-Hispanic)",0,0,"Genesee","Byron town","New York"
"3603711572",2022,"B17001D_SnrPov","Asian (Non-Hispanic)",0,0,"Genesee","Byron town","New York"
"3603711572",2022,"B17001E_SnrPov","Pacific Islander (Non-Hispanic)",0,0,"Genesee","Byron town","New York"
"3603711572",2022,"B17001F_SnrPov","Other (Non-Hispanic)",0,0,"Genesee","Byron town","New York"
"3603711572",2022,"B17001G_SnrPov","Two or More Races (Non-Hispanic)",0,0,"Genesee","Byron town","New York"
"3603711572",2022,"B17001H_SnrPov","White (Non-Hispanic)",70,129.664952859283,"Genesee","Byron town","New York"
"3603711572",2022,"B17001I_SnrPov","Hispanic or Latino (Any Race)",0,0,"Genesee","Byron town","New York"
"3603711572",2023,"B17001B_SnrPov","Black (Non-Hispanic)",0,0,"Genesee","Byron town","New York"
"3603711572",2023,"B17001C_SnrPov","Native American (Non-Hispanic)",0,0,"Genesee","Byron town","New York"
"3603711572",2023,"B17001D_SnrPov","Asian (Non-Hispanic)",0,0,"Genesee","Byron town","New York"
"3603711572",2023,"B17001E_SnrPov","Pacific Islander (Non-Hispanic)",0,0,"Genesee","Byron town","New York"
"3603711572",2023,"B17001F_SnrPov","Other (Non-Hispanic)",0,0,"Genesee","Byron town","New York"
"3603711572",2023,"B17001G_SnrPov","Two or More Races (Non-Hispanic)",0,0,"Genesee","Byron town","New York"
"3603711572",2023,"B17001H_SnrPov","White (Non-Hispanic)",47.8260869565217,20.9121917484268,"Genesee","Byron town","New York"
"3603711572",2023,"B17001I_SnrPov","Hispanic or Latino (Any Race)",0,0,"Genesee","Byron town","New York"
"3603711572",2024,"B17001B_SnrPov","Black (Non-Hispanic)",0,0,"Genesee","Byron town","New York"
"3603711572",2024,"B17001C_SnrPov","Native American (Non-Hispanic)",0,0,"Genesee","Byron town","New York"
"3603711572",2024,"B17001D_SnrPov","Asian (Non-Hispanic)",0,0,"Genesee","Byron town","New York"
"3603711572",2024,"B17001E_SnrPov","Pacific Islander (Non-Hispanic)",0,0,"Genesee","Byron town","New York"
"3603711572",2024,"B17001F_SnrPov","Other (Non-Hispanic)",0,0,"Genesee","Byron town","New York"
"3603711572",2024,"B17001G_SnrPov","Two or More Races (Non-Hispanic)",0,0,"Genesee","Byron town","New York"
"3603711572",2024,"B17001H_SnrPov","White (Non-Hispanic)",52.3809523809524,68.1518133232485,"Genesee","Byron town","New York"
"3603711572",2024,"B17001I_SnrPov","Hispanic or Latino (Any Race)",0,0,"Genesee","Byron town","New York"
"3603719719",2017,"B17001B_SnrPov","Black (Non-Hispanic)",0,0,"Genesee","Darien town","New York"
"3603719719",2017,"B17001C_SnrPov","Native American (Non-Hispanic)",0,0,"Genesee","Darien town","New York"
"3603719719",2017,"B17001D_SnrPov","Asian (Non-Hispanic)",0,0,"Genesee","Darien town","New York"
"3603719719",2017,"B17001E_SnrPov","Pacific Islander (Non-Hispanic)",0,0,"Genesee","Darien town","New York"
"3603719719",2017,"B17001F_SnrPov","Other (Non-Hispanic)",0,0,"Genesee","Darien town","New York"
"3603719719",2017,"B17001G_SnrPov","Two or More Races (Non-Hispanic)",0,0,"Genesee","Darien town","New York"
"3603719719",2017,"B17001H_SnrPov","White (Non-Hispanic)",0,119.664224508493,"Genesee","Darien town","New York"
"3603719719",2017,"B17001I_SnrPov","Hispanic or Latino (Any Race)",0,0,"Genesee","Darien town","New York"
"3603719719",2018,"B17001B_SnrPov","Black (Non-Hispanic)",0,0,"Genesee","Darien town","New York"
"3603719719",2018,"B17001C_SnrPov","Native American (Non-Hispanic)",0,0,"Genesee","Darien town","New York"
"3603719719",2018,"B17001D_SnrPov","Asian (Non-Hispanic)",0,0,"Genesee","Darien town","New York"
"3603719719",2018,"B17001E_SnrPov","Pacific Islander (Non-Hispanic)",0,0,"Genesee","Darien town","New York"
"3603719719",2018,"B17001F_SnrPov","Other (Non-Hispanic)",0,0,"Genesee","Darien town","New York"
"3603719719",2018,"B17001G_SnrPov","Two or More Races (Non-Hispanic)",0,0,"Genesee","Darien town","New York"
"3603719719",2018,"B17001H_SnrPov","White (Non-Hispanic)",0,169.705627484771,"Genesee","Darien town","New York"
"3603719719",2018,"B17001I_SnrPov","Hispanic or Latino (Any Race)",0,0,"Genesee","Darien town","New York"
"3603719719",2019,"B17001B_SnrPov","Black (Non-Hispanic)",0,0,"Genesee","Darien town","New York"
"3603719719",2019,"B17001C_SnrPov","Native American (Non-Hispanic)",0,0,"Genesee","Darien town","New York"
"3603719719",2019,"B17001D_SnrPov","Asian (Non-Hispanic)",0,0,"Genesee","Darien town","New York"
"3603719719",2019,"B17001E_SnrPov","Pacific Islander (Non-Hispanic)",0,0,"Genesee","Darien town","New York"
"3603719719",2019,"B17001F_SnrPov","Other (Non-Hispanic)",0,0,"Genesee","Darien town","New York"
"3603719719",2019,"B17001G_SnrPov","Two or More Races (Non-Hispanic)",0,0,"Genesee","Darien town","New York"
"3603719719",2019,"B17001H_SnrPov","White (Non-Hispanic)",0,188.561808316413,"Genesee","Darien town","New York"
"3603719719",2019,"B17001I_SnrPov","Hispanic or Latino (Any Race)",0,0,"Genesee","Darien town","New York"
"3603719719",2020,"B17001B_SnrPov","Black (Non-Hispanic)",0,0,"Genesee","Darien town","New York"
"3603719719",2020,"B17001C_SnrPov","Native American (Non-Hispanic)",0,0,"Genesee","Darien town","New York"
"3603719719",2020,"B17001D_SnrPov","Asian (Non-Hispanic)",0,0,"Genesee","Darien town","New York"
"3603719719",2020,"B17001E_SnrPov","Pacific Islander (Non-Hispanic)",0,0,"Genesee","Darien town","New York"
"3603719719",2020,"B17001F_SnrPov","Other (Non-Hispanic)",0,0,"Genesee","Darien town","New York"
"3603719719",2020,"B17001G_SnrPov","Two or More Races (Non-Hispanic)",0,0,"Genesee","Darien town","New York"
"3603719719",2020,"B17001H_SnrPov","White (Non-Hispanic)",0,339.411254969543,"Genesee","Darien town","New York"
"3603719719",2020,"B17001I_SnrPov","Hispanic or Latino (Any Race)",0,0,"Genesee","Darien town","New York"
"3603719719",2021,"B17001B_SnrPov","Black (Non-Hispanic)",0,0,"Genesee","Darien town","New York"
"3603719719",2021,"B17001C_SnrPov","Native American (Non-Hispanic)",0,0,"Genesee","Darien town","New York"
"3603719719",2021,"B17001D_SnrPov","Asian (Non-Hispanic)",0,0,"Genesee","Darien town","New York"
"3603719719",2021,"B17001E_SnrPov","Pacific Islander (Non-Hispanic)",0,0,"Genesee","Darien town","New York"
"3603719719",2021,"B17001F_SnrPov","Other (Non-Hispanic)",0,0,"Genesee","Darien town","New York"
"3603719719",2021,"B17001G_SnrPov","Two or More Races (Non-Hispanic)",0,0,"Genesee","Darien town","New York"
"3603719719",2021,"B17001H_SnrPov","White (Non-Hispanic)",100,270.308465769511,"Genesee","Darien town","New York"
"3603719719",2021,"B17001I_SnrPov","Hispanic or Latino (Any Race)",0,0,"Genesee","Darien town","New York"
"3603719719",2022,"B17001B_SnrPov","Black (Non-Hispanic)",0,0,"Genesee","Darien town","New York"
"3603719719",2022,"B17001C_SnrPov","Native American (Non-Hispanic)",0,0,"Genesee","Darien town","New York"
"3603719719",2022,"B17001D_SnrPov","Asian (Non-Hispanic)",0,0,"Genesee","Darien town","New York"
"3603719719",2022,"B17001E_SnrPov","Pacific Islander (Non-Hispanic)",0,0,"Genesee","Darien town","New York"
"3603719719",2022,"B17001F_SnrPov","Other (Non-Hispanic)",0,0,"Genesee","Darien town","New York"
"3603719719",2022,"B17001G_SnrPov","Two or More Races (Non-Hispanic)",0,0,"Genesee","Darien town","New York"
"3603719719",2022,"B17001H_SnrPov","White (Non-Hispanic)",51.8518518518518,63.3985310591093,"Genesee","Darien town","New York"
"3603719719",2022,"B17001I_SnrPov","Hispanic or Latino (Any Race)",0,0,"Genesee","Darien town","New York"
"3603719719",2023,"B17001B_SnrPov","Black (Non-Hispanic)",0,0,"Genesee","Darien town","New York"
"3603719719",2023,"B17001C_SnrPov","Native American (Non-Hispanic)",0,0,"Genesee","Darien town","New York"
"3603719719",2023,"B17001D_SnrPov","Asian (Non-Hispanic)",0,0,"Genesee","Darien town","New York"
"3603719719",2023,"B17001E_SnrPov","Pacific Islander (Non-Hispanic)",0,0,"Genesee","Darien town","New York"
"3603719719",2023,"B17001F_SnrPov","Other (Non-Hispanic)",0,0,"Genesee","Darien town","New York"
"3603719719",2023,"B17001G_SnrPov","Two or More Races (Non-Hispanic)",0,0,"Genesee","Darien town","New York"
"3603719719",2023,"B17001H_SnrPov","White (Non-Hispanic)",48.4848484848485,58.3855252792829,"Genesee","Darien town","New York"
"3603719719",2023,"B17001I_SnrPov","Hispanic or Latino (Any Race)",0,0,"Genesee","Darien town","New York"
"3603719719",2024,"B17001B_SnrPov","Black (Non-Hispanic)",0,0,"Genesee","Darien town","New York"
"3603719719",2024,"B17001C_SnrPov","Native American (Non-Hispanic)",0,0,"Genesee","Darien town","New York"
"3603719719",2024,"B17001D_SnrPov","Asian (Non-Hispanic)",0,0,"Genesee","Darien town","New York"
"3603719719",2024,"B17001E_SnrPov","Pacific Islander (Non-Hispanic)",0,0,"Genesee","Darien town","New York"
"3603719719",2024,"B17001F_SnrPov","Other (Non-Hispanic)",0,0,"Genesee","Darien town","New York"
"3603719719",2024,"B17001G_SnrPov","Two or More Races (Non-Hispanic)",0,0,"Genesee","Darien town","New York"
"3603719719",2024,"B17001H_SnrPov","White (Non-Hispanic)",29.8507462686567,43.7949088493806,"Genesee","Darien town","New York"
"3603719719",2024,"B17001I_SnrPov","Hispanic or Latino (Any Race)",0,0,"Genesee","Darien town","New York"
"3603723756",2017,"B17001B_SnrPov","Black (Non-Hispanic)",0,0,"Genesee","Elba town","New York"
"3603723756",2017,"B17001C_SnrPov","Native American (Non-Hispanic)",0,0,"Genesee","Elba town","New York"
"3603723756",2017,"B17001D_SnrPov","Asian (Non-Hispanic)",0,0,"Genesee","Elba town","New York"
"3603723756",2017,"B17001E_SnrPov","Pacific Islander (Non-Hispanic)",0,0,"Genesee","Elba town","New York"
"3603723756",2017,"B17001F_SnrPov","Other (Non-Hispanic)",100,315.59467676119,"Genesee","Elba town","New York"
"3603723756",2017,"B17001G_SnrPov","Two or More Races (Non-Hispanic)",0,0,"Genesee","Elba town","New York"
"3603723756",2017,"B17001H_SnrPov","White (Non-Hispanic)",13.1578947368421,31.6884067862955,"Genesee","Elba town","New York"
"3603723756",2017,"B17001I_SnrPov","Hispanic or Latino (Any Race)",100,315.59467676119,"Genesee","Elba town","New York"
"3603723756",2018,"B17001B_SnrPov","Black (Non-Hispanic)",0,0,"Genesee","Elba town","New York"
"3603723756",2018,"B17001C_SnrPov","Native American (Non-Hispanic)",0,0,"Genesee","Elba town","New York"
"3603723756",2018,"B17001D_SnrPov","Asian (Non-Hispanic)",0,0,"Genesee","Elba town","New York"
"3603723756",2018,"B17001E_SnrPov","Pacific Islander (Non-Hispanic)",0,0,"Genesee","Elba town","New York"
"3603723756",2018,"B17001F_SnrPov","Other (Non-Hispanic)",100,272.741187029097,"Genesee","Elba town","New York"
"3603723756",2018,"B17001G_SnrPov","Two or More Races (Non-Hispanic)",0,0,"Genesee","Elba town","New York"
"3603723756",2018,"B17001H_SnrPov","White (Non-Hispanic)",11.1111111111111,36.9288543485087,"Genesee","Elba town","New York"
"3603723756",2018,"B17001I_SnrPov","Hispanic or Latino (Any Race)",100,272.741187029097,"Genesee","Elba town","New York"
"3603723756",2019,"B17001B_SnrPov","Black (Non-Hispanic)",0,0,"Genesee","Elba town","New York"
"3603723756",2019,"B17001C_SnrPov","Native American (Non-Hispanic)",0,0,"Genesee","Elba town","New York"
"3603723756",2019,"B17001D_SnrPov","Asian (Non-Hispanic)",0,0,"Genesee","Elba town","New York"
"3603723756",2019,"B17001E_SnrPov","Pacific Islander (Non-Hispanic)",0,0,"Genesee","Elba town","New York"
"3603723756",2019,"B17001F_SnrPov","Other (Non-Hispanic)",100,275.045450789501,"Genesee","Elba town","New York"
"3603723756",2019,"B17001G_SnrPov","Two or More Races (Non-Hispanic)",0,0,"Genesee","Elba town","New York"
"3603723756",2019,"B17001H_SnrPov","White (Non-Hispanic)",17.5,9.0127947247233,"Genesee","Elba town","New York"
"3603723756",2019,"B17001I_SnrPov","Hispanic or Latino (Any Race)",100,275.045450789501,"Genesee","Elba town","New York"
"3603723756",2020,"B17001B_SnrPov","Black (Non-Hispanic)",0,0,"Genesee","Elba town","New York"
"3603723756",2020,"B17001C_SnrPov","Native American (Non-Hispanic)",0,0,"Genesee","Elba town","New York"
"3603723756",2020,"B17001D_SnrPov","Asian (Non-Hispanic)",0,0,"Genesee","Elba town","New York"
"3603723756",2020,"B17001E_SnrPov","Pacific Islander (Non-Hispanic)",0,0,"Genesee","Elba town","New York"
"3603723756",2020,"B17001F_SnrPov","Other (Non-Hispanic)",100,327.448045073142,"Genesee","Elba town","New York"
"3603723756",2020,"B17001G_SnrPov","Two or More Races (Non-Hispanic)",0,0,"Genesee","Elba town","New York"
"3603723756",2020,"B17001H_SnrPov","White (Non-Hispanic)",16.6666666666667,202.034406066313,"Genesee","Elba town","New York"
"3603723756",2020,"B17001I_SnrPov","Hispanic or Latino (Any Race)",100,327.448045073142,"Genesee","Elba town","New York"
"3603723756",2021,"B17001B_SnrPov","Black (Non-Hispanic)",0,0,"Genesee","Elba town","New York"
"3603723756",2021,"B17001C_SnrPov","Native American (Non-Hispanic)",0,0,"Genesee","Elba town","New York"
"3603723756",2021,"B17001D_SnrPov","Asian (Non-Hispanic)",0,0,"Genesee","Elba town","New York"
"3603723756",2021,"B17001E_SnrPov","Pacific Islander (Non-Hispanic)",0,0,"Genesee","Elba town","New York"
"3603723756",2021,"B17001F_SnrPov","Other (Non-Hispanic)",100,493.288286231625,"Genesee","Elba town","New York"
"3603723756",2021,"B17001G_SnrPov","Two or More Races (Non-Hispanic)",0,0,"Genesee","Elba town","New York"
"3603723756",2021,"B17001H_SnrPov","White (Non-Hispanic)",11.1111111111111,72.9022537849117,"Genesee","Elba town","New York"
"3603723756",2021,"B17001I_SnrPov","Hispanic or Latino (Any Race)",100,493.288286231625,"Genesee","Elba town","New York"
"3603723756",2022,"B17001B_SnrPov","Black (Non-Hispanic)",0,0,"Genesee","Elba town","New York"
"3603723756",2022,"B17001C_SnrPov","Native American (Non-Hispanic)",0,0,"Genesee","Elba town","New York"
"3603723756",2022,"B17001D_SnrPov","Asian (Non-Hispanic)",0,0,"Genesee","Elba town","New York"
"3603723756",2022,"B17001E_SnrPov","Pacific Islander (Non-Hispanic)",0,0,"Genesee","Elba town","New York"
"3603723756",2022,"B17001F_SnrPov","Other (Non-Hispanic)",0,0,"Genesee","Elba town","New York"
"3603723756",2022,"B17001G_SnrPov","Two or More Races (Non-Hispanic)",100,683.739716558867,"Genesee","Elba town","New York"
"3603723756",2022,"B17001H_SnrPov","White (Non-Hispanic)",9.52380952380952,62.7843616687783,"Genesee","Elba town","New York"
"3603723756",2022,"B17001I_SnrPov","Hispanic or Latino (Any Race)",0,0,"Genesee","Elba town","New York"
"3603723756",2023,"B17001B_SnrPov","Black (Non-Hispanic)",100,260.258285170713,"Genesee","Elba town","New York"
"3603723756",2023,"B17001C_SnrPov","Native American (Non-Hispanic)",0,0,"Genesee","Elba town","New York"
"3603723756",2023,"B17001D_SnrPov","Asian (Non-Hispanic)",0,0,"Genesee","Elba town","New York"
"3603723756",2023,"B17001E_SnrPov","Pacific Islander (Non-Hispanic)",0,0,"Genesee","Elba town","New York"
"3603723756",2023,"B17001F_SnrPov","Other (Non-Hispanic)",0,0,"Genesee","Elba town","New York"
"3603723756",2023,"B17001G_SnrPov","Two or More Races (Non-Hispanic)",100,1347.21935853075,"Genesee","Elba town","New York"
"3603723756",2023,"B17001H_SnrPov","White (Non-Hispanic)",12.5,80.8923921117586,"Genesee","Elba town","New York"
"3603723756",2023,"B17001I_SnrPov","Hispanic or Latino (Any Race)",0,0,"Genesee","Elba town","New York"
"3603723756",2024,"B17001B_SnrPov","Black (Non-Hispanic)",100,261.605619205704,"Genesee","Elba town","New York"
"3603723756",2024,"B17001C_SnrPov","Native American (Non-Hispanic)",0,0,"Genesee","Elba town","New York"
"3603723756",2024,"B17001D_SnrPov","Asian (Non-Hispanic)",0,0,"Genesee","Elba town","New York"
"3603723756",2024,"B17001E_SnrPov","Pacific Islander (Non-Hispanic)",0,0,"Genesee","Elba town","New York"
"3603723756",2024,"B17001F_SnrPov","Other (Non-Hispanic)",0,0,"Genesee","Elba town","New York"
"3603723756",2024,"B17001G_SnrPov","Two or More Races (Non-Hispanic)",100,952.190457139047,"Genesee","Elba town","New York"
"3603723756",2024,"B17001H_SnrPov","White (Non-Hispanic)",0,104.20520985907,"Genesee","Elba town","New York"
"3603723756",2024,"B17001I_SnrPov","Hispanic or Latino (Any Race)",0,0,"Genesee","Elba town","New York"
"3603742037",2017,"B17001B_SnrPov","Black (Non-Hispanic)",0,0,"Genesee","Le Roy town","New York"
"3603742037",2017,"B17001C_SnrPov","Native American (Non-Hispanic)",0,0,"Genesee","Le Roy town","New York"
"3603742037",2017,"B17001D_SnrPov","Asian (Non-Hispanic)",0,0,"Genesee","Le Roy town","New York"
"3603742037",2017,"B17001E_SnrPov","Pacific Islander (Non-Hispanic)",0,0,"Genesee","Le Roy town","New York"
"3603742037",2017,"B17001F_SnrPov","Other (Non-Hispanic)",0,0,"Genesee","Le Roy town","New York"
"3603742037",2017,"B17001G_SnrPov","Two or More Races (Non-Hispanic)",0,0,"Genesee","Le Roy town","New York"
"3603742037",2017,"B17001H_SnrPov","White (Non-Hispanic)",13.8461538461538,31.2167635655835,"Genesee","Le Roy town","New York"
"3603742037",2017,"B17001I_SnrPov","Hispanic or Latino (Any Race)",0,0,"Genesee","Le Roy town","New York"
"3603742037",2018,"B17001B_SnrPov","Black (Non-Hispanic)",0,0,"Genesee","Le Roy town","New York"
"3603742037",2018,"B17001C_SnrPov","Native American (Non-Hispanic)",0,0,"Genesee","Le Roy town","New York"
"3603742037",2018,"B17001D_SnrPov","Asian (Non-Hispanic)",0,0,"Genesee","Le Roy town","New York"
"3603742037",2018,"B17001E_SnrPov","Pacific Islander (Non-Hispanic)",0,0,"Genesee","Le Roy town","New York"
"3603742037",2018,"B17001F_SnrPov","Other (Non-Hispanic)",0,0,"Genesee","Le Roy town","New York"
"3603742037",2018,"B17001G_SnrPov","Two or More Races (Non-Hispanic)",0,0,"Genesee","Le Roy town","New York"
"3603742037",2018,"B17001H_SnrPov","White (Non-Hispanic)",12.6760563380282,29.9737257033712,"Genesee","Le Roy town","New York"
"3603742037",2018,"B17001I_SnrPov","Hispanic or Latino (Any Race)",0,0,"Genesee","Le Roy town","New York"
"3603742037",2019,"B17001B_SnrPov","Black (Non-Hispanic)",0,0,"Genesee","Le Roy town","New York"
"3603742037",2019,"B17001C_SnrPov","Native American (Non-Hispanic)",0,0,"Genesee","Le Roy town","New York"
"3603742037",2019,"B17001D_SnrPov","Asian (Non-Hispanic)",0,0,"Genesee","Le Roy town","New York"
"3603742037",2019,"B17001E_SnrPov","Pacific Islander (Non-Hispanic)",0,0,"Genesee","Le Roy town","New York"
"3603742037",2019,"B17001F_SnrPov","Other (Non-Hispanic)",0,0,"Genesee","Le Roy town","New York"
"3603742037",2019,"B17001G_SnrPov","Two or More Races (Non-Hispanic)",0,0,"Genesee","Le Roy town","New York"
"3603742037",2019,"B17001H_SnrPov","White (Non-Hispanic)",35.1648351648352,24.7292370219446,"Genesee","Le Roy town","New York"
"3603742037",2019,"B17001I_SnrPov","Hispanic or Latino (Any Race)",0,0,"Genesee","Le Roy town","New York"
"3603742037",2020,"B17001B_SnrPov","Black (Non-Hispanic)",0,0,"Genesee","Le Roy town","New York"
"3603742037",2020,"B17001C_SnrPov","Native American (Non-Hispanic)",0,0,"Genesee","Le Roy town","New York"
"3603742037",2020,"B17001D_SnrPov","Asian (Non-Hispanic)",0,0,"Genesee","Le Roy town","New York"
"3603742037",2020,"B17001E_SnrPov","Pacific Islander (Non-Hispanic)",0,0,"Genesee","Le Roy town","New York"
"3603742037",2020,"B17001F_SnrPov","Other (Non-Hispanic)",0,0,"Genesee","Le Roy town","New York"
"3603742037",2020,"B17001G_SnrPov","Two or More Races (Non-Hispanic)",0,0,"Genesee","Le Roy town","New York"
"3603742037",2020,"B17001H_SnrPov","White (Non-Hispanic)",19.7674418604651,24.2945677362484,"Genesee","Le Roy town","New York"
"3603742037",2020,"B17001I_SnrPov","Hispanic or Latino (Any Race)",0,0,"Genesee","Le Roy town","New York"
"3603742037",2021,"B17001B_SnrPov","Black (Non-Hispanic)",0,0,"Genesee","Le Roy town","New York"
"3603742037",2021,"B17001C_SnrPov","Native American (Non-Hispanic)",0,0,"Genesee","Le Roy town","New York"
"3603742037",2021,"B17001D_SnrPov","Asian (Non-Hispanic)",0,0,"Genesee","Le Roy town","New York"
"3603742037",2021,"B17001E_SnrPov","Pacific Islander (Non-Hispanic)",0,0,"Genesee","Le Roy town","New York"
"3603742037",2021,"B17001F_SnrPov","Other (Non-Hispanic)",0,0,"Genesee","Le Roy town","New York"
"3603742037",2021,"B17001G_SnrPov","Two or More Races (Non-Hispanic)",0,0,"Genesee","Le Roy town","New York"
"3603742037",2021,"B17001H_SnrPov","White (Non-Hispanic)",10.8108108108108,8.9012384695749,"Genesee","Le Roy town","New York"
"3603742037",2021,"B17001I_SnrPov","Hispanic or Latino (Any Race)",0,0,"Genesee","Le Roy town","New York"
"3603742037",2022,"B17001B_SnrPov","Black (Non-Hispanic)",0,0,"Genesee","Le Roy town","New York"
"3603742037",2022,"B17001C_SnrPov","Native American (Non-Hispanic)",0,0,"Genesee","Le Roy town","New York"
"3603742037",2022,"B17001D_SnrPov","Asian (Non-Hispanic)",0,0,"Genesee","Le Roy town","New York"
"3603742037",2022,"B17001E_SnrPov","Pacific Islander (Non-Hispanic)",0,0,"Genesee","Le Roy town","New York"
"3603742037",2022,"B17001F_SnrPov","Other (Non-Hispanic)",0,0,"Genesee","Le Roy town","New York"
"3603742037",2022,"B17001G_SnrPov","Two or More Races (Non-Hispanic)",0,0,"Genesee","Le Roy town","New York"
"3603742037",2022,"B17001H_SnrPov","White (Non-Hispanic)",20.0892857142857,8.34237682672761,"Genesee","Le Roy town","New York"
"3603742037",2022,"B17001I_SnrPov","Hispanic or Latino (Any Race)",0,0,"Genesee","Le Roy town","New York"
"3603742037",2023,"B17001B_SnrPov","Black (Non-Hispanic)",0,0,"Genesee","Le Roy town","New York"
"3603742037",2023,"B17001C_SnrPov","Native American (Non-Hispanic)",0,0,"Genesee","Le Roy town","New York"
"3603742037",2023,"B17001D_SnrPov","Asian (Non-Hispanic)",0,0,"Genesee","Le Roy town","New York"
"3603742037",2023,"B17001E_SnrPov","Pacific Islander (Non-Hispanic)",0,0,"Genesee","Le Roy town","New York"
"3603742037",2023,"B17001F_SnrPov","Other (Non-Hispanic)",0,0,"Genesee","Le Roy town","New York"
"3603742037",2023,"B17001G_SnrPov","Two or More Races (Non-Hispanic)",0,0,"Genesee","Le Roy town","New York"
"3603742037",2023,"B17001H_SnrPov","White (Non-Hispanic)",19.1176470588235,6.98101143765954,"Genesee","Le Roy town","New York"
"3603742037",2023,"B17001I_SnrPov","Hispanic or Latino (Any Race)",0,0,"Genesee","Le Roy town","New York"
"3603742037",2024,"B17001B_SnrPov","Black (Non-Hispanic)",0,0,"Genesee","Le Roy town","New York"
"3603742037",2024,"B17001C_SnrPov","Native American (Non-Hispanic)",0,0,"Genesee","Le Roy town","New York"
"3603742037",2024,"B17001D_SnrPov","Asian (Non-Hispanic)",0,0,"Genesee","Le Roy town","New York"
"3603742037",2024,"B17001E_SnrPov","Pacific Islander (Non-Hispanic)",0,0,"Genesee","Le Roy town","New York"
"3603742037",2024,"B17001F_SnrPov","Other (Non-Hispanic)",0,0,"Genesee","Le Roy town","New York"
"3603742037",2024,"B17001G_SnrPov","Two or More Races (Non-Hispanic)",0,0,"Genesee","Le Roy town","New York"
"3603742037",2024,"B17001H_SnrPov","White (Non-Hispanic)",13.0801687763713,12.0097004549837,"Genesee","Le Roy town","New York"
"3603742037",2024,"B17001I_SnrPov","Hispanic or Latino (Any Race)",0,0,"Genesee","Le Roy town","New York"
"3603754166",2017,"B17001B_SnrPov","Black (Non-Hispanic)",0,0,"Genesee","Oakfield town","New York"
"3603754166",2017,"B17001C_SnrPov","Native American (Non-Hispanic)",0,0,"Genesee","Oakfield town","New York"
"3603754166",2017,"B17001D_SnrPov","Asian (Non-Hispanic)",0,0,"Genesee","Oakfield town","New York"
"3603754166",2017,"B17001E_SnrPov","Pacific Islander (Non-Hispanic)",0,0,"Genesee","Oakfield town","New York"
"3603754166",2017,"B17001F_SnrPov","Other (Non-Hispanic)",0,0,"Genesee","Oakfield town","New York"
"3603754166",2017,"B17001G_SnrPov","Two or More Races (Non-Hispanic)",0,0,"Genesee","Oakfield town","New York"
"3603754166",2017,"B17001H_SnrPov","White (Non-Hispanic)",60.8695652173913,55.4197729298147,"Genesee","Oakfield town","New York"
"3603754166",2017,"B17001I_SnrPov","Hispanic or Latino (Any Race)",0,0,"Genesee","Oakfield town","New York"
"3603754166",2018,"B17001B_SnrPov","Black (Non-Hispanic)",0,0,"Genesee","Oakfield town","New York"
"3603754166",2018,"B17001C_SnrPov","Native American (Non-Hispanic)",0,0,"Genesee","Oakfield town","New York"
"3603754166",2018,"B17001D_SnrPov","Asian (Non-Hispanic)",0,0,"Genesee","Oakfield town","New York"
"3603754166",2018,"B17001E_SnrPov","Pacific Islander (Non-Hispanic)",0,0,"Genesee","Oakfield town","New York"
"3603754166",2018,"B17001F_SnrPov","Other (Non-Hispanic)",0,0,"Genesee","Oakfield town","New York"
"3603754166",2018,"B17001G_SnrPov","Two or More Races (Non-Hispanic)",0,0,"Genesee","Oakfield town","New York"
"3603754166",2018,"B17001H_SnrPov","White (Non-Hispanic)",69.2307692307692,35.2605134093245,"Genesee","Oakfield town","New York"
"3603754166",2018,"B17001I_SnrPov","Hispanic or Latino (Any Race)",0,0,"Genesee","Oakfield town","New York"
"3603754166",2019,"B17001B_SnrPov","Black (Non-Hispanic)",0,0,"Genesee","Oakfield town","New York"
"3603754166",2019,"B17001C_SnrPov","Native American (Non-Hispanic)",0,0,"Genesee","Oakfield town","New York"
"3603754166",2019,"B17001D_SnrPov","Asian (Non-Hispanic)",0,0,"Genesee","Oakfield town","New York"
"3603754166",2019,"B17001E_SnrPov","Pacific Islander (Non-Hispanic)",0,0,"Genesee","Oakfield town","New York"
"3603754166",2019,"B17001F_SnrPov","Other (Non-Hispanic)",0,0,"Genesee","Oakfield town","New York"
"3603754166",2019,"B17001G_SnrPov","Two or More Races (Non-Hispanic)",0,0,"Genesee","Oakfield town","New York"
"3603754166",2019,"B17001H_SnrPov","White (Non-Hispanic)",79.3103448275862,27.1689298489374,"Genesee","Oakfield town","New York"
"3603754166",2019,"B17001I_SnrPov","Hispanic or Latino (Any Race)",0,0,"Genesee","Oakfield town","New York"
"3603754166",2020,"B17001B_SnrPov","Black (Non-Hispanic)",0,0,"Genesee","Oakfield town","New York"
"3603754166",2020,"B17001C_SnrPov","Native American (Non-Hispanic)",0,0,"Genesee","Oakfield town","New York"
"3603754166",2020,"B17001D_SnrPov","Asian (Non-Hispanic)",0,0,"Genesee","Oakfield town","New York"
"3603754166",2020,"B17001E_SnrPov","Pacific Islander (Non-Hispanic)",0,0,"Genesee","Oakfield town","New York"
"3603754166",2020,"B17001F_SnrPov","Other (Non-Hispanic)",0,0,"Genesee","Oakfield town","New York"
"3603754166",2020,"B17001G_SnrPov","Two or More Races (Non-Hispanic)",0,0,"Genesee","Oakfield town","New York"
"3603754166",2020,"B17001H_SnrPov","White (Non-Hispanic)",44.9074074074074,34.799180803089,"Genesee","Oakfield town","New York"
"3603754166",2020,"B17001I_SnrPov","Hispanic or Latino (Any Race)",0,0,"Genesee","Oakfield town","New York"
"3603754166",2021,"B17001B_SnrPov","Black (Non-Hispanic)",0,0,"Genesee","Oakfield town","New York"
"3603754166",2021,"B17001C_SnrPov","Native American (Non-Hispanic)",0,0,"Genesee","Oakfield town","New York"
"3603754166",2021,"B17001D_SnrPov","Asian (Non-Hispanic)",0,0,"Genesee","Oakfield town","New York"
"3603754166",2021,"B17001E_SnrPov","Pacific Islander (Non-Hispanic)",0,0,"Genesee","Oakfield town","New York"
"3603754166",2021,"B17001F_SnrPov","Other (Non-Hispanic)",0,0,"Genesee","Oakfield town","New York"
"3603754166",2021,"B17001G_SnrPov","Two or More Races (Non-Hispanic)",0,0,"Genesee","Oakfield town","New York"
"3603754166",2021,"B17001H_SnrPov","White (Non-Hispanic)",42.7927927927928,37.5583089958321,"Genesee","Oakfield town","New York"
"3603754166",2021,"B17001I_SnrPov","Hispanic or Latino (Any Race)",0,0,"Genesee","Oakfield town","New York"
"3603754166",2022,"B17001B_SnrPov","Black (Non-Hispanic)",0,0,"Genesee","Oakfield town","New York"
"3603754166",2022,"B17001C_SnrPov","Native American (Non-Hispanic)",0,0,"Genesee","Oakfield town","New York"
"3603754166",2022,"B17001D_SnrPov","Asian (Non-Hispanic)",0,0,"Genesee","Oakfield town","New York"
"3603754166",2022,"B17001E_SnrPov","Pacific Islander (Non-Hispanic)",0,0,"Genesee","Oakfield town","New York"
"3603754166",2022,"B17001F_SnrPov","Other (Non-Hispanic)",0,0,"Genesee","Oakfield town","New York"
"3603754166",2022,"B17001G_SnrPov","Two or More Races (Non-Hispanic)",0,0,"Genesee","Oakfield town","New York"
"3603754166",2022,"B17001H_SnrPov","White (Non-Hispanic)",48.8805970149254,30.1887634373468,"Genesee","Oakfield town","New York"
"3603754166",2022,"B17001I_SnrPov","Hispanic or Latino (Any Race)",0,0,"Genesee","Oakfield town","New York"
"3603754166",2023,"B17001B_SnrPov","Black (Non-Hispanic)",0,0,"Genesee","Oakfield town","New York"
"3603754166",2023,"B17001C_SnrPov","Native American (Non-Hispanic)",0,0,"Genesee","Oakfield town","New York"
"3603754166",2023,"B17001D_SnrPov","Asian (Non-Hispanic)",0,0,"Genesee","Oakfield town","New York"
"3603754166",2023,"B17001E_SnrPov","Pacific Islander (Non-Hispanic)",0,0,"Genesee","Oakfield town","New York"
"3603754166",2023,"B17001F_SnrPov","Other (Non-Hispanic)",0,0,"Genesee","Oakfield town","New York"
"3603754166",2023,"B17001G_SnrPov","Two or More Races (Non-Hispanic)",0,0,"Genesee","Oakfield town","New York"
"3603754166",2023,"B17001H_SnrPov","White (Non-Hispanic)",48.2213438735178,30.5272234287321,"Genesee","Oakfield town","New York"
"3603754166",2023,"B17001I_SnrPov","Hispanic or Latino (Any Race)",0,0,"Genesee","Oakfield town","New York"
"3603754166",2024,"B17001B_SnrPov","Black (Non-Hispanic)",0,0,"Genesee","Oakfield town","New York"
"3603754166",2024,"B17001C_SnrPov","Native American (Non-Hispanic)",0,0,"Genesee","Oakfield town","New York"
"3603754166",2024,"B17001D_SnrPov","Asian (Non-Hispanic)",0,0,"Genesee","Oakfield town","New York"
"3603754166",2024,"B17001E_SnrPov","Pacific Islander (Non-Hispanic)",0,0,"Genesee","Oakfield town","New York"
"3603754166",2024,"B17001F_SnrPov","Other (Non-Hispanic)",0,0,"Genesee","Oakfield town","New York"
"3603754166",2024,"B17001G_SnrPov","Two or More Races (Non-Hispanic)",0,0,"Genesee","Oakfield town","New York"
"3603754166",2024,"B17001H_SnrPov","White (Non-Hispanic)",50.965250965251,38.5883048565435,"Genesee","Oakfield town","New York"
"3603754166",2024,"B17001I_SnrPov","Hispanic or Latino (Any Race)",0,0,"Genesee","Oakfield town","New York"
"3603756792",2017,"B17001B_SnrPov","Black (Non-Hispanic)",0,0,"Genesee","Pavilion town","New York"
"3603756792",2017,"B17001C_SnrPov","Native American (Non-Hispanic)",0,0,"Genesee","Pavilion town","New York"
"3603756792",2017,"B17001D_SnrPov","Asian (Non-Hispanic)",0,0,"Genesee","Pavilion town","New York"
"3603756792",2017,"B17001E_SnrPov","Pacific Islander (Non-Hispanic)",0,0,"Genesee","Pavilion town","New York"
"3603756792",2017,"B17001F_SnrPov","Other (Non-Hispanic)",0,0,"Genesee","Pavilion town","New York"
"3603756792",2017,"B17001G_SnrPov","Two or More Races (Non-Hispanic)",0,0,"Genesee","Pavilion town","New York"
"3603756792",2017,"B17001H_SnrPov","White (Non-Hispanic)",54.5454545454545,78.6861930257422,"Genesee","Pavilion town","New York"
"3603756792",2017,"B17001I_SnrPov","Hispanic or Latino (Any Race)",0,0,"Genesee","Pavilion town","New York"
"3603756792",2018,"B17001B_SnrPov","Black (Non-Hispanic)",0,0,"Genesee","Pavilion town","New York"
"3603756792",2018,"B17001C_SnrPov","Native American (Non-Hispanic)",0,0,"Genesee","Pavilion town","New York"
"3603756792",2018,"B17001D_SnrPov","Asian (Non-Hispanic)",0,0,"Genesee","Pavilion town","New York"
"3603756792",2018,"B17001E_SnrPov","Pacific Islander (Non-Hispanic)",0,0,"Genesee","Pavilion town","New York"
"3603756792",2018,"B17001F_SnrPov","Other (Non-Hispanic)",0,0,"Genesee","Pavilion town","New York"
"3603756792",2018,"B17001G_SnrPov","Two or More Races (Non-Hispanic)",0,0,"Genesee","Pavilion town","New York"
"3603756792",2018,"B17001H_SnrPov","White (Non-Hispanic)",50,108.050913924872,"Genesee","Pavilion town","New York"
"3603756792",2018,"B17001I_SnrPov","Hispanic or Latino (Any Race)",0,0,"Genesee","Pavilion town","New York"
"3603756792",2019,"B17001B_SnrPov","Black (Non-Hispanic)",0,0,"Genesee","Pavilion town","New York"
"3603756792",2019,"B17001C_SnrPov","Native American (Non-Hispanic)",0,0,"Genesee","Pavilion town","New York"
"3603756792",2019,"B17001D_SnrPov","Asian (Non-Hispanic)",0,0,"Genesee","Pavilion town","New York"
"3603756792",2019,"B17001E_SnrPov","Pacific Islander (Non-Hispanic)",0,0,"Genesee","Pavilion town","New York"
"3603756792",2019,"B17001F_SnrPov","Other (Non-Hispanic)",0,0,"Genesee","Pavilion town","New York"
"3603756792",2019,"B17001G_SnrPov","Two or More Races (Non-Hispanic)",0,0,"Genesee","Pavilion town","New York"
"3603756792",2019,"B17001H_SnrPov","White (Non-Hispanic)",73.6842105263158,93.3563213516916,"Genesee","Pavilion town","New York"
"3603756792",2019,"B17001I_SnrPov","Hispanic or Latino (Any Race)",0,0,"Genesee","Pavilion town","New York"
"3603756792",2020,"B17001B_SnrPov","Black (Non-Hispanic)",0,0,"Genesee","Pavilion town","New York"
"3603756792",2020,"B17001C_SnrPov","Native American (Non-Hispanic)",0,0,"Genesee","Pavilion town","New York"
"3603756792",2020,"B17001D_SnrPov","Asian (Non-Hispanic)",0,0,"Genesee","Pavilion town","New York"
"3603756792",2020,"B17001E_SnrPov","Pacific Islander (Non-Hispanic)",0,0,"Genesee","Pavilion town","New York"
"3603756792",2020,"B17001F_SnrPov","Other (Non-Hispanic)",0,0,"Genesee","Pavilion town","New York"
"3603756792",2020,"B17001G_SnrPov","Two or More Races (Non-Hispanic)",0,0,"Genesee","Pavilion town","New York"
"3603756792",2020,"B17001H_SnrPov","White (Non-Hispanic)",24.6913580246914,33.7381810924352,"Genesee","Pavilion town","New York"
"3603756792",2020,"B17001I_SnrPov","Hispanic or Latino (Any Race)",0,0,"Genesee","Pavilion town","New York"
"3603756792",2021,"B17001B_SnrPov","Black (Non-Hispanic)",0,0,"Genesee","Pavilion town","New York"
"3603756792",2021,"B17001C_SnrPov","Native American (Non-Hispanic)",0,0,"Genesee","Pavilion town","New York"
"3603756792",2021,"B17001D_SnrPov","Asian (Non-Hispanic)",0,0,"Genesee","Pavilion town","New York"
"3603756792",2021,"B17001E_SnrPov","Pacific Islander (Non-Hispanic)",0,0,"Genesee","Pavilion town","New York"
"3603756792",2021,"B17001F_SnrPov","Other (Non-Hispanic)",0,0,"Genesee","Pavilion town","New York"
"3603756792",2021,"B17001G_SnrPov","Two or More Races (Non-Hispanic)",0,0,"Genesee","Pavilion town","New York"
"3603756792",2021,"B17001H_SnrPov","White (Non-Hispanic)",18.9873417721519,27.9151781794414,"Genesee","Pavilion town","New York"
"3603756792",2021,"B17001I_SnrPov","Hispanic or Latino (Any Race)",0,0,"Genesee","Pavilion town","New York"
"3603756792",2022,"B17001B_SnrPov","Black (Non-Hispanic)",0,0,"Genesee","Pavilion town","New York"
"3603756792",2022,"B17001C_SnrPov","Native American (Non-Hispanic)",0,0,"Genesee","Pavilion town","New York"
"3603756792",2022,"B17001D_SnrPov","Asian (Non-Hispanic)",0,0,"Genesee","Pavilion town","New York"
"3603756792",2022,"B17001E_SnrPov","Pacific Islander (Non-Hispanic)",0,0,"Genesee","Pavilion town","New York"
"3603756792",2022,"B17001F_SnrPov","Other (Non-Hispanic)",0,0,"Genesee","Pavilion town","New York"
"3603756792",2022,"B17001G_SnrPov","Two or More Races (Non-Hispanic)",0,0,"Genesee","Pavilion town","New York"
"3603756792",2022,"B17001H_SnrPov","White (Non-Hispanic)",17.1052631578947,26.21437554513,"Genesee","Pavilion town","New York"
"3603756792",2022,"B17001I_SnrPov","Hispanic or Latino (Any Race)",0,0,"Genesee","Pavilion town","New York"
"3603756792",2023,"B17001B_SnrPov","Black (Non-Hispanic)",0,0,"Genesee","Pavilion town","New York"
"3603756792",2023,"B17001C_SnrPov","Native American (Non-Hispanic)",0,0,"Genesee","Pavilion town","New York"
"3603756792",2023,"B17001D_SnrPov","Asian (Non-Hispanic)",0,0,"Genesee","Pavilion town","New York"
"3603756792",2023,"B17001E_SnrPov","Pacific Islander (Non-Hispanic)",0,0,"Genesee","Pavilion town","New York"
"3603756792",2023,"B17001F_SnrPov","Other (Non-Hispanic)",0,0,"Genesee","Pavilion town","New York"
"3603756792",2023,"B17001G_SnrPov","Two or More Races (Non-Hispanic)",0,0,"Genesee","Pavilion town","New York"
"3603756792",2023,"B17001H_SnrPov","White (Non-Hispanic)",20.9876543209877,28.0076860811049,"Genesee","Pavilion town","New York"
"3603756792",2023,"B17001I_SnrPov","Hispanic or Latino (Any Race)",0,0,"Genesee","Pavilion town","New York"
"3603756792",2024,"B17001B_SnrPov","Black (Non-Hispanic)",0,0,"Genesee","Pavilion town","New York"
"3603756792",2024,"B17001C_SnrPov","Native American (Non-Hispanic)",0,0,"Genesee","Pavilion town","New York"
"3603756792",2024,"B17001D_SnrPov","Asian (Non-Hispanic)",0,0,"Genesee","Pavilion town","New York"
"3603756792",2024,"B17001E_SnrPov","Pacific Islander (Non-Hispanic)",0,0,"Genesee","Pavilion town","New York"
"3603756792",2024,"B17001F_SnrPov","Other (Non-Hispanic)",0,0,"Genesee","Pavilion town","New York"
"3603756792",2024,"B17001G_SnrPov","Two or More Races (Non-Hispanic)",0,0,"Genesee","Pavilion town","New York"
"3603756792",2024,"B17001H_SnrPov","White (Non-Hispanic)",7.35294117647059,21.8266562228379,"Genesee","Pavilion town","New York"
"3603756792",2024,"B17001I_SnrPov","Hispanic or Latino (Any Race)",0,0,"Genesee","Pavilion town","New York"
"3603757078",2017,"B17001B_SnrPov","Black (Non-Hispanic)",0,0,"Genesee","Pembroke town","New York"
"3603757078",2017,"B17001C_SnrPov","Native American (Non-Hispanic)",0,0,"Genesee","Pembroke town","New York"
"3603757078",2017,"B17001D_SnrPov","Asian (Non-Hispanic)",33.3333333333333,345.339339287112,"Genesee","Pembroke town","New York"
"3603757078",2017,"B17001E_SnrPov","Pacific Islander (Non-Hispanic)",0,0,"Genesee","Pembroke town","New York"
"3603757078",2017,"B17001F_SnrPov","Other (Non-Hispanic)",0,0,"Genesee","Pembroke town","New York"
"3603757078",2017,"B17001G_SnrPov","Two or More Races (Non-Hispanic)",0,0,"Genesee","Pembroke town","New York"
"3603757078",2017,"B17001H_SnrPov","White (Non-Hispanic)",85,107.074448399233,"Genesee","Pembroke town","New York"
"3603757078",2017,"B17001I_SnrPov","Hispanic or Latino (Any Race)",0,0,"Genesee","Pembroke town","New York"
"3603757078",2018,"B17001B_SnrPov","Black (Non-Hispanic)",0,0,"Genesee","Pembroke town","New York"
"3603757078",2018,"B17001C_SnrPov","Native American (Non-Hispanic)",0,0,"Genesee","Pembroke town","New York"
"3603757078",2018,"B17001D_SnrPov","Asian (Non-Hispanic)",66.6666666666667,137.436854187255,"Genesee","Pembroke town","New York"
"3603757078",2018,"B17001E_SnrPov","Pacific Islander (Non-Hispanic)",0,0,"Genesee","Pembroke town","New York"
"3603757078",2018,"B17001F_SnrPov","Other (Non-Hispanic)",0,0,"Genesee","Pembroke town","New York"
"3603757078",2018,"B17001G_SnrPov","Two or More Races (Non-Hispanic)",0,0,"Genesee","Pembroke town","New York"
"3603757078",2018,"B17001H_SnrPov","White (Non-Hispanic)",14.2857142857143,21.1989642427313,"Genesee","Pembroke town","New York"
"3603757078",2018,"B17001I_SnrPov","Hispanic or Latino (Any Race)",0,0,"Genesee","Pembroke town","New York"
"3603757078",2019,"B17001B_SnrPov","Black (Non-Hispanic)",0,0,"Genesee","Pembroke town","New York"
"3603757078",2019,"B17001C_SnrPov","Native American (Non-Hispanic)",0,0,"Genesee","Pembroke town","New York"
"3603757078",2019,"B17001D_SnrPov","Asian (Non-Hispanic)",50,218.660696056699,"Genesee","Pembroke town","New York"
"3603757078",2019,"B17001E_SnrPov","Pacific Islander (Non-Hispanic)",0,0,"Genesee","Pembroke town","New York"
"3603757078",2019,"B17001F_SnrPov","Other (Non-Hispanic)",0,0,"Genesee","Pembroke town","New York"
"3603757078",2019,"B17001G_SnrPov","Two or More Races (Non-Hispanic)",0,0,"Genesee","Pembroke town","New York"
"3603757078",2019,"B17001H_SnrPov","White (Non-Hispanic)",12.3456790123457,16.4179541476577,"Genesee","Pembroke town","New York"
"3603757078",2019,"B17001I_SnrPov","Hispanic or Latino (Any Race)",0,0,"Genesee","Pembroke town","New York"
"3603757078",2020,"B17001B_SnrPov","Black (Non-Hispanic)",0,0,"Genesee","Pembroke town","New York"
"3603757078",2020,"B17001C_SnrPov","Native American (Non-Hispanic)",0,0,"Genesee","Pembroke town","New York"
"3603757078",2020,"B17001D_SnrPov","Asian (Non-Hispanic)",66.6666666666667,124.225998749988,"Genesee","Pembroke town","New York"
"3603757078",2020,"B17001E_SnrPov","Pacific Islander (Non-Hispanic)",0,0,"Genesee","Pembroke town","New York"
"3603757078",2020,"B17001F_SnrPov","Other (Non-Hispanic)",0,0,"Genesee","Pembroke town","New York"
"3603757078",2020,"B17001G_SnrPov","Two or More Races (Non-Hispanic)",0,0,"Genesee","Pembroke town","New York"
"3603757078",2020,"B17001H_SnrPov","White (Non-Hispanic)",33.5766423357664,28.7896302460092,"Genesee","Pembroke town","New York"
"3603757078",2020,"B17001I_SnrPov","Hispanic or Latino (Any Race)",0,0,"Genesee","Pembroke town","New York"
"3603757078",2021,"B17001B_SnrPov","Black (Non-Hispanic)",0,0,"Genesee","Pembroke town","New York"
"3603757078",2021,"B17001C_SnrPov","Native American (Non-Hispanic)",0,0,"Genesee","Pembroke town","New York"
"3603757078",2021,"B17001D_SnrPov","Asian (Non-Hispanic)",0,0,"Genesee","Pembroke town","New York"
"3603757078",2021,"B17001E_SnrPov","Pacific Islander (Non-Hispanic)",0,0,"Genesee","Pembroke town","New York"
"3603757078",2021,"B17001F_SnrPov","Other (Non-Hispanic)",0,0,"Genesee","Pembroke town","New York"
"3603757078",2021,"B17001G_SnrPov","Two or More Races (Non-Hispanic)",0,0,"Genesee","Pembroke town","New York"
"3603757078",2021,"B17001H_SnrPov","White (Non-Hispanic)",25.7668711656442,22.7689725825969,"Genesee","Pembroke town","New York"
"3603757078",2021,"B17001I_SnrPov","Hispanic or Latino (Any Race)",0,0,"Genesee","Pembroke town","New York"
"3603757078",2022,"B17001B_SnrPov","Black (Non-Hispanic)",0,0,"Genesee","Pembroke town","New York"
"3603757078",2022,"B17001C_SnrPov","Native American (Non-Hispanic)",0,0,"Genesee","Pembroke town","New York"
"3603757078",2022,"B17001D_SnrPov","Asian (Non-Hispanic)",0,0,"Genesee","Pembroke town","New York"
"3603757078",2022,"B17001E_SnrPov","Pacific Islander (Non-Hispanic)",0,0,"Genesee","Pembroke town","New York"
"3603757078",2022,"B17001F_SnrPov","Other (Non-Hispanic)",0,0,"Genesee","Pembroke town","New York"
"3603757078",2022,"B17001G_SnrPov","Two or More Races (Non-Hispanic)",0,0,"Genesee","Pembroke town","New York"
"3603757078",2022,"B17001H_SnrPov","White (Non-Hispanic)",24.1379310344828,20.9192343594669,"Genesee","Pembroke town","New York"
"3603757078",2022,"B17001I_SnrPov","Hispanic or Latino (Any Race)",0,0,"Genesee","Pembroke town","New York"
"3603757078",2023,"B17001B_SnrPov","Black (Non-Hispanic)",0,0,"Genesee","Pembroke town","New York"
"3603757078",2023,"B17001C_SnrPov","Native American (Non-Hispanic)",0,0,"Genesee","Pembroke town","New York"
"3603757078",2023,"B17001D_SnrPov","Asian (Non-Hispanic)",0,0,"Genesee","Pembroke town","New York"
"3603757078",2023,"B17001E_SnrPov","Pacific Islander (Non-Hispanic)",0,0,"Genesee","Pembroke town","New York"
"3603757078",2023,"B17001F_SnrPov","Other (Non-Hispanic)",0,0,"Genesee","Pembroke town","New York"
"3603757078",2023,"B17001G_SnrPov","Two or More Races (Non-Hispanic)",0,0,"Genesee","Pembroke town","New York"
"3603757078",2023,"B17001H_SnrPov","White (Non-Hispanic)",32.1917808219178,26.9003371306524,"Genesee","Pembroke town","New York"
"3603757078",2023,"B17001I_SnrPov","Hispanic or Latino (Any Race)",0,0,"Genesee","Pembroke town","New York"
"3603757078",2024,"B17001B_SnrPov","Black (Non-Hispanic)",0,0,"Genesee","Pembroke town","New York"
"3603757078",2024,"B17001C_SnrPov","Native American (Non-Hispanic)",0,0,"Genesee","Pembroke town","New York"
"3603757078",2024,"B17001D_SnrPov","Asian (Non-Hispanic)",0,0,"Genesee","Pembroke town","New York"
"3603757078",2024,"B17001E_SnrPov","Pacific Islander (Non-Hispanic)",0,0,"Genesee","Pembroke town","New York"
"3603757078",2024,"B17001F_SnrPov","Other (Non-Hispanic)",0,0,"Genesee","Pembroke town","New York"
"3603757078",2024,"B17001G_SnrPov","Two or More Races (Non-Hispanic)",0,0,"Genesee","Pembroke town","New York"
"3603757078",2024,"B17001H_SnrPov","White (Non-Hispanic)",32.7868852459016,28.9128239343235,"Genesee","Pembroke town","New York"
"3603757078",2024,"B17001I_SnrPov","Hispanic or Latino (Any Race)",0,0,"Genesee","Pembroke town","New York"
"3603770607",2017,"B17001B_SnrPov","Black (Non-Hispanic)",0,0,"Genesee","Stafford town","New York"
"3603770607",2017,"B17001C_SnrPov","Native American (Non-Hispanic)",0,0,"Genesee","Stafford town","New York"
"3603770607",2017,"B17001D_SnrPov","Asian (Non-Hispanic)",0,0,"Genesee","Stafford town","New York"
"3603770607",2017,"B17001E_SnrPov","Pacific Islander (Non-Hispanic)",0,0,"Genesee","Stafford town","New York"
"3603770607",2017,"B17001F_SnrPov","Other (Non-Hispanic)",0,0,"Genesee","Stafford town","New York"
"3603770607",2017,"B17001G_SnrPov","Two or More Races (Non-Hispanic)",0,0,"Genesee","Stafford town","New York"
"3603770607",2017,"B17001H_SnrPov","White (Non-Hispanic)",29.6875,31.6752397493534,"Genesee","Stafford town","New York"
"3603770607",2017,"B17001I_SnrPov","Hispanic or Latino (Any Race)",0,0,"Genesee","Stafford town","New York"
"3603770607",2018,"B17001B_SnrPov","Black (Non-Hispanic)",0,0,"Genesee","Stafford town","New York"
"3603770607",2018,"B17001C_SnrPov","Native American (Non-Hispanic)",0,0,"Genesee","Stafford town","New York"
"3603770607",2018,"B17001D_SnrPov","Asian (Non-Hispanic)",0,0,"Genesee","Stafford town","New York"
"3603770607",2018,"B17001E_SnrPov","Pacific Islander (Non-Hispanic)",0,0,"Genesee","Stafford town","New York"
"3603770607",2018,"B17001F_SnrPov","Other (Non-Hispanic)",0,0,"Genesee","Stafford town","New York"
"3603770607",2018,"B17001G_SnrPov","Two or More Races (Non-Hispanic)",0,0,"Genesee","Stafford town","New York"
"3603770607",2018,"B17001H_SnrPov","White (Non-Hispanic)",33.9622641509434,35.5268029345449,"Genesee","Stafford town","New York"
"3603770607",2018,"B17001I_SnrPov","Hispanic or Latino (Any Race)",0,0,"Genesee","Stafford town","New York"
"3603770607",2019,"B17001B_SnrPov","Black (Non-Hispanic)",0,0,"Genesee","Stafford town","New York"
"3603770607",2019,"B17001C_SnrPov","Native American (Non-Hispanic)",100,2416.60919471891,"Genesee","Stafford town","New York"
"3603770607",2019,"B17001D_SnrPov","Asian (Non-Hispanic)",0,0,"Genesee","Stafford town","New York"
"3603770607",2019,"B17001E_SnrPov","Pacific Islander (Non-Hispanic)",0,0,"Genesee","Stafford town","New York"
"3603770607",2019,"B17001F_SnrPov","Other (Non-Hispanic)",0,0,"Genesee","Stafford town","New York"
"3603770607",2019,"B17001G_SnrPov","Two or More Races (Non-Hispanic)",0,0,"Genesee","Stafford town","New York"
"3603770607",2019,"B17001H_SnrPov","White (Non-Hispanic)",3.33333333333333,40.4603143467403,"Genesee","Stafford town","New York"
"3603770607",2019,"B17001I_SnrPov","Hispanic or Latino (Any Race)",0,0,"Genesee","Stafford town","New York"
"3603770607",2020,"B17001B_SnrPov","Black (Non-Hispanic)",0,0,"Genesee","Stafford town","New York"
"3603770607",2020,"B17001C_SnrPov","Native American (Non-Hispanic)",100,2416.60919471891,"Genesee","Stafford town","New York"
"3603770607",2020,"B17001D_SnrPov","Asian (Non-Hispanic)",0,0,"Genesee","Stafford town","New York"
"3603770607",2020,"B17001E_SnrPov","Pacific Islander (Non-Hispanic)",0,0,"Genesee","Stafford town","New York"
"3603770607",2020,"B17001F_SnrPov","Other (Non-Hispanic)",0,0,"Genesee","Stafford town","New York"
"3603770607",2020,"B17001G_SnrPov","Two or More Races (Non-Hispanic)",100,530.659966456864,"Genesee","Stafford town","New York"
"3603770607",2020,"B17001H_SnrPov","White (Non-Hispanic)",54.6875,70.4354588602966,"Genesee","Stafford town","New York"
"3603770607",2020,"B17001I_SnrPov","Hispanic or Latino (Any Race)",0,0,"Genesee","Stafford town","New York"
"3603770607",2021,"B17001B_SnrPov","Black (Non-Hispanic)",0,0,"Genesee","Stafford town","New York"
"3603770607",2021,"B17001C_SnrPov","Native American (Non-Hispanic)",100,2615.3393661244,"Genesee","Stafford town","New York"
"3603770607",2021,"B17001D_SnrPov","Asian (Non-Hispanic)",0,0,"Genesee","Stafford town","New York"
"3603770607",2021,"B17001E_SnrPov","Pacific Islander (Non-Hispanic)",0,0,"Genesee","Stafford town","New York"
"3603770607",2021,"B17001F_SnrPov","Other (Non-Hispanic)",0,0,"Genesee","Stafford town","New York"
"3603770607",2021,"B17001G_SnrPov","Two or More Races (Non-Hispanic)",83.3333333333333,64.8218415503239,"Genesee","Stafford town","New York"
"3603770607",2021,"B17001H_SnrPov","White (Non-Hispanic)",64.2857142857143,77.2069509621729,"Genesee","Stafford town","New York"
"3603770607",2021,"B17001I_SnrPov","Hispanic or Latino (Any Race)",100,267.114207783862,"Genesee","Stafford town","New York"
"3603770607",2022,"B17001B_SnrPov","Black (Non-Hispanic)",0,0,"Genesee","Stafford town","New York"
"3603770607",2022,"B17001C_SnrPov","Native American (Non-Hispanic)",100,2615.3393661244,"Genesee","Stafford town","New York"
"3603770607",2022,"B17001D_SnrPov","Asian (Non-Hispanic)",0,0,"Genesee","Stafford town","New York"
"3603770607",2022,"B17001E_SnrPov","Pacific Islander (Non-Hispanic)",0,0,"Genesee","Stafford town","New York"
"3603770607",2022,"B17001F_SnrPov","Other (Non-Hispanic)",0,0,"Genesee","Stafford town","New York"
"3603770607",2022,"B17001G_SnrPov","Two or More Races (Non-Hispanic)",85,53.9316697312442,"Genesee","Stafford town","New York"
"3603770607",2022,"B17001H_SnrPov","White (Non-Hispanic)",100,235.352812819515,"Genesee","Stafford town","New York"
"3603770607",2022,"B17001I_SnrPov","Hispanic or Latino (Any Race)",100,278.652218407694,"Genesee","Stafford town","New York"
"3603770607",2023,"B17001B_SnrPov","Black (Non-Hispanic)",0,0,"Genesee","Stafford town","New York"
"3603770607",2023,"B17001C_SnrPov","Native American (Non-Hispanic)",100,2634.3879744639,"Genesee","Stafford town","New York"
"3603770607",2023,"B17001D_SnrPov","Asian (Non-Hispanic)",0,0,"Genesee","Stafford town","New York"
"3603770607",2023,"B17001E_SnrPov","Pacific Islander (Non-Hispanic)",0,0,"Genesee","Stafford town","New York"
"3603770607",2023,"B17001F_SnrPov","Other (Non-Hispanic)",0,0,"Genesee","Stafford town","New York"
"3603770607",2023,"B17001G_SnrPov","Two or More Races (Non-Hispanic)",85.1851851851852,56.617399010131,"Genesee","Stafford town","New York"
"3603770607",2023,"B17001H_SnrPov","White (Non-Hispanic)",84.8484848484848,58.5749908599667,"Genesee","Stafford town","New York"
"3603770607",2023,"B17001I_SnrPov","Hispanic or Latino (Any Race)",100,243.089752147728,"Genesee","Stafford town","New York"
"3603770607",2024,"B17001B_SnrPov","Black (Non-Hispanic)",0,0,"Genesee","Stafford town","New York"
"3603770607",2024,"B17001C_SnrPov","Native American (Non-Hispanic)",0,0,"Genesee","Stafford town","New York"
"3603770607",2024,"B17001D_SnrPov","Asian (Non-Hispanic)",0,0,"Genesee","Stafford town","New York"
"3603770607",2024,"B17001E_SnrPov","Pacific Islander (Non-Hispanic)",0,0,"Genesee","Stafford town","New York"
"3603770607",2024,"B17001F_SnrPov","Other (Non-Hispanic)",0,0,"Genesee","Stafford town","New York"
"3603770607",2024,"B17001G_SnrPov","Two or More Races (Non-Hispanic)",84.6153846153846,80.6255088202578,"Genesee","Stafford town","New York"
"3603770607",2024,"B17001H_SnrPov","White (Non-Hispanic)",83.8709677419355,63.2384134403274,"Genesee","Stafford town","New York"
"3603770607",2024,"B17001I_SnrPov","Hispanic or Latino (Any Race)",100,310.158583804218,"Genesee","Stafford town","New York"
"3603775011",2017,"B17001B_SnrPov","Black (Non-Hispanic)",0,0,"Genesee","Tonawanda Reservation","New York"
"3603775011",2017,"B17001C_SnrPov","Native American (Non-Hispanic)",32.1428571428571,26.5910993660199,"Genesee","Tonawanda Reservation","New York"
"3603775011",2017,"B17001D_SnrPov","Asian (Non-Hispanic)",100,471.593044902064,"Genesee","Tonawanda Reservation","New York"
"3603775011",2017,"B17001E_SnrPov","Pacific Islander (Non-Hispanic)",0,0,"Genesee","Tonawanda Reservation","New York"
"3603775011",2017,"B17001F_SnrPov","Other (Non-Hispanic)",0,0,"Genesee","Tonawanda Reservation","New York"
"3603775011",2017,"B17001G_SnrPov","Two or More Races (Non-Hispanic)",0,0,"Genesee","Tonawanda Reservation","New York"
"3603775011",2017,"B17001H_SnrPov","White (Non-Hispanic)",100,392.994204085053,"Genesee","Tonawanda Reservation","New York"
"3603775011",2017,"B17001I_SnrPov","Hispanic or Latino (Any Race)",0,0,"Genesee","Tonawanda Reservation","New York"
"3603775011",2018,"B17001B_SnrPov","Black (Non-Hispanic)",0,0,"Genesee","Tonawanda Reservation","New York"
"3603775011",2018,"B17001C_SnrPov","Native American (Non-Hispanic)",60,51.8706082478314,"Genesee","Tonawanda Reservation","New York"
"3603775011",2018,"B17001D_SnrPov","Asian (Non-Hispanic)",100,625.49980015984,"Genesee","Tonawanda Reservation","New York"
"3603775011",2018,"B17001E_SnrPov","Pacific Islander (Non-Hispanic)",0,0,"Genesee","Tonawanda Reservation","New York"
"3603775011",2018,"B17001F_SnrPov","Other (Non-Hispanic)",0,0,"Genesee","Tonawanda Reservation","New York"
"3603775011",2018,"B17001G_SnrPov","Two or More Races (Non-Hispanic)",0,0,"Genesee","Tonawanda Reservation","New York"
"3603775011",2018,"B17001H_SnrPov","White (Non-Hispanic)",0,0,"Genesee","Tonawanda Reservation","New York"
"3603775011",2018,"B17001I_SnrPov","Hispanic or Latino (Any Race)",0,0,"Genesee","Tonawanda Reservation","New York"
"3603775011",2019,"B17001B_SnrPov","Black (Non-Hispanic)",0,0,"Genesee","Tonawanda Reservation","New York"
"3603775011",2019,"B17001C_SnrPov","Native American (Non-Hispanic)",67.8571428571429,40.7961924192692,"Genesee","Tonawanda Reservation","New York"
"3603775011",2019,"B17001D_SnrPov","Asian (Non-Hispanic)",0,0,"Genesee","Tonawanda Reservation","New York"
"3603775011",2019,"B17001E_SnrPov","Pacific Islander (Non-Hispanic)",0,0,"Genesee","Tonawanda Reservation","New York"
"3603775011",2019,"B17001F_SnrPov","Other (Non-Hispanic)",0,0,"Genesee","Tonawanda Reservation","New York"
"3603775011",2019,"B17001G_SnrPov","Two or More Races (Non-Hispanic)",0,0,"Genesee","Tonawanda Reservation","New York"
"3603775011",2019,"B17001H_SnrPov","White (Non-Hispanic)",0,0,"Genesee","Tonawanda Reservation","New York"
"3603775011",2019,"B17001I_SnrPov","Hispanic or Latino (Any Race)",0,0,"Genesee","Tonawanda Reservation","New York"
"3603775011",2020,"B17001B_SnrPov","Black (Non-Hispanic)",0,0,"Genesee","Tonawanda Reservation","New York"
"3603775011",2020,"B17001C_SnrPov","Native American (Non-Hispanic)",100,144.111068277215,"Genesee","Tonawanda Reservation","New York"
"3603775011",2020,"B17001D_SnrPov","Asian (Non-Hispanic)",0,0,"Genesee","Tonawanda Reservation","New York"
"3603775011",2020,"B17001E_SnrPov","Pacific Islander (Non-Hispanic)",0,0,"Genesee","Tonawanda Reservation","New York"
"3603775011",2020,"B17001F_SnrPov","Other (Non-Hispanic)",0,0,"Genesee","Tonawanda Reservation","New York"
"3603775011",2020,"B17001G_SnrPov","Two or More Races (Non-Hispanic)",0,0,"Genesee","Tonawanda Reservation","New York"
"3603775011",2020,"B17001H_SnrPov","White (Non-Hispanic)",0,0,"Genesee","Tonawanda Reservation","New York"
"3603775011",2020,"B17001I_SnrPov","Hispanic or Latino (Any Race)",0,0,"Genesee","Tonawanda Reservation","New York"
"3603775011",2021,"B17001B_SnrPov","Black (Non-Hispanic)",0,0,"Genesee","Tonawanda Reservation","New York"
"3603775011",2021,"B17001C_SnrPov","Native American (Non-Hispanic)",54.1666666666667,55.7818740887383,"Genesee","Tonawanda Reservation","New York"
"3603775011",2021,"B17001D_SnrPov","Asian (Non-Hispanic)",0,0,"Genesee","Tonawanda Reservation","New York"
"3603775011",2021,"B17001E_SnrPov","Pacific Islander (Non-Hispanic)",0,0,"Genesee","Tonawanda Reservation","New York"
"3603775011",2021,"B17001F_SnrPov","Other (Non-Hispanic)",0,0,"Genesee","Tonawanda Reservation","New York"
"3603775011",2021,"B17001G_SnrPov","Two or More Races (Non-Hispanic)",0,0,"Genesee","Tonawanda Reservation","New York"
"3603775011",2021,"B17001H_SnrPov","White (Non-Hispanic)",0,0,"Genesee","Tonawanda Reservation","New York"
"3603775011",2021,"B17001I_SnrPov","Hispanic or Latino (Any Race)",0,0,"Genesee","Tonawanda Reservation","New York"
"3603775011",2022,"B17001B_SnrPov","Black (Non-Hispanic)",0,0,"Genesee","Tonawanda Reservation","New York"
"3603775011",2022,"B17001C_SnrPov","Native American (Non-Hispanic)",50,61.2882533606563,"Genesee","Tonawanda Reservation","New York"
"3603775011",2022,"B17001D_SnrPov","Asian (Non-Hispanic)",0,0,"Genesee","Tonawanda Reservation","New York"
"3603775011",2022,"B17001E_SnrPov","Pacific Islander (Non-Hispanic)",0,0,"Genesee","Tonawanda Reservation","New York"
"3603775011",2022,"B17001F_SnrPov","Other (Non-Hispanic)",0,0,"Genesee","Tonawanda Reservation","New York"
"3603775011",2022,"B17001G_SnrPov","Two or More Races (Non-Hispanic)",0,0,"Genesee","Tonawanda Reservation","New York"
"3603775011",2022,"B17001H_SnrPov","White (Non-Hispanic)",0,0,"Genesee","Tonawanda Reservation","New York"
"3603775011",2022,"B17001I_SnrPov","Hispanic or Latino (Any Race)",0,0,"Genesee","Tonawanda Reservation","New York"
"3603775011",2023,"B17001B_SnrPov","Black (Non-Hispanic)",0,0,"Genesee","Tonawanda Reservation","New York"
"3603775011",2023,"B17001C_SnrPov","Native American (Non-Hispanic)",38.0952380952381,63.4312958308361,"Genesee","Tonawanda Reservation","New York"
"3603775011",2023,"B17001D_SnrPov","Asian (Non-Hispanic)",0,0,"Genesee","Tonawanda Reservation","New York"
"3603775011",2023,"B17001E_SnrPov","Pacific Islander (Non-Hispanic)",0,0,"Genesee","Tonawanda Reservation","New York"
"3603775011",2023,"B17001F_SnrPov","Other (Non-Hispanic)",0,0,"Genesee","Tonawanda Reservation","New York"
"3603775011",2023,"B17001G_SnrPov","Two or More Races (Non-Hispanic)",0,0,"Genesee","Tonawanda Reservation","New York"
"3603775011",2023,"B17001H_SnrPov","White (Non-Hispanic)",0,0,"Genesee","Tonawanda Reservation","New York"
"3603775011",2023,"B17001I_SnrPov","Hispanic or Latino (Any Race)",0,0,"Genesee","Tonawanda Reservation","New York"
"3603775011",2024,"B17001B_SnrPov","Black (Non-Hispanic)",0,0,"Genesee","Tonawanda Reservation","New York"
"3603775011",2024,"B17001C_SnrPov","Native American (Non-Hispanic)",46.1538461538462,92.86171172011,"Genesee","Tonawanda Reservation","New York"
"3603775011",2024,"B17001D_SnrPov","Asian (Non-Hispanic)",0,0,"Genesee","Tonawanda Reservation","New York"
"3603775011",2024,"B17001E_SnrPov","Pacific Islander (Non-Hispanic)",0,0,"Genesee","Tonawanda Reservation","New York"
"3603775011",2024,"B17001F_SnrPov","Other (Non-Hispanic)",0,0,"Genesee","Tonawanda Reservation","New York"
"3603775011",2024,"B17001G_SnrPov","Two or More Races (Non-Hispanic)",0,0,"Genesee","Tonawanda Reservation","New York"
"3603775011",2024,"B17001H_SnrPov","White (Non-Hispanic)",0,0,"Genesee","Tonawanda Reservation","New York"
"3603775011",2024,"B17001I_SnrPov","Hispanic or Latino (Any Race)",0,0,"Genesee","Tonawanda Reservation","New York"
"3605103364",2017,"B17001B_SnrPov","Black (Non-Hispanic)",0,0,"Livingston","Avon town","New York"
"3605103364",2017,"B17001C_SnrPov","Native American (Non-Hispanic)",0,0,"Livingston","Avon town","New York"
"3605103364",2017,"B17001D_SnrPov","Asian (Non-Hispanic)",0,0,"Livingston","Avon town","New York"
"3605103364",2017,"B17001E_SnrPov","Pacific Islander (Non-Hispanic)",0,0,"Livingston","Avon town","New York"
"3605103364",2017,"B17001F_SnrPov","Other (Non-Hispanic)",0,0,"Livingston","Avon town","New York"
"3605103364",2017,"B17001G_SnrPov","Two or More Races (Non-Hispanic)",0,0,"Livingston","Avon town","New York"
"3605103364",2017,"B17001H_SnrPov","White (Non-Hispanic)",17.7083333333333,30.9642832131664,"Livingston","Avon town","New York"
"3605103364",2017,"B17001I_SnrPov","Hispanic or Latino (Any Race)",0,0,"Livingston","Avon town","New York"
"3605103364",2018,"B17001B_SnrPov","Black (Non-Hispanic)",0,0,"Livingston","Avon town","New York"
"3605103364",2018,"B17001C_SnrPov","Native American (Non-Hispanic)",0,0,"Livingston","Avon town","New York"
"3605103364",2018,"B17001D_SnrPov","Asian (Non-Hispanic)",0,0,"Livingston","Avon town","New York"
"3605103364",2018,"B17001E_SnrPov","Pacific Islander (Non-Hispanic)",0,0,"Livingston","Avon town","New York"
"3605103364",2018,"B17001F_SnrPov","Other (Non-Hispanic)",0,0,"Livingston","Avon town","New York"
"3605103364",2018,"B17001G_SnrPov","Two or More Races (Non-Hispanic)",0,0,"Livingston","Avon town","New York"
"3605103364",2018,"B17001H_SnrPov","White (Non-Hispanic)",21.5686274509804,24.0949044566743,"Livingston","Avon town","New York"
"3605103364",2018,"B17001I_SnrPov","Hispanic or Latino (Any Race)",0,0,"Livingston","Avon town","New York"
"3605103364",2019,"B17001B_SnrPov","Black (Non-Hispanic)",0,0,"Livingston","Avon town","New York"
"3605103364",2019,"B17001C_SnrPov","Native American (Non-Hispanic)",50,60.7142857142857,"Livingston","Avon town","New York"
"3605103364",2019,"B17001D_SnrPov","Asian (Non-Hispanic)",0,0,"Livingston","Avon town","New York"
"3605103364",2019,"B17001E_SnrPov","Pacific Islander (Non-Hispanic)",0,0,"Livingston","Avon town","New York"
"3605103364",2019,"B17001F_SnrPov","Other (Non-Hispanic)",0,0,"Livingston","Avon town","New York"
"3605103364",2019,"B17001G_SnrPov","Two or More Races (Non-Hispanic)",0,0,"Livingston","Avon town","New York"
"3605103364",2019,"B17001H_SnrPov","White (Non-Hispanic)",34.0659340659341,25.7303342982194,"Livingston","Avon town","New York"
"3605103364",2019,"B17001I_SnrPov","Hispanic or Latino (Any Race)",0,0,"Livingston","Avon town","New York"
"3605103364",2020,"B17001B_SnrPov","Black (Non-Hispanic)",0,0,"Livingston","Avon town","New York"
"3605103364",2020,"B17001C_SnrPov","Native American (Non-Hispanic)",50,45.3708938146491,"Livingston","Avon town","New York"
"3605103364",2020,"B17001D_SnrPov","Asian (Non-Hispanic)",0,0,"Livingston","Avon town","New York"
"3605103364",2020,"B17001E_SnrPov","Pacific Islander (Non-Hispanic)",0,0,"Livingston","Avon town","New York"
"3605103364",2020,"B17001F_SnrPov","Other (Non-Hispanic)",0,0,"Livingston","Avon town","New York"
"3605103364",2020,"B17001G_SnrPov","Two or More Races (Non-Hispanic)",0,0,"Livingston","Avon town","New York"
"3605103364",2020,"B17001H_SnrPov","White (Non-Hispanic)",45.6140350877193,27.2625809330566,"Livingston","Avon town","New York"
"3605103364",2020,"B17001I_SnrPov","Hispanic or Latino (Any Race)",0,0,"Livingston","Avon town","New York"
"3605103364",2021,"B17001B_SnrPov","Black (Non-Hispanic)",0,0,"Livingston","Avon town","New York"
"3605103364",2021,"B17001C_SnrPov","Native American (Non-Hispanic)",53.8461538461538,106.876420401189,"Livingston","Avon town","New York"
"3605103364",2021,"B17001D_SnrPov","Asian (Non-Hispanic)",0,0,"Livingston","Avon town","New York"
"3605103364",2021,"B17001E_SnrPov","Pacific Islander (Non-Hispanic)",0,0,"Livingston","Avon town","New York"
"3605103364",2021,"B17001F_SnrPov","Other (Non-Hispanic)",0,848.528137423857,"Livingston","Avon town","New York"
"3605103364",2021,"B17001G_SnrPov","Two or More Races (Non-Hispanic)",0,0,"Livingston","Avon town","New York"
"3605103364",2021,"B17001H_SnrPov","White (Non-Hispanic)",38.8888888888889,14.0163157378293,"Livingston","Avon town","New York"
"3605103364",2021,"B17001I_SnrPov","Hispanic or Latino (Any Race)",0,848.528137423857,"Livingston","Avon town","New York"
"3605103364",2022,"B17001B_SnrPov","Black (Non-Hispanic)",0,0,"Livingston","Avon town","New York"
"3605103364",2022,"B17001C_SnrPov","Native American (Non-Hispanic)",54.5454545454545,117.512408028135,"Livingston","Avon town","New York"
"3605103364",2022,"B17001D_SnrPov","Asian (Non-Hispanic)",0,0,"Livingston","Avon town","New York"
"3605103364",2022,"B17001E_SnrPov","Pacific Islander (Non-Hispanic)",0,0,"Livingston","Avon town","New York"
"3605103364",2022,"B17001F_SnrPov","Other (Non-Hispanic)",0,1343.50288425444,"Livingston","Avon town","New York"
"3605103364",2022,"B17001G_SnrPov","Two or More Races (Non-Hispanic)",0,0,"Livingston","Avon town","New York"
"3605103364",2022,"B17001H_SnrPov","White (Non-Hispanic)",38.9937106918239,14.0397267778976,"Livingston","Avon town","New York"
"3605103364",2022,"B17001I_SnrPov","Hispanic or Latino (Any Race)",0,1343.50288425444,"Livingston","Avon town","New York"
"3605103364",2023,"B17001B_SnrPov","Black (Non-Hispanic)",0,0,"Livingston","Avon town","New York"
"3605103364",2023,"B17001C_SnrPov","Native American (Non-Hispanic)",58.3333333333333,99.0210571196168,"Livingston","Avon town","New York"
"3605103364",2023,"B17001D_SnrPov","Asian (Non-Hispanic)",0,0,"Livingston","Avon town","New York"
"3605103364",2023,"B17001E_SnrPov","Pacific Islander (Non-Hispanic)",0,0,"Livingston","Avon town","New York"
"3605103364",2023,"B17001F_SnrPov","Other (Non-Hispanic)",0,1343.50288425444,"Livingston","Avon town","New York"
"3605103364",2023,"B17001G_SnrPov","Two or More Races (Non-Hispanic)",0,0,"Livingston","Avon town","New York"
"3605103364",2023,"B17001H_SnrPov","White (Non-Hispanic)",36.3157894736842,16.3242924478123,"Livingston","Avon town","New York"
"3605103364",2023,"B17001I_SnrPov","Hispanic or Latino (Any Race)",0,1343.50288425444,"Livingston","Avon town","New York"
"3605103364",2024,"B17001B_SnrPov","Black (Non-Hispanic)",0,0,"Livingston","Avon town","New York"
"3605103364",2024,"B17001C_SnrPov","Native American (Non-Hispanic)",0,0,"Livingston","Avon town","New York"
"3605103364",2024,"B17001D_SnrPov","Asian (Non-Hispanic)",0,0,"Livingston","Avon town","New York"
"3605103364",2024,"B17001E_SnrPov","Pacific Islander (Non-Hispanic)",0,0,"Livingston","Avon town","New York"
"3605103364",2024,"B17001F_SnrPov","Other (Non-Hispanic)",0,1343.50288425444,"Livingston","Avon town","New York"
"3605103364",2024,"B17001G_SnrPov","Two or More Races (Non-Hispanic)",100,981.707695803593,"Livingston","Avon town","New York"
"3605103364",2024,"B17001H_SnrPov","White (Non-Hispanic)",29.746835443038,16.8527933291462,"Livingston","Avon town","New York"
"3605103364",2024,"B17001I_SnrPov","Hispanic or Latino (Any Race)",0,1343.50288425444,"Livingston","Avon town","New York"
"3605111715",2017,"B17001B_SnrPov","Black (Non-Hispanic)",0,0,"Livingston","Caledonia town","New York"
"3605111715",2017,"B17001C_SnrPov","Native American (Non-Hispanic)",0,0,"Livingston","Caledonia town","New York"
"3605111715",2017,"B17001D_SnrPov","Asian (Non-Hispanic)",0,0,"Livingston","Caledonia town","New York"
"3605111715",2017,"B17001E_SnrPov","Pacific Islander (Non-Hispanic)",0,0,"Livingston","Caledonia town","New York"
"3605111715",2017,"B17001F_SnrPov","Other (Non-Hispanic)",0,0,"Livingston","Caledonia town","New York"
"3605111715",2017,"B17001G_SnrPov","Two or More Races (Non-Hispanic)",0,0,"Livingston","Caledonia town","New York"
"3605111715",2017,"B17001H_SnrPov","White (Non-Hispanic)",35.2941176470588,77.3795575973185,"Livingston","Caledonia town","New York"
"3605111715",2017,"B17001I_SnrPov","Hispanic or Latino (Any Race)",0,0,"Livingston","Caledonia town","New York"
"3605111715",2018,"B17001B_SnrPov","Black (Non-Hispanic)",0,0,"Livingston","Caledonia town","New York"
"3605111715",2018,"B17001C_SnrPov","Native American (Non-Hispanic)",0,0,"Livingston","Caledonia town","New York"
"3605111715",2018,"B17001D_SnrPov","Asian (Non-Hispanic)",0,0,"Livingston","Caledonia town","New York"
"3605111715",2018,"B17001E_SnrPov","Pacific Islander (Non-Hispanic)",0,0,"Livingston","Caledonia town","New York"
"3605111715",2018,"B17001F_SnrPov","Other (Non-Hispanic)",0,0,"Livingston","Caledonia town","New York"
"3605111715",2018,"B17001G_SnrPov","Two or More Races (Non-Hispanic)",0,0,"Livingston","Caledonia town","New York"
"3605111715",2018,"B17001H_SnrPov","White (Non-Hispanic)",44.4444444444444,75.9660638661779,"Livingston","Caledonia town","New York"
"3605111715",2018,"B17001I_SnrPov","Hispanic or Latino (Any Race)",0,0,"Livingston","Caledonia town","New York"
"3605111715",2019,"B17001B_SnrPov","Black (Non-Hispanic)",0,0,"Livingston","Caledonia town","New York"
"3605111715",2019,"B17001C_SnrPov","Native American (Non-Hispanic)",0,0,"Livingston","Caledonia town","New York"
"3605111715",2019,"B17001D_SnrPov","Asian (Non-Hispanic)",0,0,"Livingston","Caledonia town","New York"
"3605111715",2019,"B17001E_SnrPov","Pacific Islander (Non-Hispanic)",0,0,"Livingston","Caledonia town","New York"
"3605111715",2019,"B17001F_SnrPov","Other (Non-Hispanic)",0,0,"Livingston","Caledonia town","New York"
"3605111715",2019,"B17001G_SnrPov","Two or More Races (Non-Hispanic)",0,0,"Livingston","Caledonia town","New York"
"3605111715",2019,"B17001H_SnrPov","White (Non-Hispanic)",35.1351351351351,42.2672695562988,"Livingston","Caledonia town","New York"
"3605111715",2019,"B17001I_SnrPov","Hispanic or Latino (Any Race)",0,0,"Livingston","Caledonia town","New York"
"3605111715",2020,"B17001B_SnrPov","Black (Non-Hispanic)",0,0,"Livingston","Caledonia town","New York"
"3605111715",2020,"B17001C_SnrPov","Native American (Non-Hispanic)",0,0,"Livingston","Caledonia town","New York"
"3605111715",2020,"B17001D_SnrPov","Asian (Non-Hispanic)",0,0,"Livingston","Caledonia town","New York"
"3605111715",2020,"B17001E_SnrPov","Pacific Islander (Non-Hispanic)",0,0,"Livingston","Caledonia town","New York"
"3605111715",2020,"B17001F_SnrPov","Other (Non-Hispanic)",0,0,"Livingston","Caledonia town","New York"
"3605111715",2020,"B17001G_SnrPov","Two or More Races (Non-Hispanic)",0,0,"Livingston","Caledonia town","New York"
"3605111715",2020,"B17001H_SnrPov","White (Non-Hispanic)",53.8461538461538,56.3909430255778,"Livingston","Caledonia town","New York"
"3605111715",2020,"B17001I_SnrPov","Hispanic or Latino (Any Race)",0,0,"Livingston","Caledonia town","New York"
"3605111715",2021,"B17001B_SnrPov","Black (Non-Hispanic)",0,0,"Livingston","Caledonia town","New York"
"3605111715",2021,"B17001C_SnrPov","Native American (Non-Hispanic)",0,0,"Livingston","Caledonia town","New York"
"3605111715",2021,"B17001D_SnrPov","Asian (Non-Hispanic)",0,0,"Livingston","Caledonia town","New York"
"3605111715",2021,"B17001E_SnrPov","Pacific Islander (Non-Hispanic)",0,0,"Livingston","Caledonia town","New York"
"3605111715",2021,"B17001F_SnrPov","Other (Non-Hispanic)",0,0,"Livingston","Caledonia town","New York"
"3605111715",2021,"B17001G_SnrPov","Two or More Races (Non-Hispanic)",0,0,"Livingston","Caledonia town","New York"
"3605111715",2021,"B17001H_SnrPov","White (Non-Hispanic)",54.1666666666667,55.0537504346552,"Livingston","Caledonia town","New York"
"3605111715",2021,"B17001I_SnrPov","Hispanic or Latino (Any Race)",0,0,"Livingston","Caledonia town","New York"
"3605111715",2022,"B17001B_SnrPov","Black (Non-Hispanic)",0,0,"Livingston","Caledonia town","New York"
"3605111715",2022,"B17001C_SnrPov","Native American (Non-Hispanic)",0,0,"Livingston","Caledonia town","New York"
"3605111715",2022,"B17001D_SnrPov","Asian (Non-Hispanic)",0,0,"Livingston","Caledonia town","New York"
"3605111715",2022,"B17001E_SnrPov","Pacific Islander (Non-Hispanic)",0,0,"Livingston","Caledonia town","New York"
"3605111715",2022,"B17001F_SnrPov","Other (Non-Hispanic)",0,0,"Livingston","Caledonia town","New York"
"3605111715",2022,"B17001G_SnrPov","Two or More Races (Non-Hispanic)",0,0,"Livingston","Caledonia town","New York"
"3605111715",2022,"B17001H_SnrPov","White (Non-Hispanic)",31.25,47.4355231023811,"Livingston","Caledonia town","New York"
"3605111715",2022,"B17001I_SnrPov","Hispanic or Latino (Any Race)",0,0,"Livingston","Caledonia town","New York"
"3605111715",2023,"B17001B_SnrPov","Black (Non-Hispanic)",0,0,"Livingston","Caledonia town","New York"
"3605111715",2023,"B17001C_SnrPov","Native American (Non-Hispanic)",0,0,"Livingston","Caledonia town","New York"
"3605111715",2023,"B17001D_SnrPov","Asian (Non-Hispanic)",0,0,"Livingston","Caledonia town","New York"
"3605111715",2023,"B17001E_SnrPov","Pacific Islander (Non-Hispanic)",0,0,"Livingston","Caledonia town","New York"
"3605111715",2023,"B17001F_SnrPov","Other (Non-Hispanic)",0,0,"Livingston","Caledonia town","New York"
"3605111715",2023,"B17001G_SnrPov","Two or More Races (Non-Hispanic)",0,0,"Livingston","Caledonia town","New York"
"3605111715",2023,"B17001H_SnrPov","White (Non-Hispanic)",33.9622641509434,43.1408880557696,"Livingston","Caledonia town","New York"
"3605111715",2023,"B17001I_SnrPov","Hispanic or Latino (Any Race)",0,0,"Livingston","Caledonia town","New York"
"3605111715",2024,"B17001B_SnrPov","Black (Non-Hispanic)",0,0,"Livingston","Caledonia town","New York"
"3605111715",2024,"B17001C_SnrPov","Native American (Non-Hispanic)",0,0,"Livingston","Caledonia town","New York"
"3605111715",2024,"B17001D_SnrPov","Asian (Non-Hispanic)",0,0,"Livingston","Caledonia town","New York"
"3605111715",2024,"B17001E_SnrPov","Pacific Islander (Non-Hispanic)",0,0,"Livingston","Caledonia town","New York"
"3605111715",2024,"B17001F_SnrPov","Other (Non-Hispanic)",0,0,"Livingston","Caledonia town","New York"
"3605111715",2024,"B17001G_SnrPov","Two or More Races (Non-Hispanic)",0,0,"Livingston","Caledonia town","New York"
"3605111715",2024,"B17001H_SnrPov","White (Non-Hispanic)",33.75,32.3871613862075,"Livingston","Caledonia town","New York"
"3605111715",2024,"B17001I_SnrPov","Hispanic or Latino (Any Race)",0,0,"Livingston","Caledonia town","New York"
"3605117618",2017,"B17001B_SnrPov","Black (Non-Hispanic)",0,129.636243217534,"Livingston","Conesus town","New York"
"3605117618",2017,"B17001C_SnrPov","Native American (Non-Hispanic)",0,0,"Livingston","Conesus town","New York"
"3605117618",2017,"B17001D_SnrPov","Asian (Non-Hispanic)",0,0,"Livingston","Conesus town","New York"
"3605117618",2017,"B17001E_SnrPov","Pacific Islander (Non-Hispanic)",0,0,"Livingston","Conesus town","New York"
"3605117618",2017,"B17001F_SnrPov","Other (Non-Hispanic)",0,0,"Livingston","Conesus town","New York"
"3605117618",2017,"B17001G_SnrPov","Two or More Races (Non-Hispanic)",0,0,"Livingston","Conesus town","New York"
"3605117618",2017,"B17001H_SnrPov","White (Non-Hispanic)",67.6470588235294,17.6945938590312,"Livingston","Conesus town","New York"
"3605117618",2017,"B17001I_SnrPov","Hispanic or Latino (Any Race)",100,258.163125651173,"Livingston","Conesus town","New York"
"3605117618",2018,"B17001B_SnrPov","Black (Non-Hispanic)",0,141.421356237309,"Livingston","Conesus town","New York"
"3605117618",2018,"B17001C_SnrPov","Native American (Non-Hispanic)",0,0,"Livingston","Conesus town","New York"
"3605117618",2018,"B17001D_SnrPov","Asian (Non-Hispanic)",0,0,"Livingston","Conesus town","New York"
"3605117618",2018,"B17001E_SnrPov","Pacific Islander (Non-Hispanic)",0,0,"Livingston","Conesus town","New York"
"3605117618",2018,"B17001F_SnrPov","Other (Non-Hispanic)",0,0,"Livingston","Conesus town","New York"
"3605117618",2018,"B17001G_SnrPov","Two or More Races (Non-Hispanic)",0,0,"Livingston","Conesus town","New York"
"3605117618",2018,"B17001H_SnrPov","White (Non-Hispanic)",65.9574468085106,26.1897974904857,"Livingston","Conesus town","New York"
"3605117618",2018,"B17001I_SnrPov","Hispanic or Latino (Any Race)",100,257.240820062005,"Livingston","Conesus town","New York"
"3605117618",2019,"B17001B_SnrPov","Black (Non-Hispanic)",0,94.2809041582063,"Livingston","Conesus town","New York"
"3605117618",2019,"B17001C_SnrPov","Native American (Non-Hispanic)",0,0,"Livingston","Conesus town","New York"
"3605117618",2019,"B17001D_SnrPov","Asian (Non-Hispanic)",0,0,"Livingston","Conesus town","New York"
"3605117618",2019,"B17001E_SnrPov","Pacific Islander (Non-Hispanic)",0,0,"Livingston","Conesus town","New York"
"3605117618",2019,"B17001F_SnrPov","Other (Non-Hispanic)",0,0,"Livingston","Conesus town","New York"
"3605117618",2019,"B17001G_SnrPov","Two or More Races (Non-Hispanic)",0,0,"Livingston","Conesus town","New York"
"3605117618",2019,"B17001H_SnrPov","White (Non-Hispanic)",57.5,21.0326197547999,"Livingston","Conesus town","New York"
"3605117618",2019,"B17001I_SnrPov","Hispanic or Latino (Any Race)",100,274.431230001252,"Livingston","Conesus town","New York"
"3605117618",2020,"B17001B_SnrPov","Black (Non-Hispanic)",0,169.705627484771,"Livingston","Conesus town","New York"
"3605117618",2020,"B17001C_SnrPov","Native American (Non-Hispanic)",0,0,"Livingston","Conesus town","New York"
"3605117618",2020,"B17001D_SnrPov","Asian (Non-Hispanic)",0,0,"Livingston","Conesus town","New York"
"3605117618",2020,"B17001E_SnrPov","Pacific Islander (Non-Hispanic)",0,0,"Livingston","Conesus town","New York"
"3605117618",2020,"B17001F_SnrPov","Other (Non-Hispanic)",0,0,"Livingston","Conesus town","New York"
"3605117618",2020,"B17001G_SnrPov","Two or More Races (Non-Hispanic)",0,169.705627484771,"Livingston","Conesus town","New York"
"3605117618",2020,"B17001H_SnrPov","White (Non-Hispanic)",46.6666666666667,27.8044316567177,"Livingston","Conesus town","New York"
"3605117618",2020,"B17001I_SnrPov","Hispanic or Latino (Any Race)",0,0,"Livingston","Conesus town","New York"
"3605117618",2021,"B17001B_SnrPov","Black (Non-Hispanic)",0,0,"Livingston","Conesus town","New York"
"3605117618",2021,"B17001C_SnrPov","Native American (Non-Hispanic)",0,0,"Livingston","Conesus town","New York"
"3605117618",2021,"B17001D_SnrPov","Asian (Non-Hispanic)",0,0,"Livingston","Conesus town","New York"
"3605117618",2021,"B17001E_SnrPov","Pacific Islander (Non-Hispanic)",0,0,"Livingston","Conesus town","New York"
"3605117618",2021,"B17001F_SnrPov","Other (Non-Hispanic)",0,0,"Livingston","Conesus town","New York"
"3605117618",2021,"B17001G_SnrPov","Two or More Races (Non-Hispanic)",0,204.27529234278,"Livingston","Conesus town","New York"
"3605117618",2021,"B17001H_SnrPov","White (Non-Hispanic)",47.3684210526316,36.4558091442927,"Livingston","Conesus town","New York"
"3605117618",2021,"B17001I_SnrPov","Hispanic or Latino (Any Race)",0,0,"Livingston","Conesus town","New York"
"3605117618",2022,"B17001B_SnrPov","Black (Non-Hispanic)",0,0,"Livingston","Conesus town","New York"
"3605117618",2022,"B17001C_SnrPov","Native American (Non-Hispanic)",0,0,"Livingston","Conesus town","New York"
"3605117618",2022,"B17001D_SnrPov","Asian (Non-Hispanic)",0,0,"Livingston","Conesus town","New York"
"3605117618",2022,"B17001E_SnrPov","Pacific Islander (Non-Hispanic)",0,0,"Livingston","Conesus town","New York"
"3605117618",2022,"B17001F_SnrPov","Other (Non-Hispanic)",0,0,"Livingston","Conesus town","New York"
"3605117618",2022,"B17001G_SnrPov","Two or More Races (Non-Hispanic)",40,83.2452868202025,"Livingston","Conesus town","New York"
"3605117618",2022,"B17001H_SnrPov","White (Non-Hispanic)",0,919.238815542512,"Livingston","Conesus town","New York"
"3605117618",2022,"B17001I_SnrPov","Hispanic or Latino (Any Race)",0,0,"Livingston","Conesus town","New York"
"3605117618",2023,"B17001B_SnrPov","Black (Non-Hispanic)",0,0,"Livingston","Conesus town","New York"
"3605117618",2023,"B17001C_SnrPov","Native American (Non-Hispanic)",0,0,"Livingston","Conesus town","New York"
"3605117618",2023,"B17001D_SnrPov","Asian (Non-Hispanic)",0,0,"Livingston","Conesus town","New York"
"3605117618",2023,"B17001E_SnrPov","Pacific Islander (Non-Hispanic)",0,0,"Livingston","Conesus town","New York"
"3605117618",2023,"B17001F_SnrPov","Other (Non-Hispanic)",0,0,"Livingston","Conesus town","New York"
"3605117618",2023,"B17001G_SnrPov","Two or More Races (Non-Hispanic)",25,105.099985463579,"Livingston","Conesus town","New York"
"3605117618",2023,"B17001H_SnrPov","White (Non-Hispanic)",48.3870967741936,52.9139130098102,"Livingston","Conesus town","New York"
"3605117618",2023,"B17001I_SnrPov","Hispanic or Latino (Any Race)",0,0,"Livingston","Conesus town","New York"
"3605117618",2024,"B17001B_SnrPov","Black (Non-Hispanic)",0,0,"Livingston","Conesus town","New York"
"3605117618",2024,"B17001C_SnrPov","Native American (Non-Hispanic)",0,0,"Livingston","Conesus town","New York"
"3605117618",2024,"B17001D_SnrPov","Asian (Non-Hispanic)",0,0,"Livingston","Conesus town","New York"
"3605117618",2024,"B17001E_SnrPov","Pacific Islander (Non-Hispanic)",0,0,"Livingston","Conesus town","New York"
"3605117618",2024,"B17001F_SnrPov","Other (Non-Hispanic)",100,298.517044798958,"Livingston","Conesus town","New York"
"3605117618",2024,"B17001G_SnrPov","Two or More Races (Non-Hispanic)",43.75,82.8548682891884,"Livingston","Conesus town","New York"
"3605117618",2024,"B17001H_SnrPov","White (Non-Hispanic)",52.7777777777778,30.1666941393898,"Livingston","Conesus town","New York"
"3605117618",2024,"B17001I_SnrPov","Hispanic or Latino (Any Race)",100,298.517044798958,"Livingston","Conesus town","New York"
"3605128629",2017,"B17001B_SnrPov","Black (Non-Hispanic)",0,0,"Livingston","Geneseo town","New York"
"3605128629",2017,"B17001C_SnrPov","Native American (Non-Hispanic)",0,0,"Livingston","Geneseo town","New York"
"3605128629",2017,"B17001D_SnrPov","Asian (Non-Hispanic)",0,0,"Livingston","Geneseo town","New York"
"3605128629",2017,"B17001E_SnrPov","Pacific Islander (Non-Hispanic)",0,0,"Livingston","Geneseo town","New York"
"3605128629",2017,"B17001F_SnrPov","Other (Non-Hispanic)",0,0,"Livingston","Geneseo town","New York"
"3605128629",2017,"B17001G_SnrPov","Two or More Races (Non-Hispanic)",0,0,"Livingston","Geneseo town","New York"
"3605128629",2017,"B17001H_SnrPov","White (Non-Hispanic)",30.1136363636364,26.793538334385,"Livingston","Geneseo town","New York"
"3605128629",2017,"B17001I_SnrPov","Hispanic or Latino (Any Race)",0,94.2809041582063,"Livingston","Geneseo town","New York"
"3605128629",2018,"B17001B_SnrPov","Black (Non-Hispanic)",0,0,"Livingston","Geneseo town","New York"
"3605128629",2018,"B17001C_SnrPov","Native American (Non-Hispanic)",0,0,"Livingston","Geneseo town","New York"
"3605128629",2018,"B17001D_SnrPov","Asian (Non-Hispanic)",0,0,"Livingston","Geneseo town","New York"
"3605128629",2018,"B17001E_SnrPov","Pacific Islander (Non-Hispanic)",0,0,"Livingston","Geneseo town","New York"
"3605128629",2018,"B17001F_SnrPov","Other (Non-Hispanic)",0,0,"Livingston","Geneseo town","New York"
"3605128629",2018,"B17001G_SnrPov","Two or More Races (Non-Hispanic)",0,0,"Livingston","Geneseo town","New York"
"3605128629",2018,"B17001H_SnrPov","White (Non-Hispanic)",24.1379310344828,41.0375436362391,"Livingston","Geneseo town","New York"
"3605128629",2018,"B17001I_SnrPov","Hispanic or Latino (Any Race)",0,116.826337761256,"Livingston","Geneseo town","New York"
"3605128629",2019,"B17001B_SnrPov","Black (Non-Hispanic)",0,0,"Livingston","Geneseo town","New York"
"3605128629",2019,"B17001C_SnrPov","Native American (Non-Hispanic)",0,0,"Livingston","Geneseo town","New York"
"3605128629",2019,"B17001D_SnrPov","Asian (Non-Hispanic)",0,0,"Livingston","Geneseo town","New York"
"3605128629",2019,"B17001E_SnrPov","Pacific Islander (Non-Hispanic)",0,0,"Livingston","Geneseo town","New York"
"3605128629",2019,"B17001F_SnrPov","Other (Non-Hispanic)",0,0,"Livingston","Geneseo town","New York"
"3605128629",2019,"B17001G_SnrPov","Two or More Races (Non-Hispanic)",0,0,"Livingston","Geneseo town","New York"
"3605128629",2019,"B17001H_SnrPov","White (Non-Hispanic)",36.8,28.1206211937077,"Livingston","Geneseo town","New York"
"3605128629",2019,"B17001I_SnrPov","Hispanic or Latino (Any Race)",0,0,"Livingston","Geneseo town","New York"
"3605128629",2020,"B17001B_SnrPov","Black (Non-Hispanic)",0,0,"Livingston","Geneseo town","New York"
"3605128629",2020,"B17001C_SnrPov","Native American (Non-Hispanic)",0,0,"Livingston","Geneseo town","New York"
"3605128629",2020,"B17001D_SnrPov","Asian (Non-Hispanic)",0,0,"Livingston","Geneseo town","New York"
"3605128629",2020,"B17001E_SnrPov","Pacific Islander (Non-Hispanic)",0,0,"Livingston","Geneseo town","New York"
"3605128629",2020,"B17001F_SnrPov","Other (Non-Hispanic)",0,0,"Livingston","Geneseo town","New York"
"3605128629",2020,"B17001G_SnrPov","Two or More Races (Non-Hispanic)",0,0,"Livingston","Geneseo town","New York"
"3605128629",2020,"B17001H_SnrPov","White (Non-Hispanic)",41.8367346938776,30.1174248728347,"Livingston","Geneseo town","New York"
"3605128629",2020,"B17001I_SnrPov","Hispanic or Latino (Any Race)",0,0,"Livingston","Geneseo town","New York"
"3605128629",2021,"B17001B_SnrPov","Black (Non-Hispanic)",0,0,"Livingston","Geneseo town","New York"
"3605128629",2021,"B17001C_SnrPov","Native American (Non-Hispanic)",0,0,"Livingston","Geneseo town","New York"
"3605128629",2021,"B17001D_SnrPov","Asian (Non-Hispanic)",0,0,"Livingston","Geneseo town","New York"
"3605128629",2021,"B17001E_SnrPov","Pacific Islander (Non-Hispanic)",0,0,"Livingston","Geneseo town","New York"
"3605128629",2021,"B17001F_SnrPov","Other (Non-Hispanic)",0,0,"Livingston","Geneseo town","New York"
"3605128629",2021,"B17001G_SnrPov","Two or More Races (Non-Hispanic)",0,0,"Livingston","Geneseo town","New York"
"3605128629",2021,"B17001H_SnrPov","White (Non-Hispanic)",28.6885245901639,23.5574686050763,"Livingston","Geneseo town","New York"
"3605128629",2021,"B17001I_SnrPov","Hispanic or Latino (Any Race)",0,0,"Livingston","Geneseo town","New York"
"3605128629",2022,"B17001B_SnrPov","Black (Non-Hispanic)",0,0,"Livingston","Geneseo town","New York"
"3605128629",2022,"B17001C_SnrPov","Native American (Non-Hispanic)",0,0,"Livingston","Geneseo town","New York"
"3605128629",2022,"B17001D_SnrPov","Asian (Non-Hispanic)",0,0,"Livingston","Geneseo town","New York"
"3605128629",2022,"B17001E_SnrPov","Pacific Islander (Non-Hispanic)",0,0,"Livingston","Geneseo town","New York"
"3605128629",2022,"B17001F_SnrPov","Other (Non-Hispanic)",0,0,"Livingston","Geneseo town","New York"
"3605128629",2022,"B17001G_SnrPov","Two or More Races (Non-Hispanic)",0,0,"Livingston","Geneseo town","New York"
"3605128629",2022,"B17001H_SnrPov","White (Non-Hispanic)",25.2747252747253,26.6557557395229,"Livingston","Geneseo town","New York"
"3605128629",2022,"B17001I_SnrPov","Hispanic or Latino (Any Race)",0,0,"Livingston","Geneseo town","New York"
"3605128629",2023,"B17001B_SnrPov","Black (Non-Hispanic)",0,0,"Livingston","Geneseo town","New York"
"3605128629",2023,"B17001C_SnrPov","Native American (Non-Hispanic)",0,0,"Livingston","Geneseo town","New York"
"3605128629",2023,"B17001D_SnrPov","Asian (Non-Hispanic)",0,0,"Livingston","Geneseo town","New York"
"3605128629",2023,"B17001E_SnrPov","Pacific Islander (Non-Hispanic)",0,0,"Livingston","Geneseo town","New York"
"3605128629",2023,"B17001F_SnrPov","Other (Non-Hispanic)",0,0,"Livingston","Geneseo town","New York"
"3605128629",2023,"B17001G_SnrPov","Two or More Races (Non-Hispanic)",0,0,"Livingston","Geneseo town","New York"
"3605128629",2023,"B17001H_SnrPov","White (Non-Hispanic)",24.0601503759398,20.0042797815049,"Livingston","Geneseo town","New York"
"3605128629",2023,"B17001I_SnrPov","Hispanic or Latino (Any Race)",0,0,"Livingston","Geneseo town","New York"
"3605128629",2024,"B17001B_SnrPov","Black (Non-Hispanic)",0,0,"Livingston","Geneseo town","New York"
"3605128629",2024,"B17001C_SnrPov","Native American (Non-Hispanic)",0,0,"Livingston","Geneseo town","New York"
"3605128629",2024,"B17001D_SnrPov","Asian (Non-Hispanic)",0,0,"Livingston","Geneseo town","New York"
"3605128629",2024,"B17001E_SnrPov","Pacific Islander (Non-Hispanic)",0,0,"Livingston","Geneseo town","New York"
"3605128629",2024,"B17001F_SnrPov","Other (Non-Hispanic)",0,0,"Livingston","Geneseo town","New York"
"3605128629",2024,"B17001G_SnrPov","Two or More Races (Non-Hispanic)",0,0,"Livingston","Geneseo town","New York"
"3605128629",2024,"B17001H_SnrPov","White (Non-Hispanic)",16.5354330708661,23.9139348853935,"Livingston","Geneseo town","New York"
"3605128629",2024,"B17001I_SnrPov","Hispanic or Latino (Any Race)",0,0,"Livingston","Geneseo town","New York"
"3605131016",2017,"B17001B_SnrPov","Black (Non-Hispanic)",0,0,"Livingston","Groveland town","New York"
"3605131016",2017,"B17001C_SnrPov","Native American (Non-Hispanic)",0,0,"Livingston","Groveland town","New York"
"3605131016",2017,"B17001D_SnrPov","Asian (Non-Hispanic)",0,0,"Livingston","Groveland town","New York"
"3605131016",2017,"B17001E_SnrPov","Pacific Islander (Non-Hispanic)",0,0,"Livingston","Groveland town","New York"
"3605131016",2017,"B17001F_SnrPov","Other (Non-Hispanic)",0,0,"Livingston","Groveland town","New York"
"3605131016",2017,"B17001G_SnrPov","Two or More Races (Non-Hispanic)",0,0,"Livingston","Groveland town","New York"
"3605131016",2017,"B17001H_SnrPov","White (Non-Hispanic)",37.5,122.255016512616,"Livingston","Groveland town","New York"
"3605131016",2017,"B17001I_SnrPov","Hispanic or Latino (Any Race)",0,0,"Livingston","Groveland town","New York"
"3605131016",2018,"B17001B_SnrPov","Black (Non-Hispanic)",0,0,"Livingston","Groveland town","New York"
"3605131016",2018,"B17001C_SnrPov","Native American (Non-Hispanic)",0,0,"Livingston","Groveland town","New York"
"3605131016",2018,"B17001D_SnrPov","Asian (Non-Hispanic)",0,0,"Livingston","Groveland town","New York"
"3605131016",2018,"B17001E_SnrPov","Pacific Islander (Non-Hispanic)",0,0,"Livingston","Groveland town","New York"
"3605131016",2018,"B17001F_SnrPov","Other (Non-Hispanic)",0,0,"Livingston","Groveland town","New York"
"3605131016",2018,"B17001G_SnrPov","Two or More Races (Non-Hispanic)",0,0,"Livingston","Groveland town","New York"
"3605131016",2018,"B17001H_SnrPov","White (Non-Hispanic)",50,218.660696056699,"Livingston","Groveland town","New York"
"3605131016",2018,"B17001I_SnrPov","Hispanic or Latino (Any Race)",0,0,"Livingston","Groveland town","New York"
"3605131016",2019,"B17001B_SnrPov","Black (Non-Hispanic)",0,0,"Livingston","Groveland town","New York"
"3605131016",2019,"B17001C_SnrPov","Native American (Non-Hispanic)",0,0,"Livingston","Groveland town","New York"
"3605131016",2019,"B17001D_SnrPov","Asian (Non-Hispanic)",0,0,"Livingston","Groveland town","New York"
"3605131016",2019,"B17001E_SnrPov","Pacific Islander (Non-Hispanic)",0,0,"Livingston","Groveland town","New York"
"3605131016",2019,"B17001F_SnrPov","Other (Non-Hispanic)",0,0,"Livingston","Groveland town","New York"
"3605131016",2019,"B17001G_SnrPov","Two or More Races (Non-Hispanic)",0,0,"Livingston","Groveland town","New York"
"3605131016",2019,"B17001H_SnrPov","White (Non-Hispanic)",100,375.233260785874,"Livingston","Groveland town","New York"
"3605131016",2019,"B17001I_SnrPov","Hispanic or Latino (Any Race)",0,0,"Livingston","Groveland town","New York"
"3605131016",2020,"B17001B_SnrPov","Black (Non-Hispanic)",0,0,"Livingston","Groveland town","New York"
"3605131016",2020,"B17001C_SnrPov","Native American (Non-Hispanic)",0,0,"Livingston","Groveland town","New York"
"3605131016",2020,"B17001D_SnrPov","Asian (Non-Hispanic)",0,0,"Livingston","Groveland town","New York"
"3605131016",2020,"B17001E_SnrPov","Pacific Islander (Non-Hispanic)",0,0,"Livingston","Groveland town","New York"
"3605131016",2020,"B17001F_SnrPov","Other (Non-Hispanic)",0,0,"Livingston","Groveland town","New York"
"3605131016",2020,"B17001G_SnrPov","Two or More Races (Non-Hispanic)",0,0,"Livingston","Groveland town","New York"
"3605131016",2020,"B17001H_SnrPov","White (Non-Hispanic)",100,367.695526217005,"Livingston","Groveland town","New York"
"3605131016",2020,"B17001I_SnrPov","Hispanic or Latino (Any Race)",0,0,"Livingston","Groveland town","New York"
"3605131016",2021,"B17001B_SnrPov","Black (Non-Hispanic)",0,0,"Livingston","Groveland town","New York"
"3605131016",2021,"B17001C_SnrPov","Native American (Non-Hispanic)",0,0,"Livingston","Groveland town","New York"
"3605131016",2021,"B17001D_SnrPov","Asian (Non-Hispanic)",0,0,"Livingston","Groveland town","New York"
"3605131016",2021,"B17001E_SnrPov","Pacific Islander (Non-Hispanic)",0,0,"Livingston","Groveland town","New York"
"3605131016",2021,"B17001F_SnrPov","Other (Non-Hispanic)",0,0,"Livingston","Groveland town","New York"
"3605131016",2021,"B17001G_SnrPov","Two or More Races (Non-Hispanic)",0,0,"Livingston","Groveland town","New York"
"3605131016",2021,"B17001H_SnrPov","White (Non-Hispanic)",81.25,107.910819073191,"Livingston","Groveland town","New York"
"3605131016",2021,"B17001I_SnrPov","Hispanic or Latino (Any Race)",0,0,"Livingston","Groveland town","New York"
"3605131016",2022,"B17001B_SnrPov","Black (Non-Hispanic)",0,0,"Livingston","Groveland town","New York"
"3605131016",2022,"B17001C_SnrPov","Native American (Non-Hispanic)",0,0,"Livingston","Groveland town","New York"
"3605131016",2022,"B17001D_SnrPov","Asian (Non-Hispanic)",0,0,"Livingston","Groveland town","New York"
"3605131016",2022,"B17001E_SnrPov","Pacific Islander (Non-Hispanic)",0,0,"Livingston","Groveland town","New York"
"3605131016",2022,"B17001F_SnrPov","Other (Non-Hispanic)",0,0,"Livingston","Groveland town","New York"
"3605131016",2022,"B17001G_SnrPov","Two or More Races (Non-Hispanic)",0,0,"Livingston","Groveland town","New York"
"3605131016",2022,"B17001H_SnrPov","White (Non-Hispanic)",57.1428571428571,70.9899066568412,"Livingston","Groveland town","New York"
"3605131016",2022,"B17001I_SnrPov","Hispanic or Latino (Any Race)",0,0,"Livingston","Groveland town","New York"
"3605131016",2023,"B17001B_SnrPov","Black (Non-Hispanic)",0,0,"Livingston","Groveland town","New York"
"3605131016",2023,"B17001C_SnrPov","Native American (Non-Hispanic)",0,0,"Livingston","Groveland town","New York"
"3605131016",2023,"B17001D_SnrPov","Asian (Non-Hispanic)",0,0,"Livingston","Groveland town","New York"
"3605131016",2023,"B17001E_SnrPov","Pacific Islander (Non-Hispanic)",0,0,"Livingston","Groveland town","New York"
"3605131016",2023,"B17001F_SnrPov","Other (Non-Hispanic)",0,0,"Livingston","Groveland town","New York"
"3605131016",2023,"B17001G_SnrPov","Two or More Races (Non-Hispanic)",0,0,"Livingston","Groveland town","New York"
"3605131016",2023,"B17001H_SnrPov","White (Non-Hispanic)",61.2903225806452,18.3065682474081,"Livingston","Groveland town","New York"
"3605131016",2023,"B17001I_SnrPov","Hispanic or Latino (Any Race)",0,0,"Livingston","Groveland town","New York"
"3605131016",2024,"B17001B_SnrPov","Black (Non-Hispanic)",0,0,"Livingston","Groveland town","New York"
"3605131016",2024,"B17001C_SnrPov","Native American (Non-Hispanic)",0,0,"Livingston","Groveland town","New York"
"3605131016",2024,"B17001D_SnrPov","Asian (Non-Hispanic)",0,0,"Livingston","Groveland town","New York"
"3605131016",2024,"B17001E_SnrPov","Pacific Islander (Non-Hispanic)",0,0,"Livingston","Groveland town","New York"
"3605131016",2024,"B17001F_SnrPov","Other (Non-Hispanic)",0,0,"Livingston","Groveland town","New York"
"3605131016",2024,"B17001G_SnrPov","Two or More Races (Non-Hispanic)",0,0,"Livingston","Groveland town","New York"
"3605131016",2024,"B17001H_SnrPov","White (Non-Hispanic)",55.5555555555556,6.04812282168685,"Livingston","Groveland town","New York"
"3605131016",2024,"B17001I_SnrPov","Hispanic or Latino (Any Race)",0,0,"Livingston","Groveland town","New York"
"3605141883",2017,"B17001B_SnrPov","Black (Non-Hispanic)",0,0,"Livingston","Leicester town","New York"
"3605141883",2017,"B17001C_SnrPov","Native American (Non-Hispanic)",0,0,"Livingston","Leicester town","New York"
"3605141883",2017,"B17001D_SnrPov","Asian (Non-Hispanic)",0,0,"Livingston","Leicester town","New York"
"3605141883",2017,"B17001E_SnrPov","Pacific Islander (Non-Hispanic)",0,0,"Livingston","Leicester town","New York"
"3605141883",2017,"B17001F_SnrPov","Other (Non-Hispanic)",0,0,"Livingston","Leicester town","New York"
"3605141883",2017,"B17001G_SnrPov","Two or More Races (Non-Hispanic)",0,0,"Livingston","Leicester town","New York"
"3605141883",2017,"B17001H_SnrPov","White (Non-Hispanic)",82.7586206896552,49.406149341914,"Livingston","Leicester town","New York"
"3605141883",2017,"B17001I_SnrPov","Hispanic or Latino (Any Race)",0,0,"Livingston","Leicester town","New York"
"3605141883",2018,"B17001B_SnrPov","Black (Non-Hispanic)",0,0,"Livingston","Leicester town","New York"
"3605141883",2018,"B17001C_SnrPov","Native American (Non-Hispanic)",0,0,"Livingston","Leicester town","New York"
"3605141883",2018,"B17001D_SnrPov","Asian (Non-Hispanic)",0,0,"Livingston","Leicester town","New York"
"3605141883",2018,"B17001E_SnrPov","Pacific Islander (Non-Hispanic)",0,0,"Livingston","Leicester town","New York"
"3605141883",2018,"B17001F_SnrPov","Other (Non-Hispanic)",0,0,"Livingston","Leicester town","New York"
"3605141883",2018,"B17001G_SnrPov","Two or More Races (Non-Hispanic)",0,0,"Livingston","Leicester town","New York"
"3605141883",2018,"B17001H_SnrPov","White (Non-Hispanic)",80.7692307692308,56.5936196562105,"Livingston","Leicester town","New York"
"3605141883",2018,"B17001I_SnrPov","Hispanic or Latino (Any Race)",0,0,"Livingston","Leicester town","New York"
"3605141883",2019,"B17001B_SnrPov","Black (Non-Hispanic)",0,0,"Livingston","Leicester town","New York"
"3605141883",2019,"B17001C_SnrPov","Native American (Non-Hispanic)",0,0,"Livingston","Leicester town","New York"
"3605141883",2019,"B17001D_SnrPov","Asian (Non-Hispanic)",0,0,"Livingston","Leicester town","New York"
"3605141883",2019,"B17001E_SnrPov","Pacific Islander (Non-Hispanic)",0,0,"Livingston","Leicester town","New York"
"3605141883",2019,"B17001F_SnrPov","Other (Non-Hispanic)",0,0,"Livingston","Leicester town","New York"
"3605141883",2019,"B17001G_SnrPov","Two or More Races (Non-Hispanic)",0,0,"Livingston","Leicester town","New York"
"3605141883",2019,"B17001H_SnrPov","White (Non-Hispanic)",25,142.761547256255,"Livingston","Leicester town","New York"
"3605141883",2019,"B17001I_SnrPov","Hispanic or Latino (Any Race)",0,0,"Livingston","Leicester town","New York"
"3605141883",2020,"B17001B_SnrPov","Black (Non-Hispanic)",0,0,"Livingston","Leicester town","New York"
"3605141883",2020,"B17001C_SnrPov","Native American (Non-Hispanic)",0,0,"Livingston","Leicester town","New York"
"3605141883",2020,"B17001D_SnrPov","Asian (Non-Hispanic)",0,0,"Livingston","Leicester town","New York"
"3605141883",2020,"B17001E_SnrPov","Pacific Islander (Non-Hispanic)",0,0,"Livingston","Leicester town","New York"
"3605141883",2020,"B17001F_SnrPov","Other (Non-Hispanic)",0,0,"Livingston","Leicester town","New York"
"3605141883",2020,"B17001G_SnrPov","Two or More Races (Non-Hispanic)",0,0,"Livingston","Leicester town","New York"
"3605141883",2020,"B17001H_SnrPov","White (Non-Hispanic)",0,282.842712474619,"Livingston","Leicester town","New York"
"3605141883",2020,"B17001I_SnrPov","Hispanic or Latino (Any Race)",0,0,"Livingston","Leicester town","New York"
"3605141883",2021,"B17001B_SnrPov","Black (Non-Hispanic)",0,0,"Livingston","Leicester town","New York"
"3605141883",2021,"B17001C_SnrPov","Native American (Non-Hispanic)",0,0,"Livingston","Leicester town","New York"
"3605141883",2021,"B17001D_SnrPov","Asian (Non-Hispanic)",0,0,"Livingston","Leicester town","New York"
"3605141883",2021,"B17001E_SnrPov","Pacific Islander (Non-Hispanic)",0,0,"Livingston","Leicester town","New York"
"3605141883",2021,"B17001F_SnrPov","Other (Non-Hispanic)",0,0,"Livingston","Leicester town","New York"
"3605141883",2021,"B17001G_SnrPov","Two or More Races (Non-Hispanic)",0,0,"Livingston","Leicester town","New York"
"3605141883",2021,"B17001H_SnrPov","White (Non-Hispanic)",0,919.238815542512,"Livingston","Leicester town","New York"
"3605141883",2021,"B17001I_SnrPov","Hispanic or Latino (Any Race)",0,0,"Livingston","Leicester town","New York"
"3605141883",2022,"B17001B_SnrPov","Black (Non-Hispanic)",0,0,"Livingston","Leicester town","New York"
"3605141883",2022,"B17001C_SnrPov","Native American (Non-Hispanic)",0,0,"Livingston","Leicester town","New York"
"3605141883",2022,"B17001D_SnrPov","Asian (Non-Hispanic)",0,0,"Livingston","Leicester town","New York"
"3605141883",2022,"B17001E_SnrPov","Pacific Islander (Non-Hispanic)",0,0,"Livingston","Leicester town","New York"
"3605141883",2022,"B17001F_SnrPov","Other (Non-Hispanic)",0,0,"Livingston","Leicester town","New York"
"3605141883",2022,"B17001G_SnrPov","Two or More Races (Non-Hispanic)",0,0,"Livingston","Leicester town","New York"
"3605141883",2022,"B17001H_SnrPov","White (Non-Hispanic)",0,229.809703885628,"Livingston","Leicester town","New York"
"3605141883",2022,"B17001I_SnrPov","Hispanic or Latino (Any Race)",0,0,"Livingston","Leicester town","New York"
"3605141883",2023,"B17001B_SnrPov","Black (Non-Hispanic)",0,0,"Livingston","Leicester town","New York"
"3605141883",2023,"B17001C_SnrPov","Native American (Non-Hispanic)",0,0,"Livingston","Leicester town","New York"
"3605141883",2023,"B17001D_SnrPov","Asian (Non-Hispanic)",0,0,"Livingston","Leicester town","New York"
"3605141883",2023,"B17001E_SnrPov","Pacific Islander (Non-Hispanic)",0,0,"Livingston","Leicester town","New York"
"3605141883",2023,"B17001F_SnrPov","Other (Non-Hispanic)",0,0,"Livingston","Leicester town","New York"
"3605141883",2023,"B17001G_SnrPov","Two or More Races (Non-Hispanic)",0,0,"Livingston","Leicester town","New York"
"3605141883",2023,"B17001H_SnrPov","White (Non-Hispanic)",0,229.809703885628,"Livingston","Leicester town","New York"
"3605141883",2023,"B17001I_SnrPov","Hispanic or Latino (Any Race)",0,0,"Livingston","Leicester town","New York"
"3605141883",2024,"B17001B_SnrPov","Black (Non-Hispanic)",0,0,"Livingston","Leicester town","New York"
"3605141883",2024,"B17001C_SnrPov","Native American (Non-Hispanic)",0,0,"Livingston","Leicester town","New York"
"3605141883",2024,"B17001D_SnrPov","Asian (Non-Hispanic)",0,0,"Livingston","Leicester town","New York"
"3605141883",2024,"B17001E_SnrPov","Pacific Islander (Non-Hispanic)",0,0,"Livingston","Leicester town","New York"
"3605141883",2024,"B17001F_SnrPov","Other (Non-Hispanic)",0,0,"Livingston","Leicester town","New York"
"3605141883",2024,"B17001G_SnrPov","Two or More Races (Non-Hispanic)",0,0,"Livingston","Leicester town","New York"
"3605141883",2024,"B17001H_SnrPov","White (Non-Hispanic)",15,71.1718870060363,"Livingston","Leicester town","New York"
"3605141883",2024,"B17001I_SnrPov","Hispanic or Latino (Any Race)",0,0,"Livingston","Leicester town","New York"
"3605142334",2017,"B17001B_SnrPov","Black (Non-Hispanic)",0,0,"Livingston","Lima town","New York"
"3605142334",2017,"B17001C_SnrPov","Native American (Non-Hispanic)",0,0,"Livingston","Lima town","New York"
"3605142334",2017,"B17001D_SnrPov","Asian (Non-Hispanic)",0,0,"Livingston","Lima town","New York"
"3605142334",2017,"B17001E_SnrPov","Pacific Islander (Non-Hispanic)",0,0,"Livingston","Lima town","New York"
"3605142334",2017,"B17001F_SnrPov","Other (Non-Hispanic)",0,0,"Livingston","Lima town","New York"
"3605142334",2017,"B17001G_SnrPov","Two or More Races (Non-Hispanic)",100,2240.53565024081,"Livingston","Lima town","New York"
"3605142334",2017,"B17001H_SnrPov","White (Non-Hispanic)",20,77.6430579282169,"Livingston","Lima town","New York"
"3605142334",2017,"B17001I_SnrPov","Hispanic or Latino (Any Race)",100,2240.53565024081,"Livingston","Lima town","New York"
"3605142334",2018,"B17001B_SnrPov","Black (Non-Hispanic)",0,0,"Livingston","Lima town","New York"
"3605142334",2018,"B17001C_SnrPov","Native American (Non-Hispanic)",0,0,"Livingston","Lima town","New York"
"3605142334",2018,"B17001D_SnrPov","Asian (Non-Hispanic)",0,0,"Livingston","Lima town","New York"
"3605142334",2018,"B17001E_SnrPov","Pacific Islander (Non-Hispanic)",0,0,"Livingston","Lima town","New York"
"3605142334",2018,"B17001F_SnrPov","Other (Non-Hispanic)",0,0,"Livingston","Lima town","New York"
"3605142334",2018,"B17001G_SnrPov","Two or More Races (Non-Hispanic)",100,2465.76560118759,"Livingston","Lima town","New York"
"3605142334",2018,"B17001H_SnrPov","White (Non-Hispanic)",25,75.4381731535832,"Livingston","Lima town","New York"
"3605142334",2018,"B17001I_SnrPov","Hispanic or Latino (Any Race)",100,2465.76560118759,"Livingston","Lima town","New York"
"3605142334",2019,"B17001B_SnrPov","Black (Non-Hispanic)",0,0,"Livingston","Lima town","New York"
"3605142334",2019,"B17001C_SnrPov","Native American (Non-Hispanic)",0,0,"Livingston","Lima town","New York"
"3605142334",2019,"B17001D_SnrPov","Asian (Non-Hispanic)",0,0,"Livingston","Lima town","New York"
"3605142334",2019,"B17001E_SnrPov","Pacific Islander (Non-Hispanic)",0,0,"Livingston","Lima town","New York"
"3605142334",2019,"B17001F_SnrPov","Other (Non-Hispanic)",0,0,"Livingston","Lima town","New York"
"3605142334",2019,"B17001G_SnrPov","Two or More Races (Non-Hispanic)",0,0,"Livingston","Lima town","New York"
"3605142334",2019,"B17001H_SnrPov","White (Non-Hispanic)",12.1951219512195,32.012442989324,"Livingston","Lima town","New York"
"3605142334",2019,"B17001I_SnrPov","Hispanic or Latino (Any Race)",0,0,"Livingston","Lima town","New York"
"3605142334",2020,"B17001B_SnrPov","Black (Non-Hispanic)",0,0,"Livingston","Lima town","New York"
"3605142334",2020,"B17001C_SnrPov","Native American (Non-Hispanic)",0,0,"Livingston","Lima town","New York"
"3605142334",2020,"B17001D_SnrPov","Asian (Non-Hispanic)",0,0,"Livingston","Lima town","New York"
"3605142334",2020,"B17001E_SnrPov","Pacific Islander (Non-Hispanic)",0,0,"Livingston","Lima town","New York"
"3605142334",2020,"B17001F_SnrPov","Other (Non-Hispanic)",0,0,"Livingston","Lima town","New York"
"3605142334",2020,"B17001G_SnrPov","Two or More Races (Non-Hispanic)",0,0,"Livingston","Lima town","New York"
"3605142334",2020,"B17001H_SnrPov","White (Non-Hispanic)",11.1111111111111,35.8822015539102,"Livingston","Lima town","New York"
"3605142334",2020,"B17001I_SnrPov","Hispanic or Latino (Any Race)",0,0,"Livingston","Lima town","New York"
"3605142334",2021,"B17001B_SnrPov","Black (Non-Hispanic)",0,0,"Livingston","Lima town","New York"
"3605142334",2021,"B17001C_SnrPov","Native American (Non-Hispanic)",0,0,"Livingston","Lima town","New York"
"3605142334",2021,"B17001D_SnrPov","Asian (Non-Hispanic)",0,0,"Livingston","Lima town","New York"
"3605142334",2021,"B17001E_SnrPov","Pacific Islander (Non-Hispanic)",0,0,"Livingston","Lima town","New York"
"3605142334",2021,"B17001F_SnrPov","Other (Non-Hispanic)",0,0,"Livingston","Lima town","New York"
"3605142334",2021,"B17001G_SnrPov","Two or More Races (Non-Hispanic)",0,0,"Livingston","Lima town","New York"
"3605142334",2021,"B17001H_SnrPov","White (Non-Hispanic)",30.6122448979592,43.8715760028634,"Livingston","Lima town","New York"
"3605142334",2021,"B17001I_SnrPov","Hispanic or Latino (Any Race)",0,0,"Livingston","Lima town","New York"
"3605142334",2022,"B17001B_SnrPov","Black (Non-Hispanic)",0,0,"Livingston","Lima town","New York"
"3605142334",2022,"B17001C_SnrPov","Native American (Non-Hispanic)",0,0,"Livingston","Lima town","New York"
"3605142334",2022,"B17001D_SnrPov","Asian (Non-Hispanic)",0,0,"Livingston","Lima town","New York"
"3605142334",2022,"B17001E_SnrPov","Pacific Islander (Non-Hispanic)",0,0,"Livingston","Lima town","New York"
"3605142334",2022,"B17001F_SnrPov","Other (Non-Hispanic)",0,0,"Livingston","Lima town","New York"
"3605142334",2022,"B17001G_SnrPov","Two or More Races (Non-Hispanic)",0,0,"Livingston","Lima town","New York"
"3605142334",2022,"B17001H_SnrPov","White (Non-Hispanic)",32.8767123287671,24.5979175061965,"Livingston","Lima town","New York"
"3605142334",2022,"B17001I_SnrPov","Hispanic or Latino (Any Race)",0,0,"Livingston","Lima town","New York"
"3605142334",2023,"B17001B_SnrPov","Black (Non-Hispanic)",0,0,"Livingston","Lima town","New York"
"3605142334",2023,"B17001C_SnrPov","Native American (Non-Hispanic)",0,0,"Livingston","Lima town","New York"
"3605142334",2023,"B17001D_SnrPov","Asian (Non-Hispanic)",0,0,"Livingston","Lima town","New York"
"3605142334",2023,"B17001E_SnrPov","Pacific Islander (Non-Hispanic)",0,0,"Livingston","Lima town","New York"
"3605142334",2023,"B17001F_SnrPov","Other (Non-Hispanic)",0,0,"Livingston","Lima town","New York"
"3605142334",2023,"B17001G_SnrPov","Two or More Races (Non-Hispanic)",0,0,"Livingston","Lima town","New York"
"3605142334",2023,"B17001H_SnrPov","White (Non-Hispanic)",40,32.1241215237626,"Livingston","Lima town","New York"
"3605142334",2023,"B17001I_SnrPov","Hispanic or Latino (Any Race)",0,0,"Livingston","Lima town","New York"
"3605142334",2024,"B17001B_SnrPov","Black (Non-Hispanic)",0,0,"Livingston","Lima town","New York"
"3605142334",2024,"B17001C_SnrPov","Native American (Non-Hispanic)",0,0,"Livingston","Lima town","New York"
"3605142334",2024,"B17001D_SnrPov","Asian (Non-Hispanic)",0,0,"Livingston","Lima town","New York"
"3605142334",2024,"B17001E_SnrPov","Pacific Islander (Non-Hispanic)",0,0,"Livingston","Lima town","New York"
"3605142334",2024,"B17001F_SnrPov","Other (Non-Hispanic)",0,0,"Livingston","Lima town","New York"
"3605142334",2024,"B17001G_SnrPov","Two or More Races (Non-Hispanic)",0,0,"Livingston","Lima town","New York"
"3605142334",2024,"B17001H_SnrPov","White (Non-Hispanic)",45.5128205128205,25.1679664911325,"Livingston","Lima town","New York"
"3605142334",2024,"B17001I_SnrPov","Hispanic or Latino (Any Race)",0,0,"Livingston","Lima town","New York"
"3605142961",2017,"B17001B_SnrPov","Black (Non-Hispanic)",0,0,"Livingston","Livonia town","New York"
"3605142961",2017,"B17001C_SnrPov","Native American (Non-Hispanic)",0,0,"Livingston","Livonia town","New York"
"3605142961",2017,"B17001D_SnrPov","Asian (Non-Hispanic)",0,0,"Livingston","Livonia town","New York"
"3605142961",2017,"B17001E_SnrPov","Pacific Islander (Non-Hispanic)",0,0,"Livingston","Livonia town","New York"
"3605142961",2017,"B17001F_SnrPov","Other (Non-Hispanic)",0,0,"Livingston","Livonia town","New York"
"3605142961",2017,"B17001G_SnrPov","Two or More Races (Non-Hispanic)",0,0,"Livingston","Livonia town","New York"
"3605142961",2017,"B17001H_SnrPov","White (Non-Hispanic)",54.4776119402985,42.4241791408683,"Livingston","Livonia town","New York"
"3605142961",2017,"B17001I_SnrPov","Hispanic or Latino (Any Race)",0,0,"Livingston","Livonia town","New York"
"3605142961",2018,"B17001B_SnrPov","Black (Non-Hispanic)",0,0,"Livingston","Livonia town","New York"
"3605142961",2018,"B17001C_SnrPov","Native American (Non-Hispanic)",0,0,"Livingston","Livonia town","New York"
"3605142961",2018,"B17001D_SnrPov","Asian (Non-Hispanic)",0,0,"Livingston","Livonia town","New York"
"3605142961",2018,"B17001E_SnrPov","Pacific Islander (Non-Hispanic)",0,0,"Livingston","Livonia town","New York"
"3605142961",2018,"B17001F_SnrPov","Other (Non-Hispanic)",0,0,"Livingston","Livonia town","New York"
"3605142961",2018,"B17001G_SnrPov","Two or More Races (Non-Hispanic)",0,0,"Livingston","Livonia town","New York"
"3605142961",2018,"B17001H_SnrPov","White (Non-Hispanic)",53.6585365853659,43.8705874729569,"Livingston","Livonia town","New York"
"3605142961",2018,"B17001I_SnrPov","Hispanic or Latino (Any Race)",0,0,"Livingston","Livonia town","New York"
"3605142961",2019,"B17001B_SnrPov","Black (Non-Hispanic)",0,0,"Livingston","Livonia town","New York"
"3605142961",2019,"B17001C_SnrPov","Native American (Non-Hispanic)",0,0,"Livingston","Livonia town","New York"
"3605142961",2019,"B17001D_SnrPov","Asian (Non-Hispanic)",0,0,"Livingston","Livonia town","New York"
"3605142961",2019,"B17001E_SnrPov","Pacific Islander (Non-Hispanic)",0,0,"Livingston","Livonia town","New York"
"3605142961",2019,"B17001F_SnrPov","Other (Non-Hispanic)",0,0,"Livingston","Livonia town","New York"
"3605142961",2019,"B17001G_SnrPov","Two or More Races (Non-Hispanic)",0,0,"Livingston","Livonia town","New York"
"3605142961",2019,"B17001H_SnrPov","White (Non-Hispanic)",41.8181818181818,48.208764419697,"Livingston","Livonia town","New York"
"3605142961",2019,"B17001I_SnrPov","Hispanic or Latino (Any Race)",0,0,"Livingston","Livonia town","New York"
"3605142961",2020,"B17001B_SnrPov","Black (Non-Hispanic)",0,0,"Livingston","Livonia town","New York"
"3605142961",2020,"B17001C_SnrPov","Native American (Non-Hispanic)",0,0,"Livingston","Livonia town","New York"
"3605142961",2020,"B17001D_SnrPov","Asian (Non-Hispanic)",0,0,"Livingston","Livonia town","New York"
"3605142961",2020,"B17001E_SnrPov","Pacific Islander (Non-Hispanic)",0,0,"Livingston","Livonia town","New York"
"3605142961",2020,"B17001F_SnrPov","Other (Non-Hispanic)",0,0,"Livingston","Livonia town","New York"
"3605142961",2020,"B17001G_SnrPov","Two or More Races (Non-Hispanic)",0,0,"Livingston","Livonia town","New York"
"3605142961",2020,"B17001H_SnrPov","White (Non-Hispanic)",47.2727272727273,30.6819069481422,"Livingston","Livonia town","New York"
"3605142961",2020,"B17001I_SnrPov","Hispanic or Latino (Any Race)",0,0,"Livingston","Livonia town","New York"
"3605142961",2021,"B17001B_SnrPov","Black (Non-Hispanic)",0,0,"Livingston","Livonia town","New York"
"3605142961",2021,"B17001C_SnrPov","Native American (Non-Hispanic)",0,0,"Livingston","Livonia town","New York"
"3605142961",2021,"B17001D_SnrPov","Asian (Non-Hispanic)",0,0,"Livingston","Livonia town","New York"
"3605142961",2021,"B17001E_SnrPov","Pacific Islander (Non-Hispanic)",0,0,"Livingston","Livonia town","New York"
"3605142961",2021,"B17001F_SnrPov","Other (Non-Hispanic)",0,0,"Livingston","Livonia town","New York"
"3605142961",2021,"B17001G_SnrPov","Two or More Races (Non-Hispanic)",0,0,"Livingston","Livonia town","New York"
"3605142961",2021,"B17001H_SnrPov","White (Non-Hispanic)",38.7755102040816,19.0984239652089,"Livingston","Livonia town","New York"
"3605142961",2021,"B17001I_SnrPov","Hispanic or Latino (Any Race)",0,0,"Livingston","Livonia town","New York"
"3605142961",2022,"B17001B_SnrPov","Black (Non-Hispanic)",0,0,"Livingston","Livonia town","New York"
"3605142961",2022,"B17001C_SnrPov","Native American (Non-Hispanic)",0,0,"Livingston","Livonia town","New York"
"3605142961",2022,"B17001D_SnrPov","Asian (Non-Hispanic)",0,0,"Livingston","Livonia town","New York"
"3605142961",2022,"B17001E_SnrPov","Pacific Islander (Non-Hispanic)",0,0,"Livingston","Livonia town","New York"
"3605142961",2022,"B17001F_SnrPov","Other (Non-Hispanic)",0,0,"Livingston","Livonia town","New York"
"3605142961",2022,"B17001G_SnrPov","Two or More Races (Non-Hispanic)",0,0,"Livingston","Livonia town","New York"
"3605142961",2022,"B17001H_SnrPov","White (Non-Hispanic)",40.9090909090909,17.4393438407894,"Livingston","Livonia town","New York"
"3605142961",2022,"B17001I_SnrPov","Hispanic or Latino (Any Race)",0,0,"Livingston","Livonia town","New York"
"3605142961",2023,"B17001B_SnrPov","Black (Non-Hispanic)",0,0,"Livingston","Livonia town","New York"
"3605142961",2023,"B17001C_SnrPov","Native American (Non-Hispanic)",0,0,"Livingston","Livonia town","New York"
"3605142961",2023,"B17001D_SnrPov","Asian (Non-Hispanic)",0,0,"Livingston","Livonia town","New York"
"3605142961",2023,"B17001E_SnrPov","Pacific Islander (Non-Hispanic)",0,0,"Livingston","Livonia town","New York"
"3605142961",2023,"B17001F_SnrPov","Other (Non-Hispanic)",0,0,"Livingston","Livonia town","New York"
"3605142961",2023,"B17001G_SnrPov","Two or More Races (Non-Hispanic)",0,0,"Livingston","Livonia town","New York"
"3605142961",2023,"B17001H_SnrPov","White (Non-Hispanic)",30.7692307692308,16.3514225149708,"Livingston","Livonia town","New York"
"3605142961",2023,"B17001I_SnrPov","Hispanic or Latino (Any Race)",0,0,"Livingston","Livonia town","New York"
"3605142961",2024,"B17001B_SnrPov","Black (Non-Hispanic)",0,0,"Livingston","Livonia town","New York"
"3605142961",2024,"B17001C_SnrPov","Native American (Non-Hispanic)",0,0,"Livingston","Livonia town","New York"
"3605142961",2024,"B17001D_SnrPov","Asian (Non-Hispanic)",0,0,"Livingston","Livonia town","New York"
"3605142961",2024,"B17001E_SnrPov","Pacific Islander (Non-Hispanic)",0,0,"Livingston","Livonia town","New York"
"3605142961",2024,"B17001F_SnrPov","Other (Non-Hispanic)",0,0,"Livingston","Livonia town","New York"
"3605142961",2024,"B17001G_SnrPov","Two or More Races (Non-Hispanic)",0,0,"Livingston","Livonia town","New York"
"3605142961",2024,"B17001H_SnrPov","White (Non-Hispanic)",31.1475409836066,18.9029940652256,"Livingston","Livonia town","New York"
"3605142961",2024,"B17001I_SnrPov","Hispanic or Latino (Any Race)",0,0,"Livingston","Livonia town","New York"
"3605148956",2017,"B17001B_SnrPov","Black (Non-Hispanic)",100,250.679549796928,"Livingston","Mount Morris town","New York"
"3605148956",2017,"B17001C_SnrPov","Native American (Non-Hispanic)",0,0,"Livingston","Mount Morris town","New York"
"3605148956",2017,"B17001D_SnrPov","Asian (Non-Hispanic)",0,0,"Livingston","Mount Morris town","New York"
"3605148956",2017,"B17001E_SnrPov","Pacific Islander (Non-Hispanic)",0,0,"Livingston","Mount Morris town","New York"
"3605148956",2017,"B17001F_SnrPov","Other (Non-Hispanic)",0,0,"Livingston","Mount Morris town","New York"
"3605148956",2017,"B17001G_SnrPov","Two or More Races (Non-Hispanic)",0,0,"Livingston","Mount Morris town","New York"
"3605148956",2017,"B17001H_SnrPov","White (Non-Hispanic)",14.2857142857143,13.2255154522028,"Livingston","Mount Morris town","New York"
"3605148956",2017,"B17001I_SnrPov","Hispanic or Latino (Any Race)",0,0,"Livingston","Mount Morris town","New York"
"3605148956",2018,"B17001B_SnrPov","Black (Non-Hispanic)",100,238.64853865046,"Livingston","Mount Morris town","New York"
"3605148956",2018,"B17001C_SnrPov","Native American (Non-Hispanic)",0,0,"Livingston","Mount Morris town","New York"
"3605148956",2018,"B17001D_SnrPov","Asian (Non-Hispanic)",0,0,"Livingston","Mount Morris town","New York"
"3605148956",2018,"B17001E_SnrPov","Pacific Islander (Non-Hispanic)",0,0,"Livingston","Mount Morris town","New York"
"3605148956",2018,"B17001F_SnrPov","Other (Non-Hispanic)",0,0,"Livingston","Mount Morris town","New York"
"3605148956",2018,"B17001G_SnrPov","Two or More Races (Non-Hispanic)",0,0,"Livingston","Mount Morris town","New York"
"3605148956",2018,"B17001H_SnrPov","White (Non-Hispanic)",19.4444444444444,18.9980111650956,"Livingston","Mount Morris town","New York"
"3605148956",2018,"B17001I_SnrPov","Hispanic or Latino (Any Race)",0,0,"Livingston","Mount Morris town","New York"
"3605148956",2019,"B17001B_SnrPov","Black (Non-Hispanic)",100,311.126983722081,"Livingston","Mount Morris town","New York"
"3605148956",2019,"B17001C_SnrPov","Native American (Non-Hispanic)",0,0,"Livingston","Mount Morris town","New York"
"3605148956",2019,"B17001D_SnrPov","Asian (Non-Hispanic)",0,0,"Livingston","Mount Morris town","New York"
"3605148956",2019,"B17001E_SnrPov","Pacific Islander (Non-Hispanic)",0,0,"Livingston","Mount Morris town","New York"
"3605148956",2019,"B17001F_SnrPov","Other (Non-Hispanic)",0,0,"Livingston","Mount Morris town","New York"
"3605148956",2019,"B17001G_SnrPov","Two or More Races (Non-Hispanic)",0,0,"Livingston","Mount Morris town","New York"
"3605148956",2019,"B17001H_SnrPov","White (Non-Hispanic)",41.1214953271028,25.0084361023269,"Livingston","Mount Morris town","New York"
"3605148956",2019,"B17001I_SnrPov","Hispanic or Latino (Any Race)",0,0,"Livingston","Mount Morris town","New York"
"3605148956",2020,"B17001B_SnrPov","Black (Non-Hispanic)",100,357.508741151877,"Livingston","Mount Morris town","New York"
"3605148956",2020,"B17001C_SnrPov","Native American (Non-Hispanic)",0,0,"Livingston","Mount Morris town","New York"
"3605148956",2020,"B17001D_SnrPov","Asian (Non-Hispanic)",0,0,"Livingston","Mount Morris town","New York"
"3605148956",2020,"B17001E_SnrPov","Pacific Islander (Non-Hispanic)",0,0,"Livingston","Mount Morris town","New York"
"3605148956",2020,"B17001F_SnrPov","Other (Non-Hispanic)",0,0,"Livingston","Mount Morris town","New York"
"3605148956",2020,"B17001G_SnrPov","Two or More Races (Non-Hispanic)",0,0,"Livingston","Mount Morris town","New York"
"3605148956",2020,"B17001H_SnrPov","White (Non-Hispanic)",28.1818181818182,21.1809378676427,"Livingston","Mount Morris town","New York"
"3605148956",2020,"B17001I_SnrPov","Hispanic or Latino (Any Race)",0,0,"Livingston","Mount Morris town","New York"
"3605148956",2021,"B17001B_SnrPov","Black (Non-Hispanic)",100,911.652955411823,"Livingston","Mount Morris town","New York"
"3605148956",2021,"B17001C_SnrPov","Native American (Non-Hispanic)",0,0,"Livingston","Mount Morris town","New York"
"3605148956",2021,"B17001D_SnrPov","Asian (Non-Hispanic)",0,0,"Livingston","Mount Morris town","New York"
"3605148956",2021,"B17001E_SnrPov","Pacific Islander (Non-Hispanic)",0,0,"Livingston","Mount Morris town","New York"
"3605148956",2021,"B17001F_SnrPov","Other (Non-Hispanic)",0,0,"Livingston","Mount Morris town","New York"
"3605148956",2021,"B17001G_SnrPov","Two or More Races (Non-Hispanic)",0,0,"Livingston","Mount Morris town","New York"
"3605148956",2021,"B17001H_SnrPov","White (Non-Hispanic)",20.1550387596899,18.7657079900977,"Livingston","Mount Morris town","New York"
"3605148956",2021,"B17001I_SnrPov","Hispanic or Latino (Any Race)",0,0,"Livingston","Mount Morris town","New York"
"3605148956",2022,"B17001B_SnrPov","Black (Non-Hispanic)",0,919.238815542512,"Livingston","Mount Morris town","New York"
"3605148956",2022,"B17001C_SnrPov","Native American (Non-Hispanic)",0,0,"Livingston","Mount Morris town","New York"
"3605148956",2022,"B17001D_SnrPov","Asian (Non-Hispanic)",0,0,"Livingston","Mount Morris town","New York"
"3605148956",2022,"B17001E_SnrPov","Pacific Islander (Non-Hispanic)",0,0,"Livingston","Mount Morris town","New York"
"3605148956",2022,"B17001F_SnrPov","Other (Non-Hispanic)",0,0,"Livingston","Mount Morris town","New York"
"3605148956",2022,"B17001G_SnrPov","Two or More Races (Non-Hispanic)",0,0,"Livingston","Mount Morris town","New York"
"3605148956",2022,"B17001H_SnrPov","White (Non-Hispanic)",27.7777777777778,23.7842415722241,"Livingston","Mount Morris town","New York"
"3605148956",2022,"B17001I_SnrPov","Hispanic or Latino (Any Race)",0,0,"Livingston","Mount Morris town","New York"
"3605148956",2023,"B17001B_SnrPov","Black (Non-Hispanic)",0,1838.47763108502,"Livingston","Mount Morris town","New York"
"3605148956",2023,"B17001C_SnrPov","Native American (Non-Hispanic)",0,0,"Livingston","Mount Morris town","New York"
"3605148956",2023,"B17001D_SnrPov","Asian (Non-Hispanic)",0,0,"Livingston","Mount Morris town","New York"
"3605148956",2023,"B17001E_SnrPov","Pacific Islander (Non-Hispanic)",0,0,"Livingston","Mount Morris town","New York"
"3605148956",2023,"B17001F_SnrPov","Other (Non-Hispanic)",0,0,"Livingston","Mount Morris town","New York"
"3605148956",2023,"B17001G_SnrPov","Two or More Races (Non-Hispanic)",0,0,"Livingston","Mount Morris town","New York"
"3605148956",2023,"B17001H_SnrPov","White (Non-Hispanic)",35.3982300884956,22.7181728100279,"Livingston","Mount Morris town","New York"
"3605148956",2023,"B17001I_SnrPov","Hispanic or Latino (Any Race)",0,0,"Livingston","Mount Morris town","New York"
"3605148956",2024,"B17001B_SnrPov","Black (Non-Hispanic)",0,1979.89898732233,"Livingston","Mount Morris town","New York"
"3605148956",2024,"B17001C_SnrPov","Native American (Non-Hispanic)",0,0,"Livingston","Mount Morris town","New York"
"3605148956",2024,"B17001D_SnrPov","Asian (Non-Hispanic)",0,0,"Livingston","Mount Morris town","New York"
"3605148956",2024,"B17001E_SnrPov","Pacific Islander (Non-Hispanic)",0,0,"Livingston","Mount Morris town","New York"
"3605148956",2024,"B17001F_SnrPov","Other (Non-Hispanic)",0,0,"Livingston","Mount Morris town","New York"
"3605148956",2024,"B17001G_SnrPov","Two or More Races (Non-Hispanic)",0,0,"Livingston","Mount Morris town","New York"
"3605148956",2024,"B17001H_SnrPov","White (Non-Hispanic)",5.31914893617021,17.2196786792762,"Livingston","Mount Morris town","New York"
"3605148956",2024,"B17001I_SnrPov","Hispanic or Latino (Any Race)",0,0,"Livingston","Mount Morris town","New York"
"3605151869",2017,"B17001B_SnrPov","Black (Non-Hispanic)",0,0,"Livingston","North Dansville town","New York"
"3605151869",2017,"B17001C_SnrPov","Native American (Non-Hispanic)",0,0,"Livingston","North Dansville town","New York"
"3605151869",2017,"B17001D_SnrPov","Asian (Non-Hispanic)",0,0,"Livingston","North Dansville town","New York"
"3605151869",2017,"B17001E_SnrPov","Pacific Islander (Non-Hispanic)",0,0,"Livingston","North Dansville town","New York"
"3605151869",2017,"B17001F_SnrPov","Other (Non-Hispanic)",0,0,"Livingston","North Dansville town","New York"
"3605151869",2017,"B17001G_SnrPov","Two or More Races (Non-Hispanic)",0,226.274169979695,"Livingston","North Dansville town","New York"
"3605151869",2017,"B17001H_SnrPov","White (Non-Hispanic)",15.9663865546218,19.8700462988344,"Livingston","North Dansville town","New York"
"3605151869",2017,"B17001I_SnrPov","Hispanic or Latino (Any Race)",0,0,"Livingston","North Dansville town","New York"
"3605151869",2018,"B17001B_SnrPov","Black (Non-Hispanic)",0,0,"Livingston","North Dansville town","New York"
"3605151869",2018,"B17001C_SnrPov","Native American (Non-Hispanic)",0,0,"Livingston","North Dansville town","New York"
"3605151869",2018,"B17001D_SnrPov","Asian (Non-Hispanic)",0,0,"Livingston","North Dansville town","New York"
"3605151869",2018,"B17001E_SnrPov","Pacific Islander (Non-Hispanic)",0,0,"Livingston","North Dansville town","New York"
"3605151869",2018,"B17001F_SnrPov","Other (Non-Hispanic)",0,0,"Livingston","North Dansville town","New York"
"3605151869",2018,"B17001G_SnrPov","Two or More Races (Non-Hispanic)",0,184.935619694943,"Livingston","North Dansville town","New York"
"3605151869",2018,"B17001H_SnrPov","White (Non-Hispanic)",17.3469387755102,27.9044451253612,"Livingston","North Dansville town","New York"
"3605151869",2018,"B17001I_SnrPov","Hispanic or Latino (Any Race)",0,0,"Livingston","North Dansville town","New York"
"3605151869",2019,"B17001B_SnrPov","Black (Non-Hispanic)",0,0,"Livingston","North Dansville town","New York"
"3605151869",2019,"B17001C_SnrPov","Native American (Non-Hispanic)",0,0,"Livingston","North Dansville town","New York"
"3605151869",2019,"B17001D_SnrPov","Asian (Non-Hispanic)",0,0,"Livingston","North Dansville town","New York"
"3605151869",2019,"B17001E_SnrPov","Pacific Islander (Non-Hispanic)",0,0,"Livingston","North Dansville town","New York"
"3605151869",2019,"B17001F_SnrPov","Other (Non-Hispanic)",0,0,"Livingston","North Dansville town","New York"
"3605151869",2019,"B17001G_SnrPov","Two or More Races (Non-Hispanic)",0,150.260191002141,"Livingston","North Dansville town","New York"
"3605151869",2019,"B17001H_SnrPov","White (Non-Hispanic)",25.6880733944954,26.7084372323087,"Livingston","North Dansville town","New York"
"3605151869",2019,"B17001I_SnrPov","Hispanic or Latino (Any Race)",0,0,"Livingston","North Dansville town","New York"
"3605151869",2020,"B17001B_SnrPov","Black (Non-Hispanic)",0,0,"Livingston","North Dansville town","New York"
"3605151869",2020,"B17001C_SnrPov","Native American (Non-Hispanic)",0,0,"Livingston","North Dansville town","New York"
"3605151869",2020,"B17001D_SnrPov","Asian (Non-Hispanic)",0,0,"Livingston","North Dansville town","New York"
"3605151869",2020,"B17001E_SnrPov","Pacific Islander (Non-Hispanic)",0,0,"Livingston","North Dansville town","New York"
"3605151869",2020,"B17001F_SnrPov","Other (Non-Hispanic)",0,0,"Livingston","North Dansville town","New York"
"3605151869",2020,"B17001G_SnrPov","Two or More Races (Non-Hispanic)",0,184.935619694943,"Livingston","North Dansville town","New York"
"3605151869",2020,"B17001H_SnrPov","White (Non-Hispanic)",32.7272727272727,44.6719221630143,"Livingston","North Dansville town","New York"
"3605151869",2020,"B17001I_SnrPov","Hispanic or Latino (Any Race)",0,0,"Livingston","North Dansville town","New York"
"3605151869",2021,"B17001B_SnrPov","Black (Non-Hispanic)",100,673.712764380258,"Livingston","North Dansville town","New York"
"3605151869",2021,"B17001C_SnrPov","Native American (Non-Hispanic)",0,0,"Livingston","North Dansville town","New York"
"3605151869",2021,"B17001D_SnrPov","Asian (Non-Hispanic)",0,0,"Livingston","North Dansville town","New York"
"3605151869",2021,"B17001E_SnrPov","Pacific Islander (Non-Hispanic)",0,0,"Livingston","North Dansville town","New York"
"3605151869",2021,"B17001F_SnrPov","Other (Non-Hispanic)",0,0,"Livingston","North Dansville town","New York"
"3605151869",2021,"B17001G_SnrPov","Two or More Races (Non-Hispanic)",0,363.654916038796,"Livingston","North Dansville town","New York"
"3605151869",2021,"B17001H_SnrPov","White (Non-Hispanic)",53.6231884057971,45.9555318096037,"Livingston","North Dansville town","New York"
"3605151869",2021,"B17001I_SnrPov","Hispanic or Latino (Any Race)",0,0,"Livingston","North Dansville town","New York"
"3605151869",2022,"B17001B_SnrPov","Black (Non-Hispanic)",100,545.690184791497,"Livingston","North Dansville town","New York"
"3605151869",2022,"B17001C_SnrPov","Native American (Non-Hispanic)",0,0,"Livingston","North Dansville town","New York"
"3605151869",2022,"B17001D_SnrPov","Asian (Non-Hispanic)",0,0,"Livingston","North Dansville town","New York"
"3605151869",2022,"B17001E_SnrPov","Pacific Islander (Non-Hispanic)",0,0,"Livingston","North Dansville town","New York"
"3605151869",2022,"B17001F_SnrPov","Other (Non-Hispanic)",0,0,"Livingston","North Dansville town","New York"
"3605151869",2022,"B17001G_SnrPov","Two or More Races (Non-Hispanic)",0,0,"Livingston","North Dansville town","New York"
"3605151869",2022,"B17001H_SnrPov","White (Non-Hispanic)",64.5569620253165,37.3555367041665,"Livingston","North Dansville town","New York"
"3605151869",2022,"B17001I_SnrPov","Hispanic or Latino (Any Race)",0,0,"Livingston","North Dansville town","New York"
"3605151869",2023,"B17001B_SnrPov","Black (Non-Hispanic)",100,448.918453371854,"Livingston","North Dansville town","New York"
"3605151869",2023,"B17001C_SnrPov","Native American (Non-Hispanic)",0,0,"Livingston","North Dansville town","New York"
"3605151869",2023,"B17001D_SnrPov","Asian (Non-Hispanic)",0,0,"Livingston","North Dansville town","New York"
"3605151869",2023,"B17001E_SnrPov","Pacific Islander (Non-Hispanic)",0,0,"Livingston","North Dansville town","New York"
"3605151869",2023,"B17001F_SnrPov","Other (Non-Hispanic)",0,0,"Livingston","North Dansville town","New York"
"3605151869",2023,"B17001G_SnrPov","Two or More Races (Non-Hispanic)",0,0,"Livingston","North Dansville town","New York"
"3605151869",2023,"B17001H_SnrPov","White (Non-Hispanic)",73.3333333333333,35.7414076909953,"Livingston","North Dansville town","New York"
"3605151869",2023,"B17001I_SnrPov","Hispanic or Latino (Any Race)",0,0,"Livingston","North Dansville town","New York"
"3605151869",2024,"B17001B_SnrPov","Black (Non-Hispanic)",100,483.476990145343,"Livingston","North Dansville town","New York"
"3605151869",2024,"B17001C_SnrPov","Native American (Non-Hispanic)",0,0,"Livingston","North Dansville town","New York"
"3605151869",2024,"B17001D_SnrPov","Asian (Non-Hispanic)",0,0,"Livingston","North Dansville town","New York"
"3605151869",2024,"B17001E_SnrPov","Pacific Islander (Non-Hispanic)",0,0,"Livingston","North Dansville town","New York"
"3605151869",2024,"B17001F_SnrPov","Other (Non-Hispanic)",0,0,"Livingston","North Dansville town","New York"
"3605151869",2024,"B17001G_SnrPov","Two or More Races (Non-Hispanic)",0,0,"Livingston","North Dansville town","New York"
"3605151869",2024,"B17001H_SnrPov","White (Non-Hispanic)",67.9389312977099,42.6035342671679,"Livingston","North Dansville town","New York"
"3605151869",2024,"B17001I_SnrPov","Hispanic or Latino (Any Race)",0,0,"Livingston","North Dansville town","New York"
"3605154089",2017,"B17001B_SnrPov","Black (Non-Hispanic)",0,70.7106781186547,"Livingston","Nunda town","New York"
"3605154089",2017,"B17001C_SnrPov","Native American (Non-Hispanic)",0,0,"Livingston","Nunda town","New York"
"3605154089",2017,"B17001D_SnrPov","Asian (Non-Hispanic)",0,0,"Livingston","Nunda town","New York"
"3605154089",2017,"B17001E_SnrPov","Pacific Islander (Non-Hispanic)",0,0,"Livingston","Nunda town","New York"
"3605154089",2017,"B17001F_SnrPov","Other (Non-Hispanic)",0,0,"Livingston","Nunda town","New York"
"3605154089",2017,"B17001G_SnrPov","Two or More Races (Non-Hispanic)",0,0,"Livingston","Nunda town","New York"
"3605154089",2017,"B17001H_SnrPov","White (Non-Hispanic)",17.5925925925926,17.356360168923,"Livingston","Nunda town","New York"
"3605154089",2017,"B17001I_SnrPov","Hispanic or Latino (Any Race)",0,0,"Livingston","Nunda town","New York"
"3605154089",2018,"B17001B_SnrPov","Black (Non-Hispanic)",0,212.132034355964,"Livingston","Nunda town","New York"
"3605154089",2018,"B17001C_SnrPov","Native American (Non-Hispanic)",0,0,"Livingston","Nunda town","New York"
"3605154089",2018,"B17001D_SnrPov","Asian (Non-Hispanic)",0,0,"Livingston","Nunda town","New York"
"3605154089",2018,"B17001E_SnrPov","Pacific Islander (Non-Hispanic)",0,0,"Livingston","Nunda town","New York"
"3605154089",2018,"B17001F_SnrPov","Other (Non-Hispanic)",0,0,"Livingston","Nunda town","New York"
"3605154089",2018,"B17001G_SnrPov","Two or More Races (Non-Hispanic)",0,0,"Livingston","Nunda town","New York"
"3605154089",2018,"B17001H_SnrPov","White (Non-Hispanic)",21.2121212121212,16.7209873337654,"Livingston","Nunda town","New York"
"3605154089",2018,"B17001I_SnrPov","Hispanic or Latino (Any Race)",0,0,"Livingston","Nunda town","New York"
"3605154089",2019,"B17001B_SnrPov","Black (Non-Hispanic)",0,212.132034355964,"Livingston","Nunda town","New York"
"3605154089",2019,"B17001C_SnrPov","Native American (Non-Hispanic)",0,0,"Livingston","Nunda town","New York"
"3605154089",2019,"B17001D_SnrPov","Asian (Non-Hispanic)",0,0,"Livingston","Nunda town","New York"
"3605154089",2019,"B17001E_SnrPov","Pacific Islander (Non-Hispanic)",0,0,"Livingston","Nunda town","New York"
"3605154089",2019,"B17001F_SnrPov","Other (Non-Hispanic)",0,0,"Livingston","Nunda town","New York"
"3605154089",2019,"B17001G_SnrPov","Two or More Races (Non-Hispanic)",0,0,"Livingston","Nunda town","New York"
"3605154089",2019,"B17001H_SnrPov","White (Non-Hispanic)",30.5555555555556,18.0227526991236,"Livingston","Nunda town","New York"
"3605154089",2019,"B17001I_SnrPov","Hispanic or Latino (Any Race)",0,0,"Livingston","Nunda town","New York"
"3605154089",2020,"B17001B_SnrPov","Black (Non-Hispanic)",0,188.561808316413,"Livingston","Nunda town","New York"
"3605154089",2020,"B17001C_SnrPov","Native American (Non-Hispanic)",0,0,"Livingston","Nunda town","New York"
"3605154089",2020,"B17001D_SnrPov","Asian (Non-Hispanic)",0,0,"Livingston","Nunda town","New York"
"3605154089",2020,"B17001E_SnrPov","Pacific Islander (Non-Hispanic)",0,0,"Livingston","Nunda town","New York"
"3605154089",2020,"B17001F_SnrPov","Other (Non-Hispanic)",0,0,"Livingston","Nunda town","New York"
"3605154089",2020,"B17001G_SnrPov","Two or More Races (Non-Hispanic)",0,0,"Livingston","Nunda town","New York"
"3605154089",2020,"B17001H_SnrPov","White (Non-Hispanic)",32.8125,24.2850595674497,"Livingston","Nunda town","New York"
"3605154089",2020,"B17001I_SnrPov","Hispanic or Latino (Any Race)",0,0,"Livingston","Nunda town","New York"
"3605154089",2021,"B17001B_SnrPov","Black (Non-Hispanic)",0,367.695526217005,"Livingston","Nunda town","New York"
"3605154089",2021,"B17001C_SnrPov","Native American (Non-Hispanic)",0,0,"Livingston","Nunda town","New York"
"3605154089",2021,"B17001D_SnrPov","Asian (Non-Hispanic)",0,0,"Livingston","Nunda town","New York"
"3605154089",2021,"B17001E_SnrPov","Pacific Islander (Non-Hispanic)",0,0,"Livingston","Nunda town","New York"
"3605154089",2021,"B17001F_SnrPov","Other (Non-Hispanic)",0,0,"Livingston","Nunda town","New York"
"3605154089",2021,"B17001G_SnrPov","Two or More Races (Non-Hispanic)",0,0,"Livingston","Nunda town","New York"
"3605154089",2021,"B17001H_SnrPov","White (Non-Hispanic)",39.2857142857143,26.3171170976679,"Livingston","Nunda town","New York"
"3605154089",2021,"B17001I_SnrPov","Hispanic or Latino (Any Race)",0,0,"Livingston","Nunda town","New York"
"3605154089",2022,"B17001B_SnrPov","Black (Non-Hispanic)",0,0,"Livingston","Nunda town","New York"
"3605154089",2022,"B17001C_SnrPov","Native American (Non-Hispanic)",0,0,"Livingston","Nunda town","New York"
"3605154089",2022,"B17001D_SnrPov","Asian (Non-Hispanic)",0,0,"Livingston","Nunda town","New York"
"3605154089",2022,"B17001E_SnrPov","Pacific Islander (Non-Hispanic)",0,0,"Livingston","Nunda town","New York"
"3605154089",2022,"B17001F_SnrPov","Other (Non-Hispanic)",0,0,"Livingston","Nunda town","New York"
"3605154089",2022,"B17001G_SnrPov","Two or More Races (Non-Hispanic)",0,0,"Livingston","Nunda town","New York"
"3605154089",2022,"B17001H_SnrPov","White (Non-Hispanic)",62.0689655172414,35.786686945632,"Livingston","Nunda town","New York"
"3605154089",2022,"B17001I_SnrPov","Hispanic or Latino (Any Race)",0,0,"Livingston","Nunda town","New York"
"3605154089",2023,"B17001B_SnrPov","Black (Non-Hispanic)",0,0,"Livingston","Nunda town","New York"
"3605154089",2023,"B17001C_SnrPov","Native American (Non-Hispanic)",0,0,"Livingston","Nunda town","New York"
"3605154089",2023,"B17001D_SnrPov","Asian (Non-Hispanic)",0,0,"Livingston","Nunda town","New York"
"3605154089",2023,"B17001E_SnrPov","Pacific Islander (Non-Hispanic)",0,0,"Livingston","Nunda town","New York"
"3605154089",2023,"B17001F_SnrPov","Other (Non-Hispanic)",0,0,"Livingston","Nunda town","New York"
"3605154089",2023,"B17001G_SnrPov","Two or More Races (Non-Hispanic)",0,0,"Livingston","Nunda town","New York"
"3605154089",2023,"B17001H_SnrPov","White (Non-Hispanic)",59.6153846153846,33.8159136525748,"Livingston","Nunda town","New York"
"3605154089",2023,"B17001I_SnrPov","Hispanic or Latino (Any Race)",0,0,"Livingston","Nunda town","New York"
"3605154089",2024,"B17001B_SnrPov","Black (Non-Hispanic)",0,94.2809041582063,"Livingston","Nunda town","New York"
"3605154089",2024,"B17001C_SnrPov","Native American (Non-Hispanic)",0,0,"Livingston","Nunda town","New York"
"3605154089",2024,"B17001D_SnrPov","Asian (Non-Hispanic)",0,0,"Livingston","Nunda town","New York"
"3605154089",2024,"B17001E_SnrPov","Pacific Islander (Non-Hispanic)",0,0,"Livingston","Nunda town","New York"
"3605154089",2024,"B17001F_SnrPov","Other (Non-Hispanic)",0,0,"Livingston","Nunda town","New York"
"3605154089",2024,"B17001G_SnrPov","Two or More Races (Non-Hispanic)",0,0,"Livingston","Nunda town","New York"
"3605154089",2024,"B17001H_SnrPov","White (Non-Hispanic)",71.4285714285714,51.0620578299236,"Livingston","Nunda town","New York"
"3605154089",2024,"B17001I_SnrPov","Hispanic or Latino (Any Race)",0,0,"Livingston","Nunda town","New York"
"3605155508",2017,"B17001B_SnrPov","Black (Non-Hispanic)",0,0,"Livingston","Ossian town","New York"
"3605155508",2017,"B17001C_SnrPov","Native American (Non-Hispanic)",0,0,"Livingston","Ossian town","New York"
"3605155508",2017,"B17001D_SnrPov","Asian (Non-Hispanic)",0,0,"Livingston","Ossian town","New York"
"3605155508",2017,"B17001E_SnrPov","Pacific Islander (Non-Hispanic)",0,0,"Livingston","Ossian town","New York"
"3605155508",2017,"B17001F_SnrPov","Other (Non-Hispanic)",0,0,"Livingston","Ossian town","New York"
"3605155508",2017,"B17001G_SnrPov","Two or More Races (Non-Hispanic)",50,137.94121131039,"Livingston","Ossian town","New York"
"3605155508",2017,"B17001H_SnrPov","White (Non-Hispanic)",37.5,61.7632355501637,"Livingston","Ossian town","New York"
"3605155508",2017,"B17001I_SnrPov","Hispanic or Latino (Any Race)",0,0,"Livingston","Ossian town","New York"
"3605155508",2018,"B17001B_SnrPov","Black (Non-Hispanic)",0,0,"Livingston","Ossian town","New York"
"3605155508",2018,"B17001C_SnrPov","Native American (Non-Hispanic)",0,0,"Livingston","Ossian town","New York"
"3605155508",2018,"B17001D_SnrPov","Asian (Non-Hispanic)",0,0,"Livingston","Ossian town","New York"
"3605155508",2018,"B17001E_SnrPov","Pacific Islander (Non-Hispanic)",0,0,"Livingston","Ossian town","New York"
"3605155508",2018,"B17001F_SnrPov","Other (Non-Hispanic)",0,0,"Livingston","Ossian town","New York"
"3605155508",2018,"B17001G_SnrPov","Two or More Races (Non-Hispanic)",0,0,"Livingston","Ossian town","New York"
"3605155508",2018,"B17001H_SnrPov","White (Non-Hispanic)",33.3333333333333,66.4347819061189,"Livingston","Ossian town","New York"
"3605155508",2018,"B17001I_SnrPov","Hispanic or Latino (Any Race)",0,0,"Livingston","Ossian town","New York"
"3605155508",2019,"B17001B_SnrPov","Black (Non-Hispanic)",0,0,"Livingston","Ossian town","New York"
"3605155508",2019,"B17001C_SnrPov","Native American (Non-Hispanic)",0,0,"Livingston","Ossian town","New York"
"3605155508",2019,"B17001D_SnrPov","Asian (Non-Hispanic)",0,0,"Livingston","Ossian town","New York"
"3605155508",2019,"B17001E_SnrPov","Pacific Islander (Non-Hispanic)",0,0,"Livingston","Ossian town","New York"
"3605155508",2019,"B17001F_SnrPov","Other (Non-Hispanic)",0,0,"Livingston","Ossian town","New York"
"3605155508",2019,"B17001G_SnrPov","Two or More Races (Non-Hispanic)",0,0,"Livingston","Ossian town","New York"
"3605155508",2019,"B17001H_SnrPov","White (Non-Hispanic)",85.7142857142857,117.719019690255,"Livingston","Ossian town","New York"
"3605155508",2019,"B17001I_SnrPov","Hispanic or Latino (Any Race)",0,0,"Livingston","Ossian town","New York"
"3605155508",2020,"B17001B_SnrPov","Black (Non-Hispanic)",0,0,"Livingston","Ossian town","New York"
"3605155508",2020,"B17001C_SnrPov","Native American (Non-Hispanic)",0,0,"Livingston","Ossian town","New York"
"3605155508",2020,"B17001D_SnrPov","Asian (Non-Hispanic)",0,0,"Livingston","Ossian town","New York"
"3605155508",2020,"B17001E_SnrPov","Pacific Islander (Non-Hispanic)",0,0,"Livingston","Ossian town","New York"
"3605155508",2020,"B17001F_SnrPov","Other (Non-Hispanic)",0,0,"Livingston","Ossian town","New York"
"3605155508",2020,"B17001G_SnrPov","Two or More Races (Non-Hispanic)",0,0,"Livingston","Ossian town","New York"
"3605155508",2020,"B17001H_SnrPov","White (Non-Hispanic)",71.4285714285714,96.8796812360647,"Livingston","Ossian town","New York"
"3605155508",2020,"B17001I_SnrPov","Hispanic or Latino (Any Race)",0,0,"Livingston","Ossian town","New York"
"3605155508",2021,"B17001B_SnrPov","Black (Non-Hispanic)",0,0,"Livingston","Ossian town","New York"
"3605155508",2021,"B17001C_SnrPov","Native American (Non-Hispanic)",0,0,"Livingston","Ossian town","New York"
"3605155508",2021,"B17001D_SnrPov","Asian (Non-Hispanic)",0,0,"Livingston","Ossian town","New York"
"3605155508",2021,"B17001E_SnrPov","Pacific Islander (Non-Hispanic)",0,0,"Livingston","Ossian town","New York"
"3605155508",2021,"B17001F_SnrPov","Other (Non-Hispanic)",0,0,"Livingston","Ossian town","New York"
"3605155508",2021,"B17001G_SnrPov","Two or More Races (Non-Hispanic)",0,0,"Livingston","Ossian town","New York"
"3605155508",2021,"B17001H_SnrPov","White (Non-Hispanic)",71.4285714285714,102.944973837891,"Livingston","Ossian town","New York"
"3605155508",2021,"B17001I_SnrPov","Hispanic or Latino (Any Race)",0,0,"Livingston","Ossian town","New York"
"3605155508",2022,"B17001B_SnrPov","Black (Non-Hispanic)",0,0,"Livingston","Ossian town","New York"
"3605155508",2022,"B17001C_SnrPov","Native American (Non-Hispanic)",0,0,"Livingston","Ossian town","New York"
"3605155508",2022,"B17001D_SnrPov","Asian (Non-Hispanic)",0,0,"Livingston","Ossian town","New York"
"3605155508",2022,"B17001E_SnrPov","Pacific Islander (Non-Hispanic)",0,0,"Livingston","Ossian town","New York"
"3605155508",2022,"B17001F_SnrPov","Other (Non-Hispanic)",0,0,"Livingston","Ossian town","New York"
"3605155508",2022,"B17001G_SnrPov","Two or More Races (Non-Hispanic)",0,0,"Livingston","Ossian town","New York"
"3605155508",2022,"B17001H_SnrPov","White (Non-Hispanic)",75,98.4622984636759,"Livingston","Ossian town","New York"
"3605155508",2022,"B17001I_SnrPov","Hispanic or Latino (Any Race)",0,0,"Livingston","Ossian town","New York"
"3605155508",2023,"B17001B_SnrPov","Black (Non-Hispanic)",0,0,"Livingston","Ossian town","New York"
"3605155508",2023,"B17001C_SnrPov","Native American (Non-Hispanic)",0,0,"Livingston","Ossian town","New York"
"3605155508",2023,"B17001D_SnrPov","Asian (Non-Hispanic)",0,0,"Livingston","Ossian town","New York"
"3605155508",2023,"B17001E_SnrPov","Pacific Islander (Non-Hispanic)",0,0,"Livingston","Ossian town","New York"
"3605155508",2023,"B17001F_SnrPov","Other (Non-Hispanic)",0,0,"Livingston","Ossian town","New York"
"3605155508",2023,"B17001G_SnrPov","Two or More Races (Non-Hispanic)",0,0,"Livingston","Ossian town","New York"
"3605155508",2023,"B17001H_SnrPov","White (Non-Hispanic)",81.8181818181818,142.501484348265,"Livingston","Ossian town","New York"
"3605155508",2023,"B17001I_SnrPov","Hispanic or Latino (Any Race)",0,0,"Livingston","Ossian town","New York"
"3605155508",2024,"B17001B_SnrPov","Black (Non-Hispanic)",0,0,"Livingston","Ossian town","New York"
"3605155508",2024,"B17001C_SnrPov","Native American (Non-Hispanic)",0,0,"Livingston","Ossian town","New York"
"3605155508",2024,"B17001D_SnrPov","Asian (Non-Hispanic)",0,0,"Livingston","Ossian town","New York"
"3605155508",2024,"B17001E_SnrPov","Pacific Islander (Non-Hispanic)",0,0,"Livingston","Ossian town","New York"
"3605155508",2024,"B17001F_SnrPov","Other (Non-Hispanic)",0,0,"Livingston","Ossian town","New York"
"3605155508",2024,"B17001G_SnrPov","Two or More Races (Non-Hispanic)",0,0,"Livingston","Ossian town","New York"
"3605155508",2024,"B17001H_SnrPov","White (Non-Hispanic)",50,171.593835683117,"Livingston","Ossian town","New York"
"3605155508",2024,"B17001I_SnrPov","Hispanic or Latino (Any Race)",0,0,"Livingston","Ossian town","New York"
"3605159179",2017,"B17001B_SnrPov","Black (Non-Hispanic)",0,0,"Livingston","Portage town","New York"
"3605159179",2017,"B17001C_SnrPov","Native American (Non-Hispanic)",0,0,"Livingston","Portage town","New York"
"3605159179",2017,"B17001D_SnrPov","Asian (Non-Hispanic)",0,0,"Livingston","Portage town","New York"
"3605159179",2017,"B17001E_SnrPov","Pacific Islander (Non-Hispanic)",0,0,"Livingston","Portage town","New York"
"3605159179",2017,"B17001F_SnrPov","Other (Non-Hispanic)",0,0,"Livingston","Portage town","New York"
"3605159179",2017,"B17001G_SnrPov","Two or More Races (Non-Hispanic)",0,0,"Livingston","Portage town","New York"
"3605159179",2017,"B17001H_SnrPov","White (Non-Hispanic)",37.1428571428571,30.4628736697625,"Livingston","Portage town","New York"
"3605159179",2017,"B17001I_SnrPov","Hispanic or Latino (Any Race)",0,518.544972870135,"Livingston","Portage town","New York"
"3605159179",2018,"B17001B_SnrPov","Black (Non-Hispanic)",0,0,"Livingston","Portage town","New York"
"3605159179",2018,"B17001C_SnrPov","Native American (Non-Hispanic)",0,0,"Livingston","Portage town","New York"
"3605159179",2018,"B17001D_SnrPov","Asian (Non-Hispanic)",0,0,"Livingston","Portage town","New York"
"3605159179",2018,"B17001E_SnrPov","Pacific Islander (Non-Hispanic)",0,0,"Livingston","Portage town","New York"
"3605159179",2018,"B17001F_SnrPov","Other (Non-Hispanic)",0,0,"Livingston","Portage town","New York"
"3605159179",2018,"B17001G_SnrPov","Two or More Races (Non-Hispanic)",0,0,"Livingston","Portage town","New York"
"3605159179",2018,"B17001H_SnrPov","White (Non-Hispanic)",29.6296296296296,51.2130323493939,"Livingston","Portage town","New York"
"3605159179",2018,"B17001I_SnrPov","Hispanic or Latino (Any Race)",0,565.685424949238,"Livingston","Portage town","New York"
"3605159179",2019,"B17001B_SnrPov","Black (Non-Hispanic)",0,0,"Livingston","Portage town","New York"
"3605159179",2019,"B17001C_SnrPov","Native American (Non-Hispanic)",0,0,"Livingston","Portage town","New York"
"3605159179",2019,"B17001D_SnrPov","Asian (Non-Hispanic)",0,0,"Livingston","Portage town","New York"
"3605159179",2019,"B17001E_SnrPov","Pacific Islander (Non-Hispanic)",0,0,"Livingston","Portage town","New York"
"3605159179",2019,"B17001F_SnrPov","Other (Non-Hispanic)",0,0,"Livingston","Portage town","New York"
"3605159179",2019,"B17001G_SnrPov","Two or More Races (Non-Hispanic)",0,0,"Livingston","Portage town","New York"
"3605159179",2019,"B17001H_SnrPov","White (Non-Hispanic)",31.0344827586207,45.0432744943539,"Livingston","Portage town","New York"
"3605159179",2019,"B17001I_SnrPov","Hispanic or Latino (Any Race)",0,565.685424949238,"Livingston","Portage town","New York"
"3605159179",2020,"B17001B_SnrPov","Black (Non-Hispanic)",0,0,"Livingston","Portage town","New York"
"3605159179",2020,"B17001C_SnrPov","Native American (Non-Hispanic)",0,0,"Livingston","Portage town","New York"
"3605159179",2020,"B17001D_SnrPov","Asian (Non-Hispanic)",0,0,"Livingston","Portage town","New York"
"3605159179",2020,"B17001E_SnrPov","Pacific Islander (Non-Hispanic)",0,0,"Livingston","Portage town","New York"
"3605159179",2020,"B17001F_SnrPov","Other (Non-Hispanic)",0,0,"Livingston","Portage town","New York"
"3605159179",2020,"B17001G_SnrPov","Two or More Races (Non-Hispanic)",0,0,"Livingston","Portage town","New York"
"3605159179",2020,"B17001H_SnrPov","White (Non-Hispanic)",25,65.895276765486,"Livingston","Portage town","New York"
"3605159179",2020,"B17001I_SnrPov","Hispanic or Latino (Any Race)",0,848.528137423857,"Livingston","Portage town","New York"
"3605159179",2021,"B17001B_SnrPov","Black (Non-Hispanic)",0,0,"Livingston","Portage town","New York"
"3605159179",2021,"B17001C_SnrPov","Native American (Non-Hispanic)",0,0,"Livingston","Portage town","New York"
"3605159179",2021,"B17001D_SnrPov","Asian (Non-Hispanic)",0,0,"Livingston","Portage town","New York"
"3605159179",2021,"B17001E_SnrPov","Pacific Islander (Non-Hispanic)",0,0,"Livingston","Portage town","New York"
"3605159179",2021,"B17001F_SnrPov","Other (Non-Hispanic)",0,0,"Livingston","Portage town","New York"
"3605159179",2021,"B17001G_SnrPov","Two or More Races (Non-Hispanic)",0,0,"Livingston","Portage town","New York"
"3605159179",2021,"B17001H_SnrPov","White (Non-Hispanic)",33.3333333333333,75.5410298310042,"Livingston","Portage town","New York"
"3605159179",2021,"B17001I_SnrPov","Hispanic or Latino (Any Race)",0,0,"Livingston","Portage town","New York"
"3605159179",2022,"B17001B_SnrPov","Black (Non-Hispanic)",0,0,"Livingston","Portage town","New York"
"3605159179",2022,"B17001C_SnrPov","Native American (Non-Hispanic)",0,0,"Livingston","Portage town","New York"
"3605159179",2022,"B17001D_SnrPov","Asian (Non-Hispanic)",0,0,"Livingston","Portage town","New York"
"3605159179",2022,"B17001E_SnrPov","Pacific Islander (Non-Hispanic)",0,0,"Livingston","Portage town","New York"
"3605159179",2022,"B17001F_SnrPov","Other (Non-Hispanic)",0,0,"Livingston","Portage town","New York"
"3605159179",2022,"B17001G_SnrPov","Two or More Races (Non-Hispanic)",0,0,"Livingston","Portage town","New York"
"3605159179",2022,"B17001H_SnrPov","White (Non-Hispanic)",50,70.2951367450125,"Livingston","Portage town","New York"
"3605159179",2022,"B17001I_SnrPov","Hispanic or Latino (Any Race)",0,0,"Livingston","Portage town","New York"
"3605159179",2023,"B17001B_SnrPov","Black (Non-Hispanic)",0,0,"Livingston","Portage town","New York"
"3605159179",2023,"B17001C_SnrPov","Native American (Non-Hispanic)",0,0,"Livingston","Portage town","New York"
"3605159179",2023,"B17001D_SnrPov","Asian (Non-Hispanic)",0,0,"Livingston","Portage town","New York"
"3605159179",2023,"B17001E_SnrPov","Pacific Islander (Non-Hispanic)",0,0,"Livingston","Portage town","New York"
"3605159179",2023,"B17001F_SnrPov","Other (Non-Hispanic)",0,0,"Livingston","Portage town","New York"
"3605159179",2023,"B17001G_SnrPov","Two or More Races (Non-Hispanic)",0,0,"Livingston","Portage town","New York"
"3605159179",2023,"B17001H_SnrPov","White (Non-Hispanic)",60,36.5634912021389,"Livingston","Portage town","New York"
"3605159179",2023,"B17001I_SnrPov","Hispanic or Latino (Any Race)",0,0,"Livingston","Portage town","New York"
"3605159179",2024,"B17001B_SnrPov","Black (Non-Hispanic)",0,0,"Livingston","Portage town","New York"
"3605159179",2024,"B17001C_SnrPov","Native American (Non-Hispanic)",0,0,"Livingston","Portage town","New York"
"3605159179",2024,"B17001D_SnrPov","Asian (Non-Hispanic)",0,0,"Livingston","Portage town","New York"
"3605159179",2024,"B17001E_SnrPov","Pacific Islander (Non-Hispanic)",0,0,"Livingston","Portage town","New York"
"3605159179",2024,"B17001F_SnrPov","Other (Non-Hispanic)",0,0,"Livingston","Portage town","New York"
"3605159179",2024,"B17001G_SnrPov","Two or More Races (Non-Hispanic)",0,0,"Livingston","Portage town","New York"
"3605159179",2024,"B17001H_SnrPov","White (Non-Hispanic)",60,118.642319599711,"Livingston","Portage town","New York"
"3605159179",2024,"B17001I_SnrPov","Hispanic or Latino (Any Race)",0,0,"Livingston","Portage town","New York"
"3605170101",2017,"B17001B_SnrPov","Black (Non-Hispanic)",0,0,"Livingston","Sparta town","New York"
"3605170101",2017,"B17001C_SnrPov","Native American (Non-Hispanic)",0,0,"Livingston","Sparta town","New York"
"3605170101",2017,"B17001D_SnrPov","Asian (Non-Hispanic)",0,0,"Livingston","Sparta town","New York"
"3605170101",2017,"B17001E_SnrPov","Pacific Islander (Non-Hispanic)",0,0,"Livingston","Sparta town","New York"
"3605170101",2017,"B17001F_SnrPov","Other (Non-Hispanic)",0,0,"Livingston","Sparta town","New York"
"3605170101",2017,"B17001G_SnrPov","Two or More Races (Non-Hispanic)",0,0,"Livingston","Sparta town","New York"
"3605170101",2017,"B17001H_SnrPov","White (Non-Hispanic)",55.5555555555556,56.1287304773793,"Livingston","Sparta town","New York"
"3605170101",2017,"B17001I_SnrPov","Hispanic or Latino (Any Race)",0,0,"Livingston","Sparta town","New York"
"3605170101",2018,"B17001B_SnrPov","Black (Non-Hispanic)",0,0,"Livingston","Sparta town","New York"
"3605170101",2018,"B17001C_SnrPov","Native American (Non-Hispanic)",0,0,"Livingston","Sparta town","New York"
"3605170101",2018,"B17001D_SnrPov","Asian (Non-Hispanic)",0,0,"Livingston","Sparta town","New York"
"3605170101",2018,"B17001E_SnrPov","Pacific Islander (Non-Hispanic)",0,0,"Livingston","Sparta town","New York"
"3605170101",2018,"B17001F_SnrPov","Other (Non-Hispanic)",0,0,"Livingston","Sparta town","New York"
"3605170101",2018,"B17001G_SnrPov","Two or More Races (Non-Hispanic)",0,0,"Livingston","Sparta town","New York"
"3605170101",2018,"B17001H_SnrPov","White (Non-Hispanic)",42.8571428571429,12.2342640900835,"Livingston","Sparta town","New York"
"3605170101",2018,"B17001I_SnrPov","Hispanic or Latino (Any Race)",0,0,"Livingston","Sparta town","New York"
"3605170101",2019,"B17001B_SnrPov","Black (Non-Hispanic)",0,0,"Livingston","Sparta town","New York"
"3605170101",2019,"B17001C_SnrPov","Native American (Non-Hispanic)",0,0,"Livingston","Sparta town","New York"
"3605170101",2019,"B17001D_SnrPov","Asian (Non-Hispanic)",0,0,"Livingston","Sparta town","New York"
"3605170101",2019,"B17001E_SnrPov","Pacific Islander (Non-Hispanic)",0,0,"Livingston","Sparta town","New York"
"3605170101",2019,"B17001F_SnrPov","Other (Non-Hispanic)",0,0,"Livingston","Sparta town","New York"
"3605170101",2019,"B17001G_SnrPov","Two or More Races (Non-Hispanic)",0,0,"Livingston","Sparta town","New York"
"3605170101",2019,"B17001H_SnrPov","White (Non-Hispanic)",25,63.6641578912342,"Livingston","Sparta town","New York"
"3605170101",2019,"B17001I_SnrPov","Hispanic or Latino (Any Race)",0,0,"Livingston","Sparta town","New York"
"3605170101",2020,"B17001B_SnrPov","Black (Non-Hispanic)",0,0,"Livingston","Sparta town","New York"
"3605170101",2020,"B17001C_SnrPov","Native American (Non-Hispanic)",0,0,"Livingston","Sparta town","New York"
"3605170101",2020,"B17001D_SnrPov","Asian (Non-Hispanic)",0,0,"Livingston","Sparta town","New York"
"3605170101",2020,"B17001E_SnrPov","Pacific Islander (Non-Hispanic)",0,0,"Livingston","Sparta town","New York"
"3605170101",2020,"B17001F_SnrPov","Other (Non-Hispanic)",0,0,"Livingston","Sparta town","New York"
"3605170101",2020,"B17001G_SnrPov","Two or More Races (Non-Hispanic)",0,0,"Livingston","Sparta town","New York"
"3605170101",2020,"B17001H_SnrPov","White (Non-Hispanic)",20,64.4282546713785,"Livingston","Sparta town","New York"
"3605170101",2020,"B17001I_SnrPov","Hispanic or Latino (Any Race)",0,0,"Livingston","Sparta town","New York"
"3605170101",2021,"B17001B_SnrPov","Black (Non-Hispanic)",0,0,"Livingston","Sparta town","New York"
"3605170101",2021,"B17001C_SnrPov","Native American (Non-Hispanic)",0,0,"Livingston","Sparta town","New York"
"3605170101",2021,"B17001D_SnrPov","Asian (Non-Hispanic)",0,0,"Livingston","Sparta town","New York"
"3605170101",2021,"B17001E_SnrPov","Pacific Islander (Non-Hispanic)",0,0,"Livingston","Sparta town","New York"
"3605170101",2021,"B17001F_SnrPov","Other (Non-Hispanic)",0,0,"Livingston","Sparta town","New York"
"3605170101",2021,"B17001G_SnrPov","Two or More Races (Non-Hispanic)",0,0,"Livingston","Sparta town","New York"
"3605170101",2021,"B17001H_SnrPov","White (Non-Hispanic)",30.4347826086957,24.8544492452644,"Livingston","Sparta town","New York"
"3605170101",2021,"B17001I_SnrPov","Hispanic or Latino (Any Race)",0,0,"Livingston","Sparta town","New York"
"3605170101",2022,"B17001B_SnrPov","Black (Non-Hispanic)",0,0,"Livingston","Sparta town","New York"
"3605170101",2022,"B17001C_SnrPov","Native American (Non-Hispanic)",0,0,"Livingston","Sparta town","New York"
"3605170101",2022,"B17001D_SnrPov","Asian (Non-Hispanic)",0,0,"Livingston","Sparta town","New York"
"3605170101",2022,"B17001E_SnrPov","Pacific Islander (Non-Hispanic)",0,0,"Livingston","Sparta town","New York"
"3605170101",2022,"B17001F_SnrPov","Other (Non-Hispanic)",0,0,"Livingston","Sparta town","New York"
"3605170101",2022,"B17001G_SnrPov","Two or More Races (Non-Hispanic)",0,0,"Livingston","Sparta town","New York"
"3605170101",2022,"B17001H_SnrPov","White (Non-Hispanic)",30,65.842615379403,"Livingston","Sparta town","New York"
"3605170101",2022,"B17001I_SnrPov","Hispanic or Latino (Any Race)",0,0,"Livingston","Sparta town","New York"
"3605170101",2023,"B17001B_SnrPov","Black (Non-Hispanic)",0,0,"Livingston","Sparta town","New York"
"3605170101",2023,"B17001C_SnrPov","Native American (Non-Hispanic)",0,0,"Livingston","Sparta town","New York"
"3605170101",2023,"B17001D_SnrPov","Asian (Non-Hispanic)",0,0,"Livingston","Sparta town","New York"
"3605170101",2023,"B17001E_SnrPov","Pacific Islander (Non-Hispanic)",0,0,"Livingston","Sparta town","New York"
"3605170101",2023,"B17001F_SnrPov","Other (Non-Hispanic)",100,911.652955411823,"Livingston","Sparta town","New York"
"3605170101",2023,"B17001G_SnrPov","Two or More Races (Non-Hispanic)",0,0,"Livingston","Sparta town","New York"
"3605170101",2023,"B17001H_SnrPov","White (Non-Hispanic)",50,102.232034553211,"Livingston","Sparta town","New York"
"3605170101",2023,"B17001I_SnrPov","Hispanic or Latino (Any Race)",100,911.652955411823,"Livingston","Sparta town","New York"
"3605170101",2024,"B17001B_SnrPov","Black (Non-Hispanic)",0,0,"Livingston","Sparta town","New York"
"3605170101",2024,"B17001C_SnrPov","Native American (Non-Hispanic)",0,0,"Livingston","Sparta town","New York"
"3605170101",2024,"B17001D_SnrPov","Asian (Non-Hispanic)",0,0,"Livingston","Sparta town","New York"
"3605170101",2024,"B17001E_SnrPov","Pacific Islander (Non-Hispanic)",0,0,"Livingston","Sparta town","New York"
"3605170101",2024,"B17001F_SnrPov","Other (Non-Hispanic)",100,975.24925588852,"Livingston","Sparta town","New York"
"3605170101",2024,"B17001G_SnrPov","Two or More Races (Non-Hispanic)",0,494.974746830583,"Livingston","Sparta town","New York"
"3605170101",2024,"B17001H_SnrPov","White (Non-Hispanic)",75,281.492950622214,"Livingston","Sparta town","New York"
"3605170101",2024,"B17001I_SnrPov","Hispanic or Latino (Any Race)",100,975.24925588852,"Livingston","Sparta town","New York"
"3605170475",2017,"B17001B_SnrPov","Black (Non-Hispanic)",100,1155.42200082913,"Livingston","Springwater town","New York"
"3605170475",2017,"B17001C_SnrPov","Native American (Non-Hispanic)",0,0,"Livingston","Springwater town","New York"
"3605170475",2017,"B17001D_SnrPov","Asian (Non-Hispanic)",0,0,"Livingston","Springwater town","New York"
"3605170475",2017,"B17001E_SnrPov","Pacific Islander (Non-Hispanic)",0,0,"Livingston","Springwater town","New York"
"3605170475",2017,"B17001F_SnrPov","Other (Non-Hispanic)",0,0,"Livingston","Springwater town","New York"
"3605170475",2017,"B17001G_SnrPov","Two or More Races (Non-Hispanic)",0,0,"Livingston","Springwater town","New York"
"3605170475",2017,"B17001H_SnrPov","White (Non-Hispanic)",49.0909090909091,25.3426757140773,"Livingston","Springwater town","New York"
"3605170475",2017,"B17001I_SnrPov","Hispanic or Latino (Any Race)",0,0,"Livingston","Springwater town","New York"
"3605170475",2018,"B17001B_SnrPov","Black (Non-Hispanic)",100,865.383665716478,"Livingston","Springwater town","New York"
"3605170475",2018,"B17001C_SnrPov","Native American (Non-Hispanic)",0,0,"Livingston","Springwater town","New York"
"3605170475",2018,"B17001D_SnrPov","Asian (Non-Hispanic)",0,0,"Livingston","Springwater town","New York"
"3605170475",2018,"B17001E_SnrPov","Pacific Islander (Non-Hispanic)",0,0,"Livingston","Springwater town","New York"
"3605170475",2018,"B17001F_SnrPov","Other (Non-Hispanic)",0,0,"Livingston","Springwater town","New York"
"3605170475",2018,"B17001G_SnrPov","Two or More Races (Non-Hispanic)",0,0,"Livingston","Springwater town","New York"
"3605170475",2018,"B17001H_SnrPov","White (Non-Hispanic)",52.1739130434783,22.5994790629099,"Livingston","Springwater town","New York"
"3605170475",2018,"B17001I_SnrPov","Hispanic or Latino (Any Race)",0,0,"Livingston","Springwater town","New York"
"3605170475",2019,"B17001B_SnrPov","Black (Non-Hispanic)",100,696.419413859206,"Livingston","Springwater town","New York"
"3605170475",2019,"B17001C_SnrPov","Native American (Non-Hispanic)",0,0,"Livingston","Springwater town","New York"
"3605170475",2019,"B17001D_SnrPov","Asian (Non-Hispanic)",0,0,"Livingston","Springwater town","New York"
"3605170475",2019,"B17001E_SnrPov","Pacific Islander (Non-Hispanic)",0,0,"Livingston","Springwater town","New York"
"3605170475",2019,"B17001F_SnrPov","Other (Non-Hispanic)",0,0,"Livingston","Springwater town","New York"
"3605170475",2019,"B17001G_SnrPov","Two or More Races (Non-Hispanic)",0,0,"Livingston","Springwater town","New York"
"3605170475",2019,"B17001H_SnrPov","White (Non-Hispanic)",48.936170212766,27.9730169099131,"Livingston","Springwater town","New York"
"3605170475",2019,"B17001I_SnrPov","Hispanic or Latino (Any Race)",53.8461538461538,77.8820515208185,"Livingston","Springwater town","New York"
"3605170475",2020,"B17001B_SnrPov","Black (Non-Hispanic)",100,2465.76560118759,"Livingston","Springwater town","New York"
"3605170475",2020,"B17001C_SnrPov","Native American (Non-Hispanic)",0,0,"Livingston","Springwater town","New York"
"3605170475",2020,"B17001D_SnrPov","Asian (Non-Hispanic)",0,0,"Livingston","Springwater town","New York"
"3605170475",2020,"B17001E_SnrPov","Pacific Islander (Non-Hispanic)",0,0,"Livingston","Springwater town","New York"
"3605170475",2020,"B17001F_SnrPov","Other (Non-Hispanic)",0,0,"Livingston","Springwater town","New York"
"3605170475",2020,"B17001G_SnrPov","Two or More Races (Non-Hispanic)",0,0,"Livingston","Springwater town","New York"
"3605170475",2020,"B17001H_SnrPov","White (Non-Hispanic)",53.5714285714286,25.825223319787,"Livingston","Springwater town","New York"
"3605170475",2020,"B17001I_SnrPov","Hispanic or Latino (Any Race)",50,96.3068014212911,"Livingston","Springwater town","New York"
"3605170475",2021,"B17001B_SnrPov","Black (Non-Hispanic)",0,0,"Livingston","Springwater town","New York"
"3605170475",2021,"B17001C_SnrPov","Native American (Non-Hispanic)",0,0,"Livingston","Springwater town","New York"
"3605170475",2021,"B17001D_SnrPov","Asian (Non-Hispanic)",0,0,"Livingston","Springwater town","New York"
"3605170475",2021,"B17001E_SnrPov","Pacific Islander (Non-Hispanic)",0,0,"Livingston","Springwater town","New York"
"3605170475",2021,"B17001F_SnrPov","Other (Non-Hispanic)",0,0,"Livingston","Springwater town","New York"
"3605170475",2021,"B17001G_SnrPov","Two or More Races (Non-Hispanic)",100,898.146239020499,"Livingston","Springwater town","New York"
"3605170475",2021,"B17001H_SnrPov","White (Non-Hispanic)",48.0769230769231,38.2115760866019,"Livingston","Springwater town","New York"
"3605170475",2021,"B17001I_SnrPov","Hispanic or Latino (Any Race)",50,158.333333333333,"Livingston","Springwater town","New York"
"3605170475",2022,"B17001B_SnrPov","Black (Non-Hispanic)",0,0,"Livingston","Springwater town","New York"
"3605170475",2022,"B17001C_SnrPov","Native American (Non-Hispanic)",0,0,"Livingston","Springwater town","New York"
"3605170475",2022,"B17001D_SnrPov","Asian (Non-Hispanic)",0,0,"Livingston","Springwater town","New York"
"3605170475",2022,"B17001E_SnrPov","Pacific Islander (Non-Hispanic)",0,0,"Livingston","Springwater town","New York"
"3605170475",2022,"B17001F_SnrPov","Other (Non-Hispanic)",0,0,"Livingston","Springwater town","New York"
"3605170475",2022,"B17001G_SnrPov","Two or More Races (Non-Hispanic)",100,2660.82693913001,"Livingston","Springwater town","New York"
"3605170475",2022,"B17001H_SnrPov","White (Non-Hispanic)",40.5063291139241,31.7329714109785,"Livingston","Springwater town","New York"
"3605170475",2022,"B17001I_SnrPov","Hispanic or Latino (Any Race)",42.8571428571429,156.957218735296,"Livingston","Springwater town","New York"
"3605170475",2023,"B17001B_SnrPov","Black (Non-Hispanic)",0,0,"Livingston","Springwater town","New York"
"3605170475",2023,"B17001C_SnrPov","Native American (Non-Hispanic)",0,0,"Livingston","Springwater town","New York"
"3605170475",2023,"B17001D_SnrPov","Asian (Non-Hispanic)",0,0,"Livingston","Springwater town","New York"
"3605170475",2023,"B17001E_SnrPov","Pacific Islander (Non-Hispanic)",0,0,"Livingston","Springwater town","New York"
"3605170475",2023,"B17001F_SnrPov","Other (Non-Hispanic)",0,0,"Livingston","Springwater town","New York"
"3605170475",2023,"B17001G_SnrPov","Two or More Races (Non-Hispanic)",100,898.146239020499,"Livingston","Springwater town","New York"
"3605170475",2023,"B17001H_SnrPov","White (Non-Hispanic)",24.1379310344828,49.3180729728005,"Livingston","Springwater town","New York"
"3605170475",2023,"B17001I_SnrPov","Hispanic or Latino (Any Race)",46.1538461538462,89.3667446060902,"Livingston","Springwater town","New York"
"3605170475",2024,"B17001B_SnrPov","Black (Non-Hispanic)",0,0,"Livingston","Springwater town","New York"
"3605170475",2024,"B17001C_SnrPov","Native American (Non-Hispanic)",0,0,"Livingston","Springwater town","New York"
"3605170475",2024,"B17001D_SnrPov","Asian (Non-Hispanic)",0,0,"Livingston","Springwater town","New York"
"3605170475",2024,"B17001E_SnrPov","Pacific Islander (Non-Hispanic)",0,0,"Livingston","Springwater town","New York"
"3605170475",2024,"B17001F_SnrPov","Other (Non-Hispanic)",0,0,"Livingston","Springwater town","New York"
"3605170475",2024,"B17001G_SnrPov","Two or More Races (Non-Hispanic)",100,1415.98022585063,"Livingston","Springwater town","New York"
"3605170475",2024,"B17001H_SnrPov","White (Non-Hispanic)",17.3913043478261,35.7549081415774,"Livingston","Springwater town","New York"
"3605170475",2024,"B17001I_SnrPov","Hispanic or Latino (Any Race)",0,0,"Livingston","Springwater town","New York"
"3605181006",2017,"B17001B_SnrPov","Black (Non-Hispanic)",0,0,"Livingston","West Sparta town","New York"
"3605181006",2017,"B17001C_SnrPov","Native American (Non-Hispanic)",0,0,"Livingston","West Sparta town","New York"
"3605181006",2017,"B17001D_SnrPov","Asian (Non-Hispanic)",0,0,"Livingston","West Sparta town","New York"
"3605181006",2017,"B17001E_SnrPov","Pacific Islander (Non-Hispanic)",0,0,"Livingston","West Sparta town","New York"
"3605181006",2017,"B17001F_SnrPov","Other (Non-Hispanic)",0,0,"Livingston","West Sparta town","New York"
"3605181006",2017,"B17001G_SnrPov","Two or More Races (Non-Hispanic)",0,0,"Livingston","West Sparta town","New York"
"3605181006",2017,"B17001H_SnrPov","White (Non-Hispanic)",69.5652173913043,27.6050696909456,"Livingston","West Sparta town","New York"
"3605181006",2017,"B17001I_SnrPov","Hispanic or Latino (Any Race)",0,0,"Livingston","West Sparta town","New York"
"3605181006",2018,"B17001B_SnrPov","Black (Non-Hispanic)",0,0,"Livingston","West Sparta town","New York"
"3605181006",2018,"B17001C_SnrPov","Native American (Non-Hispanic)",0,0,"Livingston","West Sparta town","New York"
"3605181006",2018,"B17001D_SnrPov","Asian (Non-Hispanic)",0,0,"Livingston","West Sparta town","New York"
"3605181006",2018,"B17001E_SnrPov","Pacific Islander (Non-Hispanic)",0,0,"Livingston","West Sparta town","New York"
"3605181006",2018,"B17001F_SnrPov","Other (Non-Hispanic)",0,0,"Livingston","West Sparta town","New York"
"3605181006",2018,"B17001G_SnrPov","Two or More Races (Non-Hispanic)",0,0,"Livingston","West Sparta town","New York"
"3605181006",2018,"B17001H_SnrPov","White (Non-Hispanic)",55.8823529411765,35.3930993813546,"Livingston","West Sparta town","New York"
"3605181006",2018,"B17001I_SnrPov","Hispanic or Latino (Any Race)",0,0,"Livingston","West Sparta town","New York"
"3605181006",2019,"B17001B_SnrPov","Black (Non-Hispanic)",0,0,"Livingston","West Sparta town","New York"
"3605181006",2019,"B17001C_SnrPov","Native American (Non-Hispanic)",0,0,"Livingston","West Sparta town","New York"
"3605181006",2019,"B17001D_SnrPov","Asian (Non-Hispanic)",0,0,"Livingston","West Sparta town","New York"
"3605181006",2019,"B17001E_SnrPov","Pacific Islander (Non-Hispanic)",0,0,"Livingston","West Sparta town","New York"
"3605181006",2019,"B17001F_SnrPov","Other (Non-Hispanic)",0,0,"Livingston","West Sparta town","New York"
"3605181006",2019,"B17001G_SnrPov","Two or More Races (Non-Hispanic)",0,0,"Livingston","West Sparta town","New York"
"3605181006",2019,"B17001H_SnrPov","White (Non-Hispanic)",53.6585365853659,32.5764039149679,"Livingston","West Sparta town","New York"
"3605181006",2019,"B17001I_SnrPov","Hispanic or Latino (Any Race)",0,0,"Livingston","West Sparta town","New York"
"3605181006",2020,"B17001B_SnrPov","Black (Non-Hispanic)",0,0,"Livingston","West Sparta town","New York"
"3605181006",2020,"B17001C_SnrPov","Native American (Non-Hispanic)",0,0,"Livingston","West Sparta town","New York"
"3605181006",2020,"B17001D_SnrPov","Asian (Non-Hispanic)",0,0,"Livingston","West Sparta town","New York"
"3605181006",2020,"B17001E_SnrPov","Pacific Islander (Non-Hispanic)",0,0,"Livingston","West Sparta town","New York"
"3605181006",2020,"B17001F_SnrPov","Other (Non-Hispanic)",0,0,"Livingston","West Sparta town","New York"
"3605181006",2020,"B17001G_SnrPov","Two or More Races (Non-Hispanic)",0,0,"Livingston","West Sparta town","New York"
"3605181006",2020,"B17001H_SnrPov","White (Non-Hispanic)",52.7777777777778,32.2626839049087,"Livingston","West Sparta town","New York"
"3605181006",2020,"B17001I_SnrPov","Hispanic or Latino (Any Race)",0,0,"Livingston","West Sparta town","New York"
"3605181006",2021,"B17001B_SnrPov","Black (Non-Hispanic)",0,0,"Livingston","West Sparta town","New York"
"3605181006",2021,"B17001C_SnrPov","Native American (Non-Hispanic)",0,0,"Livingston","West Sparta town","New York"
"3605181006",2021,"B17001D_SnrPov","Asian (Non-Hispanic)",0,0,"Livingston","West Sparta town","New York"
"3605181006",2021,"B17001E_SnrPov","Pacific Islander (Non-Hispanic)",0,0,"Livingston","West Sparta town","New York"
"3605181006",2021,"B17001F_SnrPov","Other (Non-Hispanic)",0,0,"Livingston","West Sparta town","New York"
"3605181006",2021,"B17001G_SnrPov","Two or More Races (Non-Hispanic)",0,0,"Livingston","West Sparta town","New York"
"3605181006",2021,"B17001H_SnrPov","White (Non-Hispanic)",73.3333333333333,26.0635500647036,"Livingston","West Sparta town","New York"
"3605181006",2021,"B17001I_SnrPov","Hispanic or Latino (Any Race)",0,0,"Livingston","West Sparta town","New York"
"3605181006",2022,"B17001B_SnrPov","Black (Non-Hispanic)",0,0,"Livingston","West Sparta town","New York"
"3605181006",2022,"B17001C_SnrPov","Native American (Non-Hispanic)",0,0,"Livingston","West Sparta town","New York"
"3605181006",2022,"B17001D_SnrPov","Asian (Non-Hispanic)",0,0,"Livingston","West Sparta town","New York"
"3605181006",2022,"B17001E_SnrPov","Pacific Islander (Non-Hispanic)",0,0,"Livingston","West Sparta town","New York"
"3605181006",2022,"B17001F_SnrPov","Other (Non-Hispanic)",0,0,"Livingston","West Sparta town","New York"
"3605181006",2022,"B17001G_SnrPov","Two or More Races (Non-Hispanic)",0,0,"Livingston","West Sparta town","New York"
"3605181006",2022,"B17001H_SnrPov","White (Non-Hispanic)",68.8888888888889,25.3840130331079,"Livingston","West Sparta town","New York"
"3605181006",2022,"B17001I_SnrPov","Hispanic or Latino (Any Race)",0,0,"Livingston","West Sparta town","New York"
"3605181006",2023,"B17001B_SnrPov","Black (Non-Hispanic)",0,0,"Livingston","West Sparta town","New York"
"3605181006",2023,"B17001C_SnrPov","Native American (Non-Hispanic)",0,0,"Livingston","West Sparta town","New York"
"3605181006",2023,"B17001D_SnrPov","Asian (Non-Hispanic)",0,0,"Livingston","West Sparta town","New York"
"3605181006",2023,"B17001E_SnrPov","Pacific Islander (Non-Hispanic)",0,0,"Livingston","West Sparta town","New York"
"3605181006",2023,"B17001F_SnrPov","Other (Non-Hispanic)",0,0,"Livingston","West Sparta town","New York"
"3605181006",2023,"B17001G_SnrPov","Two or More Races (Non-Hispanic)",0,0,"Livingston","West Sparta town","New York"
"3605181006",2023,"B17001H_SnrPov","White (Non-Hispanic)",74.2857142857143,32.9059594262842,"Livingston","West Sparta town","New York"
"3605181006",2023,"B17001I_SnrPov","Hispanic or Latino (Any Race)",0,0,"Livingston","West Sparta town","New York"
"3605181006",2024,"B17001B_SnrPov","Black (Non-Hispanic)",0,0,"Livingston","West Sparta town","New York"
"3605181006",2024,"B17001C_SnrPov","Native American (Non-Hispanic)",0,0,"Livingston","West Sparta town","New York"
"3605181006",2024,"B17001D_SnrPov","Asian (Non-Hispanic)",0,0,"Livingston","West Sparta town","New York"
"3605181006",2024,"B17001E_SnrPov","Pacific Islander (Non-Hispanic)",0,0,"Livingston","West Sparta town","New York"
"3605181006",2024,"B17001F_SnrPov","Other (Non-Hispanic)",0,0,"Livingston","West Sparta town","New York"
"3605181006",2024,"B17001G_SnrPov","Two or More Races (Non-Hispanic)",0,0,"Livingston","West Sparta town","New York"
"3605181006",2024,"B17001H_SnrPov","White (Non-Hispanic)",66.6666666666667,44.3755204777551,"Livingston","West Sparta town","New York"
"3605181006",2024,"B17001I_SnrPov","Hispanic or Latino (Any Race)",0,0,"Livingston","West Sparta town","New York"
"3605184022",2017,"B17001B_SnrPov","Black (Non-Hispanic)",0,0,"Livingston","York town","New York"
"3605184022",2017,"B17001C_SnrPov","Native American (Non-Hispanic)",0,0,"Livingston","York town","New York"
"3605184022",2017,"B17001D_SnrPov","Asian (Non-Hispanic)",0,0,"Livingston","York town","New York"
"3605184022",2017,"B17001E_SnrPov","Pacific Islander (Non-Hispanic)",0,0,"Livingston","York town","New York"
"3605184022",2017,"B17001F_SnrPov","Other (Non-Hispanic)",0,0,"Livingston","York town","New York"
"3605184022",2017,"B17001G_SnrPov","Two or More Races (Non-Hispanic)",0,0,"Livingston","York town","New York"
"3605184022",2017,"B17001H_SnrPov","White (Non-Hispanic)",24.3243243243243,22.3475458141603,"Livingston","York town","New York"
"3605184022",2017,"B17001I_SnrPov","Hispanic or Latino (Any Race)",0,0,"Livingston","York town","New York"
"3605184022",2018,"B17001B_SnrPov","Black (Non-Hispanic)",0,0,"Livingston","York town","New York"
"3605184022",2018,"B17001C_SnrPov","Native American (Non-Hispanic)",0,0,"Livingston","York town","New York"
"3605184022",2018,"B17001D_SnrPov","Asian (Non-Hispanic)",0,0,"Livingston","York town","New York"
"3605184022",2018,"B17001E_SnrPov","Pacific Islander (Non-Hispanic)",0,0,"Livingston","York town","New York"
"3605184022",2018,"B17001F_SnrPov","Other (Non-Hispanic)",0,0,"Livingston","York town","New York"
"3605184022",2018,"B17001G_SnrPov","Two or More Races (Non-Hispanic)",0,0,"Livingston","York town","New York"
"3605184022",2018,"B17001H_SnrPov","White (Non-Hispanic)",48.1481481481481,28.1837928796188,"Livingston","York town","New York"
"3605184022",2018,"B17001I_SnrPov","Hispanic or Latino (Any Race)",0,0,"Livingston","York town","New York"
"3605184022",2019,"B17001B_SnrPov","Black (Non-Hispanic)",0,0,"Livingston","York town","New York"
"3605184022",2019,"B17001C_SnrPov","Native American (Non-Hispanic)",0,0,"Livingston","York town","New York"
"3605184022",2019,"B17001D_SnrPov","Asian (Non-Hispanic)",0,0,"Livingston","York town","New York"
"3605184022",2019,"B17001E_SnrPov","Pacific Islander (Non-Hispanic)",0,0,"Livingston","York town","New York"
"3605184022",2019,"B17001F_SnrPov","Other (Non-Hispanic)",0,0,"Livingston","York town","New York"
"3605184022",2019,"B17001G_SnrPov","Two or More Races (Non-Hispanic)",0,0,"Livingston","York town","New York"
"3605184022",2019,"B17001H_SnrPov","White (Non-Hispanic)",49.0909090909091,28.80847115662,"Livingston","York town","New York"
"3605184022",2019,"B17001I_SnrPov","Hispanic or Latino (Any Race)",0,0,"Livingston","York town","New York"
"3605184022",2020,"B17001B_SnrPov","Black (Non-Hispanic)",0,0,"Livingston","York town","New York"
"3605184022",2020,"B17001C_SnrPov","Native American (Non-Hispanic)",0,0,"Livingston","York town","New York"
"3605184022",2020,"B17001D_SnrPov","Asian (Non-Hispanic)",0,0,"Livingston","York town","New York"
"3605184022",2020,"B17001E_SnrPov","Pacific Islander (Non-Hispanic)",0,0,"Livingston","York town","New York"
"3605184022",2020,"B17001F_SnrPov","Other (Non-Hispanic)",0,0,"Livingston","York town","New York"
"3605184022",2020,"B17001G_SnrPov","Two or More Races (Non-Hispanic)",0,0,"Livingston","York town","New York"
"3605184022",2020,"B17001H_SnrPov","White (Non-Hispanic)",55.3191489361702,28.1442153990836,"Livingston","York town","New York"
"3605184022",2020,"B17001I_SnrPov","Hispanic or Latino (Any Race)",0,0,"Livingston","York town","New York"
"3605184022",2021,"B17001B_SnrPov","Black (Non-Hispanic)",0,0,"Livingston","York town","New York"
"3605184022",2021,"B17001C_SnrPov","Native American (Non-Hispanic)",0,0,"Livingston","York town","New York"
"3605184022",2021,"B17001D_SnrPov","Asian (Non-Hispanic)",0,0,"Livingston","York town","New York"
"3605184022",2021,"B17001E_SnrPov","Pacific Islander (Non-Hispanic)",0,0,"Livingston","York town","New York"
"3605184022",2021,"B17001F_SnrPov","Other (Non-Hispanic)",0,0,"Livingston","York town","New York"
"3605184022",2021,"B17001G_SnrPov","Two or More Races (Non-Hispanic)",0,0,"Livingston","York town","New York"
"3605184022",2021,"B17001H_SnrPov","White (Non-Hispanic)",88.4615384615385,144.148056999576,"Livingston","York town","New York"
"3605184022",2021,"B17001I_SnrPov","Hispanic or Latino (Any Race)",0,0,"Livingston","York town","New York"
"3605184022",2022,"B17001B_SnrPov","Black (Non-Hispanic)",0,0,"Livingston","York town","New York"
"3605184022",2022,"B17001C_SnrPov","Native American (Non-Hispanic)",0,0,"Livingston","York town","New York"
"3605184022",2022,"B17001D_SnrPov","Asian (Non-Hispanic)",0,0,"Livingston","York town","New York"
"3605184022",2022,"B17001E_SnrPov","Pacific Islander (Non-Hispanic)",0,0,"Livingston","York town","New York"
"3605184022",2022,"B17001F_SnrPov","Other (Non-Hispanic)",0,0,"Livingston","York town","New York"
"3605184022",2022,"B17001G_SnrPov","Two or More Races (Non-Hispanic)",0,0,"Livingston","York town","New York"
"3605184022",2022,"B17001H_SnrPov","White (Non-Hispanic)",100,148.692215667129,"Livingston","York town","New York"
"3605184022",2022,"B17001I_SnrPov","Hispanic or Latino (Any Race)",0,0,"Livingston","York town","New York"
"3605184022",2023,"B17001B_SnrPov","Black (Non-Hispanic)",0,0,"Livingston","York town","New York"
"3605184022",2023,"B17001C_SnrPov","Native American (Non-Hispanic)",0,0,"Livingston","York town","New York"
"3605184022",2023,"B17001D_SnrPov","Asian (Non-Hispanic)",0,0,"Livingston","York town","New York"
"3605184022",2023,"B17001E_SnrPov","Pacific Islander (Non-Hispanic)",0,0,"Livingston","York town","New York"
"3605184022",2023,"B17001F_SnrPov","Other (Non-Hispanic)",0,0,"Livingston","York town","New York"
"3605184022",2023,"B17001G_SnrPov","Two or More Races (Non-Hispanic)",0,0,"Livingston","York town","New York"
"3605184022",2023,"B17001H_SnrPov","White (Non-Hispanic)",76.9230769230769,62.2402831386344,"Livingston","York town","New York"
"3605184022",2023,"B17001I_SnrPov","Hispanic or Latino (Any Race)",0,0,"Livingston","York town","New York"
"3605184022",2024,"B17001B_SnrPov","Black (Non-Hispanic)",0,0,"Livingston","York town","New York"
"3605184022",2024,"B17001C_SnrPov","Native American (Non-Hispanic)",0,0,"Livingston","York town","New York"
"3605184022",2024,"B17001D_SnrPov","Asian (Non-Hispanic)",0,0,"Livingston","York town","New York"
"3605184022",2024,"B17001E_SnrPov","Pacific Islander (Non-Hispanic)",0,0,"Livingston","York town","New York"
"3605184022",2024,"B17001F_SnrPov","Other (Non-Hispanic)",0,0,"Livingston","York town","New York"
"3605184022",2024,"B17001G_SnrPov","Two or More Races (Non-Hispanic)",0,0,"Livingston","York town","New York"
"3605184022",2024,"B17001H_SnrPov","White (Non-Hispanic)",78.2608695652174,69.2380012872457,"Livingston","York town","New York"
"3605184022",2024,"B17001I_SnrPov","Hispanic or Latino (Any Race)",0,0,"Livingston","York town","New York"
"3605500000",2017,"B17001B_SnrPov","Black (Non-Hispanic)",0,0,"Monroe","County subdivisions not defined","New York"
"3605500000",2017,"B17001C_SnrPov","Native American (Non-Hispanic)",0,0,"Monroe","County subdivisions not defined","New York"
"3605500000",2017,"B17001D_SnrPov","Asian (Non-Hispanic)",0,0,"Monroe","County subdivisions not defined","New York"
"3605500000",2017,"B17001E_SnrPov","Pacific Islander (Non-Hispanic)",0,0,"Monroe","County subdivisions not defined","New York"
"3605500000",2017,"B17001F_SnrPov","Other (Non-Hispanic)",0,0,"Monroe","County subdivisions not defined","New York"
"3605500000",2017,"B17001G_SnrPov","Two or More Races (Non-Hispanic)",0,0,"Monroe","County subdivisions not defined","New York"
"3605500000",2017,"B17001H_SnrPov","White (Non-Hispanic)",0,0,"Monroe","County subdivisions not defined","New York"
"3605500000",2017,"B17001I_SnrPov","Hispanic or Latino (Any Race)",0,0,"Monroe","County subdivisions not defined","New York"
"3605500000",2018,"B17001B_SnrPov","Black (Non-Hispanic)",0,0,"Monroe","County subdivisions not defined","New York"
"3605500000",2018,"B17001C_SnrPov","Native American (Non-Hispanic)",0,0,"Monroe","County subdivisions not defined","New York"
"3605500000",2018,"B17001D_SnrPov","Asian (Non-Hispanic)",0,0,"Monroe","County subdivisions not defined","New York"
"3605500000",2018,"B17001E_SnrPov","Pacific Islander (Non-Hispanic)",0,0,"Monroe","County subdivisions not defined","New York"
"3605500000",2018,"B17001F_SnrPov","Other (Non-Hispanic)",0,0,"Monroe","County subdivisions not defined","New York"
"3605500000",2018,"B17001G_SnrPov","Two or More Races (Non-Hispanic)",0,0,"Monroe","County subdivisions not defined","New York"
"3605500000",2018,"B17001H_SnrPov","White (Non-Hispanic)",0,0,"Monroe","County subdivisions not defined","New York"
"3605500000",2018,"B17001I_SnrPov","Hispanic or Latino (Any Race)",0,0,"Monroe","County subdivisions not defined","New York"
"3605500000",2019,"B17001B_SnrPov","Black (Non-Hispanic)",0,0,"Monroe","County subdivisions not defined","New York"
"3605500000",2019,"B17001C_SnrPov","Native American (Non-Hispanic)",0,0,"Monroe","County subdivisions not defined","New York"
"3605500000",2019,"B17001D_SnrPov","Asian (Non-Hispanic)",0,0,"Monroe","County subdivisions not defined","New York"
"3605500000",2019,"B17001E_SnrPov","Pacific Islander (Non-Hispanic)",0,0,"Monroe","County subdivisions not defined","New York"
"3605500000",2019,"B17001F_SnrPov","Other (Non-Hispanic)",0,0,"Monroe","County subdivisions not defined","New York"
"3605500000",2019,"B17001G_SnrPov","Two or More Races (Non-Hispanic)",0,0,"Monroe","County subdivisions not defined","New York"
"3605500000",2019,"B17001H_SnrPov","White (Non-Hispanic)",0,0,"Monroe","County subdivisions not defined","New York"
"3605500000",2019,"B17001I_SnrPov","Hispanic or Latino (Any Race)",0,0,"Monroe","County subdivisions not defined","New York"
"3605500000",2020,"B17001B_SnrPov","Black (Non-Hispanic)",0,0,"Monroe","County subdivisions not defined","New York"
"3605500000",2020,"B17001C_SnrPov","Native American (Non-Hispanic)",0,0,"Monroe","County subdivisions not defined","New York"
"3605500000",2020,"B17001D_SnrPov","Asian (Non-Hispanic)",0,0,"Monroe","County subdivisions not defined","New York"
"3605500000",2020,"B17001E_SnrPov","Pacific Islander (Non-Hispanic)",0,0,"Monroe","County subdivisions not defined","New York"
"3605500000",2020,"B17001F_SnrPov","Other (Non-Hispanic)",0,0,"Monroe","County subdivisions not defined","New York"
"3605500000",2020,"B17001G_SnrPov","Two or More Races (Non-Hispanic)",0,0,"Monroe","County subdivisions not defined","New York"
"3605500000",2020,"B17001H_SnrPov","White (Non-Hispanic)",0,0,"Monroe","County subdivisions not defined","New York"
"3605500000",2020,"B17001I_SnrPov","Hispanic or Latino (Any Race)",0,0,"Monroe","County subdivisions not defined","New York"
"3605500000",2021,"B17001B_SnrPov","Black (Non-Hispanic)",0,0,"Monroe","County subdivisions not defined","New York"
"3605500000",2021,"B17001C_SnrPov","Native American (Non-Hispanic)",0,0,"Monroe","County subdivisions not defined","New York"
"3605500000",2021,"B17001D_SnrPov","Asian (Non-Hispanic)",0,0,"Monroe","County subdivisions not defined","New York"
"3605500000",2021,"B17001E_SnrPov","Pacific Islander (Non-Hispanic)",0,0,"Monroe","County subdivisions not defined","New York"
"3605500000",2021,"B17001F_SnrPov","Other (Non-Hispanic)",0,0,"Monroe","County subdivisions not defined","New York"
"3605500000",2021,"B17001G_SnrPov","Two or More Races (Non-Hispanic)",0,0,"Monroe","County subdivisions not defined","New York"
"3605500000",2021,"B17001H_SnrPov","White (Non-Hispanic)",0,0,"Monroe","County subdivisions not defined","New York"
"3605500000",2021,"B17001I_SnrPov","Hispanic or Latino (Any Race)",0,0,"Monroe","County subdivisions not defined","New York"
"3605500000",2022,"B17001B_SnrPov","Black (Non-Hispanic)",0,0,"Monroe","County subdivisions not defined","New York"
"3605500000",2022,"B17001C_SnrPov","Native American (Non-Hispanic)",0,0,"Monroe","County subdivisions not defined","New York"
"3605500000",2022,"B17001D_SnrPov","Asian (Non-Hispanic)",0,0,"Monroe","County subdivisions not defined","New York"
"3605500000",2022,"B17001E_SnrPov","Pacific Islander (Non-Hispanic)",0,0,"Monroe","County subdivisions not defined","New York"
"3605500000",2022,"B17001F_SnrPov","Other (Non-Hispanic)",0,0,"Monroe","County subdivisions not defined","New York"
"3605500000",2022,"B17001G_SnrPov","Two or More Races (Non-Hispanic)",0,0,"Monroe","County subdivisions not defined","New York"
"3605500000",2022,"B17001H_SnrPov","White (Non-Hispanic)",0,0,"Monroe","County subdivisions not defined","New York"
"3605500000",2022,"B17001I_SnrPov","Hispanic or Latino (Any Race)",0,0,"Monroe","County subdivisions not defined","New York"
"3605500000",2023,"B17001B_SnrPov","Black (Non-Hispanic)",0,0,"Monroe","County subdivisions not defined","New York"
"3605500000",2023,"B17001C_SnrPov","Native American (Non-Hispanic)",0,0,"Monroe","County subdivisions not defined","New York"
"3605500000",2023,"B17001D_SnrPov","Asian (Non-Hispanic)",0,0,"Monroe","County subdivisions not defined","New York"
"3605500000",2023,"B17001E_SnrPov","Pacific Islander (Non-Hispanic)",0,0,"Monroe","County subdivisions not defined","New York"
"3605500000",2023,"B17001F_SnrPov","Other (Non-Hispanic)",0,0,"Monroe","County subdivisions not defined","New York"
"3605500000",2023,"B17001G_SnrPov","Two or More Races (Non-Hispanic)",0,0,"Monroe","County subdivisions not defined","New York"
"3605500000",2023,"B17001H_SnrPov","White (Non-Hispanic)",0,0,"Monroe","County subdivisions not defined","New York"
"3605500000",2023,"B17001I_SnrPov","Hispanic or Latino (Any Race)",0,0,"Monroe","County subdivisions not defined","New York"
"3605500000",2024,"B17001B_SnrPov","Black (Non-Hispanic)",0,0,"Monroe","County subdivisions not defined","New York"
"3605500000",2024,"B17001C_SnrPov","Native American (Non-Hispanic)",0,0,"Monroe","County subdivisions not defined","New York"
"3605500000",2024,"B17001D_SnrPov","Asian (Non-Hispanic)",0,0,"Monroe","County subdivisions not defined","New York"
"3605500000",2024,"B17001E_SnrPov","Pacific Islander (Non-Hispanic)",0,0,"Monroe","County subdivisions not defined","New York"
"3605500000",2024,"B17001F_SnrPov","Other (Non-Hispanic)",0,0,"Monroe","County subdivisions not defined","New York"
"3605500000",2024,"B17001G_SnrPov","Two or More Races (Non-Hispanic)",0,0,"Monroe","County subdivisions not defined","New York"
"3605500000",2024,"B17001H_SnrPov","White (Non-Hispanic)",0,0,"Monroe","County subdivisions not defined","New York"
"3605500000",2024,"B17001I_SnrPov","Hispanic or Latino (Any Race)",0,0,"Monroe","County subdivisions not defined","New York"
"3605508246",2017,"B17001B_SnrPov","Black (Non-Hispanic)",100,1624.80768092719,"Monroe","Brighton town","New York"
"3605508246",2017,"B17001C_SnrPov","Native American (Non-Hispanic)",0,0,"Monroe","Brighton town","New York"
"3605508246",2017,"B17001D_SnrPov","Asian (Non-Hispanic)",67.8571428571429,58.3215407994562,"Monroe","Brighton town","New York"
"3605508246",2017,"B17001E_SnrPov","Pacific Islander (Non-Hispanic)",0,0,"Monroe","Brighton town","New York"
"3605508246",2017,"B17001F_SnrPov","Other (Non-Hispanic)",100,377.905411445774,"Monroe","Brighton town","New York"
"3605508246",2017,"B17001G_SnrPov","Two or More Races (Non-Hispanic)",0,0,"Monroe","Brighton town","New York"
"3605508246",2017,"B17001H_SnrPov","White (Non-Hispanic)",33.2167832167832,18.1875587236772,"Monroe","Brighton town","New York"
"3605508246",2017,"B17001I_SnrPov","Hispanic or Latino (Any Race)",43.9024390243902,64.1911809718361,"Monroe","Brighton town","New York"
"3605508246",2018,"B17001B_SnrPov","Black (Non-Hispanic)",100,2515.94912508183,"Monroe","Brighton town","New York"
"3605508246",2018,"B17001C_SnrPov","Native American (Non-Hispanic)",0,0,"Monroe","Brighton town","New York"
"3605508246",2018,"B17001D_SnrPov","Asian (Non-Hispanic)",70,58.2467810269375,"Monroe","Brighton town","New York"
"3605508246",2018,"B17001E_SnrPov","Pacific Islander (Non-Hispanic)",0,0,"Monroe","Brighton town","New York"
"3605508246",2018,"B17001F_SnrPov","Other (Non-Hispanic)",100,452.997903518014,"Monroe","Brighton town","New York"
"3605508246",2018,"B17001G_SnrPov","Two or More Races (Non-Hispanic)",0,0,"Monroe","Brighton town","New York"
"3605508246",2018,"B17001H_SnrPov","White (Non-Hispanic)",36.3934426229508,20.836764600164,"Monroe","Brighton town","New York"
"3605508246",2018,"B17001I_SnrPov","Hispanic or Latino (Any Race)",62.7450980392157,51.9051361617914,"Monroe","Brighton town","New York"
"3605508246",2019,"B17001B_SnrPov","Black (Non-Hispanic)",100,380.915939425731,"Monroe","Brighton town","New York"
"3605508246",2019,"B17001C_SnrPov","Native American (Non-Hispanic)",0,0,"Monroe","Brighton town","New York"
"3605508246",2019,"B17001D_SnrPov","Asian (Non-Hispanic)",73.4042553191489,56.9032577808816,"Monroe","Brighton town","New York"
"3605508246",2019,"B17001E_SnrPov","Pacific Islander (Non-Hispanic)",0,0,"Monroe","Brighton town","New York"
"3605508246",2019,"B17001F_SnrPov","Other (Non-Hispanic)",100,382.732772309872,"Monroe","Brighton town","New York"
"3605508246",2019,"B17001G_SnrPov","Two or More Races (Non-Hispanic)",0,0,"Monroe","Brighton town","New York"
"3605508246",2019,"B17001H_SnrPov","White (Non-Hispanic)",37.5366568914956,16.1568909260271,"Monroe","Brighton town","New York"
"3605508246",2019,"B17001I_SnrPov","Hispanic or Latino (Any Race)",65.4545454545455,44.2477702618325,"Monroe","Brighton town","New York"
"3605508246",2020,"B17001B_SnrPov","Black (Non-Hispanic)",78.2608695652174,77.6935318437027,"Monroe","Brighton town","New York"
"3605508246",2020,"B17001C_SnrPov","Native American (Non-Hispanic)",0,0,"Monroe","Brighton town","New York"
"3605508246",2020,"B17001D_SnrPov","Asian (Non-Hispanic)",35.7615894039735,29.2692255751812,"Monroe","Brighton town","New York"
"3605508246",2020,"B17001E_SnrPov","Pacific Islander (Non-Hispanic)",0,0,"Monroe","Brighton town","New York"
"3605508246",2020,"B17001F_SnrPov","Other (Non-Hispanic)",100,252.439620053694,"Monroe","Brighton town","New York"
"3605508246",2020,"B17001G_SnrPov","Two or More Races (Non-Hispanic)",0,0,"Monroe","Brighton town","New York"
"3605508246",2020,"B17001H_SnrPov","White (Non-Hispanic)",69.0476190476191,38.5936165973501,"Monroe","Brighton town","New York"
"3605508246",2020,"B17001I_SnrPov","Hispanic or Latino (Any Race)",77.027027027027,43.9020019386486,"Monroe","Brighton town","New York"
"3605508246",2021,"B17001B_SnrPov","Black (Non-Hispanic)",83.3333333333333,46.5847495312454,"Monroe","Brighton town","New York"
"3605508246",2021,"B17001C_SnrPov","Native American (Non-Hispanic)",0,0,"Monroe","Brighton town","New York"
"3605508246",2021,"B17001D_SnrPov","Asian (Non-Hispanic)",30.3921568627451,36.1785320958239,"Monroe","Brighton town","New York"
"3605508246",2021,"B17001E_SnrPov","Pacific Islander (Non-Hispanic)",0,0,"Monroe","Brighton town","New York"
"3605508246",2021,"B17001F_SnrPov","Other (Non-Hispanic)",0,0,"Monroe","Brighton town","New York"
"3605508246",2021,"B17001G_SnrPov","Two or More Races (Non-Hispanic)",0,0,"Monroe","Brighton town","New York"
"3605508246",2021,"B17001H_SnrPov","White (Non-Hispanic)",64.6596858638743,35.4512876051111,"Monroe","Brighton town","New York"
"3605508246",2021,"B17001I_SnrPov","Hispanic or Latino (Any Race)",100,430.297055016131,"Monroe","Brighton town","New York"
"3605508246",2022,"B17001B_SnrPov","Black (Non-Hispanic)",57.6923076923077,105.785625824118,"Monroe","Brighton town","New York"
"3605508246",2022,"B17001C_SnrPov","Native American (Non-Hispanic)",0,0,"Monroe","Brighton town","New York"
"3605508246",2022,"B17001D_SnrPov","Asian (Non-Hispanic)",4.22535211267606,39.8791743741499,"Monroe","Brighton town","New York"
"3605508246",2022,"B17001E_SnrPov","Pacific Islander (Non-Hispanic)",0,0,"Monroe","Brighton town","New York"
"3605508246",2022,"B17001F_SnrPov","Other (Non-Hispanic)",0,0,"Monroe","Brighton town","New York"
"3605508246",2022,"B17001G_SnrPov","Two or More Races (Non-Hispanic)",0,0,"Monroe","Brighton town","New York"
"3605508246",2022,"B17001H_SnrPov","White (Non-Hispanic)",66.421568627451,32.9388270224051,"Monroe","Brighton town","New York"
"3605508246",2022,"B17001I_SnrPov","Hispanic or Latino (Any Race)",50,88.4747295999133,"Monroe","Brighton town","New York"
"3605508246",2023,"B17001B_SnrPov","Black (Non-Hispanic)",50,85.4237801915967,"Monroe","Brighton town","New York"
"3605508246",2023,"B17001C_SnrPov","Native American (Non-Hispanic)",0,0,"Monroe","Brighton town","New York"
"3605508246",2023,"B17001D_SnrPov","Asian (Non-Hispanic)",6.49350649350649,38.1677699250983,"Monroe","Brighton town","New York"
"3605508246",2023,"B17001E_SnrPov","Pacific Islander (Non-Hispanic)",0,0,"Monroe","Brighton town","New York"
"3605508246",2023,"B17001F_SnrPov","Other (Non-Hispanic)",0,0,"Monroe","Brighton town","New York"
"3605508246",2023,"B17001G_SnrPov","Two or More Races (Non-Hispanic)",0,659.966329107444,"Monroe","Brighton town","New York"
"3605508246",2023,"B17001H_SnrPov","White (Non-Hispanic)",59.7855227882037,36.5721553847449,"Monroe","Brighton town","New York"
"3605508246",2023,"B17001I_SnrPov","Hispanic or Latino (Any Race)",0,188.561808316413,"Monroe","Brighton town","New York"
"3605508246",2024,"B17001B_SnrPov","Black (Non-Hispanic)",0,95.3771937414413,"Monroe","Brighton town","New York"
"3605508246",2024,"B17001C_SnrPov","Native American (Non-Hispanic)",0,0,"Monroe","Brighton town","New York"
"3605508246",2024,"B17001D_SnrPov","Asian (Non-Hispanic)",7.07964601769912,27.1803690208111,"Monroe","Brighton town","New York"
"3605508246",2024,"B17001E_SnrPov","Pacific Islander (Non-Hispanic)",0,0,"Monroe","Brighton town","New York"
"3605508246",2024,"B17001F_SnrPov","Other (Non-Hispanic)",0,0,"Monroe","Brighton town","New York"
"3605508246",2024,"B17001G_SnrPov","Two or More Races (Non-Hispanic)",0,820.243866176395,"Monroe","Brighton town","New York"
"3605508246",2024,"B17001H_SnrPov","White (Non-Hispanic)",65.9722222222222,34.2334998051318,"Monroe","Brighton town","New York"
"3605508246",2024,"B17001I_SnrPov","Hispanic or Latino (Any Race)",0,227.845518382332,"Monroe","Brighton town","New York"
"3605515462",2017,"B17001B_SnrPov","Black (Non-Hispanic)",51.4705882352941,47.4263670422378,"Monroe","Chili town","New York"
"3605515462",2017,"B17001C_SnrPov","Native American (Non-Hispanic)",0,0,"Monroe","Chili town","New York"
"3605515462",2017,"B17001D_SnrPov","Asian (Non-Hispanic)",0,0,"Monroe","Chili town","New York"
"3605515462",2017,"B17001E_SnrPov","Pacific Islander (Non-Hispanic)",0,0,"Monroe","Chili town","New York"
"3605515462",2017,"B17001F_SnrPov","Other (Non-Hispanic)",0,0,"Monroe","Chili town","New York"
"3605515462",2017,"B17001G_SnrPov","Two or More Races (Non-Hispanic)",0,89.9954085146515,"Monroe","Chili town","New York"
"3605515462",2017,"B17001H_SnrPov","White (Non-Hispanic)",30.4166666666667,19.8770032208302,"Monroe","Chili town","New York"
"3605515462",2017,"B17001I_SnrPov","Hispanic or Latino (Any Race)",0,141.421356237309,"Monroe","Chili town","New York"
"3605515462",2018,"B17001B_SnrPov","Black (Non-Hispanic)",51.0204081632653,63.3237773305787,"Monroe","Chili town","New York"
"3605515462",2018,"B17001C_SnrPov","Native American (Non-Hispanic)",0,0,"Monroe","Chili town","New York"
"3605515462",2018,"B17001D_SnrPov","Asian (Non-Hispanic)",0,0,"Monroe","Chili town","New York"
"3605515462",2018,"B17001E_SnrPov","Pacific Islander (Non-Hispanic)",0,0,"Monroe","Chili town","New York"
"3605515462",2018,"B17001F_SnrPov","Other (Non-Hispanic)",0,0,"Monroe","Chili town","New York"
"3605515462",2018,"B17001G_SnrPov","Two or More Races (Non-Hispanic)",0,53.6425834003588,"Monroe","Chili town","New York"
"3605515462",2018,"B17001H_SnrPov","White (Non-Hispanic)",51.6417910447761,18.5834766004582,"Monroe","Chili town","New York"
"3605515462",2018,"B17001I_SnrPov","Hispanic or Latino (Any Race)",0,172.848324290045,"Monroe","Chili town","New York"
"3605515462",2019,"B17001B_SnrPov","Black (Non-Hispanic)",0,0,"Monroe","Chili town","New York"
"3605515462",2019,"B17001C_SnrPov","Native American (Non-Hispanic)",0,0,"Monroe","Chili town","New York"
"3605515462",2019,"B17001D_SnrPov","Asian (Non-Hispanic)",0,0,"Monroe","Chili town","New York"
"3605515462",2019,"B17001E_SnrPov","Pacific Islander (Non-Hispanic)",0,0,"Monroe","Chili town","New York"
"3605515462",2019,"B17001F_SnrPov","Other (Non-Hispanic)",0,0,"Monroe","Chili town","New York"
"3605515462",2019,"B17001G_SnrPov","Two or More Races (Non-Hispanic)",0,62.2253967444162,"Monroe","Chili town","New York"
"3605515462",2019,"B17001H_SnrPov","White (Non-Hispanic)",56.6371681415929,14.9018105399626,"Monroe","Chili town","New York"
"3605515462",2019,"B17001I_SnrPov","Hispanic or Latino (Any Race)",0,163.751044064253,"Monroe","Chili town","New York"
"3605515462",2020,"B17001B_SnrPov","Black (Non-Hispanic)",100,4608.68744872117,"Monroe","Chili town","New York"
"3605515462",2020,"B17001C_SnrPov","Native American (Non-Hispanic)",0,0,"Monroe","Chili town","New York"
"3605515462",2020,"B17001D_SnrPov","Asian (Non-Hispanic)",0,0,"Monroe","Chili town","New York"
"3605515462",2020,"B17001E_SnrPov","Pacific Islander (Non-Hispanic)",0,0,"Monroe","Chili town","New York"
"3605515462",2020,"B17001F_SnrPov","Other (Non-Hispanic)",0,0,"Monroe","Chili town","New York"
"3605515462",2020,"B17001G_SnrPov","Two or More Races (Non-Hispanic)",0,98.5663998017612,"Monroe","Chili town","New York"
"3605515462",2020,"B17001H_SnrPov","White (Non-Hispanic)",58.2172701949861,17.5186929257684,"Monroe","Chili town","New York"
"3605515462",2020,"B17001I_SnrPov","Hispanic or Latino (Any Race)",0,232.335085247008,"Monroe","Chili town","New York"
"3605515462",2021,"B17001B_SnrPov","Black (Non-Hispanic)",100,4808.32611206852,"Monroe","Chili town","New York"
"3605515462",2021,"B17001C_SnrPov","Native American (Non-Hispanic)",0,0,"Monroe","Chili town","New York"
"3605515462",2021,"B17001D_SnrPov","Asian (Non-Hispanic)",0,0,"Monroe","Chili town","New York"
"3605515462",2021,"B17001E_SnrPov","Pacific Islander (Non-Hispanic)",0,0,"Monroe","Chili town","New York"
"3605515462",2021,"B17001F_SnrPov","Other (Non-Hispanic)",0,0,"Monroe","Chili town","New York"
"3605515462",2021,"B17001G_SnrPov","Two or More Races (Non-Hispanic)",0,169.705627484771,"Monroe","Chili town","New York"
"3605515462",2021,"B17001H_SnrPov","White (Non-Hispanic)",58.3924349881797,16.7749100444332,"Monroe","Chili town","New York"
"3605515462",2021,"B17001I_SnrPov","Hispanic or Latino (Any Race)",0,0,"Monroe","Chili town","New York"
"3605515462",2022,"B17001B_SnrPov","Black (Non-Hispanic)",100,5031.89825016365,"Monroe","Chili town","New York"
"3605515462",2022,"B17001C_SnrPov","Native American (Non-Hispanic)",0,0,"Monroe","Chili town","New York"
"3605515462",2022,"B17001D_SnrPov","Asian (Non-Hispanic)",0,0,"Monroe","Chili town","New York"
"3605515462",2022,"B17001E_SnrPov","Pacific Islander (Non-Hispanic)",0,0,"Monroe","Chili town","New York"
"3605515462",2022,"B17001F_SnrPov","Other (Non-Hispanic)",0,0,"Monroe","Chili town","New York"
"3605515462",2022,"B17001G_SnrPov","Two or More Races (Non-Hispanic)",0,147.313912747197,"Monroe","Chili town","New York"
"3605515462",2022,"B17001H_SnrPov","White (Non-Hispanic)",56.25,16.7764460708297,"Monroe","Chili town","New York"
"3605515462",2022,"B17001I_SnrPov","Hispanic or Latino (Any Race)",0,0,"Monroe","Chili town","New York"
"3605515462",2023,"B17001B_SnrPov","Black (Non-Hispanic)",100,975.122657685106,"Monroe","Chili town","New York"
"3605515462",2023,"B17001C_SnrPov","Native American (Non-Hispanic)",0,0,"Monroe","Chili town","New York"
"3605515462",2023,"B17001D_SnrPov","Asian (Non-Hispanic)",0,0,"Monroe","Chili town","New York"
"3605515462",2023,"B17001E_SnrPov","Pacific Islander (Non-Hispanic)",0,0,"Monroe","Chili town","New York"
"3605515462",2023,"B17001F_SnrPov","Other (Non-Hispanic)",0,0,"Monroe","Chili town","New York"
"3605515462",2023,"B17001G_SnrPov","Two or More Races (Non-Hispanic)",0,0,"Monroe","Chili town","New York"
"3605515462",2023,"B17001H_SnrPov","White (Non-Hispanic)",48.7534626038781,24.4199276373955,"Monroe","Chili town","New York"
"3605515462",2023,"B17001I_SnrPov","Hispanic or Latino (Any Race)",0,0,"Monroe","Chili town","New York"
"3605515462",2024,"B17001B_SnrPov","Black (Non-Hispanic)",100,827.162336463767,"Monroe","Chili town","New York"
"3605515462",2024,"B17001C_SnrPov","Native American (Non-Hispanic)",0,0,"Monroe","Chili town","New York"
"3605515462",2024,"B17001D_SnrPov","Asian (Non-Hispanic)",0,0,"Monroe","Chili town","New York"
"3605515462",2024,"B17001E_SnrPov","Pacific Islander (Non-Hispanic)",0,0,"Monroe","Chili town","New York"
"3605515462",2024,"B17001F_SnrPov","Other (Non-Hispanic)",0,0,"Monroe","Chili town","New York"
"3605515462",2024,"B17001G_SnrPov","Two or More Races (Non-Hispanic)",0,0,"Monroe","Chili town","New York"
"3605515462",2024,"B17001H_SnrPov","White (Non-Hispanic)",50.8393285371703,21.0835984727694,"Monroe","Chili town","New York"
"3605515462",2024,"B17001I_SnrPov","Hispanic or Latino (Any Race)",0,0,"Monroe","Chili town","New York"
"3605515957",2017,"B17001B_SnrPov","Black (Non-Hispanic)",0,150.84944665313,"Monroe","Clarkson town","New York"
"3605515957",2017,"B17001C_SnrPov","Native American (Non-Hispanic)",0,0,"Monroe","Clarkson town","New York"
"3605515957",2017,"B17001D_SnrPov","Asian (Non-Hispanic)",0,0,"Monroe","Clarkson town","New York"
"3605515957",2017,"B17001E_SnrPov","Pacific Islander (Non-Hispanic)",0,0,"Monroe","Clarkson town","New York"
"3605515957",2017,"B17001F_SnrPov","Other (Non-Hispanic)",0,0,"Monroe","Clarkson town","New York"
"3605515957",2017,"B17001G_SnrPov","Two or More Races (Non-Hispanic)",0,0,"Monroe","Clarkson town","New York"
"3605515957",2017,"B17001H_SnrPov","White (Non-Hispanic)",34.2857142857143,59.3363267046882,"Monroe","Clarkson town","New York"
"3605515957",2017,"B17001I_SnrPov","Hispanic or Latino (Any Race)",0,150.84944665313,"Monroe","Clarkson town","New York"
"3605515957",2018,"B17001B_SnrPov","Black (Non-Hispanic)",0,0,"Monroe","Clarkson town","New York"
"3605515957",2018,"B17001C_SnrPov","Native American (Non-Hispanic)",0,0,"Monroe","Clarkson town","New York"
"3605515957",2018,"B17001D_SnrPov","Asian (Non-Hispanic)",0,0,"Monroe","Clarkson town","New York"
"3605515957",2018,"B17001E_SnrPov","Pacific Islander (Non-Hispanic)",0,0,"Monroe","Clarkson town","New York"
"3605515957",2018,"B17001F_SnrPov","Other (Non-Hispanic)",0,0,"Monroe","Clarkson town","New York"
"3605515957",2018,"B17001G_SnrPov","Two or More Races (Non-Hispanic)",0,0,"Monroe","Clarkson town","New York"
"3605515957",2018,"B17001H_SnrPov","White (Non-Hispanic)",37.8378378378378,63.3805873368647,"Monroe","Clarkson town","New York"
"3605515957",2018,"B17001I_SnrPov","Hispanic or Latino (Any Race)",0,0,"Monroe","Clarkson town","New York"
"3605515957",2019,"B17001B_SnrPov","Black (Non-Hispanic)",0,0,"Monroe","Clarkson town","New York"
"3605515957",2019,"B17001C_SnrPov","Native American (Non-Hispanic)",0,0,"Monroe","Clarkson town","New York"
"3605515957",2019,"B17001D_SnrPov","Asian (Non-Hispanic)",0,0,"Monroe","Clarkson town","New York"
"3605515957",2019,"B17001E_SnrPov","Pacific Islander (Non-Hispanic)",0,0,"Monroe","Clarkson town","New York"
"3605515957",2019,"B17001F_SnrPov","Other (Non-Hispanic)",0,0,"Monroe","Clarkson town","New York"
"3605515957",2019,"B17001G_SnrPov","Two or More Races (Non-Hispanic)",0,240.416305603426,"Monroe","Clarkson town","New York"
"3605515957",2019,"B17001H_SnrPov","White (Non-Hispanic)",50.5882352941176,33.5846431805366,"Monroe","Clarkson town","New York"
"3605515957",2019,"B17001I_SnrPov","Hispanic or Latino (Any Race)",0,0,"Monroe","Clarkson town","New York"
"3605515957",2020,"B17001B_SnrPov","Black (Non-Hispanic)",0,0,"Monroe","Clarkson town","New York"
"3605515957",2020,"B17001C_SnrPov","Native American (Non-Hispanic)",0,0,"Monroe","Clarkson town","New York"
"3605515957",2020,"B17001D_SnrPov","Asian (Non-Hispanic)",0,0,"Monroe","Clarkson town","New York"
"3605515957",2020,"B17001E_SnrPov","Pacific Islander (Non-Hispanic)",0,0,"Monroe","Clarkson town","New York"
"3605515957",2020,"B17001F_SnrPov","Other (Non-Hispanic)",0,0,"Monroe","Clarkson town","New York"
"3605515957",2020,"B17001G_SnrPov","Two or More Races (Non-Hispanic)",0,300.520382004283,"Monroe","Clarkson town","New York"
"3605515957",2020,"B17001H_SnrPov","White (Non-Hispanic)",51.25,33.5178503049122,"Monroe","Clarkson town","New York"
"3605515957",2020,"B17001I_SnrPov","Hispanic or Latino (Any Race)",0,0,"Monroe","Clarkson town","New York"
"3605515957",2021,"B17001B_SnrPov","Black (Non-Hispanic)",0,0,"Monroe","Clarkson town","New York"
"3605515957",2021,"B17001C_SnrPov","Native American (Non-Hispanic)",0,0,"Monroe","Clarkson town","New York"
"3605515957",2021,"B17001D_SnrPov","Asian (Non-Hispanic)",0,0,"Monroe","Clarkson town","New York"
"3605515957",2021,"B17001E_SnrPov","Pacific Islander (Non-Hispanic)",0,0,"Monroe","Clarkson town","New York"
"3605515957",2021,"B17001F_SnrPov","Other (Non-Hispanic)",0,0,"Monroe","Clarkson town","New York"
"3605515957",2021,"B17001G_SnrPov","Two or More Races (Non-Hispanic)",0,424.264068711928,"Monroe","Clarkson town","New York"
"3605515957",2021,"B17001H_SnrPov","White (Non-Hispanic)",37.1794871794872,33.2426508880084,"Monroe","Clarkson town","New York"
"3605515957",2021,"B17001I_SnrPov","Hispanic or Latino (Any Race)",0,0,"Monroe","Clarkson town","New York"
"3605515957",2022,"B17001B_SnrPov","Black (Non-Hispanic)",0,0,"Monroe","Clarkson town","New York"
"3605515957",2022,"B17001C_SnrPov","Native American (Non-Hispanic)",0,0,"Monroe","Clarkson town","New York"
"3605515957",2022,"B17001D_SnrPov","Asian (Non-Hispanic)",0,0,"Monroe","Clarkson town","New York"
"3605515957",2022,"B17001E_SnrPov","Pacific Islander (Non-Hispanic)",0,0,"Monroe","Clarkson town","New York"
"3605515957",2022,"B17001F_SnrPov","Other (Non-Hispanic)",0,0,"Monroe","Clarkson town","New York"
"3605515957",2022,"B17001G_SnrPov","Two or More Races (Non-Hispanic)",0,383.85796692984,"Monroe","Clarkson town","New York"
"3605515957",2022,"B17001H_SnrPov","White (Non-Hispanic)",50,35.9030170032509,"Monroe","Clarkson town","New York"
"3605515957",2022,"B17001I_SnrPov","Hispanic or Latino (Any Race)",0,0,"Monroe","Clarkson town","New York"
"3605515957",2023,"B17001B_SnrPov","Black (Non-Hispanic)",0,0,"Monroe","Clarkson town","New York"
"3605515957",2023,"B17001C_SnrPov","Native American (Non-Hispanic)",0,0,"Monroe","Clarkson town","New York"
"3605515957",2023,"B17001D_SnrPov","Asian (Non-Hispanic)",0,0,"Monroe","Clarkson town","New York"
"3605515957",2023,"B17001E_SnrPov","Pacific Islander (Non-Hispanic)",0,0,"Monroe","Clarkson town","New York"
"3605515957",2023,"B17001F_SnrPov","Other (Non-Hispanic)",0,0,"Monroe","Clarkson town","New York"
"3605515957",2023,"B17001G_SnrPov","Two or More Races (Non-Hispanic)",0,383.85796692984,"Monroe","Clarkson town","New York"
"3605515957",2023,"B17001H_SnrPov","White (Non-Hispanic)",39.2857142857143,36.468316645481,"Monroe","Clarkson town","New York"
"3605515957",2023,"B17001I_SnrPov","Hispanic or Latino (Any Race)",0,0,"Monroe","Clarkson town","New York"
"3605515957",2024,"B17001B_SnrPov","Black (Non-Hispanic)",0,0,"Monroe","Clarkson town","New York"
"3605515957",2024,"B17001C_SnrPov","Native American (Non-Hispanic)",0,0,"Monroe","Clarkson town","New York"
"3605515957",2024,"B17001D_SnrPov","Asian (Non-Hispanic)",0,0,"Monroe","Clarkson town","New York"
"3605515957",2024,"B17001E_SnrPov","Pacific Islander (Non-Hispanic)",0,0,"Monroe","Clarkson town","New York"
"3605515957",2024,"B17001F_SnrPov","Other (Non-Hispanic)",0,0,"Monroe","Clarkson town","New York"
"3605515957",2024,"B17001G_SnrPov","Two or More Races (Non-Hispanic)",0,0,"Monroe","Clarkson town","New York"
"3605515957",2024,"B17001H_SnrPov","White (Non-Hispanic)",40,62.5549675640724,"Monroe","Clarkson town","New York"
"3605515957",2024,"B17001I_SnrPov","Hispanic or Latino (Any Race)",0,0,"Monroe","Clarkson town","New York"
"3605522870",2017,"B17001B_SnrPov","Black (Non-Hispanic)",0,251.415744421884,"Monroe","East Rochester town","New York"
"3605522870",2017,"B17001C_SnrPov","Native American (Non-Hispanic)",0,0,"Monroe","East Rochester town","New York"
"3605522870",2017,"B17001D_SnrPov","Asian (Non-Hispanic)",0,565.685424949238,"Monroe","East Rochester town","New York"
"3605522870",2017,"B17001E_SnrPov","Pacific Islander (Non-Hispanic)",0,0,"Monroe","East Rochester town","New York"
"3605522870",2017,"B17001F_SnrPov","Other (Non-Hispanic)",0,0,"Monroe","East Rochester town","New York"
"3605522870",2017,"B17001G_SnrPov","Two or More Races (Non-Hispanic)",0,0,"Monroe","East Rochester town","New York"
"3605522870",2017,"B17001H_SnrPov","White (Non-Hispanic)",67.4074074074074,27.8887439282087,"Monroe","East Rochester town","New York"
"3605522870",2017,"B17001I_SnrPov","Hispanic or Latino (Any Race)",0,0,"Monroe","East Rochester town","New York"
"3605522870",2018,"B17001B_SnrPov","Black (Non-Hispanic)",0,0,"Monroe","East Rochester town","New York"
"3605522870",2018,"B17001C_SnrPov","Native American (Non-Hispanic)",0,0,"Monroe","East Rochester town","New York"
"3605522870",2018,"B17001D_SnrPov","Asian (Non-Hispanic)",0,601.040764008565,"Monroe","East Rochester town","New York"
"3605522870",2018,"B17001E_SnrPov","Pacific Islander (Non-Hispanic)",0,0,"Monroe","East Rochester town","New York"
"3605522870",2018,"B17001F_SnrPov","Other (Non-Hispanic)",0,0,"Monroe","East Rochester town","New York"
"3605522870",2018,"B17001G_SnrPov","Two or More Races (Non-Hispanic)",0,0,"Monroe","East Rochester town","New York"
"3605522870",2018,"B17001H_SnrPov","White (Non-Hispanic)",63.3928571428571,27.4377213185243,"Monroe","East Rochester town","New York"
"3605522870",2018,"B17001I_SnrPov","Hispanic or Latino (Any Race)",0,0,"Monroe","East Rochester town","New York"
"3605522870",2019,"B17001B_SnrPov","Black (Non-Hispanic)",0,0,"Monroe","East Rochester town","New York"
"3605522870",2019,"B17001C_SnrPov","Native American (Non-Hispanic)",0,0,"Monroe","East Rochester town","New York"
"3605522870",2019,"B17001D_SnrPov","Asian (Non-Hispanic)",0,801.387685344754,"Monroe","East Rochester town","New York"
"3605522870",2019,"B17001E_SnrPov","Pacific Islander (Non-Hispanic)",0,0,"Monroe","East Rochester town","New York"
"3605522870",2019,"B17001F_SnrPov","Other (Non-Hispanic)",0,0,"Monroe","East Rochester town","New York"
"3605522870",2019,"B17001G_SnrPov","Two or More Races (Non-Hispanic)",0,0,"Monroe","East Rochester town","New York"
"3605522870",2019,"B17001H_SnrPov","White (Non-Hispanic)",68.1818181818182,22.1717446629215,"Monroe","East Rochester town","New York"
"3605522870",2019,"B17001I_SnrPov","Hispanic or Latino (Any Race)",0,0,"Monroe","East Rochester town","New York"
"3605522870",2020,"B17001B_SnrPov","Black (Non-Hispanic)",0,0,"Monroe","East Rochester town","New York"
"3605522870",2020,"B17001C_SnrPov","Native American (Non-Hispanic)",0,0,"Monroe","East Rochester town","New York"
"3605522870",2020,"B17001D_SnrPov","Asian (Non-Hispanic)",0,801.387685344754,"Monroe","East Rochester town","New York"
"3605522870",2020,"B17001E_SnrPov","Pacific Islander (Non-Hispanic)",0,0,"Monroe","East Rochester town","New York"
"3605522870",2020,"B17001F_SnrPov","Other (Non-Hispanic)",0,0,"Monroe","East Rochester town","New York"
"3605522870",2020,"B17001G_SnrPov","Two or More Races (Non-Hispanic)",0,0,"Monroe","East Rochester town","New York"
"3605522870",2020,"B17001H_SnrPov","White (Non-Hispanic)",63.4408602150538,20.7593275635759,"Monroe","East Rochester town","New York"
"3605522870",2020,"B17001I_SnrPov","Hispanic or Latino (Any Race)",0,0,"Monroe","East Rochester town","New York"
"3605522870",2021,"B17001B_SnrPov","Black (Non-Hispanic)",0,0,"Monroe","East Rochester town","New York"
"3605522870",2021,"B17001C_SnrPov","Native American (Non-Hispanic)",0,0,"Monroe","East Rochester town","New York"
"3605522870",2021,"B17001D_SnrPov","Asian (Non-Hispanic)",0,636.396103067893,"Monroe","East Rochester town","New York"
"3605522870",2021,"B17001E_SnrPov","Pacific Islander (Non-Hispanic)",0,0,"Monroe","East Rochester town","New York"
"3605522870",2021,"B17001F_SnrPov","Other (Non-Hispanic)",0,0,"Monroe","East Rochester town","New York"
"3605522870",2021,"B17001G_SnrPov","Two or More Races (Non-Hispanic)",0,0,"Monroe","East Rochester town","New York"
"3605522870",2021,"B17001H_SnrPov","White (Non-Hispanic)",59.0673575129534,23.3042251359933,"Monroe","East Rochester town","New York"
"3605522870",2021,"B17001I_SnrPov","Hispanic or Latino (Any Race)",0,0,"Monroe","East Rochester town","New York"
"3605522870",2022,"B17001B_SnrPov","Black (Non-Hispanic)",0,0,"Monroe","East Rochester town","New York"
"3605522870",2022,"B17001C_SnrPov","Native American (Non-Hispanic)",0,0,"Monroe","East Rochester town","New York"
"3605522870",2022,"B17001D_SnrPov","Asian (Non-Hispanic)",0,0,"Monroe","East Rochester town","New York"
"3605522870",2022,"B17001E_SnrPov","Pacific Islander (Non-Hispanic)",0,0,"Monroe","East Rochester town","New York"
"3605522870",2022,"B17001F_SnrPov","Other (Non-Hispanic)",0,79.0295814267318,"Monroe","East Rochester town","New York"
"3605522870",2022,"B17001G_SnrPov","Two or More Races (Non-Hispanic)",0,0,"Monroe","East Rochester town","New York"
"3605522870",2022,"B17001H_SnrPov","White (Non-Hispanic)",51.4792899408284,19.0785555242611,"Monroe","East Rochester town","New York"
"3605522870",2022,"B17001I_SnrPov","Hispanic or Latino (Any Race)",0,79.0295814267318,"Monroe","East Rochester town","New York"
"3605522870",2023,"B17001B_SnrPov","Black (Non-Hispanic)",100,1181.86293621553,"Monroe","East Rochester town","New York"
"3605522870",2023,"B17001C_SnrPov","Native American (Non-Hispanic)",0,0,"Monroe","East Rochester town","New York"
"3605522870",2023,"B17001D_SnrPov","Asian (Non-Hispanic)",0,0,"Monroe","East Rochester town","New York"
"3605522870",2023,"B17001E_SnrPov","Pacific Islander (Non-Hispanic)",0,0,"Monroe","East Rochester town","New York"
"3605522870",2023,"B17001F_SnrPov","Other (Non-Hispanic)",0,68.89758380792,"Monroe","East Rochester town","New York"
"3605522870",2023,"B17001G_SnrPov","Two or More Races (Non-Hispanic)",0,0,"Monroe","East Rochester town","New York"
"3605522870",2023,"B17001H_SnrPov","White (Non-Hispanic)",52.6315789473684,27.2497025588644,"Monroe","East Rochester town","New York"
"3605522870",2023,"B17001I_SnrPov","Hispanic or Latino (Any Race)",0,68.89758380792,"Monroe","East Rochester town","New York"
"3605522870",2024,"B17001B_SnrPov","Black (Non-Hispanic)",100,377.409158778896,"Monroe","East Rochester town","New York"
"3605522870",2024,"B17001C_SnrPov","Native American (Non-Hispanic)",0,0,"Monroe","East Rochester town","New York"
"3605522870",2024,"B17001D_SnrPov","Asian (Non-Hispanic)",0,0,"Monroe","East Rochester town","New York"
"3605522870",2024,"B17001E_SnrPov","Pacific Islander (Non-Hispanic)",0,0,"Monroe","East Rochester town","New York"
"3605522870",2024,"B17001F_SnrPov","Other (Non-Hispanic)",0,74.6390491252467,"Monroe","East Rochester town","New York"
"3605522870",2024,"B17001G_SnrPov","Two or More Races (Non-Hispanic)",0,0,"Monroe","East Rochester town","New York"
"3605522870",2024,"B17001H_SnrPov","White (Non-Hispanic)",58.6206896551724,38.9200673118703,"Monroe","East Rochester town","New York"
"3605522870",2024,"B17001I_SnrPov","Hispanic or Latino (Any Race)",0,74.6390491252467,"Monroe","East Rochester town","New York"
"3605528442",2017,"B17001B_SnrPov","Black (Non-Hispanic)",0,134.993112771977,"Monroe","Gates town","New York"
"3605528442",2017,"B17001C_SnrPov","Native American (Non-Hispanic)",100,275.36957414875,"Monroe","Gates town","New York"
"3605528442",2017,"B17001D_SnrPov","Asian (Non-Hispanic)",0,0,"Monroe","Gates town","New York"
"3605528442",2017,"B17001E_SnrPov","Pacific Islander (Non-Hispanic)",0,0,"Monroe","Gates town","New York"
"3605528442",2017,"B17001F_SnrPov","Other (Non-Hispanic)",0,0,"Monroe","Gates town","New York"
"3605528442",2017,"B17001G_SnrPov","Two or More Races (Non-Hispanic)",0,0,"Monroe","Gates town","New York"
"3605528442",2017,"B17001H_SnrPov","White (Non-Hispanic)",57.7049180327869,15.7756047859232,"Monroe","Gates town","New York"
"3605528442",2017,"B17001I_SnrPov","Hispanic or Latino (Any Race)",72.2222222222222,40.7694384938987,"Monroe","Gates town","New York"
"3605528442",2018,"B17001B_SnrPov","Black (Non-Hispanic)",16.6666666666667,125.315103524945,"Monroe","Gates town","New York"
"3605528442",2018,"B17001C_SnrPov","Native American (Non-Hispanic)",100,321.699090314445,"Monroe","Gates town","New York"
"3605528442",2018,"B17001D_SnrPov","Asian (Non-Hispanic)",0,0,"Monroe","Gates town","New York"
"3605528442",2018,"B17001E_SnrPov","Pacific Islander (Non-Hispanic)",0,0,"Monroe","Gates town","New York"
"3605528442",2018,"B17001F_SnrPov","Other (Non-Hispanic)",0,0,"Monroe","Gates town","New York"
"3605528442",2018,"B17001G_SnrPov","Two or More Races (Non-Hispanic)",0,0,"Monroe","Gates town","New York"
"3605528442",2018,"B17001H_SnrPov","White (Non-Hispanic)",67.7966101694915,13.120214215622,"Monroe","Gates town","New York"
"3605528442",2018,"B17001I_SnrPov","Hispanic or Latino (Any Race)",70.7317073170732,26.1420891154912,"Monroe","Gates town","New York"
"3605528442",2019,"B17001B_SnrPov","Black (Non-Hispanic)",28.5714285714286,105.661391612307,"Monroe","Gates town","New York"
"3605528442",2019,"B17001C_SnrPov","Native American (Non-Hispanic)",100,277.999911182151,"Monroe","Gates town","New York"
"3605528442",2019,"B17001D_SnrPov","Asian (Non-Hispanic)",0,0,"Monroe","Gates town","New York"
"3605528442",2019,"B17001E_SnrPov","Pacific Islander (Non-Hispanic)",0,0,"Monroe","Gates town","New York"
"3605528442",2019,"B17001F_SnrPov","Other (Non-Hispanic)",0,0,"Monroe","Gates town","New York"
"3605528442",2019,"B17001G_SnrPov","Two or More Races (Non-Hispanic)",0,0,"Monroe","Gates town","New York"
"3605528442",2019,"B17001H_SnrPov","White (Non-Hispanic)",63.1578947368421,17.4534776395507,"Monroe","Gates town","New York"
"3605528442",2019,"B17001I_SnrPov","Hispanic or Latino (Any Race)",100,268.071342925646,"Monroe","Gates town","New York"
"3605528442",2020,"B17001B_SnrPov","Black (Non-Hispanic)",19.2307692307692,90.8551412947852,"Monroe","Gates town","New York"
"3605528442",2020,"B17001C_SnrPov","Native American (Non-Hispanic)",100,334.448734006679,"Monroe","Gates town","New York"
"3605528442",2020,"B17001D_SnrPov","Asian (Non-Hispanic)",0,0,"Monroe","Gates town","New York"
"3605528442",2020,"B17001E_SnrPov","Pacific Islander (Non-Hispanic)",0,0,"Monroe","Gates town","New York"
"3605528442",2020,"B17001F_SnrPov","Other (Non-Hispanic)",0,0,"Monroe","Gates town","New York"
"3605528442",2020,"B17001G_SnrPov","Two or More Races (Non-Hispanic)",0,0,"Monroe","Gates town","New York"
"3605528442",2020,"B17001H_SnrPov","White (Non-Hispanic)",52.9113924050633,20.1229764259558,"Monroe","Gates town","New York"
"3605528442",2020,"B17001I_SnrPov","Hispanic or Latino (Any Race)",100,322.645316098034,"Monroe","Gates town","New York"
"3605528442",2021,"B17001B_SnrPov","Black (Non-Hispanic)",31.25,150.34851277272,"Monroe","Gates town","New York"
"3605528442",2021,"B17001C_SnrPov","Native American (Non-Hispanic)",0,0,"Monroe","Gates town","New York"
"3605528442",2021,"B17001D_SnrPov","Asian (Non-Hispanic)",0,0,"Monroe","Gates town","New York"
"3605528442",2021,"B17001E_SnrPov","Pacific Islander (Non-Hispanic)",0,0,"Monroe","Gates town","New York"
"3605528442",2021,"B17001F_SnrPov","Other (Non-Hispanic)",0,0,"Monroe","Gates town","New York"
"3605528442",2021,"B17001G_SnrPov","Two or More Races (Non-Hispanic)",0,0,"Monroe","Gates town","New York"
"3605528442",2021,"B17001H_SnrPov","White (Non-Hispanic)",52.2427440633245,19.6290977310882,"Monroe","Gates town","New York"
"3605528442",2021,"B17001I_SnrPov","Hispanic or Latino (Any Race)",100,4808.32611206852,"Monroe","Gates town","New York"
"3605528442",2022,"B17001B_SnrPov","Black (Non-Hispanic)",35.7142857142857,172.69409581356,"Monroe","Gates town","New York"
"3605528442",2022,"B17001C_SnrPov","Native American (Non-Hispanic)",0,0,"Monroe","Gates town","New York"
"3605528442",2022,"B17001D_SnrPov","Asian (Non-Hispanic)",0,0,"Monroe","Gates town","New York"
"3605528442",2022,"B17001E_SnrPov","Pacific Islander (Non-Hispanic)",0,0,"Monroe","Gates town","New York"
"3605528442",2022,"B17001F_SnrPov","Other (Non-Hispanic)",0,0,"Monroe","Gates town","New York"
"3605528442",2022,"B17001G_SnrPov","Two or More Races (Non-Hispanic)",100,441.889434349079,"Monroe","Gates town","New York"
"3605528442",2022,"B17001H_SnrPov","White (Non-Hispanic)",49.4764397905759,19.5310496374826,"Monroe","Gates town","New York"
"3605528442",2022,"B17001I_SnrPov","Hispanic or Latino (Any Race)",100,5007.99361021957,"Monroe","Gates town","New York"
"3605528442",2023,"B17001B_SnrPov","Black (Non-Hispanic)",54.5454545454545,161.091319515176,"Monroe","Gates town","New York"
"3605528442",2023,"B17001C_SnrPov","Native American (Non-Hispanic)",0,0,"Monroe","Gates town","New York"
"3605528442",2023,"B17001D_SnrPov","Asian (Non-Hispanic)",0,271.964146610211,"Monroe","Gates town","New York"
"3605528442",2023,"B17001E_SnrPov","Pacific Islander (Non-Hispanic)",0,0,"Monroe","Gates town","New York"
"3605528442",2023,"B17001F_SnrPov","Other (Non-Hispanic)",43.4782608695652,92.0371987006418,"Monroe","Gates town","New York"
"3605528442",2023,"B17001G_SnrPov","Two or More Races (Non-Hispanic)",100,603.487805066679,"Monroe","Gates town","New York"
"3605528442",2023,"B17001H_SnrPov","White (Non-Hispanic)",38.4453781512605,15.7694943005834,"Monroe","Gates town","New York"
"3605528442",2023,"B17001I_SnrPov","Hispanic or Latino (Any Race)",45.8333333333333,103.469017940691,"Monroe","Gates town","New York"
"3605528442",2024,"B17001B_SnrPov","Black (Non-Hispanic)",13.3333333333333,167.57972121639,"Monroe","Gates town","New York"
"3605528442",2024,"B17001C_SnrPov","Native American (Non-Hispanic)",0,0,"Monroe","Gates town","New York"
"3605528442",2024,"B17001D_SnrPov","Asian (Non-Hispanic)",0,589.25565098879,"Monroe","Gates town","New York"
"3605528442",2024,"B17001E_SnrPov","Pacific Islander (Non-Hispanic)",0,0,"Monroe","Gates town","New York"
"3605528442",2024,"B17001F_SnrPov","Other (Non-Hispanic)",44.8275862068966,76.1480785243728,"Monroe","Gates town","New York"
"3605528442",2024,"B17001G_SnrPov","Two or More Races (Non-Hispanic)",100,548.81690936049,"Monroe","Gates town","New York"
"3605528442",2024,"B17001H_SnrPov","White (Non-Hispanic)",26.7964071856287,12.118026539371,"Monroe","Gates town","New York"
"3605528442",2024,"B17001I_SnrPov","Hispanic or Latino (Any Race)",44.8275862068966,76.1480785243728,"Monroe","Gates town","New York"
"3605530290",2017,"B17001B_SnrPov","Black (Non-Hispanic)",62.4365482233503,34.3557365299916,"Monroe","Greece town","New York"
"3605530290",2017,"B17001C_SnrPov","Native American (Non-Hispanic)",0,100.483595221246,"Monroe","Greece town","New York"
"3605530290",2017,"B17001D_SnrPov","Asian (Non-Hispanic)",82.3529411764706,306.157988509582,"Monroe","Greece town","New York"
"3605530290",2017,"B17001E_SnrPov","Pacific Islander (Non-Hispanic)",0,0,"Monroe","Greece town","New York"
"3605530290",2017,"B17001F_SnrPov","Other (Non-Hispanic)",0,0,"Monroe","Greece town","New York"
"3605530290",2017,"B17001G_SnrPov","Two or More Races (Non-Hispanic)",50,95.6066158798647,"Monroe","Greece town","New York"
"3605530290",2017,"B17001H_SnrPov","White (Non-Hispanic)",37.9710144927536,10.6852306548099,"Monroe","Greece town","New York"
"3605530290",2017,"B17001I_SnrPov","Hispanic or Latino (Any Race)",65.2173913043478,71.0246958227322,"Monroe","Greece town","New York"
"3605530290",2018,"B17001B_SnrPov","Black (Non-Hispanic)",50.4,26.185783599503,"Monroe","Greece town","New York"
"3605530290",2018,"B17001C_SnrPov","Native American (Non-Hispanic)",0,158.391918985787,"Monroe","Greece town","New York"
"3605530290",2018,"B17001D_SnrPov","Asian (Non-Hispanic)",91.6666666666667,433.106243915414,"Monroe","Greece town","New York"
"3605530290",2018,"B17001E_SnrPov","Pacific Islander (Non-Hispanic)",0,0,"Monroe","Greece town","New York"
"3605530290",2018,"B17001F_SnrPov","Other (Non-Hispanic)",0,0,"Monroe","Greece town","New York"
"3605530290",2018,"B17001G_SnrPov","Two or More Races (Non-Hispanic)",43.75,92.3363469959826,"Monroe","Greece town","New York"
"3605530290",2018,"B17001H_SnrPov","White (Non-Hispanic)",36.6465863453815,11.3830251689248,"Monroe","Greece town","New York"
"3605530290",2018,"B17001I_SnrPov","Hispanic or Latino (Any Race)",27.6595744680851,63.1544787161757,"Monroe","Greece town","New York"
"3605530290",2019,"B17001B_SnrPov","Black (Non-Hispanic)",39.4736842105263,24.187446806279,"Monroe","Greece town","New York"
"3605530290",2019,"B17001C_SnrPov","Native American (Non-Hispanic)",0,158.391918985787,"Monroe","Greece town","New York"
"3605530290",2019,"B17001D_SnrPov","Asian (Non-Hispanic)",100,559.220236335625,"Monroe","Greece town","New York"
"3605530290",2019,"B17001E_SnrPov","Pacific Islander (Non-Hispanic)",0,0,"Monroe","Greece town","New York"
"3605530290",2019,"B17001F_SnrPov","Other (Non-Hispanic)",0,0,"Monroe","Greece town","New York"
"3605530290",2019,"B17001G_SnrPov","Two or More Races (Non-Hispanic)",40,108.047397007054,"Monroe","Greece town","New York"
"3605530290",2019,"B17001H_SnrPov","White (Non-Hispanic)",28.6124401913876,7.23969403851484,"Monroe","Greece town","New York"
"3605530290",2019,"B17001I_SnrPov","Hispanic or Latino (Any Race)",33.3333333333333,64.4572145712803,"Monroe","Greece town","New York"
"3605530290",2020,"B17001B_SnrPov","Black (Non-Hispanic)",22.0588235294118,22.8976436387321,"Monroe","Greece town","New York"
"3605530290",2020,"B17001C_SnrPov","Native American (Non-Hispanic)",0,0,"Monroe","Greece town","New York"
"3605530290",2020,"B17001D_SnrPov","Asian (Non-Hispanic)",100,869.200899724357,"Monroe","Greece town","New York"
"3605530290",2020,"B17001E_SnrPov","Pacific Islander (Non-Hispanic)",0,0,"Monroe","Greece town","New York"
"3605530290",2020,"B17001F_SnrPov","Other (Non-Hispanic)",0,1367.07311029399,"Monroe","Greece town","New York"
"3605530290",2020,"B17001G_SnrPov","Two or More Races (Non-Hispanic)",59.0909090909091,99.761514681205,"Monroe","Greece town","New York"
"3605530290",2020,"B17001H_SnrPov","White (Non-Hispanic)",38.7096774193548,11.3775848994242,"Monroe","Greece town","New York"
"3605530290",2020,"B17001I_SnrPov","Hispanic or Latino (Any Race)",0,205.060966544099,"Monroe","Greece town","New York"
"3605530290",2021,"B17001B_SnrPov","Black (Non-Hispanic)",11.304347826087,12.1072438575393,"Monroe","Greece town","New York"
"3605530290",2021,"B17001C_SnrPov","Native American (Non-Hispanic)",0,0,"Monroe","Greece town","New York"
"3605530290",2021,"B17001D_SnrPov","Asian (Non-Hispanic)",26.6666666666667,76.1049019725563,"Monroe","Greece town","New York"
"3605530290",2021,"B17001E_SnrPov","Pacific Islander (Non-Hispanic)",0,0,"Monroe","Greece town","New York"
"3605530290",2021,"B17001F_SnrPov","Other (Non-Hispanic)",0,1414.2135623731,"Monroe","Greece town","New York"
"3605530290",2021,"B17001G_SnrPov","Two or More Races (Non-Hispanic)",53.5714285714286,66.5581097512302,"Monroe","Greece town","New York"
"3605530290",2021,"B17001H_SnrPov","White (Non-Hispanic)",39.2349726775956,14.2575868719319,"Monroe","Greece town","New York"
"3605530290",2021,"B17001I_SnrPov","Hispanic or Latino (Any Race)",0,90.268950789772,"Monroe","Greece town","New York"
"3605530290",2022,"B17001B_SnrPov","Black (Non-Hispanic)",5.29411764705882,7.97635272535612,"Monroe","Greece town","New York"
"3605530290",2022,"B17001C_SnrPov","Native American (Non-Hispanic)",0,0,"Monroe","Greece town","New York"
"3605530290",2022,"B17001D_SnrPov","Asian (Non-Hispanic)",0,47.6528482973543,"Monroe","Greece town","New York"
"3605530290",2022,"B17001E_SnrPov","Pacific Islander (Non-Hispanic)",0,0,"Monroe","Greece town","New York"
"3605530290",2022,"B17001F_SnrPov","Other (Non-Hispanic)",64.8648648648649,70.1388049330461,"Monroe","Greece town","New York"
"3605530290",2022,"B17001G_SnrPov","Two or More Races (Non-Hispanic)",40.9090909090909,78.0299990997755,"Monroe","Greece town","New York"
"3605530290",2022,"B17001H_SnrPov","White (Non-Hispanic)",44.234404536862,13.2529543979445,"Monroe","Greece town","New York"
"3605530290",2022,"B17001I_SnrPov","Hispanic or Latino (Any Race)",42.1052631578947,60.0256050873096,"Monroe","Greece town","New York"
"3605530290",2023,"B17001B_SnrPov","Black (Non-Hispanic)",28.936170212766,23.9592958843962,"Monroe","Greece town","New York"
"3605530290",2023,"B17001C_SnrPov","Native American (Non-Hispanic)",0,0,"Monroe","Greece town","New York"
"3605530290",2023,"B17001D_SnrPov","Asian (Non-Hispanic)",0,35.6427808402975,"Monroe","Greece town","New York"
"3605530290",2023,"B17001E_SnrPov","Pacific Islander (Non-Hispanic)",0,0,"Monroe","Greece town","New York"
"3605530290",2023,"B17001F_SnrPov","Other (Non-Hispanic)",55.0724637681159,67.3713767416042,"Monroe","Greece town","New York"
"3605530290",2023,"B17001G_SnrPov","Two or More Races (Non-Hispanic)",40,80.4083329015096,"Monroe","Greece town","New York"
"3605530290",2023,"B17001H_SnrPov","White (Non-Hispanic)",43.0887372013652,11.9335737629197,"Monroe","Greece town","New York"
"3605530290",2023,"B17001I_SnrPov","Hispanic or Latino (Any Race)",37.6237623762376,56.6617705532993,"Monroe","Greece town","New York"
"3605530290",2024,"B17001B_SnrPov","Black (Non-Hispanic)",28.5310734463277,22.0988994866118,"Monroe","Greece town","New York"
"3605530290",2024,"B17001C_SnrPov","Native American (Non-Hispanic)",0,0,"Monroe","Greece town","New York"
"3605530290",2024,"B17001D_SnrPov","Asian (Non-Hispanic)",8.33333333333333,31.9315817725139,"Monroe","Greece town","New York"
"3605530290",2024,"B17001E_SnrPov","Pacific Islander (Non-Hispanic)",0,0,"Monroe","Greece town","New York"
"3605530290",2024,"B17001F_SnrPov","Other (Non-Hispanic)",70.5128205128205,60.299703187808,"Monroe","Greece town","New York"
"3605530290",2024,"B17001G_SnrPov","Two or More Races (Non-Hispanic)",70.9677419354839,63.0679078353899,"Monroe","Greece town","New York"
"3605530290",2024,"B17001H_SnrPov","White (Non-Hispanic)",45.6018518518519,10.449497698788,"Monroe","Greece town","New York"
"3605530290",2024,"B17001I_SnrPov","Hispanic or Latino (Any Race)",48.2456140350877,57.903760814805,"Monroe","Greece town","New York"
"3605531797",2017,"B17001B_SnrPov","Black (Non-Hispanic)",0,1131.37084989848,"Monroe","Hamlin town","New York"
"3605531797",2017,"B17001C_SnrPov","Native American (Non-Hispanic)",0,0,"Monroe","Hamlin town","New York"
"3605531797",2017,"B17001D_SnrPov","Asian (Non-Hispanic)",0,323.248814256707,"Monroe","Hamlin town","New York"
"3605531797",2017,"B17001E_SnrPov","Pacific Islander (Non-Hispanic)",0,0,"Monroe","Hamlin town","New York"
"3605531797",2017,"B17001F_SnrPov","Other (Non-Hispanic)",0,0,"Monroe","Hamlin town","New York"
"3605531797",2017,"B17001G_SnrPov","Two or More Races (Non-Hispanic)",0,0,"Monroe","Hamlin town","New York"
"3605531797",2017,"B17001H_SnrPov","White (Non-Hispanic)",67.9611650485437,33.948104313793,"Monroe","Hamlin town","New York"
"3605531797",2017,"B17001I_SnrPov","Hispanic or Latino (Any Race)",100,1624.80768092719,"Monroe","Hamlin town","New York"
"3605531797",2018,"B17001B_SnrPov","Black (Non-Hispanic)",0,2404.16305603426,"Monroe","Hamlin town","New York"
"3605531797",2018,"B17001C_SnrPov","Native American (Non-Hispanic)",0,0,"Monroe","Hamlin town","New York"
"3605531797",2018,"B17001D_SnrPov","Asian (Non-Hispanic)",0,343.451865147752,"Monroe","Hamlin town","New York"
"3605531797",2018,"B17001E_SnrPov","Pacific Islander (Non-Hispanic)",0,0,"Monroe","Hamlin town","New York"
"3605531797",2018,"B17001F_SnrPov","Other (Non-Hispanic)",0,0,"Monroe","Hamlin town","New York"
"3605531797",2018,"B17001G_SnrPov","Two or More Races (Non-Hispanic)",0,0,"Monroe","Hamlin town","New York"
"3605531797",2018,"B17001H_SnrPov","White (Non-Hispanic)",68.1818181818182,29.1899123852262,"Monroe","Hamlin town","New York"
"3605531797",2018,"B17001I_SnrPov","Hispanic or Latino (Any Race)",100,3446.73758792282,"Monroe","Hamlin town","New York"
"3605531797",2019,"B17001B_SnrPov","Black (Non-Hispanic)",0,2404.16305603426,"Monroe","Hamlin town","New York"
"3605531797",2019,"B17001C_SnrPov","Native American (Non-Hispanic)",0,0,"Monroe","Hamlin town","New York"
"3605531797",2019,"B17001D_SnrPov","Asian (Non-Hispanic)",0,0,"Monroe","Hamlin town","New York"
"3605531797",2019,"B17001E_SnrPov","Pacific Islander (Non-Hispanic)",0,0,"Monroe","Hamlin town","New York"
"3605531797",2019,"B17001F_SnrPov","Other (Non-Hispanic)",0,0,"Monroe","Hamlin town","New York"
"3605531797",2019,"B17001G_SnrPov","Two or More Races (Non-Hispanic)",0,0,"Monroe","Hamlin town","New York"
"3605531797",2019,"B17001H_SnrPov","White (Non-Hispanic)",63.2478632478632,30.3616583081071,"Monroe","Hamlin town","New York"
"3605531797",2019,"B17001I_SnrPov","Hispanic or Latino (Any Race)",100,3411.7444218464,"Monroe","Hamlin town","New York"
"3605531797",2020,"B17001B_SnrPov","Black (Non-Hispanic)",0,2404.16305603426,"Monroe","Hamlin town","New York"
"3605531797",2020,"B17001C_SnrPov","Native American (Non-Hispanic)",0,0,"Monroe","Hamlin town","New York"
"3605531797",2020,"B17001D_SnrPov","Asian (Non-Hispanic)",0,0,"Monroe","Hamlin town","New York"
"3605531797",2020,"B17001E_SnrPov","Pacific Islander (Non-Hispanic)",0,0,"Monroe","Hamlin town","New York"
"3605531797",2020,"B17001F_SnrPov","Other (Non-Hispanic)",0,0,"Monroe","Hamlin town","New York"
"3605531797",2020,"B17001G_SnrPov","Two or More Races (Non-Hispanic)",0,0,"Monroe","Hamlin town","New York"
"3605531797",2020,"B17001H_SnrPov","White (Non-Hispanic)",55.6390977443609,31.5184739766447,"Monroe","Hamlin town","New York"
"3605531797",2020,"B17001I_SnrPov","Hispanic or Latino (Any Race)",100,3411.7444218464,"Monroe","Hamlin town","New York"
"3605531797",2021,"B17001B_SnrPov","Black (Non-Hispanic)",0,2545.58441227157,"Monroe","Hamlin town","New York"
"3605531797",2021,"B17001C_SnrPov","Native American (Non-Hispanic)",0,0,"Monroe","Hamlin town","New York"
"3605531797",2021,"B17001D_SnrPov","Asian (Non-Hispanic)",0,0,"Monroe","Hamlin town","New York"
"3605531797",2021,"B17001E_SnrPov","Pacific Islander (Non-Hispanic)",0,0,"Monroe","Hamlin town","New York"
"3605531797",2021,"B17001F_SnrPov","Other (Non-Hispanic)",0,0,"Monroe","Hamlin town","New York"
"3605531797",2021,"B17001G_SnrPov","Two or More Races (Non-Hispanic)",0,0,"Monroe","Hamlin town","New York"
"3605531797",2021,"B17001H_SnrPov","White (Non-Hispanic)",49.7109826589595,26.914134397562,"Monroe","Hamlin town","New York"
"3605531797",2021,"B17001I_SnrPov","Hispanic or Latino (Any Race)",100,3611.09401705356,"Monroe","Hamlin town","New York"
"3605531797",2022,"B17001B_SnrPov","Black (Non-Hispanic)",0,2687.00576850888,"Monroe","Hamlin town","New York"
"3605531797",2022,"B17001C_SnrPov","Native American (Non-Hispanic)",0,0,"Monroe","Hamlin town","New York"
"3605531797",2022,"B17001D_SnrPov","Asian (Non-Hispanic)",0,0,"Monroe","Hamlin town","New York"
"3605531797",2022,"B17001E_SnrPov","Pacific Islander (Non-Hispanic)",0,0,"Monroe","Hamlin town","New York"
"3605531797",2022,"B17001F_SnrPov","Other (Non-Hispanic)",0,0,"Monroe","Hamlin town","New York"
"3605531797",2022,"B17001G_SnrPov","Two or More Races (Non-Hispanic)",0,537.401153701776,"Monroe","Hamlin town","New York"
"3605531797",2022,"B17001H_SnrPov","White (Non-Hispanic)",51.2690355329949,24.3333478018983,"Monroe","Hamlin town","New York"
"3605531797",2022,"B17001I_SnrPov","Hispanic or Latino (Any Race)",0,0,"Monroe","Hamlin town","New York"
"3605531797",2023,"B17001B_SnrPov","Black (Non-Hispanic)",90.9090909090909,26.8746866745753,"Monroe","Hamlin town","New York"
"3605531797",2023,"B17001C_SnrPov","Native American (Non-Hispanic)",0,0,"Monroe","Hamlin town","New York"
"3605531797",2023,"B17001D_SnrPov","Asian (Non-Hispanic)",0,0,"Monroe","Hamlin town","New York"
"3605531797",2023,"B17001E_SnrPov","Pacific Islander (Non-Hispanic)",0,0,"Monroe","Hamlin town","New York"
"3605531797",2023,"B17001F_SnrPov","Other (Non-Hispanic)",0,0,"Monroe","Hamlin town","New York"
"3605531797",2023,"B17001G_SnrPov","Two or More Races (Non-Hispanic)",83.8709677419355,49.3299872514692,"Monroe","Hamlin town","New York"
"3605531797",2023,"B17001H_SnrPov","White (Non-Hispanic)",31.3953488372093,14.2894635274055,"Monroe","Hamlin town","New York"
"3605531797",2023,"B17001I_SnrPov","Hispanic or Latino (Any Race)",0,0,"Monroe","Hamlin town","New York"
"3605531797",2024,"B17001B_SnrPov","Black (Non-Hispanic)",84.2105263157895,227.913206120272,"Monroe","Hamlin town","New York"
"3605531797",2024,"B17001C_SnrPov","Native American (Non-Hispanic)",0,0,"Monroe","Hamlin town","New York"
"3605531797",2024,"B17001D_SnrPov","Asian (Non-Hispanic)",0,0,"Monroe","Hamlin town","New York"
"3605531797",2024,"B17001E_SnrPov","Pacific Islander (Non-Hispanic)",0,0,"Monroe","Hamlin town","New York"
"3605531797",2024,"B17001F_SnrPov","Other (Non-Hispanic)",0,0,"Monroe","Hamlin town","New York"
"3605531797",2024,"B17001G_SnrPov","Two or More Races (Non-Hispanic)",75.7575757575758,68.5713120755749,"Monroe","Hamlin town","New York"
"3605531797",2024,"B17001H_SnrPov","White (Non-Hispanic)",34.8214285714286,15.4443686736987,"Monroe","Hamlin town","New York"
"3605531797",2024,"B17001I_SnrPov","Hispanic or Latino (Any Race)",0,0,"Monroe","Hamlin town","New York"
"3605534099",2017,"B17001B_SnrPov","Black (Non-Hispanic)",38.9763779527559,20.1068093483529,"Monroe","Henrietta town","New York"
"3605534099",2017,"B17001C_SnrPov","Native American (Non-Hispanic)",100,636.396103067893,"Monroe","Henrietta town","New York"
"3605534099",2017,"B17001D_SnrPov","Asian (Non-Hispanic)",65,48.1188307734093,"Monroe","Henrietta town","New York"
"3605534099",2017,"B17001E_SnrPov","Pacific Islander (Non-Hispanic)",0,0,"Monroe","Henrietta town","New York"
"3605534099",2017,"B17001F_SnrPov","Other (Non-Hispanic)",0,0,"Monroe","Henrietta town","New York"
"3605534099",2017,"B17001G_SnrPov","Two or More Races (Non-Hispanic)",0,0,"Monroe","Henrietta town","New York"
"3605534099",2017,"B17001H_SnrPov","White (Non-Hispanic)",31.5315315315315,18.8193851311491,"Monroe","Henrietta town","New York"
"3605534099",2017,"B17001I_SnrPov","Hispanic or Latino (Any Race)",14.9253731343284,37.1513588244916,"Monroe","Henrietta town","New York"
"3605534099",2018,"B17001B_SnrPov","Black (Non-Hispanic)",35.8695652173913,20.5996636433475,"Monroe","Henrietta town","New York"
"3605534099",2018,"B17001C_SnrPov","Native American (Non-Hispanic)",0,0,"Monroe","Henrietta town","New York"
"3605534099",2018,"B17001D_SnrPov","Asian (Non-Hispanic)",61.5384615384615,51.4127450077607,"Monroe","Henrietta town","New York"
"3605534099",2018,"B17001E_SnrPov","Pacific Islander (Non-Hispanic)",0,0,"Monroe","Henrietta town","New York"
"3605534099",2018,"B17001F_SnrPov","Other (Non-Hispanic)",0,0,"Monroe","Henrietta town","New York"
"3605534099",2018,"B17001G_SnrPov","Two or More Races (Non-Hispanic)",0,0,"Monroe","Henrietta town","New York"
"3605534099",2018,"B17001H_SnrPov","White (Non-Hispanic)",41.036717062635,22.4631980177436,"Monroe","Henrietta town","New York"
"3605534099",2018,"B17001I_SnrPov","Hispanic or Latino (Any Race)",5.26315789473684,67.0437371065765,"Monroe","Henrietta town","New York"
"3605534099",2019,"B17001B_SnrPov","Black (Non-Hispanic)",36.7256637168142,23.589216941885,"Monroe","Henrietta town","New York"
"3605534099",2019,"B17001C_SnrPov","Native American (Non-Hispanic)",0,0,"Monroe","Henrietta town","New York"
"3605534099",2019,"B17001D_SnrPov","Asian (Non-Hispanic)",61.1111111111111,59.0452749827619,"Monroe","Henrietta town","New York"
"3605534099",2019,"B17001E_SnrPov","Pacific Islander (Non-Hispanic)",0,0,"Monroe","Henrietta town","New York"
"3605534099",2019,"B17001F_SnrPov","Other (Non-Hispanic)",0,0,"Monroe","Henrietta town","New York"
"3605534099",2019,"B17001G_SnrPov","Two or More Races (Non-Hispanic)",0,0,"Monroe","Henrietta town","New York"
"3605534099",2019,"B17001H_SnrPov","White (Non-Hispanic)",39.2461197339246,22.5876348131231,"Monroe","Henrietta town","New York"
"3605534099",2019,"B17001I_SnrPov","Hispanic or Latino (Any Race)",8.33333333333333,69.8633200446008,"Monroe","Henrietta town","New York"
"3605534099",2020,"B17001B_SnrPov","Black (Non-Hispanic)",27.683615819209,23.9799166946939,"Monroe","Henrietta town","New York"
"3605534099",2020,"B17001C_SnrPov","Native American (Non-Hispanic)",0,1225.65175405668,"Monroe","Henrietta town","New York"
"3605534099",2020,"B17001D_SnrPov","Asian (Non-Hispanic)",43.75,82.3781263484646,"Monroe","Henrietta town","New York"
"3605534099",2020,"B17001E_SnrPov","Pacific Islander (Non-Hispanic)",0,0,"Monroe","Henrietta town","New York"
"3605534099",2020,"B17001F_SnrPov","Other (Non-Hispanic)",0,0,"Monroe","Henrietta town","New York"
"3605534099",2020,"B17001G_SnrPov","Two or More Races (Non-Hispanic)",100,1764.46403571547,"Monroe","Henrietta town","New York"
"3605534099",2020,"B17001H_SnrPov","White (Non-Hispanic)",36.8421052631579,23.0723167184396,"Monroe","Henrietta town","New York"
"3605534099",2020,"B17001I_SnrPov","Hispanic or Latino (Any Race)",13.3333333333333,87.1439847268535,"Monroe","Henrietta town","New York"
"3605534099",2021,"B17001B_SnrPov","Black (Non-Hispanic)",0,79.5495128834866,"Monroe","Henrietta town","New York"
"3605534099",2021,"B17001C_SnrPov","Native American (Non-Hispanic)",0,1909.18830920368,"Monroe","Henrietta town","New York"
"3605534099",2021,"B17001D_SnrPov","Asian (Non-Hispanic)",49.0384615384615,64.8926616159678,"Monroe","Henrietta town","New York"
"3605534099",2021,"B17001E_SnrPov","Pacific Islander (Non-Hispanic)",0,0,"Monroe","Henrietta town","New York"
"3605534099",2021,"B17001F_SnrPov","Other (Non-Hispanic)",0,0,"Monroe","Henrietta town","New York"
"3605534099",2021,"B17001G_SnrPov","Two or More Races (Non-Hispanic)",100,1379.31142241337,"Monroe","Henrietta town","New York"
"3605534099",2021,"B17001H_SnrPov","White (Non-Hispanic)",32.9376854599407,20.4626436429372,"Monroe","Henrietta town","New York"
"3605534099",2021,"B17001I_SnrPov","Hispanic or Latino (Any Race)",7.89473684210526,72.7367727951304,"Monroe","Henrietta town","New York"
"3605534099",2022,"B17001B_SnrPov","Black (Non-Hispanic)",0,54.2438078718447,"Monroe","Henrietta town","New York"
"3605534099",2022,"B17001C_SnrPov","Native American (Non-Hispanic)",0,1979.89898732233,"Monroe","Henrietta town","New York"
"3605534099",2022,"B17001D_SnrPov","Asian (Non-Hispanic)",53.0434782608696,66.4457869182859,"Monroe","Henrietta town","New York"
"3605534099",2022,"B17001E_SnrPov","Pacific Islander (Non-Hispanic)",0,0,"Monroe","Henrietta town","New York"
"3605534099",2022,"B17001F_SnrPov","Other (Non-Hispanic)",0,0,"Monroe","Henrietta town","New York"
"3605534099",2022,"B17001G_SnrPov","Two or More Races (Non-Hispanic)",100,989.949493661167,"Monroe","Henrietta town","New York"
"3605534099",2022,"B17001H_SnrPov","White (Non-Hispanic)",29.4670846394984,16.9487290591974,"Monroe","Henrietta town","New York"
"3605534099",2022,"B17001I_SnrPov","Hispanic or Latino (Any Race)",0,0,"Monroe","Henrietta town","New York"
"3605534099",2023,"B17001B_SnrPov","Black (Non-Hispanic)",59.6153846153846,32.620020351628,"Monroe","Henrietta town","New York"
"3605534099",2023,"B17001C_SnrPov","Native American (Non-Hispanic)",0,1319.93265821489,"Monroe","Henrietta town","New York"
"3605534099",2023,"B17001D_SnrPov","Asian (Non-Hispanic)",63.9097744360902,57.4714941375668,"Monroe","Henrietta town","New York"
"3605534099",2023,"B17001E_SnrPov","Pacific Islander (Non-Hispanic)",0,0,"Monroe","Henrietta town","New York"
"3605534099",2023,"B17001F_SnrPov","Other (Non-Hispanic)",0,197.989898732233,"Monroe","Henrietta town","New York"
"3605534099",2023,"B17001G_SnrPov","Two or More Races (Non-Hispanic)",100,989.949493661167,"Monroe","Henrietta town","New York"
"3605534099",2023,"B17001H_SnrPov","White (Non-Hispanic)",43.4010152284264,30.6521212179453,"Monroe","Henrietta town","New York"
"3605534099",2023,"B17001I_SnrPov","Hispanic or Latino (Any Race)",0,197.989898732233,"Monroe","Henrietta town","New York"
"3605534099",2024,"B17001B_SnrPov","Black (Non-Hispanic)",46,22.9892061628931,"Monroe","Henrietta town","New York"
"3605534099",2024,"B17001C_SnrPov","Native American (Non-Hispanic)",0,4101.21933088198,"Monroe","Henrietta town","New York"
"3605534099",2024,"B17001D_SnrPov","Asian (Non-Hispanic)",54.1984732824427,50.2768626622844,"Monroe","Henrietta town","New York"
"3605534099",2024,"B17001E_SnrPov","Pacific Islander (Non-Hispanic)",0,0,"Monroe","Henrietta town","New York"
"3605534099",2024,"B17001F_SnrPov","Other (Non-Hispanic)",0,186.419060494635,"Monroe","Henrietta town","New York"
"3605534099",2024,"B17001G_SnrPov","Two or More Races (Non-Hispanic)",100,904.862149835035,"Monroe","Henrietta town","New York"
"3605534099",2024,"B17001H_SnrPov","White (Non-Hispanic)",43.4567901234568,31.4683451042038,"Monroe","Henrietta town","New York"
"3605534099",2024,"B17001I_SnrPov","Hispanic or Latino (Any Race)",0,85.4420693933745,"Monroe","Henrietta town","New York"
"3605537726",2017,"B17001B_SnrPov","Black (Non-Hispanic)",22.5165562913907,23.8818959792274,"Monroe","Irondequoit town","New York"
"3605537726",2017,"B17001C_SnrPov","Native American (Non-Hispanic)",0,0,"Monroe","Irondequoit town","New York"
"3605537726",2017,"B17001D_SnrPov","Asian (Non-Hispanic)",40,85.9198593005262,"Monroe","Irondequoit town","New York"
"3605537726",2017,"B17001E_SnrPov","Pacific Islander (Non-Hispanic)",0,0,"Monroe","Irondequoit town","New York"
"3605537726",2017,"B17001F_SnrPov","Other (Non-Hispanic)",60.655737704918,46.4979887922326,"Monroe","Irondequoit town","New York"
"3605537726",2017,"B17001G_SnrPov","Two or More Races (Non-Hispanic)",0,0,"Monroe","Irondequoit town","New York"
"3605537726",2017,"B17001H_SnrPov","White (Non-Hispanic)",31.237322515213,10.3584667146149,"Monroe","Irondequoit town","New York"
"3605537726",2017,"B17001I_SnrPov","Hispanic or Latino (Any Race)",32.1888412017167,14.7179839453453,"Monroe","Irondequoit town","New York"
"3605537726",2018,"B17001B_SnrPov","Black (Non-Hispanic)",24.8868778280543,22.6933179074376,"Monroe","Irondequoit town","New York"
"3605537726",2018,"B17001C_SnrPov","Native American (Non-Hispanic)",0,247.487373415292,"Monroe","Irondequoit town","New York"
"3605537726",2018,"B17001D_SnrPov","Asian (Non-Hispanic)",0,304.599844203436,"Monroe","Irondequoit town","New York"
"3605537726",2018,"B17001E_SnrPov","Pacific Islander (Non-Hispanic)",0,0,"Monroe","Irondequoit town","New York"
"3605537726",2018,"B17001F_SnrPov","Other (Non-Hispanic)",82,23.2790034150949,"Monroe","Irondequoit town","New York"
"3605537726",2018,"B17001G_SnrPov","Two or More Races (Non-Hispanic)",0,0,"Monroe","Irondequoit town","New York"
"3605537726",2018,"B17001H_SnrPov","White (Non-Hispanic)",28.4991568296796,10.188089867374,"Monroe","Irondequoit town","New York"
"3605537726",2018,"B17001I_SnrPov","Hispanic or Latino (Any Race)",25.2427184466019,10.7045918012116,"Monroe","Irondequoit town","New York"
"3605537726",2019,"B17001B_SnrPov","Black (Non-Hispanic)",21.9251336898396,13.6193343044143,"Monroe","Irondequoit town","New York"
"3605537726",2019,"B17001C_SnrPov","Native American (Non-Hispanic)",0,188.561808316413,"Monroe","Irondequoit town","New York"
"3605537726",2019,"B17001D_SnrPov","Asian (Non-Hispanic)",0,395.979797464467,"Monroe","Irondequoit town","New York"
"3605537726",2019,"B17001E_SnrPov","Pacific Islander (Non-Hispanic)",0,0,"Monroe","Irondequoit town","New York"
"3605537726",2019,"B17001F_SnrPov","Other (Non-Hispanic)",81.8181818181818,27.8702390011168,"Monroe","Irondequoit town","New York"
"3605537726",2019,"B17001G_SnrPov","Two or More Races (Non-Hispanic)",0,0,"Monroe","Irondequoit town","New York"
"3605537726",2019,"B17001H_SnrPov","White (Non-Hispanic)",32.2528363047002,9.44576972613985,"Monroe","Irondequoit town","New York"
"3605537726",2019,"B17001I_SnrPov","Hispanic or Latino (Any Race)",24.3697478991597,14.3678334677409,"Monroe","Irondequoit town","New York"
"3605537726",2020,"B17001B_SnrPov","Black (Non-Hispanic)",28.2608695652174,13.8880749107635,"Monroe","Irondequoit town","New York"
"3605537726",2020,"B17001C_SnrPov","Native American (Non-Hispanic)",0,67.2331037849504,"Monroe","Irondequoit town","New York"
"3605537726",2020,"B17001D_SnrPov","Asian (Non-Hispanic)",0,0,"Monroe","Irondequoit town","New York"
"3605537726",2020,"B17001E_SnrPov","Pacific Islander (Non-Hispanic)",0,0,"Monroe","Irondequoit town","New York"
"3605537726",2020,"B17001F_SnrPov","Other (Non-Hispanic)",83.8709677419355,35.9194024348961,"Monroe","Irondequoit town","New York"
"3605537726",2020,"B17001G_SnrPov","Two or More Races (Non-Hispanic)",100,325.480414157288,"Monroe","Irondequoit town","New York"
"3605537726",2020,"B17001H_SnrPov","White (Non-Hispanic)",28.8709677419355,9.95114089089939,"Monroe","Irondequoit town","New York"
"3605537726",2020,"B17001I_SnrPov","Hispanic or Latino (Any Race)",13.3640552995392,10.3627737459337,"Monroe","Irondequoit town","New York"
"3605537726",2021,"B17001B_SnrPov","Black (Non-Hispanic)",24.3055555555556,10.8921565090515,"Monroe","Irondequoit town","New York"
"3605537726",2021,"B17001C_SnrPov","Native American (Non-Hispanic)",0,64.2824346533225,"Monroe","Irondequoit town","New York"
"3605537726",2021,"B17001D_SnrPov","Asian (Non-Hispanic)",0,0,"Monroe","Irondequoit town","New York"
"3605537726",2021,"B17001E_SnrPov","Pacific Islander (Non-Hispanic)",0,0,"Monroe","Irondequoit town","New York"
"3605537726",2021,"B17001F_SnrPov","Other (Non-Hispanic)",63.0434782608696,76.114631747812,"Monroe","Irondequoit town","New York"
"3605537726",2021,"B17001G_SnrPov","Two or More Races (Non-Hispanic)",100,239.097110209896,"Monroe","Irondequoit town","New York"
"3605537726",2021,"B17001H_SnrPov","White (Non-Hispanic)",38.5838150289017,14.5958701348969,"Monroe","Irondequoit town","New York"
"3605537726",2021,"B17001I_SnrPov","Hispanic or Latino (Any Race)",44.6428571428571,42.4213395424567,"Monroe","Irondequoit town","New York"
"3605537726",2022,"B17001B_SnrPov","Black (Non-Hispanic)",14.8148148148148,10.5667245761387,"Monroe","Irondequoit town","New York"
"3605537726",2022,"B17001C_SnrPov","Native American (Non-Hispanic)",0,75.5872766095965,"Monroe","Irondequoit town","New York"
"3605537726",2022,"B17001D_SnrPov","Asian (Non-Hispanic)",0,0,"Monroe","Irondequoit town","New York"
"3605537726",2022,"B17001E_SnrPov","Pacific Islander (Non-Hispanic)",0,0,"Monroe","Irondequoit town","New York"
"3605537726",2022,"B17001F_SnrPov","Other (Non-Hispanic)",41.9354838709677,93.1457561614206,"Monroe","Irondequoit town","New York"
"3605537726",2022,"B17001G_SnrPov","Two or More Races (Non-Hispanic)",50.8620689655172,64.3782101618336,"Monroe","Irondequoit town","New York"
"3605537726",2022,"B17001H_SnrPov","White (Non-Hispanic)",35.9042553191489,11.6915640163554,"Monroe","Irondequoit town","New York"
"3605537726",2022,"B17001I_SnrPov","Hispanic or Latino (Any Race)",45.9119496855346,44.9365203490634,"Monroe","Irondequoit town","New York"
"3605537726",2023,"B17001B_SnrPov","Black (Non-Hispanic)",12.987012987013,4.86776181312196,"Monroe","Irondequoit town","New York"
"3605537726",2023,"B17001C_SnrPov","Native American (Non-Hispanic)",0,0,"Monroe","Irondequoit town","New York"
"3605537726",2023,"B17001D_SnrPov","Asian (Non-Hispanic)",0,0,"Monroe","Irondequoit town","New York"
"3605537726",2023,"B17001E_SnrPov","Pacific Islander (Non-Hispanic)",0,0,"Monroe","Irondequoit town","New York"
"3605537726",2023,"B17001F_SnrPov","Other (Non-Hispanic)",31.7073170731707,77.5647297032359,"Monroe","Irondequoit town","New York"
"3605537726",2023,"B17001G_SnrPov","Two or More Races (Non-Hispanic)",28.7037037037037,44.878591872696,"Monroe","Irondequoit town","New York"
"3605537726",2023,"B17001H_SnrPov","White (Non-Hispanic)",40.9405255878285,13.7407500206415,"Monroe","Irondequoit town","New York"
"3605537726",2023,"B17001I_SnrPov","Hispanic or Latino (Any Race)",54.2168674698795,43.3192197352692,"Monroe","Irondequoit town","New York"
"3605537726",2024,"B17001B_SnrPov","Black (Non-Hispanic)",10.0917431192661,10.894912739541,"Monroe","Irondequoit town","New York"
"3605537726",2024,"B17001C_SnrPov","Native American (Non-Hispanic)",0,0,"Monroe","Irondequoit town","New York"
"3605537726",2024,"B17001D_SnrPov","Asian (Non-Hispanic)",0,905.096679918781,"Monroe","Irondequoit town","New York"
"3605537726",2024,"B17001E_SnrPov","Pacific Islander (Non-Hispanic)",0,0,"Monroe","Irondequoit town","New York"
"3605537726",2024,"B17001F_SnrPov","Other (Non-Hispanic)",23.0769230769231,67.5318136083651,"Monroe","Irondequoit town","New York"
"3605537726",2024,"B17001G_SnrPov","Two or More Races (Non-Hispanic)",64.7058823529412,48.309945503873,"Monroe","Irondequoit town","New York"
"3605537726",2024,"B17001H_SnrPov","White (Non-Hispanic)",45,15.8050115434693,"Monroe","Irondequoit town","New York"
"3605537726",2024,"B17001I_SnrPov","Hispanic or Latino (Any Race)",61.6,45.9252753485485,"Monroe","Irondequoit town","New York"
"3605546558",2017,"B17001B_SnrPov","Black (Non-Hispanic)",0,0,"Monroe","Mendon town","New York"
"3605546558",2017,"B17001C_SnrPov","Native American (Non-Hispanic)",0,0,"Monroe","Mendon town","New York"
"3605546558",2017,"B17001D_SnrPov","Asian (Non-Hispanic)",0,0,"Monroe","Mendon town","New York"
"3605546558",2017,"B17001E_SnrPov","Pacific Islander (Non-Hispanic)",0,0,"Monroe","Mendon town","New York"
"3605546558",2017,"B17001F_SnrPov","Other (Non-Hispanic)",0,0,"Monroe","Mendon town","New York"
"3605546558",2017,"B17001G_SnrPov","Two or More Races (Non-Hispanic)",0,0,"Monroe","Mendon town","New York"
"3605546558",2017,"B17001H_SnrPov","White (Non-Hispanic)",32.1428571428571,18.9214802318257,"Monroe","Mendon town","New York"
"3605546558",2017,"B17001I_SnrPov","Hispanic or Latino (Any Race)",0,0,"Monroe","Mendon town","New York"
"3605546558",2018,"B17001B_SnrPov","Black (Non-Hispanic)",0,0,"Monroe","Mendon town","New York"
"3605546558",2018,"B17001C_SnrPov","Native American (Non-Hispanic)",0,0,"Monroe","Mendon town","New York"
"3605546558",2018,"B17001D_SnrPov","Asian (Non-Hispanic)",0,0,"Monroe","Mendon town","New York"
"3605546558",2018,"B17001E_SnrPov","Pacific Islander (Non-Hispanic)",0,0,"Monroe","Mendon town","New York"
"3605546558",2018,"B17001F_SnrPov","Other (Non-Hispanic)",0,0,"Monroe","Mendon town","New York"
"3605546558",2018,"B17001G_SnrPov","Two or More Races (Non-Hispanic)",0,0,"Monroe","Mendon town","New York"
"3605546558",2018,"B17001H_SnrPov","White (Non-Hispanic)",29.2517006802721,16.199262708871,"Monroe","Mendon town","New York"
"3605546558",2018,"B17001I_SnrPov","Hispanic or Latino (Any Race)",0,0,"Monroe","Mendon town","New York"
"3605546558",2019,"B17001B_SnrPov","Black (Non-Hispanic)",0,0,"Monroe","Mendon town","New York"
"3605546558",2019,"B17001C_SnrPov","Native American (Non-Hispanic)",0,0,"Monroe","Mendon town","New York"
"3605546558",2019,"B17001D_SnrPov","Asian (Non-Hispanic)",0,0,"Monroe","Mendon town","New York"
"3605546558",2019,"B17001E_SnrPov","Pacific Islander (Non-Hispanic)",0,0,"Monroe","Mendon town","New York"
"3605546558",2019,"B17001F_SnrPov","Other (Non-Hispanic)",0,0,"Monroe","Mendon town","New York"
"3605546558",2019,"B17001G_SnrPov","Two or More Races (Non-Hispanic)",0,0,"Monroe","Mendon town","New York"
"3605546558",2019,"B17001H_SnrPov","White (Non-Hispanic)",32.3232323232323,19.3392166632032,"Monroe","Mendon town","New York"
"3605546558",2019,"B17001I_SnrPov","Hispanic or Latino (Any Race)",0,0,"Monroe","Mendon town","New York"
"3605546558",2020,"B17001B_SnrPov","Black (Non-Hispanic)",0,0,"Monroe","Mendon town","New York"
"3605546558",2020,"B17001C_SnrPov","Native American (Non-Hispanic)",0,0,"Monroe","Mendon town","New York"
"3605546558",2020,"B17001D_SnrPov","Asian (Non-Hispanic)",0,0,"Monroe","Mendon town","New York"
"3605546558",2020,"B17001E_SnrPov","Pacific Islander (Non-Hispanic)",0,0,"Monroe","Mendon town","New York"
"3605546558",2020,"B17001F_SnrPov","Other (Non-Hispanic)",0,0,"Monroe","Mendon town","New York"
"3605546558",2020,"B17001G_SnrPov","Two or More Races (Non-Hispanic)",0,0,"Monroe","Mendon town","New York"
"3605546558",2020,"B17001H_SnrPov","White (Non-Hispanic)",61.8421052631579,48.5401475487543,"Monroe","Mendon town","New York"
"3605546558",2020,"B17001I_SnrPov","Hispanic or Latino (Any Race)",0,0,"Monroe","Mendon town","New York"
"3605546558",2021,"B17001B_SnrPov","Black (Non-Hispanic)",0,0,"Monroe","Mendon town","New York"
"3605546558",2021,"B17001C_SnrPov","Native American (Non-Hispanic)",0,0,"Monroe","Mendon town","New York"
"3605546558",2021,"B17001D_SnrPov","Asian (Non-Hispanic)",0,0,"Monroe","Mendon town","New York"
"3605546558",2021,"B17001E_SnrPov","Pacific Islander (Non-Hispanic)",0,0,"Monroe","Mendon town","New York"
"3605546558",2021,"B17001F_SnrPov","Other (Non-Hispanic)",0,0,"Monroe","Mendon town","New York"
"3605546558",2021,"B17001G_SnrPov","Two or More Races (Non-Hispanic)",0,0,"Monroe","Mendon town","New York"
"3605546558",2021,"B17001H_SnrPov","White (Non-Hispanic)",59.1397849462366,40.9116874868684,"Monroe","Mendon town","New York"
"3605546558",2021,"B17001I_SnrPov","Hispanic or Latino (Any Race)",0,0,"Monroe","Mendon town","New York"
"3605546558",2022,"B17001B_SnrPov","Black (Non-Hispanic)",0,1343.50288425444,"Monroe","Mendon town","New York"
"3605546558",2022,"B17001C_SnrPov","Native American (Non-Hispanic)",0,0,"Monroe","Mendon town","New York"
"3605546558",2022,"B17001D_SnrPov","Asian (Non-Hispanic)",0,0,"Monroe","Mendon town","New York"
"3605546558",2022,"B17001E_SnrPov","Pacific Islander (Non-Hispanic)",0,0,"Monroe","Mendon town","New York"
"3605546558",2022,"B17001F_SnrPov","Other (Non-Hispanic)",0,0,"Monroe","Mendon town","New York"
"3605546558",2022,"B17001G_SnrPov","Two or More Races (Non-Hispanic)",0,0,"Monroe","Mendon town","New York"
"3605546558",2022,"B17001H_SnrPov","White (Non-Hispanic)",67.1328671328671,50.9813577202295,"Monroe","Mendon town","New York"
"3605546558",2022,"B17001I_SnrPov","Hispanic or Latino (Any Race)",0,0,"Monroe","Mendon town","New York"
"3605546558",2023,"B17001B_SnrPov","Black (Non-Hispanic)",66.6666666666667,215.738753766084,"Monroe","Mendon town","New York"
"3605546558",2023,"B17001C_SnrPov","Native American (Non-Hispanic)",0,0,"Monroe","Mendon town","New York"
"3605546558",2023,"B17001D_SnrPov","Asian (Non-Hispanic)",0,0,"Monroe","Mendon town","New York"
"3605546558",2023,"B17001E_SnrPov","Pacific Islander (Non-Hispanic)",0,0,"Monroe","Mendon town","New York"
"3605546558",2023,"B17001F_SnrPov","Other (Non-Hispanic)",0,0,"Monroe","Mendon town","New York"
"3605546558",2023,"B17001G_SnrPov","Two or More Races (Non-Hispanic)",0,0,"Monroe","Mendon town","New York"
"3605546558",2023,"B17001H_SnrPov","White (Non-Hispanic)",82.1138211382114,42.4038032218055,"Monroe","Mendon town","New York"
"3605546558",2023,"B17001I_SnrPov","Hispanic or Latino (Any Race)",0,0,"Monroe","Mendon town","New York"
"3605546558",2024,"B17001B_SnrPov","Black (Non-Hispanic)",50,347.311099736245,"Monroe","Mendon town","New York"
"3605546558",2024,"B17001C_SnrPov","Native American (Non-Hispanic)",0,0,"Monroe","Mendon town","New York"
"3605546558",2024,"B17001D_SnrPov","Asian (Non-Hispanic)",0,0,"Monroe","Mendon town","New York"
"3605546558",2024,"B17001E_SnrPov","Pacific Islander (Non-Hispanic)",0,0,"Monroe","Mendon town","New York"
"3605546558",2024,"B17001F_SnrPov","Other (Non-Hispanic)",0,0,"Monroe","Mendon town","New York"
"3605546558",2024,"B17001G_SnrPov","Two or More Races (Non-Hispanic)",0,0,"Monroe","Mendon town","New York"
"3605546558",2024,"B17001H_SnrPov","White (Non-Hispanic)",75.6521739130435,52.323375408629,"Monroe","Mendon town","New York"
"3605546558",2024,"B17001I_SnrPov","Hispanic or Latino (Any Race)",0,0,"Monroe","Mendon town","New York"
"3605554474",2017,"B17001B_SnrPov","Black (Non-Hispanic)",0,0,"Monroe","Ogden town","New York"
"3605554474",2017,"B17001C_SnrPov","Native American (Non-Hispanic)",0,0,"Monroe","Ogden town","New York"
"3605554474",2017,"B17001D_SnrPov","Asian (Non-Hispanic)",0,0,"Monroe","Ogden town","New York"
"3605554474",2017,"B17001E_SnrPov","Pacific Islander (Non-Hispanic)",0,0,"Monroe","Ogden town","New York"
"3605554474",2017,"B17001F_SnrPov","Other (Non-Hispanic)",0,0,"Monroe","Ogden town","New York"
"3605554474",2017,"B17001G_SnrPov","Two or More Races (Non-Hispanic)",0,0,"Monroe","Ogden town","New York"
"3605554474",2017,"B17001H_SnrPov","White (Non-Hispanic)",56.7164179104478,18.4204710394243,"Monroe","Ogden town","New York"
"3605554474",2017,"B17001I_SnrPov","Hispanic or Latino (Any Race)",0,0,"Monroe","Ogden town","New York"
"3605554474",2018,"B17001B_SnrPov","Black (Non-Hispanic)",0,0,"Monroe","Ogden town","New York"
"3605554474",2018,"B17001C_SnrPov","Native American (Non-Hispanic)",0,0,"Monroe","Ogden town","New York"
"3605554474",2018,"B17001D_SnrPov","Asian (Non-Hispanic)",0,0,"Monroe","Ogden town","New York"
"3605554474",2018,"B17001E_SnrPov","Pacific Islander (Non-Hispanic)",0,0,"Monroe","Ogden town","New York"
"3605554474",2018,"B17001F_SnrPov","Other (Non-Hispanic)",0,0,"Monroe","Ogden town","New York"
"3605554474",2018,"B17001G_SnrPov","Two or More Races (Non-Hispanic)",0,0,"Monroe","Ogden town","New York"
"3605554474",2018,"B17001H_SnrPov","White (Non-Hispanic)",60.128617363344,16.4595576054763,"Monroe","Ogden town","New York"
"3605554474",2018,"B17001I_SnrPov","Hispanic or Latino (Any Race)",0,0,"Monroe","Ogden town","New York"
"3605554474",2019,"B17001B_SnrPov","Black (Non-Hispanic)",0,0,"Monroe","Ogden town","New York"
"3605554474",2019,"B17001C_SnrPov","Native American (Non-Hispanic)",0,0,"Monroe","Ogden town","New York"
"3605554474",2019,"B17001D_SnrPov","Asian (Non-Hispanic)",0,0,"Monroe","Ogden town","New York"
"3605554474",2019,"B17001E_SnrPov","Pacific Islander (Non-Hispanic)",0,0,"Monroe","Ogden town","New York"
"3605554474",2019,"B17001F_SnrPov","Other (Non-Hispanic)",0,0,"Monroe","Ogden town","New York"
"3605554474",2019,"B17001G_SnrPov","Two or More Races (Non-Hispanic)",0,0,"Monroe","Ogden town","New York"
"3605554474",2019,"B17001H_SnrPov","White (Non-Hispanic)",55.4347826086957,17.9636757111949,"Monroe","Ogden town","New York"
"3605554474",2019,"B17001I_SnrPov","Hispanic or Latino (Any Race)",0,0,"Monroe","Ogden town","New York"
"3605554474",2020,"B17001B_SnrPov","Black (Non-Hispanic)",0,0,"Monroe","Ogden town","New York"
"3605554474",2020,"B17001C_SnrPov","Native American (Non-Hispanic)",0,0,"Monroe","Ogden town","New York"
"3605554474",2020,"B17001D_SnrPov","Asian (Non-Hispanic)",0,0,"Monroe","Ogden town","New York"
"3605554474",2020,"B17001E_SnrPov","Pacific Islander (Non-Hispanic)",0,0,"Monroe","Ogden town","New York"
"3605554474",2020,"B17001F_SnrPov","Other (Non-Hispanic)",0,0,"Monroe","Ogden town","New York"
"3605554474",2020,"B17001G_SnrPov","Two or More Races (Non-Hispanic)",0,250.207014881394,"Monroe","Ogden town","New York"
"3605554474",2020,"B17001H_SnrPov","White (Non-Hispanic)",52.2388059701493,20.5292461519687,"Monroe","Ogden town","New York"
"3605554474",2020,"B17001I_SnrPov","Hispanic or Latino (Any Race)",0,250.207014881394,"Monroe","Ogden town","New York"
"3605554474",2021,"B17001B_SnrPov","Black (Non-Hispanic)",0,0,"Monroe","Ogden town","New York"
"3605554474",2021,"B17001C_SnrPov","Native American (Non-Hispanic)",0,0,"Monroe","Ogden town","New York"
"3605554474",2021,"B17001D_SnrPov","Asian (Non-Hispanic)",0,0,"Monroe","Ogden town","New York"
"3605554474",2021,"B17001E_SnrPov","Pacific Islander (Non-Hispanic)",0,0,"Monroe","Ogden town","New York"
"3605554474",2021,"B17001F_SnrPov","Other (Non-Hispanic)",0,0,"Monroe","Ogden town","New York"
"3605554474",2021,"B17001G_SnrPov","Two or More Races (Non-Hispanic)",23.0769230769231,178.21459693733,"Monroe","Ogden town","New York"
"3605554474",2021,"B17001H_SnrPov","White (Non-Hispanic)",40.3846153846154,16.1350206347148,"Monroe","Ogden town","New York"
"3605554474",2021,"B17001I_SnrPov","Hispanic or Latino (Any Race)",0,339.411254969543,"Monroe","Ogden town","New York"
"3605554474",2022,"B17001B_SnrPov","Black (Non-Hispanic)",0,0,"Monroe","Ogden town","New York"
"3605554474",2022,"B17001C_SnrPov","Native American (Non-Hispanic)",0,0,"Monroe","Ogden town","New York"
"3605554474",2022,"B17001D_SnrPov","Asian (Non-Hispanic)",0,0,"Monroe","Ogden town","New York"
"3605554474",2022,"B17001E_SnrPov","Pacific Islander (Non-Hispanic)",0,0,"Monroe","Ogden town","New York"
"3605554474",2022,"B17001F_SnrPov","Other (Non-Hispanic)",0,0,"Monroe","Ogden town","New York"
"3605554474",2022,"B17001G_SnrPov","Two or More Races (Non-Hispanic)",30.7692307692308,175.06494915829,"Monroe","Ogden town","New York"
"3605554474",2022,"B17001H_SnrPov","White (Non-Hispanic)",42.3076923076923,16.1994402442602,"Monroe","Ogden town","New York"
"3605554474",2022,"B17001I_SnrPov","Hispanic or Latino (Any Race)",0,392.837100659193,"Monroe","Ogden town","New York"
"3605554474",2023,"B17001B_SnrPov","Black (Non-Hispanic)",0,441.941738241592,"Monroe","Ogden town","New York"
"3605554474",2023,"B17001C_SnrPov","Native American (Non-Hispanic)",0,0,"Monroe","Ogden town","New York"
"3605554474",2023,"B17001D_SnrPov","Asian (Non-Hispanic)",0,0,"Monroe","Ogden town","New York"
"3605554474",2023,"B17001E_SnrPov","Pacific Islander (Non-Hispanic)",0,0,"Monroe","Ogden town","New York"
"3605554474",2023,"B17001F_SnrPov","Other (Non-Hispanic)",0,0,"Monroe","Ogden town","New York"
"3605554474",2023,"B17001G_SnrPov","Two or More Races (Non-Hispanic)",6.66666666666667,56.3816117666448,"Monroe","Ogden town","New York"
"3605554474",2023,"B17001H_SnrPov","White (Non-Hispanic)",41.5335463258786,16.736963435079,"Monroe","Ogden town","New York"
"3605554474",2023,"B17001I_SnrPov","Hispanic or Latino (Any Race)",0,392.837100659193,"Monroe","Ogden town","New York"
"3605554474",2024,"B17001B_SnrPov","Black (Non-Hispanic)",0,589.25565098879,"Monroe","Ogden town","New York"
"3605554474",2024,"B17001C_SnrPov","Native American (Non-Hispanic)",0,0,"Monroe","Ogden town","New York"
"3605554474",2024,"B17001D_SnrPov","Asian (Non-Hispanic)",0,0,"Monroe","Ogden town","New York"
"3605554474",2024,"B17001E_SnrPov","Pacific Islander (Non-Hispanic)",0,0,"Monroe","Ogden town","New York"
"3605554474",2024,"B17001F_SnrPov","Other (Non-Hispanic)",0,0,"Monroe","Ogden town","New York"
"3605554474",2024,"B17001G_SnrPov","Two or More Races (Non-Hispanic)",6.66666666666667,56.4759317249174,"Monroe","Ogden town","New York"
"3605554474",2024,"B17001H_SnrPov","White (Non-Hispanic)",48.8311688311688,13.7872469716339,"Monroe","Ogden town","New York"
"3605554474",2024,"B17001I_SnrPov","Hispanic or Latino (Any Race)",0,392.837100659193,"Monroe","Ogden town","New York"
"3605556561",2017,"B17001B_SnrPov","Black (Non-Hispanic)",0,0,"Monroe","Parma town","New York"
"3605556561",2017,"B17001C_SnrPov","Native American (Non-Hispanic)",0,0,"Monroe","Parma town","New York"
"3605556561",2017,"B17001D_SnrPov","Asian (Non-Hispanic)",0,0,"Monroe","Parma town","New York"
"3605556561",2017,"B17001E_SnrPov","Pacific Islander (Non-Hispanic)",0,0,"Monroe","Parma town","New York"
"3605556561",2017,"B17001F_SnrPov","Other (Non-Hispanic)",0,0,"Monroe","Parma town","New York"
"3605556561",2017,"B17001G_SnrPov","Two or More Races (Non-Hispanic)",0,0,"Monroe","Parma town","New York"
"3605556561",2017,"B17001H_SnrPov","White (Non-Hispanic)",43.2,28.5447834870051,"Monroe","Parma town","New York"
"3605556561",2017,"B17001I_SnrPov","Hispanic or Latino (Any Race)",0,0,"Monroe","Parma town","New York"
"3605556561",2018,"B17001B_SnrPov","Black (Non-Hispanic)",0,0,"Monroe","Parma town","New York"
"3605556561",2018,"B17001C_SnrPov","Native American (Non-Hispanic)",0,0,"Monroe","Parma town","New York"
"3605556561",2018,"B17001D_SnrPov","Asian (Non-Hispanic)",0,0,"Monroe","Parma town","New York"
"3605556561",2018,"B17001E_SnrPov","Pacific Islander (Non-Hispanic)",0,0,"Monroe","Parma town","New York"
"3605556561",2018,"B17001F_SnrPov","Other (Non-Hispanic)",0,0,"Monroe","Parma town","New York"
"3605556561",2018,"B17001G_SnrPov","Two or More Races (Non-Hispanic)",0,0,"Monroe","Parma town","New York"
"3605556561",2018,"B17001H_SnrPov","White (Non-Hispanic)",38.6792452830189,32.1914775776694,"Monroe","Parma town","New York"
"3605556561",2018,"B17001I_SnrPov","Hispanic or Latino (Any Race)",0,0,"Monroe","Parma town","New York"
"3605556561",2019,"B17001B_SnrPov","Black (Non-Hispanic)",0,0,"Monroe","Parma town","New York"
"3605556561",2019,"B17001C_SnrPov","Native American (Non-Hispanic)",0,0,"Monroe","Parma town","New York"
"3605556561",2019,"B17001D_SnrPov","Asian (Non-Hispanic)",0,0,"Monroe","Parma town","New York"
"3605556561",2019,"B17001E_SnrPov","Pacific Islander (Non-Hispanic)",0,0,"Monroe","Parma town","New York"
"3605556561",2019,"B17001F_SnrPov","Other (Non-Hispanic)",0,0,"Monroe","Parma town","New York"
"3605556561",2019,"B17001G_SnrPov","Two or More Races (Non-Hispanic)",0,0,"Monroe","Parma town","New York"
"3605556561",2019,"B17001H_SnrPov","White (Non-Hispanic)",27.6073619631902,13.7992282472797,"Monroe","Parma town","New York"
"3605556561",2019,"B17001I_SnrPov","Hispanic or Latino (Any Race)",0,0,"Monroe","Parma town","New York"
"3605556561",2020,"B17001B_SnrPov","Black (Non-Hispanic)",0,0,"Monroe","Parma town","New York"
"3605556561",2020,"B17001C_SnrPov","Native American (Non-Hispanic)",0,0,"Monroe","Parma town","New York"
"3605556561",2020,"B17001D_SnrPov","Asian (Non-Hispanic)",0,0,"Monroe","Parma town","New York"
"3605556561",2020,"B17001E_SnrPov","Pacific Islander (Non-Hispanic)",0,0,"Monroe","Parma town","New York"
"3605556561",2020,"B17001F_SnrPov","Other (Non-Hispanic)",0,0,"Monroe","Parma town","New York"
"3605556561",2020,"B17001G_SnrPov","Two or More Races (Non-Hispanic)",0,0,"Monroe","Parma town","New York"
"3605556561",2020,"B17001H_SnrPov","White (Non-Hispanic)",31.5789473684211,23.2143510642411,"Monroe","Parma town","New York"
"3605556561",2020,"B17001I_SnrPov","Hispanic or Latino (Any Race)",0,0,"Monroe","Parma town","New York"
"3605556561",2021,"B17001B_SnrPov","Black (Non-Hispanic)",0,0,"Monroe","Parma town","New York"
"3605556561",2021,"B17001C_SnrPov","Native American (Non-Hispanic)",0,0,"Monroe","Parma town","New York"
"3605556561",2021,"B17001D_SnrPov","Asian (Non-Hispanic)",0,0,"Monroe","Parma town","New York"
"3605556561",2021,"B17001E_SnrPov","Pacific Islander (Non-Hispanic)",0,0,"Monroe","Parma town","New York"
"3605556561",2021,"B17001F_SnrPov","Other (Non-Hispanic)",0,0,"Monroe","Parma town","New York"
"3605556561",2021,"B17001G_SnrPov","Two or More Races (Non-Hispanic)",0,0,"Monroe","Parma town","New York"
"3605556561",2021,"B17001H_SnrPov","White (Non-Hispanic)",32.8767123287671,15.537907608946,"Monroe","Parma town","New York"
"3605556561",2021,"B17001I_SnrPov","Hispanic or Latino (Any Race)",0,0,"Monroe","Parma town","New York"
"3605556561",2022,"B17001B_SnrPov","Black (Non-Hispanic)",0,0,"Monroe","Parma town","New York"
"3605556561",2022,"B17001C_SnrPov","Native American (Non-Hispanic)",0,0,"Monroe","Parma town","New York"
"3605556561",2022,"B17001D_SnrPov","Asian (Non-Hispanic)",0,0,"Monroe","Parma town","New York"
"3605556561",2022,"B17001E_SnrPov","Pacific Islander (Non-Hispanic)",0,0,"Monroe","Parma town","New York"
"3605556561",2022,"B17001F_SnrPov","Other (Non-Hispanic)",0,0,"Monroe","Parma town","New York"
"3605556561",2022,"B17001G_SnrPov","Two or More Races (Non-Hispanic)",0,0,"Monroe","Parma town","New York"
"3605556561",2022,"B17001H_SnrPov","White (Non-Hispanic)",31.6279069767442,16.2853654978416,"Monroe","Parma town","New York"
"3605556561",2022,"B17001I_SnrPov","Hispanic or Latino (Any Race)",0,0,"Monroe","Parma town","New York"
"3605556561",2023,"B17001B_SnrPov","Black (Non-Hispanic)",100,347.368421052632,"Monroe","Parma town","New York"
"3605556561",2023,"B17001C_SnrPov","Native American (Non-Hispanic)",0,0,"Monroe","Parma town","New York"
"3605556561",2023,"B17001D_SnrPov","Asian (Non-Hispanic)",0,0,"Monroe","Parma town","New York"
"3605556561",2023,"B17001E_SnrPov","Pacific Islander (Non-Hispanic)",0,0,"Monroe","Parma town","New York"
"3605556561",2023,"B17001F_SnrPov","Other (Non-Hispanic)",0,0,"Monroe","Parma town","New York"
"3605556561",2023,"B17001G_SnrPov","Two or More Races (Non-Hispanic)",0,0,"Monroe","Parma town","New York"
"3605556561",2023,"B17001H_SnrPov","White (Non-Hispanic)",38.8646288209607,18.7837860073057,"Monroe","Parma town","New York"
"3605556561",2023,"B17001I_SnrPov","Hispanic or Latino (Any Race)",0,0,"Monroe","Parma town","New York"
"3605556561",2024,"B17001B_SnrPov","Black (Non-Hispanic)",100,395.122618507862,"Monroe","Parma town","New York"
"3605556561",2024,"B17001C_SnrPov","Native American (Non-Hispanic)",0,0,"Monroe","Parma town","New York"
"3605556561",2024,"B17001D_SnrPov","Asian (Non-Hispanic)",0,0,"Monroe","Parma town","New York"
"3605556561",2024,"B17001E_SnrPov","Pacific Islander (Non-Hispanic)",0,0,"Monroe","Parma town","New York"
"3605556561",2024,"B17001F_SnrPov","Other (Non-Hispanic)",0,0,"Monroe","Parma town","New York"
"3605556561",2024,"B17001G_SnrPov","Two or More Races (Non-Hispanic)",0,0,"Monroe","Parma town","New York"
"3605556561",2024,"B17001H_SnrPov","White (Non-Hispanic)",51.7133956386293,24.7670733074295,"Monroe","Parma town","New York"
"3605556561",2024,"B17001I_SnrPov","Hispanic or Latino (Any Race)",0,0,"Monroe","Parma town","New York"
"3605557144",2017,"B17001B_SnrPov","Black (Non-Hispanic)",35,74.2018994029129,"Monroe","Penfield town","New York"
"3605557144",2017,"B17001C_SnrPov","Native American (Non-Hispanic)",0,0,"Monroe","Penfield town","New York"
"3605557144",2017,"B17001D_SnrPov","Asian (Non-Hispanic)",0,0,"Monroe","Penfield town","New York"
"3605557144",2017,"B17001E_SnrPov","Pacific Islander (Non-Hispanic)",0,0,"Monroe","Penfield town","New York"
"3605557144",2017,"B17001F_SnrPov","Other (Non-Hispanic)",0,0,"Monroe","Penfield town","New York"
"3605557144",2017,"B17001G_SnrPov","Two or More Races (Non-Hispanic)",0,0,"Monroe","Penfield town","New York"
"3605557144",2017,"B17001H_SnrPov","White (Non-Hispanic)",39.8119122257053,16.8124680270415,"Monroe","Penfield town","New York"
"3605557144",2017,"B17001I_SnrPov","Hispanic or Latino (Any Race)",0,0,"Monroe","Penfield town","New York"
"3605557144",2018,"B17001B_SnrPov","Black (Non-Hispanic)",53.125,89.383213759506,"Monroe","Penfield town","New York"
"3605557144",2018,"B17001C_SnrPov","Native American (Non-Hispanic)",0,0,"Monroe","Penfield town","New York"
"3605557144",2018,"B17001D_SnrPov","Asian (Non-Hispanic)",0,589.25565098879,"Monroe","Penfield town","New York"
"3605557144",2018,"B17001E_SnrPov","Pacific Islander (Non-Hispanic)",0,0,"Monroe","Penfield town","New York"
"3605557144",2018,"B17001F_SnrPov","Other (Non-Hispanic)",0,0,"Monroe","Penfield town","New York"
"3605557144",2018,"B17001G_SnrPov","Two or More Races (Non-Hispanic)",0,0,"Monroe","Penfield town","New York"
"3605557144",2018,"B17001H_SnrPov","White (Non-Hispanic)",44.8170731707317,23.0435607158821,"Monroe","Penfield town","New York"
"3605557144",2018,"B17001I_SnrPov","Hispanic or Latino (Any Race)",0,0,"Monroe","Penfield town","New York"
"3605557144",2019,"B17001B_SnrPov","Black (Non-Hispanic)",70,62.8410693734601,"Monroe","Penfield town","New York"
"3605557144",2019,"B17001C_SnrPov","Native American (Non-Hispanic)",0,0,"Monroe","Penfield town","New York"
"3605557144",2019,"B17001D_SnrPov","Asian (Non-Hispanic)",0,589.25565098879,"Monroe","Penfield town","New York"
"3605557144",2019,"B17001E_SnrPov","Pacific Islander (Non-Hispanic)",0,0,"Monroe","Penfield town","New York"
"3605557144",2019,"B17001F_SnrPov","Other (Non-Hispanic)",0,0,"Monroe","Penfield town","New York"
"3605557144",2019,"B17001G_SnrPov","Two or More Races (Non-Hispanic)",0,0,"Monroe","Penfield town","New York"
"3605557144",2019,"B17001H_SnrPov","White (Non-Hispanic)",46.7268623024831,18.2984413452765,"Monroe","Penfield town","New York"
"3605557144",2019,"B17001I_SnrPov","Hispanic or Latino (Any Race)",100,742.30748895809,"Monroe","Penfield town","New York"
"3605557144",2020,"B17001B_SnrPov","Black (Non-Hispanic)",100,898.146239020499,"Monroe","Penfield town","New York"
"3605557144",2020,"B17001C_SnrPov","Native American (Non-Hispanic)",0,0,"Monroe","Penfield town","New York"
"3605557144",2020,"B17001D_SnrPov","Asian (Non-Hispanic)",0,525.27932316715,"Monroe","Penfield town","New York"
"3605557144",2020,"B17001E_SnrPov","Pacific Islander (Non-Hispanic)",0,0,"Monroe","Penfield town","New York"
"3605557144",2020,"B17001F_SnrPov","Other (Non-Hispanic)",0,0,"Monroe","Penfield town","New York"
"3605557144",2020,"B17001G_SnrPov","Two or More Races (Non-Hispanic)",100,226.396524671257,"Monroe","Penfield town","New York"
"3605557144",2020,"B17001H_SnrPov","White (Non-Hispanic)",48.7179487179487,18.7603977676328,"Monroe","Penfield town","New York"
"3605557144",2020,"B17001I_SnrPov","Hispanic or Latino (Any Race)",100,898.146239020499,"Monroe","Penfield town","New York"
"3605557144",2021,"B17001B_SnrPov","Black (Non-Hispanic)",100,1097.99817850486,"Monroe","Penfield town","New York"
"3605557144",2021,"B17001C_SnrPov","Native American (Non-Hispanic)",0,0,"Monroe","Penfield town","New York"
"3605557144",2021,"B17001D_SnrPov","Asian (Non-Hispanic)",0,636.396103067893,"Monroe","Penfield town","New York"
"3605557144",2021,"B17001E_SnrPov","Pacific Islander (Non-Hispanic)",0,0,"Monroe","Penfield town","New York"
"3605557144",2021,"B17001F_SnrPov","Other (Non-Hispanic)",0,0,"Monroe","Penfield town","New York"
"3605557144",2021,"B17001G_SnrPov","Two or More Races (Non-Hispanic)",80.2469135802469,67.3900500505556,"Monroe","Penfield town","New York"
"3605557144",2021,"B17001H_SnrPov","White (Non-Hispanic)",55.1612903225806,22.2437242520042,"Monroe","Penfield town","New York"
"3605557144",2021,"B17001I_SnrPov","Hispanic or Latino (Any Race)",57.1428571428571,30.40177077491,"Monroe","Penfield town","New York"
"3605557144",2022,"B17001B_SnrPov","Black (Non-Hispanic)",100,1142.62854856686,"Monroe","Penfield town","New York"
"3605557144",2022,"B17001C_SnrPov","Native American (Non-Hispanic)",0,0,"Monroe","Penfield town","New York"
"3605557144",2022,"B17001D_SnrPov","Asian (Non-Hispanic)",0,659.966329107444,"Monroe","Penfield town","New York"
"3605557144",2022,"B17001E_SnrPov","Pacific Islander (Non-Hispanic)",0,0,"Monroe","Penfield town","New York"
"3605557144",2022,"B17001F_SnrPov","Other (Non-Hispanic)",0,0,"Monroe","Penfield town","New York"
"3605557144",2022,"B17001G_SnrPov","Two or More Races (Non-Hispanic)",80.4878048780488,58.188953088405,"Monroe","Penfield town","New York"
"3605557144",2022,"B17001H_SnrPov","White (Non-Hispanic)",54.5454545454545,17.5376146746342,"Monroe","Penfield town","New York"
"3605557144",2022,"B17001I_SnrPov","Hispanic or Latino (Any Race)",59.5238095238095,40.9792195524431,"Monroe","Penfield town","New York"
"3605557144",2023,"B17001B_SnrPov","Black (Non-Hispanic)",100,731.43694191639,"Monroe","Penfield town","New York"
"3605557144",2023,"B17001C_SnrPov","Native American (Non-Hispanic)",0,0,"Monroe","Penfield town","New York"
"3605557144",2023,"B17001D_SnrPov","Asian (Non-Hispanic)",0,0,"Monroe","Penfield town","New York"
"3605557144",2023,"B17001E_SnrPov","Pacific Islander (Non-Hispanic)",0,0,"Monroe","Penfield town","New York"
"3605557144",2023,"B17001F_SnrPov","Other (Non-Hispanic)",0,0,"Monroe","Penfield town","New York"
"3605557144",2023,"B17001G_SnrPov","Two or More Races (Non-Hispanic)",80.7228915662651,64.9803172052406,"Monroe","Penfield town","New York"
"3605557144",2023,"B17001H_SnrPov","White (Non-Hispanic)",40.3990024937656,12.1423955826785,"Monroe","Penfield town","New York"
"3605557144",2023,"B17001I_SnrPov","Hispanic or Latino (Any Race)",64.2857142857143,21.5523903570624,"Monroe","Penfield town","New York"
"3605557144",2024,"B17001B_SnrPov","Black (Non-Hispanic)",0,0,"Monroe","Penfield town","New York"
"3605557144",2024,"B17001C_SnrPov","Native American (Non-Hispanic)",0,0,"Monroe","Penfield town","New York"
"3605557144",2024,"B17001D_SnrPov","Asian (Non-Hispanic)",0,0,"Monroe","Penfield town","New York"
"3605557144",2024,"B17001E_SnrPov","Pacific Islander (Non-Hispanic)",0,0,"Monroe","Penfield town","New York"
"3605557144",2024,"B17001F_SnrPov","Other (Non-Hispanic)",100,750.624739800121,"Monroe","Penfield town","New York"
"3605557144",2024,"B17001G_SnrPov","Two or More Races (Non-Hispanic)",80,64.3433174463362,"Monroe","Penfield town","New York"
"3605557144",2024,"B17001H_SnrPov","White (Non-Hispanic)",46.6165413533835,18.2008804768238,"Monroe","Penfield town","New York"
"3605557144",2024,"B17001I_SnrPov","Hispanic or Latino (Any Race)",58.0645161290323,85.7907922280709,"Monroe","Penfield town","New York"
"3605557221",2017,"B17001B_SnrPov","Black (Non-Hispanic)",71.4285714285714,101.631833452969,"Monroe","Perinton town","New York"
"3605557221",2017,"B17001C_SnrPov","Native American (Non-Hispanic)",0,0,"Monroe","Perinton town","New York"
"3605557221",2017,"B17001D_SnrPov","Asian (Non-Hispanic)",33.3333333333333,71.3201644403364,"Monroe","Perinton town","New York"
"3605557221",2017,"B17001E_SnrPov","Pacific Islander (Non-Hispanic)",0,0,"Monroe","Perinton town","New York"
"3605557221",2017,"B17001F_SnrPov","Other (Non-Hispanic)",0,0,"Monroe","Perinton town","New York"
"3605557221",2017,"B17001G_SnrPov","Two or More Races (Non-Hispanic)",0,0,"Monroe","Perinton town","New York"
"3605557221",2017,"B17001H_SnrPov","White (Non-Hispanic)",41.505376344086,17.1995659089857,"Monroe","Perinton town","New York"
"3605557221",2017,"B17001I_SnrPov","Hispanic or Latino (Any Race)",0,135.764501987817,"Monroe","Perinton town","New York"
"3605557221",2018,"B17001B_SnrPov","Black (Non-Hispanic)",80,436.943932329996,"Monroe","Perinton town","New York"
"3605557221",2018,"B17001C_SnrPov","Native American (Non-Hispanic)",0,0,"Monroe","Perinton town","New York"
"3605557221",2018,"B17001D_SnrPov","Asian (Non-Hispanic)",34.9206349206349,42.2000503423901,"Monroe","Perinton town","New York"
"3605557221",2018,"B17001E_SnrPov","Pacific Islander (Non-Hispanic)",0,0,"Monroe","Perinton town","New York"
"3605557221",2018,"B17001F_SnrPov","Other (Non-Hispanic)",0,0,"Monroe","Perinton town","New York"
"3605557221",2018,"B17001G_SnrPov","Two or More Races (Non-Hispanic)",0,0,"Monroe","Perinton town","New York"
"3605557221",2018,"B17001H_SnrPov","White (Non-Hispanic)",43.8650306748466,16.9204541673339,"Monroe","Perinton town","New York"
"3605557221",2018,"B17001I_SnrPov","Hispanic or Latino (Any Race)",0,441.941738241592,"Monroe","Perinton town","New York"
"3605557221",2019,"B17001B_SnrPov","Black (Non-Hispanic)",77.7777777777778,452.985490154491,"Monroe","Perinton town","New York"
"3605557221",2019,"B17001C_SnrPov","Native American (Non-Hispanic)",100,330.326575162374,"Monroe","Perinton town","New York"
"3605557221",2019,"B17001D_SnrPov","Asian (Non-Hispanic)",33.9622641509434,53.0141169605064,"Monroe","Perinton town","New York"
"3605557221",2019,"B17001E_SnrPov","Pacific Islander (Non-Hispanic)",0,0,"Monroe","Perinton town","New York"
"3605557221",2019,"B17001F_SnrPov","Other (Non-Hispanic)",0,0,"Monroe","Perinton town","New York"
"3605557221",2019,"B17001G_SnrPov","Two or More Races (Non-Hispanic)",0,0,"Monroe","Perinton town","New York"
"3605557221",2019,"B17001H_SnrPov","White (Non-Hispanic)",42.9022082018927,18.318871258632,"Monroe","Perinton town","New York"
"3605557221",2019,"B17001I_SnrPov","Hispanic or Latino (Any Race)",0,353.553390593274,"Monroe","Perinton town","New York"
"3605557221",2020,"B17001B_SnrPov","Black (Non-Hispanic)",66.6666666666667,185.259244450367,"Monroe","Perinton town","New York"
"3605557221",2020,"B17001C_SnrPov","Native American (Non-Hispanic)",100,515.543522863921,"Monroe","Perinton town","New York"
"3605557221",2020,"B17001D_SnrPov","Asian (Non-Hispanic)",39.0625,57.2703431646085,"Monroe","Perinton town","New York"
"3605557221",2020,"B17001E_SnrPov","Pacific Islander (Non-Hispanic)",0,0,"Monroe","Perinton town","New York"
"3605557221",2020,"B17001F_SnrPov","Other (Non-Hispanic)",0,0,"Monroe","Perinton town","New York"
"3605557221",2020,"B17001G_SnrPov","Two or More Races (Non-Hispanic)",0,0,"Monroe","Perinton town","New York"
"3605557221",2020,"B17001H_SnrPov","White (Non-Hispanic)",44.4247787610619,15.3003193744791,"Monroe","Perinton town","New York"
"3605557221",2020,"B17001I_SnrPov","Hispanic or Latino (Any Race)",0,367.695526217005,"Monroe","Perinton town","New York"
"3605557221",2021,"B17001B_SnrPov","Black (Non-Hispanic)",80,837.30997844287,"Monroe","Perinton town","New York"
"3605557221",2021,"B17001C_SnrPov","Native American (Non-Hispanic)",100,1109.59452053442,"Monroe","Perinton town","New York"
"3605557221",2021,"B17001D_SnrPov","Asian (Non-Hispanic)",100,1379.31142241337,"Monroe","Perinton town","New York"
"3605557221",2021,"B17001E_SnrPov","Pacific Islander (Non-Hispanic)",0,0,"Monroe","Perinton town","New York"
"3605557221",2021,"B17001F_SnrPov","Other (Non-Hispanic)",0,0,"Monroe","Perinton town","New York"
"3605557221",2021,"B17001G_SnrPov","Two or More Races (Non-Hispanic)",0,0,"Monroe","Perinton town","New York"
"3605557221",2021,"B17001H_SnrPov","White (Non-Hispanic)",48.2352941176471,17.0740815477214,"Monroe","Perinton town","New York"
"3605557221",2021,"B17001I_SnrPov","Hispanic or Latino (Any Race)",0,0,"Monroe","Perinton town","New York"
"3605557221",2022,"B17001B_SnrPov","Black (Non-Hispanic)",83.3333333333333,384.982863976509,"Monroe","Perinton town","New York"
"3605557221",2022,"B17001C_SnrPov","Native American (Non-Hispanic)",100,1435.70540153612,"Monroe","Perinton town","New York"
"3605557221",2022,"B17001D_SnrPov","Asian (Non-Hispanic)",100,1421.70672081129,"Monroe","Perinton town","New York"
"3605557221",2022,"B17001E_SnrPov","Pacific Islander (Non-Hispanic)",0,0,"Monroe","Perinton town","New York"
"3605557221",2022,"B17001F_SnrPov","Other (Non-Hispanic)",0,188.561808316413,"Monroe","Perinton town","New York"
"3605557221",2022,"B17001G_SnrPov","Two or More Races (Non-Hispanic)",0,0,"Monroe","Perinton town","New York"
"3605557221",2022,"B17001H_SnrPov","White (Non-Hispanic)",38.8178913738019,15.9561189799102,"Monroe","Perinton town","New York"
"3605557221",2022,"B17001I_SnrPov","Hispanic or Latino (Any Race)",0,188.561808316413,"Monroe","Perinton town","New York"
"3605557221",2023,"B17001B_SnrPov","Black (Non-Hispanic)",35.7142857142857,100.470376963712,"Monroe","Perinton town","New York"
"3605557221",2023,"B17001C_SnrPov","Native American (Non-Hispanic)",100,1148.5643212289,"Monroe","Perinton town","New York"
"3605557221",2023,"B17001D_SnrPov","Asian (Non-Hispanic)",100,1895.60896108172,"Monroe","Perinton town","New York"
"3605557221",2023,"B17001E_SnrPov","Pacific Islander (Non-Hispanic)",0,0,"Monroe","Perinton town","New York"
"3605557221",2023,"B17001F_SnrPov","Other (Non-Hispanic)",0,164.991582276861,"Monroe","Perinton town","New York"
"3605557221",2023,"B17001G_SnrPov","Two or More Races (Non-Hispanic)",0,0,"Monroe","Perinton town","New York"
"3605557221",2023,"B17001H_SnrPov","White (Non-Hispanic)",39.0158172231986,15.8824932658247,"Monroe","Perinton town","New York"
"3605557221",2023,"B17001I_SnrPov","Hispanic or Latino (Any Race)",0,164.991582276861,"Monroe","Perinton town","New York"
"3605557221",2024,"B17001B_SnrPov","Black (Non-Hispanic)",61.5384615384615,64.8573751772066,"Monroe","Perinton town","New York"
"3605557221",2024,"B17001C_SnrPov","Native American (Non-Hispanic)",0,0,"Monroe","Perinton town","New York"
"3605557221",2024,"B17001D_SnrPov","Asian (Non-Hispanic)",100,1961.29209111409,"Monroe","Perinton town","New York"
"3605557221",2024,"B17001E_SnrPov","Pacific Islander (Non-Hispanic)",0,0,"Monroe","Perinton town","New York"
"3605557221",2024,"B17001F_SnrPov","Other (Non-Hispanic)",16.1290322580645,93.8295815843519,"Monroe","Perinton town","New York"
"3605557221",2024,"B17001G_SnrPov","Two or More Races (Non-Hispanic)",0,0,"Monroe","Perinton town","New York"
"3605557221",2024,"B17001H_SnrPov","White (Non-Hispanic)",34.2440801457195,16.8908417988674,"Monroe","Perinton town","New York"
"3605557221",2024,"B17001I_SnrPov","Hispanic or Latino (Any Race)",16.1290322580645,93.8295815843519,"Monroe","Perinton town","New York"
"3605558365",2017,"B17001B_SnrPov","Black (Non-Hispanic)",0,0,"Monroe","Pittsford town","New York"
"3605558365",2017,"B17001C_SnrPov","Native American (Non-Hispanic)",0,0,"Monroe","Pittsford town","New York"
"3605558365",2017,"B17001D_SnrPov","Asian (Non-Hispanic)",0,269.986225543955,"Monroe","Pittsford town","New York"
"3605558365",2017,"B17001E_SnrPov","Pacific Islander (Non-Hispanic)",0,0,"Monroe","Pittsford town","New York"
"3605558365",2017,"B17001F_SnrPov","Other (Non-Hispanic)",0,0,"Monroe","Pittsford town","New York"
"3605558365",2017,"B17001G_SnrPov","Two or More Races (Non-Hispanic)",0,0,"Monroe","Pittsford town","New York"
"3605558365",2017,"B17001H_SnrPov","White (Non-Hispanic)",41.5300546448087,18.4700080750837,"Monroe","Pittsford town","New York"
"3605558365",2017,"B17001I_SnrPov","Hispanic or Latino (Any Race)",100,2118.96201004171,"Monroe","Pittsford town","New York"
"3605558365",2018,"B17001B_SnrPov","Black (Non-Hispanic)",0,0,"Monroe","Pittsford town","New York"
"3605558365",2018,"B17001C_SnrPov","Native American (Non-Hispanic)",0,0,"Monroe","Pittsford town","New York"
"3605558365",2018,"B17001D_SnrPov","Asian (Non-Hispanic)",0,311.126983722081,"Monroe","Pittsford town","New York"
"3605558365",2018,"B17001E_SnrPov","Pacific Islander (Non-Hispanic)",0,0,"Monroe","Pittsford town","New York"
"3605558365",2018,"B17001F_SnrPov","Other (Non-Hispanic)",0,0,"Monroe","Pittsford town","New York"
"3605558365",2018,"B17001G_SnrPov","Two or More Races (Non-Hispanic)",0,0,"Monroe","Pittsford town","New York"
"3605558365",2018,"B17001H_SnrPov","White (Non-Hispanic)",42.3076923076923,20.3226012844046,"Monroe","Pittsford town","New York"
"3605558365",2018,"B17001I_SnrPov","Hispanic or Latino (Any Race)",100,4436.21460256377,"Monroe","Pittsford town","New York"
"3605558365",2019,"B17001B_SnrPov","Black (Non-Hispanic)",0,0,"Monroe","Pittsford town","New York"
"3605558365",2019,"B17001C_SnrPov","Native American (Non-Hispanic)",0,0,"Monroe","Pittsford town","New York"
"3605558365",2019,"B17001D_SnrPov","Asian (Non-Hispanic)",0,141.421356237309,"Monroe","Pittsford town","New York"
"3605558365",2019,"B17001E_SnrPov","Pacific Islander (Non-Hispanic)",0,0,"Monroe","Pittsford town","New York"
"3605558365",2019,"B17001F_SnrPov","Other (Non-Hispanic)",0,0,"Monroe","Pittsford town","New York"
"3605558365",2019,"B17001G_SnrPov","Two or More Races (Non-Hispanic)",0,0,"Monroe","Pittsford town","New York"
"3605558365",2019,"B17001H_SnrPov","White (Non-Hispanic)",38.0952380952381,18.5470725607915,"Monroe","Pittsford town","New York"
"3605558365",2019,"B17001I_SnrPov","Hispanic or Latino (Any Race)",100,2218.10730128188,"Monroe","Pittsford town","New York"
"3605558365",2020,"B17001B_SnrPov","Black (Non-Hispanic)",0,0,"Monroe","Pittsford town","New York"
"3605558365",2020,"B17001C_SnrPov","Native American (Non-Hispanic)",0,0,"Monroe","Pittsford town","New York"
"3605558365",2020,"B17001D_SnrPov","Asian (Non-Hispanic)",0,232.335085247008,"Monroe","Pittsford town","New York"
"3605558365",2020,"B17001E_SnrPov","Pacific Islander (Non-Hispanic)",0,0,"Monroe","Pittsford town","New York"
"3605558365",2020,"B17001F_SnrPov","Other (Non-Hispanic)",0,295.699199405283,"Monroe","Pittsford town","New York"
"3605558365",2020,"B17001G_SnrPov","Two or More Races (Non-Hispanic)",0,0,"Monroe","Pittsford town","New York"
"3605558365",2020,"B17001H_SnrPov","White (Non-Hispanic)",40.9090909090909,19.009836442365,"Monroe","Pittsford town","New York"
"3605558365",2020,"B17001I_SnrPov","Hispanic or Latino (Any Race)",15.3846153846154,173.02507694608,"Monroe","Pittsford town","New York"
"3605558365",2021,"B17001B_SnrPov","Black (Non-Hispanic)",0,954.594154601839,"Monroe","Pittsford town","New York"
"3605558365",2021,"B17001C_SnrPov","Native American (Non-Hispanic)",0,0,"Monroe","Pittsford town","New York"
"3605558365",2021,"B17001D_SnrPov","Asian (Non-Hispanic)",0,347.125147127942,"Monroe","Pittsford town","New York"
"3605558365",2021,"B17001E_SnrPov","Pacific Islander (Non-Hispanic)",0,0,"Monroe","Pittsford town","New York"
"3605558365",2021,"B17001F_SnrPov","Other (Non-Hispanic)",0,545.482374058194,"Monroe","Pittsford town","New York"
"3605558365",2021,"B17001G_SnrPov","Two or More Races (Non-Hispanic)",0,0,"Monroe","Pittsford town","New York"
"3605558365",2021,"B17001H_SnrPov","White (Non-Hispanic)",59.1240875912409,18.8570636255196,"Monroe","Pittsford town","New York"
"3605558365",2021,"B17001I_SnrPov","Hispanic or Latino (Any Race)",22.2222222222222,285.687121751799,"Monroe","Pittsford town","New York"
"3605558365",2022,"B17001B_SnrPov","Black (Non-Hispanic)",0,659.966329107444,"Monroe","Pittsford town","New York"
"3605558365",2022,"B17001C_SnrPov","Native American (Non-Hispanic)",0,0,"Monroe","Pittsford town","New York"
"3605558365",2022,"B17001D_SnrPov","Asian (Non-Hispanic)",0,304.599844203436,"Monroe","Pittsford town","New York"
"3605558365",2022,"B17001E_SnrPov","Pacific Islander (Non-Hispanic)",0,0,"Monroe","Pittsford town","New York"
"3605558365",2022,"B17001F_SnrPov","Other (Non-Hispanic)",0,565.685424949238,"Monroe","Pittsford town","New York"
"3605558365",2022,"B17001G_SnrPov","Two or More Races (Non-Hispanic)",0,0,"Monroe","Pittsford town","New York"
"3605558365",2022,"B17001H_SnrPov","White (Non-Hispanic)",54.2635658914729,20.4177384195136,"Monroe","Pittsford town","New York"
"3605558365",2022,"B17001I_SnrPov","Hispanic or Latino (Any Race)",0,565.685424949238,"Monroe","Pittsford town","New York"
"3605558365",2023,"B17001B_SnrPov","Black (Non-Hispanic)",0,494.974746830583,"Monroe","Pittsford town","New York"
"3605558365",2023,"B17001C_SnrPov","Native American (Non-Hispanic)",0,0,"Monroe","Pittsford town","New York"
"3605558365",2023,"B17001D_SnrPov","Asian (Non-Hispanic)",0,359.981634058606,"Monroe","Pittsford town","New York"
"3605558365",2023,"B17001E_SnrPov","Pacific Islander (Non-Hispanic)",0,0,"Monroe","Pittsford town","New York"
"3605558365",2023,"B17001F_SnrPov","Other (Non-Hispanic)",0,565.685424949238,"Monroe","Pittsford town","New York"
"3605558365",2023,"B17001G_SnrPov","Two or More Races (Non-Hispanic)",0,0,"Monroe","Pittsford town","New York"
"3605558365",2023,"B17001H_SnrPov","White (Non-Hispanic)",47.2868217054264,18.2264307175083,"Monroe","Pittsford town","New York"
"3605558365",2023,"B17001I_SnrPov","Hispanic or Latino (Any Race)",0,565.685424949238,"Monroe","Pittsford town","New York"
"3605558365",2024,"B17001B_SnrPov","Black (Non-Hispanic)",50,193.155449774988,"Monroe","Pittsford town","New York"
"3605558365",2024,"B17001C_SnrPov","Native American (Non-Hispanic)",0,0,"Monroe","Pittsford town","New York"
"3605558365",2024,"B17001D_SnrPov","Asian (Non-Hispanic)",0,0,"Monroe","Pittsford town","New York"
"3605558365",2024,"B17001E_SnrPov","Pacific Islander (Non-Hispanic)",0,0,"Monroe","Pittsford town","New York"
"3605558365",2024,"B17001F_SnrPov","Other (Non-Hispanic)",0,683.536555146996,"Monroe","Pittsford town","New York"
"3605558365",2024,"B17001G_SnrPov","Two or More Races (Non-Hispanic)",0,0,"Monroe","Pittsford town","New York"
"3605558365",2024,"B17001H_SnrPov","White (Non-Hispanic)",43.2098765432099,19.9477146125259,"Monroe","Pittsford town","New York"
"3605558365",2024,"B17001I_SnrPov","Hispanic or Latino (Any Race)",0,683.536555146996,"Monroe","Pittsford town","New York"
"3605561808",2017,"B17001B_SnrPov","Black (Non-Hispanic)",0,0,"Monroe","Riga town","New York"
"3605561808",2017,"B17001C_SnrPov","Native American (Non-Hispanic)",0,0,"Monroe","Riga town","New York"
"3605561808",2017,"B17001D_SnrPov","Asian (Non-Hispanic)",0,0,"Monroe","Riga town","New York"
"3605561808",2017,"B17001E_SnrPov","Pacific Islander (Non-Hispanic)",0,0,"Monroe","Riga town","New York"
"3605561808",2017,"B17001F_SnrPov","Other (Non-Hispanic)",0,0,"Monroe","Riga town","New York"
"3605561808",2017,"B17001G_SnrPov","Two or More Races (Non-Hispanic)",0,0,"Monroe","Riga town","New York"
"3605561808",2017,"B17001H_SnrPov","White (Non-Hispanic)",72.2222222222222,28.7578585554421,"Monroe","Riga town","New York"
"3605561808",2017,"B17001I_SnrPov","Hispanic or Latino (Any Race)",0,0,"Monroe","Riga town","New York"
"3605561808",2018,"B17001B_SnrPov","Black (Non-Hispanic)",0,0,"Monroe","Riga town","New York"
"3605561808",2018,"B17001C_SnrPov","Native American (Non-Hispanic)",0,0,"Monroe","Riga town","New York"
"3605561808",2018,"B17001D_SnrPov","Asian (Non-Hispanic)",0,0,"Monroe","Riga town","New York"
"3605561808",2018,"B17001E_SnrPov","Pacific Islander (Non-Hispanic)",0,0,"Monroe","Riga town","New York"
"3605561808",2018,"B17001F_SnrPov","Other (Non-Hispanic)",0,0,"Monroe","Riga town","New York"
"3605561808",2018,"B17001G_SnrPov","Two or More Races (Non-Hispanic)",0,0,"Monroe","Riga town","New York"
"3605561808",2018,"B17001H_SnrPov","White (Non-Hispanic)",100,213.691366227089,"Monroe","Riga town","New York"
"3605561808",2018,"B17001I_SnrPov","Hispanic or Latino (Any Race)",0,0,"Monroe","Riga town","New York"
"3605561808",2019,"B17001B_SnrPov","Black (Non-Hispanic)",0,0,"Monroe","Riga town","New York"
"3605561808",2019,"B17001C_SnrPov","Native American (Non-Hispanic)",0,0,"Monroe","Riga town","New York"
"3605561808",2019,"B17001D_SnrPov","Asian (Non-Hispanic)",0,0,"Monroe","Riga town","New York"
"3605561808",2019,"B17001E_SnrPov","Pacific Islander (Non-Hispanic)",0,0,"Monroe","Riga town","New York"
"3605561808",2019,"B17001F_SnrPov","Other (Non-Hispanic)",0,0,"Monroe","Riga town","New York"
"3605561808",2019,"B17001G_SnrPov","Two or More Races (Non-Hispanic)",0,0,"Monroe","Riga town","New York"
"3605561808",2019,"B17001H_SnrPov","White (Non-Hispanic)",75,35.3706809298951,"Monroe","Riga town","New York"
"3605561808",2019,"B17001I_SnrPov","Hispanic or Latino (Any Race)",0,0,"Monroe","Riga town","New York"
"3605561808",2020,"B17001B_SnrPov","Black (Non-Hispanic)",0,0,"Monroe","Riga town","New York"
"3605561808",2020,"B17001C_SnrPov","Native American (Non-Hispanic)",0,0,"Monroe","Riga town","New York"
"3605561808",2020,"B17001D_SnrPov","Asian (Non-Hispanic)",0,0,"Monroe","Riga town","New York"
"3605561808",2020,"B17001E_SnrPov","Pacific Islander (Non-Hispanic)",0,0,"Monroe","Riga town","New York"
"3605561808",2020,"B17001F_SnrPov","Other (Non-Hispanic)",0,0,"Monroe","Riga town","New York"
"3605561808",2020,"B17001G_SnrPov","Two or More Races (Non-Hispanic)",0,0,"Monroe","Riga town","New York"
"3605561808",2020,"B17001H_SnrPov","White (Non-Hispanic)",52.5,56.4271515983219,"Monroe","Riga town","New York"
"3605561808",2020,"B17001I_SnrPov","Hispanic or Latino (Any Race)",0,0,"Monroe","Riga town","New York"
"3605561808",2021,"B17001B_SnrPov","Black (Non-Hispanic)",100,1822.08671582886,"Monroe","Riga town","New York"
"3605561808",2021,"B17001C_SnrPov","Native American (Non-Hispanic)",0,0,"Monroe","Riga town","New York"
"3605561808",2021,"B17001D_SnrPov","Asian (Non-Hispanic)",0,0,"Monroe","Riga town","New York"
"3605561808",2021,"B17001E_SnrPov","Pacific Islander (Non-Hispanic)",0,0,"Monroe","Riga town","New York"
"3605561808",2021,"B17001F_SnrPov","Other (Non-Hispanic)",0,0,"Monroe","Riga town","New York"
"3605561808",2021,"B17001G_SnrPov","Two or More Races (Non-Hispanic)",0,0,"Monroe","Riga town","New York"
"3605561808",2021,"B17001H_SnrPov","White (Non-Hispanic)",40.4255319148936,45.9707991495008,"Monroe","Riga town","New York"
"3605561808",2021,"B17001I_SnrPov","Hispanic or Latino (Any Race)",0,0,"Monroe","Riga town","New York"
"3605561808",2022,"B17001B_SnrPov","Black (Non-Hispanic)",100,1026.52325838239,"Monroe","Riga town","New York"
"3605561808",2022,"B17001C_SnrPov","Native American (Non-Hispanic)",0,0,"Monroe","Riga town","New York"
"3605561808",2022,"B17001D_SnrPov","Asian (Non-Hispanic)",0,0,"Monroe","Riga town","New York"
"3605561808",2022,"B17001E_SnrPov","Pacific Islander (Non-Hispanic)",0,0,"Monroe","Riga town","New York"
"3605561808",2022,"B17001F_SnrPov","Other (Non-Hispanic)",0,0,"Monroe","Riga town","New York"
"3605561808",2022,"B17001G_SnrPov","Two or More Races (Non-Hispanic)",0,0,"Monroe","Riga town","New York"
"3605561808",2022,"B17001H_SnrPov","White (Non-Hispanic)",35.7142857142857,49.1860947621465,"Monroe","Riga town","New York"
"3605561808",2022,"B17001I_SnrPov","Hispanic or Latino (Any Race)",0,0,"Monroe","Riga town","New York"
"3605561808",2023,"B17001B_SnrPov","Black (Non-Hispanic)",100,1335.83099396759,"Monroe","Riga town","New York"
"3605561808",2023,"B17001C_SnrPov","Native American (Non-Hispanic)",0,0,"Monroe","Riga town","New York"
"3605561808",2023,"B17001D_SnrPov","Asian (Non-Hispanic)",0,0,"Monroe","Riga town","New York"
"3605561808",2023,"B17001E_SnrPov","Pacific Islander (Non-Hispanic)",0,0,"Monroe","Riga town","New York"
"3605561808",2023,"B17001F_SnrPov","Other (Non-Hispanic)",0,0,"Monroe","Riga town","New York"
"3605561808",2023,"B17001G_SnrPov","Two or More Races (Non-Hispanic)",0,0,"Monroe","Riga town","New York"
"3605561808",2023,"B17001H_SnrPov","White (Non-Hispanic)",36.7647058823529,39.6753452560439,"Monroe","Riga town","New York"
"3605561808",2023,"B17001I_SnrPov","Hispanic or Latino (Any Race)",0,0,"Monroe","Riga town","New York"
"3605561808",2024,"B17001B_SnrPov","Black (Non-Hispanic)",100,3893.58446678636,"Monroe","Riga town","New York"
"3605561808",2024,"B17001C_SnrPov","Native American (Non-Hispanic)",0,0,"Monroe","Riga town","New York"
"3605561808",2024,"B17001D_SnrPov","Asian (Non-Hispanic)",0,0,"Monroe","Riga town","New York"
"3605561808",2024,"B17001E_SnrPov","Pacific Islander (Non-Hispanic)",0,0,"Monroe","Riga town","New York"
"3605561808",2024,"B17001F_SnrPov","Other (Non-Hispanic)",0,0,"Monroe","Riga town","New York"
"3605561808",2024,"B17001G_SnrPov","Two or More Races (Non-Hispanic)",0,0,"Monroe","Riga town","New York"
"3605561808",2024,"B17001H_SnrPov","White (Non-Hispanic)",20.5882352941176,16.7778260586045,"Monroe","Riga town","New York"
"3605561808",2024,"B17001I_SnrPov","Hispanic or Latino (Any Race)",0,0,"Monroe","Riga town","New York"
"3605563000",2017,"B17001B_SnrPov","Black (Non-Hispanic)",49.1764705882353,5.53769142440652,"Monroe","Rochester city","New York"
"3605563000",2017,"B17001C_SnrPov","Native American (Non-Hispanic)",29.0322580645161,87.3300025030232,"Monroe","Rochester city","New York"
"3605563000",2017,"B17001D_SnrPov","Asian (Non-Hispanic)",41.2371134020619,22.3602275268653,"Monroe","Rochester city","New York"
"3605563000",2017,"B17001E_SnrPov","Pacific Islander (Non-Hispanic)",100,1097.99817850486,"Monroe","Rochester city","New York"
"3605563000",2017,"B17001F_SnrPov","Other (Non-Hispanic)",48.2456140350877,17.4836529398228,"Monroe","Rochester city","New York"
"3605563000",2017,"B17001G_SnrPov","Two or More Races (Non-Hispanic)",34.4594594594595,13.9852542530284,"Monroe","Rochester city","New York"
"3605563000",2017,"B17001H_SnrPov","White (Non-Hispanic)",53.7861915367483,5.92626339858931,"Monroe","Rochester city","New York"
"3605563000",2017,"B17001I_SnrPov","Hispanic or Latino (Any Race)",46.5299684542587,8.00072353272644,"Monroe","Rochester city","New York"
"3605563000",2018,"B17001B_SnrPov","Black (Non-Hispanic)",49.3850778901339,4.74622671709744,"Monroe","Rochester city","New York"
"3605563000",2018,"B17001C_SnrPov","Native American (Non-Hispanic)",59.0909090909091,41.0254054352624,"Monroe","Rochester city","New York"
"3605563000",2018,"B17001D_SnrPov","Asian (Non-Hispanic)",50,22.1625905507879,"Monroe","Rochester city","New York"
"3605563000",2018,"B17001E_SnrPov","Pacific Islander (Non-Hispanic)",100,830.293776384022,"Monroe","Rochester city","New York"
"3605563000",2018,"B17001F_SnrPov","Other (Non-Hispanic)",45.721271393643,14.1722678382096,"Monroe","Rochester city","New York"
"3605563000",2018,"B17001G_SnrPov","Two or More Races (Non-Hispanic)",33.7883959044369,12.7275140306754,"Monroe","Rochester city","New York"
"3605563000",2018,"B17001H_SnrPov","White (Non-Hispanic)",49.1254186825456,5.98964674951116,"Monroe","Rochester city","New York"
"3605563000",2018,"B17001I_SnrPov","Hispanic or Latino (Any Race)",44.3809523809524,7.805366660983,"Monroe","Rochester city","New York"
"3605563000",2019,"B17001B_SnrPov","Black (Non-Hispanic)",50.0937081659973,5.78479983145478,"Monroe","Rochester city","New York"
"3605563000",2019,"B17001C_SnrPov","Native American (Non-Hispanic)",71.875,31.1910072449237,"Monroe","Rochester city","New York"
"3605563000",2019,"B17001D_SnrPov","Asian (Non-Hispanic)",53.7735849056604,27.826973747856,"Monroe","Rochester city","New York"
"3605563000",2019,"B17001E_SnrPov","Pacific Islander (Non-Hispanic)",100,731.43694191639,"Monroe","Rochester city","New York"
"3605563000",2019,"B17001F_SnrPov","Other (Non-Hispanic)",37.2641509433962,13.9945030699155,"Monroe","Rochester city","New York"
"3605563000",2019,"B17001G_SnrPov","Two or More Races (Non-Hispanic)",44.8028673835125,12.8834231878067,"Monroe","Rochester city","New York"
"3605563000",2019,"B17001H_SnrPov","White (Non-Hispanic)",50.1068376068376,6.1446380400205,"Monroe","Rochester city","New York"
"3605563000",2019,"B17001I_SnrPov","Hispanic or Latino (Any Race)",44.4860813704497,6.15025036989357,"Monroe","Rochester city","New York"
"3605563000",2020,"B17001B_SnrPov","Black (Non-Hispanic)",45.9172563962983,5.308456617283,"Monroe","Rochester city","New York"
"3605563000",2020,"B17001C_SnrPov","Native American (Non-Hispanic)",87.1794871794872,133.786562065254,"Monroe","Rochester city","New York"
"3605563000",2020,"B17001D_SnrPov","Asian (Non-Hispanic)",71.2121212121212,85.9678927369142,"Monroe","Rochester city","New York"
"3605563000",2020,"B17001E_SnrPov","Pacific Islander (Non-Hispanic)",100,994.98743710662,"Monroe","Rochester city","New York"
"3605563000",2020,"B17001F_SnrPov","Other (Non-Hispanic)",32.3268206039076,14.9653222106354,"Monroe","Rochester city","New York"
"3605563000",2020,"B17001G_SnrPov","Two or More Races (Non-Hispanic)",47.0588235294118,13.37101635089,"Monroe","Rochester city","New York"
"3605563000",2020,"B17001H_SnrPov","White (Non-Hispanic)",52.7057079318013,6.07656975922955,"Monroe","Rochester city","New York"
"3605563000",2020,"B17001I_SnrPov","Hispanic or Latino (Any Race)",38.9409817981247,6.09512345554561,"Monroe","Rochester city","New York"
"3605563000",2021,"B17001B_SnrPov","Black (Non-Hispanic)",46.7591424968474,5.76776993586221,"Monroe","Rochester city","New York"
"3605563000",2021,"B17001C_SnrPov","Native American (Non-Hispanic)",83.3333333333333,138.713040606011,"Monroe","Rochester city","New York"
"3605563000",2021,"B17001D_SnrPov","Asian (Non-Hispanic)",81.8181818181818,102.198228146154,"Monroe","Rochester city","New York"
"3605563000",2021,"B17001E_SnrPov","Pacific Islander (Non-Hispanic)",0,0,"Monroe","Rochester city","New York"
"3605563000",2021,"B17001F_SnrPov","Other (Non-Hispanic)",32.25,12.3683075574606,"Monroe","Rochester city","New York"
"3605563000",2021,"B17001G_SnrPov","Two or More Races (Non-Hispanic)",65.4911838790932,22.8080347425775,"Monroe","Rochester city","New York"
"3605563000",2021,"B17001H_SnrPov","White (Non-Hispanic)",56.8815871047737,6.22092041595806,"Monroe","Rochester city","New York"
"3605563000",2021,"B17001I_SnrPov","Hispanic or Latino (Any Race)",39.7918731417245,7.43283058033138,"Monroe","Rochester city","New York"
"3605563000",2022,"B17001B_SnrPov","Black (Non-Hispanic)",48.2427307206068,5.3119210330862,"Monroe","Rochester city","New York"
"3605563000",2022,"B17001C_SnrPov","Native American (Non-Hispanic)",46.6666666666667,48.6417998367456,"Monroe","Rochester city","New York"
"3605563000",2022,"B17001D_SnrPov","Asian (Non-Hispanic)",44,24.4338126374088,"Monroe","Rochester city","New York"
"3605563000",2022,"B17001E_SnrPov","Pacific Islander (Non-Hispanic)",0,0,"Monroe","Rochester city","New York"
"3605563000",2022,"B17001F_SnrPov","Other (Non-Hispanic)",38.8825541619156,10.6015392949511,"Monroe","Rochester city","New York"
"3605563000",2022,"B17001G_SnrPov","Two or More Races (Non-Hispanic)",56.551724137931,17.1593950991755,"Monroe","Rochester city","New York"
"3605563000",2022,"B17001H_SnrPov","White (Non-Hispanic)",54.3513426075704,8.33388695472457,"Monroe","Rochester city","New York"
"3605563000",2022,"B17001I_SnrPov","Hispanic or Latino (Any Race)",43.3048433048433,7.81646300557049,"Monroe","Rochester city","New York"
"3605563000",2023,"B17001B_SnrPov","Black (Non-Hispanic)",50.7326447273601,5.85011940093843,"Monroe","Rochester city","New York"
"3605563000",2023,"B17001C_SnrPov","Native American (Non-Hispanic)",53.6585365853659,43.6654984994167,"Monroe","Rochester city","New York"
"3605563000",2023,"B17001D_SnrPov","Asian (Non-Hispanic)",57.1428571428571,48.5579091351815,"Monroe","Rochester city","New York"
"3605563000",2023,"B17001E_SnrPov","Pacific Islander (Non-Hispanic)",0,0,"Monroe","Rochester city","New York"
"3605563000",2023,"B17001F_SnrPov","Other (Non-Hispanic)",37.7281947261663,11.2857468135466,"Monroe","Rochester city","New York"
"3605563000",2023,"B17001G_SnrPov","Two or More Races (Non-Hispanic)",57.8856152512998,16.8152754404293,"Monroe","Rochester city","New York"
"3605563000",2023,"B17001H_SnrPov","White (Non-Hispanic)",59.4530722484808,7.07741041998458,"Monroe","Rochester city","New York"
"3605563000",2023,"B17001I_SnrPov","Hispanic or Latino (Any Race)",46.1013645224172,7.1011069069721,"Monroe","Rochester city","New York"
"3605563000",2024,"B17001B_SnrPov","Black (Non-Hispanic)",48.5484264454745,5.94558431323301,"Monroe","Rochester city","New York"
"3605563000",2024,"B17001C_SnrPov","Native American (Non-Hispanic)",40.8163265306122,47.864918917444,"Monroe","Rochester city","New York"
"3605563000",2024,"B17001D_SnrPov","Asian (Non-Hispanic)",65.0485436893204,37.3353181796218,"Monroe","Rochester city","New York"
"3605563000",2024,"B17001E_SnrPov","Pacific Islander (Non-Hispanic)",0,0,"Monroe","Rochester city","New York"
"3605563000",2024,"B17001F_SnrPov","Other (Non-Hispanic)",44.2133815551537,8.09517233578734,"Monroe","Rochester city","New York"
"3605563000",2024,"B17001G_SnrPov","Two or More Races (Non-Hispanic)",53.2967032967033,17.6059331273497,"Monroe","Rochester city","New York"
"3605563000",2024,"B17001H_SnrPov","White (Non-Hispanic)",57.0273631840796,5.72680458674078,"Monroe","Rochester city","New York"
"3605563000",2024,"B17001I_SnrPov","Hispanic or Latino (Any Race)",45.928636779506,7.2292347895159,"Monroe","Rochester city","New York"
"3605564144",2017,"B17001B_SnrPov","Black (Non-Hispanic)",0,0,"Monroe","Rush town","New York"
"3605564144",2017,"B17001C_SnrPov","Native American (Non-Hispanic)",0,0,"Monroe","Rush town","New York"
"3605564144",2017,"B17001D_SnrPov","Asian (Non-Hispanic)",0,0,"Monroe","Rush town","New York"
"3605564144",2017,"B17001E_SnrPov","Pacific Islander (Non-Hispanic)",0,0,"Monroe","Rush town","New York"
"3605564144",2017,"B17001F_SnrPov","Other (Non-Hispanic)",0,0,"Monroe","Rush town","New York"
"3605564144",2017,"B17001G_SnrPov","Two or More Races (Non-Hispanic)",0,0,"Monroe","Rush town","New York"
"3605564144",2017,"B17001H_SnrPov","White (Non-Hispanic)",30,116.10770861575,"Monroe","Rush town","New York"
"3605564144",2017,"B17001I_SnrPov","Hispanic or Latino (Any Race)",0,0,"Monroe","Rush town","New York"
"3605564144",2018,"B17001B_SnrPov","Black (Non-Hispanic)",0,0,"Monroe","Rush town","New York"
"3605564144",2018,"B17001C_SnrPov","Native American (Non-Hispanic)",0,0,"Monroe","Rush town","New York"
"3605564144",2018,"B17001D_SnrPov","Asian (Non-Hispanic)",0,0,"Monroe","Rush town","New York"
"3605564144",2018,"B17001E_SnrPov","Pacific Islander (Non-Hispanic)",0,0,"Monroe","Rush town","New York"
"3605564144",2018,"B17001F_SnrPov","Other (Non-Hispanic)",0,0,"Monroe","Rush town","New York"
"3605564144",2018,"B17001G_SnrPov","Two or More Races (Non-Hispanic)",0,0,"Monroe","Rush town","New York"
"3605564144",2018,"B17001H_SnrPov","White (Non-Hispanic)",69.2307692307692,31.5113064040103,"Monroe","Rush town","New York"
"3605564144",2018,"B17001I_SnrPov","Hispanic or Latino (Any Race)",0,0,"Monroe","Rush town","New York"
"3605564144",2019,"B17001B_SnrPov","Black (Non-Hispanic)",0,0,"Monroe","Rush town","New York"
"3605564144",2019,"B17001C_SnrPov","Native American (Non-Hispanic)",0,0,"Monroe","Rush town","New York"
"3605564144",2019,"B17001D_SnrPov","Asian (Non-Hispanic)",0,0,"Monroe","Rush town","New York"
"3605564144",2019,"B17001E_SnrPov","Pacific Islander (Non-Hispanic)",0,0,"Monroe","Rush town","New York"
"3605564144",2019,"B17001F_SnrPov","Other (Non-Hispanic)",0,0,"Monroe","Rush town","New York"
"3605564144",2019,"B17001G_SnrPov","Two or More Races (Non-Hispanic)",0,0,"Monroe","Rush town","New York"
"3605564144",2019,"B17001H_SnrPov","White (Non-Hispanic)",67.7966101694915,26.6198796078484,"Monroe","Rush town","New York"
"3605564144",2019,"B17001I_SnrPov","Hispanic or Latino (Any Race)",0,0,"Monroe","Rush town","New York"
"3605564144",2020,"B17001B_SnrPov","Black (Non-Hispanic)",0,0,"Monroe","Rush town","New York"
"3605564144",2020,"B17001C_SnrPov","Native American (Non-Hispanic)",0,0,"Monroe","Rush town","New York"
"3605564144",2020,"B17001D_SnrPov","Asian (Non-Hispanic)",0,0,"Monroe","Rush town","New York"
"3605564144",2020,"B17001E_SnrPov","Pacific Islander (Non-Hispanic)",0,0,"Monroe","Rush town","New York"
"3605564144",2020,"B17001F_SnrPov","Other (Non-Hispanic)",0,0,"Monroe","Rush town","New York"
"3605564144",2020,"B17001G_SnrPov","Two or More Races (Non-Hispanic)",0,0,"Monroe","Rush town","New York"
"3605564144",2020,"B17001H_SnrPov","White (Non-Hispanic)",63.3333333333333,31.4417450745555,"Monroe","Rush town","New York"
"3605564144",2020,"B17001I_SnrPov","Hispanic or Latino (Any Race)",0,0,"Monroe","Rush town","New York"
"3605564144",2021,"B17001B_SnrPov","Black (Non-Hispanic)",0,0,"Monroe","Rush town","New York"
"3605564144",2021,"B17001C_SnrPov","Native American (Non-Hispanic)",0,0,"Monroe","Rush town","New York"
"3605564144",2021,"B17001D_SnrPov","Asian (Non-Hispanic)",0,0,"Monroe","Rush town","New York"
"3605564144",2021,"B17001E_SnrPov","Pacific Islander (Non-Hispanic)",0,0,"Monroe","Rush town","New York"
"3605564144",2021,"B17001F_SnrPov","Other (Non-Hispanic)",0,0,"Monroe","Rush town","New York"
"3605564144",2021,"B17001G_SnrPov","Two or More Races (Non-Hispanic)",0,0,"Monroe","Rush town","New York"
"3605564144",2021,"B17001H_SnrPov","White (Non-Hispanic)",73.0769230769231,26.4282093006715,"Monroe","Rush town","New York"
"3605564144",2021,"B17001I_SnrPov","Hispanic or Latino (Any Race)",0,0,"Monroe","Rush town","New York"
"3605564144",2022,"B17001B_SnrPov","Black (Non-Hispanic)",0,0,"Monroe","Rush town","New York"
"3605564144",2022,"B17001C_SnrPov","Native American (Non-Hispanic)",0,0,"Monroe","Rush town","New York"
"3605564144",2022,"B17001D_SnrPov","Asian (Non-Hispanic)",0,0,"Monroe","Rush town","New York"
"3605564144",2022,"B17001E_SnrPov","Pacific Islander (Non-Hispanic)",0,0,"Monroe","Rush town","New York"
"3605564144",2022,"B17001F_SnrPov","Other (Non-Hispanic)",0,0,"Monroe","Rush town","New York"
"3605564144",2022,"B17001G_SnrPov","Two or More Races (Non-Hispanic)",0,0,"Monroe","Rush town","New York"
"3605564144",2022,"B17001H_SnrPov","White (Non-Hispanic)",74.1379310344828,35.8322911542951,"Monroe","Rush town","New York"
"3605564144",2022,"B17001I_SnrPov","Hispanic or Latino (Any Race)",0,0,"Monroe","Rush town","New York"
"3605564144",2023,"B17001B_SnrPov","Black (Non-Hispanic)",0,0,"Monroe","Rush town","New York"
"3605564144",2023,"B17001C_SnrPov","Native American (Non-Hispanic)",0,0,"Monroe","Rush town","New York"
"3605564144",2023,"B17001D_SnrPov","Asian (Non-Hispanic)",0,0,"Monroe","Rush town","New York"
"3605564144",2023,"B17001E_SnrPov","Pacific Islander (Non-Hispanic)",0,0,"Monroe","Rush town","New York"
"3605564144",2023,"B17001F_SnrPov","Other (Non-Hispanic)",0,0,"Monroe","Rush town","New York"
"3605564144",2023,"B17001G_SnrPov","Two or More Races (Non-Hispanic)",0,0,"Monroe","Rush town","New York"
"3605564144",2023,"B17001H_SnrPov","White (Non-Hispanic)",65.9574468085106,35.0337703867509,"Monroe","Rush town","New York"
"3605564144",2023,"B17001I_SnrPov","Hispanic or Latino (Any Race)",0,0,"Monroe","Rush town","New York"
"3605564144",2024,"B17001B_SnrPov","Black (Non-Hispanic)",0,0,"Monroe","Rush town","New York"
"3605564144",2024,"B17001C_SnrPov","Native American (Non-Hispanic)",0,0,"Monroe","Rush town","New York"
"3605564144",2024,"B17001D_SnrPov","Asian (Non-Hispanic)",0,0,"Monroe","Rush town","New York"
"3605564144",2024,"B17001E_SnrPov","Pacific Islander (Non-Hispanic)",0,0,"Monroe","Rush town","New York"
"3605564144",2024,"B17001F_SnrPov","Other (Non-Hispanic)",0,0,"Monroe","Rush town","New York"
"3605564144",2024,"B17001G_SnrPov","Two or More Races (Non-Hispanic)",0,0,"Monroe","Rush town","New York"
"3605564144",2024,"B17001H_SnrPov","White (Non-Hispanic)",66.6666666666667,38.128292537982,"Monroe","Rush town","New York"
"3605564144",2024,"B17001I_SnrPov","Hispanic or Latino (Any Race)",0,0,"Monroe","Rush town","New York"
"3605572455",2017,"B17001B_SnrPov","Black (Non-Hispanic)",0,0,"Monroe","Sweden town","New York"
"3605572455",2017,"B17001C_SnrPov","Native American (Non-Hispanic)",0,0,"Monroe","Sweden town","New York"
"3605572455",2017,"B17001D_SnrPov","Asian (Non-Hispanic)",0,0,"Monroe","Sweden town","New York"
"3605572455",2017,"B17001E_SnrPov","Pacific Islander (Non-Hispanic)",0,0,"Monroe","Sweden town","New York"
"3605572455",2017,"B17001F_SnrPov","Other (Non-Hispanic)",0,0,"Monroe","Sweden town","New York"
"3605572455",2017,"B17001G_SnrPov","Two or More Races (Non-Hispanic)",0,0,"Monroe","Sweden town","New York"
"3605572455",2017,"B17001H_SnrPov","White (Non-Hispanic)",21.0526315789474,30.2127219065888,"Monroe","Sweden town","New York"
"3605572455",2017,"B17001I_SnrPov","Hispanic or Latino (Any Race)",0,0,"Monroe","Sweden town","New York"
"3605572455",2018,"B17001B_SnrPov","Black (Non-Hispanic)",0,0,"Monroe","Sweden town","New York"
"3605572455",2018,"B17001C_SnrPov","Native American (Non-Hispanic)",0,0,"Monroe","Sweden town","New York"
"3605572455",2018,"B17001D_SnrPov","Asian (Non-Hispanic)",0,0,"Monroe","Sweden town","New York"
"3605572455",2018,"B17001E_SnrPov","Pacific Islander (Non-Hispanic)",0,0,"Monroe","Sweden town","New York"
"3605572455",2018,"B17001F_SnrPov","Other (Non-Hispanic)",0,0,"Monroe","Sweden town","New York"
"3605572455",2018,"B17001G_SnrPov","Two or More Races (Non-Hispanic)",0,0,"Monroe","Sweden town","New York"
"3605572455",2018,"B17001H_SnrPov","White (Non-Hispanic)",31.1111111111111,19.2573281716262,"Monroe","Sweden town","New York"
"3605572455",2018,"B17001I_SnrPov","Hispanic or Latino (Any Race)",0,0,"Monroe","Sweden town","New York"
"3605572455",2019,"B17001B_SnrPov","Black (Non-Hispanic)",100,612.122436732244,"Monroe","Sweden town","New York"
"3605572455",2019,"B17001C_SnrPov","Native American (Non-Hispanic)",0,0,"Monroe","Sweden town","New York"
"3605572455",2019,"B17001D_SnrPov","Asian (Non-Hispanic)",0,0,"Monroe","Sweden town","New York"
"3605572455",2019,"B17001E_SnrPov","Pacific Islander (Non-Hispanic)",0,0,"Monroe","Sweden town","New York"
"3605572455",2019,"B17001F_SnrPov","Other (Non-Hispanic)",0,0,"Monroe","Sweden town","New York"
"3605572455",2019,"B17001G_SnrPov","Two or More Races (Non-Hispanic)",0,0,"Monroe","Sweden town","New York"
"3605572455",2019,"B17001H_SnrPov","White (Non-Hispanic)",29.0322580645161,19.5606796166254,"Monroe","Sweden town","New York"
"3605572455",2019,"B17001I_SnrPov","Hispanic or Latino (Any Race)",0,0,"Monroe","Sweden town","New York"
"3605572455",2020,"B17001B_SnrPov","Black (Non-Hispanic)",100,526.343079214534,"Monroe","Sweden town","New York"
"3605572455",2020,"B17001C_SnrPov","Native American (Non-Hispanic)",0,0,"Monroe","Sweden town","New York"
"3605572455",2020,"B17001D_SnrPov","Asian (Non-Hispanic)",0,0,"Monroe","Sweden town","New York"
"3605572455",2020,"B17001E_SnrPov","Pacific Islander (Non-Hispanic)",0,0,"Monroe","Sweden town","New York"
"3605572455",2020,"B17001F_SnrPov","Other (Non-Hispanic)",0,61.0683129206564,"Monroe","Sweden town","New York"
"3605572455",2020,"B17001G_SnrPov","Two or More Races (Non-Hispanic)",0,0,"Monroe","Sweden town","New York"
"3605572455",2020,"B17001H_SnrPov","White (Non-Hispanic)",22.4137931034483,8.57228662052957,"Monroe","Sweden town","New York"
"3605572455",2020,"B17001I_SnrPov","Hispanic or Latino (Any Race)",0,61.0683129206564,"Monroe","Sweden town","New York"
"3605572455",2021,"B17001B_SnrPov","Black (Non-Hispanic)",100,666.700679404459,"Monroe","Sweden town","New York"
"3605572455",2021,"B17001C_SnrPov","Native American (Non-Hispanic)",0,0,"Monroe","Sweden town","New York"
"3605572455",2021,"B17001D_SnrPov","Asian (Non-Hispanic)",0,0,"Monroe","Sweden town","New York"
"3605572455",2021,"B17001E_SnrPov","Pacific Islander (Non-Hispanic)",0,0,"Monroe","Sweden town","New York"
"3605572455",2021,"B17001F_SnrPov","Other (Non-Hispanic)",0,64.2824346533225,"Monroe","Sweden town","New York"
"3605572455",2021,"B17001G_SnrPov","Two or More Races (Non-Hispanic)",0,0,"Monroe","Sweden town","New York"
"3605572455",2021,"B17001H_SnrPov","White (Non-Hispanic)",31.404958677686,11.0033891627121,"Monroe","Sweden town","New York"
"3605572455",2021,"B17001I_SnrPov","Hispanic or Latino (Any Race)",0,64.2824346533225,"Monroe","Sweden town","New York"
"3605572455",2022,"B17001B_SnrPov","Black (Non-Hispanic)",100,319.217793990247,"Monroe","Sweden town","New York"
"3605572455",2022,"B17001C_SnrPov","Native American (Non-Hispanic)",0,0,"Monroe","Sweden town","New York"
"3605572455",2022,"B17001D_SnrPov","Asian (Non-Hispanic)",0,0,"Monroe","Sweden town","New York"
"3605572455",2022,"B17001E_SnrPov","Pacific Islander (Non-Hispanic)",0,0,"Monroe","Sweden town","New York"
"3605572455",2022,"B17001F_SnrPov","Other (Non-Hispanic)",0,65.9966329107444,"Monroe","Sweden town","New York"
"3605572455",2022,"B17001G_SnrPov","Two or More Races (Non-Hispanic)",0,0,"Monroe","Sweden town","New York"
"3605572455",2022,"B17001H_SnrPov","White (Non-Hispanic)",30.7692307692308,20.9708015511797,"Monroe","Sweden town","New York"
"3605572455",2022,"B17001I_SnrPov","Hispanic or Latino (Any Race)",0,65.9966329107444,"Monroe","Sweden town","New York"
"3605572455",2023,"B17001B_SnrPov","Black (Non-Hispanic)",100,236.457625177961,"Monroe","Sweden town","New York"
"3605572455",2023,"B17001C_SnrPov","Native American (Non-Hispanic)",0,0,"Monroe","Sweden town","New York"
"3605572455",2023,"B17001D_SnrPov","Asian (Non-Hispanic)",0,0,"Monroe","Sweden town","New York"
"3605572455",2023,"B17001E_SnrPov","Pacific Islander (Non-Hispanic)",0,0,"Monroe","Sweden town","New York"
"3605572455",2023,"B17001F_SnrPov","Other (Non-Hispanic)",0,57.1124707881442,"Monroe","Sweden town","New York"
"3605572455",2023,"B17001G_SnrPov","Two or More Races (Non-Hispanic)",0,0,"Monroe","Sweden town","New York"
"3605572455",2023,"B17001H_SnrPov","White (Non-Hispanic)",43.0939226519337,32.5034880807907,"Monroe","Sweden town","New York"
"3605572455",2023,"B17001I_SnrPov","Hispanic or Latino (Any Race)",0,57.1124707881442,"Monroe","Sweden town","New York"
"3605572455",2024,"B17001B_SnrPov","Black (Non-Hispanic)",100,297.822472040091,"Monroe","Sweden town","New York"
"3605572455",2024,"B17001C_SnrPov","Native American (Non-Hispanic)",0,0,"Monroe","Sweden town","New York"
"3605572455",2024,"B17001D_SnrPov","Asian (Non-Hispanic)",0,0,"Monroe","Sweden town","New York"
"3605572455",2024,"B17001E_SnrPov","Pacific Islander (Non-Hispanic)",0,0,"Monroe","Sweden town","New York"
"3605572455",2024,"B17001F_SnrPov","Other (Non-Hispanic)",0,54.997194092287,"Monroe","Sweden town","New York"
"3605572455",2024,"B17001G_SnrPov","Two or More Races (Non-Hispanic)",0,989.949493661167,"Monroe","Sweden town","New York"
"3605572455",2024,"B17001H_SnrPov","White (Non-Hispanic)",41.0628019323672,32.0519912543334,"Monroe","Sweden town","New York"
"3605572455",2024,"B17001I_SnrPov","Hispanic or Latino (Any Race)",0,54.997194092287,"Monroe","Sweden town","New York"
"3605578971",2017,"B17001B_SnrPov","Black (Non-Hispanic)",0,0,"Monroe","Webster town","New York"
"3605578971",2017,"B17001C_SnrPov","Native American (Non-Hispanic)",0,0,"Monroe","Webster town","New York"
"3605578971",2017,"B17001D_SnrPov","Asian (Non-Hispanic)",0,199.653679393849,"Monroe","Webster town","New York"
"3605578971",2017,"B17001E_SnrPov","Pacific Islander (Non-Hispanic)",0,0,"Monroe","Webster town","New York"
"3605578971",2017,"B17001F_SnrPov","Other (Non-Hispanic)",100,2416.60919471891,"Monroe","Webster town","New York"
"3605578971",2017,"B17001G_SnrPov","Two or More Races (Non-Hispanic)",0,0,"Monroe","Webster town","New York"
"3605578971",2017,"B17001H_SnrPov","White (Non-Hispanic)",61.3588110403397,16.9342393664827,"Monroe","Webster town","New York"
"3605578971",2017,"B17001I_SnrPov","Hispanic or Latino (Any Race)",32.3529411764706,70.2734219117099,"Monroe","Webster town","New York"
"3605578971",2018,"B17001B_SnrPov","Black (Non-Hispanic)",100,1031.89146716115,"Monroe","Webster town","New York"
"3605578971",2018,"B17001C_SnrPov","Native American (Non-Hispanic)",0,0,"Monroe","Webster town","New York"
"3605578971",2018,"B17001D_SnrPov","Asian (Non-Hispanic)",0,0,"Monroe","Webster town","New York"
"3605578971",2018,"B17001E_SnrPov","Pacific Islander (Non-Hispanic)",0,0,"Monroe","Webster town","New York"
"3605578971",2018,"B17001F_SnrPov","Other (Non-Hispanic)",100,331.751671582274,"Monroe","Webster town","New York"
"3605578971",2018,"B17001G_SnrPov","Two or More Races (Non-Hispanic)",0,0,"Monroe","Webster town","New York"
"3605578971",2018,"B17001H_SnrPov","White (Non-Hispanic)",52.1428571428571,14.811581942738,"Monroe","Webster town","New York"
"3605578971",2018,"B17001I_SnrPov","Hispanic or Latino (Any Race)",50,78.5612818123533,"Monroe","Webster town","New York"
"3605578971",2019,"B17001B_SnrPov","Black (Non-Hispanic)",100,234.770499637412,"Monroe","Webster town","New York"
"3605578971",2019,"B17001C_SnrPov","Native American (Non-Hispanic)",0,0,"Monroe","Webster town","New York"
"3605578971",2019,"B17001D_SnrPov","Asian (Non-Hispanic)",0,0,"Monroe","Webster town","New York"
"3605578971",2019,"B17001E_SnrPov","Pacific Islander (Non-Hispanic)",0,0,"Monroe","Webster town","New York"
"3605578971",2019,"B17001F_SnrPov","Other (Non-Hispanic)",100,441.889434349079,"Monroe","Webster town","New York"
"3605578971",2019,"B17001G_SnrPov","Two or More Races (Non-Hispanic)",0,0,"Monroe","Webster town","New York"
"3605578971",2019,"B17001H_SnrPov","White (Non-Hispanic)",57.487922705314,14.1542284344574,"Monroe","Webster town","New York"
"3605578971",2019,"B17001I_SnrPov","Hispanic or Latino (Any Race)",100,217.391304347826,"Monroe","Webster town","New York"
"3605578971",2020,"B17001B_SnrPov","Black (Non-Hispanic)",92.9824561403509,145.188715352047,"Monroe","Webster town","New York"
"3605578971",2020,"B17001C_SnrPov","Native American (Non-Hispanic)",0,0,"Monroe","Webster town","New York"
"3605578971",2020,"B17001D_SnrPov","Asian (Non-Hispanic)",0,0,"Monroe","Webster town","New York"
"3605578971",2020,"B17001E_SnrPov","Pacific Islander (Non-Hispanic)",0,0,"Monroe","Webster town","New York"
"3605578971",2020,"B17001F_SnrPov","Other (Non-Hispanic)",100,419.205597927,"Monroe","Webster town","New York"
"3605578971",2020,"B17001G_SnrPov","Two or More Races (Non-Hispanic)",0,306.412938514171,"Monroe","Webster town","New York"
"3605578971",2020,"B17001H_SnrPov","White (Non-Hispanic)",41.7874396135266,13.2931198394144,"Monroe","Webster town","New York"
"3605578971",2020,"B17001I_SnrPov","Hispanic or Latino (Any Race)",55.5555555555556,89.1504686436051,"Monroe","Webster town","New York"
"3605578971",2021,"B17001B_SnrPov","Black (Non-Hispanic)",97.2222222222222,126.978293246321,"Monroe","Webster town","New York"
"3605578971",2021,"B17001C_SnrPov","Native American (Non-Hispanic)",0,0,"Monroe","Webster town","New York"
"3605578971",2021,"B17001D_SnrPov","Asian (Non-Hispanic)",0,0,"Monroe","Webster town","New York"
"3605578971",2021,"B17001E_SnrPov","Pacific Islander (Non-Hispanic)",0,0,"Monroe","Webster town","New York"
"3605578971",2021,"B17001F_SnrPov","Other (Non-Hispanic)",100,450.283357499271,"Monroe","Webster town","New York"
"3605578971",2021,"B17001G_SnrPov","Two or More Races (Non-Hispanic)",0,347.125147127942,"Monroe","Webster town","New York"
"3605578971",2021,"B17001H_SnrPov","White (Non-Hispanic)",20.703125,10.4150834531951,"Monroe","Webster town","New York"
"3605578971",2021,"B17001I_SnrPov","Hispanic or Latino (Any Race)",56,91.3601401049714,"Monroe","Webster town","New York"
"3605578971",2022,"B17001B_SnrPov","Black (Non-Hispanic)",93.6507936507936,133.37111611399,"Monroe","Webster town","New York"
"3605578971",2022,"B17001C_SnrPov","Native American (Non-Hispanic)",0,0,"Monroe","Webster town","New York"
"3605578971",2022,"B17001D_SnrPov","Asian (Non-Hispanic)",0,0,"Monroe","Webster town","New York"
"3605578971",2022,"B17001E_SnrPov","Pacific Islander (Non-Hispanic)",0,0,"Monroe","Webster town","New York"
"3605578971",2022,"B17001F_SnrPov","Other (Non-Hispanic)",100,487.597661284322,"Monroe","Webster town","New York"
"3605578971",2022,"B17001G_SnrPov","Two or More Races (Non-Hispanic)",0,359.981634058606,"Monroe","Webster town","New York"
"3605578971",2022,"B17001H_SnrPov","White (Non-Hispanic)",21.2121212121212,9.16463911700533,"Monroe","Webster town","New York"
"3605578971",2022,"B17001I_SnrPov","Hispanic or Latino (Any Race)",54.1666666666667,95.8908719176629,"Monroe","Webster town","New York"
"3605578971",2023,"B17001B_SnrPov","Black (Non-Hispanic)",88.6363636363636,19.3256210264117,"Monroe","Webster town","New York"
"3605578971",2023,"B17001C_SnrPov","Native American (Non-Hispanic)",0,0,"Monroe","Webster town","New York"
"3605578971",2023,"B17001D_SnrPov","Asian (Non-Hispanic)",0,0,"Monroe","Webster town","New York"
"3605578971",2023,"B17001E_SnrPov","Pacific Islander (Non-Hispanic)",0,0,"Monroe","Webster town","New York"
"3605578971",2023,"B17001F_SnrPov","Other (Non-Hispanic)",0,0,"Monroe","Webster town","New York"
"3605578971",2023,"B17001G_SnrPov","Two or More Races (Non-Hispanic)",0,329.983164553722,"Monroe","Webster town","New York"
"3605578971",2023,"B17001H_SnrPov","White (Non-Hispanic)",20,7.99892912963744,"Monroe","Webster town","New York"
"3605578971",2023,"B17001I_SnrPov","Hispanic or Latino (Any Race)",0,329.983164553722,"Monroe","Webster town","New York"
"3605578971",2024,"B17001B_SnrPov","Black (Non-Hispanic)",66.6666666666667,33.8857580520996,"Monroe","Webster town","New York"
"3605578971",2024,"B17001C_SnrPov","Native American (Non-Hispanic)",0,0,"Monroe","Webster town","New York"
"3605578971",2024,"B17001D_SnrPov","Asian (Non-Hispanic)",0,0,"Monroe","Webster town","New York"
"3605578971",2024,"B17001E_SnrPov","Pacific Islander (Non-Hispanic)",0,0,"Monroe","Webster town","New York"
"3605578971",2024,"B17001F_SnrPov","Other (Non-Hispanic)",0,0,"Monroe","Webster town","New York"
"3605578971",2024,"B17001G_SnrPov","Two or More Races (Non-Hispanic)",0,195.296158613427,"Monroe","Webster town","New York"
"3605578971",2024,"B17001H_SnrPov","White (Non-Hispanic)",26.6081871345029,9.4632864415326,"Monroe","Webster town","New York"
"3605578971",2024,"B17001I_SnrPov","Hispanic or Latino (Any Race)",0,341.768277573498,"Monroe","Webster town","New York"
"3605581402",2017,"B17001B_SnrPov","Black (Non-Hispanic)",0,0,"Monroe","Wheatland town","New York"
"3605581402",2017,"B17001C_SnrPov","Native American (Non-Hispanic)",0,0,"Monroe","Wheatland town","New York"
"3605581402",2017,"B17001D_SnrPov","Asian (Non-Hispanic)",0,0,"Monroe","Wheatland town","New York"
"3605581402",2017,"B17001E_SnrPov","Pacific Islander (Non-Hispanic)",0,0,"Monroe","Wheatland town","New York"
"3605581402",2017,"B17001F_SnrPov","Other (Non-Hispanic)",0,0,"Monroe","Wheatland town","New York"
"3605581402",2017,"B17001G_SnrPov","Two or More Races (Non-Hispanic)",0,0,"Monroe","Wheatland town","New York"
"3605581402",2017,"B17001H_SnrPov","White (Non-Hispanic)",30.3370786516854,12.4053092641494,"Monroe","Wheatland town","New York"
"3605581402",2017,"B17001I_SnrPov","Hispanic or Latino (Any Race)",0,0,"Monroe","Wheatland town","New York"
"3605581402",2018,"B17001B_SnrPov","Black (Non-Hispanic)",0,0,"Monroe","Wheatland town","New York"
"3605581402",2018,"B17001C_SnrPov","Native American (Non-Hispanic)",0,0,"Monroe","Wheatland town","New York"
"3605581402",2018,"B17001D_SnrPov","Asian (Non-Hispanic)",0,0,"Monroe","Wheatland town","New York"
"3605581402",2018,"B17001E_SnrPov","Pacific Islander (Non-Hispanic)",0,0,"Monroe","Wheatland town","New York"
"3605581402",2018,"B17001F_SnrPov","Other (Non-Hispanic)",0,0,"Monroe","Wheatland town","New York"
"3605581402",2018,"B17001G_SnrPov","Two or More Races (Non-Hispanic)",0,0,"Monroe","Wheatland town","New York"
"3605581402",2018,"B17001H_SnrPov","White (Non-Hispanic)",26.8292682926829,12.6428595443042,"Monroe","Wheatland town","New York"
"3605581402",2018,"B17001I_SnrPov","Hispanic or Latino (Any Race)",0,0,"Monroe","Wheatland town","New York"
"3605581402",2019,"B17001B_SnrPov","Black (Non-Hispanic)",0,0,"Monroe","Wheatland town","New York"
"3605581402",2019,"B17001C_SnrPov","Native American (Non-Hispanic)",0,0,"Monroe","Wheatland town","New York"
"3605581402",2019,"B17001D_SnrPov","Asian (Non-Hispanic)",0,0,"Monroe","Wheatland town","New York"
"3605581402",2019,"B17001E_SnrPov","Pacific Islander (Non-Hispanic)",0,0,"Monroe","Wheatland town","New York"
"3605581402",2019,"B17001F_SnrPov","Other (Non-Hispanic)",0,0,"Monroe","Wheatland town","New York"
"3605581402",2019,"B17001G_SnrPov","Two or More Races (Non-Hispanic)",0,0,"Monroe","Wheatland town","New York"
"3605581402",2019,"B17001H_SnrPov","White (Non-Hispanic)",20.6185567010309,12.7545656377694,"Monroe","Wheatland town","New York"
"3605581402",2019,"B17001I_SnrPov","Hispanic or Latino (Any Race)",0,0,"Monroe","Wheatland town","New York"
"3605581402",2020,"B17001B_SnrPov","Black (Non-Hispanic)",100,865.383665716478,"Monroe","Wheatland town","New York"
"3605581402",2020,"B17001C_SnrPov","Native American (Non-Hispanic)",0,0,"Monroe","Wheatland town","New York"
"3605581402",2020,"B17001D_SnrPov","Asian (Non-Hispanic)",0,0,"Monroe","Wheatland town","New York"
"3605581402",2020,"B17001E_SnrPov","Pacific Islander (Non-Hispanic)",0,0,"Monroe","Wheatland town","New York"
"3605581402",2020,"B17001F_SnrPov","Other (Non-Hispanic)",0,0,"Monroe","Wheatland town","New York"
"3605581402",2020,"B17001G_SnrPov","Two or More Races (Non-Hispanic)",0,0,"Monroe","Wheatland town","New York"
"3605581402",2020,"B17001H_SnrPov","White (Non-Hispanic)",19.2307692307692,13.1777714870222,"Monroe","Wheatland town","New York"
"3605581402",2020,"B17001I_SnrPov","Hispanic or Latino (Any Race)",0,0,"Monroe","Wheatland town","New York"
"3605581402",2021,"B17001B_SnrPov","Black (Non-Hispanic)",100,482.470494204338,"Monroe","Wheatland town","New York"
"3605581402",2021,"B17001C_SnrPov","Native American (Non-Hispanic)",0,0,"Monroe","Wheatland town","New York"
"3605581402",2021,"B17001D_SnrPov","Asian (Non-Hispanic)",0,0,"Monroe","Wheatland town","New York"
"3605581402",2021,"B17001E_SnrPov","Pacific Islander (Non-Hispanic)",0,0,"Monroe","Wheatland town","New York"
"3605581402",2021,"B17001F_SnrPov","Other (Non-Hispanic)",0,0,"Monroe","Wheatland town","New York"
"3605581402",2021,"B17001G_SnrPov","Two or More Races (Non-Hispanic)",0,0,"Monroe","Wheatland town","New York"
"3605581402",2021,"B17001H_SnrPov","White (Non-Hispanic)",54.4554455445545,42.1346374998061,"Monroe","Wheatland town","New York"
"3605581402",2021,"B17001I_SnrPov","Hispanic or Latino (Any Race)",0,0,"Monroe","Wheatland town","New York"
"3605581402",2022,"B17001B_SnrPov","Black (Non-Hispanic)",100,369.966214673719,"Monroe","Wheatland town","New York"
"3605581402",2022,"B17001C_SnrPov","Native American (Non-Hispanic)",0,0,"Monroe","Wheatland town","New York"
"3605581402",2022,"B17001D_SnrPov","Asian (Non-Hispanic)",0,0,"Monroe","Wheatland town","New York"
"3605581402",2022,"B17001E_SnrPov","Pacific Islander (Non-Hispanic)",0,0,"Monroe","Wheatland town","New York"
"3605581402",2022,"B17001F_SnrPov","Other (Non-Hispanic)",0,0,"Monroe","Wheatland town","New York"
"3605581402",2022,"B17001G_SnrPov","Two or More Races (Non-Hispanic)",0,0,"Monroe","Wheatland town","New York"
"3605581402",2022,"B17001H_SnrPov","White (Non-Hispanic)",85.5769230769231,38.5069171805917,"Monroe","Wheatland town","New York"
"3605581402",2022,"B17001I_SnrPov","Hispanic or Latino (Any Race)",0,0,"Monroe","Wheatland town","New York"
"3605581402",2023,"B17001B_SnrPov","Black (Non-Hispanic)",100,482.470494204338,"Monroe","Wheatland town","New York"
"3605581402",2023,"B17001C_SnrPov","Native American (Non-Hispanic)",0,0,"Monroe","Wheatland town","New York"
"3605581402",2023,"B17001D_SnrPov","Asian (Non-Hispanic)",0,0,"Monroe","Wheatland town","New York"
"3605581402",2023,"B17001E_SnrPov","Pacific Islander (Non-Hispanic)",0,0,"Monroe","Wheatland town","New York"
"3605581402",2023,"B17001F_SnrPov","Other (Non-Hispanic)",0,0,"Monroe","Wheatland town","New York"
"3605581402",2023,"B17001G_SnrPov","Two or More Races (Non-Hispanic)",0,0,"Monroe","Wheatland town","New York"
"3605581402",2023,"B17001H_SnrPov","White (Non-Hispanic)",84.1121495327103,38.603660902614,"Monroe","Wheatland town","New York"
"3605581402",2023,"B17001I_SnrPov","Hispanic or Latino (Any Race)",0,0,"Monroe","Wheatland town","New York"
"3605581402",2024,"B17001B_SnrPov","Black (Non-Hispanic)",100,196.086474500516,"Monroe","Wheatland town","New York"
"3605581402",2024,"B17001C_SnrPov","Native American (Non-Hispanic)",0,0,"Monroe","Wheatland town","New York"
"3605581402",2024,"B17001D_SnrPov","Asian (Non-Hispanic)",0,0,"Monroe","Wheatland town","New York"
"3605581402",2024,"B17001E_SnrPov","Pacific Islander (Non-Hispanic)",0,0,"Monroe","Wheatland town","New York"
"3605581402",2024,"B17001F_SnrPov","Other (Non-Hispanic)",0,0,"Monroe","Wheatland town","New York"
"3605581402",2024,"B17001G_SnrPov","Two or More Races (Non-Hispanic)",0,0,"Monroe","Wheatland town","New York"
"3605581402",2024,"B17001H_SnrPov","White (Non-Hispanic)",72.6415094339623,27.4630978655263,"Monroe","Wheatland town","New York"
"3605581402",2024,"B17001I_SnrPov","Hispanic or Latino (Any Race)",0,0,"Monroe","Wheatland town","New York"
"3606908378",2017,"B17001B_SnrPov","Black (Non-Hispanic)",0,0,"Ontario","Bristol town","New York"
"3606908378",2017,"B17001C_SnrPov","Native American (Non-Hispanic)",0,0,"Ontario","Bristol town","New York"
"3606908378",2017,"B17001D_SnrPov","Asian (Non-Hispanic)",0,0,"Ontario","Bristol town","New York"
"3606908378",2017,"B17001E_SnrPov","Pacific Islander (Non-Hispanic)",0,0,"Ontario","Bristol town","New York"
"3606908378",2017,"B17001F_SnrPov","Other (Non-Hispanic)",0,0,"Ontario","Bristol town","New York"
"3606908378",2017,"B17001G_SnrPov","Two or More Races (Non-Hispanic)",0,0,"Ontario","Bristol town","New York"
"3606908378",2017,"B17001H_SnrPov","White (Non-Hispanic)",44,43.2376132551278,"Ontario","Bristol town","New York"
"3606908378",2017,"B17001I_SnrPov","Hispanic or Latino (Any Race)",0,0,"Ontario","Bristol town","New York"
"3606908378",2018,"B17001B_SnrPov","Black (Non-Hispanic)",0,0,"Ontario","Bristol town","New York"
"3606908378",2018,"B17001C_SnrPov","Native American (Non-Hispanic)",0,0,"Ontario","Bristol town","New York"
"3606908378",2018,"B17001D_SnrPov","Asian (Non-Hispanic)",0,0,"Ontario","Bristol town","New York"
"3606908378",2018,"B17001E_SnrPov","Pacific Islander (Non-Hispanic)",0,0,"Ontario","Bristol town","New York"
"3606908378",2018,"B17001F_SnrPov","Other (Non-Hispanic)",0,0,"Ontario","Bristol town","New York"
"3606908378",2018,"B17001G_SnrPov","Two or More Races (Non-Hispanic)",0,0,"Ontario","Bristol town","New York"
"3606908378",2018,"B17001H_SnrPov","White (Non-Hispanic)",32.4324324324324,22.4487898710149,"Ontario","Bristol town","New York"
"3606908378",2018,"B17001I_SnrPov","Hispanic or Latino (Any Race)",0,0,"Ontario","Bristol town","New York"
"3606908378",2019,"B17001B_SnrPov","Black (Non-Hispanic)",0,0,"Ontario","Bristol town","New York"
"3606908378",2019,"B17001C_SnrPov","Native American (Non-Hispanic)",0,0,"Ontario","Bristol town","New York"
"3606908378",2019,"B17001D_SnrPov","Asian (Non-Hispanic)",0,0,"Ontario","Bristol town","New York"
"3606908378",2019,"B17001E_SnrPov","Pacific Islander (Non-Hispanic)",0,0,"Ontario","Bristol town","New York"
"3606908378",2019,"B17001F_SnrPov","Other (Non-Hispanic)",0,0,"Ontario","Bristol town","New York"
"3606908378",2019,"B17001G_SnrPov","Two or More Races (Non-Hispanic)",0,0,"Ontario","Bristol town","New York"
"3606908378",2019,"B17001H_SnrPov","White (Non-Hispanic)",30.5555555555556,22.41309806833,"Ontario","Bristol town","New York"
"3606908378",2019,"B17001I_SnrPov","Hispanic or Latino (Any Race)",0,0,"Ontario","Bristol town","New York"
"3606908378",2020,"B17001B_SnrPov","Black (Non-Hispanic)",0,0,"Ontario","Bristol town","New York"
"3606908378",2020,"B17001C_SnrPov","Native American (Non-Hispanic)",0,0,"Ontario","Bristol town","New York"
"3606908378",2020,"B17001D_SnrPov","Asian (Non-Hispanic)",0,0,"Ontario","Bristol town","New York"
"3606908378",2020,"B17001E_SnrPov","Pacific Islander (Non-Hispanic)",0,0,"Ontario","Bristol town","New York"
"3606908378",2020,"B17001F_SnrPov","Other (Non-Hispanic)",0,0,"Ontario","Bristol town","New York"
"3606908378",2020,"B17001G_SnrPov","Two or More Races (Non-Hispanic)",0,0,"Ontario","Bristol town","New York"
"3606908378",2020,"B17001H_SnrPov","White (Non-Hispanic)",32.1428571428571,26.3996719701832,"Ontario","Bristol town","New York"
"3606908378",2020,"B17001I_SnrPov","Hispanic or Latino (Any Race)",0,0,"Ontario","Bristol town","New York"
"3606908378",2021,"B17001B_SnrPov","Black (Non-Hispanic)",0,0,"Ontario","Bristol town","New York"
"3606908378",2021,"B17001C_SnrPov","Native American (Non-Hispanic)",0,0,"Ontario","Bristol town","New York"
"3606908378",2021,"B17001D_SnrPov","Asian (Non-Hispanic)",0,0,"Ontario","Bristol town","New York"
"3606908378",2021,"B17001E_SnrPov","Pacific Islander (Non-Hispanic)",0,0,"Ontario","Bristol town","New York"
"3606908378",2021,"B17001F_SnrPov","Other (Non-Hispanic)",0,0,"Ontario","Bristol town","New York"
"3606908378",2021,"B17001G_SnrPov","Two or More Races (Non-Hispanic)",0,0,"Ontario","Bristol town","New York"
"3606908378",2021,"B17001H_SnrPov","White (Non-Hispanic)",15.7894736842105,70.4832390483589,"Ontario","Bristol town","New York"
"3606908378",2021,"B17001I_SnrPov","Hispanic or Latino (Any Race)",0,0,"Ontario","Bristol town","New York"
"3606908378",2022,"B17001B_SnrPov","Black (Non-Hispanic)",0,0,"Ontario","Bristol town","New York"
"3606908378",2022,"B17001C_SnrPov","Native American (Non-Hispanic)",0,0,"Ontario","Bristol town","New York"
"3606908378",2022,"B17001D_SnrPov","Asian (Non-Hispanic)",0,0,"Ontario","Bristol town","New York"
"3606908378",2022,"B17001E_SnrPov","Pacific Islander (Non-Hispanic)",0,0,"Ontario","Bristol town","New York"
"3606908378",2022,"B17001F_SnrPov","Other (Non-Hispanic)",0,0,"Ontario","Bristol town","New York"
"3606908378",2022,"B17001G_SnrPov","Two or More Races (Non-Hispanic)",0,0,"Ontario","Bristol town","New York"
"3606908378",2022,"B17001H_SnrPov","White (Non-Hispanic)",44.4444444444444,63.2678408997818,"Ontario","Bristol town","New York"
"3606908378",2022,"B17001I_SnrPov","Hispanic or Latino (Any Race)",0,0,"Ontario","Bristol town","New York"
"3606908378",2023,"B17001B_SnrPov","Black (Non-Hispanic)",0,0,"Ontario","Bristol town","New York"
"3606908378",2023,"B17001C_SnrPov","Native American (Non-Hispanic)",0,0,"Ontario","Bristol town","New York"
"3606908378",2023,"B17001D_SnrPov","Asian (Non-Hispanic)",0,0,"Ontario","Bristol town","New York"
"3606908378",2023,"B17001E_SnrPov","Pacific Islander (Non-Hispanic)",0,0,"Ontario","Bristol town","New York"
"3606908378",2023,"B17001F_SnrPov","Other (Non-Hispanic)",0,0,"Ontario","Bristol town","New York"
"3606908378",2023,"B17001G_SnrPov","Two or More Races (Non-Hispanic)",0,0,"Ontario","Bristol town","New York"
"3606908378",2023,"B17001H_SnrPov","White (Non-Hispanic)",100,567.097875150313,"Ontario","Bristol town","New York"
"3606908378",2023,"B17001I_SnrPov","Hispanic or Latino (Any Race)",0,0,"Ontario","Bristol town","New York"
"3606908378",2024,"B17001B_SnrPov","Black (Non-Hispanic)",0,0,"Ontario","Bristol town","New York"
"3606908378",2024,"B17001C_SnrPov","Native American (Non-Hispanic)",0,0,"Ontario","Bristol town","New York"
"3606908378",2024,"B17001D_SnrPov","Asian (Non-Hispanic)",0,0,"Ontario","Bristol town","New York"
"3606908378",2024,"B17001E_SnrPov","Pacific Islander (Non-Hispanic)",0,0,"Ontario","Bristol town","New York"
"3606908378",2024,"B17001F_SnrPov","Other (Non-Hispanic)",0,0,"Ontario","Bristol town","New York"
"3606908378",2024,"B17001G_SnrPov","Two or More Races (Non-Hispanic)",0,0,"Ontario","Bristol town","New York"
"3606908378",2024,"B17001H_SnrPov","White (Non-Hispanic)",70.5882352941177,112.350761874593,"Ontario","Bristol town","New York"
"3606908378",2024,"B17001I_SnrPov","Hispanic or Latino (Any Race)",0,0,"Ontario","Bristol town","New York"
"3606912100",2017,"B17001B_SnrPov","Black (Non-Hispanic)",0,0,"Ontario","Canadice town","New York"
"3606912100",2017,"B17001C_SnrPov","Native American (Non-Hispanic)",0,0,"Ontario","Canadice town","New York"
"3606912100",2017,"B17001D_SnrPov","Asian (Non-Hispanic)",0,0,"Ontario","Canadice town","New York"
"3606912100",2017,"B17001E_SnrPov","Pacific Islander (Non-Hispanic)",0,0,"Ontario","Canadice town","New York"
"3606912100",2017,"B17001F_SnrPov","Other (Non-Hispanic)",0,0,"Ontario","Canadice town","New York"
"3606912100",2017,"B17001G_SnrPov","Two or More Races (Non-Hispanic)",0,0,"Ontario","Canadice town","New York"
"3606912100",2017,"B17001H_SnrPov","White (Non-Hispanic)",41.1764705882353,24.0193136059939,"Ontario","Canadice town","New York"
"3606912100",2017,"B17001I_SnrPov","Hispanic or Latino (Any Race)",0,0,"Ontario","Canadice town","New York"
"3606912100",2018,"B17001B_SnrPov","Black (Non-Hispanic)",0,0,"Ontario","Canadice town","New York"
"3606912100",2018,"B17001C_SnrPov","Native American (Non-Hispanic)",0,0,"Ontario","Canadice town","New York"
"3606912100",2018,"B17001D_SnrPov","Asian (Non-Hispanic)",0,0,"Ontario","Canadice town","New York"
"3606912100",2018,"B17001E_SnrPov","Pacific Islander (Non-Hispanic)",0,0,"Ontario","Canadice town","New York"
"3606912100",2018,"B17001F_SnrPov","Other (Non-Hispanic)",0,0,"Ontario","Canadice town","New York"
"3606912100",2018,"B17001G_SnrPov","Two or More Races (Non-Hispanic)",0,0,"Ontario","Canadice town","New York"
"3606912100",2018,"B17001H_SnrPov","White (Non-Hispanic)",30.7692307692308,17.5288055652391,"Ontario","Canadice town","New York"
"3606912100",2018,"B17001I_SnrPov","Hispanic or Latino (Any Race)",0,0,"Ontario","Canadice town","New York"
"3606912100",2019,"B17001B_SnrPov","Black (Non-Hispanic)",0,0,"Ontario","Canadice town","New York"
"3606912100",2019,"B17001C_SnrPov","Native American (Non-Hispanic)",0,0,"Ontario","Canadice town","New York"
"3606912100",2019,"B17001D_SnrPov","Asian (Non-Hispanic)",0,0,"Ontario","Canadice town","New York"
"3606912100",2019,"B17001E_SnrPov","Pacific Islander (Non-Hispanic)",0,0,"Ontario","Canadice town","New York"
"3606912100",2019,"B17001F_SnrPov","Other (Non-Hispanic)",0,0,"Ontario","Canadice town","New York"
"3606912100",2019,"B17001G_SnrPov","Two or More Races (Non-Hispanic)",0,0,"Ontario","Canadice town","New York"
"3606912100",2019,"B17001H_SnrPov","White (Non-Hispanic)",35.8490566037736,17.193146475296,"Ontario","Canadice town","New York"
"3606912100",2019,"B17001I_SnrPov","Hispanic or Latino (Any Race)",0,848.528137423857,"Ontario","Canadice town","New York"
"3606912100",2020,"B17001B_SnrPov","Black (Non-Hispanic)",0,0,"Ontario","Canadice town","New York"
"3606912100",2020,"B17001C_SnrPov","Native American (Non-Hispanic)",0,0,"Ontario","Canadice town","New York"
"3606912100",2020,"B17001D_SnrPov","Asian (Non-Hispanic)",0,0,"Ontario","Canadice town","New York"
"3606912100",2020,"B17001E_SnrPov","Pacific Islander (Non-Hispanic)",0,0,"Ontario","Canadice town","New York"
"3606912100",2020,"B17001F_SnrPov","Other (Non-Hispanic)",0,0,"Ontario","Canadice town","New York"
"3606912100",2020,"B17001G_SnrPov","Two or More Races (Non-Hispanic)",0,0,"Ontario","Canadice town","New York"
"3606912100",2020,"B17001H_SnrPov","White (Non-Hispanic)",42.8571428571429,17.1621308077083,"Ontario","Canadice town","New York"
"3606912100",2020,"B17001I_SnrPov","Hispanic or Latino (Any Race)",0,848.528137423857,"Ontario","Canadice town","New York"
"3606912100",2021,"B17001B_SnrPov","Black (Non-Hispanic)",0,0,"Ontario","Canadice town","New York"
"3606912100",2021,"B17001C_SnrPov","Native American (Non-Hispanic)",0,0,"Ontario","Canadice town","New York"
"3606912100",2021,"B17001D_SnrPov","Asian (Non-Hispanic)",0,0,"Ontario","Canadice town","New York"
"3606912100",2021,"B17001E_SnrPov","Pacific Islander (Non-Hispanic)",0,0,"Ontario","Canadice town","New York"
"3606912100",2021,"B17001F_SnrPov","Other (Non-Hispanic)",0,0,"Ontario","Canadice town","New York"
"3606912100",2021,"B17001G_SnrPov","Two or More Races (Non-Hispanic)",0,0,"Ontario","Canadice town","New York"
"3606912100",2021,"B17001H_SnrPov","White (Non-Hispanic)",39.344262295082,21.6473857587758,"Ontario","Canadice town","New York"
"3606912100",2021,"B17001I_SnrPov","Hispanic or Latino (Any Race)",0,919.238815542512,"Ontario","Canadice town","New York"
"3606912100",2022,"B17001B_SnrPov","Black (Non-Hispanic)",0,0,"Ontario","Canadice town","New York"
"3606912100",2022,"B17001C_SnrPov","Native American (Non-Hispanic)",0,0,"Ontario","Canadice town","New York"
"3606912100",2022,"B17001D_SnrPov","Asian (Non-Hispanic)",0,0,"Ontario","Canadice town","New York"
"3606912100",2022,"B17001E_SnrPov","Pacific Islander (Non-Hispanic)",0,0,"Ontario","Canadice town","New York"
"3606912100",2022,"B17001F_SnrPov","Other (Non-Hispanic)",0,0,"Ontario","Canadice town","New York"
"3606912100",2022,"B17001G_SnrPov","Two or More Races (Non-Hispanic)",0,0,"Ontario","Canadice town","New York"
"3606912100",2022,"B17001H_SnrPov","White (Non-Hispanic)",59.375,35.6886499222984,"Ontario","Canadice town","New York"
"3606912100",2022,"B17001I_SnrPov","Hispanic or Latino (Any Race)",0,919.238815542512,"Ontario","Canadice town","New York"
"3606912100",2023,"B17001B_SnrPov","Black (Non-Hispanic)",0,0,"Ontario","Canadice town","New York"
"3606912100",2023,"B17001C_SnrPov","Native American (Non-Hispanic)",0,0,"Ontario","Canadice town","New York"
"3606912100",2023,"B17001D_SnrPov","Asian (Non-Hispanic)",0,0,"Ontario","Canadice town","New York"
"3606912100",2023,"B17001E_SnrPov","Pacific Islander (Non-Hispanic)",0,0,"Ontario","Canadice town","New York"
"3606912100",2023,"B17001F_SnrPov","Other (Non-Hispanic)",0,0,"Ontario","Canadice town","New York"
"3606912100",2023,"B17001G_SnrPov","Two or More Races (Non-Hispanic)",0,919.238815542512,"Ontario","Canadice town","New York"
"3606912100",2023,"B17001H_SnrPov","White (Non-Hispanic)",69.2307692307692,30.9026465751941,"Ontario","Canadice town","New York"
"3606912100",2023,"B17001I_SnrPov","Hispanic or Latino (Any Race)",0,919.238815542512,"Ontario","Canadice town","New York"
"3606912100",2024,"B17001B_SnrPov","Black (Non-Hispanic)",0,0,"Ontario","Canadice town","New York"
"3606912100",2024,"B17001C_SnrPov","Native American (Non-Hispanic)",0,0,"Ontario","Canadice town","New York"
"3606912100",2024,"B17001D_SnrPov","Asian (Non-Hispanic)",0,0,"Ontario","Canadice town","New York"
"3606912100",2024,"B17001E_SnrPov","Pacific Islander (Non-Hispanic)",0,0,"Ontario","Canadice town","New York"
"3606912100",2024,"B17001F_SnrPov","Other (Non-Hispanic)",0,0,"Ontario","Canadice town","New York"
"3606912100",2024,"B17001G_SnrPov","Two or More Races (Non-Hispanic)",0,1979.89898732233,"Ontario","Canadice town","New York"
"3606912100",2024,"B17001H_SnrPov","White (Non-Hispanic)",59.2592592592593,50.7041978557772,"Ontario","Canadice town","New York"
"3606912100",2024,"B17001I_SnrPov","Hispanic or Latino (Any Race)",0,0,"Ontario","Canadice town","New York"
"3606912144",2017,"B17001B_SnrPov","Black (Non-Hispanic)",0,2545.58441227157,"Ontario","Canandaigua city","New York"
"3606912144",2017,"B17001C_SnrPov","Native American (Non-Hispanic)",0,0,"Ontario","Canandaigua city","New York"
"3606912144",2017,"B17001D_SnrPov","Asian (Non-Hispanic)",0,0,"Ontario","Canandaigua city","New York"
"3606912144",2017,"B17001E_SnrPov","Pacific Islander (Non-Hispanic)",0,0,"Ontario","Canandaigua city","New York"
"3606912144",2017,"B17001F_SnrPov","Other (Non-Hispanic)",0,0,"Ontario","Canandaigua city","New York"
"3606912144",2017,"B17001G_SnrPov","Two or More Races (Non-Hispanic)",0,0,"Ontario","Canandaigua city","New York"
"3606912144",2017,"B17001H_SnrPov","White (Non-Hispanic)",24.8520710059172,15.1408538279934,"Ontario","Canandaigua city","New York"
"3606912144",2017,"B17001I_SnrPov","Hispanic or Latino (Any Race)",0,2545.58441227157,"Ontario","Canandaigua city","New York"
"3606912144",2018,"B17001B_SnrPov","Black (Non-Hispanic)",0,2687.00576850888,"Ontario","Canandaigua city","New York"
"3606912144",2018,"B17001C_SnrPov","Native American (Non-Hispanic)",0,0,"Ontario","Canandaigua city","New York"
"3606912144",2018,"B17001D_SnrPov","Asian (Non-Hispanic)",0,0,"Ontario","Canandaigua city","New York"
"3606912144",2018,"B17001E_SnrPov","Pacific Islander (Non-Hispanic)",0,0,"Ontario","Canandaigua city","New York"
"3606912144",2018,"B17001F_SnrPov","Other (Non-Hispanic)",0,0,"Ontario","Canandaigua city","New York"
"3606912144",2018,"B17001G_SnrPov","Two or More Races (Non-Hispanic)",0,0,"Ontario","Canandaigua city","New York"
"3606912144",2018,"B17001H_SnrPov","White (Non-Hispanic)",32.0652173913043,14.2621471779273,"Ontario","Canandaigua city","New York"
"3606912144",2018,"B17001I_SnrPov","Hispanic or Latino (Any Race)",0,2687.00576850888,"Ontario","Canandaigua city","New York"
"3606912144",2019,"B17001B_SnrPov","Black (Non-Hispanic)",0,2687.00576850888,"Ontario","Canandaigua city","New York"
"3606912144",2019,"B17001C_SnrPov","Native American (Non-Hispanic)",0,0,"Ontario","Canandaigua city","New York"
"3606912144",2019,"B17001D_SnrPov","Asian (Non-Hispanic)",0,0,"Ontario","Canandaigua city","New York"
"3606912144",2019,"B17001E_SnrPov","Pacific Islander (Non-Hispanic)",0,0,"Ontario","Canandaigua city","New York"
"3606912144",2019,"B17001F_SnrPov","Other (Non-Hispanic)",0,0,"Ontario","Canandaigua city","New York"
"3606912144",2019,"B17001G_SnrPov","Two or More Races (Non-Hispanic)",0,0,"Ontario","Canandaigua city","New York"
"3606912144",2019,"B17001H_SnrPov","White (Non-Hispanic)",37.1428571428571,18.2876238070028,"Ontario","Canandaigua city","New York"
"3606912144",2019,"B17001I_SnrPov","Hispanic or Latino (Any Race)",0,2687.00576850888,"Ontario","Canandaigua city","New York"
"3606912144",2020,"B17001B_SnrPov","Black (Non-Hispanic)",100,3810.51177665153,"Ontario","Canandaigua city","New York"
"3606912144",2020,"B17001C_SnrPov","Native American (Non-Hispanic)",0,0,"Ontario","Canandaigua city","New York"
"3606912144",2020,"B17001D_SnrPov","Asian (Non-Hispanic)",0,0,"Ontario","Canandaigua city","New York"
"3606912144",2020,"B17001E_SnrPov","Pacific Islander (Non-Hispanic)",0,0,"Ontario","Canandaigua city","New York"
"3606912144",2020,"B17001F_SnrPov","Other (Non-Hispanic)",0,0,"Ontario","Canandaigua city","New York"
"3606912144",2020,"B17001G_SnrPov","Two or More Races (Non-Hispanic)",0,0,"Ontario","Canandaigua city","New York"
"3606912144",2020,"B17001H_SnrPov","White (Non-Hispanic)",70,20.3035843434129,"Ontario","Canandaigua city","New York"
"3606912144",2020,"B17001I_SnrPov","Hispanic or Latino (Any Race)",0,2687.00576850888,"Ontario","Canandaigua city","New York"
"3606912144",2021,"B17001B_SnrPov","Black (Non-Hispanic)",100,4009.98753115268,"Ontario","Canandaigua city","New York"
"3606912144",2021,"B17001C_SnrPov","Native American (Non-Hispanic)",0,0,"Ontario","Canandaigua city","New York"
"3606912144",2021,"B17001D_SnrPov","Asian (Non-Hispanic)",0,0,"Ontario","Canandaigua city","New York"
"3606912144",2021,"B17001E_SnrPov","Pacific Islander (Non-Hispanic)",0,0,"Ontario","Canandaigua city","New York"
"3606912144",2021,"B17001F_SnrPov","Other (Non-Hispanic)",0,0,"Ontario","Canandaigua city","New York"
"3606912144",2021,"B17001G_SnrPov","Two or More Races (Non-Hispanic)",0,0,"Ontario","Canandaigua city","New York"
"3606912144",2021,"B17001H_SnrPov","White (Non-Hispanic)",60.1476014760148,19.211840345755,"Ontario","Canandaigua city","New York"
"3606912144",2021,"B17001I_SnrPov","Hispanic or Latino (Any Race)",0,2828.42712474619,"Ontario","Canandaigua city","New York"
"3606912144",2022,"B17001B_SnrPov","Black (Non-Hispanic)",100,4209.51303596984,"Ontario","Canandaigua city","New York"
"3606912144",2022,"B17001C_SnrPov","Native American (Non-Hispanic)",0,0,"Ontario","Canandaigua city","New York"
"3606912144",2022,"B17001D_SnrPov","Asian (Non-Hispanic)",0,0,"Ontario","Canandaigua city","New York"
"3606912144",2022,"B17001E_SnrPov","Pacific Islander (Non-Hispanic)",0,0,"Ontario","Canandaigua city","New York"
"3606912144",2022,"B17001F_SnrPov","Other (Non-Hispanic)",0,0,"Ontario","Canandaigua city","New York"
"3606912144",2022,"B17001G_SnrPov","Two or More Races (Non-Hispanic)",0,0,"Ontario","Canandaigua city","New York"
"3606912144",2022,"B17001H_SnrPov","White (Non-Hispanic)",57.4829931972789,19.3440830359333,"Ontario","Canandaigua city","New York"
"3606912144",2022,"B17001I_SnrPov","Hispanic or Latino (Any Race)",0,0,"Ontario","Canandaigua city","New York"
"3606912144",2023,"B17001B_SnrPov","Black (Non-Hispanic)",33.3333333333333,618.939754542465,"Ontario","Canandaigua city","New York"
"3606912144",2023,"B17001C_SnrPov","Native American (Non-Hispanic)",0,0,"Ontario","Canandaigua city","New York"
"3606912144",2023,"B17001D_SnrPov","Asian (Non-Hispanic)",0,0,"Ontario","Canandaigua city","New York"
"3606912144",2023,"B17001E_SnrPov","Pacific Islander (Non-Hispanic)",0,0,"Ontario","Canandaigua city","New York"
"3606912144",2023,"B17001F_SnrPov","Other (Non-Hispanic)",0,0,"Ontario","Canandaigua city","New York"
"3606912144",2023,"B17001G_SnrPov","Two or More Races (Non-Hispanic)",0,2969.8484809835,"Ontario","Canandaigua city","New York"
"3606912144",2023,"B17001H_SnrPov","White (Non-Hispanic)",50.8361204013378,20.6014826535428,"Ontario","Canandaigua city","New York"
"3606912144",2023,"B17001I_SnrPov","Hispanic or Latino (Any Race)",0,2969.8484809835,"Ontario","Canandaigua city","New York"
"3606912144",2024,"B17001B_SnrPov","Black (Non-Hispanic)",33.3333333333333,616.941880528966,"Ontario","Canandaigua city","New York"
"3606912144",2024,"B17001C_SnrPov","Native American (Non-Hispanic)",0,0,"Ontario","Canandaigua city","New York"
"3606912144",2024,"B17001D_SnrPov","Asian (Non-Hispanic)",0,0,"Ontario","Canandaigua city","New York"
"3606912144",2024,"B17001E_SnrPov","Pacific Islander (Non-Hispanic)",0,0,"Ontario","Canandaigua city","New York"
"3606912144",2024,"B17001F_SnrPov","Other (Non-Hispanic)",0,0,"Ontario","Canandaigua city","New York"
"3606912144",2024,"B17001G_SnrPov","Two or More Races (Non-Hispanic)",0,197.989898732233,"Ontario","Canandaigua city","New York"
"3606912144",2024,"B17001H_SnrPov","White (Non-Hispanic)",46.5295629820051,15.8124074780369,"Ontario","Canandaigua city","New York"
"3606912144",2024,"B17001I_SnrPov","Hispanic or Latino (Any Race)",0,197.989898732233,"Ontario","Canandaigua city","New York"
"3606912155",2017,"B17001B_SnrPov","Black (Non-Hispanic)",0,0,"Ontario","Canandaigua town","New York"
"3606912155",2017,"B17001C_SnrPov","Native American (Non-Hispanic)",0,0,"Ontario","Canandaigua town","New York"
"3606912155",2017,"B17001D_SnrPov","Asian (Non-Hispanic)",100,366.01160779601,"Ontario","Canandaigua town","New York"
"3606912155",2017,"B17001E_SnrPov","Pacific Islander (Non-Hispanic)",0,0,"Ontario","Canandaigua town","New York"
"3606912155",2017,"B17001F_SnrPov","Other (Non-Hispanic)",0,0,"Ontario","Canandaigua town","New York"
"3606912155",2017,"B17001G_SnrPov","Two or More Races (Non-Hispanic)",0,0,"Ontario","Canandaigua town","New York"
"3606912155",2017,"B17001H_SnrPov","White (Non-Hispanic)",42.2459893048128,28.3935326554044,"Ontario","Canandaigua town","New York"
"3606912155",2017,"B17001I_SnrPov","Hispanic or Latino (Any Race)",0,0,"Ontario","Canandaigua town","New York"
"3606912155",2018,"B17001B_SnrPov","Black (Non-Hispanic)",100,1946.79223339318,"Ontario","Canandaigua town","New York"
"3606912155",2018,"B17001C_SnrPov","Native American (Non-Hispanic)",0,0,"Ontario","Canandaigua town","New York"
"3606912155",2018,"B17001D_SnrPov","Asian (Non-Hispanic)",100,391.930437010984,"Ontario","Canandaigua town","New York"
"3606912155",2018,"B17001E_SnrPov","Pacific Islander (Non-Hispanic)",0,0,"Ontario","Canandaigua town","New York"
"3606912155",2018,"B17001F_SnrPov","Other (Non-Hispanic)",0,0,"Ontario","Canandaigua town","New York"
"3606912155",2018,"B17001G_SnrPov","Two or More Races (Non-Hispanic)",0,0,"Ontario","Canandaigua town","New York"
"3606912155",2018,"B17001H_SnrPov","White (Non-Hispanic)",38.3620689655172,24.4177356299685,"Ontario","Canandaigua town","New York"
"3606912155",2018,"B17001I_SnrPov","Hispanic or Latino (Any Race)",0,0,"Ontario","Canandaigua town","New York"
"3606912155",2019,"B17001B_SnrPov","Black (Non-Hispanic)",100,1297.86148892879,"Ontario","Canandaigua town","New York"
"3606912155",2019,"B17001C_SnrPov","Native American (Non-Hispanic)",0,0,"Ontario","Canandaigua town","New York"
"3606912155",2019,"B17001D_SnrPov","Asian (Non-Hispanic)",100,394.7573094109,"Ontario","Canandaigua town","New York"
"3606912155",2019,"B17001E_SnrPov","Pacific Islander (Non-Hispanic)",0,0,"Ontario","Canandaigua town","New York"
"3606912155",2019,"B17001F_SnrPov","Other (Non-Hispanic)",0,0,"Ontario","Canandaigua town","New York"
"3606912155",2019,"B17001G_SnrPov","Two or More Races (Non-Hispanic)",0,0,"Ontario","Canandaigua town","New York"
"3606912155",2019,"B17001H_SnrPov","White (Non-Hispanic)",34.5291479820628,23.0981162884836,"Ontario","Canandaigua town","New York"
"3606912155",2019,"B17001I_SnrPov","Hispanic or Latino (Any Race)",0,0,"Ontario","Canandaigua town","New York"
"3606912155",2020,"B17001B_SnrPov","Black (Non-Hispanic)",100,1920.93727122985,"Ontario","Canandaigua town","New York"
"3606912155",2020,"B17001C_SnrPov","Native American (Non-Hispanic)",0,0,"Ontario","Canandaigua town","New York"
"3606912155",2020,"B17001D_SnrPov","Asian (Non-Hispanic)",0,0,"Ontario","Canandaigua town","New York"
"3606912155",2020,"B17001E_SnrPov","Pacific Islander (Non-Hispanic)",0,0,"Ontario","Canandaigua town","New York"
"3606912155",2020,"B17001F_SnrPov","Other (Non-Hispanic)",0,0,"Ontario","Canandaigua town","New York"
"3606912155",2020,"B17001G_SnrPov","Two or More Races (Non-Hispanic)",0,0,"Ontario","Canandaigua town","New York"
"3606912155",2020,"B17001H_SnrPov","White (Non-Hispanic)",23.7580993520518,1.62238115489013,"Ontario","Canandaigua town","New York"
"3606912155",2020,"B17001I_SnrPov","Hispanic or Latino (Any Race)",0,0,"Ontario","Canandaigua town","New York"
"3606912155",2021,"B17001B_SnrPov","Black (Non-Hispanic)",100,2019.90098767242,"Ontario","Canandaigua town","New York"
"3606912155",2021,"B17001C_SnrPov","Native American (Non-Hispanic)",0,0,"Ontario","Canandaigua town","New York"
"3606912155",2021,"B17001D_SnrPov","Asian (Non-Hispanic)",0,0,"Ontario","Canandaigua town","New York"
"3606912155",2021,"B17001E_SnrPov","Pacific Islander (Non-Hispanic)",0,0,"Ontario","Canandaigua town","New York"
"3606912155",2021,"B17001F_SnrPov","Other (Non-Hispanic)",0,0,"Ontario","Canandaigua town","New York"
"3606912155",2021,"B17001G_SnrPov","Two or More Races (Non-Hispanic)",100,628.89602008729,"Ontario","Canandaigua town","New York"
"3606912155",2021,"B17001H_SnrPov","White (Non-Hispanic)",26.6509433962264,9.37131958996317,"Ontario","Canandaigua town","New York"
"3606912155",2021,"B17001I_SnrPov","Hispanic or Latino (Any Race)",0,0,"Ontario","Canandaigua town","New York"
"3606912155",2022,"B17001B_SnrPov","Black (Non-Hispanic)",100,543.714079273289,"Ontario","Canandaigua town","New York"
"3606912155",2022,"B17001C_SnrPov","Native American (Non-Hispanic)",0,0,"Ontario","Canandaigua town","New York"
"3606912155",2022,"B17001D_SnrPov","Asian (Non-Hispanic)",0,0,"Ontario","Canandaigua town","New York"
"3606912155",2022,"B17001E_SnrPov","Pacific Islander (Non-Hispanic)",0,0,"Ontario","Canandaigua town","New York"
"3606912155",2022,"B17001F_SnrPov","Other (Non-Hispanic)",0,0,"Ontario","Canandaigua town","New York"
"3606912155",2022,"B17001G_SnrPov","Two or More Races (Non-Hispanic)",100,522.812904711937,"Ontario","Canandaigua town","New York"
"3606912155",2022,"B17001H_SnrPov","White (Non-Hispanic)",25.8312020460358,7.89429119546499,"Ontario","Canandaigua town","New York"
"3606912155",2022,"B17001I_SnrPov","Hispanic or Latino (Any Race)",0,0,"Ontario","Canandaigua town","New York"
"3606912155",2023,"B17001B_SnrPov","Black (Non-Hispanic)",0,0,"Ontario","Canandaigua town","New York"
"3606912155",2023,"B17001C_SnrPov","Native American (Non-Hispanic)",0,0,"Ontario","Canandaigua town","New York"
"3606912155",2023,"B17001D_SnrPov","Asian (Non-Hispanic)",0,0,"Ontario","Canandaigua town","New York"
"3606912155",2023,"B17001E_SnrPov","Pacific Islander (Non-Hispanic)",0,0,"Ontario","Canandaigua town","New York"
"3606912155",2023,"B17001F_SnrPov","Other (Non-Hispanic)",0,0,"Ontario","Canandaigua town","New York"
"3606912155",2023,"B17001G_SnrPov","Two or More Races (Non-Hispanic)",100,389.507350805297,"Ontario","Canandaigua town","New York"
"3606912155",2023,"B17001H_SnrPov","White (Non-Hispanic)",33.587786259542,33.2411301221829,"Ontario","Canandaigua town","New York"
"3606912155",2023,"B17001I_SnrPov","Hispanic or Latino (Any Race)",0,0,"Ontario","Canandaigua town","New York"
"3606912155",2024,"B17001B_SnrPov","Black (Non-Hispanic)",0,0,"Ontario","Canandaigua town","New York"
"3606912155",2024,"B17001C_SnrPov","Native American (Non-Hispanic)",0,0,"Ontario","Canandaigua town","New York"
"3606912155",2024,"B17001D_SnrPov","Asian (Non-Hispanic)",0,0,"Ontario","Canandaigua town","New York"
"3606912155",2024,"B17001E_SnrPov","Pacific Islander (Non-Hispanic)",0,0,"Ontario","Canandaigua town","New York"
"3606912155",2024,"B17001F_SnrPov","Other (Non-Hispanic)",0,185.615530061469,"Ontario","Canandaigua town","New York"
"3606912155",2024,"B17001G_SnrPov","Two or More Races (Non-Hispanic)",100,277.301280198992,"Ontario","Canandaigua town","New York"
"3606912155",2024,"B17001H_SnrPov","White (Non-Hispanic)",33.6734693877551,33.8333645407195,"Ontario","Canandaigua town","New York"
"3606912155",2024,"B17001I_SnrPov","Hispanic or Latino (Any Race)",0,185.615530061469,"Ontario","Canandaigua town","New York"
"3606921699",2017,"B17001B_SnrPov","Black (Non-Hispanic)",0,0,"Ontario","East Bloomfield town","New York"
"3606921699",2017,"B17001C_SnrPov","Native American (Non-Hispanic)",0,0,"Ontario","East Bloomfield town","New York"
"3606921699",2017,"B17001D_SnrPov","Asian (Non-Hispanic)",0,0,"Ontario","East Bloomfield town","New York"
"3606921699",2017,"B17001E_SnrPov","Pacific Islander (Non-Hispanic)",0,0,"Ontario","East Bloomfield town","New York"
"3606921699",2017,"B17001F_SnrPov","Other (Non-Hispanic)",0,0,"Ontario","East Bloomfield town","New York"
"3606921699",2017,"B17001G_SnrPov","Two or More Races (Non-Hispanic)",0,0,"Ontario","East Bloomfield town","New York"
"3606921699",2017,"B17001H_SnrPov","White (Non-Hispanic)",38.8888888888889,21.6638306680406,"Ontario","East Bloomfield town","New York"
"3606921699",2017,"B17001I_SnrPov","Hispanic or Latino (Any Race)",0,0,"Ontario","East Bloomfield town","New York"
"3606921699",2018,"B17001B_SnrPov","Black (Non-Hispanic)",0,0,"Ontario","East Bloomfield town","New York"
"3606921699",2018,"B17001C_SnrPov","Native American (Non-Hispanic)",0,0,"Ontario","East Bloomfield town","New York"
"3606921699",2018,"B17001D_SnrPov","Asian (Non-Hispanic)",0,0,"Ontario","East Bloomfield town","New York"
"3606921699",2018,"B17001E_SnrPov","Pacific Islander (Non-Hispanic)",0,0,"Ontario","East Bloomfield town","New York"
"3606921699",2018,"B17001F_SnrPov","Other (Non-Hispanic)",0,0,"Ontario","East Bloomfield town","New York"
"3606921699",2018,"B17001G_SnrPov","Two or More Races (Non-Hispanic)",0,0,"Ontario","East Bloomfield town","New York"
"3606921699",2018,"B17001H_SnrPov","White (Non-Hispanic)",42.8571428571429,20.3058660634004,"Ontario","East Bloomfield town","New York"
"3606921699",2018,"B17001I_SnrPov","Hispanic or Latino (Any Race)",0,0,"Ontario","East Bloomfield town","New York"
"3606921699",2019,"B17001B_SnrPov","Black (Non-Hispanic)",0,0,"Ontario","East Bloomfield town","New York"
"3606921699",2019,"B17001C_SnrPov","Native American (Non-Hispanic)",0,0,"Ontario","East Bloomfield town","New York"
"3606921699",2019,"B17001D_SnrPov","Asian (Non-Hispanic)",0,0,"Ontario","East Bloomfield town","New York"
"3606921699",2019,"B17001E_SnrPov","Pacific Islander (Non-Hispanic)",0,0,"Ontario","East Bloomfield town","New York"
"3606921699",2019,"B17001F_SnrPov","Other (Non-Hispanic)",0,0,"Ontario","East Bloomfield town","New York"
"3606921699",2019,"B17001G_SnrPov","Two or More Races (Non-Hispanic)",0,0,"Ontario","East Bloomfield town","New York"
"3606921699",2019,"B17001H_SnrPov","White (Non-Hispanic)",6.41025641025641,16.000013224343,"Ontario","East Bloomfield town","New York"
"3606921699",2019,"B17001I_SnrPov","Hispanic or Latino (Any Race)",0,0,"Ontario","East Bloomfield town","New York"
"3606921699",2020,"B17001B_SnrPov","Black (Non-Hispanic)",100,2416.60919471891,"Ontario","East Bloomfield town","New York"
"3606921699",2020,"B17001C_SnrPov","Native American (Non-Hispanic)",0,0,"Ontario","East Bloomfield town","New York"
"3606921699",2020,"B17001D_SnrPov","Asian (Non-Hispanic)",0,0,"Ontario","East Bloomfield town","New York"
"3606921699",2020,"B17001E_SnrPov","Pacific Islander (Non-Hispanic)",0,0,"Ontario","East Bloomfield town","New York"
"3606921699",2020,"B17001F_SnrPov","Other (Non-Hispanic)",0,0,"Ontario","East Bloomfield town","New York"
"3606921699",2020,"B17001G_SnrPov","Two or More Races (Non-Hispanic)",0,0,"Ontario","East Bloomfield town","New York"
"3606921699",2020,"B17001H_SnrPov","White (Non-Hispanic)",8.33333333333333,1.32491555752354,"Ontario","East Bloomfield town","New York"
"3606921699",2020,"B17001I_SnrPov","Hispanic or Latino (Any Race)",0,0,"Ontario","East Bloomfield town","New York"
"3606921699",2021,"B17001B_SnrPov","Black (Non-Hispanic)",100,2615.3393661244,"Ontario","East Bloomfield town","New York"
"3606921699",2021,"B17001C_SnrPov","Native American (Non-Hispanic)",0,0,"Ontario","East Bloomfield town","New York"
"3606921699",2021,"B17001D_SnrPov","Asian (Non-Hispanic)",0,0,"Ontario","East Bloomfield town","New York"
"3606921699",2021,"B17001E_SnrPov","Pacific Islander (Non-Hispanic)",0,0,"Ontario","East Bloomfield town","New York"
"3606921699",2021,"B17001F_SnrPov","Other (Non-Hispanic)",0,0,"Ontario","East Bloomfield town","New York"
"3606921699",2021,"B17001G_SnrPov","Two or More Races (Non-Hispanic)",0,0,"Ontario","East Bloomfield town","New York"
"3606921699",2021,"B17001H_SnrPov","White (Non-Hispanic)",16.8539325842697,21.7359986596767,"Ontario","East Bloomfield town","New York"
"3606921699",2021,"B17001I_SnrPov","Hispanic or Latino (Any Race)",0,0,"Ontario","East Bloomfield town","New York"
"3606921699",2022,"B17001B_SnrPov","Black (Non-Hispanic)",100,1330.41346956501,"Ontario","East Bloomfield town","New York"
"3606921699",2022,"B17001C_SnrPov","Native American (Non-Hispanic)",0,0,"Ontario","East Bloomfield town","New York"
"3606921699",2022,"B17001D_SnrPov","Asian (Non-Hispanic)",0,0,"Ontario","East Bloomfield town","New York"
"3606921699",2022,"B17001E_SnrPov","Pacific Islander (Non-Hispanic)",0,0,"Ontario","East Bloomfield town","New York"
"3606921699",2022,"B17001F_SnrPov","Other (Non-Hispanic)",0,0,"Ontario","East Bloomfield town","New York"
"3606921699",2022,"B17001G_SnrPov","Two or More Races (Non-Hispanic)",0,0,"Ontario","East Bloomfield town","New York"
"3606921699",2022,"B17001H_SnrPov","White (Non-Hispanic)",11.7647058823529,2.61367224766427,"Ontario","East Bloomfield town","New York"
"3606921699",2022,"B17001I_SnrPov","Hispanic or Latino (Any Race)",0,0,"Ontario","East Bloomfield town","New York"
"3606921699",2023,"B17001B_SnrPov","Black (Non-Hispanic)",100,2634.3879744639,"Ontario","East Bloomfield town","New York"
"3606921699",2023,"B17001C_SnrPov","Native American (Non-Hispanic)",0,0,"Ontario","East Bloomfield town","New York"
"3606921699",2023,"B17001D_SnrPov","Asian (Non-Hispanic)",0,0,"Ontario","East Bloomfield town","New York"
"3606921699",2023,"B17001E_SnrPov","Pacific Islander (Non-Hispanic)",0,0,"Ontario","East Bloomfield town","New York"
"3606921699",2023,"B17001F_SnrPov","Other (Non-Hispanic)",0,0,"Ontario","East Bloomfield town","New York"
"3606921699",2023,"B17001G_SnrPov","Two or More Races (Non-Hispanic)",0,0,"Ontario","East Bloomfield town","New York"
"3606921699",2023,"B17001H_SnrPov","White (Non-Hispanic)",28.7234042553192,7.28990329601091,"Ontario","East Bloomfield town","New York"
"3606921699",2023,"B17001I_SnrPov","Hispanic or Latino (Any Race)",0,0,"Ontario","East Bloomfield town","New York"
"3606921699",2024,"B17001B_SnrPov","Black (Non-Hispanic)",100,2831.96045170126,"Ontario","East Bloomfield town","New York"
"3606921699",2024,"B17001C_SnrPov","Native American (Non-Hispanic)",0,0,"Ontario","East Bloomfield town","New York"
"3606921699",2024,"B17001D_SnrPov","Asian (Non-Hispanic)",0,0,"Ontario","East Bloomfield town","New York"
"3606921699",2024,"B17001E_SnrPov","Pacific Islander (Non-Hispanic)",0,0,"Ontario","East Bloomfield town","New York"
"3606921699",2024,"B17001F_SnrPov","Other (Non-Hispanic)",0,0,"Ontario","East Bloomfield town","New York"
"3606921699",2024,"B17001G_SnrPov","Two or More Races (Non-Hispanic)",0,0,"Ontario","East Bloomfield town","New York"
"3606921699",2024,"B17001H_SnrPov","White (Non-Hispanic)",32.9113924050633,20.5965559382359,"Ontario","East Bloomfield town","New York"
"3606921699",2024,"B17001I_SnrPov","Hispanic or Latino (Any Race)",0,0,"Ontario","East Bloomfield town","New York"
"3606925406",2017,"B17001B_SnrPov","Black (Non-Hispanic)",0,1272.79220613579,"Ontario","Farmington town","New York"
"3606925406",2017,"B17001C_SnrPov","Native American (Non-Hispanic)",0,0,"Ontario","Farmington town","New York"
"3606925406",2017,"B17001D_SnrPov","Asian (Non-Hispanic)",100,309.232921921325,"Ontario","Farmington town","New York"
"3606925406",2017,"B17001E_SnrPov","Pacific Islander (Non-Hispanic)",0,0,"Ontario","Farmington town","New York"
"3606925406",2017,"B17001F_SnrPov","Other (Non-Hispanic)",0,0,"Ontario","Farmington town","New York"
"3606925406",2017,"B17001G_SnrPov","Two or More Races (Non-Hispanic)",0,0,"Ontario","Farmington town","New York"
"3606925406",2017,"B17001H_SnrPov","White (Non-Hispanic)",21.6326530612245,20.3811766595068,"Ontario","Farmington town","New York"
"3606925406",2017,"B17001I_SnrPov","Hispanic or Latino (Any Race)",100,1834.39363278441,"Ontario","Farmington town","New York"
"3606925406",2018,"B17001B_SnrPov","Black (Non-Hispanic)",0,0,"Ontario","Farmington town","New York"
"3606925406",2018,"B17001C_SnrPov","Native American (Non-Hispanic)",0,0,"Ontario","Farmington town","New York"
"3606925406",2018,"B17001D_SnrPov","Asian (Non-Hispanic)",100,349.441518712359,"Ontario","Farmington town","New York"
"3606925406",2018,"B17001E_SnrPov","Pacific Islander (Non-Hispanic)",0,0,"Ontario","Farmington town","New York"
"3606925406",2018,"B17001F_SnrPov","Other (Non-Hispanic)",0,0,"Ontario","Farmington town","New York"
"3606925406",2018,"B17001G_SnrPov","Two or More Races (Non-Hispanic)",0,0,"Ontario","Farmington town","New York"
"3606925406",2018,"B17001H_SnrPov","White (Non-Hispanic)",19.7530864197531,18.0972234981643,"Ontario","Farmington town","New York"
"3606925406",2018,"B17001I_SnrPov","Hispanic or Latino (Any Race)",100,1297.86148892879,"Ontario","Farmington town","New York"
"3606925406",2019,"B17001B_SnrPov","Black (Non-Hispanic)",0,0,"Ontario","Farmington town","New York"
"3606925406",2019,"B17001C_SnrPov","Native American (Non-Hispanic)",0,0,"Ontario","Farmington town","New York"
"3606925406",2019,"B17001D_SnrPov","Asian (Non-Hispanic)",0,0,"Ontario","Farmington town","New York"
"3606925406",2019,"B17001E_SnrPov","Pacific Islander (Non-Hispanic)",0,0,"Ontario","Farmington town","New York"
"3606925406",2019,"B17001F_SnrPov","Other (Non-Hispanic)",0,0,"Ontario","Farmington town","New York"
"3606925406",2019,"B17001G_SnrPov","Two or More Races (Non-Hispanic)",0,0,"Ontario","Farmington town","New York"
"3606925406",2019,"B17001H_SnrPov","White (Non-Hispanic)",33.6492890995261,19.4397458800216,"Ontario","Farmington town","New York"
"3606925406",2019,"B17001I_SnrPov","Hispanic or Latino (Any Race)",0,0,"Ontario","Farmington town","New York"
"3606925406",2020,"B17001B_SnrPov","Black (Non-Hispanic)",0,0,"Ontario","Farmington town","New York"
"3606925406",2020,"B17001C_SnrPov","Native American (Non-Hispanic)",0,0,"Ontario","Farmington town","New York"
"3606925406",2020,"B17001D_SnrPov","Asian (Non-Hispanic)",0,0,"Ontario","Farmington town","New York"
"3606925406",2020,"B17001E_SnrPov","Pacific Islander (Non-Hispanic)",0,0,"Ontario","Farmington town","New York"
"3606925406",2020,"B17001F_SnrPov","Other (Non-Hispanic)",0,0,"Ontario","Farmington town","New York"
"3606925406",2020,"B17001G_SnrPov","Two or More Races (Non-Hispanic)",0,0,"Ontario","Farmington town","New York"
"3606925406",2020,"B17001H_SnrPov","White (Non-Hispanic)",36.8421052631579,30.4164431003877,"Ontario","Farmington town","New York"
"3606925406",2020,"B17001I_SnrPov","Hispanic or Latino (Any Race)",0,0,"Ontario","Farmington town","New York"
"3606925406",2021,"B17001B_SnrPov","Black (Non-Hispanic)",0,0,"Ontario","Farmington town","New York"
"3606925406",2021,"B17001C_SnrPov","Native American (Non-Hispanic)",0,0,"Ontario","Farmington town","New York"
"3606925406",2021,"B17001D_SnrPov","Asian (Non-Hispanic)",0,0,"Ontario","Farmington town","New York"
"3606925406",2021,"B17001E_SnrPov","Pacific Islander (Non-Hispanic)",0,0,"Ontario","Farmington town","New York"
"3606925406",2021,"B17001F_SnrPov","Other (Non-Hispanic)",0,0,"Ontario","Farmington town","New York"
"3606925406",2021,"B17001G_SnrPov","Two or More Races (Non-Hispanic)",0,0,"Ontario","Farmington town","New York"
"3606925406",2021,"B17001H_SnrPov","White (Non-Hispanic)",48.9795918367347,26.1395664567598,"Ontario","Farmington town","New York"
"3606925406",2021,"B17001I_SnrPov","Hispanic or Latino (Any Race)",0,0,"Ontario","Farmington town","New York"
"3606925406",2022,"B17001B_SnrPov","Black (Non-Hispanic)",100,905.98013223249,"Ontario","Farmington town","New York"
"3606925406",2022,"B17001C_SnrPov","Native American (Non-Hispanic)",0,0,"Ontario","Farmington town","New York"
"3606925406",2022,"B17001D_SnrPov","Asian (Non-Hispanic)",0,0,"Ontario","Farmington town","New York"
"3606925406",2022,"B17001E_SnrPov","Pacific Islander (Non-Hispanic)",0,0,"Ontario","Farmington town","New York"
"3606925406",2022,"B17001F_SnrPov","Other (Non-Hispanic)",0,0,"Ontario","Farmington town","New York"
"3606925406",2022,"B17001G_SnrPov","Two or More Races (Non-Hispanic)",0,0,"Ontario","Farmington town","New York"
"3606925406",2022,"B17001H_SnrPov","White (Non-Hispanic)",56.2913907284768,23.415500837851,"Ontario","Farmington town","New York"
"3606925406",2022,"B17001I_SnrPov","Hispanic or Latino (Any Race)",0,0,"Ontario","Farmington town","New York"
"3606925406",2023,"B17001B_SnrPov","Black (Non-Hispanic)",100,2142.42852856286,"Ontario","Farmington town","New York"
"3606925406",2023,"B17001C_SnrPov","Native American (Non-Hispanic)",0,0,"Ontario","Farmington town","New York"
"3606925406",2023,"B17001D_SnrPov","Asian (Non-Hispanic)",0,0,"Ontario","Farmington town","New York"
"3606925406",2023,"B17001E_SnrPov","Pacific Islander (Non-Hispanic)",0,0,"Ontario","Farmington town","New York"
"3606925406",2023,"B17001F_SnrPov","Other (Non-Hispanic)",0,0,"Ontario","Farmington town","New York"
"3606925406",2023,"B17001G_SnrPov","Two or More Races (Non-Hispanic)",0,0,"Ontario","Farmington town","New York"
"3606925406",2023,"B17001H_SnrPov","White (Non-Hispanic)",53.75,17.7331101558858,"Ontario","Farmington town","New York"
"3606925406",2023,"B17001I_SnrPov","Hispanic or Latino (Any Race)",0,0,"Ontario","Farmington town","New York"
"3606925406",2024,"B17001B_SnrPov","Black (Non-Hispanic)",100,1438.36326735943,"Ontario","Farmington town","New York"
"3606925406",2024,"B17001C_SnrPov","Native American (Non-Hispanic)",0,0,"Ontario","Farmington town","New York"
"3606925406",2024,"B17001D_SnrPov","Asian (Non-Hispanic)",0,0,"Ontario","Farmington town","New York"
"3606925406",2024,"B17001E_SnrPov","Pacific Islander (Non-Hispanic)",0,0,"Ontario","Farmington town","New York"
"3606925406",2024,"B17001F_SnrPov","Other (Non-Hispanic)",0,0,"Ontario","Farmington town","New York"
"3606925406",2024,"B17001G_SnrPov","Two or More Races (Non-Hispanic)",0,0,"Ontario","Farmington town","New York"
"3606925406",2024,"B17001H_SnrPov","White (Non-Hispanic)",46.8571428571429,18.3997690802742,"Ontario","Farmington town","New York"
"3606925406",2024,"B17001I_SnrPov","Hispanic or Latino (Any Race)",0,0,"Ontario","Farmington town","New York"
"3606928640",2017,"B17001B_SnrPov","Black (Non-Hispanic)",71.7391304347826,39.0926036041068,"Ontario","Geneva city","New York"
"3606928640",2017,"B17001C_SnrPov","Native American (Non-Hispanic)",0,0,"Ontario","Geneva city","New York"
"3606928640",2017,"B17001D_SnrPov","Asian (Non-Hispanic)",0,0,"Ontario","Geneva city","New York"
"3606928640",2017,"B17001E_SnrPov","Pacific Islander (Non-Hispanic)",0,0,"Ontario","Geneva city","New York"
"3606928640",2017,"B17001F_SnrPov","Other (Non-Hispanic)",87.8048780487805,25.0863364723046,"Ontario","Geneva city","New York"
"3606928640",2017,"B17001G_SnrPov","Two or More Races (Non-Hispanic)",100,432.897216438267,"Ontario","Geneva city","New York"
"3606928640",2017,"B17001H_SnrPov","White (Non-Hispanic)",64.021164021164,15.8061287283337,"Ontario","Geneva city","New York"
"3606928640",2017,"B17001I_SnrPov","Hispanic or Latino (Any Race)",87.8048780487805,25.0863364723046,"Ontario","Geneva city","New York"
"3606928640",2018,"B17001B_SnrPov","Black (Non-Hispanic)",74.4186046511628,39.0918556886537,"Ontario","Geneva city","New York"
"3606928640",2018,"B17001C_SnrPov","Native American (Non-Hispanic)",0,0,"Ontario","Geneva city","New York"
"3606928640",2018,"B17001D_SnrPov","Asian (Non-Hispanic)",0,0,"Ontario","Geneva city","New York"
"3606928640",2018,"B17001E_SnrPov","Pacific Islander (Non-Hispanic)",0,0,"Ontario","Geneva city","New York"
"3606928640",2018,"B17001F_SnrPov","Other (Non-Hispanic)",100,239.512536507033,"Ontario","Geneva city","New York"
"3606928640",2018,"B17001G_SnrPov","Two or More Races (Non-Hispanic)",100,207.204424348004,"Ontario","Geneva city","New York"
"3606928640",2018,"B17001H_SnrPov","White (Non-Hispanic)",47.3214285714286,12.5943330669908,"Ontario","Geneva city","New York"
"3606928640",2018,"B17001I_SnrPov","Hispanic or Latino (Any Race)",100,239.512536507033,"Ontario","Geneva city","New York"
"3606928640",2019,"B17001B_SnrPov","Black (Non-Hispanic)",85.7142857142857,18.4251024015451,"Ontario","Geneva city","New York"
"3606928640",2019,"B17001C_SnrPov","Native American (Non-Hispanic)",0,0,"Ontario","Geneva city","New York"
"3606928640",2019,"B17001D_SnrPov","Asian (Non-Hispanic)",0,0,"Ontario","Geneva city","New York"
"3606928640",2019,"B17001E_SnrPov","Pacific Islander (Non-Hispanic)",0,0,"Ontario","Geneva city","New York"
"3606928640",2019,"B17001F_SnrPov","Other (Non-Hispanic)",100,246.221445044903,"Ontario","Geneva city","New York"
"3606928640",2019,"B17001G_SnrPov","Two or More Races (Non-Hispanic)",100,190.201131932056,"Ontario","Geneva city","New York"
"3606928640",2019,"B17001H_SnrPov","White (Non-Hispanic)",44.0944881889764,13.8812881250217,"Ontario","Geneva city","New York"
"3606928640",2019,"B17001I_SnrPov","Hispanic or Latino (Any Race)",100,246.221445044903,"Ontario","Geneva city","New York"
"3606928640",2020,"B17001B_SnrPov","Black (Non-Hispanic)",100,119.860120734689,"Ontario","Geneva city","New York"
"3606928640",2020,"B17001C_SnrPov","Native American (Non-Hispanic)",0,0,"Ontario","Geneva city","New York"
"3606928640",2020,"B17001D_SnrPov","Asian (Non-Hispanic)",0,0,"Ontario","Geneva city","New York"
"3606928640",2020,"B17001E_SnrPov","Pacific Islander (Non-Hispanic)",0,0,"Ontario","Geneva city","New York"
"3606928640",2020,"B17001F_SnrPov","Other (Non-Hispanic)",100,311.016562161982,"Ontario","Geneva city","New York"
"3606928640",2020,"B17001G_SnrPov","Two or More Races (Non-Hispanic)",100,237.407473037814,"Ontario","Geneva city","New York"
"3606928640",2020,"B17001H_SnrPov","White (Non-Hispanic)",41.042345276873,15.9340688209418,"Ontario","Geneva city","New York"
"3606928640",2020,"B17001I_SnrPov","Hispanic or Latino (Any Race)",100,311.016562161982,"Ontario","Geneva city","New York"
"3606928640",2021,"B17001B_SnrPov","Black (Non-Hispanic)",100,112.833866731055,"Ontario","Geneva city","New York"
"3606928640",2021,"B17001C_SnrPov","Native American (Non-Hispanic)",0,0,"Ontario","Geneva city","New York"
"3606928640",2021,"B17001D_SnrPov","Asian (Non-Hispanic)",0,0,"Ontario","Geneva city","New York"
"3606928640",2021,"B17001E_SnrPov","Pacific Islander (Non-Hispanic)",0,0,"Ontario","Geneva city","New York"
"3606928640",2021,"B17001F_SnrPov","Other (Non-Hispanic)",100,1049.19016388832,"Ontario","Geneva city","New York"
"3606928640",2021,"B17001G_SnrPov","Two or More Races (Non-Hispanic)",100,322.223718866256,"Ontario","Geneva city","New York"
"3606928640",2021,"B17001H_SnrPov","White (Non-Hispanic)",44.9477351916376,14.751212378704,"Ontario","Geneva city","New York"
"3606928640",2021,"B17001I_SnrPov","Hispanic or Latino (Any Race)",100,1049.19016388832,"Ontario","Geneva city","New York"
"3606928640",2022,"B17001B_SnrPov","Black (Non-Hispanic)",100,131.003777792544,"Ontario","Geneva city","New York"
"3606928640",2022,"B17001C_SnrPov","Native American (Non-Hispanic)",0,0,"Ontario","Geneva city","New York"
"3606928640",2022,"B17001D_SnrPov","Asian (Non-Hispanic)",0,0,"Ontario","Geneva city","New York"
"3606928640",2022,"B17001E_SnrPov","Pacific Islander (Non-Hispanic)",0,0,"Ontario","Geneva city","New York"
"3606928640",2022,"B17001F_SnrPov","Other (Non-Hispanic)",0,0,"Ontario","Geneva city","New York"
"3606928640",2022,"B17001G_SnrPov","Two or More Races (Non-Hispanic)",0,0,"Ontario","Geneva city","New York"
"3606928640",2022,"B17001H_SnrPov","White (Non-Hispanic)",37.3540856031128,17.7502785535438,"Ontario","Geneva city","New York"
"3606928640",2022,"B17001I_SnrPov","Hispanic or Latino (Any Race)",0,0,"Ontario","Geneva city","New York"
"3606928640",2023,"B17001B_SnrPov","Black (Non-Hispanic)",100,101.954582251634,"Ontario","Geneva city","New York"
"3606928640",2023,"B17001C_SnrPov","Native American (Non-Hispanic)",0,0,"Ontario","Geneva city","New York"
"3606928640",2023,"B17001D_SnrPov","Asian (Non-Hispanic)",0,0,"Ontario","Geneva city","New York"
"3606928640",2023,"B17001E_SnrPov","Pacific Islander (Non-Hispanic)",0,0,"Ontario","Geneva city","New York"
"3606928640",2023,"B17001F_SnrPov","Other (Non-Hispanic)",0,0,"Ontario","Geneva city","New York"
"3606928640",2023,"B17001G_SnrPov","Two or More Races (Non-Hispanic)",0,0,"Ontario","Geneva city","New York"
"3606928640",2023,"B17001H_SnrPov","White (Non-Hispanic)",40.5737704918033,23.1037090931662,"Ontario","Geneva city","New York"
"3606928640",2023,"B17001I_SnrPov","Hispanic or Latino (Any Race)",0,0,"Ontario","Geneva city","New York"
"3606928640",2024,"B17001B_SnrPov","Black (Non-Hispanic)",94.5454545454545,109.63731928469,"Ontario","Geneva city","New York"
"3606928640",2024,"B17001C_SnrPov","Native American (Non-Hispanic)",0,0,"Ontario","Geneva city","New York"
"3606928640",2024,"B17001D_SnrPov","Asian (Non-Hispanic)",0,0,"Ontario","Geneva city","New York"
"3606928640",2024,"B17001E_SnrPov","Pacific Islander (Non-Hispanic)",0,0,"Ontario","Geneva city","New York"
"3606928640",2024,"B17001F_SnrPov","Other (Non-Hispanic)",0,0,"Ontario","Geneva city","New York"
"3606928640",2024,"B17001G_SnrPov","Two or More Races (Non-Hispanic)",100,2110.68709192054,"Ontario","Geneva city","New York"
"3606928640",2024,"B17001H_SnrPov","White (Non-Hispanic)",41.6666666666667,26.0213923346254,"Ontario","Geneva city","New York"
"3606928640",2024,"B17001I_SnrPov","Hispanic or Latino (Any Race)",0,0,"Ontario","Geneva city","New York"
"3606928651",2017,"B17001B_SnrPov","Black (Non-Hispanic)",0,0,"Ontario","Geneva town","New York"
"3606928651",2017,"B17001C_SnrPov","Native American (Non-Hispanic)",0,0,"Ontario","Geneva town","New York"
"3606928651",2017,"B17001D_SnrPov","Asian (Non-Hispanic)",0,0,"Ontario","Geneva town","New York"
"3606928651",2017,"B17001E_SnrPov","Pacific Islander (Non-Hispanic)",0,0,"Ontario","Geneva town","New York"
"3606928651",2017,"B17001F_SnrPov","Other (Non-Hispanic)",0,0,"Ontario","Geneva town","New York"
"3606928651",2017,"B17001G_SnrPov","Two or More Races (Non-Hispanic)",0,0,"Ontario","Geneva town","New York"
"3606928651",2017,"B17001H_SnrPov","White (Non-Hispanic)",56.25,41.0296768257483,"Ontario","Geneva town","New York"
"3606928651",2017,"B17001I_SnrPov","Hispanic or Latino (Any Race)",0,0,"Ontario","Geneva town","New York"
"3606928651",2018,"B17001B_SnrPov","Black (Non-Hispanic)",0,0,"Ontario","Geneva town","New York"
"3606928651",2018,"B17001C_SnrPov","Native American (Non-Hispanic)",0,0,"Ontario","Geneva town","New York"
"3606928651",2018,"B17001D_SnrPov","Asian (Non-Hispanic)",0,0,"Ontario","Geneva town","New York"
"3606928651",2018,"B17001E_SnrPov","Pacific Islander (Non-Hispanic)",0,0,"Ontario","Geneva town","New York"
"3606928651",2018,"B17001F_SnrPov","Other (Non-Hispanic)",0,0,"Ontario","Geneva town","New York"
"3606928651",2018,"B17001G_SnrPov","Two or More Races (Non-Hispanic)",0,0,"Ontario","Geneva town","New York"
"3606928651",2018,"B17001H_SnrPov","White (Non-Hispanic)",57.1428571428571,39.4965727670415,"Ontario","Geneva town","New York"
"3606928651",2018,"B17001I_SnrPov","Hispanic or Latino (Any Race)",0,0,"Ontario","Geneva town","New York"
"3606928651",2019,"B17001B_SnrPov","Black (Non-Hispanic)",0,0,"Ontario","Geneva town","New York"
"3606928651",2019,"B17001C_SnrPov","Native American (Non-Hispanic)",0,0,"Ontario","Geneva town","New York"
"3606928651",2019,"B17001D_SnrPov","Asian (Non-Hispanic)",0,0,"Ontario","Geneva town","New York"
"3606928651",2019,"B17001E_SnrPov","Pacific Islander (Non-Hispanic)",0,0,"Ontario","Geneva town","New York"
"3606928651",2019,"B17001F_SnrPov","Other (Non-Hispanic)",0,0,"Ontario","Geneva town","New York"
"3606928651",2019,"B17001G_SnrPov","Two or More Races (Non-Hispanic)",0,0,"Ontario","Geneva town","New York"
"3606928651",2019,"B17001H_SnrPov","White (Non-Hispanic)",54.5454545454545,26.1976527620514,"Ontario","Geneva town","New York"
"3606928651",2019,"B17001I_SnrPov","Hispanic or Latino (Any Race)",0,0,"Ontario","Geneva town","New York"
"3606928651",2020,"B17001B_SnrPov","Black (Non-Hispanic)",100,285.342107553714,"Ontario","Geneva town","New York"
"3606928651",2020,"B17001C_SnrPov","Native American (Non-Hispanic)",0,0,"Ontario","Geneva town","New York"
"3606928651",2020,"B17001D_SnrPov","Asian (Non-Hispanic)",0,0,"Ontario","Geneva town","New York"
"3606928651",2020,"B17001E_SnrPov","Pacific Islander (Non-Hispanic)",0,0,"Ontario","Geneva town","New York"
"3606928651",2020,"B17001F_SnrPov","Other (Non-Hispanic)",0,0,"Ontario","Geneva town","New York"
"3606928651",2020,"B17001G_SnrPov","Two or More Races (Non-Hispanic)",0,0,"Ontario","Geneva town","New York"
"3606928651",2020,"B17001H_SnrPov","White (Non-Hispanic)",60,29.7365155159374,"Ontario","Geneva town","New York"
"3606928651",2020,"B17001I_SnrPov","Hispanic or Latino (Any Race)",0,0,"Ontario","Geneva town","New York"
"3606928651",2021,"B17001B_SnrPov","Black (Non-Hispanic)",100,321.926021993196,"Ontario","Geneva town","New York"
"3606928651",2021,"B17001C_SnrPov","Native American (Non-Hispanic)",0,0,"Ontario","Geneva town","New York"
"3606928651",2021,"B17001D_SnrPov","Asian (Non-Hispanic)",0,0,"Ontario","Geneva town","New York"
"3606928651",2021,"B17001E_SnrPov","Pacific Islander (Non-Hispanic)",0,0,"Ontario","Geneva town","New York"
"3606928651",2021,"B17001F_SnrPov","Other (Non-Hispanic)",0,0,"Ontario","Geneva town","New York"
"3606928651",2021,"B17001G_SnrPov","Two or More Races (Non-Hispanic)",0,0,"Ontario","Geneva town","New York"
"3606928651",2021,"B17001H_SnrPov","White (Non-Hispanic)",62.2377622377622,25.8910202972041,"Ontario","Geneva town","New York"
"3606928651",2021,"B17001I_SnrPov","Hispanic or Latino (Any Race)",0,0,"Ontario","Geneva town","New York"
"3606928651",2022,"B17001B_SnrPov","Black (Non-Hispanic)",100,430.842198490352,"Ontario","Geneva town","New York"
"3606928651",2022,"B17001C_SnrPov","Native American (Non-Hispanic)",0,0,"Ontario","Geneva town","New York"
"3606928651",2022,"B17001D_SnrPov","Asian (Non-Hispanic)",0,0,"Ontario","Geneva town","New York"
"3606928651",2022,"B17001E_SnrPov","Pacific Islander (Non-Hispanic)",0,0,"Ontario","Geneva town","New York"
"3606928651",2022,"B17001F_SnrPov","Other (Non-Hispanic)",0,0,"Ontario","Geneva town","New York"
"3606928651",2022,"B17001G_SnrPov","Two or More Races (Non-Hispanic)",0,0,"Ontario","Geneva town","New York"
"3606928651",2022,"B17001H_SnrPov","White (Non-Hispanic)",63.9175257731959,27.9719834840253,"Ontario","Geneva town","New York"
"3606928651",2022,"B17001I_SnrPov","Hispanic or Latino (Any Race)",0,0,"Ontario","Geneva town","New York"
"3606928651",2023,"B17001B_SnrPov","Black (Non-Hispanic)",36.6666666666667,49.4349553940814,"Ontario","Geneva town","New York"
"3606928651",2023,"B17001C_SnrPov","Native American (Non-Hispanic)",0,0,"Ontario","Geneva town","New York"
"3606928651",2023,"B17001D_SnrPov","Asian (Non-Hispanic)",0,0,"Ontario","Geneva town","New York"
"3606928651",2023,"B17001E_SnrPov","Pacific Islander (Non-Hispanic)",0,0,"Ontario","Geneva town","New York"
"3606928651",2023,"B17001F_SnrPov","Other (Non-Hispanic)",100,320.156211871642,"Ontario","Geneva town","New York"
"3606928651",2023,"B17001G_SnrPov","Two or More Races (Non-Hispanic)",0,96.7619805834223,"Ontario","Geneva town","New York"
"3606928651",2023,"B17001H_SnrPov","White (Non-Hispanic)",60,26.1373602339639,"Ontario","Geneva town","New York"
"3606928651",2023,"B17001I_SnrPov","Hispanic or Latino (Any Race)",38.7096774193548,56.3339812219773,"Ontario","Geneva town","New York"
"3606928651",2024,"B17001B_SnrPov","Black (Non-Hispanic)",44.4444444444444,44.3468149239984,"Ontario","Geneva town","New York"
"3606928651",2024,"B17001C_SnrPov","Native American (Non-Hispanic)",0,0,"Ontario","Geneva town","New York"
"3606928651",2024,"B17001D_SnrPov","Asian (Non-Hispanic)",0,0,"Ontario","Geneva town","New York"
"3606928651",2024,"B17001E_SnrPov","Pacific Islander (Non-Hispanic)",0,0,"Ontario","Geneva town","New York"
"3606928651",2024,"B17001F_SnrPov","Other (Non-Hispanic)",100,236.6272143337,"Ontario","Geneva town","New York"
"3606928651",2024,"B17001G_SnrPov","Two or More Races (Non-Hispanic)",0,82.4957911384305,"Ontario","Geneva town","New York"
"3606928651",2024,"B17001H_SnrPov","White (Non-Hispanic)",71.4285714285714,46.1968049394222,"Ontario","Geneva town","New York"
"3606928651",2024,"B17001I_SnrPov","Hispanic or Latino (Any Race)",48.936170212766,52.225119695414,"Ontario","Geneva town","New York"
"3606929531",2017,"B17001B_SnrPov","Black (Non-Hispanic)",0,518.544972870135,"Ontario","Gorham town","New York"
"3606929531",2017,"B17001C_SnrPov","Native American (Non-Hispanic)",0,0,"Ontario","Gorham town","New York"
"3606929531",2017,"B17001D_SnrPov","Asian (Non-Hispanic)",0,0,"Ontario","Gorham town","New York"
"3606929531",2017,"B17001E_SnrPov","Pacific Islander (Non-Hispanic)",0,0,"Ontario","Gorham town","New York"
"3606929531",2017,"B17001F_SnrPov","Other (Non-Hispanic)",0,0,"Ontario","Gorham town","New York"
"3606929531",2017,"B17001G_SnrPov","Two or More Races (Non-Hispanic)",0,0,"Ontario","Gorham town","New York"
"3606929531",2017,"B17001H_SnrPov","White (Non-Hispanic)",81.7204301075269,22.7301311419023,"Ontario","Gorham town","New York"
"3606929531",2017,"B17001I_SnrPov","Hispanic or Latino (Any Race)",0,155.56349186104,"Ontario","Gorham town","New York"
"3606929531",2018,"B17001B_SnrPov","Black (Non-Hispanic)",0,565.685424949238,"Ontario","Gorham town","New York"
"3606929531",2018,"B17001C_SnrPov","Native American (Non-Hispanic)",0,0,"Ontario","Gorham town","New York"
"3606929531",2018,"B17001D_SnrPov","Asian (Non-Hispanic)",0,0,"Ontario","Gorham town","New York"
"3606929531",2018,"B17001E_SnrPov","Pacific Islander (Non-Hispanic)",0,0,"Ontario","Gorham town","New York"
"3606929531",2018,"B17001F_SnrPov","Other (Non-Hispanic)",0,0,"Ontario","Gorham town","New York"
"3606929531",2018,"B17001G_SnrPov","Two or More Races (Non-Hispanic)",0,0,"Ontario","Gorham town","New York"
"3606929531",2018,"B17001H_SnrPov","White (Non-Hispanic)",70.3703703703704,20.3901794101778,"Ontario","Gorham town","New York"
"3606929531",2018,"B17001I_SnrPov","Hispanic or Latino (Any Race)",0,242.436610692531,"Ontario","Gorham town","New York"
"3606929531",2019,"B17001B_SnrPov","Black (Non-Hispanic)",0,424.264068711928,"Ontario","Gorham town","New York"
"3606929531",2019,"B17001C_SnrPov","Native American (Non-Hispanic)",0,0,"Ontario","Gorham town","New York"
"3606929531",2019,"B17001D_SnrPov","Asian (Non-Hispanic)",0,0,"Ontario","Gorham town","New York"
"3606929531",2019,"B17001E_SnrPov","Pacific Islander (Non-Hispanic)",0,0,"Ontario","Gorham town","New York"
"3606929531",2019,"B17001F_SnrPov","Other (Non-Hispanic)",0,0,"Ontario","Gorham town","New York"
"3606929531",2019,"B17001G_SnrPov","Two or More Races (Non-Hispanic)",0,0,"Ontario","Gorham town","New York"
"3606929531",2019,"B17001H_SnrPov","White (Non-Hispanic)",63.7362637362637,22.4924079970406,"Ontario","Gorham town","New York"
"3606929531",2019,"B17001I_SnrPov","Hispanic or Latino (Any Race)",0,242.436610692531,"Ontario","Gorham town","New York"
"3606929531",2020,"B17001B_SnrPov","Black (Non-Hispanic)",0,0,"Ontario","Gorham town","New York"
"3606929531",2020,"B17001C_SnrPov","Native American (Non-Hispanic)",0,0,"Ontario","Gorham town","New York"
"3606929531",2020,"B17001D_SnrPov","Asian (Non-Hispanic)",0,0,"Ontario","Gorham town","New York"
"3606929531",2020,"B17001E_SnrPov","Pacific Islander (Non-Hispanic)",0,0,"Ontario","Gorham town","New York"
"3606929531",2020,"B17001F_SnrPov","Other (Non-Hispanic)",0,0,"Ontario","Gorham town","New York"
"3606929531",2020,"B17001G_SnrPov","Two or More Races (Non-Hispanic)",0,0,"Ontario","Gorham town","New York"
"3606929531",2020,"B17001H_SnrPov","White (Non-Hispanic)",66.2921348314607,23.6188723133258,"Ontario","Gorham town","New York"
"3606929531",2020,"B17001I_SnrPov","Hispanic or Latino (Any Race)",0,212.132034355964,"Ontario","Gorham town","New York"
"3606929531",2021,"B17001B_SnrPov","Black (Non-Hispanic)",100,1391.04277432436,"Ontario","Gorham town","New York"
"3606929531",2021,"B17001C_SnrPov","Native American (Non-Hispanic)",0,0,"Ontario","Gorham town","New York"
"3606929531",2021,"B17001D_SnrPov","Asian (Non-Hispanic)",0,0,"Ontario","Gorham town","New York"
"3606929531",2021,"B17001E_SnrPov","Pacific Islander (Non-Hispanic)",0,0,"Ontario","Gorham town","New York"
"3606929531",2021,"B17001F_SnrPov","Other (Non-Hispanic)",0,0,"Ontario","Gorham town","New York"
"3606929531",2021,"B17001G_SnrPov","Two or More Races (Non-Hispanic)",0,0,"Ontario","Gorham town","New York"
"3606929531",2021,"B17001H_SnrPov","White (Non-Hispanic)",68.1159420289855,24.5629256889426,"Ontario","Gorham town","New York"
"3606929531",2021,"B17001I_SnrPov","Hispanic or Latino (Any Race)",0,459.619407771256,"Ontario","Gorham town","New York"
"3606929531",2022,"B17001B_SnrPov","Black (Non-Hispanic)",100,945.163125250522,"Ontario","Gorham town","New York"
"3606929531",2022,"B17001C_SnrPov","Native American (Non-Hispanic)",0,0,"Ontario","Gorham town","New York"
"3606929531",2022,"B17001D_SnrPov","Asian (Non-Hispanic)",0,0,"Ontario","Gorham town","New York"
"3606929531",2022,"B17001E_SnrPov","Pacific Islander (Non-Hispanic)",0,0,"Ontario","Gorham town","New York"
"3606929531",2022,"B17001F_SnrPov","Other (Non-Hispanic)",0,0,"Ontario","Gorham town","New York"
"3606929531",2022,"B17001G_SnrPov","Two or More Races (Non-Hispanic)",0,0,"Ontario","Gorham town","New York"
"3606929531",2022,"B17001H_SnrPov","White (Non-Hispanic)",56.0606060606061,27.2995067684337,"Ontario","Gorham town","New York"
"3606929531",2022,"B17001I_SnrPov","Hispanic or Latino (Any Race)",0,0,"Ontario","Gorham town","New York"
"3606929531",2023,"B17001B_SnrPov","Black (Non-Hispanic)",100,945.163125250522,"Ontario","Gorham town","New York"
"3606929531",2023,"B17001C_SnrPov","Native American (Non-Hispanic)",0,0,"Ontario","Gorham town","New York"
"3606929531",2023,"B17001D_SnrPov","Asian (Non-Hispanic)",0,0,"Ontario","Gorham town","New York"
"3606929531",2023,"B17001E_SnrPov","Pacific Islander (Non-Hispanic)",0,0,"Ontario","Gorham town","New York"
"3606929531",2023,"B17001F_SnrPov","Other (Non-Hispanic)",0,0,"Ontario","Gorham town","New York"
"3606929531",2023,"B17001G_SnrPov","Two or More Races (Non-Hispanic)",0,0,"Ontario","Gorham town","New York"
"3606929531",2023,"B17001H_SnrPov","White (Non-Hispanic)",57.8947368421053,33.2963528007019,"Ontario","Gorham town","New York"
"3606929531",2023,"B17001I_SnrPov","Hispanic or Latino (Any Race)",0,0,"Ontario","Gorham town","New York"
"3606929531",2024,"B17001B_SnrPov","Black (Non-Hispanic)",60,179.421291936046,"Ontario","Gorham town","New York"
"3606929531",2024,"B17001C_SnrPov","Native American (Non-Hispanic)",0,0,"Ontario","Gorham town","New York"
"3606929531",2024,"B17001D_SnrPov","Asian (Non-Hispanic)",0,0,"Ontario","Gorham town","New York"
"3606929531",2024,"B17001E_SnrPov","Pacific Islander (Non-Hispanic)",0,0,"Ontario","Gorham town","New York"
"3606929531",2024,"B17001F_SnrPov","Other (Non-Hispanic)",0,0,"Ontario","Gorham town","New York"
"3606929531",2024,"B17001G_SnrPov","Two or More Races (Non-Hispanic)",0,0,"Ontario","Gorham town","New York"
"3606929531",2024,"B17001H_SnrPov","White (Non-Hispanic)",71.6666666666667,28.4617189298968,"Ontario","Gorham town","New York"
"3606929531",2024,"B17001I_SnrPov","Hispanic or Latino (Any Race)",0,0,"Ontario","Gorham town","New York"
"3606935551",2017,"B17001B_SnrPov","Black (Non-Hispanic)",0,0,"Ontario","Hopewell town","New York"
"3606935551",2017,"B17001C_SnrPov","Native American (Non-Hispanic)",0,0,"Ontario","Hopewell town","New York"
"3606935551",2017,"B17001D_SnrPov","Asian (Non-Hispanic)",0,0,"Ontario","Hopewell town","New York"
"3606935551",2017,"B17001E_SnrPov","Pacific Islander (Non-Hispanic)",0,0,"Ontario","Hopewell town","New York"
"3606935551",2017,"B17001F_SnrPov","Other (Non-Hispanic)",0,259.272486435067,"Ontario","Hopewell town","New York"
"3606935551",2017,"B17001G_SnrPov","Two or More Races (Non-Hispanic)",0,0,"Ontario","Hopewell town","New York"
"3606935551",2017,"B17001H_SnrPov","White (Non-Hispanic)",21.2765957446809,35.4726326054904,"Ontario","Hopewell town","New York"
"3606935551",2017,"B17001I_SnrPov","Hispanic or Latino (Any Race)",0,259.272486435067,"Ontario","Hopewell town","New York"
"3606935551",2018,"B17001B_SnrPov","Black (Non-Hispanic)",0,0,"Ontario","Hopewell town","New York"
"3606935551",2018,"B17001C_SnrPov","Native American (Non-Hispanic)",0,0,"Ontario","Hopewell town","New York"
"3606935551",2018,"B17001D_SnrPov","Asian (Non-Hispanic)",0,0,"Ontario","Hopewell town","New York"
"3606935551",2018,"B17001E_SnrPov","Pacific Islander (Non-Hispanic)",0,0,"Ontario","Hopewell town","New York"
"3606935551",2018,"B17001F_SnrPov","Other (Non-Hispanic)",0,242.436610692531,"Ontario","Hopewell town","New York"
"3606935551",2018,"B17001G_SnrPov","Two or More Races (Non-Hispanic)",0,0,"Ontario","Hopewell town","New York"
"3606935551",2018,"B17001H_SnrPov","White (Non-Hispanic)",9.375,18.3581917744456,"Ontario","Hopewell town","New York"
"3606935551",2018,"B17001I_SnrPov","Hispanic or Latino (Any Race)",0,242.436610692531,"Ontario","Hopewell town","New York"
"3606935551",2019,"B17001B_SnrPov","Black (Non-Hispanic)",0,0,"Ontario","Hopewell town","New York"
"3606935551",2019,"B17001C_SnrPov","Native American (Non-Hispanic)",0,0,"Ontario","Hopewell town","New York"
"3606935551",2019,"B17001D_SnrPov","Asian (Non-Hispanic)",0,0,"Ontario","Hopewell town","New York"
"3606935551",2019,"B17001E_SnrPov","Pacific Islander (Non-Hispanic)",0,0,"Ontario","Hopewell town","New York"
"3606935551",2019,"B17001F_SnrPov","Other (Non-Hispanic)",0,0,"Ontario","Hopewell town","New York"
"3606935551",2019,"B17001G_SnrPov","Two or More Races (Non-Hispanic)",0,0,"Ontario","Hopewell town","New York"
"3606935551",2019,"B17001H_SnrPov","White (Non-Hispanic)",8.08080808080808,17.331866797129,"Ontario","Hopewell town","New York"
"3606935551",2019,"B17001I_SnrPov","Hispanic or Latino (Any Race)",0,0,"Ontario","Hopewell town","New York"
"3606935551",2020,"B17001B_SnrPov","Black (Non-Hispanic)",0,0,"Ontario","Hopewell town","New York"
"3606935551",2020,"B17001C_SnrPov","Native American (Non-Hispanic)",0,0,"Ontario","Hopewell town","New York"
"3606935551",2020,"B17001D_SnrPov","Asian (Non-Hispanic)",0,0,"Ontario","Hopewell town","New York"
"3606935551",2020,"B17001E_SnrPov","Pacific Islander (Non-Hispanic)",0,0,"Ontario","Hopewell town","New York"
"3606935551",2020,"B17001F_SnrPov","Other (Non-Hispanic)",0,0,"Ontario","Hopewell town","New York"
"3606935551",2020,"B17001G_SnrPov","Two or More Races (Non-Hispanic)",0,0,"Ontario","Hopewell town","New York"
"3606935551",2020,"B17001H_SnrPov","White (Non-Hispanic)",8.86075949367089,19.9730483917879,"Ontario","Hopewell town","New York"
"3606935551",2020,"B17001I_SnrPov","Hispanic or Latino (Any Race)",0,0,"Ontario","Hopewell town","New York"
"3606935551",2021,"B17001B_SnrPov","Black (Non-Hispanic)",0,0,"Ontario","Hopewell town","New York"
"3606935551",2021,"B17001C_SnrPov","Native American (Non-Hispanic)",0,0,"Ontario","Hopewell town","New York"
"3606935551",2021,"B17001D_SnrPov","Asian (Non-Hispanic)",0,0,"Ontario","Hopewell town","New York"
"3606935551",2021,"B17001E_SnrPov","Pacific Islander (Non-Hispanic)",0,0,"Ontario","Hopewell town","New York"
"3606935551",2021,"B17001F_SnrPov","Other (Non-Hispanic)",0,0,"Ontario","Hopewell town","New York"
"3606935551",2021,"B17001G_SnrPov","Two or More Races (Non-Hispanic)",0,0,"Ontario","Hopewell town","New York"
"3606935551",2021,"B17001H_SnrPov","White (Non-Hispanic)",0,30.1389775587709,"Ontario","Hopewell town","New York"
"3606935551",2021,"B17001I_SnrPov","Hispanic or Latino (Any Race)",0,0,"Ontario","Hopewell town","New York"
"3606935551",2022,"B17001B_SnrPov","Black (Non-Hispanic)",0,0,"Ontario","Hopewell town","New York"
"3606935551",2022,"B17001C_SnrPov","Native American (Non-Hispanic)",0,0,"Ontario","Hopewell town","New York"
"3606935551",2022,"B17001D_SnrPov","Asian (Non-Hispanic)",0,0,"Ontario","Hopewell town","New York"
"3606935551",2022,"B17001E_SnrPov","Pacific Islander (Non-Hispanic)",0,0,"Ontario","Hopewell town","New York"
"3606935551",2022,"B17001F_SnrPov","Other (Non-Hispanic)",0,0,"Ontario","Hopewell town","New York"
"3606935551",2022,"B17001G_SnrPov","Two or More Races (Non-Hispanic)",0,0,"Ontario","Hopewell town","New York"
"3606935551",2022,"B17001H_SnrPov","White (Non-Hispanic)",12.1951219512195,23.8983123822011,"Ontario","Hopewell town","New York"
"3606935551",2022,"B17001I_SnrPov","Hispanic or Latino (Any Race)",0,0,"Ontario","Hopewell town","New York"
"3606935551",2023,"B17001B_SnrPov","Black (Non-Hispanic)",0,0,"Ontario","Hopewell town","New York"
"3606935551",2023,"B17001C_SnrPov","Native American (Non-Hispanic)",0,0,"Ontario","Hopewell town","New York"
"3606935551",2023,"B17001D_SnrPov","Asian (Non-Hispanic)",0,0,"Ontario","Hopewell town","New York"
"3606935551",2023,"B17001E_SnrPov","Pacific Islander (Non-Hispanic)",0,0,"Ontario","Hopewell town","New York"
"3606935551",2023,"B17001F_SnrPov","Other (Non-Hispanic)",0,0,"Ontario","Hopewell town","New York"
"3606935551",2023,"B17001G_SnrPov","Two or More Races (Non-Hispanic)",0,0,"Ontario","Hopewell town","New York"
"3606935551",2023,"B17001H_SnrPov","White (Non-Hispanic)",21.7391304347826,42.2704557343479,"Ontario","Hopewell town","New York"
"3606935551",2023,"B17001I_SnrPov","Hispanic or Latino (Any Race)",0,0,"Ontario","Hopewell town","New York"
"3606935551",2024,"B17001B_SnrPov","Black (Non-Hispanic)",0,0,"Ontario","Hopewell town","New York"
"3606935551",2024,"B17001C_SnrPov","Native American (Non-Hispanic)",0,0,"Ontario","Hopewell town","New York"
"3606935551",2024,"B17001D_SnrPov","Asian (Non-Hispanic)",0,0,"Ontario","Hopewell town","New York"
"3606935551",2024,"B17001E_SnrPov","Pacific Islander (Non-Hispanic)",0,0,"Ontario","Hopewell town","New York"
"3606935551",2024,"B17001F_SnrPov","Other (Non-Hispanic)",0,0,"Ontario","Hopewell town","New York"
"3606935551",2024,"B17001G_SnrPov","Two or More Races (Non-Hispanic)",0,0,"Ontario","Hopewell town","New York"
"3606935551",2024,"B17001H_SnrPov","White (Non-Hispanic)",52,33.3736183234602,"Ontario","Hopewell town","New York"
"3606935551",2024,"B17001I_SnrPov","Hispanic or Latino (Any Race)",0,0,"Ontario","Hopewell town","New York"
"3606944864",2017,"B17001B_SnrPov","Black (Non-Hispanic)",0,0,"Ontario","Manchester town","New York"
"3606944864",2017,"B17001C_SnrPov","Native American (Non-Hispanic)",0,0,"Ontario","Manchester town","New York"
"3606944864",2017,"B17001D_SnrPov","Asian (Non-Hispanic)",0,0,"Ontario","Manchester town","New York"
"3606944864",2017,"B17001E_SnrPov","Pacific Islander (Non-Hispanic)",0,0,"Ontario","Manchester town","New York"
"3606944864",2017,"B17001F_SnrPov","Other (Non-Hispanic)",0,0,"Ontario","Manchester town","New York"
"3606944864",2017,"B17001G_SnrPov","Two or More Races (Non-Hispanic)",0,0,"Ontario","Manchester town","New York"
"3606944864",2017,"B17001H_SnrPov","White (Non-Hispanic)",27.4305555555556,10.9743032382851,"Ontario","Manchester town","New York"
"3606944864",2017,"B17001I_SnrPov","Hispanic or Latino (Any Race)",100,1116.54228162961,"Ontario","Manchester town","New York"
"3606944864",2018,"B17001B_SnrPov","Black (Non-Hispanic)",0,240.416305603426,"Ontario","Manchester town","New York"
"3606944864",2018,"B17001C_SnrPov","Native American (Non-Hispanic)",0,0,"Ontario","Manchester town","New York"
"3606944864",2018,"B17001D_SnrPov","Asian (Non-Hispanic)",0,0,"Ontario","Manchester town","New York"
"3606944864",2018,"B17001E_SnrPov","Pacific Islander (Non-Hispanic)",0,0,"Ontario","Manchester town","New York"
"3606944864",2018,"B17001F_SnrPov","Other (Non-Hispanic)",0,0,"Ontario","Manchester town","New York"
"3606944864",2018,"B17001G_SnrPov","Two or More Races (Non-Hispanic)",0,0,"Ontario","Manchester town","New York"
"3606944864",2018,"B17001H_SnrPov","White (Non-Hispanic)",31.4159292035398,11.0445329587992,"Ontario","Manchester town","New York"
"3606944864",2018,"B17001I_SnrPov","Hispanic or Latino (Any Race)",100,1180.39541397505,"Ontario","Manchester town","New York"
"3606944864",2019,"B17001B_SnrPov","Black (Non-Hispanic)",0,267.129228448251,"Ontario","Manchester town","New York"
"3606944864",2019,"B17001C_SnrPov","Native American (Non-Hispanic)",0,0,"Ontario","Manchester town","New York"
"3606944864",2019,"B17001D_SnrPov","Asian (Non-Hispanic)",0,0,"Ontario","Manchester town","New York"
"3606944864",2019,"B17001E_SnrPov","Pacific Islander (Non-Hispanic)",0,0,"Ontario","Manchester town","New York"
"3606944864",2019,"B17001F_SnrPov","Other (Non-Hispanic)",0,0,"Ontario","Manchester town","New York"
"3606944864",2019,"B17001G_SnrPov","Two or More Races (Non-Hispanic)",0,0,"Ontario","Manchester town","New York"
"3606944864",2019,"B17001H_SnrPov","White (Non-Hispanic)",31.3253012048193,12.4487112563637,"Ontario","Manchester town","New York"
"3606944864",2019,"B17001I_SnrPov","Hispanic or Latino (Any Race)",100,623.163969861331,"Ontario","Manchester town","New York"
"3606944864",2020,"B17001B_SnrPov","Black (Non-Hispanic)",0,171.725932573876,"Ontario","Manchester town","New York"
"3606944864",2020,"B17001C_SnrPov","Native American (Non-Hispanic)",0,0,"Ontario","Manchester town","New York"
"3606944864",2020,"B17001D_SnrPov","Asian (Non-Hispanic)",0,0,"Ontario","Manchester town","New York"
"3606944864",2020,"B17001E_SnrPov","Pacific Islander (Non-Hispanic)",0,0,"Ontario","Manchester town","New York"
"3606944864",2020,"B17001F_SnrPov","Other (Non-Hispanic)",0,0,"Ontario","Manchester town","New York"
"3606944864",2020,"B17001G_SnrPov","Two or More Races (Non-Hispanic)",0,0,"Ontario","Manchester town","New York"
"3606944864",2020,"B17001H_SnrPov","White (Non-Hispanic)",45.8128078817734,14.7937572021055,"Ontario","Manchester town","New York"
"3606944864",2020,"B17001I_SnrPov","Hispanic or Latino (Any Race)",100,336.09401017196,"Ontario","Manchester town","New York"
"3606944864",2021,"B17001B_SnrPov","Black (Non-Hispanic)",16.6666666666667,147.555963436518,"Ontario","Manchester town","New York"
"3606944864",2021,"B17001C_SnrPov","Native American (Non-Hispanic)",0,0,"Ontario","Manchester town","New York"
"3606944864",2021,"B17001D_SnrPov","Asian (Non-Hispanic)",0,0,"Ontario","Manchester town","New York"
"3606944864",2021,"B17001E_SnrPov","Pacific Islander (Non-Hispanic)",0,0,"Ontario","Manchester town","New York"
"3606944864",2021,"B17001F_SnrPov","Other (Non-Hispanic)",0,0,"Ontario","Manchester town","New York"
"3606944864",2021,"B17001G_SnrPov","Two or More Races (Non-Hispanic)",0,0,"Ontario","Manchester town","New York"
"3606944864",2021,"B17001H_SnrPov","White (Non-Hispanic)",34.8958333333333,18.1049169402744,"Ontario","Manchester town","New York"
"3606944864",2021,"B17001I_SnrPov","Hispanic or Latino (Any Race)",100,353.409053624371,"Ontario","Manchester town","New York"
"3606944864",2022,"B17001B_SnrPov","Black (Non-Hispanic)",7.69230769230769,149.84089924886,"Ontario","Manchester town","New York"
"3606944864",2022,"B17001C_SnrPov","Native American (Non-Hispanic)",0,0,"Ontario","Manchester town","New York"
"3606944864",2022,"B17001D_SnrPov","Asian (Non-Hispanic)",0,0,"Ontario","Manchester town","New York"
"3606944864",2022,"B17001E_SnrPov","Pacific Islander (Non-Hispanic)",0,0,"Ontario","Manchester town","New York"
"3606944864",2022,"B17001F_SnrPov","Other (Non-Hispanic)",0,0,"Ontario","Manchester town","New York"
"3606944864",2022,"B17001G_SnrPov","Two or More Races (Non-Hispanic)",0,0,"Ontario","Manchester town","New York"
"3606944864",2022,"B17001H_SnrPov","White (Non-Hispanic)",38.5650224215247,16.8086839927214,"Ontario","Manchester town","New York"
"3606944864",2022,"B17001I_SnrPov","Hispanic or Latino (Any Race)",0,0,"Ontario","Manchester town","New York"
"3606944864",2023,"B17001B_SnrPov","Black (Non-Hispanic)",13.6363636363636,88.2124947609542,"Ontario","Manchester town","New York"
"3606944864",2023,"B17001C_SnrPov","Native American (Non-Hispanic)",0,0,"Ontario","Manchester town","New York"
"3606944864",2023,"B17001D_SnrPov","Asian (Non-Hispanic)",0,0,"Ontario","Manchester town","New York"
"3606944864",2023,"B17001E_SnrPov","Pacific Islander (Non-Hispanic)",0,0,"Ontario","Manchester town","New York"
"3606944864",2023,"B17001F_SnrPov","Other (Non-Hispanic)",0,0,"Ontario","Manchester town","New York"
"3606944864",2023,"B17001G_SnrPov","Two or More Races (Non-Hispanic)",75,69.3784408556113,"Ontario","Manchester town","New York"
"3606944864",2023,"B17001H_SnrPov","White (Non-Hispanic)",31.8777292576419,12.5293885699534,"Ontario","Manchester town","New York"
"3606944864",2023,"B17001I_SnrPov","Hispanic or Latino (Any Race)",100,310.614683299875,"Ontario","Manchester town","New York"
"3606944864",2024,"B17001B_SnrPov","Black (Non-Hispanic)",57.8947368421053,57.5147572311734,"Ontario","Manchester town","New York"
"3606944864",2024,"B17001C_SnrPov","Native American (Non-Hispanic)",0,0,"Ontario","Manchester town","New York"
"3606944864",2024,"B17001D_SnrPov","Asian (Non-Hispanic)",0,0,"Ontario","Manchester town","New York"
"3606944864",2024,"B17001E_SnrPov","Pacific Islander (Non-Hispanic)",0,0,"Ontario","Manchester town","New York"
"3606944864",2024,"B17001F_SnrPov","Other (Non-Hispanic)",0,0,"Ontario","Manchester town","New York"
"3606944864",2024,"B17001G_SnrPov","Two or More Races (Non-Hispanic)",63.3333333333333,94.4343785485554,"Ontario","Manchester town","New York"
"3606944864",2024,"B17001H_SnrPov","White (Non-Hispanic)",31.1111111111111,13.5327744889244,"Ontario","Manchester town","New York"
"3606944864",2024,"B17001I_SnrPov","Hispanic or Latino (Any Race)",100,316.752916280654,"Ontario","Manchester town","New York"
"3606949440",2017,"B17001B_SnrPov","Black (Non-Hispanic)",0,0,"Ontario","Naples town","New York"
"3606949440",2017,"B17001C_SnrPov","Native American (Non-Hispanic)",0,0,"Ontario","Naples town","New York"
"3606949440",2017,"B17001D_SnrPov","Asian (Non-Hispanic)",0,0,"Ontario","Naples town","New York"
"3606949440",2017,"B17001E_SnrPov","Pacific Islander (Non-Hispanic)",0,0,"Ontario","Naples town","New York"
"3606949440",2017,"B17001F_SnrPov","Other (Non-Hispanic)",0,0,"Ontario","Naples town","New York"
"3606949440",2017,"B17001G_SnrPov","Two or More Races (Non-Hispanic)",0,0,"Ontario","Naples town","New York"
"3606949440",2017,"B17001H_SnrPov","White (Non-Hispanic)",41.4634146341463,27.0945662063129,"Ontario","Naples town","New York"
"3606949440",2017,"B17001I_SnrPov","Hispanic or Latino (Any Race)",0,388.908729652601,"Ontario","Naples town","New York"
"3606949440",2018,"B17001B_SnrPov","Black (Non-Hispanic)",0,0,"Ontario","Naples town","New York"
"3606949440",2018,"B17001C_SnrPov","Native American (Non-Hispanic)",0,0,"Ontario","Naples town","New York"
"3606949440",2018,"B17001D_SnrPov","Asian (Non-Hispanic)",0,0,"Ontario","Naples town","New York"
"3606949440",2018,"B17001E_SnrPov","Pacific Islander (Non-Hispanic)",0,0,"Ontario","Naples town","New York"
"3606949440",2018,"B17001F_SnrPov","Other (Non-Hispanic)",0,0,"Ontario","Naples town","New York"
"3606949440",2018,"B17001G_SnrPov","Two or More Races (Non-Hispanic)",0,0,"Ontario","Naples town","New York"
"3606949440",2018,"B17001H_SnrPov","White (Non-Hispanic)",36.6197183098592,29.2222175414724,"Ontario","Naples town","New York"
"3606949440",2018,"B17001I_SnrPov","Hispanic or Latino (Any Race)",0,565.685424949238,"Ontario","Naples town","New York"
"3606949440",2019,"B17001B_SnrPov","Black (Non-Hispanic)",0,0,"Ontario","Naples town","New York"
"3606949440",2019,"B17001C_SnrPov","Native American (Non-Hispanic)",0,0,"Ontario","Naples town","New York"
"3606949440",2019,"B17001D_SnrPov","Asian (Non-Hispanic)",0,0,"Ontario","Naples town","New York"
"3606949440",2019,"B17001E_SnrPov","Pacific Islander (Non-Hispanic)",0,0,"Ontario","Naples town","New York"
"3606949440",2019,"B17001F_SnrPov","Other (Non-Hispanic)",0,0,"Ontario","Naples town","New York"
"3606949440",2019,"B17001G_SnrPov","Two or More Races (Non-Hispanic)",0,0,"Ontario","Naples town","New York"
"3606949440",2019,"B17001H_SnrPov","White (Non-Hispanic)",29.4117647058824,23.5138229451083,"Ontario","Naples town","New York"
"3606949440",2019,"B17001I_SnrPov","Hispanic or Latino (Any Race)",0,565.685424949238,"Ontario","Naples town","New York"
"3606949440",2020,"B17001B_SnrPov","Black (Non-Hispanic)",0,0,"Ontario","Naples town","New York"
"3606949440",2020,"B17001C_SnrPov","Native American (Non-Hispanic)",0,0,"Ontario","Naples town","New York"
"3606949440",2020,"B17001D_SnrPov","Asian (Non-Hispanic)",0,0,"Ontario","Naples town","New York"
"3606949440",2020,"B17001E_SnrPov","Pacific Islander (Non-Hispanic)",0,0,"Ontario","Naples town","New York"
"3606949440",2020,"B17001F_SnrPov","Other (Non-Hispanic)",0,0,"Ontario","Naples town","New York"
"3606949440",2020,"B17001G_SnrPov","Two or More Races (Non-Hispanic)",0,0,"Ontario","Naples town","New York"
"3606949440",2020,"B17001H_SnrPov","White (Non-Hispanic)",36.8932038834951,19.2957463797428,"Ontario","Naples town","New York"
"3606949440",2020,"B17001I_SnrPov","Hispanic or Latino (Any Race)",0,565.685424949238,"Ontario","Naples town","New York"
"3606949440",2021,"B17001B_SnrPov","Black (Non-Hispanic)",0,0,"Ontario","Naples town","New York"
"3606949440",2021,"B17001C_SnrPov","Native American (Non-Hispanic)",0,0,"Ontario","Naples town","New York"
"3606949440",2021,"B17001D_SnrPov","Asian (Non-Hispanic)",0,0,"Ontario","Naples town","New York"
"3606949440",2021,"B17001E_SnrPov","Pacific Islander (Non-Hispanic)",0,0,"Ontario","Naples town","New York"
"3606949440",2021,"B17001F_SnrPov","Other (Non-Hispanic)",0,0,"Ontario","Naples town","New York"
"3606949440",2021,"B17001G_SnrPov","Two or More Races (Non-Hispanic)",0,0,"Ontario","Naples town","New York"
"3606949440",2021,"B17001H_SnrPov","White (Non-Hispanic)",48.3516483516484,24.7173017659536,"Ontario","Naples town","New York"
"3606949440",2021,"B17001I_SnrPov","Hispanic or Latino (Any Race)",0,612.825877028341,"Ontario","Naples town","New York"
"3606949440",2022,"B17001B_SnrPov","Black (Non-Hispanic)",0,0,"Ontario","Naples town","New York"
"3606949440",2022,"B17001C_SnrPov","Native American (Non-Hispanic)",0,0,"Ontario","Naples town","New York"
"3606949440",2022,"B17001D_SnrPov","Asian (Non-Hispanic)",0,0,"Ontario","Naples town","New York"
"3606949440",2022,"B17001E_SnrPov","Pacific Islander (Non-Hispanic)",0,0,"Ontario","Naples town","New York"
"3606949440",2022,"B17001F_SnrPov","Other (Non-Hispanic)",0,0,"Ontario","Naples town","New York"
"3606949440",2022,"B17001G_SnrPov","Two or More Races (Non-Hispanic)",0,0,"Ontario","Naples town","New York"
"3606949440",2022,"B17001H_SnrPov","White (Non-Hispanic)",37.3626373626374,22.9888434039166,"Ontario","Naples town","New York"
"3606949440",2022,"B17001I_SnrPov","Hispanic or Latino (Any Race)",0,0,"Ontario","Naples town","New York"
"3606949440",2023,"B17001B_SnrPov","Black (Non-Hispanic)",0,0,"Ontario","Naples town","New York"
"3606949440",2023,"B17001C_SnrPov","Native American (Non-Hispanic)",0,0,"Ontario","Naples town","New York"
"3606949440",2023,"B17001D_SnrPov","Asian (Non-Hispanic)",0,0,"Ontario","Naples town","New York"
"3606949440",2023,"B17001E_SnrPov","Pacific Islander (Non-Hispanic)",0,0,"Ontario","Naples town","New York"
"3606949440",2023,"B17001F_SnrPov","Other (Non-Hispanic)",0,0,"Ontario","Naples town","New York"
"3606949440",2023,"B17001G_SnrPov","Two or More Races (Non-Hispanic)",0,0,"Ontario","Naples town","New York"
"3606949440",2023,"B17001H_SnrPov","White (Non-Hispanic)",33.6,18.6164031241269,"Ontario","Naples town","New York"
"3606949440",2023,"B17001I_SnrPov","Hispanic or Latino (Any Race)",0,0,"Ontario","Naples town","New York"
"3606949440",2024,"B17001B_SnrPov","Black (Non-Hispanic)",0,0,"Ontario","Naples town","New York"
"3606949440",2024,"B17001C_SnrPov","Native American (Non-Hispanic)",0,0,"Ontario","Naples town","New York"
"3606949440",2024,"B17001D_SnrPov","Asian (Non-Hispanic)",0,0,"Ontario","Naples town","New York"
"3606949440",2024,"B17001E_SnrPov","Pacific Islander (Non-Hispanic)",0,0,"Ontario","Naples town","New York"
"3606949440",2024,"B17001F_SnrPov","Other (Non-Hispanic)",0,0,"Ontario","Naples town","New York"
"3606949440",2024,"B17001G_SnrPov","Two or More Races (Non-Hispanic)",0,0,"Ontario","Naples town","New York"
"3606949440",2024,"B17001H_SnrPov","White (Non-Hispanic)",36.5853658536585,18.119442966331,"Ontario","Naples town","New York"
"3606949440",2024,"B17001I_SnrPov","Hispanic or Latino (Any Race)",0,0,"Ontario","Naples town","New York"
"3606957529",2017,"B17001B_SnrPov","Black (Non-Hispanic)",0,0,"Ontario","Phelps town","New York"
"3606957529",2017,"B17001C_SnrPov","Native American (Non-Hispanic)",0,0,"Ontario","Phelps town","New York"
"3606957529",2017,"B17001D_SnrPov","Asian (Non-Hispanic)",0,0,"Ontario","Phelps town","New York"
"3606957529",2017,"B17001E_SnrPov","Pacific Islander (Non-Hispanic)",0,0,"Ontario","Phelps town","New York"
"3606957529",2017,"B17001F_SnrPov","Other (Non-Hispanic)",0,0,"Ontario","Phelps town","New York"
"3606957529",2017,"B17001G_SnrPov","Two or More Races (Non-Hispanic)",0,0,"Ontario","Phelps town","New York"
"3606957529",2017,"B17001H_SnrPov","White (Non-Hispanic)",44.7058823529412,27.0931383581709,"Ontario","Phelps town","New York"
"3606957529",2017,"B17001I_SnrPov","Hispanic or Latino (Any Race)",0,0,"Ontario","Phelps town","New York"
"3606957529",2018,"B17001B_SnrPov","Black (Non-Hispanic)",0,0,"Ontario","Phelps town","New York"
"3606957529",2018,"B17001C_SnrPov","Native American (Non-Hispanic)",0,0,"Ontario","Phelps town","New York"
"3606957529",2018,"B17001D_SnrPov","Asian (Non-Hispanic)",0,0,"Ontario","Phelps town","New York"
"3606957529",2018,"B17001E_SnrPov","Pacific Islander (Non-Hispanic)",0,0,"Ontario","Phelps town","New York"
"3606957529",2018,"B17001F_SnrPov","Other (Non-Hispanic)",0,0,"Ontario","Phelps town","New York"
"3606957529",2018,"B17001G_SnrPov","Two or More Races (Non-Hispanic)",0,0,"Ontario","Phelps town","New York"
"3606957529",2018,"B17001H_SnrPov","White (Non-Hispanic)",37.0786516853933,27.724999622146,"Ontario","Phelps town","New York"
"3606957529",2018,"B17001I_SnrPov","Hispanic or Latino (Any Race)",0,0,"Ontario","Phelps town","New York"
"3606957529",2019,"B17001B_SnrPov","Black (Non-Hispanic)",0,0,"Ontario","Phelps town","New York"
"3606957529",2019,"B17001C_SnrPov","Native American (Non-Hispanic)",0,0,"Ontario","Phelps town","New York"
"3606957529",2019,"B17001D_SnrPov","Asian (Non-Hispanic)",0,0,"Ontario","Phelps town","New York"
"3606957529",2019,"B17001E_SnrPov","Pacific Islander (Non-Hispanic)",0,0,"Ontario","Phelps town","New York"
"3606957529",2019,"B17001F_SnrPov","Other (Non-Hispanic)",0,0,"Ontario","Phelps town","New York"
"3606957529",2019,"B17001G_SnrPov","Two or More Races (Non-Hispanic)",0,0,"Ontario","Phelps town","New York"
"3606957529",2019,"B17001H_SnrPov","White (Non-Hispanic)",39.5348837209302,27.8601779948385,"Ontario","Phelps town","New York"
"3606957529",2019,"B17001I_SnrPov","Hispanic or Latino (Any Race)",0,0,"Ontario","Phelps town","New York"
"3606957529",2020,"B17001B_SnrPov","Black (Non-Hispanic)",0,0,"Ontario","Phelps town","New York"
"3606957529",2020,"B17001C_SnrPov","Native American (Non-Hispanic)",0,0,"Ontario","Phelps town","New York"
"3606957529",2020,"B17001D_SnrPov","Asian (Non-Hispanic)",0,0,"Ontario","Phelps town","New York"
"3606957529",2020,"B17001E_SnrPov","Pacific Islander (Non-Hispanic)",0,0,"Ontario","Phelps town","New York"
"3606957529",2020,"B17001F_SnrPov","Other (Non-Hispanic)",0,0,"Ontario","Phelps town","New York"
"3606957529",2020,"B17001G_SnrPov","Two or More Races (Non-Hispanic)",0,0,"Ontario","Phelps town","New York"
"3606957529",2020,"B17001H_SnrPov","White (Non-Hispanic)",81.5533980582524,44.6164667957459,"Ontario","Phelps town","New York"
"3606957529",2020,"B17001I_SnrPov","Hispanic or Latino (Any Race)",0,0,"Ontario","Phelps town","New York"
"3606957529",2021,"B17001B_SnrPov","Black (Non-Hispanic)",100,1244.54364683963,"Ontario","Phelps town","New York"
"3606957529",2021,"B17001C_SnrPov","Native American (Non-Hispanic)",0,0,"Ontario","Phelps town","New York"
"3606957529",2021,"B17001D_SnrPov","Asian (Non-Hispanic)",0,0,"Ontario","Phelps town","New York"
"3606957529",2021,"B17001E_SnrPov","Pacific Islander (Non-Hispanic)",0,0,"Ontario","Phelps town","New York"
"3606957529",2021,"B17001F_SnrPov","Other (Non-Hispanic)",0,0,"Ontario","Phelps town","New York"
"3606957529",2021,"B17001G_SnrPov","Two or More Races (Non-Hispanic)",0,0,"Ontario","Phelps town","New York"
"3606957529",2021,"B17001H_SnrPov","White (Non-Hispanic)",74.2857142857143,42.9654952516594,"Ontario","Phelps town","New York"
"3606957529",2021,"B17001I_SnrPov","Hispanic or Latino (Any Race)",0,0,"Ontario","Phelps town","New York"
"3606957529",2022,"B17001B_SnrPov","Black (Non-Hispanic)",100,1946.79223339318,"Ontario","Phelps town","New York"
"3606957529",2022,"B17001C_SnrPov","Native American (Non-Hispanic)",0,0,"Ontario","Phelps town","New York"
"3606957529",2022,"B17001D_SnrPov","Asian (Non-Hispanic)",0,0,"Ontario","Phelps town","New York"
"3606957529",2022,"B17001E_SnrPov","Pacific Islander (Non-Hispanic)",0,0,"Ontario","Phelps town","New York"
"3606957529",2022,"B17001F_SnrPov","Other (Non-Hispanic)",0,0,"Ontario","Phelps town","New York"
"3606957529",2022,"B17001G_SnrPov","Two or More Races (Non-Hispanic)",0,0,"Ontario","Phelps town","New York"
"3606957529",2022,"B17001H_SnrPov","White (Non-Hispanic)",70.1923076923077,43.9186837629004,"Ontario","Phelps town","New York"
"3606957529",2022,"B17001I_SnrPov","Hispanic or Latino (Any Race)",0,0,"Ontario","Phelps town","New York"
"3606957529",2023,"B17001B_SnrPov","Black (Non-Hispanic)",100,3841.87454245971,"Ontario","Phelps town","New York"
"3606957529",2023,"B17001C_SnrPov","Native American (Non-Hispanic)",0,0,"Ontario","Phelps town","New York"
"3606957529",2023,"B17001D_SnrPov","Asian (Non-Hispanic)",0,0,"Ontario","Phelps town","New York"
"3606957529",2023,"B17001E_SnrPov","Pacific Islander (Non-Hispanic)",0,0,"Ontario","Phelps town","New York"
"3606957529",2023,"B17001F_SnrPov","Other (Non-Hispanic)",0,0,"Ontario","Phelps town","New York"
"3606957529",2023,"B17001G_SnrPov","Two or More Races (Non-Hispanic)",0,0,"Ontario","Phelps town","New York"
"3606957529",2023,"B17001H_SnrPov","White (Non-Hispanic)",57.6923076923077,28.4622927903144,"Ontario","Phelps town","New York"
"3606957529",2023,"B17001I_SnrPov","Hispanic or Latino (Any Race)",0,0,"Ontario","Phelps town","New York"
"3606957529",2024,"B17001B_SnrPov","Black (Non-Hispanic)",100,2027.31349327133,"Ontario","Phelps town","New York"
"3606957529",2024,"B17001C_SnrPov","Native American (Non-Hispanic)",0,0,"Ontario","Phelps town","New York"
"3606957529",2024,"B17001D_SnrPov","Asian (Non-Hispanic)",0,0,"Ontario","Phelps town","New York"
"3606957529",2024,"B17001E_SnrPov","Pacific Islander (Non-Hispanic)",0,0,"Ontario","Phelps town","New York"
"3606957529",2024,"B17001F_SnrPov","Other (Non-Hispanic)",0,0,"Ontario","Phelps town","New York"
"3606957529",2024,"B17001G_SnrPov","Two or More Races (Non-Hispanic)",0,0,"Ontario","Phelps town","New York"
"3606957529",2024,"B17001H_SnrPov","White (Non-Hispanic)",52.6315789473684,30.3397133738475,"Ontario","Phelps town","New York"
"3606957529",2024,"B17001I_SnrPov","Hispanic or Latino (Any Race)",0,0,"Ontario","Phelps town","New York"
"3606961544",2017,"B17001B_SnrPov","Black (Non-Hispanic)",0,0,"Ontario","Richmond town","New York"
"3606961544",2017,"B17001C_SnrPov","Native American (Non-Hispanic)",0,0,"Ontario","Richmond town","New York"
"3606961544",2017,"B17001D_SnrPov","Asian (Non-Hispanic)",0,0,"Ontario","Richmond town","New York"
"3606961544",2017,"B17001E_SnrPov","Pacific Islander (Non-Hispanic)",0,0,"Ontario","Richmond town","New York"
"3606961544",2017,"B17001F_SnrPov","Other (Non-Hispanic)",0,0,"Ontario","Richmond town","New York"
"3606961544",2017,"B17001G_SnrPov","Two or More Races (Non-Hispanic)",0,0,"Ontario","Richmond town","New York"
"3606961544",2017,"B17001H_SnrPov","White (Non-Hispanic)",45.8333333333333,33.37008487104,"Ontario","Richmond town","New York"
"3606961544",2017,"B17001I_SnrPov","Hispanic or Latino (Any Race)",0,0,"Ontario","Richmond town","New York"
"3606961544",2018,"B17001B_SnrPov","Black (Non-Hispanic)",0,0,"Ontario","Richmond town","New York"
"3606961544",2018,"B17001C_SnrPov","Native American (Non-Hispanic)",0,0,"Ontario","Richmond town","New York"
"3606961544",2018,"B17001D_SnrPov","Asian (Non-Hispanic)",0,0,"Ontario","Richmond town","New York"
"3606961544",2018,"B17001E_SnrPov","Pacific Islander (Non-Hispanic)",0,0,"Ontario","Richmond town","New York"
"3606961544",2018,"B17001F_SnrPov","Other (Non-Hispanic)",0,0,"Ontario","Richmond town","New York"
"3606961544",2018,"B17001G_SnrPov","Two or More Races (Non-Hispanic)",0,0,"Ontario","Richmond town","New York"
"3606961544",2018,"B17001H_SnrPov","White (Non-Hispanic)",47.6923076923077,37.9475459803367,"Ontario","Richmond town","New York"
"3606961544",2018,"B17001I_SnrPov","Hispanic or Latino (Any Race)",0,0,"Ontario","Richmond town","New York"
"3606961544",2019,"B17001B_SnrPov","Black (Non-Hispanic)",0,0,"Ontario","Richmond town","New York"
"3606961544",2019,"B17001C_SnrPov","Native American (Non-Hispanic)",0,0,"Ontario","Richmond town","New York"
"3606961544",2019,"B17001D_SnrPov","Asian (Non-Hispanic)",0,0,"Ontario","Richmond town","New York"
"3606961544",2019,"B17001E_SnrPov","Pacific Islander (Non-Hispanic)",0,0,"Ontario","Richmond town","New York"
"3606961544",2019,"B17001F_SnrPov","Other (Non-Hispanic)",0,0,"Ontario","Richmond town","New York"
"3606961544",2019,"B17001G_SnrPov","Two or More Races (Non-Hispanic)",0,0,"Ontario","Richmond town","New York"
"3606961544",2019,"B17001H_SnrPov","White (Non-Hispanic)",41.5584415584416,40.3804951975589,"Ontario","Richmond town","New York"
"3606961544",2019,"B17001I_SnrPov","Hispanic or Latino (Any Race)",0,0,"Ontario","Richmond town","New York"
"3606961544",2020,"B17001B_SnrPov","Black (Non-Hispanic)",0,0,"Ontario","Richmond town","New York"
"3606961544",2020,"B17001C_SnrPov","Native American (Non-Hispanic)",0,0,"Ontario","Richmond town","New York"
"3606961544",2020,"B17001D_SnrPov","Asian (Non-Hispanic)",0,0,"Ontario","Richmond town","New York"
"3606961544",2020,"B17001E_SnrPov","Pacific Islander (Non-Hispanic)",0,0,"Ontario","Richmond town","New York"
"3606961544",2020,"B17001F_SnrPov","Other (Non-Hispanic)",0,0,"Ontario","Richmond town","New York"
"3606961544",2020,"B17001G_SnrPov","Two or More Races (Non-Hispanic)",0,0,"Ontario","Richmond town","New York"
"3606961544",2020,"B17001H_SnrPov","White (Non-Hispanic)",23.0769230769231,34.6404097069362,"Ontario","Richmond town","New York"
"3606961544",2020,"B17001I_SnrPov","Hispanic or Latino (Any Race)",0,0,"Ontario","Richmond town","New York"
"3606961544",2021,"B17001B_SnrPov","Black (Non-Hispanic)",0,0,"Ontario","Richmond town","New York"
"3606961544",2021,"B17001C_SnrPov","Native American (Non-Hispanic)",0,0,"Ontario","Richmond town","New York"
"3606961544",2021,"B17001D_SnrPov","Asian (Non-Hispanic)",0,0,"Ontario","Richmond town","New York"
"3606961544",2021,"B17001E_SnrPov","Pacific Islander (Non-Hispanic)",0,0,"Ontario","Richmond town","New York"
"3606961544",2021,"B17001F_SnrPov","Other (Non-Hispanic)",0,0,"Ontario","Richmond town","New York"
"3606961544",2021,"B17001G_SnrPov","Two or More Races (Non-Hispanic)",0,0,"Ontario","Richmond town","New York"
"3606961544",2021,"B17001H_SnrPov","White (Non-Hispanic)",0,39.9669050235875,"Ontario","Richmond town","New York"
"3606961544",2021,"B17001I_SnrPov","Hispanic or Latino (Any Race)",0,0,"Ontario","Richmond town","New York"
"3606961544",2022,"B17001B_SnrPov","Black (Non-Hispanic)",0,0,"Ontario","Richmond town","New York"
"3606961544",2022,"B17001C_SnrPov","Native American (Non-Hispanic)",0,0,"Ontario","Richmond town","New York"
"3606961544",2022,"B17001D_SnrPov","Asian (Non-Hispanic)",0,0,"Ontario","Richmond town","New York"
"3606961544",2022,"B17001E_SnrPov","Pacific Islander (Non-Hispanic)",0,0,"Ontario","Richmond town","New York"
"3606961544",2022,"B17001F_SnrPov","Other (Non-Hispanic)",0,0,"Ontario","Richmond town","New York"
"3606961544",2022,"B17001G_SnrPov","Two or More Races (Non-Hispanic)",0,0,"Ontario","Richmond town","New York"
"3606961544",2022,"B17001H_SnrPov","White (Non-Hispanic)",0,28.7262129857035,"Ontario","Richmond town","New York"
"3606961544",2022,"B17001I_SnrPov","Hispanic or Latino (Any Race)",0,0,"Ontario","Richmond town","New York"
"3606961544",2023,"B17001B_SnrPov","Black (Non-Hispanic)",0,0,"Ontario","Richmond town","New York"
"3606961544",2023,"B17001C_SnrPov","Native American (Non-Hispanic)",0,0,"Ontario","Richmond town","New York"
"3606961544",2023,"B17001D_SnrPov","Asian (Non-Hispanic)",0,0,"Ontario","Richmond town","New York"
"3606961544",2023,"B17001E_SnrPov","Pacific Islander (Non-Hispanic)",0,0,"Ontario","Richmond town","New York"
"3606961544",2023,"B17001F_SnrPov","Other (Non-Hispanic)",0,0,"Ontario","Richmond town","New York"
"3606961544",2023,"B17001G_SnrPov","Two or More Races (Non-Hispanic)",0,0,"Ontario","Richmond town","New York"
"3606961544",2023,"B17001H_SnrPov","White (Non-Hispanic)",0,23.8763328712341,"Ontario","Richmond town","New York"
"3606961544",2023,"B17001I_SnrPov","Hispanic or Latino (Any Race)",0,0,"Ontario","Richmond town","New York"
"3606961544",2024,"B17001B_SnrPov","Black (Non-Hispanic)",0,0,"Ontario","Richmond town","New York"
"3606961544",2024,"B17001C_SnrPov","Native American (Non-Hispanic)",0,0,"Ontario","Richmond town","New York"
"3606961544",2024,"B17001D_SnrPov","Asian (Non-Hispanic)",0,0,"Ontario","Richmond town","New York"
"3606961544",2024,"B17001E_SnrPov","Pacific Islander (Non-Hispanic)",0,0,"Ontario","Richmond town","New York"
"3606961544",2024,"B17001F_SnrPov","Other (Non-Hispanic)",0,0,"Ontario","Richmond town","New York"
"3606961544",2024,"B17001G_SnrPov","Two or More Races (Non-Hispanic)",0,0,"Ontario","Richmond town","New York"
"3606961544",2024,"B17001H_SnrPov","White (Non-Hispanic)",18.8235294117647,24.2893166952215,"Ontario","Richmond town","New York"
"3606961544",2024,"B17001I_SnrPov","Hispanic or Latino (Any Race)",0,0,"Ontario","Richmond town","New York"
"3606966289",2017,"B17001B_SnrPov","Black (Non-Hispanic)",0,0,"Ontario","Seneca town","New York"
"3606966289",2017,"B17001C_SnrPov","Native American (Non-Hispanic)",0,0,"Ontario","Seneca town","New York"
"3606966289",2017,"B17001D_SnrPov","Asian (Non-Hispanic)",0,0,"Ontario","Seneca town","New York"
"3606966289",2017,"B17001E_SnrPov","Pacific Islander (Non-Hispanic)",0,0,"Ontario","Seneca town","New York"
"3606966289",2017,"B17001F_SnrPov","Other (Non-Hispanic)",0,0,"Ontario","Seneca town","New York"
"3606966289",2017,"B17001G_SnrPov","Two or More Races (Non-Hispanic)",0,0,"Ontario","Seneca town","New York"
"3606966289",2017,"B17001H_SnrPov","White (Non-Hispanic)",64.2857142857143,60.4973830929863,"Ontario","Seneca town","New York"
"3606966289",2017,"B17001I_SnrPov","Hispanic or Latino (Any Race)",0,0,"Ontario","Seneca town","New York"
"3606966289",2018,"B17001B_SnrPov","Black (Non-Hispanic)",0,0,"Ontario","Seneca town","New York"
"3606966289",2018,"B17001C_SnrPov","Native American (Non-Hispanic)",0,0,"Ontario","Seneca town","New York"
"3606966289",2018,"B17001D_SnrPov","Asian (Non-Hispanic)",0,0,"Ontario","Seneca town","New York"
"3606966289",2018,"B17001E_SnrPov","Pacific Islander (Non-Hispanic)",0,0,"Ontario","Seneca town","New York"
"3606966289",2018,"B17001F_SnrPov","Other (Non-Hispanic)",0,0,"Ontario","Seneca town","New York"
"3606966289",2018,"B17001G_SnrPov","Two or More Races (Non-Hispanic)",0,0,"Ontario","Seneca town","New York"
"3606966289",2018,"B17001H_SnrPov","White (Non-Hispanic)",44.4444444444444,132.605466418724,"Ontario","Seneca town","New York"
"3606966289",2018,"B17001I_SnrPov","Hispanic or Latino (Any Race)",0,0,"Ontario","Seneca town","New York"
"3606966289",2019,"B17001B_SnrPov","Black (Non-Hispanic)",0,0,"Ontario","Seneca town","New York"
"3606966289",2019,"B17001C_SnrPov","Native American (Non-Hispanic)",0,0,"Ontario","Seneca town","New York"
"3606966289",2019,"B17001D_SnrPov","Asian (Non-Hispanic)",0,0,"Ontario","Seneca town","New York"
"3606966289",2019,"B17001E_SnrPov","Pacific Islander (Non-Hispanic)",0,0,"Ontario","Seneca town","New York"
"3606966289",2019,"B17001F_SnrPov","Other (Non-Hispanic)",0,0,"Ontario","Seneca town","New York"
"3606966289",2019,"B17001G_SnrPov","Two or More Races (Non-Hispanic)",0,0,"Ontario","Seneca town","New York"
"3606966289",2019,"B17001H_SnrPov","White (Non-Hispanic)",50,143.069039278245,"Ontario","Seneca town","New York"
"3606966289",2019,"B17001I_SnrPov","Hispanic or Latino (Any Race)",0,0,"Ontario","Seneca town","New York"
"3606966289",2020,"B17001B_SnrPov","Black (Non-Hispanic)",0,0,"Ontario","Seneca town","New York"
"3606966289",2020,"B17001C_SnrPov","Native American (Non-Hispanic)",0,0,"Ontario","Seneca town","New York"
"3606966289",2020,"B17001D_SnrPov","Asian (Non-Hispanic)",0,0,"Ontario","Seneca town","New York"
"3606966289",2020,"B17001E_SnrPov","Pacific Islander (Non-Hispanic)",0,0,"Ontario","Seneca town","New York"
"3606966289",2020,"B17001F_SnrPov","Other (Non-Hispanic)",0,0,"Ontario","Seneca town","New York"
"3606966289",2020,"B17001G_SnrPov","Two or More Races (Non-Hispanic)",0,0,"Ontario","Seneca town","New York"
"3606966289",2020,"B17001H_SnrPov","White (Non-Hispanic)",58.3333333333333,54.3400004430267,"Ontario","Seneca town","New York"
"3606966289",2020,"B17001I_SnrPov","Hispanic or Latino (Any Race)",0,0,"Ontario","Seneca town","New York"
"3606966289",2021,"B17001B_SnrPov","Black (Non-Hispanic)",0,0,"Ontario","Seneca town","New York"
"3606966289",2021,"B17001C_SnrPov","Native American (Non-Hispanic)",0,0,"Ontario","Seneca town","New York"
"3606966289",2021,"B17001D_SnrPov","Asian (Non-Hispanic)",0,0,"Ontario","Seneca town","New York"
"3606966289",2021,"B17001E_SnrPov","Pacific Islander (Non-Hispanic)",0,0,"Ontario","Seneca town","New York"
"3606966289",2021,"B17001F_SnrPov","Other (Non-Hispanic)",0,0,"Ontario","Seneca town","New York"
"3606966289",2021,"B17001G_SnrPov","Two or More Races (Non-Hispanic)",0,0,"Ontario","Seneca town","New York"
"3606966289",2021,"B17001H_SnrPov","White (Non-Hispanic)",66.6666666666667,102.120856881202,"Ontario","Seneca town","New York"
"3606966289",2021,"B17001I_SnrPov","Hispanic or Latino (Any Race)",0,0,"Ontario","Seneca town","New York"
"3606966289",2022,"B17001B_SnrPov","Black (Non-Hispanic)",0,0,"Ontario","Seneca town","New York"
"3606966289",2022,"B17001C_SnrPov","Native American (Non-Hispanic)",0,0,"Ontario","Seneca town","New York"
"3606966289",2022,"B17001D_SnrPov","Asian (Non-Hispanic)",0,0,"Ontario","Seneca town","New York"
"3606966289",2022,"B17001E_SnrPov","Pacific Islander (Non-Hispanic)",0,0,"Ontario","Seneca town","New York"
"3606966289",2022,"B17001F_SnrPov","Other (Non-Hispanic)",0,0,"Ontario","Seneca town","New York"
"3606966289",2022,"B17001G_SnrPov","Two or More Races (Non-Hispanic)",0,0,"Ontario","Seneca town","New York"
"3606966289",2022,"B17001H_SnrPov","White (Non-Hispanic)",62.5,22.2210353958248,"Ontario","Seneca town","New York"
"3606966289",2022,"B17001I_SnrPov","Hispanic or Latino (Any Race)",0,0,"Ontario","Seneca town","New York"
"3606966289",2023,"B17001B_SnrPov","Black (Non-Hispanic)",0,0,"Ontario","Seneca town","New York"
"3606966289",2023,"B17001C_SnrPov","Native American (Non-Hispanic)",0,0,"Ontario","Seneca town","New York"
"3606966289",2023,"B17001D_SnrPov","Asian (Non-Hispanic)",0,0,"Ontario","Seneca town","New York"
"3606966289",2023,"B17001E_SnrPov","Pacific Islander (Non-Hispanic)",0,0,"Ontario","Seneca town","New York"
"3606966289",2023,"B17001F_SnrPov","Other (Non-Hispanic)",0,0,"Ontario","Seneca town","New York"
"3606966289",2023,"B17001G_SnrPov","Two or More Races (Non-Hispanic)",0,0,"Ontario","Seneca town","New York"
"3606966289",2023,"B17001H_SnrPov","White (Non-Hispanic)",80,143.368987813497,"Ontario","Seneca town","New York"
"3606966289",2023,"B17001I_SnrPov","Hispanic or Latino (Any Race)",0,0,"Ontario","Seneca town","New York"
"3606966289",2024,"B17001B_SnrPov","Black (Non-Hispanic)",0,0,"Ontario","Seneca town","New York"
"3606966289",2024,"B17001C_SnrPov","Native American (Non-Hispanic)",0,0,"Ontario","Seneca town","New York"
"3606966289",2024,"B17001D_SnrPov","Asian (Non-Hispanic)",0,0,"Ontario","Seneca town","New York"
"3606966289",2024,"B17001E_SnrPov","Pacific Islander (Non-Hispanic)",0,0,"Ontario","Seneca town","New York"
"3606966289",2024,"B17001F_SnrPov","Other (Non-Hispanic)",0,0,"Ontario","Seneca town","New York"
"3606966289",2024,"B17001G_SnrPov","Two or More Races (Non-Hispanic)",0,0,"Ontario","Seneca town","New York"
"3606966289",2024,"B17001H_SnrPov","White (Non-Hispanic)",92.3076923076923,125.798454746845,"Ontario","Seneca town","New York"
"3606966289",2024,"B17001I_SnrPov","Hispanic or Latino (Any Race)",0,0,"Ontario","Seneca town","New York"
"3606968660",2017,"B17001B_SnrPov","Black (Non-Hispanic)",0,0,"Ontario","South Bristol town","New York"
"3606968660",2017,"B17001C_SnrPov","Native American (Non-Hispanic)",0,0,"Ontario","South Bristol town","New York"
"3606968660",2017,"B17001D_SnrPov","Asian (Non-Hispanic)",0,0,"Ontario","South Bristol town","New York"
"3606968660",2017,"B17001E_SnrPov","Pacific Islander (Non-Hispanic)",0,0,"Ontario","South Bristol town","New York"
"3606968660",2017,"B17001F_SnrPov","Other (Non-Hispanic)",0,0,"Ontario","South Bristol town","New York"
"3606968660",2017,"B17001G_SnrPov","Two or More Races (Non-Hispanic)",0,0,"Ontario","South Bristol town","New York"
"3606968660",2017,"B17001H_SnrPov","White (Non-Hispanic)",46.1538461538462,32.4554999377427,"Ontario","South Bristol town","New York"
"3606968660",2017,"B17001I_SnrPov","Hispanic or Latino (Any Race)",0,0,"Ontario","South Bristol town","New York"
"3606968660",2018,"B17001B_SnrPov","Black (Non-Hispanic)",0,0,"Ontario","South Bristol town","New York"
"3606968660",2018,"B17001C_SnrPov","Native American (Non-Hispanic)",0,0,"Ontario","South Bristol town","New York"
"3606968660",2018,"B17001D_SnrPov","Asian (Non-Hispanic)",0,0,"Ontario","South Bristol town","New York"
"3606968660",2018,"B17001E_SnrPov","Pacific Islander (Non-Hispanic)",0,0,"Ontario","South Bristol town","New York"
"3606968660",2018,"B17001F_SnrPov","Other (Non-Hispanic)",0,0,"Ontario","South Bristol town","New York"
"3606968660",2018,"B17001G_SnrPov","Two or More Races (Non-Hispanic)",0,0,"Ontario","South Bristol town","New York"
"3606968660",2018,"B17001H_SnrPov","White (Non-Hispanic)",44.4444444444444,35.1635194287065,"Ontario","South Bristol town","New York"
"3606968660",2018,"B17001I_SnrPov","Hispanic or Latino (Any Race)",0,0,"Ontario","South Bristol town","New York"
"3606968660",2019,"B17001B_SnrPov","Black (Non-Hispanic)",0,0,"Ontario","South Bristol town","New York"
"3606968660",2019,"B17001C_SnrPov","Native American (Non-Hispanic)",0,0,"Ontario","South Bristol town","New York"
"3606968660",2019,"B17001D_SnrPov","Asian (Non-Hispanic)",100,848.528137423857,"Ontario","South Bristol town","New York"
"3606968660",2019,"B17001E_SnrPov","Pacific Islander (Non-Hispanic)",0,0,"Ontario","South Bristol town","New York"
"3606968660",2019,"B17001F_SnrPov","Other (Non-Hispanic)",0,0,"Ontario","South Bristol town","New York"
"3606968660",2019,"B17001G_SnrPov","Two or More Races (Non-Hispanic)",0,0,"Ontario","South Bristol town","New York"
"3606968660",2019,"B17001H_SnrPov","White (Non-Hispanic)",40.4761904761905,30.1912131344174,"Ontario","South Bristol town","New York"
"3606968660",2019,"B17001I_SnrPov","Hispanic or Latino (Any Race)",0,0,"Ontario","South Bristol town","New York"
"3606968660",2020,"B17001B_SnrPov","Black (Non-Hispanic)",0,0,"Ontario","South Bristol town","New York"
"3606968660",2020,"B17001C_SnrPov","Native American (Non-Hispanic)",0,0,"Ontario","South Bristol town","New York"
"3606968660",2020,"B17001D_SnrPov","Asian (Non-Hispanic)",100,865.383665716478,"Ontario","South Bristol town","New York"
"3606968660",2020,"B17001E_SnrPov","Pacific Islander (Non-Hispanic)",0,0,"Ontario","South Bristol town","New York"
"3606968660",2020,"B17001F_SnrPov","Other (Non-Hispanic)",0,0,"Ontario","South Bristol town","New York"
"3606968660",2020,"B17001G_SnrPov","Two or More Races (Non-Hispanic)",0,0,"Ontario","South Bristol town","New York"
"3606968660",2020,"B17001H_SnrPov","White (Non-Hispanic)",45,33.0123083106892,"Ontario","South Bristol town","New York"
"3606968660",2020,"B17001I_SnrPov","Hispanic or Latino (Any Race)",0,0,"Ontario","South Bristol town","New York"
"3606968660",2021,"B17001B_SnrPov","Black (Non-Hispanic)",0,0,"Ontario","South Bristol town","New York"
"3606968660",2021,"B17001C_SnrPov","Native American (Non-Hispanic)",0,0,"Ontario","South Bristol town","New York"
"3606968660",2021,"B17001D_SnrPov","Asian (Non-Hispanic)",100,683.739716558867,"Ontario","South Bristol town","New York"
"3606968660",2021,"B17001E_SnrPov","Pacific Islander (Non-Hispanic)",0,0,"Ontario","South Bristol town","New York"
"3606968660",2021,"B17001F_SnrPov","Other (Non-Hispanic)",0,0,"Ontario","South Bristol town","New York"
"3606968660",2021,"B17001G_SnrPov","Two or More Races (Non-Hispanic)",0,0,"Ontario","South Bristol town","New York"
"3606968660",2021,"B17001H_SnrPov","White (Non-Hispanic)",48.5714285714286,37.73354045102,"Ontario","South Bristol town","New York"
"3606968660",2021,"B17001I_SnrPov","Hispanic or Latino (Any Race)",0,0,"Ontario","South Bristol town","New York"
"3606968660",2022,"B17001B_SnrPov","Black (Non-Hispanic)",0,0,"Ontario","South Bristol town","New York"
"3606968660",2022,"B17001C_SnrPov","Native American (Non-Hispanic)",0,0,"Ontario","South Bristol town","New York"
"3606968660",2022,"B17001D_SnrPov","Asian (Non-Hispanic)",100,683.739716558867,"Ontario","South Bristol town","New York"
"3606968660",2022,"B17001E_SnrPov","Pacific Islander (Non-Hispanic)",0,0,"Ontario","South Bristol town","New York"
"3606968660",2022,"B17001F_SnrPov","Other (Non-Hispanic)",0,0,"Ontario","South Bristol town","New York"
"3606968660",2022,"B17001G_SnrPov","Two or More Races (Non-Hispanic)",100,493.288286231625,"Ontario","South Bristol town","New York"
"3606968660",2022,"B17001H_SnrPov","White (Non-Hispanic)",35.2941176470588,23.6197014739012,"Ontario","South Bristol town","New York"
"3606968660",2022,"B17001I_SnrPov","Hispanic or Latino (Any Race)",100,493.288286231625,"Ontario","South Bristol town","New York"
"3606968660",2023,"B17001B_SnrPov","Black (Non-Hispanic)",0,0,"Ontario","South Bristol town","New York"
"3606968660",2023,"B17001C_SnrPov","Native American (Non-Hispanic)",0,0,"Ontario","South Bristol town","New York"
"3606968660",2023,"B17001D_SnrPov","Asian (Non-Hispanic)",100,556.417109729742,"Ontario","South Bristol town","New York"
"3606968660",2023,"B17001E_SnrPov","Pacific Islander (Non-Hispanic)",0,0,"Ontario","South Bristol town","New York"
"3606968660",2023,"B17001F_SnrPov","Other (Non-Hispanic)",0,0,"Ontario","South Bristol town","New York"
"3606968660",2023,"B17001G_SnrPov","Two or More Races (Non-Hispanic)",83.3333333333333,368.754577289022,"Ontario","South Bristol town","New York"
"3606968660",2023,"B17001H_SnrPov","White (Non-Hispanic)",15.2173913043478,12.3315150175356,"Ontario","South Bristol town","New York"
"3606968660",2023,"B17001I_SnrPov","Hispanic or Latino (Any Race)",83.3333333333333,368.754577289022,"Ontario","South Bristol town","New York"
"3606968660",2024,"B17001B_SnrPov","Black (Non-Hispanic)",0,0,"Ontario","South Bristol town","New York"
"3606968660",2024,"B17001C_SnrPov","Native American (Non-Hispanic)",0,0,"Ontario","South Bristol town","New York"
"3606968660",2024,"B17001D_SnrPov","Asian (Non-Hispanic)",0,0,"Ontario","South Bristol town","New York"
"3606968660",2024,"B17001E_SnrPov","Pacific Islander (Non-Hispanic)",0,0,"Ontario","South Bristol town","New York"
"3606968660",2024,"B17001F_SnrPov","Other (Non-Hispanic)",0,0,"Ontario","South Bristol town","New York"
"3606968660",2024,"B17001G_SnrPov","Two or More Races (Non-Hispanic)",80,452.406896499158,"Ontario","South Bristol town","New York"
"3606968660",2024,"B17001H_SnrPov","White (Non-Hispanic)",20,37.8153408023781,"Ontario","South Bristol town","New York"
"3606968660",2024,"B17001I_SnrPov","Hispanic or Latino (Any Race)",80,452.406896499158,"Ontario","South Bristol town","New York"
"3606977387",2017,"B17001B_SnrPov","Black (Non-Hispanic)",100,644.635986860457,"Ontario","Victor town","New York"
"3606977387",2017,"B17001C_SnrPov","Native American (Non-Hispanic)",0,0,"Ontario","Victor town","New York"
"3606977387",2017,"B17001D_SnrPov","Asian (Non-Hispanic)",0,0,"Ontario","Victor town","New York"
"3606977387",2017,"B17001E_SnrPov","Pacific Islander (Non-Hispanic)",0,0,"Ontario","Victor town","New York"
"3606977387",2017,"B17001F_SnrPov","Other (Non-Hispanic)",0,0,"Ontario","Victor town","New York"
"3606977387",2017,"B17001G_SnrPov","Two or More Races (Non-Hispanic)",0,0,"Ontario","Victor town","New York"
"3606977387",2017,"B17001H_SnrPov","White (Non-Hispanic)",62.8930817610063,32.8558990470105,"Ontario","Victor town","New York"
"3606977387",2017,"B17001I_SnrPov","Hispanic or Latino (Any Race)",0,2545.58441227157,"Ontario","Victor town","New York"
"3606977387",2018,"B17001B_SnrPov","Black (Non-Hispanic)",100,442.26688774992,"Ontario","Victor town","New York"
"3606977387",2018,"B17001C_SnrPov","Native American (Non-Hispanic)",0,0,"Ontario","Victor town","New York"
"3606977387",2018,"B17001D_SnrPov","Asian (Non-Hispanic)",0,0,"Ontario","Victor town","New York"
"3606977387",2018,"B17001E_SnrPov","Pacific Islander (Non-Hispanic)",0,0,"Ontario","Victor town","New York"
"3606977387",2018,"B17001F_SnrPov","Other (Non-Hispanic)",0,0,"Ontario","Victor town","New York"
"3606977387",2018,"B17001G_SnrPov","Two or More Races (Non-Hispanic)",0,0,"Ontario","Victor town","New York"
"3606977387",2018,"B17001H_SnrPov","White (Non-Hispanic)",51.0344827586207,35.1993253099088,"Ontario","Victor town","New York"
"3606977387",2018,"B17001I_SnrPov","Hispanic or Latino (Any Race)",0,2687.00576850888,"Ontario","Victor town","New York"
"3606977387",2019,"B17001B_SnrPov","Black (Non-Hispanic)",100,408.78776647122,"Ontario","Victor town","New York"
"3606977387",2019,"B17001C_SnrPov","Native American (Non-Hispanic)",0,0,"Ontario","Victor town","New York"
"3606977387",2019,"B17001D_SnrPov","Asian (Non-Hispanic)",0,0,"Ontario","Victor town","New York"
"3606977387",2019,"B17001E_SnrPov","Pacific Islander (Non-Hispanic)",0,0,"Ontario","Victor town","New York"
"3606977387",2019,"B17001F_SnrPov","Other (Non-Hispanic)",0,0,"Ontario","Victor town","New York"
"3606977387",2019,"B17001G_SnrPov","Two or More Races (Non-Hispanic)",0,0,"Ontario","Victor town","New York"
"3606977387",2019,"B17001H_SnrPov","White (Non-Hispanic)",60.15625,36.0967894715194,"Ontario","Victor town","New York"
"3606977387",2019,"B17001I_SnrPov","Hispanic or Latino (Any Race)",0,2687.00576850888,"Ontario","Victor town","New York"
"3606977387",2020,"B17001B_SnrPov","Black (Non-Hispanic)",100,288.851004926574,"Ontario","Victor town","New York"
"3606977387",2020,"B17001C_SnrPov","Native American (Non-Hispanic)",0,0,"Ontario","Victor town","New York"
"3606977387",2020,"B17001D_SnrPov","Asian (Non-Hispanic)",0,0,"Ontario","Victor town","New York"
"3606977387",2020,"B17001E_SnrPov","Pacific Islander (Non-Hispanic)",0,0,"Ontario","Victor town","New York"
"3606977387",2020,"B17001F_SnrPov","Other (Non-Hispanic)",0,0,"Ontario","Victor town","New York"
"3606977387",2020,"B17001G_SnrPov","Two or More Races (Non-Hispanic)",0,0,"Ontario","Victor town","New York"
"3606977387",2020,"B17001H_SnrPov","White (Non-Hispanic)",71.2230215827338,33.7330213636521,"Ontario","Victor town","New York"
"3606977387",2020,"B17001I_SnrPov","Hispanic or Latino (Any Race)",0,2687.00576850888,"Ontario","Victor town","New York"
"3606977387",2021,"B17001B_SnrPov","Black (Non-Hispanic)",100,281.502853151976,"Ontario","Victor town","New York"
"3606977387",2021,"B17001C_SnrPov","Native American (Non-Hispanic)",0,0,"Ontario","Victor town","New York"
"3606977387",2021,"B17001D_SnrPov","Asian (Non-Hispanic)",0,0,"Ontario","Victor town","New York"
"3606977387",2021,"B17001E_SnrPov","Pacific Islander (Non-Hispanic)",0,0,"Ontario","Victor town","New York"
"3606977387",2021,"B17001F_SnrPov","Other (Non-Hispanic)",0,0,"Ontario","Victor town","New York"
"3606977387",2021,"B17001G_SnrPov","Two or More Races (Non-Hispanic)",0,0,"Ontario","Victor town","New York"
"3606977387",2021,"B17001H_SnrPov","White (Non-Hispanic)",56.8047337278106,31.7566839954764,"Ontario","Victor town","New York"
"3606977387",2021,"B17001I_SnrPov","Hispanic or Latino (Any Race)",0,1414.2135623731,"Ontario","Victor town","New York"
"3606977387",2022,"B17001B_SnrPov","Black (Non-Hispanic)",100,245.481617417264,"Ontario","Victor town","New York"
"3606977387",2022,"B17001C_SnrPov","Native American (Non-Hispanic)",0,0,"Ontario","Victor town","New York"
"3606977387",2022,"B17001D_SnrPov","Asian (Non-Hispanic)",0,0,"Ontario","Victor town","New York"
"3606977387",2022,"B17001E_SnrPov","Pacific Islander (Non-Hispanic)",0,0,"Ontario","Victor town","New York"
"3606977387",2022,"B17001F_SnrPov","Other (Non-Hispanic)",0,0,"Ontario","Victor town","New York"
"3606977387",2022,"B17001G_SnrPov","Two or More Races (Non-Hispanic)",0,0,"Ontario","Victor town","New York"
"3606977387",2022,"B17001H_SnrPov","White (Non-Hispanic)",48.2352941176471,27.1527242644348,"Ontario","Victor town","New York"
"3606977387",2022,"B17001I_SnrPov","Hispanic or Latino (Any Race)",0,0,"Ontario","Victor town","New York"
"3606977387",2023,"B17001B_SnrPov","Black (Non-Hispanic)",100,210.065284668159,"Ontario","Victor town","New York"
"3606977387",2023,"B17001C_SnrPov","Native American (Non-Hispanic)",0,0,"Ontario","Victor town","New York"
"3606977387",2023,"B17001D_SnrPov","Asian (Non-Hispanic)",0,0,"Ontario","Victor town","New York"
"3606977387",2023,"B17001E_SnrPov","Pacific Islander (Non-Hispanic)",0,0,"Ontario","Victor town","New York"
"3606977387",2023,"B17001F_SnrPov","Other (Non-Hispanic)",0,0,"Ontario","Victor town","New York"
"3606977387",2023,"B17001G_SnrPov","Two or More Races (Non-Hispanic)",0,0,"Ontario","Victor town","New York"
"3606977387",2023,"B17001H_SnrPov","White (Non-Hispanic)",45.3551912568306,26.5389959234954,"Ontario","Victor town","New York"
"3606977387",2023,"B17001I_SnrPov","Hispanic or Latino (Any Race)",0,0,"Ontario","Victor town","New York"
"3606977387",2024,"B17001B_SnrPov","Black (Non-Hispanic)",100,304.999494029129,"Ontario","Victor town","New York"
"3606977387",2024,"B17001C_SnrPov","Native American (Non-Hispanic)",0,0,"Ontario","Victor town","New York"
"3606977387",2024,"B17001D_SnrPov","Asian (Non-Hispanic)",0,0,"Ontario","Victor town","New York"
"3606977387",2024,"B17001E_SnrPov","Pacific Islander (Non-Hispanic)",0,0,"Ontario","Victor town","New York"
"3606977387",2024,"B17001F_SnrPov","Other (Non-Hispanic)",0,296.98484809835,"Ontario","Victor town","New York"
"3606977387",2024,"B17001G_SnrPov","Two or More Races (Non-Hispanic)",0,0,"Ontario","Victor town","New York"
"3606977387",2024,"B17001H_SnrPov","White (Non-Hispanic)",50.9803921568627,25.2448834998697,"Ontario","Victor town","New York"
"3606977387",2024,"B17001I_SnrPov","Hispanic or Latino (Any Race)",0,296.98484809835,"Ontario","Victor town","New York"
"3606979356",2017,"B17001B_SnrPov","Black (Non-Hispanic)",0,0,"Ontario","West Bloomfield town","New York"
"3606979356",2017,"B17001C_SnrPov","Native American (Non-Hispanic)",0,0,"Ontario","West Bloomfield town","New York"
"3606979356",2017,"B17001D_SnrPov","Asian (Non-Hispanic)",0,0,"Ontario","West Bloomfield town","New York"
"3606979356",2017,"B17001E_SnrPov","Pacific Islander (Non-Hispanic)",0,0,"Ontario","West Bloomfield town","New York"
"3606979356",2017,"B17001F_SnrPov","Other (Non-Hispanic)",0,0,"Ontario","West Bloomfield town","New York"
"3606979356",2017,"B17001G_SnrPov","Two or More Races (Non-Hispanic)",0,388.908729652601,"Ontario","West Bloomfield town","New York"
"3606979356",2017,"B17001H_SnrPov","White (Non-Hispanic)",17.6470588235294,40.2289129983251,"Ontario","West Bloomfield town","New York"
"3606979356",2017,"B17001I_SnrPov","Hispanic or Latino (Any Race)",0,0,"Ontario","West Bloomfield town","New York"
"3606979356",2018,"B17001B_SnrPov","Black (Non-Hispanic)",0,0,"Ontario","West Bloomfield town","New York"
"3606979356",2018,"B17001C_SnrPov","Native American (Non-Hispanic)",0,0,"Ontario","West Bloomfield town","New York"
"3606979356",2018,"B17001D_SnrPov","Asian (Non-Hispanic)",0,0,"Ontario","West Bloomfield town","New York"
"3606979356",2018,"B17001E_SnrPov","Pacific Islander (Non-Hispanic)",0,0,"Ontario","West Bloomfield town","New York"
"3606979356",2018,"B17001F_SnrPov","Other (Non-Hispanic)",0,0,"Ontario","West Bloomfield town","New York"
"3606979356",2018,"B17001G_SnrPov","Two or More Races (Non-Hispanic)",0,0,"Ontario","West Bloomfield town","New York"
"3606979356",2018,"B17001H_SnrPov","White (Non-Hispanic)",37.5,31.3912821919757,"Ontario","West Bloomfield town","New York"
"3606979356",2018,"B17001I_SnrPov","Hispanic or Latino (Any Race)",0,424.264068711928,"Ontario","West Bloomfield town","New York"
"3606979356",2019,"B17001B_SnrPov","Black (Non-Hispanic)",0,0,"Ontario","West Bloomfield town","New York"
"3606979356",2019,"B17001C_SnrPov","Native American (Non-Hispanic)",0,0,"Ontario","West Bloomfield town","New York"
"3606979356",2019,"B17001D_SnrPov","Asian (Non-Hispanic)",0,0,"Ontario","West Bloomfield town","New York"
"3606979356",2019,"B17001E_SnrPov","Pacific Islander (Non-Hispanic)",0,0,"Ontario","West Bloomfield town","New York"
"3606979356",2019,"B17001F_SnrPov","Other (Non-Hispanic)",0,0,"Ontario","West Bloomfield town","New York"
"3606979356",2019,"B17001G_SnrPov","Two or More Races (Non-Hispanic)",0,0,"Ontario","West Bloomfield town","New York"
"3606979356",2019,"B17001H_SnrPov","White (Non-Hispanic)",48.5714285714286,29.4637339819356,"Ontario","West Bloomfield town","New York"
"3606979356",2019,"B17001I_SnrPov","Hispanic or Latino (Any Race)",0,424.264068711928,"Ontario","West Bloomfield town","New York"
"3606979356",2020,"B17001B_SnrPov","Black (Non-Hispanic)",0,0,"Ontario","West Bloomfield town","New York"
"3606979356",2020,"B17001C_SnrPov","Native American (Non-Hispanic)",0,0,"Ontario","West Bloomfield town","New York"
"3606979356",2020,"B17001D_SnrPov","Asian (Non-Hispanic)",0,0,"Ontario","West Bloomfield town","New York"
"3606979356",2020,"B17001E_SnrPov","Pacific Islander (Non-Hispanic)",0,0,"Ontario","West Bloomfield town","New York"
"3606979356",2020,"B17001F_SnrPov","Other (Non-Hispanic)",0,0,"Ontario","West Bloomfield town","New York"
"3606979356",2020,"B17001G_SnrPov","Two or More Races (Non-Hispanic)",0,0,"Ontario","West Bloomfield town","New York"
"3606979356",2020,"B17001H_SnrPov","White (Non-Hispanic)",36.8421052631579,20.8507413912243,"Ontario","West Bloomfield town","New York"
"3606979356",2020,"B17001I_SnrPov","Hispanic or Latino (Any Race)",0,424.264068711928,"Ontario","West Bloomfield town","New York"
"3606979356",2021,"B17001B_SnrPov","Black (Non-Hispanic)",0,0,"Ontario","West Bloomfield town","New York"
"3606979356",2021,"B17001C_SnrPov","Native American (Non-Hispanic)",0,0,"Ontario","West Bloomfield town","New York"
"3606979356",2021,"B17001D_SnrPov","Asian (Non-Hispanic)",0,0,"Ontario","West Bloomfield town","New York"
"3606979356",2021,"B17001E_SnrPov","Pacific Islander (Non-Hispanic)",0,0,"Ontario","West Bloomfield town","New York"
"3606979356",2021,"B17001F_SnrPov","Other (Non-Hispanic)",0,0,"Ontario","West Bloomfield town","New York"
"3606979356",2021,"B17001G_SnrPov","Two or More Races (Non-Hispanic)",0,0,"Ontario","West Bloomfield town","New York"
"3606979356",2021,"B17001H_SnrPov","White (Non-Hispanic)",36,23.2917839591561,"Ontario","West Bloomfield town","New York"
"3606979356",2021,"B17001I_SnrPov","Hispanic or Latino (Any Race)",0,459.619407771256,"Ontario","West Bloomfield town","New York"
"3606979356",2022,"B17001B_SnrPov","Black (Non-Hispanic)",0,0,"Ontario","West Bloomfield town","New York"
"3606979356",2022,"B17001C_SnrPov","Native American (Non-Hispanic)",0,0,"Ontario","West Bloomfield town","New York"
"3606979356",2022,"B17001D_SnrPov","Asian (Non-Hispanic)",0,0,"Ontario","West Bloomfield town","New York"
"3606979356",2022,"B17001E_SnrPov","Pacific Islander (Non-Hispanic)",0,0,"Ontario","West Bloomfield town","New York"
"3606979356",2022,"B17001F_SnrPov","Other (Non-Hispanic)",0,0,"Ontario","West Bloomfield town","New York"
"3606979356",2022,"B17001G_SnrPov","Two or More Races (Non-Hispanic)",0,0,"Ontario","West Bloomfield town","New York"
"3606979356",2022,"B17001H_SnrPov","White (Non-Hispanic)",41.8181818181818,22.8912193418368,"Ontario","West Bloomfield town","New York"
"3606979356",2022,"B17001I_SnrPov","Hispanic or Latino (Any Race)",0,459.619407771256,"Ontario","West Bloomfield town","New York"
"3606979356",2023,"B17001B_SnrPov","Black (Non-Hispanic)",0,0,"Ontario","West Bloomfield town","New York"
"3606979356",2023,"B17001C_SnrPov","Native American (Non-Hispanic)",0,0,"Ontario","West Bloomfield town","New York"
"3606979356",2023,"B17001D_SnrPov","Asian (Non-Hispanic)",0,0,"Ontario","West Bloomfield town","New York"
"3606979356",2023,"B17001E_SnrPov","Pacific Islander (Non-Hispanic)",0,0,"Ontario","West Bloomfield town","New York"
"3606979356",2023,"B17001F_SnrPov","Other (Non-Hispanic)",0,0,"Ontario","West Bloomfield town","New York"
"3606979356",2023,"B17001G_SnrPov","Two or More Races (Non-Hispanic)",0,0,"Ontario","West Bloomfield town","New York"
"3606979356",2023,"B17001H_SnrPov","White (Non-Hispanic)",27.5449101796407,21.3738166202853,"Ontario","West Bloomfield town","New York"
"3606979356",2023,"B17001I_SnrPov","Hispanic or Latino (Any Race)",0,0,"Ontario","West Bloomfield town","New York"
"3606979356",2024,"B17001B_SnrPov","Black (Non-Hispanic)",0,0,"Ontario","West Bloomfield town","New York"
"3606979356",2024,"B17001C_SnrPov","Native American (Non-Hispanic)",0,0,"Ontario","West Bloomfield town","New York"
"3606979356",2024,"B17001D_SnrPov","Asian (Non-Hispanic)",0,0,"Ontario","West Bloomfield town","New York"
"3606979356",2024,"B17001E_SnrPov","Pacific Islander (Non-Hispanic)",0,0,"Ontario","West Bloomfield town","New York"
"3606979356",2024,"B17001F_SnrPov","Other (Non-Hispanic)",0,0,"Ontario","West Bloomfield town","New York"
"3606979356",2024,"B17001G_SnrPov","Two or More Races (Non-Hispanic)",0,0,"Ontario","West Bloomfield town","New York"
"3606979356",2024,"B17001H_SnrPov","White (Non-Hispanic)",25.1908396946565,21.4291446080591,"Ontario","West Bloomfield town","New York"
"3606979356",2024,"B17001I_SnrPov","Hispanic or Latino (Any Race)",0,0,"Ontario","West Bloomfield town","New York"
"3607300000",2017,"B17001B_SnrPov","Black (Non-Hispanic)",0,0,"Orleans","County subdivisions not defined","New York"
"3607300000",2017,"B17001C_SnrPov","Native American (Non-Hispanic)",0,0,"Orleans","County subdivisions not defined","New York"
"3607300000",2017,"B17001D_SnrPov","Asian (Non-Hispanic)",0,0,"Orleans","County subdivisions not defined","New York"
"3607300000",2017,"B17001E_SnrPov","Pacific Islander (Non-Hispanic)",0,0,"Orleans","County subdivisions not defined","New York"
"3607300000",2017,"B17001F_SnrPov","Other (Non-Hispanic)",0,0,"Orleans","County subdivisions not defined","New York"
"3607300000",2017,"B17001G_SnrPov","Two or More Races (Non-Hispanic)",0,0,"Orleans","County subdivisions not defined","New York"
"3607300000",2017,"B17001H_SnrPov","White (Non-Hispanic)",0,0,"Orleans","County subdivisions not defined","New York"
"3607300000",2017,"B17001I_SnrPov","Hispanic or Latino (Any Race)",0,0,"Orleans","County subdivisions not defined","New York"
"3607300000",2018,"B17001B_SnrPov","Black (Non-Hispanic)",0,0,"Orleans","County subdivisions not defined","New York"
"3607300000",2018,"B17001C_SnrPov","Native American (Non-Hispanic)",0,0,"Orleans","County subdivisions not defined","New York"
"3607300000",2018,"B17001D_SnrPov","Asian (Non-Hispanic)",0,0,"Orleans","County subdivisions not defined","New York"
"3607300000",2018,"B17001E_SnrPov","Pacific Islander (Non-Hispanic)",0,0,"Orleans","County subdivisions not defined","New York"
"3607300000",2018,"B17001F_SnrPov","Other (Non-Hispanic)",0,0,"Orleans","County subdivisions not defined","New York"
"3607300000",2018,"B17001G_SnrPov","Two or More Races (Non-Hispanic)",0,0,"Orleans","County subdivisions not defined","New York"
"3607300000",2018,"B17001H_SnrPov","White (Non-Hispanic)",0,0,"Orleans","County subdivisions not defined","New York"
"3607300000",2018,"B17001I_SnrPov","Hispanic or Latino (Any Race)",0,0,"Orleans","County subdivisions not defined","New York"
"3607300000",2019,"B17001B_SnrPov","Black (Non-Hispanic)",0,0,"Orleans","County subdivisions not defined","New York"
"3607300000",2019,"B17001C_SnrPov","Native American (Non-Hispanic)",0,0,"Orleans","County subdivisions not defined","New York"
"3607300000",2019,"B17001D_SnrPov","Asian (Non-Hispanic)",0,0,"Orleans","County subdivisions not defined","New York"
"3607300000",2019,"B17001E_SnrPov","Pacific Islander (Non-Hispanic)",0,0,"Orleans","County subdivisions not defined","New York"
"3607300000",2019,"B17001F_SnrPov","Other (Non-Hispanic)",0,0,"Orleans","County subdivisions not defined","New York"
"3607300000",2019,"B17001G_SnrPov","Two or More Races (Non-Hispanic)",0,0,"Orleans","County subdivisions not defined","New York"
"3607300000",2019,"B17001H_SnrPov","White (Non-Hispanic)",0,0,"Orleans","County subdivisions not defined","New York"
"3607300000",2019,"B17001I_SnrPov","Hispanic or Latino (Any Race)",0,0,"Orleans","County subdivisions not defined","New York"
"3607300000",2020,"B17001B_SnrPov","Black (Non-Hispanic)",0,0,"Orleans","County subdivisions not defined","New York"
"3607300000",2020,"B17001C_SnrPov","Native American (Non-Hispanic)",0,0,"Orleans","County subdivisions not defined","New York"
"3607300000",2020,"B17001D_SnrPov","Asian (Non-Hispanic)",0,0,"Orleans","County subdivisions not defined","New York"
"3607300000",2020,"B17001E_SnrPov","Pacific Islander (Non-Hispanic)",0,0,"Orleans","County subdivisions not defined","New York"
"3607300000",2020,"B17001F_SnrPov","Other (Non-Hispanic)",0,0,"Orleans","County subdivisions not defined","New York"
"3607300000",2020,"B17001G_SnrPov","Two or More Races (Non-Hispanic)",0,0,"Orleans","County subdivisions not defined","New York"
"3607300000",2020,"B17001H_SnrPov","White (Non-Hispanic)",0,0,"Orleans","County subdivisions not defined","New York"
"3607300000",2020,"B17001I_SnrPov","Hispanic or Latino (Any Race)",0,0,"Orleans","County subdivisions not defined","New York"
"3607300000",2021,"B17001B_SnrPov","Black (Non-Hispanic)",0,0,"Orleans","County subdivisions not defined","New York"
"3607300000",2021,"B17001C_SnrPov","Native American (Non-Hispanic)",0,0,"Orleans","County subdivisions not defined","New York"
"3607300000",2021,"B17001D_SnrPov","Asian (Non-Hispanic)",0,0,"Orleans","County subdivisions not defined","New York"
"3607300000",2021,"B17001E_SnrPov","Pacific Islander (Non-Hispanic)",0,0,"Orleans","County subdivisions not defined","New York"
"3607300000",2021,"B17001F_SnrPov","Other (Non-Hispanic)",0,0,"Orleans","County subdivisions not defined","New York"
"3607300000",2021,"B17001G_SnrPov","Two or More Races (Non-Hispanic)",0,0,"Orleans","County subdivisions not defined","New York"
"3607300000",2021,"B17001H_SnrPov","White (Non-Hispanic)",0,0,"Orleans","County subdivisions not defined","New York"
"3607300000",2021,"B17001I_SnrPov","Hispanic or Latino (Any Race)",0,0,"Orleans","County subdivisions not defined","New York"
"3607300000",2022,"B17001B_SnrPov","Black (Non-Hispanic)",0,0,"Orleans","County subdivisions not defined","New York"
"3607300000",2022,"B17001C_SnrPov","Native American (Non-Hispanic)",0,0,"Orleans","County subdivisions not defined","New York"
"3607300000",2022,"B17001D_SnrPov","Asian (Non-Hispanic)",0,0,"Orleans","County subdivisions not defined","New York"
"3607300000",2022,"B17001E_SnrPov","Pacific Islander (Non-Hispanic)",0,0,"Orleans","County subdivisions not defined","New York"
"3607300000",2022,"B17001F_SnrPov","Other (Non-Hispanic)",0,0,"Orleans","County subdivisions not defined","New York"
"3607300000",2022,"B17001G_SnrPov","Two or More Races (Non-Hispanic)",0,0,"Orleans","County subdivisions not defined","New York"
"3607300000",2022,"B17001H_SnrPov","White (Non-Hispanic)",0,0,"Orleans","County subdivisions not defined","New York"
"3607300000",2022,"B17001I_SnrPov","Hispanic or Latino (Any Race)",0,0,"Orleans","County subdivisions not defined","New York"
"3607300000",2023,"B17001B_SnrPov","Black (Non-Hispanic)",0,0,"Orleans","County subdivisions not defined","New York"
"3607300000",2023,"B17001C_SnrPov","Native American (Non-Hispanic)",0,0,"Orleans","County subdivisions not defined","New York"
"3607300000",2023,"B17001D_SnrPov","Asian (Non-Hispanic)",0,0,"Orleans","County subdivisions not defined","New York"
"3607300000",2023,"B17001E_SnrPov","Pacific Islander (Non-Hispanic)",0,0,"Orleans","County subdivisions not defined","New York"
"3607300000",2023,"B17001F_SnrPov","Other (Non-Hispanic)",0,0,"Orleans","County subdivisions not defined","New York"
"3607300000",2023,"B17001G_SnrPov","Two or More Races (Non-Hispanic)",0,0,"Orleans","County subdivisions not defined","New York"
"3607300000",2023,"B17001H_SnrPov","White (Non-Hispanic)",0,0,"Orleans","County subdivisions not defined","New York"
"3607300000",2023,"B17001I_SnrPov","Hispanic or Latino (Any Race)",0,0,"Orleans","County subdivisions not defined","New York"
"3607300000",2024,"B17001B_SnrPov","Black (Non-Hispanic)",0,0,"Orleans","County subdivisions not defined","New York"
"3607300000",2024,"B17001C_SnrPov","Native American (Non-Hispanic)",0,0,"Orleans","County subdivisions not defined","New York"
"3607300000",2024,"B17001D_SnrPov","Asian (Non-Hispanic)",0,0,"Orleans","County subdivisions not defined","New York"
"3607300000",2024,"B17001E_SnrPov","Pacific Islander (Non-Hispanic)",0,0,"Orleans","County subdivisions not defined","New York"
"3607300000",2024,"B17001F_SnrPov","Other (Non-Hispanic)",0,0,"Orleans","County subdivisions not defined","New York"
"3607300000",2024,"B17001G_SnrPov","Two or More Races (Non-Hispanic)",0,0,"Orleans","County subdivisions not defined","New York"
"3607300000",2024,"B17001H_SnrPov","White (Non-Hispanic)",0,0,"Orleans","County subdivisions not defined","New York"
"3607300000",2024,"B17001I_SnrPov","Hispanic or Latino (Any Race)",0,0,"Orleans","County subdivisions not defined","New York"
"3607301044",2017,"B17001B_SnrPov","Black (Non-Hispanic)",100,1103.52969048312,"Orleans","Albion town","New York"
"3607301044",2017,"B17001C_SnrPov","Native American (Non-Hispanic)",0,0,"Orleans","Albion town","New York"
"3607301044",2017,"B17001D_SnrPov","Asian (Non-Hispanic)",0,0,"Orleans","Albion town","New York"
"3607301044",2017,"B17001E_SnrPov","Pacific Islander (Non-Hispanic)",0,0,"Orleans","Albion town","New York"
"3607301044",2017,"B17001F_SnrPov","Other (Non-Hispanic)",100,1116.54228162961,"Orleans","Albion town","New York"
"3607301044",2017,"B17001G_SnrPov","Two or More Races (Non-Hispanic)",0,0,"Orleans","Albion town","New York"
"3607301044",2017,"B17001H_SnrPov","White (Non-Hispanic)",73.5294117647059,53.1658455869699,"Orleans","Albion town","New York"
"3607301044",2017,"B17001I_SnrPov","Hispanic or Latino (Any Race)",100,1116.54228162961,"Orleans","Albion town","New York"
"3607301044",2018,"B17001B_SnrPov","Black (Non-Hispanic)",100,716.658914686757,"Orleans","Albion town","New York"
"3607301044",2018,"B17001C_SnrPov","Native American (Non-Hispanic)",0,0,"Orleans","Albion town","New York"
"3607301044",2018,"B17001D_SnrPov","Asian (Non-Hispanic)",0,0,"Orleans","Albion town","New York"
"3607301044",2018,"B17001E_SnrPov","Pacific Islander (Non-Hispanic)",0,0,"Orleans","Albion town","New York"
"3607301044",2018,"B17001F_SnrPov","Other (Non-Hispanic)",100,1180.39541397505,"Orleans","Albion town","New York"
"3607301044",2018,"B17001G_SnrPov","Two or More Races (Non-Hispanic)",0,0,"Orleans","Albion town","New York"
"3607301044",2018,"B17001H_SnrPov","White (Non-Hispanic)",68.5314685314685,51.1604698570272,"Orleans","Albion town","New York"
"3607301044",2018,"B17001I_SnrPov","Hispanic or Latino (Any Race)",100,1180.39541397505,"Orleans","Albion town","New York"
"3607301044",2019,"B17001B_SnrPov","Black (Non-Hispanic)",100,235.441130543406,"Orleans","Albion town","New York"
"3607301044",2019,"B17001C_SnrPov","Native American (Non-Hispanic)",0,0,"Orleans","Albion town","New York"
"3607301044",2019,"B17001D_SnrPov","Asian (Non-Hispanic)",0,0,"Orleans","Albion town","New York"
"3607301044",2019,"B17001E_SnrPov","Pacific Islander (Non-Hispanic)",0,0,"Orleans","Albion town","New York"
"3607301044",2019,"B17001F_SnrPov","Other (Non-Hispanic)",0,0,"Orleans","Albion town","New York"
"3607301044",2019,"B17001G_SnrPov","Two or More Races (Non-Hispanic)",0,0,"Orleans","Albion town","New York"
"3607301044",2019,"B17001H_SnrPov","White (Non-Hispanic)",39.9159663865546,36.3144451780218,"Orleans","Albion town","New York"
"3607301044",2019,"B17001I_SnrPov","Hispanic or Latino (Any Race)",0,801.387685344754,"Orleans","Albion town","New York"
"3607301044",2020,"B17001B_SnrPov","Black (Non-Hispanic)",100,249.567527169069,"Orleans","Albion town","New York"
"3607301044",2020,"B17001C_SnrPov","Native American (Non-Hispanic)",0,0,"Orleans","Albion town","New York"
"3607301044",2020,"B17001D_SnrPov","Asian (Non-Hispanic)",0,0,"Orleans","Albion town","New York"
"3607301044",2020,"B17001E_SnrPov","Pacific Islander (Non-Hispanic)",0,0,"Orleans","Albion town","New York"
"3607301044",2020,"B17001F_SnrPov","Other (Non-Hispanic)",100,1180.39541397505,"Orleans","Albion town","New York"
"3607301044",2020,"B17001G_SnrPov","Two or More Races (Non-Hispanic)",0,0,"Orleans","Albion town","New York"
"3607301044",2020,"B17001H_SnrPov","White (Non-Hispanic)",40.7035175879397,35.1631107366724,"Orleans","Albion town","New York"
"3607301044",2020,"B17001I_SnrPov","Hispanic or Latino (Any Race)",60,199.318840052816,"Orleans","Albion town","New York"
"3607301044",2021,"B17001B_SnrPov","Black (Non-Hispanic)",40,482.87472495462,"Orleans","Albion town","New York"
"3607301044",2021,"B17001C_SnrPov","Native American (Non-Hispanic)",0,0,"Orleans","Albion town","New York"
"3607301044",2021,"B17001D_SnrPov","Asian (Non-Hispanic)",0,0,"Orleans","Albion town","New York"
"3607301044",2021,"B17001E_SnrPov","Pacific Islander (Non-Hispanic)",0,0,"Orleans","Albion town","New York"
"3607301044",2021,"B17001F_SnrPov","Other (Non-Hispanic)",100,954.594154601839,"Orleans","Albion town","New York"
"3607301044",2021,"B17001G_SnrPov","Two or More Races (Non-Hispanic)",0,0,"Orleans","Albion town","New York"
"3607301044",2021,"B17001H_SnrPov","White (Non-Hispanic)",42.9223744292237,31.2912463127251,"Orleans","Albion town","New York"
"3607301044",2021,"B17001I_SnrPov","Hispanic or Latino (Any Race)",57.1428571428571,177.97275739284,"Orleans","Albion town","New York"
"3607301044",2022,"B17001B_SnrPov","Black (Non-Hispanic)",72.7272727272727,132.68838906366,"Orleans","Albion town","New York"
"3607301044",2022,"B17001C_SnrPov","Native American (Non-Hispanic)",0,0,"Orleans","Albion town","New York"
"3607301044",2022,"B17001D_SnrPov","Asian (Non-Hispanic)",0,0,"Orleans","Albion town","New York"
"3607301044",2022,"B17001E_SnrPov","Pacific Islander (Non-Hispanic)",0,0,"Orleans","Albion town","New York"
"3607301044",2022,"B17001F_SnrPov","Other (Non-Hispanic)",100,483.556781044199,"Orleans","Albion town","New York"
"3607301044",2022,"B17001G_SnrPov","Two or More Races (Non-Hispanic)",0,134.350288425444,"Orleans","Albion town","New York"
"3607301044",2022,"B17001H_SnrPov","White (Non-Hispanic)",45.2586206896552,20.5361803883834,"Orleans","Albion town","New York"
"3607301044",2022,"B17001I_SnrPov","Hispanic or Latino (Any Race)",69.2307692307692,37.8975490215525,"Orleans","Albion town","New York"
"3607301044",2023,"B17001B_SnrPov","Black (Non-Hispanic)",72.9411764705882,35.7899736124578,"Orleans","Albion town","New York"
"3607301044",2023,"B17001C_SnrPov","Native American (Non-Hispanic)",0,0,"Orleans","Albion town","New York"
"3607301044",2023,"B17001D_SnrPov","Asian (Non-Hispanic)",0,0,"Orleans","Albion town","New York"
"3607301044",2023,"B17001E_SnrPov","Pacific Islander (Non-Hispanic)",0,0,"Orleans","Albion town","New York"
"3607301044",2023,"B17001F_SnrPov","Other (Non-Hispanic)",100,324.398481809025,"Orleans","Albion town","New York"
"3607301044",2023,"B17001G_SnrPov","Two or More Races (Non-Hispanic)",0,268.700576850888,"Orleans","Albion town","New York"
"3607301044",2023,"B17001H_SnrPov","White (Non-Hispanic)",41.7682926829268,23.6917325533768,"Orleans","Albion town","New York"
"3607301044",2023,"B17001I_SnrPov","Hispanic or Latino (Any Race)",57.1428571428571,72.8038163043083,"Orleans","Albion town","New York"
"3607301044",2024,"B17001B_SnrPov","Black (Non-Hispanic)",0,179.133717900592,"Orleans","Albion town","New York"
"3607301044",2024,"B17001C_SnrPov","Native American (Non-Hispanic)",0,0,"Orleans","Albion town","New York"
"3607301044",2024,"B17001D_SnrPov","Asian (Non-Hispanic)",0,0,"Orleans","Albion town","New York"
"3607301044",2024,"B17001E_SnrPov","Pacific Islander (Non-Hispanic)",0,0,"Orleans","Albion town","New York"
"3607301044",2024,"B17001F_SnrPov","Other (Non-Hispanic)",100,438.442020065,"Orleans","Albion town","New York"
"3607301044",2024,"B17001G_SnrPov","Two or More Races (Non-Hispanic)",0,141.42135623731,"Orleans","Albion town","New York"
"3607301044",2024,"B17001H_SnrPov","White (Non-Hispanic)",58.128078817734,34.5110633792927,"Orleans","Albion town","New York"
"3607301044",2024,"B17001I_SnrPov","Hispanic or Latino (Any Race)",100,438.442020065,"Orleans","Albion town","New York"
"3607304572",2017,"B17001B_SnrPov","Black (Non-Hispanic)",0,0,"Orleans","Barre town","New York"
"3607304572",2017,"B17001C_SnrPov","Native American (Non-Hispanic)",0,0,"Orleans","Barre town","New York"
"3607304572",2017,"B17001D_SnrPov","Asian (Non-Hispanic)",50,206.911816965586,"Orleans","Barre town","New York"
"3607304572",2017,"B17001E_SnrPov","Pacific Islander (Non-Hispanic)",0,0,"Orleans","Barre town","New York"
"3607304572",2017,"B17001F_SnrPov","Other (Non-Hispanic)",0,0,"Orleans","Barre town","New York"
"3607304572",2017,"B17001G_SnrPov","Two or More Races (Non-Hispanic)",0,0,"Orleans","Barre town","New York"
"3607304572",2017,"B17001H_SnrPov","White (Non-Hispanic)",61.5384615384615,28.0772538844564,"Orleans","Barre town","New York"
"3607304572",2017,"B17001I_SnrPov","Hispanic or Latino (Any Race)",0,0,"Orleans","Barre town","New York"
"3607304572",2018,"B17001B_SnrPov","Black (Non-Hispanic)",0,0,"Orleans","Barre town","New York"
"3607304572",2018,"B17001C_SnrPov","Native American (Non-Hispanic)",0,0,"Orleans","Barre town","New York"
"3607304572",2018,"B17001D_SnrPov","Asian (Non-Hispanic)",50,218.660696056699,"Orleans","Barre town","New York"
"3607304572",2018,"B17001E_SnrPov","Pacific Islander (Non-Hispanic)",0,0,"Orleans","Barre town","New York"
"3607304572",2018,"B17001F_SnrPov","Other (Non-Hispanic)",0,0,"Orleans","Barre town","New York"
"3607304572",2018,"B17001G_SnrPov","Two or More Races (Non-Hispanic)",0,0,"Orleans","Barre town","New York"
"3607304572",2018,"B17001H_SnrPov","White (Non-Hispanic)",63.7931034482759,17.0937031216693,"Orleans","Barre town","New York"
"3607304572",2018,"B17001I_SnrPov","Hispanic or Latino (Any Race)",0,0,"Orleans","Barre town","New York"
"3607304572",2019,"B17001B_SnrPov","Black (Non-Hispanic)",0,0,"Orleans","Barre town","New York"
"3607304572",2019,"B17001C_SnrPov","Native American (Non-Hispanic)",0,0,"Orleans","Barre town","New York"
"3607304572",2019,"B17001D_SnrPov","Asian (Non-Hispanic)",40,214.401492532118,"Orleans","Barre town","New York"
"3607304572",2019,"B17001E_SnrPov","Pacific Islander (Non-Hispanic)",0,0,"Orleans","Barre town","New York"
"3607304572",2019,"B17001F_SnrPov","Other (Non-Hispanic)",0,0,"Orleans","Barre town","New York"
"3607304572",2019,"B17001G_SnrPov","Two or More Races (Non-Hispanic)",0,0,"Orleans","Barre town","New York"
"3607304572",2019,"B17001H_SnrPov","White (Non-Hispanic)",68.75,19.9715984861941,"Orleans","Barre town","New York"
"3607304572",2019,"B17001I_SnrPov","Hispanic or Latino (Any Race)",0,0,"Orleans","Barre town","New York"
"3607304572",2020,"B17001B_SnrPov","Black (Non-Hispanic)",0,0,"Orleans","Barre town","New York"
"3607304572",2020,"B17001C_SnrPov","Native American (Non-Hispanic)",0,0,"Orleans","Barre town","New York"
"3607304572",2020,"B17001D_SnrPov","Asian (Non-Hispanic)",55.5555555555556,98.052985934147,"Orleans","Barre town","New York"
"3607304572",2020,"B17001E_SnrPov","Pacific Islander (Non-Hispanic)",0,0,"Orleans","Barre town","New York"
"3607304572",2020,"B17001F_SnrPov","Other (Non-Hispanic)",0,0,"Orleans","Barre town","New York"
"3607304572",2020,"B17001G_SnrPov","Two or More Races (Non-Hispanic)",0,0,"Orleans","Barre town","New York"
"3607304572",2020,"B17001H_SnrPov","White (Non-Hispanic)",59.5238095238095,29.0480748599887,"Orleans","Barre town","New York"
"3607304572",2020,"B17001I_SnrPov","Hispanic or Latino (Any Race)",0,0,"Orleans","Barre town","New York"
"3607304572",2021,"B17001B_SnrPov","Black (Non-Hispanic)",0,0,"Orleans","Barre town","New York"
"3607304572",2021,"B17001C_SnrPov","Native American (Non-Hispanic)",0,0,"Orleans","Barre town","New York"
"3607304572",2021,"B17001D_SnrPov","Asian (Non-Hispanic)",50,485.41219597369,"Orleans","Barre town","New York"
"3607304572",2021,"B17001E_SnrPov","Pacific Islander (Non-Hispanic)",0,0,"Orleans","Barre town","New York"
"3607304572",2021,"B17001F_SnrPov","Other (Non-Hispanic)",0,0,"Orleans","Barre town","New York"
"3607304572",2021,"B17001G_SnrPov","Two or More Races (Non-Hispanic)",0,0,"Orleans","Barre town","New York"
"3607304572",2021,"B17001H_SnrPov","White (Non-Hispanic)",57.8947368421053,23.1890501002052,"Orleans","Barre town","New York"
"3607304572",2021,"B17001I_SnrPov","Hispanic or Latino (Any Race)",0,0,"Orleans","Barre town","New York"
"3607304572",2022,"B17001B_SnrPov","Black (Non-Hispanic)",0,0,"Orleans","Barre town","New York"
"3607304572",2022,"B17001C_SnrPov","Native American (Non-Hispanic)",0,0,"Orleans","Barre town","New York"
"3607304572",2022,"B17001D_SnrPov","Asian (Non-Hispanic)",0,0,"Orleans","Barre town","New York"
"3607304572",2022,"B17001E_SnrPov","Pacific Islander (Non-Hispanic)",0,0,"Orleans","Barre town","New York"
"3607304572",2022,"B17001F_SnrPov","Other (Non-Hispanic)",0,0,"Orleans","Barre town","New York"
"3607304572",2022,"B17001G_SnrPov","Two or More Races (Non-Hispanic)",0,0,"Orleans","Barre town","New York"
"3607304572",2022,"B17001H_SnrPov","White (Non-Hispanic)",49.1228070175439,26.9932718508595,"Orleans","Barre town","New York"
"3607304572",2022,"B17001I_SnrPov","Hispanic or Latino (Any Race)",0,0,"Orleans","Barre town","New York"
"3607304572",2023,"B17001B_SnrPov","Black (Non-Hispanic)",0,0,"Orleans","Barre town","New York"
"3607304572",2023,"B17001C_SnrPov","Native American (Non-Hispanic)",0,0,"Orleans","Barre town","New York"
"3607304572",2023,"B17001D_SnrPov","Asian (Non-Hispanic)",0,0,"Orleans","Barre town","New York"
"3607304572",2023,"B17001E_SnrPov","Pacific Islander (Non-Hispanic)",0,0,"Orleans","Barre town","New York"
"3607304572",2023,"B17001F_SnrPov","Other (Non-Hispanic)",0,0,"Orleans","Barre town","New York"
"3607304572",2023,"B17001G_SnrPov","Two or More Races (Non-Hispanic)",0,0,"Orleans","Barre town","New York"
"3607304572",2023,"B17001H_SnrPov","White (Non-Hispanic)",37.2093023255814,41.6797274351545,"Orleans","Barre town","New York"
"3607304572",2023,"B17001I_SnrPov","Hispanic or Latino (Any Race)",0,0,"Orleans","Barre town","New York"
"3607304572",2024,"B17001B_SnrPov","Black (Non-Hispanic)",0,0,"Orleans","Barre town","New York"
"3607304572",2024,"B17001C_SnrPov","Native American (Non-Hispanic)",0,0,"Orleans","Barre town","New York"
"3607304572",2024,"B17001D_SnrPov","Asian (Non-Hispanic)",0,0,"Orleans","Barre town","New York"
"3607304572",2024,"B17001E_SnrPov","Pacific Islander (Non-Hispanic)",0,0,"Orleans","Barre town","New York"
"3607304572",2024,"B17001F_SnrPov","Other (Non-Hispanic)",0,0,"Orleans","Barre town","New York"
"3607304572",2024,"B17001G_SnrPov","Two or More Races (Non-Hispanic)",0,0,"Orleans","Barre town","New York"
"3607304572",2024,"B17001H_SnrPov","White (Non-Hispanic)",41.8918918918919,31.4280178383226,"Orleans","Barre town","New York"
"3607304572",2024,"B17001I_SnrPov","Hispanic or Latino (Any Race)",0,0,"Orleans","Barre town","New York"
"3607312496",2017,"B17001B_SnrPov","Black (Non-Hispanic)",0,0,"Orleans","Carlton town","New York"
"3607312496",2017,"B17001C_SnrPov","Native American (Non-Hispanic)",0,0,"Orleans","Carlton town","New York"
"3607312496",2017,"B17001D_SnrPov","Asian (Non-Hispanic)",0,0,"Orleans","Carlton town","New York"
"3607312496",2017,"B17001E_SnrPov","Pacific Islander (Non-Hispanic)",0,0,"Orleans","Carlton town","New York"
"3607312496",2017,"B17001F_SnrPov","Other (Non-Hispanic)",0,0,"Orleans","Carlton town","New York"
"3607312496",2017,"B17001G_SnrPov","Two or More Races (Non-Hispanic)",0,0,"Orleans","Carlton town","New York"
"3607312496",2017,"B17001H_SnrPov","White (Non-Hispanic)",0,0,"Orleans","Carlton town","New York"
"3607312496",2017,"B17001I_SnrPov","Hispanic or Latino (Any Race)",0,0,"Orleans","Carlton town","New York"
"3607312496",2018,"B17001B_SnrPov","Black (Non-Hispanic)",0,0,"Orleans","Carlton town","New York"
"3607312496",2018,"B17001C_SnrPov","Native American (Non-Hispanic)",0,0,"Orleans","Carlton town","New York"
"3607312496",2018,"B17001D_SnrPov","Asian (Non-Hispanic)",0,0,"Orleans","Carlton town","New York"
"3607312496",2018,"B17001E_SnrPov","Pacific Islander (Non-Hispanic)",0,0,"Orleans","Carlton town","New York"
"3607312496",2018,"B17001F_SnrPov","Other (Non-Hispanic)",0,0,"Orleans","Carlton town","New York"
"3607312496",2018,"B17001G_SnrPov","Two or More Races (Non-Hispanic)",0,0,"Orleans","Carlton town","New York"
"3607312496",2018,"B17001H_SnrPov","White (Non-Hispanic)",100,225.173544183148,"Orleans","Carlton town","New York"
"3607312496",2018,"B17001I_SnrPov","Hispanic or Latino (Any Race)",0,0,"Orleans","Carlton town","New York"
"3607312496",2019,"B17001B_SnrPov","Black (Non-Hispanic)",0,0,"Orleans","Carlton town","New York"
"3607312496",2019,"B17001C_SnrPov","Native American (Non-Hispanic)",0,0,"Orleans","Carlton town","New York"
"3607312496",2019,"B17001D_SnrPov","Asian (Non-Hispanic)",0,0,"Orleans","Carlton town","New York"
"3607312496",2019,"B17001E_SnrPov","Pacific Islander (Non-Hispanic)",0,0,"Orleans","Carlton town","New York"
"3607312496",2019,"B17001F_SnrPov","Other (Non-Hispanic)",0,0,"Orleans","Carlton town","New York"
"3607312496",2019,"B17001G_SnrPov","Two or More Races (Non-Hispanic)",0,0,"Orleans","Carlton town","New York"
"3607312496",2019,"B17001H_SnrPov","White (Non-Hispanic)",100,205.798302171011,"Orleans","Carlton town","New York"
"3607312496",2019,"B17001I_SnrPov","Hispanic or Latino (Any Race)",0,0,"Orleans","Carlton town","New York"
"3607312496",2020,"B17001B_SnrPov","Black (Non-Hispanic)",0,0,"Orleans","Carlton town","New York"
"3607312496",2020,"B17001C_SnrPov","Native American (Non-Hispanic)",0,0,"Orleans","Carlton town","New York"
"3607312496",2020,"B17001D_SnrPov","Asian (Non-Hispanic)",0,0,"Orleans","Carlton town","New York"
"3607312496",2020,"B17001E_SnrPov","Pacific Islander (Non-Hispanic)",0,0,"Orleans","Carlton town","New York"
"3607312496",2020,"B17001F_SnrPov","Other (Non-Hispanic)",0,0,"Orleans","Carlton town","New York"
"3607312496",2020,"B17001G_SnrPov","Two or More Races (Non-Hispanic)",0,0,"Orleans","Carlton town","New York"
"3607312496",2020,"B17001H_SnrPov","White (Non-Hispanic)",89.4736842105263,170.104530939199,"Orleans","Carlton town","New York"
"3607312496",2020,"B17001I_SnrPov","Hispanic or Latino (Any Race)",0,0,"Orleans","Carlton town","New York"
"3607312496",2021,"B17001B_SnrPov","Black (Non-Hispanic)",0,0,"Orleans","Carlton town","New York"
"3607312496",2021,"B17001C_SnrPov","Native American (Non-Hispanic)",0,0,"Orleans","Carlton town","New York"
"3607312496",2021,"B17001D_SnrPov","Asian (Non-Hispanic)",0,0,"Orleans","Carlton town","New York"
"3607312496",2021,"B17001E_SnrPov","Pacific Islander (Non-Hispanic)",0,0,"Orleans","Carlton town","New York"
"3607312496",2021,"B17001F_SnrPov","Other (Non-Hispanic)",0,0,"Orleans","Carlton town","New York"
"3607312496",2021,"B17001G_SnrPov","Two or More Races (Non-Hispanic)",0,0,"Orleans","Carlton town","New York"
"3607312496",2021,"B17001H_SnrPov","White (Non-Hispanic)",87.5,14.0721417563608,"Orleans","Carlton town","New York"
"3607312496",2021,"B17001I_SnrPov","Hispanic or Latino (Any Race)",0,0,"Orleans","Carlton town","New York"
"3607312496",2022,"B17001B_SnrPov","Black (Non-Hispanic)",0,0,"Orleans","Carlton town","New York"
"3607312496",2022,"B17001C_SnrPov","Native American (Non-Hispanic)",0,0,"Orleans","Carlton town","New York"
"3607312496",2022,"B17001D_SnrPov","Asian (Non-Hispanic)",0,0,"Orleans","Carlton town","New York"
"3607312496",2022,"B17001E_SnrPov","Pacific Islander (Non-Hispanic)",0,0,"Orleans","Carlton town","New York"
"3607312496",2022,"B17001F_SnrPov","Other (Non-Hispanic)",0,0,"Orleans","Carlton town","New York"
"3607312496",2022,"B17001G_SnrPov","Two or More Races (Non-Hispanic)",0,0,"Orleans","Carlton town","New York"
"3607312496",2022,"B17001H_SnrPov","White (Non-Hispanic)",76.6666666666667,49.088229963889,"Orleans","Carlton town","New York"
"3607312496",2022,"B17001I_SnrPov","Hispanic or Latino (Any Race)",0,0,"Orleans","Carlton town","New York"
"3607312496",2023,"B17001B_SnrPov","Black (Non-Hispanic)",0,0,"Orleans","Carlton town","New York"
"3607312496",2023,"B17001C_SnrPov","Native American (Non-Hispanic)",0,0,"Orleans","Carlton town","New York"
"3607312496",2023,"B17001D_SnrPov","Asian (Non-Hispanic)",0,0,"Orleans","Carlton town","New York"
"3607312496",2023,"B17001E_SnrPov","Pacific Islander (Non-Hispanic)",0,0,"Orleans","Carlton town","New York"
"3607312496",2023,"B17001F_SnrPov","Other (Non-Hispanic)",0,0,"Orleans","Carlton town","New York"
"3607312496",2023,"B17001G_SnrPov","Two or More Races (Non-Hispanic)",0,0,"Orleans","Carlton town","New York"
"3607312496",2023,"B17001H_SnrPov","White (Non-Hispanic)",37.9310344827586,53.2019270548759,"Orleans","Carlton town","New York"
"3607312496",2023,"B17001I_SnrPov","Hispanic or Latino (Any Race)",0,0,"Orleans","Carlton town","New York"
"3607312496",2024,"B17001B_SnrPov","Black (Non-Hispanic)",0,0,"Orleans","Carlton town","New York"
"3607312496",2024,"B17001C_SnrPov","Native American (Non-Hispanic)",0,0,"Orleans","Carlton town","New York"
"3607312496",2024,"B17001D_SnrPov","Asian (Non-Hispanic)",0,0,"Orleans","Carlton town","New York"
"3607312496",2024,"B17001E_SnrPov","Pacific Islander (Non-Hispanic)",0,0,"Orleans","Carlton town","New York"
"3607312496",2024,"B17001F_SnrPov","Other (Non-Hispanic)",0,0,"Orleans","Carlton town","New York"
"3607312496",2024,"B17001G_SnrPov","Two or More Races (Non-Hispanic)",0,0,"Orleans","Carlton town","New York"
"3607312496",2024,"B17001H_SnrPov","White (Non-Hispanic)",30.5555555555556,46.3464234797511,"Orleans","Carlton town","New York"
"3607312496",2024,"B17001I_SnrPov","Hispanic or Latino (Any Race)",0,0,"Orleans","Carlton town","New York"
"3607315880",2017,"B17001B_SnrPov","Black (Non-Hispanic)",0,0,"Orleans","Clarendon town","New York"
"3607315880",2017,"B17001C_SnrPov","Native American (Non-Hispanic)",0,0,"Orleans","Clarendon town","New York"
"3607315880",2017,"B17001D_SnrPov","Asian (Non-Hispanic)",0,0,"Orleans","Clarendon town","New York"
"3607315880",2017,"B17001E_SnrPov","Pacific Islander (Non-Hispanic)",0,0,"Orleans","Clarendon town","New York"
"3607315880",2017,"B17001F_SnrPov","Other (Non-Hispanic)",0,0,"Orleans","Clarendon town","New York"
"3607315880",2017,"B17001G_SnrPov","Two or More Races (Non-Hispanic)",0,0,"Orleans","Clarendon town","New York"
"3607315880",2017,"B17001H_SnrPov","White (Non-Hispanic)",64.6464646464647,37.5276013239416,"Orleans","Clarendon town","New York"
"3607315880",2017,"B17001I_SnrPov","Hispanic or Latino (Any Race)",0,0,"Orleans","Clarendon town","New York"
"3607315880",2018,"B17001B_SnrPov","Black (Non-Hispanic)",0,0,"Orleans","Clarendon town","New York"
"3607315880",2018,"B17001C_SnrPov","Native American (Non-Hispanic)",0,0,"Orleans","Clarendon town","New York"
"3607315880",2018,"B17001D_SnrPov","Asian (Non-Hispanic)",0,0,"Orleans","Clarendon town","New York"
"3607315880",2018,"B17001E_SnrPov","Pacific Islander (Non-Hispanic)",0,0,"Orleans","Clarendon town","New York"
"3607315880",2018,"B17001F_SnrPov","Other (Non-Hispanic)",0,0,"Orleans","Clarendon town","New York"
"3607315880",2018,"B17001G_SnrPov","Two or More Races (Non-Hispanic)",0,0,"Orleans","Clarendon town","New York"
"3607315880",2018,"B17001H_SnrPov","White (Non-Hispanic)",69.5652173913043,33.9469836780422,"Orleans","Clarendon town","New York"
"3607315880",2018,"B17001I_SnrPov","Hispanic or Latino (Any Race)",0,0,"Orleans","Clarendon town","New York"
"3607315880",2019,"B17001B_SnrPov","Black (Non-Hispanic)",0,0,"Orleans","Clarendon town","New York"
"3607315880",2019,"B17001C_SnrPov","Native American (Non-Hispanic)",0,0,"Orleans","Clarendon town","New York"
"3607315880",2019,"B17001D_SnrPov","Asian (Non-Hispanic)",0,0,"Orleans","Clarendon town","New York"
"3607315880",2019,"B17001E_SnrPov","Pacific Islander (Non-Hispanic)",0,0,"Orleans","Clarendon town","New York"
"3607315880",2019,"B17001F_SnrPov","Other (Non-Hispanic)",0,0,"Orleans","Clarendon town","New York"
"3607315880",2019,"B17001G_SnrPov","Two or More Races (Non-Hispanic)",0,0,"Orleans","Clarendon town","New York"
"3607315880",2019,"B17001H_SnrPov","White (Non-Hispanic)",16.0714285714286,29.8985754381185,"Orleans","Clarendon town","New York"
"3607315880",2019,"B17001I_SnrPov","Hispanic or Latino (Any Race)",0,0,"Orleans","Clarendon town","New York"
"3607315880",2020,"B17001B_SnrPov","Black (Non-Hispanic)",0,0,"Orleans","Clarendon town","New York"
"3607315880",2020,"B17001C_SnrPov","Native American (Non-Hispanic)",0,0,"Orleans","Clarendon town","New York"
"3607315880",2020,"B17001D_SnrPov","Asian (Non-Hispanic)",0,0,"Orleans","Clarendon town","New York"
"3607315880",2020,"B17001E_SnrPov","Pacific Islander (Non-Hispanic)",0,0,"Orleans","Clarendon town","New York"
"3607315880",2020,"B17001F_SnrPov","Other (Non-Hispanic)",0,0,"Orleans","Clarendon town","New York"
"3607315880",2020,"B17001G_SnrPov","Two or More Races (Non-Hispanic)",0,0,"Orleans","Clarendon town","New York"
"3607315880",2020,"B17001H_SnrPov","White (Non-Hispanic)",10.1123595505618,18.615864752235,"Orleans","Clarendon town","New York"
"3607315880",2020,"B17001I_SnrPov","Hispanic or Latino (Any Race)",0,0,"Orleans","Clarendon town","New York"
"3607315880",2021,"B17001B_SnrPov","Black (Non-Hispanic)",0,0,"Orleans","Clarendon town","New York"
"3607315880",2021,"B17001C_SnrPov","Native American (Non-Hispanic)",0,0,"Orleans","Clarendon town","New York"
"3607315880",2021,"B17001D_SnrPov","Asian (Non-Hispanic)",0,0,"Orleans","Clarendon town","New York"
"3607315880",2021,"B17001E_SnrPov","Pacific Islander (Non-Hispanic)",0,0,"Orleans","Clarendon town","New York"
"3607315880",2021,"B17001F_SnrPov","Other (Non-Hispanic)",0,0,"Orleans","Clarendon town","New York"
"3607315880",2021,"B17001G_SnrPov","Two or More Races (Non-Hispanic)",0,0,"Orleans","Clarendon town","New York"
"3607315880",2021,"B17001H_SnrPov","White (Non-Hispanic)",9.21052631578947,20.5291093973374,"Orleans","Clarendon town","New York"
"3607315880",2021,"B17001I_SnrPov","Hispanic or Latino (Any Race)",0,0,"Orleans","Clarendon town","New York"
"3607315880",2022,"B17001B_SnrPov","Black (Non-Hispanic)",0,0,"Orleans","Clarendon town","New York"
"3607315880",2022,"B17001C_SnrPov","Native American (Non-Hispanic)",0,0,"Orleans","Clarendon town","New York"
"3607315880",2022,"B17001D_SnrPov","Asian (Non-Hispanic)",0,0,"Orleans","Clarendon town","New York"
"3607315880",2022,"B17001E_SnrPov","Pacific Islander (Non-Hispanic)",0,0,"Orleans","Clarendon town","New York"
"3607315880",2022,"B17001F_SnrPov","Other (Non-Hispanic)",0,0,"Orleans","Clarendon town","New York"
"3607315880",2022,"B17001G_SnrPov","Two or More Races (Non-Hispanic)",0,0,"Orleans","Clarendon town","New York"
"3607315880",2022,"B17001H_SnrPov","White (Non-Hispanic)",0,31.6978901911211,"Orleans","Clarendon town","New York"
"3607315880",2022,"B17001I_SnrPov","Hispanic or Latino (Any Race)",0,0,"Orleans","Clarendon town","New York"
"3607315880",2023,"B17001B_SnrPov","Black (Non-Hispanic)",0,0,"Orleans","Clarendon town","New York"
"3607315880",2023,"B17001C_SnrPov","Native American (Non-Hispanic)",0,0,"Orleans","Clarendon town","New York"
"3607315880",2023,"B17001D_SnrPov","Asian (Non-Hispanic)",0,0,"Orleans","Clarendon town","New York"
"3607315880",2023,"B17001E_SnrPov","Pacific Islander (Non-Hispanic)",0,0,"Orleans","Clarendon town","New York"
"3607315880",2023,"B17001F_SnrPov","Other (Non-Hispanic)",0,0,"Orleans","Clarendon town","New York"
"3607315880",2023,"B17001G_SnrPov","Two or More Races (Non-Hispanic)",0,0,"Orleans","Clarendon town","New York"
"3607315880",2023,"B17001H_SnrPov","White (Non-Hispanic)",23.9583333333333,22.3444623025909,"Orleans","Clarendon town","New York"
"3607315880",2023,"B17001I_SnrPov","Hispanic or Latino (Any Race)",0,0,"Orleans","Clarendon town","New York"
"3607315880",2024,"B17001B_SnrPov","Black (Non-Hispanic)",0,0,"Orleans","Clarendon town","New York"
"3607315880",2024,"B17001C_SnrPov","Native American (Non-Hispanic)",0,0,"Orleans","Clarendon town","New York"
"3607315880",2024,"B17001D_SnrPov","Asian (Non-Hispanic)",0,0,"Orleans","Clarendon town","New York"
"3607315880",2024,"B17001E_SnrPov","Pacific Islander (Non-Hispanic)",0,0,"Orleans","Clarendon town","New York"
"3607315880",2024,"B17001F_SnrPov","Other (Non-Hispanic)",0,0,"Orleans","Clarendon town","New York"
"3607315880",2024,"B17001G_SnrPov","Two or More Races (Non-Hispanic)",0,0,"Orleans","Clarendon town","New York"
"3607315880",2024,"B17001H_SnrPov","White (Non-Hispanic)",44.8598130841121,19.8191157893695,"Orleans","Clarendon town","New York"
"3607315880",2024,"B17001I_SnrPov","Hispanic or Latino (Any Race)",0,0,"Orleans","Clarendon town","New York"
"3607327958",2017,"B17001B_SnrPov","Black (Non-Hispanic)",0,0,"Orleans","Gaines town","New York"
"3607327958",2017,"B17001C_SnrPov","Native American (Non-Hispanic)",0,0,"Orleans","Gaines town","New York"
"3607327958",2017,"B17001D_SnrPov","Asian (Non-Hispanic)",0,0,"Orleans","Gaines town","New York"
"3607327958",2017,"B17001E_SnrPov","Pacific Islander (Non-Hispanic)",0,0,"Orleans","Gaines town","New York"
"3607327958",2017,"B17001F_SnrPov","Other (Non-Hispanic)",0,0,"Orleans","Gaines town","New York"
"3607327958",2017,"B17001G_SnrPov","Two or More Races (Non-Hispanic)",100,785.988408170106,"Orleans","Gaines town","New York"
"3607327958",2017,"B17001H_SnrPov","White (Non-Hispanic)",48.4848484848485,37.0299611638675,"Orleans","Gaines town","New York"
"3607327958",2017,"B17001I_SnrPov","Hispanic or Latino (Any Race)",0,0,"Orleans","Gaines town","New York"
"3607327958",2018,"B17001B_SnrPov","Black (Non-Hispanic)",0,0,"Orleans","Gaines town","New York"
"3607327958",2018,"B17001C_SnrPov","Native American (Non-Hispanic)",0,0,"Orleans","Gaines town","New York"
"3607327958",2018,"B17001D_SnrPov","Asian (Non-Hispanic)",0,0,"Orleans","Gaines town","New York"
"3607327958",2018,"B17001E_SnrPov","Pacific Islander (Non-Hispanic)",0,0,"Orleans","Gaines town","New York"
"3607327958",2018,"B17001F_SnrPov","Other (Non-Hispanic)",0,0,"Orleans","Gaines town","New York"
"3607327958",2018,"B17001G_SnrPov","Two or More Races (Non-Hispanic)",0,0,"Orleans","Gaines town","New York"
"3607327958",2018,"B17001H_SnrPov","White (Non-Hispanic)",71.8518518518519,35.0215569162503,"Orleans","Gaines town","New York"
"3607327958",2018,"B17001I_SnrPov","Hispanic or Latino (Any Race)",0,0,"Orleans","Gaines town","New York"
"3607327958",2019,"B17001B_SnrPov","Black (Non-Hispanic)",0,0,"Orleans","Gaines town","New York"
"3607327958",2019,"B17001C_SnrPov","Native American (Non-Hispanic)",0,0,"Orleans","Gaines town","New York"
"3607327958",2019,"B17001D_SnrPov","Asian (Non-Hispanic)",0,0,"Orleans","Gaines town","New York"
"3607327958",2019,"B17001E_SnrPov","Pacific Islander (Non-Hispanic)",0,0,"Orleans","Gaines town","New York"
"3607327958",2019,"B17001F_SnrPov","Other (Non-Hispanic)",0,0,"Orleans","Gaines town","New York"
"3607327958",2019,"B17001G_SnrPov","Two or More Races (Non-Hispanic)",0,0,"Orleans","Gaines town","New York"
"3607327958",2019,"B17001H_SnrPov","White (Non-Hispanic)",67.7248677248677,29.6447734409376,"Orleans","Gaines town","New York"
"3607327958",2019,"B17001I_SnrPov","Hispanic or Latino (Any Race)",0,0,"Orleans","Gaines town","New York"
"3607327958",2020,"B17001B_SnrPov","Black (Non-Hispanic)",0,0,"Orleans","Gaines town","New York"
"3607327958",2020,"B17001C_SnrPov","Native American (Non-Hispanic)",0,0,"Orleans","Gaines town","New York"
"3607327958",2020,"B17001D_SnrPov","Asian (Non-Hispanic)",0,0,"Orleans","Gaines town","New York"
"3607327958",2020,"B17001E_SnrPov","Pacific Islander (Non-Hispanic)",0,0,"Orleans","Gaines town","New York"
"3607327958",2020,"B17001F_SnrPov","Other (Non-Hispanic)",0,0,"Orleans","Gaines town","New York"
"3607327958",2020,"B17001G_SnrPov","Two or More Races (Non-Hispanic)",0,0,"Orleans","Gaines town","New York"
"3607327958",2020,"B17001H_SnrPov","White (Non-Hispanic)",76.6233766233766,34.9742428109135,"Orleans","Gaines town","New York"
"3607327958",2020,"B17001I_SnrPov","Hispanic or Latino (Any Race)",0,0,"Orleans","Gaines town","New York"
"3607327958",2021,"B17001B_SnrPov","Black (Non-Hispanic)",0,0,"Orleans","Gaines town","New York"
"3607327958",2021,"B17001C_SnrPov","Native American (Non-Hispanic)",0,0,"Orleans","Gaines town","New York"
"3607327958",2021,"B17001D_SnrPov","Asian (Non-Hispanic)",0,0,"Orleans","Gaines town","New York"
"3607327958",2021,"B17001E_SnrPov","Pacific Islander (Non-Hispanic)",0,0,"Orleans","Gaines town","New York"
"3607327958",2021,"B17001F_SnrPov","Other (Non-Hispanic)",0,0,"Orleans","Gaines town","New York"
"3607327958",2021,"B17001G_SnrPov","Two or More Races (Non-Hispanic)",0,0,"Orleans","Gaines town","New York"
"3607327958",2021,"B17001H_SnrPov","White (Non-Hispanic)",62.8712871287129,27.2955374988233,"Orleans","Gaines town","New York"
"3607327958",2021,"B17001I_SnrPov","Hispanic or Latino (Any Race)",0,0,"Orleans","Gaines town","New York"
"3607327958",2022,"B17001B_SnrPov","Black (Non-Hispanic)",0,0,"Orleans","Gaines town","New York"
"3607327958",2022,"B17001C_SnrPov","Native American (Non-Hispanic)",0,0,"Orleans","Gaines town","New York"
"3607327958",2022,"B17001D_SnrPov","Asian (Non-Hispanic)",0,0,"Orleans","Gaines town","New York"
"3607327958",2022,"B17001E_SnrPov","Pacific Islander (Non-Hispanic)",0,0,"Orleans","Gaines town","New York"
"3607327958",2022,"B17001F_SnrPov","Other (Non-Hispanic)",0,0,"Orleans","Gaines town","New York"
"3607327958",2022,"B17001G_SnrPov","Two or More Races (Non-Hispanic)",0,0,"Orleans","Gaines town","New York"
"3607327958",2022,"B17001H_SnrPov","White (Non-Hispanic)",68.8888888888889,44.1311407938441,"Orleans","Gaines town","New York"
"3607327958",2022,"B17001I_SnrPov","Hispanic or Latino (Any Race)",0,0,"Orleans","Gaines town","New York"
"3607327958",2023,"B17001B_SnrPov","Black (Non-Hispanic)",100,1347.21935853075,"Orleans","Gaines town","New York"
"3607327958",2023,"B17001C_SnrPov","Native American (Non-Hispanic)",0,0,"Orleans","Gaines town","New York"
"3607327958",2023,"B17001D_SnrPov","Asian (Non-Hispanic)",0,0,"Orleans","Gaines town","New York"
"3607327958",2023,"B17001E_SnrPov","Pacific Islander (Non-Hispanic)",0,0,"Orleans","Gaines town","New York"
"3607327958",2023,"B17001F_SnrPov","Other (Non-Hispanic)",0,0,"Orleans","Gaines town","New York"
"3607327958",2023,"B17001G_SnrPov","Two or More Races (Non-Hispanic)",0,0,"Orleans","Gaines town","New York"
"3607327958",2023,"B17001H_SnrPov","White (Non-Hispanic)",43.75,38.6127230691193,"Orleans","Gaines town","New York"
"3607327958",2023,"B17001I_SnrPov","Hispanic or Latino (Any Race)",0,0,"Orleans","Gaines town","New York"
"3607327958",2024,"B17001B_SnrPov","Black (Non-Hispanic)",100,1509.96688705415,"Orleans","Gaines town","New York"
"3607327958",2024,"B17001C_SnrPov","Native American (Non-Hispanic)",0,0,"Orleans","Gaines town","New York"
"3607327958",2024,"B17001D_SnrPov","Asian (Non-Hispanic)",0,0,"Orleans","Gaines town","New York"
"3607327958",2024,"B17001E_SnrPov","Pacific Islander (Non-Hispanic)",0,0,"Orleans","Gaines town","New York"
"3607327958",2024,"B17001F_SnrPov","Other (Non-Hispanic)",0,0,"Orleans","Gaines town","New York"
"3607327958",2024,"B17001G_SnrPov","Two or More Races (Non-Hispanic)",0,0,"Orleans","Gaines town","New York"
"3607327958",2024,"B17001H_SnrPov","White (Non-Hispanic)",0,68.2723788731839,"Orleans","Gaines town","New York"
"3607327958",2024,"B17001I_SnrPov","Hispanic or Latino (Any Race)",0,0,"Orleans","Gaines town","New York"
"3607339188",2017,"B17001B_SnrPov","Black (Non-Hispanic)",0,0,"Orleans","Kendall town","New York"
"3607339188",2017,"B17001C_SnrPov","Native American (Non-Hispanic)",0,0,"Orleans","Kendall town","New York"
"3607339188",2017,"B17001D_SnrPov","Asian (Non-Hispanic)",0,0,"Orleans","Kendall town","New York"
"3607339188",2017,"B17001E_SnrPov","Pacific Islander (Non-Hispanic)",0,0,"Orleans","Kendall town","New York"
"3607339188",2017,"B17001F_SnrPov","Other (Non-Hispanic)",0,0,"Orleans","Kendall town","New York"
"3607339188",2017,"B17001G_SnrPov","Two or More Races (Non-Hispanic)",0,0,"Orleans","Kendall town","New York"
"3607339188",2017,"B17001H_SnrPov","White (Non-Hispanic)",84.6153846153846,97.6869136454859,"Orleans","Kendall town","New York"
"3607339188",2017,"B17001I_SnrPov","Hispanic or Latino (Any Race)",0,0,"Orleans","Kendall town","New York"
"3607339188",2018,"B17001B_SnrPov","Black (Non-Hispanic)",0,0,"Orleans","Kendall town","New York"
"3607339188",2018,"B17001C_SnrPov","Native American (Non-Hispanic)",0,0,"Orleans","Kendall town","New York"
"3607339188",2018,"B17001D_SnrPov","Asian (Non-Hispanic)",0,0,"Orleans","Kendall town","New York"
"3607339188",2018,"B17001E_SnrPov","Pacific Islander (Non-Hispanic)",0,0,"Orleans","Kendall town","New York"
"3607339188",2018,"B17001F_SnrPov","Other (Non-Hispanic)",0,0,"Orleans","Kendall town","New York"
"3607339188",2018,"B17001G_SnrPov","Two or More Races (Non-Hispanic)",0,0,"Orleans","Kendall town","New York"
"3607339188",2018,"B17001H_SnrPov","White (Non-Hispanic)",69.2307692307692,27.473405278908,"Orleans","Kendall town","New York"
"3607339188",2018,"B17001I_SnrPov","Hispanic or Latino (Any Race)",0,0,"Orleans","Kendall town","New York"
"3607339188",2019,"B17001B_SnrPov","Black (Non-Hispanic)",0,0,"Orleans","Kendall town","New York"
"3607339188",2019,"B17001C_SnrPov","Native American (Non-Hispanic)",0,0,"Orleans","Kendall town","New York"
"3607339188",2019,"B17001D_SnrPov","Asian (Non-Hispanic)",0,0,"Orleans","Kendall town","New York"
"3607339188",2019,"B17001E_SnrPov","Pacific Islander (Non-Hispanic)",0,0,"Orleans","Kendall town","New York"
"3607339188",2019,"B17001F_SnrPov","Other (Non-Hispanic)",0,0,"Orleans","Kendall town","New York"
"3607339188",2019,"B17001G_SnrPov","Two or More Races (Non-Hispanic)",0,0,"Orleans","Kendall town","New York"
"3607339188",2019,"B17001H_SnrPov","White (Non-Hispanic)",65.5172413793103,34.9525179708228,"Orleans","Kendall town","New York"
"3607339188",2019,"B17001I_SnrPov","Hispanic or Latino (Any Race)",0,0,"Orleans","Kendall town","New York"
"3607339188",2020,"B17001B_SnrPov","Black (Non-Hispanic)",0,0,"Orleans","Kendall town","New York"
"3607339188",2020,"B17001C_SnrPov","Native American (Non-Hispanic)",0,0,"Orleans","Kendall town","New York"
"3607339188",2020,"B17001D_SnrPov","Asian (Non-Hispanic)",0,0,"Orleans","Kendall town","New York"
"3607339188",2020,"B17001E_SnrPov","Pacific Islander (Non-Hispanic)",0,0,"Orleans","Kendall town","New York"
"3607339188",2020,"B17001F_SnrPov","Other (Non-Hispanic)",0,0,"Orleans","Kendall town","New York"
"3607339188",2020,"B17001G_SnrPov","Two or More Races (Non-Hispanic)",0,0,"Orleans","Kendall town","New York"
"3607339188",2020,"B17001H_SnrPov","White (Non-Hispanic)",55.1724137931034,29.9123797090713,"Orleans","Kendall town","New York"
"3607339188",2020,"B17001I_SnrPov","Hispanic or Latino (Any Race)",0,0,"Orleans","Kendall town","New York"
"3607339188",2021,"B17001B_SnrPov","Black (Non-Hispanic)",0,0,"Orleans","Kendall town","New York"
"3607339188",2021,"B17001C_SnrPov","Native American (Non-Hispanic)",0,0,"Orleans","Kendall town","New York"
"3607339188",2021,"B17001D_SnrPov","Asian (Non-Hispanic)",0,919.238815542512,"Orleans","Kendall town","New York"
"3607339188",2021,"B17001E_SnrPov","Pacific Islander (Non-Hispanic)",0,0,"Orleans","Kendall town","New York"
"3607339188",2021,"B17001F_SnrPov","Other (Non-Hispanic)",0,0,"Orleans","Kendall town","New York"
"3607339188",2021,"B17001G_SnrPov","Two or More Races (Non-Hispanic)",0,0,"Orleans","Kendall town","New York"
"3607339188",2021,"B17001H_SnrPov","White (Non-Hispanic)",52.7027027027027,25.6710059686987,"Orleans","Kendall town","New York"
"3607339188",2021,"B17001I_SnrPov","Hispanic or Latino (Any Race)",0,0,"Orleans","Kendall town","New York"
"3607339188",2022,"B17001B_SnrPov","Black (Non-Hispanic)",0,0,"Orleans","Kendall town","New York"
"3607339188",2022,"B17001C_SnrPov","Native American (Non-Hispanic)",0,0,"Orleans","Kendall town","New York"
"3607339188",2022,"B17001D_SnrPov","Asian (Non-Hispanic)",0,1838.47763108502,"Orleans","Kendall town","New York"
"3607339188",2022,"B17001E_SnrPov","Pacific Islander (Non-Hispanic)",0,0,"Orleans","Kendall town","New York"
"3607339188",2022,"B17001F_SnrPov","Other (Non-Hispanic)",0,0,"Orleans","Kendall town","New York"
"3607339188",2022,"B17001G_SnrPov","Two or More Races (Non-Hispanic)",0,0,"Orleans","Kendall town","New York"
"3607339188",2022,"B17001H_SnrPov","White (Non-Hispanic)",47.2727272727273,31.4302116824985,"Orleans","Kendall town","New York"
"3607339188",2022,"B17001I_SnrPov","Hispanic or Latino (Any Race)",0,0,"Orleans","Kendall town","New York"
"3607339188",2023,"B17001B_SnrPov","Black (Non-Hispanic)",0,0,"Orleans","Kendall town","New York"
"3607339188",2023,"B17001C_SnrPov","Native American (Non-Hispanic)",0,0,"Orleans","Kendall town","New York"
"3607339188",2023,"B17001D_SnrPov","Asian (Non-Hispanic)",0,1838.47763108502,"Orleans","Kendall town","New York"
"3607339188",2023,"B17001E_SnrPov","Pacific Islander (Non-Hispanic)",0,0,"Orleans","Kendall town","New York"
"3607339188",2023,"B17001F_SnrPov","Other (Non-Hispanic)",0,0,"Orleans","Kendall town","New York"
"3607339188",2023,"B17001G_SnrPov","Two or More Races (Non-Hispanic)",0,0,"Orleans","Kendall town","New York"
"3607339188",2023,"B17001H_SnrPov","White (Non-Hispanic)",44.1860465116279,39.4733910677831,"Orleans","Kendall town","New York"
"3607339188",2023,"B17001I_SnrPov","Hispanic or Latino (Any Race)",0,0,"Orleans","Kendall town","New York"
"3607339188",2024,"B17001B_SnrPov","Black (Non-Hispanic)",0,0,"Orleans","Kendall town","New York"
"3607339188",2024,"B17001C_SnrPov","Native American (Non-Hispanic)",0,0,"Orleans","Kendall town","New York"
"3607339188",2024,"B17001D_SnrPov","Asian (Non-Hispanic)",0,494.974746830583,"Orleans","Kendall town","New York"
"3607339188",2024,"B17001E_SnrPov","Pacific Islander (Non-Hispanic)",0,0,"Orleans","Kendall town","New York"
"3607339188",2024,"B17001F_SnrPov","Other (Non-Hispanic)",0,0,"Orleans","Kendall town","New York"
"3607339188",2024,"B17001G_SnrPov","Two or More Races (Non-Hispanic)",0,0,"Orleans","Kendall town","New York"
"3607339188",2024,"B17001H_SnrPov","White (Non-Hispanic)",37.2093023255814,43.4029760823088,"Orleans","Kendall town","New York"
"3607339188",2024,"B17001I_SnrPov","Hispanic or Latino (Any Race)",0,0,"Orleans","Kendall town","New York"
"3607349286",2017,"B17001B_SnrPov","Black (Non-Hispanic)",0,0,"Orleans","Murray town","New York"
"3607349286",2017,"B17001C_SnrPov","Native American (Non-Hispanic)",0,0,"Orleans","Murray town","New York"
"3607349286",2017,"B17001D_SnrPov","Asian (Non-Hispanic)",0,0,"Orleans","Murray town","New York"
"3607349286",2017,"B17001E_SnrPov","Pacific Islander (Non-Hispanic)",0,0,"Orleans","Murray town","New York"
"3607349286",2017,"B17001F_SnrPov","Other (Non-Hispanic)",0,47.1404520791032,"Orleans","Murray town","New York"
"3607349286",2017,"B17001G_SnrPov","Two or More Races (Non-Hispanic)",100,770.28133388609,"Orleans","Murray town","New York"
"3607349286",2017,"B17001H_SnrPov","White (Non-Hispanic)",38.9380530973451,20.7151772278173,"Orleans","Murray town","New York"
"3607349286",2017,"B17001I_SnrPov","Hispanic or Latino (Any Race)",0,47.1404520791032,"Orleans","Murray town","New York"
"3607349286",2018,"B17001B_SnrPov","Black (Non-Hispanic)",0,0,"Orleans","Murray town","New York"
"3607349286",2018,"B17001C_SnrPov","Native American (Non-Hispanic)",0,0,"Orleans","Murray town","New York"
"3607349286",2018,"B17001D_SnrPov","Asian (Non-Hispanic)",0,0,"Orleans","Murray town","New York"
"3607349286",2018,"B17001E_SnrPov","Pacific Islander (Non-Hispanic)",0,0,"Orleans","Murray town","New York"
"3607349286",2018,"B17001F_SnrPov","Other (Non-Hispanic)",0,53.0330085889911,"Orleans","Murray town","New York"
"3607349286",2018,"B17001G_SnrPov","Two or More Races (Non-Hispanic)",100,636.396103067893,"Orleans","Murray town","New York"
"3607349286",2018,"B17001H_SnrPov","White (Non-Hispanic)",33.695652173913,24.0718401616253,"Orleans","Murray town","New York"
"3607349286",2018,"B17001I_SnrPov","Hispanic or Latino (Any Race)",0,53.0330085889911,"Orleans","Murray town","New York"
"3607349286",2019,"B17001B_SnrPov","Black (Non-Hispanic)",0,0,"Orleans","Murray town","New York"
"3607349286",2019,"B17001C_SnrPov","Native American (Non-Hispanic)",0,0,"Orleans","Murray town","New York"
"3607349286",2019,"B17001D_SnrPov","Asian (Non-Hispanic)",0,0,"Orleans","Murray town","New York"
"3607349286",2019,"B17001E_SnrPov","Pacific Islander (Non-Hispanic)",0,0,"Orleans","Murray town","New York"
"3607349286",2019,"B17001F_SnrPov","Other (Non-Hispanic)",0,53.0330085889911,"Orleans","Murray town","New York"
"3607349286",2019,"B17001G_SnrPov","Two or More Races (Non-Hispanic)",100,519.230199429887,"Orleans","Murray town","New York"
"3607349286",2019,"B17001H_SnrPov","White (Non-Hispanic)",38.2022471910112,27.1406886180794,"Orleans","Murray town","New York"
"3607349286",2019,"B17001I_SnrPov","Hispanic or Latino (Any Race)",0,53.0330085889911,"Orleans","Murray town","New York"
"3607349286",2020,"B17001B_SnrPov","Black (Non-Hispanic)",0,0,"Orleans","Murray town","New York"
"3607349286",2020,"B17001C_SnrPov","Native American (Non-Hispanic)",0,0,"Orleans","Murray town","New York"
"3607349286",2020,"B17001D_SnrPov","Asian (Non-Hispanic)",0,0,"Orleans","Murray town","New York"
"3607349286",2020,"B17001E_SnrPov","Pacific Islander (Non-Hispanic)",0,0,"Orleans","Murray town","New York"
"3607349286",2020,"B17001F_SnrPov","Other (Non-Hispanic)",0,49.9134198484622,"Orleans","Murray town","New York"
"3607349286",2020,"B17001G_SnrPov","Two or More Races (Non-Hispanic)",0,0,"Orleans","Murray town","New York"
"3607349286",2020,"B17001H_SnrPov","White (Non-Hispanic)",31.4814814814815,31.6751969396038,"Orleans","Murray town","New York"
"3607349286",2020,"B17001I_SnrPov","Hispanic or Latino (Any Race)",0,49.9134198484622,"Orleans","Murray town","New York"
"3607349286",2021,"B17001B_SnrPov","Black (Non-Hispanic)",0,0,"Orleans","Murray town","New York"
"3607349286",2021,"B17001C_SnrPov","Native American (Non-Hispanic)",0,0,"Orleans","Murray town","New York"
"3607349286",2021,"B17001D_SnrPov","Asian (Non-Hispanic)",0,0,"Orleans","Murray town","New York"
"3607349286",2021,"B17001E_SnrPov","Pacific Islander (Non-Hispanic)",0,0,"Orleans","Murray town","New York"
"3607349286",2021,"B17001F_SnrPov","Other (Non-Hispanic)",0,73.5391052434009,"Orleans","Murray town","New York"
"3607349286",2021,"B17001G_SnrPov","Two or More Races (Non-Hispanic)",0,0,"Orleans","Murray town","New York"
"3607349286",2021,"B17001H_SnrPov","White (Non-Hispanic)",51.0204081632653,38.283829916488,"Orleans","Murray town","New York"
"3607349286",2021,"B17001I_SnrPov","Hispanic or Latino (Any Race)",0,73.5391052434009,"Orleans","Murray town","New York"
"3607349286",2022,"B17001B_SnrPov","Black (Non-Hispanic)",0,0,"Orleans","Murray town","New York"
"3607349286",2022,"B17001C_SnrPov","Native American (Non-Hispanic)",0,0,"Orleans","Murray town","New York"
"3607349286",2022,"B17001D_SnrPov","Asian (Non-Hispanic)",0,0,"Orleans","Murray town","New York"
"3607349286",2022,"B17001E_SnrPov","Pacific Islander (Non-Hispanic)",0,0,"Orleans","Murray town","New York"
"3607349286",2022,"B17001F_SnrPov","Other (Non-Hispanic)",0,0,"Orleans","Murray town","New York"
"3607349286",2022,"B17001G_SnrPov","Two or More Races (Non-Hispanic)",0,0,"Orleans","Murray town","New York"
"3607349286",2022,"B17001H_SnrPov","White (Non-Hispanic)",26.3157894736842,78.4843300083501,"Orleans","Murray town","New York"
"3607349286",2022,"B17001I_SnrPov","Hispanic or Latino (Any Race)",0,0,"Orleans","Murray town","New York"
"3607349286",2023,"B17001B_SnrPov","Black (Non-Hispanic)",0,0,"Orleans","Murray town","New York"
"3607349286",2023,"B17001C_SnrPov","Native American (Non-Hispanic)",0,0,"Orleans","Murray town","New York"
"3607349286",2023,"B17001D_SnrPov","Asian (Non-Hispanic)",0,0,"Orleans","Murray town","New York"
"3607349286",2023,"B17001E_SnrPov","Pacific Islander (Non-Hispanic)",0,0,"Orleans","Murray town","New York"
"3607349286",2023,"B17001F_SnrPov","Other (Non-Hispanic)",0,0,"Orleans","Murray town","New York"
"3607349286",2023,"B17001G_SnrPov","Two or More Races (Non-Hispanic)",0,0,"Orleans","Murray town","New York"
"3607349286",2023,"B17001H_SnrPov","White (Non-Hispanic)",26.0869565217391,66.7725058966063,"Orleans","Murray town","New York"
"3607349286",2023,"B17001I_SnrPov","Hispanic or Latino (Any Race)",0,0,"Orleans","Murray town","New York"
"3607349286",2024,"B17001B_SnrPov","Black (Non-Hispanic)",0,0,"Orleans","Murray town","New York"
"3607349286",2024,"B17001C_SnrPov","Native American (Non-Hispanic)",0,0,"Orleans","Murray town","New York"
"3607349286",2024,"B17001D_SnrPov","Asian (Non-Hispanic)",0,0,"Orleans","Murray town","New York"
"3607349286",2024,"B17001E_SnrPov","Pacific Islander (Non-Hispanic)",0,0,"Orleans","Murray town","New York"
"3607349286",2024,"B17001F_SnrPov","Other (Non-Hispanic)",0,0,"Orleans","Murray town","New York"
"3607349286",2024,"B17001G_SnrPov","Two or More Races (Non-Hispanic)",0,116.464646313078,"Orleans","Murray town","New York"
"3607349286",2024,"B17001H_SnrPov","White (Non-Hispanic)",16.2790697674419,35.7645142559435,"Orleans","Murray town","New York"
"3607349286",2024,"B17001I_SnrPov","Hispanic or Latino (Any Race)",0,0,"Orleans","Murray town","New York"
"3607361742",2017,"B17001B_SnrPov","Black (Non-Hispanic)",100,1103.52969048312,"Orleans","Ridgeway town","New York"
"3607361742",2017,"B17001C_SnrPov","Native American (Non-Hispanic)",0,0,"Orleans","Ridgeway town","New York"
"3607361742",2017,"B17001D_SnrPov","Asian (Non-Hispanic)",100,1131.37084989848,"Orleans","Ridgeway town","New York"
"3607361742",2017,"B17001E_SnrPov","Pacific Islander (Non-Hispanic)",0,0,"Orleans","Ridgeway town","New York"
"3607361742",2017,"B17001F_SnrPov","Other (Non-Hispanic)",0,0,"Orleans","Ridgeway town","New York"
"3607361742",2017,"B17001G_SnrPov","Two or More Races (Non-Hispanic)",0,0,"Orleans","Ridgeway town","New York"
"3607361742",2017,"B17001H_SnrPov","White (Non-Hispanic)",62.1428571428571,27.2355053365475,"Orleans","Ridgeway town","New York"
"3607361742",2017,"B17001I_SnrPov","Hispanic or Latino (Any Race)",0,0,"Orleans","Ridgeway town","New York"
"3607361742",2018,"B17001B_SnrPov","Black (Non-Hispanic)",100,613.731754650732,"Orleans","Ridgeway town","New York"
"3607361742",2018,"B17001C_SnrPov","Native American (Non-Hispanic)",0,0,"Orleans","Ridgeway town","New York"
"3607361742",2018,"B17001D_SnrPov","Asian (Non-Hispanic)",100,1194.43152447793,"Orleans","Ridgeway town","New York"
"3607361742",2018,"B17001E_SnrPov","Pacific Islander (Non-Hispanic)",0,0,"Orleans","Ridgeway town","New York"
"3607361742",2018,"B17001F_SnrPov","Other (Non-Hispanic)",0,0,"Orleans","Ridgeway town","New York"
"3607361742",2018,"B17001G_SnrPov","Two or More Races (Non-Hispanic)",0,0,"Orleans","Ridgeway town","New York"
"3607361742",2018,"B17001H_SnrPov","White (Non-Hispanic)",62.6865671641791,24.3525569904692,"Orleans","Ridgeway town","New York"
"3607361742",2018,"B17001I_SnrPov","Hispanic or Latino (Any Race)",0,0,"Orleans","Ridgeway town","New York"
"3607361742",2019,"B17001B_SnrPov","Black (Non-Hispanic)",100,534.140545595426,"Orleans","Ridgeway town","New York"
"3607361742",2019,"B17001C_SnrPov","Native American (Non-Hispanic)",0,0,"Orleans","Ridgeway town","New York"
"3607361742",2019,"B17001D_SnrPov","Asian (Non-Hispanic)",0,0,"Orleans","Ridgeway town","New York"
"3607361742",2019,"B17001E_SnrPov","Pacific Islander (Non-Hispanic)",0,0,"Orleans","Ridgeway town","New York"
"3607361742",2019,"B17001F_SnrPov","Other (Non-Hispanic)",0,0,"Orleans","Ridgeway town","New York"
"3607361742",2019,"B17001G_SnrPov","Two or More Races (Non-Hispanic)",0,0,"Orleans","Ridgeway town","New York"
"3607361742",2019,"B17001H_SnrPov","White (Non-Hispanic)",55.7377049180328,20.4299205267369,"Orleans","Ridgeway town","New York"
"3607361742",2019,"B17001I_SnrPov","Hispanic or Latino (Any Race)",0,0,"Orleans","Ridgeway town","New York"
"3607361742",2020,"B17001B_SnrPov","Black (Non-Hispanic)",100,445.276997989197,"Orleans","Ridgeway town","New York"
"3607361742",2020,"B17001C_SnrPov","Native American (Non-Hispanic)",0,0,"Orleans","Ridgeway town","New York"
"3607361742",2020,"B17001D_SnrPov","Asian (Non-Hispanic)",0,0,"Orleans","Ridgeway town","New York"
"3607361742",2020,"B17001E_SnrPov","Pacific Islander (Non-Hispanic)",0,0,"Orleans","Ridgeway town","New York"
"3607361742",2020,"B17001F_SnrPov","Other (Non-Hispanic)",0,0,"Orleans","Ridgeway town","New York"
"3607361742",2020,"B17001G_SnrPov","Two or More Races (Non-Hispanic)",0,0,"Orleans","Ridgeway town","New York"
"3607361742",2020,"B17001H_SnrPov","White (Non-Hispanic)",58.5106382978723,26.6675921935183,"Orleans","Ridgeway town","New York"
"3607361742",2020,"B17001I_SnrPov","Hispanic or Latino (Any Race)",0,0,"Orleans","Ridgeway town","New York"
"3607361742",2021,"B17001B_SnrPov","Black (Non-Hispanic)",100,381.51743807532,"Orleans","Ridgeway town","New York"
"3607361742",2021,"B17001C_SnrPov","Native American (Non-Hispanic)",0,0,"Orleans","Ridgeway town","New York"
"3607361742",2021,"B17001D_SnrPov","Asian (Non-Hispanic)",0,0,"Orleans","Ridgeway town","New York"
"3607361742",2021,"B17001E_SnrPov","Pacific Islander (Non-Hispanic)",0,0,"Orleans","Ridgeway town","New York"
"3607361742",2021,"B17001F_SnrPov","Other (Non-Hispanic)",0,0,"Orleans","Ridgeway town","New York"
"3607361742",2021,"B17001G_SnrPov","Two or More Races (Non-Hispanic)",0,0,"Orleans","Ridgeway town","New York"
"3607361742",2021,"B17001H_SnrPov","White (Non-Hispanic)",54.9180327868852,27.1356524484506,"Orleans","Ridgeway town","New York"
"3607361742",2021,"B17001I_SnrPov","Hispanic or Latino (Any Race)",0,0,"Orleans","Ridgeway town","New York"
"3607361742",2022,"B17001B_SnrPov","Black (Non-Hispanic)",100,399.259669918799,"Orleans","Ridgeway town","New York"
"3607361742",2022,"B17001C_SnrPov","Native American (Non-Hispanic)",0,0,"Orleans","Ridgeway town","New York"
"3607361742",2022,"B17001D_SnrPov","Asian (Non-Hispanic)",0,0,"Orleans","Ridgeway town","New York"
"3607361742",2022,"B17001E_SnrPov","Pacific Islander (Non-Hispanic)",0,0,"Orleans","Ridgeway town","New York"
"3607361742",2022,"B17001F_SnrPov","Other (Non-Hispanic)",58.8235294117647,126.944355188816,"Orleans","Ridgeway town","New York"
"3607361742",2022,"B17001G_SnrPov","Two or More Races (Non-Hispanic)",0,0,"Orleans","Ridgeway town","New York"
"3607361742",2022,"B17001H_SnrPov","White (Non-Hispanic)",55.3846153846154,24.1989842897763,"Orleans","Ridgeway town","New York"
"3607361742",2022,"B17001I_SnrPov","Hispanic or Latino (Any Race)",58.8235294117647,126.944355188816,"Orleans","Ridgeway town","New York"
"3607361742",2023,"B17001B_SnrPov","Black (Non-Hispanic)",0,0,"Orleans","Ridgeway town","New York"
"3607361742",2023,"B17001C_SnrPov","Native American (Non-Hispanic)",0,0,"Orleans","Ridgeway town","New York"
"3607361742",2023,"B17001D_SnrPov","Asian (Non-Hispanic)",0,0,"Orleans","Ridgeway town","New York"
"3607361742",2023,"B17001E_SnrPov","Pacific Islander (Non-Hispanic)",0,0,"Orleans","Ridgeway town","New York"
"3607361742",2023,"B17001F_SnrPov","Other (Non-Hispanic)",52.6315789473684,111.191149536179,"Orleans","Ridgeway town","New York"
"3607361742",2023,"B17001G_SnrPov","Two or More Races (Non-Hispanic)",0,0,"Orleans","Ridgeway town","New York"
"3607361742",2023,"B17001H_SnrPov","White (Non-Hispanic)",51.123595505618,20.7081817491553,"Orleans","Ridgeway town","New York"
"3607361742",2023,"B17001I_SnrPov","Hispanic or Latino (Any Race)",52.6315789473684,111.191149536179,"Orleans","Ridgeway town","New York"
"3607361742",2024,"B17001B_SnrPov","Black (Non-Hispanic)",0,0,"Orleans","Ridgeway town","New York"
"3607361742",2024,"B17001C_SnrPov","Native American (Non-Hispanic)",0,0,"Orleans","Ridgeway town","New York"
"3607361742",2024,"B17001D_SnrPov","Asian (Non-Hispanic)",0,0,"Orleans","Ridgeway town","New York"
"3607361742",2024,"B17001E_SnrPov","Pacific Islander (Non-Hispanic)",0,0,"Orleans","Ridgeway town","New York"
"3607361742",2024,"B17001F_SnrPov","Other (Non-Hispanic)",22.2222222222222,117.998150329472,"Orleans","Ridgeway town","New York"
"3607361742",2024,"B17001G_SnrPov","Two or More Races (Non-Hispanic)",0,0,"Orleans","Ridgeway town","New York"
"3607361742",2024,"B17001H_SnrPov","White (Non-Hispanic)",47.887323943662,22.4639352182022,"Orleans","Ridgeway town","New York"
"3607361742",2024,"B17001I_SnrPov","Hispanic or Latino (Any Race)",22.2222222222222,117.998150329472,"Orleans","Ridgeway town","New York"
"3607366751",2017,"B17001B_SnrPov","Black (Non-Hispanic)",100,603.692342542495,"Orleans","Shelby town","New York"
"3607366751",2017,"B17001C_SnrPov","Native American (Non-Hispanic)",0,0,"Orleans","Shelby town","New York"
"3607366751",2017,"B17001D_SnrPov","Asian (Non-Hispanic)",0,0,"Orleans","Shelby town","New York"
"3607366751",2017,"B17001E_SnrPov","Pacific Islander (Non-Hispanic)",100,288.790581563873,"Orleans","Shelby town","New York"
"3607366751",2017,"B17001F_SnrPov","Other (Non-Hispanic)",0,0,"Orleans","Shelby town","New York"
"3607366751",2017,"B17001G_SnrPov","Two or More Races (Non-Hispanic)",0,0,"Orleans","Shelby town","New York"
"3607366751",2017,"B17001H_SnrPov","White (Non-Hispanic)",9.00900900900901,8.55279463714476,"Orleans","Shelby town","New York"
"3607366751",2017,"B17001I_SnrPov","Hispanic or Latino (Any Race)",0,0,"Orleans","Shelby town","New York"
"3607366751",2018,"B17001B_SnrPov","Black (Non-Hispanic)",100,294.082258900465,"Orleans","Shelby town","New York"
"3607366751",2018,"B17001C_SnrPov","Native American (Non-Hispanic)",0,0,"Orleans","Shelby town","New York"
"3607366751",2018,"B17001D_SnrPov","Asian (Non-Hispanic)",0,0,"Orleans","Shelby town","New York"
"3607366751",2018,"B17001E_SnrPov","Pacific Islander (Non-Hispanic)",100,280.42727360639,"Orleans","Shelby town","New York"
"3607366751",2018,"B17001F_SnrPov","Other (Non-Hispanic)",0,0,"Orleans","Shelby town","New York"
"3607366751",2018,"B17001G_SnrPov","Two or More Races (Non-Hispanic)",0,0,"Orleans","Shelby town","New York"
"3607366751",2018,"B17001H_SnrPov","White (Non-Hispanic)",18.3206106870229,15.7090772689728,"Orleans","Shelby town","New York"
"3607366751",2018,"B17001I_SnrPov","Hispanic or Latino (Any Race)",0,0,"Orleans","Shelby town","New York"
"3607366751",2019,"B17001B_SnrPov","Black (Non-Hispanic)",0,0,"Orleans","Shelby town","New York"
"3607366751",2019,"B17001C_SnrPov","Native American (Non-Hispanic)",0,0,"Orleans","Shelby town","New York"
"3607366751",2019,"B17001D_SnrPov","Asian (Non-Hispanic)",0,0,"Orleans","Shelby town","New York"
"3607366751",2019,"B17001E_SnrPov","Pacific Islander (Non-Hispanic)",0,0,"Orleans","Shelby town","New York"
"3607366751",2019,"B17001F_SnrPov","Other (Non-Hispanic)",0,0,"Orleans","Shelby town","New York"
"3607366751",2019,"B17001G_SnrPov","Two or More Races (Non-Hispanic)",0,0,"Orleans","Shelby town","New York"
"3607366751",2019,"B17001H_SnrPov","White (Non-Hispanic)",18.8235294117647,28.9099697878214,"Orleans","Shelby town","New York"
"3607366751",2019,"B17001I_SnrPov","Hispanic or Latino (Any Race)",0,0,"Orleans","Shelby town","New York"
"3607366751",2020,"B17001B_SnrPov","Black (Non-Hispanic)",0,1202.08152801713,"Orleans","Shelby town","New York"
"3607366751",2020,"B17001C_SnrPov","Native American (Non-Hispanic)",0,0,"Orleans","Shelby town","New York"
"3607366751",2020,"B17001D_SnrPov","Asian (Non-Hispanic)",0,0,"Orleans","Shelby town","New York"
"3607366751",2020,"B17001E_SnrPov","Pacific Islander (Non-Hispanic)",0,0,"Orleans","Shelby town","New York"
"3607366751",2020,"B17001F_SnrPov","Other (Non-Hispanic)",0,0,"Orleans","Shelby town","New York"
"3607366751",2020,"B17001G_SnrPov","Two or More Races (Non-Hispanic)",100,907.606743033567,"Orleans","Shelby town","New York"
"3607366751",2020,"B17001H_SnrPov","White (Non-Hispanic)",23.6363636363636,38.9090066493958,"Orleans","Shelby town","New York"
"3607366751",2020,"B17001I_SnrPov","Hispanic or Latino (Any Race)",100,907.606743033567,"Orleans","Shelby town","New York"
"3607366751",2021,"B17001B_SnrPov","Black (Non-Hispanic)",0,612.825877028341,"Orleans","Shelby town","New York"
"3607366751",2021,"B17001C_SnrPov","Native American (Non-Hispanic)",0,0,"Orleans","Shelby town","New York"
"3607366751",2021,"B17001D_SnrPov","Asian (Non-Hispanic)",0,0,"Orleans","Shelby town","New York"
"3607366751",2021,"B17001E_SnrPov","Pacific Islander (Non-Hispanic)",0,0,"Orleans","Shelby town","New York"
"3607366751",2021,"B17001F_SnrPov","Other (Non-Hispanic)",0,0,"Orleans","Shelby town","New York"
"3607366751",2021,"B17001G_SnrPov","Two or More Races (Non-Hispanic)",100,364.391362533139,"Orleans","Shelby town","New York"
"3607366751",2021,"B17001H_SnrPov","White (Non-Hispanic)",18.5714285714286,27.2213457781299,"Orleans","Shelby town","New York"
"3607366751",2021,"B17001I_SnrPov","Hispanic or Latino (Any Race)",100,364.391362533139,"Orleans","Shelby town","New York"
"3607366751",2022,"B17001B_SnrPov","Black (Non-Hispanic)",0,141.421356237309,"Orleans","Shelby town","New York"
"3607366751",2022,"B17001C_SnrPov","Native American (Non-Hispanic)",0,0,"Orleans","Shelby town","New York"
"3607366751",2022,"B17001D_SnrPov","Asian (Non-Hispanic)",0,0,"Orleans","Shelby town","New York"
"3607366751",2022,"B17001E_SnrPov","Pacific Islander (Non-Hispanic)",0,0,"Orleans","Shelby town","New York"
"3607366751",2022,"B17001F_SnrPov","Other (Non-Hispanic)",0,0,"Orleans","Shelby town","New York"
"3607366751",2022,"B17001G_SnrPov","Two or More Races (Non-Hispanic)",100,351.172036625866,"Orleans","Shelby town","New York"
"3607366751",2022,"B17001H_SnrPov","White (Non-Hispanic)",34.6153846153846,34.7394636807038,"Orleans","Shelby town","New York"
"3607366751",2022,"B17001I_SnrPov","Hispanic or Latino (Any Race)",100,351.172036625866,"Orleans","Shelby town","New York"
"3607366751",2023,"B17001B_SnrPov","Black (Non-Hispanic)",0,102.13764617139,"Orleans","Shelby town","New York"
"3607366751",2023,"B17001C_SnrPov","Native American (Non-Hispanic)",0,0,"Orleans","Shelby town","New York"
"3607366751",2023,"B17001D_SnrPov","Asian (Non-Hispanic)",0,0,"Orleans","Shelby town","New York"
"3607366751",2023,"B17001E_SnrPov","Pacific Islander (Non-Hispanic)",0,0,"Orleans","Shelby town","New York"
"3607366751",2023,"B17001F_SnrPov","Other (Non-Hispanic)",0,0,"Orleans","Shelby town","New York"
"3607366751",2023,"B17001G_SnrPov","Two or More Races (Non-Hispanic)",100,364.417343165772,"Orleans","Shelby town","New York"
"3607366751",2023,"B17001H_SnrPov","White (Non-Hispanic)",28.7671232876712,16.1003958187821,"Orleans","Shelby town","New York"
"3607366751",2023,"B17001I_SnrPov","Hispanic or Latino (Any Race)",100,364.417343165772,"Orleans","Shelby town","New York"
"3607366751",2024,"B17001B_SnrPov","Black (Non-Hispanic)",0,53.5107834411441,"Orleans","Shelby town","New York"
"3607366751",2024,"B17001C_SnrPov","Native American (Non-Hispanic)",0,0,"Orleans","Shelby town","New York"
"3607366751",2024,"B17001D_SnrPov","Asian (Non-Hispanic)",0,0,"Orleans","Shelby town","New York"
"3607366751",2024,"B17001E_SnrPov","Pacific Islander (Non-Hispanic)",0,0,"Orleans","Shelby town","New York"
"3607366751",2024,"B17001F_SnrPov","Other (Non-Hispanic)",0,0,"Orleans","Shelby town","New York"
"3607366751",2024,"B17001G_SnrPov","Two or More Races (Non-Hispanic)",100,347.760693581089,"Orleans","Shelby town","New York"
"3607366751",2024,"B17001H_SnrPov","White (Non-Hispanic)",30.6122448979592,15.8176939892565,"Orleans","Shelby town","New York"
"3607366751",2024,"B17001I_SnrPov","Hispanic or Latino (Any Race)",100,347.760693581089,"Orleans","Shelby town","New York"
"3607383448",2017,"B17001B_SnrPov","Black (Non-Hispanic)",0,0,"Orleans","Yates town","New York"
"3607383448",2017,"B17001C_SnrPov","Native American (Non-Hispanic)",0,0,"Orleans","Yates town","New York"
"3607383448",2017,"B17001D_SnrPov","Asian (Non-Hispanic)",100,1120.2678251204,"Orleans","Yates town","New York"
"3607383448",2017,"B17001E_SnrPov","Pacific Islander (Non-Hispanic)",0,0,"Orleans","Yates town","New York"
"3607383448",2017,"B17001F_SnrPov","Other (Non-Hispanic)",0,0,"Orleans","Yates town","New York"
"3607383448",2017,"B17001G_SnrPov","Two or More Races (Non-Hispanic)",0,0,"Orleans","Yates town","New York"
"3607383448",2017,"B17001H_SnrPov","White (Non-Hispanic)",60,23.0403372991183,"Orleans","Yates town","New York"
"3607383448",2017,"B17001I_SnrPov","Hispanic or Latino (Any Race)",0,0,"Orleans","Yates town","New York"
"3607383448",2018,"B17001B_SnrPov","Black (Non-Hispanic)",0,0,"Orleans","Yates town","New York"
"3607383448",2018,"B17001C_SnrPov","Native American (Non-Hispanic)",0,0,"Orleans","Yates town","New York"
"3607383448",2018,"B17001D_SnrPov","Asian (Non-Hispanic)",100,2416.60919471891,"Orleans","Yates town","New York"
"3607383448",2018,"B17001E_SnrPov","Pacific Islander (Non-Hispanic)",0,0,"Orleans","Yates town","New York"
"3607383448",2018,"B17001F_SnrPov","Other (Non-Hispanic)",0,0,"Orleans","Yates town","New York"
"3607383448",2018,"B17001G_SnrPov","Two or More Races (Non-Hispanic)",0,0,"Orleans","Yates town","New York"
"3607383448",2018,"B17001H_SnrPov","White (Non-Hispanic)",66.0714285714286,22.4963535819606,"Orleans","Yates town","New York"
"3607383448",2018,"B17001I_SnrPov","Hispanic or Latino (Any Race)",0,0,"Orleans","Yates town","New York"
"3607383448",2019,"B17001B_SnrPov","Black (Non-Hispanic)",0,0,"Orleans","Yates town","New York"
"3607383448",2019,"B17001C_SnrPov","Native American (Non-Hispanic)",0,0,"Orleans","Yates town","New York"
"3607383448",2019,"B17001D_SnrPov","Asian (Non-Hispanic)",0,0,"Orleans","Yates town","New York"
"3607383448",2019,"B17001E_SnrPov","Pacific Islander (Non-Hispanic)",0,0,"Orleans","Yates town","New York"
"3607383448",2019,"B17001F_SnrPov","Other (Non-Hispanic)",0,0,"Orleans","Yates town","New York"
"3607383448",2019,"B17001G_SnrPov","Two or More Races (Non-Hispanic)",0,0,"Orleans","Yates town","New York"
"3607383448",2019,"B17001H_SnrPov","White (Non-Hispanic)",71.4285714285714,27.3635174981208,"Orleans","Yates town","New York"
"3607383448",2019,"B17001I_SnrPov","Hispanic or Latino (Any Race)",0,0,"Orleans","Yates town","New York"
"3607383448",2020,"B17001B_SnrPov","Black (Non-Hispanic)",0,0,"Orleans","Yates town","New York"
"3607383448",2020,"B17001C_SnrPov","Native American (Non-Hispanic)",0,0,"Orleans","Yates town","New York"
"3607383448",2020,"B17001D_SnrPov","Asian (Non-Hispanic)",0,0,"Orleans","Yates town","New York"
"3607383448",2020,"B17001E_SnrPov","Pacific Islander (Non-Hispanic)",0,0,"Orleans","Yates town","New York"
"3607383448",2020,"B17001F_SnrPov","Other (Non-Hispanic)",0,0,"Orleans","Yates town","New York"
"3607383448",2020,"B17001G_SnrPov","Two or More Races (Non-Hispanic)",0,0,"Orleans","Yates town","New York"
"3607383448",2020,"B17001H_SnrPov","White (Non-Hispanic)",73.3333333333333,70.4819388475069,"Orleans","Yates town","New York"
"3607383448",2020,"B17001I_SnrPov","Hispanic or Latino (Any Race)",0,0,"Orleans","Yates town","New York"
"3607383448",2021,"B17001B_SnrPov","Black (Non-Hispanic)",0,0,"Orleans","Yates town","New York"
"3607383448",2021,"B17001C_SnrPov","Native American (Non-Hispanic)",0,0,"Orleans","Yates town","New York"
"3607383448",2021,"B17001D_SnrPov","Asian (Non-Hispanic)",0,0,"Orleans","Yates town","New York"
"3607383448",2021,"B17001E_SnrPov","Pacific Islander (Non-Hispanic)",0,0,"Orleans","Yates town","New York"
"3607383448",2021,"B17001F_SnrPov","Other (Non-Hispanic)",0,0,"Orleans","Yates town","New York"
"3607383448",2021,"B17001G_SnrPov","Two or More Races (Non-Hispanic)",0,0,"Orleans","Yates town","New York"
"3607383448",2021,"B17001H_SnrPov","White (Non-Hispanic)",80,39.4588393138977,"Orleans","Yates town","New York"
"3607383448",2021,"B17001I_SnrPov","Hispanic or Latino (Any Race)",0,0,"Orleans","Yates town","New York"
"3607383448",2022,"B17001B_SnrPov","Black (Non-Hispanic)",0,0,"Orleans","Yates town","New York"
"3607383448",2022,"B17001C_SnrPov","Native American (Non-Hispanic)",0,0,"Orleans","Yates town","New York"
"3607383448",2022,"B17001D_SnrPov","Asian (Non-Hispanic)",0,0,"Orleans","Yates town","New York"
"3607383448",2022,"B17001E_SnrPov","Pacific Islander (Non-Hispanic)",0,0,"Orleans","Yates town","New York"
"3607383448",2022,"B17001F_SnrPov","Other (Non-Hispanic)",0,0,"Orleans","Yates town","New York"
"3607383448",2022,"B17001G_SnrPov","Two or More Races (Non-Hispanic)",0,0,"Orleans","Yates town","New York"
"3607383448",2022,"B17001H_SnrPov","White (Non-Hispanic)",47.3684210526316,27.1181798214547,"Orleans","Yates town","New York"
"3607383448",2022,"B17001I_SnrPov","Hispanic or Latino (Any Race)",0,0,"Orleans","Yates town","New York"
"3607383448",2023,"B17001B_SnrPov","Black (Non-Hispanic)",0,0,"Orleans","Yates town","New York"
"3607383448",2023,"B17001C_SnrPov","Native American (Non-Hispanic)",0,0,"Orleans","Yates town","New York"
"3607383448",2023,"B17001D_SnrPov","Asian (Non-Hispanic)",0,0,"Orleans","Yates town","New York"
"3607383448",2023,"B17001E_SnrPov","Pacific Islander (Non-Hispanic)",0,0,"Orleans","Yates town","New York"
"3607383448",2023,"B17001F_SnrPov","Other (Non-Hispanic)",0,0,"Orleans","Yates town","New York"
"3607383448",2023,"B17001G_SnrPov","Two or More Races (Non-Hispanic)",0,0,"Orleans","Yates town","New York"
"3607383448",2023,"B17001H_SnrPov","White (Non-Hispanic)",40.4761904761905,33.2462573774713,"Orleans","Yates town","New York"
"3607383448",2023,"B17001I_SnrPov","Hispanic or Latino (Any Race)",0,0,"Orleans","Yates town","New York"
"3607383448",2024,"B17001B_SnrPov","Black (Non-Hispanic)",0,0,"Orleans","Yates town","New York"
"3607383448",2024,"B17001C_SnrPov","Native American (Non-Hispanic)",0,0,"Orleans","Yates town","New York"
"3607383448",2024,"B17001D_SnrPov","Asian (Non-Hispanic)",0,659.966329107444,"Orleans","Yates town","New York"
"3607383448",2024,"B17001E_SnrPov","Pacific Islander (Non-Hispanic)",0,0,"Orleans","Yates town","New York"
"3607383448",2024,"B17001F_SnrPov","Other (Non-Hispanic)",0,0,"Orleans","Yates town","New York"
"3607383448",2024,"B17001G_SnrPov","Two or More Races (Non-Hispanic)",0,0,"Orleans","Yates town","New York"
"3607383448",2024,"B17001H_SnrPov","White (Non-Hispanic)",55.8823529411765,33.6108876329231,"Orleans","Yates town","New York"
"3607383448",2024,"B17001I_SnrPov","Hispanic or Latino (Any Race)",0,0,"Orleans","Yates town","New York"
"3609918663",2017,"B17001B_SnrPov","Black (Non-Hispanic)",0,0,"Seneca","Covert town","New York"
"3609918663",2017,"B17001C_SnrPov","Native American (Non-Hispanic)",0,0,"Seneca","Covert town","New York"
"3609918663",2017,"B17001D_SnrPov","Asian (Non-Hispanic)",0,777.817459305202,"Seneca","Covert town","New York"
"3609918663",2017,"B17001E_SnrPov","Pacific Islander (Non-Hispanic)",0,0,"Seneca","Covert town","New York"
"3609918663",2017,"B17001F_SnrPov","Other (Non-Hispanic)",0,0,"Seneca","Covert town","New York"
"3609918663",2017,"B17001G_SnrPov","Two or More Races (Non-Hispanic)",0,0,"Seneca","Covert town","New York"
"3609918663",2017,"B17001H_SnrPov","White (Non-Hispanic)",20,18.0416185526687,"Seneca","Covert town","New York"
"3609918663",2017,"B17001I_SnrPov","Hispanic or Latino (Any Race)",0,0,"Seneca","Covert town","New York"
"3609918663",2018,"B17001B_SnrPov","Black (Non-Hispanic)",0,0,"Seneca","Covert town","New York"
"3609918663",2018,"B17001C_SnrPov","Native American (Non-Hispanic)",0,0,"Seneca","Covert town","New York"
"3609918663",2018,"B17001D_SnrPov","Asian (Non-Hispanic)",0,848.528137423857,"Seneca","Covert town","New York"
"3609918663",2018,"B17001E_SnrPov","Pacific Islander (Non-Hispanic)",0,0,"Seneca","Covert town","New York"
"3609918663",2018,"B17001F_SnrPov","Other (Non-Hispanic)",0,0,"Seneca","Covert town","New York"
"3609918663",2018,"B17001G_SnrPov","Two or More Races (Non-Hispanic)",0,0,"Seneca","Covert town","New York"
"3609918663",2018,"B17001H_SnrPov","White (Non-Hispanic)",18,11.3507004189169,"Seneca","Covert town","New York"
"3609918663",2018,"B17001I_SnrPov","Hispanic or Latino (Any Race)",0,0,"Seneca","Covert town","New York"
"3609918663",2019,"B17001B_SnrPov","Black (Non-Hispanic)",0,0,"Seneca","Covert town","New York"
"3609918663",2019,"B17001C_SnrPov","Native American (Non-Hispanic)",0,0,"Seneca","Covert town","New York"
"3609918663",2019,"B17001D_SnrPov","Asian (Non-Hispanic)",0,0,"Seneca","Covert town","New York"
"3609918663",2019,"B17001E_SnrPov","Pacific Islander (Non-Hispanic)",0,0,"Seneca","Covert town","New York"
"3609918663",2019,"B17001F_SnrPov","Other (Non-Hispanic)",0,0,"Seneca","Covert town","New York"
"3609918663",2019,"B17001G_SnrPov","Two or More Races (Non-Hispanic)",0,0,"Seneca","Covert town","New York"
"3609918663",2019,"B17001H_SnrPov","White (Non-Hispanic)",20,11.4299881058194,"Seneca","Covert town","New York"
"3609918663",2019,"B17001I_SnrPov","Hispanic or Latino (Any Race)",0,0,"Seneca","Covert town","New York"
"3609918663",2020,"B17001B_SnrPov","Black (Non-Hispanic)",0,0,"Seneca","Covert town","New York"
"3609918663",2020,"B17001C_SnrPov","Native American (Non-Hispanic)",0,0,"Seneca","Covert town","New York"
"3609918663",2020,"B17001D_SnrPov","Asian (Non-Hispanic)",0,0,"Seneca","Covert town","New York"
"3609918663",2020,"B17001E_SnrPov","Pacific Islander (Non-Hispanic)",0,0,"Seneca","Covert town","New York"
"3609918663",2020,"B17001F_SnrPov","Other (Non-Hispanic)",0,0,"Seneca","Covert town","New York"
"3609918663",2020,"B17001G_SnrPov","Two or More Races (Non-Hispanic)",0,0,"Seneca","Covert town","New York"
"3609918663",2020,"B17001H_SnrPov","White (Non-Hispanic)",8.57142857142857,17.1708226706528,"Seneca","Covert town","New York"
"3609918663",2020,"B17001I_SnrPov","Hispanic or Latino (Any Race)",0,0,"Seneca","Covert town","New York"
"3609918663",2021,"B17001B_SnrPov","Black (Non-Hispanic)",0,0,"Seneca","Covert town","New York"
"3609918663",2021,"B17001C_SnrPov","Native American (Non-Hispanic)",0,0,"Seneca","Covert town","New York"
"3609918663",2021,"B17001D_SnrPov","Asian (Non-Hispanic)",0,0,"Seneca","Covert town","New York"
"3609918663",2021,"B17001E_SnrPov","Pacific Islander (Non-Hispanic)",0,0,"Seneca","Covert town","New York"
"3609918663",2021,"B17001F_SnrPov","Other (Non-Hispanic)",0,0,"Seneca","Covert town","New York"
"3609918663",2021,"B17001G_SnrPov","Two or More Races (Non-Hispanic)",0,0,"Seneca","Covert town","New York"
"3609918663",2021,"B17001H_SnrPov","White (Non-Hispanic)",65.3846153846154,58.8703964897277,"Seneca","Covert town","New York"
"3609918663",2021,"B17001I_SnrPov","Hispanic or Latino (Any Race)",0,0,"Seneca","Covert town","New York"
"3609918663",2022,"B17001B_SnrPov","Black (Non-Hispanic)",0,0,"Seneca","Covert town","New York"
"3609918663",2022,"B17001C_SnrPov","Native American (Non-Hispanic)",0,0,"Seneca","Covert town","New York"
"3609918663",2022,"B17001D_SnrPov","Asian (Non-Hispanic)",0,0,"Seneca","Covert town","New York"
"3609918663",2022,"B17001E_SnrPov","Pacific Islander (Non-Hispanic)",0,0,"Seneca","Covert town","New York"
"3609918663",2022,"B17001F_SnrPov","Other (Non-Hispanic)",100,1317.19398723195,"Seneca","Covert town","New York"
"3609918663",2022,"B17001G_SnrPov","Two or More Races (Non-Hispanic)",0,0,"Seneca","Covert town","New York"
"3609918663",2022,"B17001H_SnrPov","White (Non-Hispanic)",49.2063492063492,45.8580301521506,"Seneca","Covert town","New York"
"3609918663",2022,"B17001I_SnrPov","Hispanic or Latino (Any Race)",0,0,"Seneca","Covert town","New York"
"3609918663",2023,"B17001B_SnrPov","Black (Non-Hispanic)",0,0,"Seneca","Covert town","New York"
"3609918663",2023,"B17001C_SnrPov","Native American (Non-Hispanic)",0,0,"Seneca","Covert town","New York"
"3609918663",2023,"B17001D_SnrPov","Asian (Non-Hispanic)",0,0,"Seneca","Covert town","New York"
"3609918663",2023,"B17001E_SnrPov","Pacific Islander (Non-Hispanic)",0,0,"Seneca","Covert town","New York"
"3609918663",2023,"B17001F_SnrPov","Other (Non-Hispanic)",100,1317.19398723195,"Seneca","Covert town","New York"
"3609918663",2023,"B17001G_SnrPov","Two or More Races (Non-Hispanic)",0,0,"Seneca","Covert town","New York"
"3609918663",2023,"B17001H_SnrPov","White (Non-Hispanic)",46.0526315789474,36.0284474289469,"Seneca","Covert town","New York"
"3609918663",2023,"B17001I_SnrPov","Hispanic or Latino (Any Race)",0,0,"Seneca","Covert town","New York"
"3609918663",2024,"B17001B_SnrPov","Black (Non-Hispanic)",0,0,"Seneca","Covert town","New York"
"3609918663",2024,"B17001C_SnrPov","Native American (Non-Hispanic)",0,0,"Seneca","Covert town","New York"
"3609918663",2024,"B17001D_SnrPov","Asian (Non-Hispanic)",0,0,"Seneca","Covert town","New York"
"3609918663",2024,"B17001E_SnrPov","Pacific Islander (Non-Hispanic)",0,0,"Seneca","Covert town","New York"
"3609918663",2024,"B17001F_SnrPov","Other (Non-Hispanic)",100,1428.28568570857,"Seneca","Covert town","New York"
"3609918663",2024,"B17001G_SnrPov","Two or More Races (Non-Hispanic)",0,0,"Seneca","Covert town","New York"
"3609918663",2024,"B17001H_SnrPov","White (Non-Hispanic)",42.6470588235294,29.4257946005288,"Seneca","Covert town","New York"
"3609918663",2024,"B17001I_SnrPov","Hispanic or Latino (Any Race)",0,0,"Seneca","Covert town","New York"
"3609925505",2017,"B17001B_SnrPov","Black (Non-Hispanic)",0,0,"Seneca","Fayette town","New York"
"3609925505",2017,"B17001C_SnrPov","Native American (Non-Hispanic)",0,0,"Seneca","Fayette town","New York"
"3609925505",2017,"B17001D_SnrPov","Asian (Non-Hispanic)",0,0,"Seneca","Fayette town","New York"
"3609925505",2017,"B17001E_SnrPov","Pacific Islander (Non-Hispanic)",0,0,"Seneca","Fayette town","New York"
"3609925505",2017,"B17001F_SnrPov","Other (Non-Hispanic)",0,0,"Seneca","Fayette town","New York"
"3609925505",2017,"B17001G_SnrPov","Two or More Races (Non-Hispanic)",0,0,"Seneca","Fayette town","New York"
"3609925505",2017,"B17001H_SnrPov","White (Non-Hispanic)",50.5376344086022,4.3981634971984,"Seneca","Fayette town","New York"
"3609925505",2017,"B17001I_SnrPov","Hispanic or Latino (Any Race)",0,0,"Seneca","Fayette town","New York"
"3609925505",2018,"B17001B_SnrPov","Black (Non-Hispanic)",0,0,"Seneca","Fayette town","New York"
"3609925505",2018,"B17001C_SnrPov","Native American (Non-Hispanic)",0,0,"Seneca","Fayette town","New York"
"3609925505",2018,"B17001D_SnrPov","Asian (Non-Hispanic)",0,0,"Seneca","Fayette town","New York"
"3609925505",2018,"B17001E_SnrPov","Pacific Islander (Non-Hispanic)",0,0,"Seneca","Fayette town","New York"
"3609925505",2018,"B17001F_SnrPov","Other (Non-Hispanic)",0,0,"Seneca","Fayette town","New York"
"3609925505",2018,"B17001G_SnrPov","Two or More Races (Non-Hispanic)",0,0,"Seneca","Fayette town","New York"
"3609925505",2018,"B17001H_SnrPov","White (Non-Hispanic)",48.8372093023256,16.6810782585479,"Seneca","Fayette town","New York"
"3609925505",2018,"B17001I_SnrPov","Hispanic or Latino (Any Race)",0,0,"Seneca","Fayette town","New York"
"3609925505",2019,"B17001B_SnrPov","Black (Non-Hispanic)",0,0,"Seneca","Fayette town","New York"
"3609925505",2019,"B17001C_SnrPov","Native American (Non-Hispanic)",0,0,"Seneca","Fayette town","New York"
"3609925505",2019,"B17001D_SnrPov","Asian (Non-Hispanic)",0,0,"Seneca","Fayette town","New York"
"3609925505",2019,"B17001E_SnrPov","Pacific Islander (Non-Hispanic)",0,0,"Seneca","Fayette town","New York"
"3609925505",2019,"B17001F_SnrPov","Other (Non-Hispanic)",0,0,"Seneca","Fayette town","New York"
"3609925505",2019,"B17001G_SnrPov","Two or More Races (Non-Hispanic)",0,0,"Seneca","Fayette town","New York"
"3609925505",2019,"B17001H_SnrPov","White (Non-Hispanic)",85.7142857142857,22.9377705688291,"Seneca","Fayette town","New York"
"3609925505",2019,"B17001I_SnrPov","Hispanic or Latino (Any Race)",0,0,"Seneca","Fayette town","New York"
"3609925505",2020,"B17001B_SnrPov","Black (Non-Hispanic)",0,0,"Seneca","Fayette town","New York"
"3609925505",2020,"B17001C_SnrPov","Native American (Non-Hispanic)",0,0,"Seneca","Fayette town","New York"
"3609925505",2020,"B17001D_SnrPov","Asian (Non-Hispanic)",0,0,"Seneca","Fayette town","New York"
"3609925505",2020,"B17001E_SnrPov","Pacific Islander (Non-Hispanic)",0,0,"Seneca","Fayette town","New York"
"3609925505",2020,"B17001F_SnrPov","Other (Non-Hispanic)",0,0,"Seneca","Fayette town","New York"
"3609925505",2020,"B17001G_SnrPov","Two or More Races (Non-Hispanic)",0,0,"Seneca","Fayette town","New York"
"3609925505",2020,"B17001H_SnrPov","White (Non-Hispanic)",88.3333333333333,34.3880362486292,"Seneca","Fayette town","New York"
"3609925505",2020,"B17001I_SnrPov","Hispanic or Latino (Any Race)",0,0,"Seneca","Fayette town","New York"
"3609925505",2021,"B17001B_SnrPov","Black (Non-Hispanic)",0,0,"Seneca","Fayette town","New York"
"3609925505",2021,"B17001C_SnrPov","Native American (Non-Hispanic)",0,0,"Seneca","Fayette town","New York"
"3609925505",2021,"B17001D_SnrPov","Asian (Non-Hispanic)",0,0,"Seneca","Fayette town","New York"
"3609925505",2021,"B17001E_SnrPov","Pacific Islander (Non-Hispanic)",0,0,"Seneca","Fayette town","New York"
"3609925505",2021,"B17001F_SnrPov","Other (Non-Hispanic)",0,0,"Seneca","Fayette town","New York"
"3609925505",2021,"B17001G_SnrPov","Two or More Races (Non-Hispanic)",0,0,"Seneca","Fayette town","New York"
"3609925505",2021,"B17001H_SnrPov","White (Non-Hispanic)",83.8709677419355,32.7832923109889,"Seneca","Fayette town","New York"
"3609925505",2021,"B17001I_SnrPov","Hispanic or Latino (Any Race)",0,0,"Seneca","Fayette town","New York"
"3609925505",2022,"B17001B_SnrPov","Black (Non-Hispanic)",0,0,"Seneca","Fayette town","New York"
"3609925505",2022,"B17001C_SnrPov","Native American (Non-Hispanic)",0,0,"Seneca","Fayette town","New York"
"3609925505",2022,"B17001D_SnrPov","Asian (Non-Hispanic)",0,0,"Seneca","Fayette town","New York"
"3609925505",2022,"B17001E_SnrPov","Pacific Islander (Non-Hispanic)",0,0,"Seneca","Fayette town","New York"
"3609925505",2022,"B17001F_SnrPov","Other (Non-Hispanic)",0,0,"Seneca","Fayette town","New York"
"3609925505",2022,"B17001G_SnrPov","Two or More Races (Non-Hispanic)",0,0,"Seneca","Fayette town","New York"
"3609925505",2022,"B17001H_SnrPov","White (Non-Hispanic)",72.8571428571428,38.9613698192507,"Seneca","Fayette town","New York"
"3609925505",2022,"B17001I_SnrPov","Hispanic or Latino (Any Race)",0,0,"Seneca","Fayette town","New York"
"3609925505",2023,"B17001B_SnrPov","Black (Non-Hispanic)",0,0,"Seneca","Fayette town","New York"
"3609925505",2023,"B17001C_SnrPov","Native American (Non-Hispanic)",0,0,"Seneca","Fayette town","New York"
"3609925505",2023,"B17001D_SnrPov","Asian (Non-Hispanic)",0,0,"Seneca","Fayette town","New York"
"3609925505",2023,"B17001E_SnrPov","Pacific Islander (Non-Hispanic)",0,0,"Seneca","Fayette town","New York"
"3609925505",2023,"B17001F_SnrPov","Other (Non-Hispanic)",0,0,"Seneca","Fayette town","New York"
"3609925505",2023,"B17001G_SnrPov","Two or More Races (Non-Hispanic)",0,0,"Seneca","Fayette town","New York"
"3609925505",2023,"B17001H_SnrPov","White (Non-Hispanic)",75.609756097561,32.1048785729717,"Seneca","Fayette town","New York"
"3609925505",2023,"B17001I_SnrPov","Hispanic or Latino (Any Race)",0,0,"Seneca","Fayette town","New York"
"3609925505",2024,"B17001B_SnrPov","Black (Non-Hispanic)",0,0,"Seneca","Fayette town","New York"
"3609925505",2024,"B17001C_SnrPov","Native American (Non-Hispanic)",0,0,"Seneca","Fayette town","New York"
"3609925505",2024,"B17001D_SnrPov","Asian (Non-Hispanic)",0,0,"Seneca","Fayette town","New York"
"3609925505",2024,"B17001E_SnrPov","Pacific Islander (Non-Hispanic)",0,0,"Seneca","Fayette town","New York"
"3609925505",2024,"B17001F_SnrPov","Other (Non-Hispanic)",0,0,"Seneca","Fayette town","New York"
"3609925505",2024,"B17001G_SnrPov","Two or More Races (Non-Hispanic)",0,0,"Seneca","Fayette town","New York"
"3609925505",2024,"B17001H_SnrPov","White (Non-Hispanic)",74.1176470588235,33.2800314568366,"Seneca","Fayette town","New York"
"3609925505",2024,"B17001I_SnrPov","Hispanic or Latino (Any Race)",0,0,"Seneca","Fayette town","New York"
"3609928640",2017,"B17001B_SnrPov","Black (Non-Hispanic)",0,0,"Seneca","Geneva city","New York"
"3609928640",2017,"B17001C_SnrPov","Native American (Non-Hispanic)",0,0,"Seneca","Geneva city","New York"
"3609928640",2017,"B17001D_SnrPov","Asian (Non-Hispanic)",0,0,"Seneca","Geneva city","New York"
"3609928640",2017,"B17001E_SnrPov","Pacific Islander (Non-Hispanic)",0,0,"Seneca","Geneva city","New York"
"3609928640",2017,"B17001F_SnrPov","Other (Non-Hispanic)",0,0,"Seneca","Geneva city","New York"
"3609928640",2017,"B17001G_SnrPov","Two or More Races (Non-Hispanic)",0,0,"Seneca","Geneva city","New York"
"3609928640",2017,"B17001H_SnrPov","White (Non-Hispanic)",0,0,"Seneca","Geneva city","New York"
"3609928640",2017,"B17001I_SnrPov","Hispanic or Latino (Any Race)",0,0,"Seneca","Geneva city","New York"
"3609928640",2018,"B17001B_SnrPov","Black (Non-Hispanic)",0,0,"Seneca","Geneva city","New York"
"3609928640",2018,"B17001C_SnrPov","Native American (Non-Hispanic)",0,0,"Seneca","Geneva city","New York"
"3609928640",2018,"B17001D_SnrPov","Asian (Non-Hispanic)",0,0,"Seneca","Geneva city","New York"
"3609928640",2018,"B17001E_SnrPov","Pacific Islander (Non-Hispanic)",0,0,"Seneca","Geneva city","New York"
"3609928640",2018,"B17001F_SnrPov","Other (Non-Hispanic)",0,0,"Seneca","Geneva city","New York"
"3609928640",2018,"B17001G_SnrPov","Two or More Races (Non-Hispanic)",0,0,"Seneca","Geneva city","New York"
"3609928640",2018,"B17001H_SnrPov","White (Non-Hispanic)",0,0,"Seneca","Geneva city","New York"
"3609928640",2018,"B17001I_SnrPov","Hispanic or Latino (Any Race)",0,0,"Seneca","Geneva city","New York"
"3609928640",2019,"B17001B_SnrPov","Black (Non-Hispanic)",0,0,"Seneca","Geneva city","New York"
"3609928640",2019,"B17001C_SnrPov","Native American (Non-Hispanic)",0,0,"Seneca","Geneva city","New York"
"3609928640",2019,"B17001D_SnrPov","Asian (Non-Hispanic)",0,0,"Seneca","Geneva city","New York"
"3609928640",2019,"B17001E_SnrPov","Pacific Islander (Non-Hispanic)",0,0,"Seneca","Geneva city","New York"
"3609928640",2019,"B17001F_SnrPov","Other (Non-Hispanic)",0,0,"Seneca","Geneva city","New York"
"3609928640",2019,"B17001G_SnrPov","Two or More Races (Non-Hispanic)",0,0,"Seneca","Geneva city","New York"
"3609928640",2019,"B17001H_SnrPov","White (Non-Hispanic)",0,0,"Seneca","Geneva city","New York"
"3609928640",2019,"B17001I_SnrPov","Hispanic or Latino (Any Race)",0,0,"Seneca","Geneva city","New York"
"3609928640",2020,"B17001B_SnrPov","Black (Non-Hispanic)",0,0,"Seneca","Geneva city","New York"
"3609928640",2020,"B17001C_SnrPov","Native American (Non-Hispanic)",0,0,"Seneca","Geneva city","New York"
"3609928640",2020,"B17001D_SnrPov","Asian (Non-Hispanic)",0,0,"Seneca","Geneva city","New York"
"3609928640",2020,"B17001E_SnrPov","Pacific Islander (Non-Hispanic)",0,0,"Seneca","Geneva city","New York"
"3609928640",2020,"B17001F_SnrPov","Other (Non-Hispanic)",0,0,"Seneca","Geneva city","New York"
"3609928640",2020,"B17001G_SnrPov","Two or More Races (Non-Hispanic)",0,0,"Seneca","Geneva city","New York"
"3609928640",2020,"B17001H_SnrPov","White (Non-Hispanic)",0,0,"Seneca","Geneva city","New York"
"3609928640",2020,"B17001I_SnrPov","Hispanic or Latino (Any Race)",0,0,"Seneca","Geneva city","New York"
"3609928640",2021,"B17001B_SnrPov","Black (Non-Hispanic)",0,0,"Seneca","Geneva city","New York"
"3609928640",2021,"B17001C_SnrPov","Native American (Non-Hispanic)",0,0,"Seneca","Geneva city","New York"
"3609928640",2021,"B17001D_SnrPov","Asian (Non-Hispanic)",0,0,"Seneca","Geneva city","New York"
"3609928640",2021,"B17001E_SnrPov","Pacific Islander (Non-Hispanic)",0,0,"Seneca","Geneva city","New York"
"3609928640",2021,"B17001F_SnrPov","Other (Non-Hispanic)",0,0,"Seneca","Geneva city","New York"
"3609928640",2021,"B17001G_SnrPov","Two or More Races (Non-Hispanic)",0,0,"Seneca","Geneva city","New York"
"3609928640",2021,"B17001H_SnrPov","White (Non-Hispanic)",0,0,"Seneca","Geneva city","New York"
"3609928640",2021,"B17001I_SnrPov","Hispanic or Latino (Any Race)",0,0,"Seneca","Geneva city","New York"
"3609928640",2022,"B17001B_SnrPov","Black (Non-Hispanic)",0,0,"Seneca","Geneva city","New York"
"3609928640",2022,"B17001C_SnrPov","Native American (Non-Hispanic)",0,0,"Seneca","Geneva city","New York"
"3609928640",2022,"B17001D_SnrPov","Asian (Non-Hispanic)",0,0,"Seneca","Geneva city","New York"
"3609928640",2022,"B17001E_SnrPov","Pacific Islander (Non-Hispanic)",0,0,"Seneca","Geneva city","New York"
"3609928640",2022,"B17001F_SnrPov","Other (Non-Hispanic)",0,0,"Seneca","Geneva city","New York"
"3609928640",2022,"B17001G_SnrPov","Two or More Races (Non-Hispanic)",0,0,"Seneca","Geneva city","New York"
"3609928640",2022,"B17001H_SnrPov","White (Non-Hispanic)",0,0,"Seneca","Geneva city","New York"
"3609928640",2022,"B17001I_SnrPov","Hispanic or Latino (Any Race)",0,0,"Seneca","Geneva city","New York"
"3609928640",2023,"B17001B_SnrPov","Black (Non-Hispanic)",0,0,"Seneca","Geneva city","New York"
"3609928640",2023,"B17001C_SnrPov","Native American (Non-Hispanic)",0,0,"Seneca","Geneva city","New York"
"3609928640",2023,"B17001D_SnrPov","Asian (Non-Hispanic)",0,0,"Seneca","Geneva city","New York"
"3609928640",2023,"B17001E_SnrPov","Pacific Islander (Non-Hispanic)",0,0,"Seneca","Geneva city","New York"
"3609928640",2023,"B17001F_SnrPov","Other (Non-Hispanic)",0,0,"Seneca","Geneva city","New York"
"3609928640",2023,"B17001G_SnrPov","Two or More Races (Non-Hispanic)",0,0,"Seneca","Geneva city","New York"
"3609928640",2023,"B17001H_SnrPov","White (Non-Hispanic)",0,0,"Seneca","Geneva city","New York"
"3609928640",2023,"B17001I_SnrPov","Hispanic or Latino (Any Race)",0,0,"Seneca","Geneva city","New York"
"3609928640",2024,"B17001B_SnrPov","Black (Non-Hispanic)",0,0,"Seneca","Geneva city","New York"
"3609928640",2024,"B17001C_SnrPov","Native American (Non-Hispanic)",0,0,"Seneca","Geneva city","New York"
"3609928640",2024,"B17001D_SnrPov","Asian (Non-Hispanic)",0,0,"Seneca","Geneva city","New York"
"3609928640",2024,"B17001E_SnrPov","Pacific Islander (Non-Hispanic)",0,0,"Seneca","Geneva city","New York"
"3609928640",2024,"B17001F_SnrPov","Other (Non-Hispanic)",0,0,"Seneca","Geneva city","New York"
"3609928640",2024,"B17001G_SnrPov","Two or More Races (Non-Hispanic)",0,0,"Seneca","Geneva city","New York"
"3609928640",2024,"B17001H_SnrPov","White (Non-Hispanic)",0,0,"Seneca","Geneva city","New York"
"3609928640",2024,"B17001I_SnrPov","Hispanic or Latino (Any Race)",0,0,"Seneca","Geneva city","New York"
"3609938858",2017,"B17001B_SnrPov","Black (Non-Hispanic)",0,0,"Seneca","Junius town","New York"
"3609938858",2017,"B17001C_SnrPov","Native American (Non-Hispanic)",0,0,"Seneca","Junius town","New York"
"3609938858",2017,"B17001D_SnrPov","Asian (Non-Hispanic)",0,0,"Seneca","Junius town","New York"
"3609938858",2017,"B17001E_SnrPov","Pacific Islander (Non-Hispanic)",0,0,"Seneca","Junius town","New York"
"3609938858",2017,"B17001F_SnrPov","Other (Non-Hispanic)",0,0,"Seneca","Junius town","New York"
"3609938858",2017,"B17001G_SnrPov","Two or More Races (Non-Hispanic)",0,0,"Seneca","Junius town","New York"
"3609938858",2017,"B17001H_SnrPov","White (Non-Hispanic)",39.2857142857143,22.5433573876513,"Seneca","Junius town","New York"
"3609938858",2017,"B17001I_SnrPov","Hispanic or Latino (Any Race)",0,0,"Seneca","Junius town","New York"
"3609938858",2018,"B17001B_SnrPov","Black (Non-Hispanic)",0,0,"Seneca","Junius town","New York"
"3609938858",2018,"B17001C_SnrPov","Native American (Non-Hispanic)",0,0,"Seneca","Junius town","New York"
"3609938858",2018,"B17001D_SnrPov","Asian (Non-Hispanic)",0,0,"Seneca","Junius town","New York"
"3609938858",2018,"B17001E_SnrPov","Pacific Islander (Non-Hispanic)",0,0,"Seneca","Junius town","New York"
"3609938858",2018,"B17001F_SnrPov","Other (Non-Hispanic)",0,0,"Seneca","Junius town","New York"
"3609938858",2018,"B17001G_SnrPov","Two or More Races (Non-Hispanic)",0,0,"Seneca","Junius town","New York"
"3609938858",2018,"B17001H_SnrPov","White (Non-Hispanic)",60.7142857142857,43.1111127734458,"Seneca","Junius town","New York"
"3609938858",2018,"B17001I_SnrPov","Hispanic or Latino (Any Race)",0,0,"Seneca","Junius town","New York"
"3609938858",2019,"B17001B_SnrPov","Black (Non-Hispanic)",0,0,"Seneca","Junius town","New York"
"3609938858",2019,"B17001C_SnrPov","Native American (Non-Hispanic)",0,0,"Seneca","Junius town","New York"
"3609938858",2019,"B17001D_SnrPov","Asian (Non-Hispanic)",0,0,"Seneca","Junius town","New York"
"3609938858",2019,"B17001E_SnrPov","Pacific Islander (Non-Hispanic)",0,0,"Seneca","Junius town","New York"
"3609938858",2019,"B17001F_SnrPov","Other (Non-Hispanic)",0,0,"Seneca","Junius town","New York"
"3609938858",2019,"B17001G_SnrPov","Two or More Races (Non-Hispanic)",0,0,"Seneca","Junius town","New York"
"3609938858",2019,"B17001H_SnrPov","White (Non-Hispanic)",57.8947368421053,19.4473841545501,"Seneca","Junius town","New York"
"3609938858",2019,"B17001I_SnrPov","Hispanic or Latino (Any Race)",0,0,"Seneca","Junius town","New York"
"3609938858",2020,"B17001B_SnrPov","Black (Non-Hispanic)",0,0,"Seneca","Junius town","New York"
"3609938858",2020,"B17001C_SnrPov","Native American (Non-Hispanic)",0,0,"Seneca","Junius town","New York"
"3609938858",2020,"B17001D_SnrPov","Asian (Non-Hispanic)",0,0,"Seneca","Junius town","New York"
"3609938858",2020,"B17001E_SnrPov","Pacific Islander (Non-Hispanic)",0,0,"Seneca","Junius town","New York"
"3609938858",2020,"B17001F_SnrPov","Other (Non-Hispanic)",0,0,"Seneca","Junius town","New York"
"3609938858",2020,"B17001G_SnrPov","Two or More Races (Non-Hispanic)",0,0,"Seneca","Junius town","New York"
"3609938858",2020,"B17001H_SnrPov","White (Non-Hispanic)",52.7272727272727,20.1260965832261,"Seneca","Junius town","New York"
"3609938858",2020,"B17001I_SnrPov","Hispanic or Latino (Any Race)",0,0,"Seneca","Junius town","New York"
"3609938858",2021,"B17001B_SnrPov","Black (Non-Hispanic)",0,0,"Seneca","Junius town","New York"
"3609938858",2021,"B17001C_SnrPov","Native American (Non-Hispanic)",0,0,"Seneca","Junius town","New York"
"3609938858",2021,"B17001D_SnrPov","Asian (Non-Hispanic)",0,0,"Seneca","Junius town","New York"
"3609938858",2021,"B17001E_SnrPov","Pacific Islander (Non-Hispanic)",0,0,"Seneca","Junius town","New York"
"3609938858",2021,"B17001F_SnrPov","Other (Non-Hispanic)",0,0,"Seneca","Junius town","New York"
"3609938858",2021,"B17001G_SnrPov","Two or More Races (Non-Hispanic)",0,0,"Seneca","Junius town","New York"
"3609938858",2021,"B17001H_SnrPov","White (Non-Hispanic)",54.9019607843137,21.8610269614027,"Seneca","Junius town","New York"
"3609938858",2021,"B17001I_SnrPov","Hispanic or Latino (Any Race)",0,0,"Seneca","Junius town","New York"
"3609938858",2022,"B17001B_SnrPov","Black (Non-Hispanic)",0,262.639661583575,"Seneca","Junius town","New York"
"3609938858",2022,"B17001C_SnrPov","Native American (Non-Hispanic)",0,0,"Seneca","Junius town","New York"
"3609938858",2022,"B17001D_SnrPov","Asian (Non-Hispanic)",0,0,"Seneca","Junius town","New York"
"3609938858",2022,"B17001E_SnrPov","Pacific Islander (Non-Hispanic)",0,0,"Seneca","Junius town","New York"
"3609938858",2022,"B17001F_SnrPov","Other (Non-Hispanic)",0,0,"Seneca","Junius town","New York"
"3609938858",2022,"B17001G_SnrPov","Two or More Races (Non-Hispanic)",0,0,"Seneca","Junius town","New York"
"3609938858",2022,"B17001H_SnrPov","White (Non-Hispanic)",58.3333333333333,24.1874611206501,"Seneca","Junius town","New York"
"3609938858",2022,"B17001I_SnrPov","Hispanic or Latino (Any Race)",0,262.639661583575,"Seneca","Junius town","New York"
"3609938858",2023,"B17001B_SnrPov","Black (Non-Hispanic)",0,367.695526217005,"Seneca","Junius town","New York"
"3609938858",2023,"B17001C_SnrPov","Native American (Non-Hispanic)",0,0,"Seneca","Junius town","New York"
"3609938858",2023,"B17001D_SnrPov","Asian (Non-Hispanic)",0,0,"Seneca","Junius town","New York"
"3609938858",2023,"B17001E_SnrPov","Pacific Islander (Non-Hispanic)",0,0,"Seneca","Junius town","New York"
"3609938858",2023,"B17001F_SnrPov","Other (Non-Hispanic)",0,0,"Seneca","Junius town","New York"
"3609938858",2023,"B17001G_SnrPov","Two or More Races (Non-Hispanic)",0,0,"Seneca","Junius town","New York"
"3609938858",2023,"B17001H_SnrPov","White (Non-Hispanic)",28.3018867924528,22.4023542429845,"Seneca","Junius town","New York"
"3609938858",2023,"B17001I_SnrPov","Hispanic or Latino (Any Race)",0,367.695526217005,"Seneca","Junius town","New York"
"3609938858",2024,"B17001B_SnrPov","Black (Non-Hispanic)",0,395.979797464467,"Seneca","Junius town","New York"
"3609938858",2024,"B17001C_SnrPov","Native American (Non-Hispanic)",0,0,"Seneca","Junius town","New York"
"3609938858",2024,"B17001D_SnrPov","Asian (Non-Hispanic)",0,0,"Seneca","Junius town","New York"
"3609938858",2024,"B17001E_SnrPov","Pacific Islander (Non-Hispanic)",0,0,"Seneca","Junius town","New York"
"3609938858",2024,"B17001F_SnrPov","Other (Non-Hispanic)",0,0,"Seneca","Junius town","New York"
"3609938858",2024,"B17001G_SnrPov","Two or More Races (Non-Hispanic)",100,2831.96045170126,"Seneca","Junius town","New York"
"3609938858",2024,"B17001H_SnrPov","White (Non-Hispanic)",50.9803921568627,28.1704779901472,"Seneca","Junius town","New York"
"3609938858",2024,"B17001I_SnrPov","Hispanic or Latino (Any Race)",0,395.979797464467,"Seneca","Junius town","New York"
"3609943225",2017,"B17001B_SnrPov","Black (Non-Hispanic)",0,0,"Seneca","Lodi town","New York"
"3609943225",2017,"B17001C_SnrPov","Native American (Non-Hispanic)",0,0,"Seneca","Lodi town","New York"
"3609943225",2017,"B17001D_SnrPov","Asian (Non-Hispanic)",0,0,"Seneca","Lodi town","New York"
"3609943225",2017,"B17001E_SnrPov","Pacific Islander (Non-Hispanic)",0,0,"Seneca","Lodi town","New York"
"3609943225",2017,"B17001F_SnrPov","Other (Non-Hispanic)",0,0,"Seneca","Lodi town","New York"
"3609943225",2017,"B17001G_SnrPov","Two or More Races (Non-Hispanic)",0,0,"Seneca","Lodi town","New York"
"3609943225",2017,"B17001H_SnrPov","White (Non-Hispanic)",63.6363636363636,37.3224864796693,"Seneca","Lodi town","New York"
"3609943225",2017,"B17001I_SnrPov","Hispanic or Latino (Any Race)",0,0,"Seneca","Lodi town","New York"
"3609943225",2018,"B17001B_SnrPov","Black (Non-Hispanic)",0,0,"Seneca","Lodi town","New York"
"3609943225",2018,"B17001C_SnrPov","Native American (Non-Hispanic)",0,0,"Seneca","Lodi town","New York"
"3609943225",2018,"B17001D_SnrPov","Asian (Non-Hispanic)",0,0,"Seneca","Lodi town","New York"
"3609943225",2018,"B17001E_SnrPov","Pacific Islander (Non-Hispanic)",0,0,"Seneca","Lodi town","New York"
"3609943225",2018,"B17001F_SnrPov","Other (Non-Hispanic)",0,0,"Seneca","Lodi town","New York"
"3609943225",2018,"B17001G_SnrPov","Two or More Races (Non-Hispanic)",0,0,"Seneca","Lodi town","New York"
"3609943225",2018,"B17001H_SnrPov","White (Non-Hispanic)",66.6666666666667,41.9026240703139,"Seneca","Lodi town","New York"
"3609943225",2018,"B17001I_SnrPov","Hispanic or Latino (Any Race)",0,0,"Seneca","Lodi town","New York"
"3609943225",2019,"B17001B_SnrPov","Black (Non-Hispanic)",0,0,"Seneca","Lodi town","New York"
"3609943225",2019,"B17001C_SnrPov","Native American (Non-Hispanic)",0,0,"Seneca","Lodi town","New York"
"3609943225",2019,"B17001D_SnrPov","Asian (Non-Hispanic)",0,0,"Seneca","Lodi town","New York"
"3609943225",2019,"B17001E_SnrPov","Pacific Islander (Non-Hispanic)",0,0,"Seneca","Lodi town","New York"
"3609943225",2019,"B17001F_SnrPov","Other (Non-Hispanic)",0,0,"Seneca","Lodi town","New York"
"3609943225",2019,"B17001G_SnrPov","Two or More Races (Non-Hispanic)",0,0,"Seneca","Lodi town","New York"
"3609943225",2019,"B17001H_SnrPov","White (Non-Hispanic)",33.3333333333333,44.388854123196,"Seneca","Lodi town","New York"
"3609943225",2019,"B17001I_SnrPov","Hispanic or Latino (Any Race)",0,0,"Seneca","Lodi town","New York"
"3609943225",2020,"B17001B_SnrPov","Black (Non-Hispanic)",0,0,"Seneca","Lodi town","New York"
"3609943225",2020,"B17001C_SnrPov","Native American (Non-Hispanic)",0,0,"Seneca","Lodi town","New York"
"3609943225",2020,"B17001D_SnrPov","Asian (Non-Hispanic)",0,0,"Seneca","Lodi town","New York"
"3609943225",2020,"B17001E_SnrPov","Pacific Islander (Non-Hispanic)",0,0,"Seneca","Lodi town","New York"
"3609943225",2020,"B17001F_SnrPov","Other (Non-Hispanic)",0,0,"Seneca","Lodi town","New York"
"3609943225",2020,"B17001G_SnrPov","Two or More Races (Non-Hispanic)",0,0,"Seneca","Lodi town","New York"
"3609943225",2020,"B17001H_SnrPov","White (Non-Hispanic)",30,23.4200768572607,"Seneca","Lodi town","New York"
"3609943225",2020,"B17001I_SnrPov","Hispanic or Latino (Any Race)",0,0,"Seneca","Lodi town","New York"
"3609943225",2021,"B17001B_SnrPov","Black (Non-Hispanic)",0,0,"Seneca","Lodi town","New York"
"3609943225",2021,"B17001C_SnrPov","Native American (Non-Hispanic)",0,0,"Seneca","Lodi town","New York"
"3609943225",2021,"B17001D_SnrPov","Asian (Non-Hispanic)",0,0,"Seneca","Lodi town","New York"
"3609943225",2021,"B17001E_SnrPov","Pacific Islander (Non-Hispanic)",0,0,"Seneca","Lodi town","New York"
"3609943225",2021,"B17001F_SnrPov","Other (Non-Hispanic)",0,0,"Seneca","Lodi town","New York"
"3609943225",2021,"B17001G_SnrPov","Two or More Races (Non-Hispanic)",0,0,"Seneca","Lodi town","New York"
"3609943225",2021,"B17001H_SnrPov","White (Non-Hispanic)",31.8181818181818,21.4020068802951,"Seneca","Lodi town","New York"
"3609943225",2021,"B17001I_SnrPov","Hispanic or Latino (Any Race)",0,0,"Seneca","Lodi town","New York"
"3609943225",2022,"B17001B_SnrPov","Black (Non-Hispanic)",0,0,"Seneca","Lodi town","New York"
"3609943225",2022,"B17001C_SnrPov","Native American (Non-Hispanic)",0,0,"Seneca","Lodi town","New York"
"3609943225",2022,"B17001D_SnrPov","Asian (Non-Hispanic)",0,0,"Seneca","Lodi town","New York"
"3609943225",2022,"B17001E_SnrPov","Pacific Islander (Non-Hispanic)",0,0,"Seneca","Lodi town","New York"
"3609943225",2022,"B17001F_SnrPov","Other (Non-Hispanic)",0,0,"Seneca","Lodi town","New York"
"3609943225",2022,"B17001G_SnrPov","Two or More Races (Non-Hispanic)",0,1838.47763108502,"Seneca","Lodi town","New York"
"3609943225",2022,"B17001H_SnrPov","White (Non-Hispanic)",48.3870967741936,45.9779802588856,"Seneca","Lodi town","New York"
"3609943225",2022,"B17001I_SnrPov","Hispanic or Latino (Any Race)",0,0,"Seneca","Lodi town","New York"
"3609943225",2023,"B17001B_SnrPov","Black (Non-Hispanic)",0,0,"Seneca","Lodi town","New York"
"3609943225",2023,"B17001C_SnrPov","Native American (Non-Hispanic)",0,0,"Seneca","Lodi town","New York"
"3609943225",2023,"B17001D_SnrPov","Asian (Non-Hispanic)",0,0,"Seneca","Lodi town","New York"
"3609943225",2023,"B17001E_SnrPov","Pacific Islander (Non-Hispanic)",0,0,"Seneca","Lodi town","New York"
"3609943225",2023,"B17001F_SnrPov","Other (Non-Hispanic)",0,0,"Seneca","Lodi town","New York"
"3609943225",2023,"B17001G_SnrPov","Two or More Races (Non-Hispanic)",0,1838.47763108502,"Seneca","Lodi town","New York"
"3609943225",2023,"B17001H_SnrPov","White (Non-Hispanic)",51.7241379310345,42.2000955523872,"Seneca","Lodi town","New York"
"3609943225",2023,"B17001I_SnrPov","Hispanic or Latino (Any Race)",0,0,"Seneca","Lodi town","New York"
"3609943225",2024,"B17001B_SnrPov","Black (Non-Hispanic)",0,0,"Seneca","Lodi town","New York"
"3609943225",2024,"B17001C_SnrPov","Native American (Non-Hispanic)",0,0,"Seneca","Lodi town","New York"
"3609943225",2024,"B17001D_SnrPov","Asian (Non-Hispanic)",0,0,"Seneca","Lodi town","New York"
"3609943225",2024,"B17001E_SnrPov","Pacific Islander (Non-Hispanic)",0,0,"Seneca","Lodi town","New York"
"3609943225",2024,"B17001F_SnrPov","Other (Non-Hispanic)",0,0,"Seneca","Lodi town","New York"
"3609943225",2024,"B17001G_SnrPov","Two or More Races (Non-Hispanic)",0,1979.89898732233,"Seneca","Lodi town","New York"
"3609943225",2024,"B17001H_SnrPov","White (Non-Hispanic)",45.4545454545455,38.8478593338306,"Seneca","Lodi town","New York"
"3609943225",2024,"B17001I_SnrPov","Hispanic or Latino (Any Race)",0,0,"Seneca","Lodi town","New York"
"3609955827",2017,"B17001B_SnrPov","Black (Non-Hispanic)",0,0,"Seneca","Ovid town","New York"
"3609955827",2017,"B17001C_SnrPov","Native American (Non-Hispanic)",0,0,"Seneca","Ovid town","New York"
"3609955827",2017,"B17001D_SnrPov","Asian (Non-Hispanic)",0,0,"Seneca","Ovid town","New York"
"3609955827",2017,"B17001E_SnrPov","Pacific Islander (Non-Hispanic)",0,0,"Seneca","Ovid town","New York"
"3609955827",2017,"B17001F_SnrPov","Other (Non-Hispanic)",0,0,"Seneca","Ovid town","New York"
"3609955827",2017,"B17001G_SnrPov","Two or More Races (Non-Hispanic)",50,406.970514902493,"Seneca","Ovid town","New York"
"3609955827",2017,"B17001H_SnrPov","White (Non-Hispanic)",38.5714285714286,34.1023583565866,"Seneca","Ovid town","New York"
"3609955827",2017,"B17001I_SnrPov","Hispanic or Latino (Any Race)",0,0,"Seneca","Ovid town","New York"
"3609955827",2018,"B17001B_SnrPov","Black (Non-Hispanic)",0,0,"Seneca","Ovid town","New York"
"3609955827",2018,"B17001C_SnrPov","Native American (Non-Hispanic)",0,0,"Seneca","Ovid town","New York"
"3609955827",2018,"B17001D_SnrPov","Asian (Non-Hispanic)",0,0,"Seneca","Ovid town","New York"
"3609955827",2018,"B17001E_SnrPov","Pacific Islander (Non-Hispanic)",0,0,"Seneca","Ovid town","New York"
"3609955827",2018,"B17001F_SnrPov","Other (Non-Hispanic)",0,0,"Seneca","Ovid town","New York"
"3609955827",2018,"B17001G_SnrPov","Two or More Races (Non-Hispanic)",50,452.078533000628,"Seneca","Ovid town","New York"
"3609955827",2018,"B17001H_SnrPov","White (Non-Hispanic)",50,36.4601759853462,"Seneca","Ovid town","New York"
"3609955827",2018,"B17001I_SnrPov","Hispanic or Latino (Any Race)",0,0,"Seneca","Ovid town","New York"
"3609955827",2019,"B17001B_SnrPov","Black (Non-Hispanic)",0,0,"Seneca","Ovid town","New York"
"3609955827",2019,"B17001C_SnrPov","Native American (Non-Hispanic)",0,0,"Seneca","Ovid town","New York"
"3609955827",2019,"B17001D_SnrPov","Asian (Non-Hispanic)",0,0,"Seneca","Ovid town","New York"
"3609955827",2019,"B17001E_SnrPov","Pacific Islander (Non-Hispanic)",0,0,"Seneca","Ovid town","New York"
"3609955827",2019,"B17001F_SnrPov","Other (Non-Hispanic)",0,0,"Seneca","Ovid town","New York"
"3609955827",2019,"B17001G_SnrPov","Two or More Races (Non-Hispanic)",0,1697.05627484771,"Seneca","Ovid town","New York"
"3609955827",2019,"B17001H_SnrPov","White (Non-Hispanic)",50.6172839506173,28.0242035685411,"Seneca","Ovid town","New York"
"3609955827",2019,"B17001I_SnrPov","Hispanic or Latino (Any Race)",0,0,"Seneca","Ovid town","New York"
"3609955827",2020,"B17001B_SnrPov","Black (Non-Hispanic)",0,0,"Seneca","Ovid town","New York"
"3609955827",2020,"B17001C_SnrPov","Native American (Non-Hispanic)",0,0,"Seneca","Ovid town","New York"
"3609955827",2020,"B17001D_SnrPov","Asian (Non-Hispanic)",0,0,"Seneca","Ovid town","New York"
"3609955827",2020,"B17001E_SnrPov","Pacific Islander (Non-Hispanic)",0,0,"Seneca","Ovid town","New York"
"3609955827",2020,"B17001F_SnrPov","Other (Non-Hispanic)",0,0,"Seneca","Ovid town","New York"
"3609955827",2020,"B17001G_SnrPov","Two or More Races (Non-Hispanic)",0,0,"Seneca","Ovid town","New York"
"3609955827",2020,"B17001H_SnrPov","White (Non-Hispanic)",51.4285714285714,28.4288571121207,"Seneca","Ovid town","New York"
"3609955827",2020,"B17001I_SnrPov","Hispanic or Latino (Any Race)",0,0,"Seneca","Ovid town","New York"
"3609955827",2021,"B17001B_SnrPov","Black (Non-Hispanic)",0,0,"Seneca","Ovid town","New York"
"3609955827",2021,"B17001C_SnrPov","Native American (Non-Hispanic)",0,0,"Seneca","Ovid town","New York"
"3609955827",2021,"B17001D_SnrPov","Asian (Non-Hispanic)",0,0,"Seneca","Ovid town","New York"
"3609955827",2021,"B17001E_SnrPov","Pacific Islander (Non-Hispanic)",0,0,"Seneca","Ovid town","New York"
"3609955827",2021,"B17001F_SnrPov","Other (Non-Hispanic)",0,0,"Seneca","Ovid town","New York"
"3609955827",2021,"B17001G_SnrPov","Two or More Races (Non-Hispanic)",0,0,"Seneca","Ovid town","New York"
"3609955827",2021,"B17001H_SnrPov","White (Non-Hispanic)",42.8571428571429,21.4887396294464,"Seneca","Ovid town","New York"
"3609955827",2021,"B17001I_SnrPov","Hispanic or Latino (Any Race)",0,0,"Seneca","Ovid town","New York"
"3609955827",2022,"B17001B_SnrPov","Black (Non-Hispanic)",0,0,"Seneca","Ovid town","New York"
"3609955827",2022,"B17001C_SnrPov","Native American (Non-Hispanic)",0,0,"Seneca","Ovid town","New York"
"3609955827",2022,"B17001D_SnrPov","Asian (Non-Hispanic)",0,0,"Seneca","Ovid town","New York"
"3609955827",2022,"B17001E_SnrPov","Pacific Islander (Non-Hispanic)",0,0,"Seneca","Ovid town","New York"
"3609955827",2022,"B17001F_SnrPov","Other (Non-Hispanic)",0,0,"Seneca","Ovid town","New York"
"3609955827",2022,"B17001G_SnrPov","Two or More Races (Non-Hispanic)",0,0,"Seneca","Ovid town","New York"
"3609955827",2022,"B17001H_SnrPov","White (Non-Hispanic)",57.4074074074074,27.225927816523,"Seneca","Ovid town","New York"
"3609955827",2022,"B17001I_SnrPov","Hispanic or Latino (Any Race)",0,0,"Seneca","Ovid town","New York"
"3609955827",2023,"B17001B_SnrPov","Black (Non-Hispanic)",0,0,"Seneca","Ovid town","New York"
"3609955827",2023,"B17001C_SnrPov","Native American (Non-Hispanic)",0,0,"Seneca","Ovid town","New York"
"3609955827",2023,"B17001D_SnrPov","Asian (Non-Hispanic)",0,0,"Seneca","Ovid town","New York"
"3609955827",2023,"B17001E_SnrPov","Pacific Islander (Non-Hispanic)",0,0,"Seneca","Ovid town","New York"
"3609955827",2023,"B17001F_SnrPov","Other (Non-Hispanic)",0,0,"Seneca","Ovid town","New York"
"3609955827",2023,"B17001G_SnrPov","Two or More Races (Non-Hispanic)",0,0,"Seneca","Ovid town","New York"
"3609955827",2023,"B17001H_SnrPov","White (Non-Hispanic)",46.031746031746,25.6134481538803,"Seneca","Ovid town","New York"
"3609955827",2023,"B17001I_SnrPov","Hispanic or Latino (Any Race)",0,0,"Seneca","Ovid town","New York"
"3609955827",2024,"B17001B_SnrPov","Black (Non-Hispanic)",0,0,"Seneca","Ovid town","New York"
"3609955827",2024,"B17001C_SnrPov","Native American (Non-Hispanic)",0,0,"Seneca","Ovid town","New York"
"3609955827",2024,"B17001D_SnrPov","Asian (Non-Hispanic)",0,0,"Seneca","Ovid town","New York"
"3609955827",2024,"B17001E_SnrPov","Pacific Islander (Non-Hispanic)",0,0,"Seneca","Ovid town","New York"
"3609955827",2024,"B17001F_SnrPov","Other (Non-Hispanic)",0,0,"Seneca","Ovid town","New York"
"3609955827",2024,"B17001G_SnrPov","Two or More Races (Non-Hispanic)",0,0,"Seneca","Ovid town","New York"
"3609955827",2024,"B17001H_SnrPov","White (Non-Hispanic)",16.4556962025316,10.395752127191,"Seneca","Ovid town","New York"
"3609955827",2024,"B17001I_SnrPov","Hispanic or Latino (Any Race)",0,0,"Seneca","Ovid town","New York"
"3609963440",2017,"B17001B_SnrPov","Black (Non-Hispanic)",0,0,"Seneca","Romulus town","New York"
"3609963440",2017,"B17001C_SnrPov","Native American (Non-Hispanic)",0,0,"Seneca","Romulus town","New York"
"3609963440",2017,"B17001D_SnrPov","Asian (Non-Hispanic)",0,0,"Seneca","Romulus town","New York"
"3609963440",2017,"B17001E_SnrPov","Pacific Islander (Non-Hispanic)",0,0,"Seneca","Romulus town","New York"
"3609963440",2017,"B17001F_SnrPov","Other (Non-Hispanic)",0,0,"Seneca","Romulus town","New York"
"3609963440",2017,"B17001G_SnrPov","Two or More Races (Non-Hispanic)",0,0,"Seneca","Romulus town","New York"
"3609963440",2017,"B17001H_SnrPov","White (Non-Hispanic)",77.5862068965517,30.5693679675764,"Seneca","Romulus town","New York"
"3609963440",2017,"B17001I_SnrPov","Hispanic or Latino (Any Race)",0,0,"Seneca","Romulus town","New York"
"3609963440",2018,"B17001B_SnrPov","Black (Non-Hispanic)",0,0,"Seneca","Romulus town","New York"
"3609963440",2018,"B17001C_SnrPov","Native American (Non-Hispanic)",0,0,"Seneca","Romulus town","New York"
"3609963440",2018,"B17001D_SnrPov","Asian (Non-Hispanic)",0,0,"Seneca","Romulus town","New York"
"3609963440",2018,"B17001E_SnrPov","Pacific Islander (Non-Hispanic)",0,0,"Seneca","Romulus town","New York"
"3609963440",2018,"B17001F_SnrPov","Other (Non-Hispanic)",0,0,"Seneca","Romulus town","New York"
"3609963440",2018,"B17001G_SnrPov","Two or More Races (Non-Hispanic)",0,0,"Seneca","Romulus town","New York"
"3609963440",2018,"B17001H_SnrPov","White (Non-Hispanic)",76.7857142857143,34.7976652534821,"Seneca","Romulus town","New York"
"3609963440",2018,"B17001I_SnrPov","Hispanic or Latino (Any Race)",0,0,"Seneca","Romulus town","New York"
"3609963440",2019,"B17001B_SnrPov","Black (Non-Hispanic)",0,0,"Seneca","Romulus town","New York"
"3609963440",2019,"B17001C_SnrPov","Native American (Non-Hispanic)",0,0,"Seneca","Romulus town","New York"
"3609963440",2019,"B17001D_SnrPov","Asian (Non-Hispanic)",0,0,"Seneca","Romulus town","New York"
"3609963440",2019,"B17001E_SnrPov","Pacific Islander (Non-Hispanic)",0,0,"Seneca","Romulus town","New York"
"3609963440",2019,"B17001F_SnrPov","Other (Non-Hispanic)",0,0,"Seneca","Romulus town","New York"
"3609963440",2019,"B17001G_SnrPov","Two or More Races (Non-Hispanic)",0,0,"Seneca","Romulus town","New York"
"3609963440",2019,"B17001H_SnrPov","White (Non-Hispanic)",84.0909090909091,31.5741588432595,"Seneca","Romulus town","New York"
"3609963440",2019,"B17001I_SnrPov","Hispanic or Latino (Any Race)",0,0,"Seneca","Romulus town","New York"
"3609963440",2020,"B17001B_SnrPov","Black (Non-Hispanic)",0,1697.05627484771,"Seneca","Romulus town","New York"
"3609963440",2020,"B17001C_SnrPov","Native American (Non-Hispanic)",0,0,"Seneca","Romulus town","New York"
"3609963440",2020,"B17001D_SnrPov","Asian (Non-Hispanic)",0,0,"Seneca","Romulus town","New York"
"3609963440",2020,"B17001E_SnrPov","Pacific Islander (Non-Hispanic)",0,0,"Seneca","Romulus town","New York"
"3609963440",2020,"B17001F_SnrPov","Other (Non-Hispanic)",0,0,"Seneca","Romulus town","New York"
"3609963440",2020,"B17001G_SnrPov","Two or More Races (Non-Hispanic)",0,0,"Seneca","Romulus town","New York"
"3609963440",2020,"B17001H_SnrPov","White (Non-Hispanic)",59.0909090909091,11.1742291594958,"Seneca","Romulus town","New York"
"3609963440",2020,"B17001I_SnrPov","Hispanic or Latino (Any Race)",0,0,"Seneca","Romulus town","New York"
"3609963440",2021,"B17001B_SnrPov","Black (Non-Hispanic)",0,1838.47763108502,"Seneca","Romulus town","New York"
"3609963440",2021,"B17001C_SnrPov","Native American (Non-Hispanic)",0,0,"Seneca","Romulus town","New York"
"3609963440",2021,"B17001D_SnrPov","Asian (Non-Hispanic)",0,0,"Seneca","Romulus town","New York"
"3609963440",2021,"B17001E_SnrPov","Pacific Islander (Non-Hispanic)",0,0,"Seneca","Romulus town","New York"
"3609963440",2021,"B17001F_SnrPov","Other (Non-Hispanic)",0,0,"Seneca","Romulus town","New York"
"3609963440",2021,"B17001G_SnrPov","Two or More Races (Non-Hispanic)",0,141.421356237309,"Seneca","Romulus town","New York"
"3609963440",2021,"B17001H_SnrPov","White (Non-Hispanic)",42.8571428571429,34.9198986876479,"Seneca","Romulus town","New York"
"3609963440",2021,"B17001I_SnrPov","Hispanic or Latino (Any Race)",0,0,"Seneca","Romulus town","New York"
"3609963440",2022,"B17001B_SnrPov","Black (Non-Hispanic)",0,919.238815542512,"Seneca","Romulus town","New York"
"3609963440",2022,"B17001C_SnrPov","Native American (Non-Hispanic)",0,0,"Seneca","Romulus town","New York"
"3609963440",2022,"B17001D_SnrPov","Asian (Non-Hispanic)",0,0,"Seneca","Romulus town","New York"
"3609963440",2022,"B17001E_SnrPov","Pacific Islander (Non-Hispanic)",0,0,"Seneca","Romulus town","New York"
"3609963440",2022,"B17001F_SnrPov","Other (Non-Hispanic)",0,0,"Seneca","Romulus town","New York"
"3609963440",2022,"B17001G_SnrPov","Two or More Races (Non-Hispanic)",0,141.421356237309,"Seneca","Romulus town","New York"
"3609963440",2022,"B17001H_SnrPov","White (Non-Hispanic)",46.6666666666667,33.9847460335216,"Seneca","Romulus town","New York"
"3609963440",2022,"B17001I_SnrPov","Hispanic or Latino (Any Race)",0,0,"Seneca","Romulus town","New York"
"3609963440",2023,"B17001B_SnrPov","Black (Non-Hispanic)",0,919.238815542512,"Seneca","Romulus town","New York"
"3609963440",2023,"B17001C_SnrPov","Native American (Non-Hispanic)",0,0,"Seneca","Romulus town","New York"
"3609963440",2023,"B17001D_SnrPov","Asian (Non-Hispanic)",0,0,"Seneca","Romulus town","New York"
"3609963440",2023,"B17001E_SnrPov","Pacific Islander (Non-Hispanic)",0,0,"Seneca","Romulus town","New York"
"3609963440",2023,"B17001F_SnrPov","Other (Non-Hispanic)",0,0,"Seneca","Romulus town","New York"
"3609963440",2023,"B17001G_SnrPov","Two or More Races (Non-Hispanic)",0,167.134330098638,"Seneca","Romulus town","New York"
"3609963440",2023,"B17001H_SnrPov","White (Non-Hispanic)",65.2173913043478,31.6492646312856,"Seneca","Romulus town","New York"
"3609963440",2023,"B17001I_SnrPov","Hispanic or Latino (Any Race)",0,0,"Seneca","Romulus town","New York"
"3609963440",2024,"B17001B_SnrPov","Black (Non-Hispanic)",0,1979.89898732233,"Seneca","Romulus town","New York"
"3609963440",2024,"B17001C_SnrPov","Native American (Non-Hispanic)",0,0,"Seneca","Romulus town","New York"
"3609963440",2024,"B17001D_SnrPov","Asian (Non-Hispanic)",0,0,"Seneca","Romulus town","New York"
"3609963440",2024,"B17001E_SnrPov","Pacific Islander (Non-Hispanic)",0,0,"Seneca","Romulus town","New York"
"3609963440",2024,"B17001F_SnrPov","Other (Non-Hispanic)",0,0,"Seneca","Romulus town","New York"
"3609963440",2024,"B17001G_SnrPov","Two or More Races (Non-Hispanic)",53.8461538461538,58.1532187918466,"Seneca","Romulus town","New York"
"3609963440",2024,"B17001H_SnrPov","White (Non-Hispanic)",54.6666666666667,28.4838560297054,"Seneca","Romulus town","New York"
"3609963440",2024,"B17001I_SnrPov","Hispanic or Latino (Any Race)",0,0,"Seneca","Romulus town","New York"
"3609966333",2017,"B17001B_SnrPov","Black (Non-Hispanic)",50,199.130052422475,"Seneca","Seneca Falls town","New York"
"3609966333",2017,"B17001C_SnrPov","Native American (Non-Hispanic)",0,0,"Seneca","Seneca Falls town","New York"
"3609966333",2017,"B17001D_SnrPov","Asian (Non-Hispanic)",0,0,"Seneca","Seneca Falls town","New York"
"3609966333",2017,"B17001E_SnrPov","Pacific Islander (Non-Hispanic)",0,0,"Seneca","Seneca Falls town","New York"
"3609966333",2017,"B17001F_SnrPov","Other (Non-Hispanic)",0,0,"Seneca","Seneca Falls town","New York"
"3609966333",2017,"B17001G_SnrPov","Two or More Races (Non-Hispanic)",0,0,"Seneca","Seneca Falls town","New York"
"3609966333",2017,"B17001H_SnrPov","White (Non-Hispanic)",48.7603305785124,34.6703590785698,"Seneca","Seneca Falls town","New York"
"3609966333",2017,"B17001I_SnrPov","Hispanic or Latino (Any Race)",0,0,"Seneca","Seneca Falls town","New York"
"3609966333",2018,"B17001B_SnrPov","Black (Non-Hispanic)",57.1428571428571,168.314772249104,"Seneca","Seneca Falls town","New York"
"3609966333",2018,"B17001C_SnrPov","Native American (Non-Hispanic)",0,0,"Seneca","Seneca Falls town","New York"
"3609966333",2018,"B17001D_SnrPov","Asian (Non-Hispanic)",0,0,"Seneca","Seneca Falls town","New York"
"3609966333",2018,"B17001E_SnrPov","Pacific Islander (Non-Hispanic)",0,0,"Seneca","Seneca Falls town","New York"
"3609966333",2018,"B17001F_SnrPov","Other (Non-Hispanic)",0,0,"Seneca","Seneca Falls town","New York"
"3609966333",2018,"B17001G_SnrPov","Two or More Races (Non-Hispanic)",0,0,"Seneca","Seneca Falls town","New York"
"3609966333",2018,"B17001H_SnrPov","White (Non-Hispanic)",36.6412213740458,32.2988318876044,"Seneca","Seneca Falls town","New York"
"3609966333",2018,"B17001I_SnrPov","Hispanic or Latino (Any Race)",0,0,"Seneca","Seneca Falls town","New York"
"3609966333",2019,"B17001B_SnrPov","Black (Non-Hispanic)",57.1428571428571,154.698723740794,"Seneca","Seneca Falls town","New York"
"3609966333",2019,"B17001C_SnrPov","Native American (Non-Hispanic)",0,0,"Seneca","Seneca Falls town","New York"
"3609966333",2019,"B17001D_SnrPov","Asian (Non-Hispanic)",0,0,"Seneca","Seneca Falls town","New York"
"3609966333",2019,"B17001E_SnrPov","Pacific Islander (Non-Hispanic)",0,0,"Seneca","Seneca Falls town","New York"
"3609966333",2019,"B17001F_SnrPov","Other (Non-Hispanic)",0,0,"Seneca","Seneca Falls town","New York"
"3609966333",2019,"B17001G_SnrPov","Two or More Races (Non-Hispanic)",0,0,"Seneca","Seneca Falls town","New York"
"3609966333",2019,"B17001H_SnrPov","White (Non-Hispanic)",44.4444444444444,29.7007770088705,"Seneca","Seneca Falls town","New York"
"3609966333",2019,"B17001I_SnrPov","Hispanic or Latino (Any Race)",0,0,"Seneca","Seneca Falls town","New York"
"3609966333",2020,"B17001B_SnrPov","Black (Non-Hispanic)",33.3333333333333,253.798306233343,"Seneca","Seneca Falls town","New York"
"3609966333",2020,"B17001C_SnrPov","Native American (Non-Hispanic)",0,0,"Seneca","Seneca Falls town","New York"
"3609966333",2020,"B17001D_SnrPov","Asian (Non-Hispanic)",0,0,"Seneca","Seneca Falls town","New York"
"3609966333",2020,"B17001E_SnrPov","Pacific Islander (Non-Hispanic)",0,0,"Seneca","Seneca Falls town","New York"
"3609966333",2020,"B17001F_SnrPov","Other (Non-Hispanic)",0,0,"Seneca","Seneca Falls town","New York"
"3609966333",2020,"B17001G_SnrPov","Two or More Races (Non-Hispanic)",0,0,"Seneca","Seneca Falls town","New York"
"3609966333",2020,"B17001H_SnrPov","White (Non-Hispanic)",72.972972972973,43.4725697187718,"Seneca","Seneca Falls town","New York"
"3609966333",2020,"B17001I_SnrPov","Hispanic or Latino (Any Race)",0,0,"Seneca","Seneca Falls town","New York"
"3609966333",2021,"B17001B_SnrPov","Black (Non-Hispanic)",100,1232.8828005938,"Seneca","Seneca Falls town","New York"
"3609966333",2021,"B17001C_SnrPov","Native American (Non-Hispanic)",0,0,"Seneca","Seneca Falls town","New York"
"3609966333",2021,"B17001D_SnrPov","Asian (Non-Hispanic)",0,0,"Seneca","Seneca Falls town","New York"
"3609966333",2021,"B17001E_SnrPov","Pacific Islander (Non-Hispanic)",0,0,"Seneca","Seneca Falls town","New York"
"3609966333",2021,"B17001F_SnrPov","Other (Non-Hispanic)",0,0,"Seneca","Seneca Falls town","New York"
"3609966333",2021,"B17001G_SnrPov","Two or More Races (Non-Hispanic)",0,0,"Seneca","Seneca Falls town","New York"
"3609966333",2021,"B17001H_SnrPov","White (Non-Hispanic)",58.5714285714286,39.9202639023796,"Seneca","Seneca Falls town","New York"
"3609966333",2021,"B17001I_SnrPov","Hispanic or Latino (Any Race)",0,0,"Seneca","Seneca Falls town","New York"
"3609966333",2022,"B17001B_SnrPov","Black (Non-Hispanic)",0,0,"Seneca","Seneca Falls town","New York"
"3609966333",2022,"B17001C_SnrPov","Native American (Non-Hispanic)",0,0,"Seneca","Seneca Falls town","New York"
"3609966333",2022,"B17001D_SnrPov","Asian (Non-Hispanic)",0,0,"Seneca","Seneca Falls town","New York"
"3609966333",2022,"B17001E_SnrPov","Pacific Islander (Non-Hispanic)",0,0,"Seneca","Seneca Falls town","New York"
"3609966333",2022,"B17001F_SnrPov","Other (Non-Hispanic)",0,0,"Seneca","Seneca Falls town","New York"
"3609966333",2022,"B17001G_SnrPov","Two or More Races (Non-Hispanic)",0,0,"Seneca","Seneca Falls town","New York"
"3609966333",2022,"B17001H_SnrPov","White (Non-Hispanic)",54.1218637992832,32.1328168600266,"Seneca","Seneca Falls town","New York"
"3609966333",2022,"B17001I_SnrPov","Hispanic or Latino (Any Race)",0,0,"Seneca","Seneca Falls town","New York"
"3609966333",2023,"B17001B_SnrPov","Black (Non-Hispanic)",0,0,"Seneca","Seneca Falls town","New York"
"3609966333",2023,"B17001C_SnrPov","Native American (Non-Hispanic)",0,0,"Seneca","Seneca Falls town","New York"
"3609966333",2023,"B17001D_SnrPov","Asian (Non-Hispanic)",0,0,"Seneca","Seneca Falls town","New York"
"3609966333",2023,"B17001E_SnrPov","Pacific Islander (Non-Hispanic)",0,0,"Seneca","Seneca Falls town","New York"
"3609966333",2023,"B17001F_SnrPov","Other (Non-Hispanic)",0,0,"Seneca","Seneca Falls town","New York"
"3609966333",2023,"B17001G_SnrPov","Two or More Races (Non-Hispanic)",0,0,"Seneca","Seneca Falls town","New York"
"3609966333",2023,"B17001H_SnrPov","White (Non-Hispanic)",61.0921501706485,28.9420607686077,"Seneca","Seneca Falls town","New York"
"3609966333",2023,"B17001I_SnrPov","Hispanic or Latino (Any Race)",0,0,"Seneca","Seneca Falls town","New York"
"3609966333",2024,"B17001B_SnrPov","Black (Non-Hispanic)",0,0,"Seneca","Seneca Falls town","New York"
"3609966333",2024,"B17001C_SnrPov","Native American (Non-Hispanic)",100,438.442020065,"Seneca","Seneca Falls town","New York"
"3609966333",2024,"B17001D_SnrPov","Asian (Non-Hispanic)",0,0,"Seneca","Seneca Falls town","New York"
"3609966333",2024,"B17001E_SnrPov","Pacific Islander (Non-Hispanic)",0,0,"Seneca","Seneca Falls town","New York"
"3609966333",2024,"B17001F_SnrPov","Other (Non-Hispanic)",0,0,"Seneca","Seneca Falls town","New York"
"3609966333",2024,"B17001G_SnrPov","Two or More Races (Non-Hispanic)",0,0,"Seneca","Seneca Falls town","New York"
"3609966333",2024,"B17001H_SnrPov","White (Non-Hispanic)",51.6260162601626,32.0200192326847,"Seneca","Seneca Falls town","New York"
"3609966333",2024,"B17001I_SnrPov","Hispanic or Latino (Any Race)",100,438.442020065,"Seneca","Seneca Falls town","New York"
"3609975902",2017,"B17001B_SnrPov","Black (Non-Hispanic)",0,0,"Seneca","Tyre town","New York"
"3609975902",2017,"B17001C_SnrPov","Native American (Non-Hispanic)",0,0,"Seneca","Tyre town","New York"
"3609975902",2017,"B17001D_SnrPov","Asian (Non-Hispanic)",0,0,"Seneca","Tyre town","New York"
"3609975902",2017,"B17001E_SnrPov","Pacific Islander (Non-Hispanic)",0,0,"Seneca","Tyre town","New York"
"3609975902",2017,"B17001F_SnrPov","Other (Non-Hispanic)",0,0,"Seneca","Tyre town","New York"
"3609975902",2017,"B17001G_SnrPov","Two or More Races (Non-Hispanic)",0,0,"Seneca","Tyre town","New York"
"3609975902",2017,"B17001H_SnrPov","White (Non-Hispanic)",35.4838709677419,16.2277533316278,"Seneca","Tyre town","New York"
"3609975902",2017,"B17001I_SnrPov","Hispanic or Latino (Any Race)",0,0,"Seneca","Tyre town","New York"
"3609975902",2018,"B17001B_SnrPov","Black (Non-Hispanic)",0,0,"Seneca","Tyre town","New York"
"3609975902",2018,"B17001C_SnrPov","Native American (Non-Hispanic)",0,0,"Seneca","Tyre town","New York"
"3609975902",2018,"B17001D_SnrPov","Asian (Non-Hispanic)",0,0,"Seneca","Tyre town","New York"
"3609975902",2018,"B17001E_SnrPov","Pacific Islander (Non-Hispanic)",0,0,"Seneca","Tyre town","New York"
"3609975902",2018,"B17001F_SnrPov","Other (Non-Hispanic)",0,0,"Seneca","Tyre town","New York"
"3609975902",2018,"B17001G_SnrPov","Two or More Races (Non-Hispanic)",0,0,"Seneca","Tyre town","New York"
"3609975902",2018,"B17001H_SnrPov","White (Non-Hispanic)",35.4838709677419,17.1311017617557,"Seneca","Tyre town","New York"
"3609975902",2018,"B17001I_SnrPov","Hispanic or Latino (Any Race)",0,0,"Seneca","Tyre town","New York"
"3609975902",2019,"B17001B_SnrPov","Black (Non-Hispanic)",0,0,"Seneca","Tyre town","New York"
"3609975902",2019,"B17001C_SnrPov","Native American (Non-Hispanic)",0,0,"Seneca","Tyre town","New York"
"3609975902",2019,"B17001D_SnrPov","Asian (Non-Hispanic)",0,0,"Seneca","Tyre town","New York"
"3609975902",2019,"B17001E_SnrPov","Pacific Islander (Non-Hispanic)",0,0,"Seneca","Tyre town","New York"
"3609975902",2019,"B17001F_SnrPov","Other (Non-Hispanic)",0,0,"Seneca","Tyre town","New York"
"3609975902",2019,"B17001G_SnrPov","Two or More Races (Non-Hispanic)",0,0,"Seneca","Tyre town","New York"
"3609975902",2019,"B17001H_SnrPov","White (Non-Hispanic)",48.1481481481481,14.391529588515,"Seneca","Tyre town","New York"
"3609975902",2019,"B17001I_SnrPov","Hispanic or Latino (Any Race)",0,0,"Seneca","Tyre town","New York"
"3609975902",2020,"B17001B_SnrPov","Black (Non-Hispanic)",0,0,"Seneca","Tyre town","New York"
"3609975902",2020,"B17001C_SnrPov","Native American (Non-Hispanic)",0,0,"Seneca","Tyre town","New York"
"3609975902",2020,"B17001D_SnrPov","Asian (Non-Hispanic)",0,0,"Seneca","Tyre town","New York"
"3609975902",2020,"B17001E_SnrPov","Pacific Islander (Non-Hispanic)",0,0,"Seneca","Tyre town","New York"
"3609975902",2020,"B17001F_SnrPov","Other (Non-Hispanic)",0,0,"Seneca","Tyre town","New York"
"3609975902",2020,"B17001G_SnrPov","Two or More Races (Non-Hispanic)",0,0,"Seneca","Tyre town","New York"
"3609975902",2020,"B17001H_SnrPov","White (Non-Hispanic)",62.5,17.0090164508416,"Seneca","Tyre town","New York"
"3609975902",2020,"B17001I_SnrPov","Hispanic or Latino (Any Race)",0,0,"Seneca","Tyre town","New York"
"3609975902",2021,"B17001B_SnrPov","Black (Non-Hispanic)",0,0,"Seneca","Tyre town","New York"
"3609975902",2021,"B17001C_SnrPov","Native American (Non-Hispanic)",0,0,"Seneca","Tyre town","New York"
"3609975902",2021,"B17001D_SnrPov","Asian (Non-Hispanic)",0,0,"Seneca","Tyre town","New York"
"3609975902",2021,"B17001E_SnrPov","Pacific Islander (Non-Hispanic)",0,0,"Seneca","Tyre town","New York"
"3609975902",2021,"B17001F_SnrPov","Other (Non-Hispanic)",0,0,"Seneca","Tyre town","New York"
"3609975902",2021,"B17001G_SnrPov","Two or More Races (Non-Hispanic)",0,0,"Seneca","Tyre town","New York"
"3609975902",2021,"B17001H_SnrPov","White (Non-Hispanic)",53.3333333333333,34.9842998296079,"Seneca","Tyre town","New York"
"3609975902",2021,"B17001I_SnrPov","Hispanic or Latino (Any Race)",0,0,"Seneca","Tyre town","New York"
"3609975902",2022,"B17001B_SnrPov","Black (Non-Hispanic)",0,0,"Seneca","Tyre town","New York"
"3609975902",2022,"B17001C_SnrPov","Native American (Non-Hispanic)",0,0,"Seneca","Tyre town","New York"
"3609975902",2022,"B17001D_SnrPov","Asian (Non-Hispanic)",0,0,"Seneca","Tyre town","New York"
"3609975902",2022,"B17001E_SnrPov","Pacific Islander (Non-Hispanic)",0,0,"Seneca","Tyre town","New York"
"3609975902",2022,"B17001F_SnrPov","Other (Non-Hispanic)",0,0,"Seneca","Tyre town","New York"
"3609975902",2022,"B17001G_SnrPov","Two or More Races (Non-Hispanic)",0,0,"Seneca","Tyre town","New York"
"3609975902",2022,"B17001H_SnrPov","White (Non-Hispanic)",66.6666666666667,41.2759458244594,"Seneca","Tyre town","New York"
"3609975902",2022,"B17001I_SnrPov","Hispanic or Latino (Any Race)",0,0,"Seneca","Tyre town","New York"
"3609975902",2023,"B17001B_SnrPov","Black (Non-Hispanic)",0,0,"Seneca","Tyre town","New York"
"3609975902",2023,"B17001C_SnrPov","Native American (Non-Hispanic)",0,0,"Seneca","Tyre town","New York"
"3609975902",2023,"B17001D_SnrPov","Asian (Non-Hispanic)",0,0,"Seneca","Tyre town","New York"
"3609975902",2023,"B17001E_SnrPov","Pacific Islander (Non-Hispanic)",0,0,"Seneca","Tyre town","New York"
"3609975902",2023,"B17001F_SnrPov","Other (Non-Hispanic)",0,0,"Seneca","Tyre town","New York"
"3609975902",2023,"B17001G_SnrPov","Two or More Races (Non-Hispanic)",0,919.238815542512,"Seneca","Tyre town","New York"
"3609975902",2023,"B17001H_SnrPov","White (Non-Hispanic)",71.4285714285714,12.1595666202172,"Seneca","Tyre town","New York"
"3609975902",2023,"B17001I_SnrPov","Hispanic or Latino (Any Race)",0,0,"Seneca","Tyre town","New York"
"3609975902",2024,"B17001B_SnrPov","Black (Non-Hispanic)",0,0,"Seneca","Tyre town","New York"
"3609975902",2024,"B17001C_SnrPov","Native American (Non-Hispanic)",0,0,"Seneca","Tyre town","New York"
"3609975902",2024,"B17001D_SnrPov","Asian (Non-Hispanic)",0,0,"Seneca","Tyre town","New York"
"3609975902",2024,"B17001E_SnrPov","Pacific Islander (Non-Hispanic)",0,0,"Seneca","Tyre town","New York"
"3609975902",2024,"B17001F_SnrPov","Other (Non-Hispanic)",0,0,"Seneca","Tyre town","New York"
"3609975902",2024,"B17001G_SnrPov","Two or More Races (Non-Hispanic)",33.3333333333333,208.462922658819,"Seneca","Tyre town","New York"
"3609975902",2024,"B17001H_SnrPov","White (Non-Hispanic)",50,76.4772216552011,"Seneca","Tyre town","New York"
"3609975902",2024,"B17001I_SnrPov","Hispanic or Latino (Any Race)",0,0,"Seneca","Tyre town","New York"
"3609976958",2017,"B17001B_SnrPov","Black (Non-Hispanic)",0,0,"Seneca","Varick town","New York"
"3609976958",2017,"B17001C_SnrPov","Native American (Non-Hispanic)",0,0,"Seneca","Varick town","New York"
"3609976958",2017,"B17001D_SnrPov","Asian (Non-Hispanic)",0,0,"Seneca","Varick town","New York"
"3609976958",2017,"B17001E_SnrPov","Pacific Islander (Non-Hispanic)",0,0,"Seneca","Varick town","New York"
"3609976958",2017,"B17001F_SnrPov","Other (Non-Hispanic)",0,0,"Seneca","Varick town","New York"
"3609976958",2017,"B17001G_SnrPov","Two or More Races (Non-Hispanic)",0,0,"Seneca","Varick town","New York"
"3609976958",2017,"B17001H_SnrPov","White (Non-Hispanic)",41.1764705882353,42.5127027261357,"Seneca","Varick town","New York"
"3609976958",2017,"B17001I_SnrPov","Hispanic or Latino (Any Race)",0,0,"Seneca","Varick town","New York"
"3609976958",2018,"B17001B_SnrPov","Black (Non-Hispanic)",0,0,"Seneca","Varick town","New York"
"3609976958",2018,"B17001C_SnrPov","Native American (Non-Hispanic)",0,0,"Seneca","Varick town","New York"
"3609976958",2018,"B17001D_SnrPov","Asian (Non-Hispanic)",0,0,"Seneca","Varick town","New York"
"3609976958",2018,"B17001E_SnrPov","Pacific Islander (Non-Hispanic)",0,0,"Seneca","Varick town","New York"
"3609976958",2018,"B17001F_SnrPov","Other (Non-Hispanic)",0,0,"Seneca","Varick town","New York"
"3609976958",2018,"B17001G_SnrPov","Two or More Races (Non-Hispanic)",0,0,"Seneca","Varick town","New York"
"3609976958",2018,"B17001H_SnrPov","White (Non-Hispanic)",42.3076923076923,24.139750191372,"Seneca","Varick town","New York"
"3609976958",2018,"B17001I_SnrPov","Hispanic or Latino (Any Race)",0,0,"Seneca","Varick town","New York"
"3609976958",2019,"B17001B_SnrPov","Black (Non-Hispanic)",0,0,"Seneca","Varick town","New York"
"3609976958",2019,"B17001C_SnrPov","Native American (Non-Hispanic)",0,0,"Seneca","Varick town","New York"
"3609976958",2019,"B17001D_SnrPov","Asian (Non-Hispanic)",0,0,"Seneca","Varick town","New York"
"3609976958",2019,"B17001E_SnrPov","Pacific Islander (Non-Hispanic)",0,0,"Seneca","Varick town","New York"
"3609976958",2019,"B17001F_SnrPov","Other (Non-Hispanic)",0,0,"Seneca","Varick town","New York"
"3609976958",2019,"B17001G_SnrPov","Two or More Races (Non-Hispanic)",0,0,"Seneca","Varick town","New York"
"3609976958",2019,"B17001H_SnrPov","White (Non-Hispanic)",38.8888888888889,29.3254996167474,"Seneca","Varick town","New York"
"3609976958",2019,"B17001I_SnrPov","Hispanic or Latino (Any Race)",0,0,"Seneca","Varick town","New York"
"3609976958",2020,"B17001B_SnrPov","Black (Non-Hispanic)",0,0,"Seneca","Varick town","New York"
"3609976958",2020,"B17001C_SnrPov","Native American (Non-Hispanic)",0,0,"Seneca","Varick town","New York"
"3609976958",2020,"B17001D_SnrPov","Asian (Non-Hispanic)",0,0,"Seneca","Varick town","New York"
"3609976958",2020,"B17001E_SnrPov","Pacific Islander (Non-Hispanic)",0,0,"Seneca","Varick town","New York"
"3609976958",2020,"B17001F_SnrPov","Other (Non-Hispanic)",0,0,"Seneca","Varick town","New York"
"3609976958",2020,"B17001G_SnrPov","Two or More Races (Non-Hispanic)",0,0,"Seneca","Varick town","New York"
"3609976958",2020,"B17001H_SnrPov","White (Non-Hispanic)",31.25,15.928582915289,"Seneca","Varick town","New York"
"3609976958",2020,"B17001I_SnrPov","Hispanic or Latino (Any Race)",0,0,"Seneca","Varick town","New York"
"3609976958",2021,"B17001B_SnrPov","Black (Non-Hispanic)",0,0,"Seneca","Varick town","New York"
"3609976958",2021,"B17001C_SnrPov","Native American (Non-Hispanic)",0,0,"Seneca","Varick town","New York"
"3609976958",2021,"B17001D_SnrPov","Asian (Non-Hispanic)",0,0,"Seneca","Varick town","New York"
"3609976958",2021,"B17001E_SnrPov","Pacific Islander (Non-Hispanic)",0,0,"Seneca","Varick town","New York"
"3609976958",2021,"B17001F_SnrPov","Other (Non-Hispanic)",0,0,"Seneca","Varick town","New York"
"3609976958",2021,"B17001G_SnrPov","Two or More Races (Non-Hispanic)",0,0,"Seneca","Varick town","New York"
"3609976958",2021,"B17001H_SnrPov","White (Non-Hispanic)",36.5853658536585,24.5686370817652,"Seneca","Varick town","New York"
"3609976958",2021,"B17001I_SnrPov","Hispanic or Latino (Any Race)",0,0,"Seneca","Varick town","New York"
"3609976958",2022,"B17001B_SnrPov","Black (Non-Hispanic)",0,0,"Seneca","Varick town","New York"
"3609976958",2022,"B17001C_SnrPov","Native American (Non-Hispanic)",0,0,"Seneca","Varick town","New York"
"3609976958",2022,"B17001D_SnrPov","Asian (Non-Hispanic)",0,0,"Seneca","Varick town","New York"
"3609976958",2022,"B17001E_SnrPov","Pacific Islander (Non-Hispanic)",0,0,"Seneca","Varick town","New York"
"3609976958",2022,"B17001F_SnrPov","Other (Non-Hispanic)",0,0,"Seneca","Varick town","New York"
"3609976958",2022,"B17001G_SnrPov","Two or More Races (Non-Hispanic)",0,1838.47763108502,"Seneca","Varick town","New York"
"3609976958",2022,"B17001H_SnrPov","White (Non-Hispanic)",37.037037037037,23.7263805818851,"Seneca","Varick town","New York"
"3609976958",2022,"B17001I_SnrPov","Hispanic or Latino (Any Race)",0,0,"Seneca","Varick town","New York"
"3609976958",2023,"B17001B_SnrPov","Black (Non-Hispanic)",0,0,"Seneca","Varick town","New York"
"3609976958",2023,"B17001C_SnrPov","Native American (Non-Hispanic)",0,0,"Seneca","Varick town","New York"
"3609976958",2023,"B17001D_SnrPov","Asian (Non-Hispanic)",0,0,"Seneca","Varick town","New York"
"3609976958",2023,"B17001E_SnrPov","Pacific Islander (Non-Hispanic)",0,0,"Seneca","Varick town","New York"
"3609976958",2023,"B17001F_SnrPov","Other (Non-Hispanic)",0,0,"Seneca","Varick town","New York"
"3609976958",2023,"B17001G_SnrPov","Two or More Races (Non-Hispanic)",0,1838.47763108502,"Seneca","Varick town","New York"
"3609976958",2023,"B17001H_SnrPov","White (Non-Hispanic)",28.5714285714286,34.4831535688078,"Seneca","Varick town","New York"
"3609976958",2023,"B17001I_SnrPov","Hispanic or Latino (Any Race)",0,0,"Seneca","Varick town","New York"
"3609976958",2024,"B17001B_SnrPov","Black (Non-Hispanic)",0,0,"Seneca","Varick town","New York"
"3609976958",2024,"B17001C_SnrPov","Native American (Non-Hispanic)",0,0,"Seneca","Varick town","New York"
"3609976958",2024,"B17001D_SnrPov","Asian (Non-Hispanic)",0,0,"Seneca","Varick town","New York"
"3609976958",2024,"B17001E_SnrPov","Pacific Islander (Non-Hispanic)",0,0,"Seneca","Varick town","New York"
"3609976958",2024,"B17001F_SnrPov","Other (Non-Hispanic)",0,0,"Seneca","Varick town","New York"
"3609976958",2024,"B17001G_SnrPov","Two or More Races (Non-Hispanic)",0,1979.89898732233,"Seneca","Varick town","New York"
"3609976958",2024,"B17001H_SnrPov","White (Non-Hispanic)",20,279.742738958494,"Seneca","Varick town","New York"
"3609976958",2024,"B17001I_SnrPov","Hispanic or Latino (Any Race)",0,0,"Seneca","Varick town","New York"
"3609978564",2017,"B17001B_SnrPov","Black (Non-Hispanic)",0,0,"Seneca","Waterloo town","New York"
"3609978564",2017,"B17001C_SnrPov","Native American (Non-Hispanic)",0,0,"Seneca","Waterloo town","New York"
"3609978564",2017,"B17001D_SnrPov","Asian (Non-Hispanic)",0,0,"Seneca","Waterloo town","New York"
"3609978564",2017,"B17001E_SnrPov","Pacific Islander (Non-Hispanic)",0,0,"Seneca","Waterloo town","New York"
"3609978564",2017,"B17001F_SnrPov","Other (Non-Hispanic)",0,0,"Seneca","Waterloo town","New York"
"3609978564",2017,"B17001G_SnrPov","Two or More Races (Non-Hispanic)",0,0,"Seneca","Waterloo town","New York"
"3609978564",2017,"B17001H_SnrPov","White (Non-Hispanic)",50.9259259259259,23.6230327069041,"Seneca","Waterloo town","New York"
"3609978564",2017,"B17001I_SnrPov","Hispanic or Latino (Any Race)",0,70.7106781186548,"Seneca","Waterloo town","New York"
"3609978564",2018,"B17001B_SnrPov","Black (Non-Hispanic)",0,0,"Seneca","Waterloo town","New York"
"3609978564",2018,"B17001C_SnrPov","Native American (Non-Hispanic)",0,0,"Seneca","Waterloo town","New York"
"3609978564",2018,"B17001D_SnrPov","Asian (Non-Hispanic)",0,0,"Seneca","Waterloo town","New York"
"3609978564",2018,"B17001E_SnrPov","Pacific Islander (Non-Hispanic)",0,0,"Seneca","Waterloo town","New York"
"3609978564",2018,"B17001F_SnrPov","Other (Non-Hispanic)",0,0,"Seneca","Waterloo town","New York"
"3609978564",2018,"B17001G_SnrPov","Two or More Races (Non-Hispanic)",0,0,"Seneca","Waterloo town","New York"
"3609978564",2018,"B17001H_SnrPov","White (Non-Hispanic)",51.5151515151515,22.2140031966588,"Seneca","Waterloo town","New York"
"3609978564",2018,"B17001I_SnrPov","Hispanic or Latino (Any Race)",0,0,"Seneca","Waterloo town","New York"
"3609978564",2019,"B17001B_SnrPov","Black (Non-Hispanic)",0,0,"Seneca","Waterloo town","New York"
"3609978564",2019,"B17001C_SnrPov","Native American (Non-Hispanic)",0,0,"Seneca","Waterloo town","New York"
"3609978564",2019,"B17001D_SnrPov","Asian (Non-Hispanic)",0,0,"Seneca","Waterloo town","New York"
"3609978564",2019,"B17001E_SnrPov","Pacific Islander (Non-Hispanic)",0,0,"Seneca","Waterloo town","New York"
"3609978564",2019,"B17001F_SnrPov","Other (Non-Hispanic)",0,0,"Seneca","Waterloo town","New York"
"3609978564",2019,"B17001G_SnrPov","Two or More Races (Non-Hispanic)",0,0,"Seneca","Waterloo town","New York"
"3609978564",2019,"B17001H_SnrPov","White (Non-Hispanic)",53.8834951456311,15.6774595670156,"Seneca","Waterloo town","New York"
"3609978564",2019,"B17001I_SnrPov","Hispanic or Latino (Any Race)",0,0,"Seneca","Waterloo town","New York"
"3609978564",2020,"B17001B_SnrPov","Black (Non-Hispanic)",0,0,"Seneca","Waterloo town","New York"
"3609978564",2020,"B17001C_SnrPov","Native American (Non-Hispanic)",0,0,"Seneca","Waterloo town","New York"
"3609978564",2020,"B17001D_SnrPov","Asian (Non-Hispanic)",0,0,"Seneca","Waterloo town","New York"
"3609978564",2020,"B17001E_SnrPov","Pacific Islander (Non-Hispanic)",0,0,"Seneca","Waterloo town","New York"
"3609978564",2020,"B17001F_SnrPov","Other (Non-Hispanic)",0,0,"Seneca","Waterloo town","New York"
"3609978564",2020,"B17001G_SnrPov","Two or More Races (Non-Hispanic)",0,0,"Seneca","Waterloo town","New York"
"3609978564",2020,"B17001H_SnrPov","White (Non-Hispanic)",38.8646288209607,16.3487021358074,"Seneca","Waterloo town","New York"
"3609978564",2020,"B17001I_SnrPov","Hispanic or Latino (Any Race)",0,0,"Seneca","Waterloo town","New York"
"3609978564",2021,"B17001B_SnrPov","Black (Non-Hispanic)",0,0,"Seneca","Waterloo town","New York"
"3609978564",2021,"B17001C_SnrPov","Native American (Non-Hispanic)",0,0,"Seneca","Waterloo town","New York"
"3609978564",2021,"B17001D_SnrPov","Asian (Non-Hispanic)",0,0,"Seneca","Waterloo town","New York"
"3609978564",2021,"B17001E_SnrPov","Pacific Islander (Non-Hispanic)",0,0,"Seneca","Waterloo town","New York"
"3609978564",2021,"B17001F_SnrPov","Other (Non-Hispanic)",0,0,"Seneca","Waterloo town","New York"
"3609978564",2021,"B17001G_SnrPov","Two or More Races (Non-Hispanic)",0,0,"Seneca","Waterloo town","New York"
"3609978564",2021,"B17001H_SnrPov","White (Non-Hispanic)",43.0830039525692,16.8468730412636,"Seneca","Waterloo town","New York"
"3609978564",2021,"B17001I_SnrPov","Hispanic or Latino (Any Race)",0,0,"Seneca","Waterloo town","New York"
"3609978564",2022,"B17001B_SnrPov","Black (Non-Hispanic)",0,0,"Seneca","Waterloo town","New York"
"3609978564",2022,"B17001C_SnrPov","Native American (Non-Hispanic)",0,0,"Seneca","Waterloo town","New York"
"3609978564",2022,"B17001D_SnrPov","Asian (Non-Hispanic)",0,0,"Seneca","Waterloo town","New York"
"3609978564",2022,"B17001E_SnrPov","Pacific Islander (Non-Hispanic)",0,0,"Seneca","Waterloo town","New York"
"3609978564",2022,"B17001F_SnrPov","Other (Non-Hispanic)",0,0,"Seneca","Waterloo town","New York"
"3609978564",2022,"B17001G_SnrPov","Two or More Races (Non-Hispanic)",0,0,"Seneca","Waterloo town","New York"
"3609978564",2022,"B17001H_SnrPov","White (Non-Hispanic)",42.6605504587156,13.5928592545601,"Seneca","Waterloo town","New York"
"3609978564",2022,"B17001I_SnrPov","Hispanic or Latino (Any Race)",0,0,"Seneca","Waterloo town","New York"
"3609978564",2023,"B17001B_SnrPov","Black (Non-Hispanic)",0,2687.00576850888,"Seneca","Waterloo town","New York"
"3609978564",2023,"B17001C_SnrPov","Native American (Non-Hispanic)",0,0,"Seneca","Waterloo town","New York"
"3609978564",2023,"B17001D_SnrPov","Asian (Non-Hispanic)",0,0,"Seneca","Waterloo town","New York"
"3609978564",2023,"B17001E_SnrPov","Pacific Islander (Non-Hispanic)",0,0,"Seneca","Waterloo town","New York"
"3609978564",2023,"B17001F_SnrPov","Other (Non-Hispanic)",0,447.83429475148,"Seneca","Waterloo town","New York"
"3609978564",2023,"B17001G_SnrPov","Two or More Races (Non-Hispanic)",0,0,"Seneca","Waterloo town","New York"
"3609978564",2023,"B17001H_SnrPov","White (Non-Hispanic)",51.877133105802,19.6159690867471,"Seneca","Waterloo town","New York"
"3609978564",2023,"B17001I_SnrPov","Hispanic or Latino (Any Race)",0,447.83429475148,"Seneca","Waterloo town","New York"
"3609978564",2024,"B17001B_SnrPov","Black (Non-Hispanic)",87.5,430.692007667602,"Seneca","Waterloo town","New York"
"3609978564",2024,"B17001C_SnrPov","Native American (Non-Hispanic)",0,0,"Seneca","Waterloo town","New York"
"3609978564",2024,"B17001D_SnrPov","Asian (Non-Hispanic)",0,0,"Seneca","Waterloo town","New York"
"3609978564",2024,"B17001E_SnrPov","Pacific Islander (Non-Hispanic)",0,0,"Seneca","Waterloo town","New York"
"3609978564",2024,"B17001F_SnrPov","Other (Non-Hispanic)",0,537.401153701776,"Seneca","Waterloo town","New York"
"3609978564",2024,"B17001G_SnrPov","Two or More Races (Non-Hispanic)",0,0,"Seneca","Waterloo town","New York"
"3609978564",2024,"B17001H_SnrPov","White (Non-Hispanic)",71.9387755102041,23.4244879796546,"Seneca","Waterloo town","New York"
"3609978564",2024,"B17001I_SnrPov","Hispanic or Latino (Any Race)",0,537.401153701776,"Seneca","Waterloo town","New York"
"3611700000",2017,"B17001B_SnrPov","Black (Non-Hispanic)",0,0,"Wayne","County subdivisions not defined","New York"
"3611700000",2017,"B17001C_SnrPov","Native American (Non-Hispanic)",0,0,"Wayne","County subdivisions not defined","New York"
"3611700000",2017,"B17001D_SnrPov","Asian (Non-Hispanic)",0,0,"Wayne","County subdivisions not defined","New York"
"3611700000",2017,"B17001E_SnrPov","Pacific Islander (Non-Hispanic)",0,0,"Wayne","County subdivisions not defined","New York"
"3611700000",2017,"B17001F_SnrPov","Other (Non-Hispanic)",0,0,"Wayne","County subdivisions not defined","New York"
"3611700000",2017,"B17001G_SnrPov","Two or More Races (Non-Hispanic)",0,0,"Wayne","County subdivisions not defined","New York"
"3611700000",2017,"B17001H_SnrPov","White (Non-Hispanic)",0,0,"Wayne","County subdivisions not defined","New York"
"3611700000",2017,"B17001I_SnrPov","Hispanic or Latino (Any Race)",0,0,"Wayne","County subdivisions not defined","New York"
"3611700000",2018,"B17001B_SnrPov","Black (Non-Hispanic)",0,0,"Wayne","County subdivisions not defined","New York"
"3611700000",2018,"B17001C_SnrPov","Native American (Non-Hispanic)",0,0,"Wayne","County subdivisions not defined","New York"
"3611700000",2018,"B17001D_SnrPov","Asian (Non-Hispanic)",0,0,"Wayne","County subdivisions not defined","New York"
"3611700000",2018,"B17001E_SnrPov","Pacific Islander (Non-Hispanic)",0,0,"Wayne","County subdivisions not defined","New York"
"3611700000",2018,"B17001F_SnrPov","Other (Non-Hispanic)",0,0,"Wayne","County subdivisions not defined","New York"
"3611700000",2018,"B17001G_SnrPov","Two or More Races (Non-Hispanic)",0,0,"Wayne","County subdivisions not defined","New York"
"3611700000",2018,"B17001H_SnrPov","White (Non-Hispanic)",0,0,"Wayne","County subdivisions not defined","New York"
"3611700000",2018,"B17001I_SnrPov","Hispanic or Latino (Any Race)",0,0,"Wayne","County subdivisions not defined","New York"
"3611700000",2019,"B17001B_SnrPov","Black (Non-Hispanic)",0,0,"Wayne","County subdivisions not defined","New York"
"3611700000",2019,"B17001C_SnrPov","Native American (Non-Hispanic)",0,0,"Wayne","County subdivisions not defined","New York"
"3611700000",2019,"B17001D_SnrPov","Asian (Non-Hispanic)",0,0,"Wayne","County subdivisions not defined","New York"
"3611700000",2019,"B17001E_SnrPov","Pacific Islander (Non-Hispanic)",0,0,"Wayne","County subdivisions not defined","New York"
"3611700000",2019,"B17001F_SnrPov","Other (Non-Hispanic)",0,0,"Wayne","County subdivisions not defined","New York"
"3611700000",2019,"B17001G_SnrPov","Two or More Races (Non-Hispanic)",0,0,"Wayne","County subdivisions not defined","New York"
"3611700000",2019,"B17001H_SnrPov","White (Non-Hispanic)",0,0,"Wayne","County subdivisions not defined","New York"
"3611700000",2019,"B17001I_SnrPov","Hispanic or Latino (Any Race)",0,0,"Wayne","County subdivisions not defined","New York"
"3611700000",2020,"B17001B_SnrPov","Black (Non-Hispanic)",0,0,"Wayne","County subdivisions not defined","New York"
"3611700000",2020,"B17001C_SnrPov","Native American (Non-Hispanic)",0,0,"Wayne","County subdivisions not defined","New York"
"3611700000",2020,"B17001D_SnrPov","Asian (Non-Hispanic)",0,0,"Wayne","County subdivisions not defined","New York"
"3611700000",2020,"B17001E_SnrPov","Pacific Islander (Non-Hispanic)",0,0,"Wayne","County subdivisions not defined","New York"
"3611700000",2020,"B17001F_SnrPov","Other (Non-Hispanic)",0,0,"Wayne","County subdivisions not defined","New York"
"3611700000",2020,"B17001G_SnrPov","Two or More Races (Non-Hispanic)",0,0,"Wayne","County subdivisions not defined","New York"
"3611700000",2020,"B17001H_SnrPov","White (Non-Hispanic)",0,0,"Wayne","County subdivisions not defined","New York"
"3611700000",2020,"B17001I_SnrPov","Hispanic or Latino (Any Race)",0,0,"Wayne","County subdivisions not defined","New York"
"3611700000",2021,"B17001B_SnrPov","Black (Non-Hispanic)",0,0,"Wayne","County subdivisions not defined","New York"
"3611700000",2021,"B17001C_SnrPov","Native American (Non-Hispanic)",0,0,"Wayne","County subdivisions not defined","New York"
"3611700000",2021,"B17001D_SnrPov","Asian (Non-Hispanic)",0,0,"Wayne","County subdivisions not defined","New York"
"3611700000",2021,"B17001E_SnrPov","Pacific Islander (Non-Hispanic)",0,0,"Wayne","County subdivisions not defined","New York"
"3611700000",2021,"B17001F_SnrPov","Other (Non-Hispanic)",0,0,"Wayne","County subdivisions not defined","New York"
"3611700000",2021,"B17001G_SnrPov","Two or More Races (Non-Hispanic)",0,0,"Wayne","County subdivisions not defined","New York"
"3611700000",2021,"B17001H_SnrPov","White (Non-Hispanic)",0,0,"Wayne","County subdivisions not defined","New York"
"3611700000",2021,"B17001I_SnrPov","Hispanic or Latino (Any Race)",0,0,"Wayne","County subdivisions not defined","New York"
"3611700000",2022,"B17001B_SnrPov","Black (Non-Hispanic)",0,0,"Wayne","County subdivisions not defined","New York"
"3611700000",2022,"B17001C_SnrPov","Native American (Non-Hispanic)",0,0,"Wayne","County subdivisions not defined","New York"
"3611700000",2022,"B17001D_SnrPov","Asian (Non-Hispanic)",0,0,"Wayne","County subdivisions not defined","New York"
"3611700000",2022,"B17001E_SnrPov","Pacific Islander (Non-Hispanic)",0,0,"Wayne","County subdivisions not defined","New York"
"3611700000",2022,"B17001F_SnrPov","Other (Non-Hispanic)",0,0,"Wayne","County subdivisions not defined","New York"
"3611700000",2022,"B17001G_SnrPov","Two or More Races (Non-Hispanic)",0,0,"Wayne","County subdivisions not defined","New York"
"3611700000",2022,"B17001H_SnrPov","White (Non-Hispanic)",0,0,"Wayne","County subdivisions not defined","New York"
"3611700000",2022,"B17001I_SnrPov","Hispanic or Latino (Any Race)",0,0,"Wayne","County subdivisions not defined","New York"
"3611700000",2023,"B17001B_SnrPov","Black (Non-Hispanic)",0,0,"Wayne","County subdivisions not defined","New York"
"3611700000",2023,"B17001C_SnrPov","Native American (Non-Hispanic)",0,0,"Wayne","County subdivisions not defined","New York"
"3611700000",2023,"B17001D_SnrPov","Asian (Non-Hispanic)",0,0,"Wayne","County subdivisions not defined","New York"
"3611700000",2023,"B17001E_SnrPov","Pacific Islander (Non-Hispanic)",0,0,"Wayne","County subdivisions not defined","New York"
"3611700000",2023,"B17001F_SnrPov","Other (Non-Hispanic)",0,0,"Wayne","County subdivisions not defined","New York"
"3611700000",2023,"B17001G_SnrPov","Two or More Races (Non-Hispanic)",0,0,"Wayne","County subdivisions not defined","New York"
"3611700000",2023,"B17001H_SnrPov","White (Non-Hispanic)",0,0,"Wayne","County subdivisions not defined","New York"
"3611700000",2023,"B17001I_SnrPov","Hispanic or Latino (Any Race)",0,0,"Wayne","County subdivisions not defined","New York"
"3611700000",2024,"B17001B_SnrPov","Black (Non-Hispanic)",0,0,"Wayne","County subdivisions not defined","New York"
"3611700000",2024,"B17001C_SnrPov","Native American (Non-Hispanic)",0,0,"Wayne","County subdivisions not defined","New York"
"3611700000",2024,"B17001D_SnrPov","Asian (Non-Hispanic)",0,0,"Wayne","County subdivisions not defined","New York"
"3611700000",2024,"B17001E_SnrPov","Pacific Islander (Non-Hispanic)",0,0,"Wayne","County subdivisions not defined","New York"
"3611700000",2024,"B17001F_SnrPov","Other (Non-Hispanic)",0,0,"Wayne","County subdivisions not defined","New York"
"3611700000",2024,"B17001G_SnrPov","Two or More Races (Non-Hispanic)",0,0,"Wayne","County subdivisions not defined","New York"
"3611700000",2024,"B17001H_SnrPov","White (Non-Hispanic)",0,0,"Wayne","County subdivisions not defined","New York"
"3611700000",2024,"B17001I_SnrPov","Hispanic or Latino (Any Race)",0,0,"Wayne","County subdivisions not defined","New York"
"3611702440",2017,"B17001B_SnrPov","Black (Non-Hispanic)",0,0,"Wayne","Arcadia town","New York"
"3611702440",2017,"B17001C_SnrPov","Native American (Non-Hispanic)",0,169.705627484771,"Wayne","Arcadia town","New York"
"3611702440",2017,"B17001D_SnrPov","Asian (Non-Hispanic)",0,0,"Wayne","Arcadia town","New York"
"3611702440",2017,"B17001E_SnrPov","Pacific Islander (Non-Hispanic)",0,0,"Wayne","Arcadia town","New York"
"3611702440",2017,"B17001F_SnrPov","Other (Non-Hispanic)",100,171.511006500567,"Wayne","Arcadia town","New York"
"3611702440",2017,"B17001G_SnrPov","Two or More Races (Non-Hispanic)",0,0,"Wayne","Arcadia town","New York"
"3611702440",2017,"B17001H_SnrPov","White (Non-Hispanic)",64.1791044776119,20.7031040439402,"Wayne","Arcadia town","New York"
"3611702440",2017,"B17001I_SnrPov","Hispanic or Latino (Any Race)",87.037037037037,33.9304855028478,"Wayne","Arcadia town","New York"
"3611702440",2018,"B17001B_SnrPov","Black (Non-Hispanic)",0,0,"Wayne","Arcadia town","New York"
"3611702440",2018,"B17001C_SnrPov","Native American (Non-Hispanic)",0,167.937860531805,"Wayne","Arcadia town","New York"
"3611702440",2018,"B17001D_SnrPov","Asian (Non-Hispanic)",0,0,"Wayne","Arcadia town","New York"
"3611702440",2018,"B17001E_SnrPov","Pacific Islander (Non-Hispanic)",0,0,"Wayne","Arcadia town","New York"
"3611702440",2018,"B17001F_SnrPov","Other (Non-Hispanic)",100,201.89465450317,"Wayne","Arcadia town","New York"
"3611702440",2018,"B17001G_SnrPov","Two or More Races (Non-Hispanic)",0,0,"Wayne","Arcadia town","New York"
"3611702440",2018,"B17001H_SnrPov","White (Non-Hispanic)",70.7112970711297,29.4908553742037,"Wayne","Arcadia town","New York"
"3611702440",2018,"B17001I_SnrPov","Hispanic or Latino (Any Race)",83.6734693877551,48.533424330229,"Wayne","Arcadia town","New York"
"3611702440",2019,"B17001B_SnrPov","Black (Non-Hispanic)",0,0,"Wayne","Arcadia town","New York"
"3611702440",2019,"B17001C_SnrPov","Native American (Non-Hispanic)",0,268.700576850888,"Wayne","Arcadia town","New York"
"3611702440",2019,"B17001D_SnrPov","Asian (Non-Hispanic)",0,0,"Wayne","Arcadia town","New York"
"3611702440",2019,"B17001E_SnrPov","Pacific Islander (Non-Hispanic)",0,0,"Wayne","Arcadia town","New York"
"3611702440",2019,"B17001F_SnrPov","Other (Non-Hispanic)",100,204.965138284434,"Wayne","Arcadia town","New York"
"3611702440",2019,"B17001G_SnrPov","Two or More Races (Non-Hispanic)",0,0,"Wayne","Arcadia town","New York"
"3611702440",2019,"B17001H_SnrPov","White (Non-Hispanic)",56.8965517241379,22.1073243926689,"Wayne","Arcadia town","New York"
"3611702440",2019,"B17001I_SnrPov","Hispanic or Latino (Any Race)",100,204.965138284434,"Wayne","Arcadia town","New York"
"3611702440",2020,"B17001B_SnrPov","Black (Non-Hispanic)",17.8571428571429,69.1545356586664,"Wayne","Arcadia town","New York"
"3611702440",2020,"B17001C_SnrPov","Native American (Non-Hispanic)",0,0,"Wayne","Arcadia town","New York"
"3611702440",2020,"B17001D_SnrPov","Asian (Non-Hispanic)",0,0,"Wayne","Arcadia town","New York"
"3611702440",2020,"B17001E_SnrPov","Pacific Islander (Non-Hispanic)",0,0,"Wayne","Arcadia town","New York"
"3611702440",2020,"B17001F_SnrPov","Other (Non-Hispanic)",100,179.371712508649,"Wayne","Arcadia town","New York"
"3611702440",2020,"B17001G_SnrPov","Two or More Races (Non-Hispanic)",0,537.401153701776,"Wayne","Arcadia town","New York"
"3611702440",2020,"B17001H_SnrPov","White (Non-Hispanic)",69.969040247678,23.8334986177535,"Wayne","Arcadia town","New York"
"3611702440",2020,"B17001I_SnrPov","Hispanic or Latino (Any Race)",91.5254237288136,29.3094998967341,"Wayne","Arcadia town","New York"
"3611702440",2021,"B17001B_SnrPov","Black (Non-Hispanic)",16.6666666666667,70.8393243653778,"Wayne","Arcadia town","New York"
"3611702440",2021,"B17001C_SnrPov","Native American (Non-Hispanic)",0,0,"Wayne","Arcadia town","New York"
"3611702440",2021,"B17001D_SnrPov","Asian (Non-Hispanic)",0,0,"Wayne","Arcadia town","New York"
"3611702440",2021,"B17001E_SnrPov","Pacific Islander (Non-Hispanic)",0,0,"Wayne","Arcadia town","New York"
"3611702440",2021,"B17001F_SnrPov","Other (Non-Hispanic)",100,217.899556163904,"Wayne","Arcadia town","New York"
"3611702440",2021,"B17001G_SnrPov","Two or More Races (Non-Hispanic)",0,314.269680527354,"Wayne","Arcadia town","New York"
"3611702440",2021,"B17001H_SnrPov","White (Non-Hispanic)",53.9007092198582,20.1873854214378,"Wayne","Arcadia town","New York"
"3611702440",2021,"B17001I_SnrPov","Hispanic or Latino (Any Race)",90.7407407407407,43.0328613369922,"Wayne","Arcadia town","New York"
"3611702440",2022,"B17001B_SnrPov","Black (Non-Hispanic)",20,73.9909904425307,"Wayne","Arcadia town","New York"
"3611702440",2022,"B17001C_SnrPov","Native American (Non-Hispanic)",0,0,"Wayne","Arcadia town","New York"
"3611702440",2022,"B17001D_SnrPov","Asian (Non-Hispanic)",0,0,"Wayne","Arcadia town","New York"
"3611702440",2022,"B17001E_SnrPov","Pacific Islander (Non-Hispanic)",0,0,"Wayne","Arcadia town","New York"
"3611702440",2022,"B17001F_SnrPov","Other (Non-Hispanic)",100,330,"Wayne","Arcadia town","New York"
"3611702440",2022,"B17001G_SnrPov","Two or More Races (Non-Hispanic)",0,371.231060122937,"Wayne","Arcadia town","New York"
"3611702440",2022,"B17001H_SnrPov","White (Non-Hispanic)",51.0489510489511,24.863659496379,"Wayne","Arcadia town","New York"
"3611702440",2022,"B17001I_SnrPov","Hispanic or Latino (Any Race)",83.3333333333333,55.9103255774176,"Wayne","Arcadia town","New York"
"3611702440",2023,"B17001B_SnrPov","Black (Non-Hispanic)",47.5,47.1753399066981,"Wayne","Arcadia town","New York"
"3611702440",2023,"B17001C_SnrPov","Native American (Non-Hispanic)",0,0,"Wayne","Arcadia town","New York"
"3611702440",2023,"B17001D_SnrPov","Asian (Non-Hispanic)",0,0,"Wayne","Arcadia town","New York"
"3611702440",2023,"B17001E_SnrPov","Pacific Islander (Non-Hispanic)",0,0,"Wayne","Arcadia town","New York"
"3611702440",2023,"B17001F_SnrPov","Other (Non-Hispanic)",18.1818181818182,41.5706495625645,"Wayne","Arcadia town","New York"
"3611702440",2023,"B17001G_SnrPov","Two or More Races (Non-Hispanic)",0,296.98484809835,"Wayne","Arcadia town","New York"
"3611702440",2023,"B17001H_SnrPov","White (Non-Hispanic)",45.8233890214797,25.9532139482679,"Wayne","Arcadia town","New York"
"3611702440",2023,"B17001I_SnrPov","Hispanic or Latino (Any Race)",16.6666666666667,38.8813098875718,"Wayne","Arcadia town","New York"
"3611702440",2024,"B17001B_SnrPov","Black (Non-Hispanic)",52.6315789473684,45.9095312791289,"Wayne","Arcadia town","New York"
"3611702440",2024,"B17001C_SnrPov","Native American (Non-Hispanic)",0,0,"Wayne","Arcadia town","New York"
"3611702440",2024,"B17001D_SnrPov","Asian (Non-Hispanic)",0,0,"Wayne","Arcadia town","New York"
"3611702440",2024,"B17001E_SnrPov","Pacific Islander (Non-Hispanic)",0,0,"Wayne","Arcadia town","New York"
"3611702440",2024,"B17001F_SnrPov","Other (Non-Hispanic)",36.6197183098592,35.3632289519405,"Wayne","Arcadia town","New York"
"3611702440",2024,"B17001G_SnrPov","Two or More Races (Non-Hispanic)",0,329.983164553722,"Wayne","Arcadia town","New York"
"3611702440",2024,"B17001H_SnrPov","White (Non-Hispanic)",46.1538461538462,23.56098575217,"Wayne","Arcadia town","New York"
"3611702440",2024,"B17001I_SnrPov","Hispanic or Latino (Any Race)",34.6666666666667,35.5626748428083,"Wayne","Arcadia town","New York"
"3611711473",2017,"B17001B_SnrPov","Black (Non-Hispanic)",0,0,"Wayne","Butler town","New York"
"3611711473",2017,"B17001C_SnrPov","Native American (Non-Hispanic)",0,0,"Wayne","Butler town","New York"
"3611711473",2017,"B17001D_SnrPov","Asian (Non-Hispanic)",0,0,"Wayne","Butler town","New York"
"3611711473",2017,"B17001E_SnrPov","Pacific Islander (Non-Hispanic)",0,0,"Wayne","Butler town","New York"
"3611711473",2017,"B17001F_SnrPov","Other (Non-Hispanic)",0,0,"Wayne","Butler town","New York"
"3611711473",2017,"B17001G_SnrPov","Two or More Races (Non-Hispanic)",60,82.9564812282788,"Wayne","Butler town","New York"
"3611711473",2017,"B17001H_SnrPov","White (Non-Hispanic)",56.25,17.5824647420733,"Wayne","Butler town","New York"
"3611711473",2017,"B17001I_SnrPov","Hispanic or Latino (Any Race)",0,0,"Wayne","Butler town","New York"
"3611711473",2018,"B17001B_SnrPov","Black (Non-Hispanic)",0,0,"Wayne","Butler town","New York"
"3611711473",2018,"B17001C_SnrPov","Native American (Non-Hispanic)",0,0,"Wayne","Butler town","New York"
"3611711473",2018,"B17001D_SnrPov","Asian (Non-Hispanic)",0,0,"Wayne","Butler town","New York"
"3611711473",2018,"B17001E_SnrPov","Pacific Islander (Non-Hispanic)",0,0,"Wayne","Butler town","New York"
"3611711473",2018,"B17001F_SnrPov","Other (Non-Hispanic)",100,1232.8828005938,"Wayne","Butler town","New York"
"3611711473",2018,"B17001G_SnrPov","Two or More Races (Non-Hispanic)",66.6666666666667,74.535599249993,"Wayne","Butler town","New York"
"3611711473",2018,"B17001H_SnrPov","White (Non-Hispanic)",48.1481481481481,29.2171409643428,"Wayne","Butler town","New York"
"3611711473",2018,"B17001I_SnrPov","Hispanic or Latino (Any Race)",100,1232.8828005938,"Wayne","Butler town","New York"
"3611711473",2019,"B17001B_SnrPov","Black (Non-Hispanic)",0,0,"Wayne","Butler town","New York"
"3611711473",2019,"B17001C_SnrPov","Native American (Non-Hispanic)",0,0,"Wayne","Butler town","New York"
"3611711473",2019,"B17001D_SnrPov","Asian (Non-Hispanic)",0,0,"Wayne","Butler town","New York"
"3611711473",2019,"B17001E_SnrPov","Pacific Islander (Non-Hispanic)",0,0,"Wayne","Butler town","New York"
"3611711473",2019,"B17001F_SnrPov","Other (Non-Hispanic)",100,833.999733546454,"Wayne","Butler town","New York"
"3611711473",2019,"B17001G_SnrPov","Two or More Races (Non-Hispanic)",66.6666666666667,94.4444444444445,"Wayne","Butler town","New York"
"3611711473",2019,"B17001H_SnrPov","White (Non-Hispanic)",39.5348837209302,13.8388767787171,"Wayne","Butler town","New York"
"3611711473",2019,"B17001I_SnrPov","Hispanic or Latino (Any Race)",100,833.999733546454,"Wayne","Butler town","New York"
"3611711473",2020,"B17001B_SnrPov","Black (Non-Hispanic)",0,0,"Wayne","Butler town","New York"
"3611711473",2020,"B17001C_SnrPov","Native American (Non-Hispanic)",0,0,"Wayne","Butler town","New York"
"3611711473",2020,"B17001D_SnrPov","Asian (Non-Hispanic)",0,0,"Wayne","Butler town","New York"
"3611711473",2020,"B17001E_SnrPov","Pacific Islander (Non-Hispanic)",0,0,"Wayne","Butler town","New York"
"3611711473",2020,"B17001F_SnrPov","Other (Non-Hispanic)",100,636.396103067893,"Wayne","Butler town","New York"
"3611711473",2020,"B17001G_SnrPov","Two or More Races (Non-Hispanic)",0,0,"Wayne","Butler town","New York"
"3611711473",2020,"B17001H_SnrPov","White (Non-Hispanic)",47.5,27.6317864967142,"Wayne","Butler town","New York"
"3611711473",2020,"B17001I_SnrPov","Hispanic or Latino (Any Race)",100,636.396103067893,"Wayne","Butler town","New York"
"3611711473",2021,"B17001B_SnrPov","Black (Non-Hispanic)",0,0,"Wayne","Butler town","New York"
"3611711473",2021,"B17001C_SnrPov","Native American (Non-Hispanic)",0,0,"Wayne","Butler town","New York"
"3611711473",2021,"B17001D_SnrPov","Asian (Non-Hispanic)",0,0,"Wayne","Butler town","New York"
"3611711473",2021,"B17001E_SnrPov","Pacific Islander (Non-Hispanic)",0,0,"Wayne","Butler town","New York"
"3611711473",2021,"B17001F_SnrPov","Other (Non-Hispanic)",100,898.146239020499,"Wayne","Butler town","New York"
"3611711473",2021,"B17001G_SnrPov","Two or More Races (Non-Hispanic)",0,0,"Wayne","Butler town","New York"
"3611711473",2021,"B17001H_SnrPov","White (Non-Hispanic)",63.265306122449,26.9683722479618,"Wayne","Butler town","New York"
"3611711473",2021,"B17001I_SnrPov","Hispanic or Latino (Any Race)",100,898.146239020499,"Wayne","Butler town","New York"
"3611711473",2022,"B17001B_SnrPov","Black (Non-Hispanic)",0,919.238815542512,"Wayne","Butler town","New York"
"3611711473",2022,"B17001C_SnrPov","Native American (Non-Hispanic)",0,0,"Wayne","Butler town","New York"
"3611711473",2022,"B17001D_SnrPov","Asian (Non-Hispanic)",0,0,"Wayne","Butler town","New York"
"3611711473",2022,"B17001E_SnrPov","Pacific Islander (Non-Hispanic)",0,0,"Wayne","Butler town","New York"
"3611711473",2022,"B17001F_SnrPov","Other (Non-Hispanic)",100,898.146239020499,"Wayne","Butler town","New York"
"3611711473",2022,"B17001G_SnrPov","Two or More Races (Non-Hispanic)",100,673.609679265374,"Wayne","Butler town","New York"
"3611711473",2022,"B17001H_SnrPov","White (Non-Hispanic)",67.3469387755102,25.7336810160835,"Wayne","Butler town","New York"
"3611711473",2022,"B17001I_SnrPov","Hispanic or Latino (Any Race)",100,898.146239020499,"Wayne","Butler town","New York"
"3611711473",2023,"B17001B_SnrPov","Black (Non-Hispanic)",0,919.238815542512,"Wayne","Butler town","New York"
"3611711473",2023,"B17001C_SnrPov","Native American (Non-Hispanic)",0,0,"Wayne","Butler town","New York"
"3611711473",2023,"B17001D_SnrPov","Asian (Non-Hispanic)",0,0,"Wayne","Butler town","New York"
"3611711473",2023,"B17001E_SnrPov","Pacific Islander (Non-Hispanic)",0,0,"Wayne","Butler town","New York"
"3611711473",2023,"B17001F_SnrPov","Other (Non-Hispanic)",0,0,"Wayne","Butler town","New York"
"3611711473",2023,"B17001G_SnrPov","Two or More Races (Non-Hispanic)",100,212.289111041209,"Wayne","Butler town","New York"
"3611711473",2023,"B17001H_SnrPov","White (Non-Hispanic)",63.0769230769231,29.6942485704779,"Wayne","Butler town","New York"
"3611711473",2023,"B17001I_SnrPov","Hispanic or Latino (Any Race)",0,0,"Wayne","Butler town","New York"
"3611711473",2024,"B17001B_SnrPov","Black (Non-Hispanic)",0,659.966329107444,"Wayne","Butler town","New York"
"3611711473",2024,"B17001C_SnrPov","Native American (Non-Hispanic)",0,0,"Wayne","Butler town","New York"
"3611711473",2024,"B17001D_SnrPov","Asian (Non-Hispanic)",0,0,"Wayne","Butler town","New York"
"3611711473",2024,"B17001E_SnrPov","Pacific Islander (Non-Hispanic)",0,0,"Wayne","Butler town","New York"
"3611711473",2024,"B17001F_SnrPov","Other (Non-Hispanic)",0,0,"Wayne","Butler town","New York"
"3611711473",2024,"B17001G_SnrPov","Two or More Races (Non-Hispanic)",100,215.811015621696,"Wayne","Butler town","New York"
"3611711473",2024,"B17001H_SnrPov","White (Non-Hispanic)",46.2686567164179,23.2083520074369,"Wayne","Butler town","New York"
"3611711473",2024,"B17001I_SnrPov","Hispanic or Latino (Any Race)",0,0,"Wayne","Butler town","New York"
"3611728013",2017,"B17001B_SnrPov","Black (Non-Hispanic)",0,0,"Wayne","Galen town","New York"
"3611728013",2017,"B17001C_SnrPov","Native American (Non-Hispanic)",0,0,"Wayne","Galen town","New York"
"3611728013",2017,"B17001D_SnrPov","Asian (Non-Hispanic)",0,0,"Wayne","Galen town","New York"
"3611728013",2017,"B17001E_SnrPov","Pacific Islander (Non-Hispanic)",0,0,"Wayne","Galen town","New York"
"3611728013",2017,"B17001F_SnrPov","Other (Non-Hispanic)",0,0,"Wayne","Galen town","New York"
"3611728013",2017,"B17001G_SnrPov","Two or More Races (Non-Hispanic)",0,0,"Wayne","Galen town","New York"
"3611728013",2017,"B17001H_SnrPov","White (Non-Hispanic)",18.9189189189189,12.8763163635128,"Wayne","Galen town","New York"
"3611728013",2017,"B17001I_SnrPov","Hispanic or Latino (Any Race)",0,0,"Wayne","Galen town","New York"
"3611728013",2018,"B17001B_SnrPov","Black (Non-Hispanic)",0,0,"Wayne","Galen town","New York"
"3611728013",2018,"B17001C_SnrPov","Native American (Non-Hispanic)",0,0,"Wayne","Galen town","New York"
"3611728013",2018,"B17001D_SnrPov","Asian (Non-Hispanic)",0,0,"Wayne","Galen town","New York"
"3611728013",2018,"B17001E_SnrPov","Pacific Islander (Non-Hispanic)",0,0,"Wayne","Galen town","New York"
"3611728013",2018,"B17001F_SnrPov","Other (Non-Hispanic)",0,0,"Wayne","Galen town","New York"
"3611728013",2018,"B17001G_SnrPov","Two or More Races (Non-Hispanic)",0,0,"Wayne","Galen town","New York"
"3611728013",2018,"B17001H_SnrPov","White (Non-Hispanic)",34.375,17.3264254474275,"Wayne","Galen town","New York"
"3611728013",2018,"B17001I_SnrPov","Hispanic or Latino (Any Race)",0,0,"Wayne","Galen town","New York"
"3611728013",2019,"B17001B_SnrPov","Black (Non-Hispanic)",100,543.323108288245,"Wayne","Galen town","New York"
"3611728013",2019,"B17001C_SnrPov","Native American (Non-Hispanic)",0,0,"Wayne","Galen town","New York"
"3611728013",2019,"B17001D_SnrPov","Asian (Non-Hispanic)",0,0,"Wayne","Galen town","New York"
"3611728013",2019,"B17001E_SnrPov","Pacific Islander (Non-Hispanic)",0,0,"Wayne","Galen town","New York"
"3611728013",2019,"B17001F_SnrPov","Other (Non-Hispanic)",100,865.383665716478,"Wayne","Galen town","New York"
"3611728013",2019,"B17001G_SnrPov","Two or More Races (Non-Hispanic)",0,0,"Wayne","Galen town","New York"
"3611728013",2019,"B17001H_SnrPov","White (Non-Hispanic)",28.8288288288288,13.8438188865624,"Wayne","Galen town","New York"
"3611728013",2019,"B17001I_SnrPov","Hispanic or Latino (Any Race)",100,865.383665716478,"Wayne","Galen town","New York"
"3611728013",2020,"B17001B_SnrPov","Black (Non-Hispanic)",100,519.230199429887,"Wayne","Galen town","New York"
"3611728013",2020,"B17001C_SnrPov","Native American (Non-Hispanic)",0,0,"Wayne","Galen town","New York"
"3611728013",2020,"B17001D_SnrPov","Asian (Non-Hispanic)",0,0,"Wayne","Galen town","New York"
"3611728013",2020,"B17001E_SnrPov","Pacific Islander (Non-Hispanic)",0,0,"Wayne","Galen town","New York"
"3611728013",2020,"B17001F_SnrPov","Other (Non-Hispanic)",100,649.037749287358,"Wayne","Galen town","New York"
"3611728013",2020,"B17001G_SnrPov","Two or More Races (Non-Hispanic)",0,70.7106781186547,"Wayne","Galen town","New York"
"3611728013",2020,"B17001H_SnrPov","White (Non-Hispanic)",55.7377049180328,28.0417620923855,"Wayne","Galen town","New York"
"3611728013",2020,"B17001I_SnrPov","Hispanic or Latino (Any Race)",100,649.037749287358,"Wayne","Galen town","New York"
"3611728013",2021,"B17001B_SnrPov","Black (Non-Hispanic)",100,567.097875150313,"Wayne","Galen town","New York"
"3611728013",2021,"B17001C_SnrPov","Native American (Non-Hispanic)",0,0,"Wayne","Galen town","New York"
"3611728013",2021,"B17001D_SnrPov","Asian (Non-Hispanic)",0,0,"Wayne","Galen town","New York"
"3611728013",2021,"B17001E_SnrPov","Pacific Islander (Non-Hispanic)",0,0,"Wayne","Galen town","New York"
"3611728013",2021,"B17001F_SnrPov","Other (Non-Hispanic)",100,567.097875150313,"Wayne","Galen town","New York"
"3611728013",2021,"B17001G_SnrPov","Two or More Races (Non-Hispanic)",0,0,"Wayne","Galen town","New York"
"3611728013",2021,"B17001H_SnrPov","White (Non-Hispanic)",53.8961038961039,34.2902253977719,"Wayne","Galen town","New York"
"3611728013",2021,"B17001I_SnrPov","Hispanic or Latino (Any Race)",100,567.097875150313,"Wayne","Galen town","New York"
"3611728013",2022,"B17001B_SnrPov","Black (Non-Hispanic)",100,556.417109729742,"Wayne","Galen town","New York"
"3611728013",2022,"B17001C_SnrPov","Native American (Non-Hispanic)",0,0,"Wayne","Galen town","New York"
"3611728013",2022,"B17001D_SnrPov","Asian (Non-Hispanic)",0,0,"Wayne","Galen town","New York"
"3611728013",2022,"B17001E_SnrPov","Pacific Islander (Non-Hispanic)",0,0,"Wayne","Galen town","New York"
"3611728013",2022,"B17001F_SnrPov","Other (Non-Hispanic)",100,493.288286231625,"Wayne","Galen town","New York"
"3611728013",2022,"B17001G_SnrPov","Two or More Races (Non-Hispanic)",0,141.421356237309,"Wayne","Galen town","New York"
"3611728013",2022,"B17001H_SnrPov","White (Non-Hispanic)",53.5483870967742,37.2718509435422,"Wayne","Galen town","New York"
"3611728013",2022,"B17001I_SnrPov","Hispanic or Latino (Any Race)",100,493.288286231625,"Wayne","Galen town","New York"
"3611728013",2023,"B17001B_SnrPov","Black (Non-Hispanic)",100,1347.21935853075,"Wayne","Galen town","New York"
"3611728013",2023,"B17001C_SnrPov","Native American (Non-Hispanic)",0,0,"Wayne","Galen town","New York"
"3611728013",2023,"B17001D_SnrPov","Asian (Non-Hispanic)",0,0,"Wayne","Galen town","New York"
"3611728013",2023,"B17001E_SnrPov","Pacific Islander (Non-Hispanic)",0,0,"Wayne","Galen town","New York"
"3611728013",2023,"B17001F_SnrPov","Other (Non-Hispanic)",100,260.578653323524,"Wayne","Galen town","New York"
"3611728013",2023,"B17001G_SnrPov","Two or More Races (Non-Hispanic)",0,141.421356237309,"Wayne","Galen town","New York"
"3611728013",2023,"B17001H_SnrPov","White (Non-Hispanic)",55.625,31.4054325433882,"Wayne","Galen town","New York"
"3611728013",2023,"B17001I_SnrPov","Hispanic or Latino (Any Race)",100,898.146239020499,"Wayne","Galen town","New York"
"3611728013",2024,"B17001B_SnrPov","Black (Non-Hispanic)",0,0,"Wayne","Galen town","New York"
"3611728013",2024,"B17001C_SnrPov","Native American (Non-Hispanic)",0,0,"Wayne","Galen town","New York"
"3611728013",2024,"B17001D_SnrPov","Asian (Non-Hispanic)",0,0,"Wayne","Galen town","New York"
"3611728013",2024,"B17001E_SnrPov","Pacific Islander (Non-Hispanic)",0,0,"Wayne","Galen town","New York"
"3611728013",2024,"B17001F_SnrPov","Other (Non-Hispanic)",100,457.589067944199,"Wayne","Galen town","New York"
"3611728013",2024,"B17001G_SnrPov","Two or More Races (Non-Hispanic)",0,131.993265821489,"Wayne","Galen town","New York"
"3611728013",2024,"B17001H_SnrPov","White (Non-Hispanic)",57.6158940397351,34.3719234793994,"Wayne","Galen town","New York"
"3611728013",2024,"B17001I_SnrPov","Hispanic or Latino (Any Race)",0,0,"Wayne","Galen town","New York"
"3611737165",2017,"B17001B_SnrPov","Black (Non-Hispanic)",0,0,"Wayne","Huron town","New York"
"3611737165",2017,"B17001C_SnrPov","Native American (Non-Hispanic)",0,0,"Wayne","Huron town","New York"
"3611737165",2017,"B17001D_SnrPov","Asian (Non-Hispanic)",100,311.642040571417,"Wayne","Huron town","New York"
"3611737165",2017,"B17001E_SnrPov","Pacific Islander (Non-Hispanic)",0,0,"Wayne","Huron town","New York"
"3611737165",2017,"B17001F_SnrPov","Other (Non-Hispanic)",0,0,"Wayne","Huron town","New York"
"3611737165",2017,"B17001G_SnrPov","Two or More Races (Non-Hispanic)",0,0,"Wayne","Huron town","New York"
"3611737165",2017,"B17001H_SnrPov","White (Non-Hispanic)",66.6666666666667,48.1766297526195,"Wayne","Huron town","New York"
"3611737165",2017,"B17001I_SnrPov","Hispanic or Latino (Any Race)",0,0,"Wayne","Huron town","New York"
"3611737165",2018,"B17001B_SnrPov","Black (Non-Hispanic)",0,0,"Wayne","Huron town","New York"
"3611737165",2018,"B17001C_SnrPov","Native American (Non-Hispanic)",0,0,"Wayne","Huron town","New York"
"3611737165",2018,"B17001D_SnrPov","Asian (Non-Hispanic)",100,300.976825743559,"Wayne","Huron town","New York"
"3611737165",2018,"B17001E_SnrPov","Pacific Islander (Non-Hispanic)",0,0,"Wayne","Huron town","New York"
"3611737165",2018,"B17001F_SnrPov","Other (Non-Hispanic)",0,0,"Wayne","Huron town","New York"
"3611737165",2018,"B17001G_SnrPov","Two or More Races (Non-Hispanic)",0,0,"Wayne","Huron town","New York"
"3611737165",2018,"B17001H_SnrPov","White (Non-Hispanic)",65.625,10.6878954719412,"Wayne","Huron town","New York"
"3611737165",2018,"B17001I_SnrPov","Hispanic or Latino (Any Race)",0,0,"Wayne","Huron town","New York"
"3611737165",2019,"B17001B_SnrPov","Black (Non-Hispanic)",0,0,"Wayne","Huron town","New York"
"3611737165",2019,"B17001C_SnrPov","Native American (Non-Hispanic)",0,0,"Wayne","Huron town","New York"
"3611737165",2019,"B17001D_SnrPov","Asian (Non-Hispanic)",0,0,"Wayne","Huron town","New York"
"3611737165",2019,"B17001E_SnrPov","Pacific Islander (Non-Hispanic)",0,0,"Wayne","Huron town","New York"
"3611737165",2019,"B17001F_SnrPov","Other (Non-Hispanic)",0,0,"Wayne","Huron town","New York"
"3611737165",2019,"B17001G_SnrPov","Two or More Races (Non-Hispanic)",0,0,"Wayne","Huron town","New York"
"3611737165",2019,"B17001H_SnrPov","White (Non-Hispanic)",61.5384615384615,71.2778324111258,"Wayne","Huron town","New York"
"3611737165",2019,"B17001I_SnrPov","Hispanic or Latino (Any Race)",0,0,"Wayne","Huron town","New York"
"3611737165",2020,"B17001B_SnrPov","Black (Non-Hispanic)",0,0,"Wayne","Huron town","New York"
"3611737165",2020,"B17001C_SnrPov","Native American (Non-Hispanic)",0,0,"Wayne","Huron town","New York"
"3611737165",2020,"B17001D_SnrPov","Asian (Non-Hispanic)",0,0,"Wayne","Huron town","New York"
"3611737165",2020,"B17001E_SnrPov","Pacific Islander (Non-Hispanic)",0,0,"Wayne","Huron town","New York"
"3611737165",2020,"B17001F_SnrPov","Other (Non-Hispanic)",0,0,"Wayne","Huron town","New York"
"3611737165",2020,"B17001G_SnrPov","Two or More Races (Non-Hispanic)",0,0,"Wayne","Huron town","New York"
"3611737165",2020,"B17001H_SnrPov","White (Non-Hispanic)",77.7777777777778,38.5620203859643,"Wayne","Huron town","New York"
"3611737165",2020,"B17001I_SnrPov","Hispanic or Latino (Any Race)",0,0,"Wayne","Huron town","New York"
"3611737165",2021,"B17001B_SnrPov","Black (Non-Hispanic)",0,0,"Wayne","Huron town","New York"
"3611737165",2021,"B17001C_SnrPov","Native American (Non-Hispanic)",0,0,"Wayne","Huron town","New York"
"3611737165",2021,"B17001D_SnrPov","Asian (Non-Hispanic)",0,0,"Wayne","Huron town","New York"
"3611737165",2021,"B17001E_SnrPov","Pacific Islander (Non-Hispanic)",0,0,"Wayne","Huron town","New York"
"3611737165",2021,"B17001F_SnrPov","Other (Non-Hispanic)",0,0,"Wayne","Huron town","New York"
"3611737165",2021,"B17001G_SnrPov","Two or More Races (Non-Hispanic)",0,0,"Wayne","Huron town","New York"
"3611737165",2021,"B17001H_SnrPov","White (Non-Hispanic)",56.4516129032258,38.8539136816677,"Wayne","Huron town","New York"
"3611737165",2021,"B17001I_SnrPov","Hispanic or Latino (Any Race)",0,0,"Wayne","Huron town","New York"
"3611737165",2022,"B17001B_SnrPov","Black (Non-Hispanic)",0,0,"Wayne","Huron town","New York"
"3611737165",2022,"B17001C_SnrPov","Native American (Non-Hispanic)",0,0,"Wayne","Huron town","New York"
"3611737165",2022,"B17001D_SnrPov","Asian (Non-Hispanic)",0,0,"Wayne","Huron town","New York"
"3611737165",2022,"B17001E_SnrPov","Pacific Islander (Non-Hispanic)",0,0,"Wayne","Huron town","New York"
"3611737165",2022,"B17001F_SnrPov","Other (Non-Hispanic)",0,0,"Wayne","Huron town","New York"
"3611737165",2022,"B17001G_SnrPov","Two or More Races (Non-Hispanic)",0,0,"Wayne","Huron town","New York"
"3611737165",2022,"B17001H_SnrPov","White (Non-Hispanic)",60.4166666666667,49.6915178550137,"Wayne","Huron town","New York"
"3611737165",2022,"B17001I_SnrPov","Hispanic or Latino (Any Race)",0,0,"Wayne","Huron town","New York"
"3611737165",2023,"B17001B_SnrPov","Black (Non-Hispanic)",0,0,"Wayne","Huron town","New York"
"3611737165",2023,"B17001C_SnrPov","Native American (Non-Hispanic)",0,0,"Wayne","Huron town","New York"
"3611737165",2023,"B17001D_SnrPov","Asian (Non-Hispanic)",0,0,"Wayne","Huron town","New York"
"3611737165",2023,"B17001E_SnrPov","Pacific Islander (Non-Hispanic)",0,0,"Wayne","Huron town","New York"
"3611737165",2023,"B17001F_SnrPov","Other (Non-Hispanic)",0,0,"Wayne","Huron town","New York"
"3611737165",2023,"B17001G_SnrPov","Two or More Races (Non-Hispanic)",0,0,"Wayne","Huron town","New York"
"3611737165",2023,"B17001H_SnrPov","White (Non-Hispanic)",60,74.1889479639656,"Wayne","Huron town","New York"
"3611737165",2023,"B17001I_SnrPov","Hispanic or Latino (Any Race)",0,0,"Wayne","Huron town","New York"
"3611737165",2024,"B17001B_SnrPov","Black (Non-Hispanic)",0,0,"Wayne","Huron town","New York"
"3611737165",2024,"B17001C_SnrPov","Native American (Non-Hispanic)",0,0,"Wayne","Huron town","New York"
"3611737165",2024,"B17001D_SnrPov","Asian (Non-Hispanic)",0,0,"Wayne","Huron town","New York"
"3611737165",2024,"B17001E_SnrPov","Pacific Islander (Non-Hispanic)",0,0,"Wayne","Huron town","New York"
"3611737165",2024,"B17001F_SnrPov","Other (Non-Hispanic)",0,0,"Wayne","Huron town","New York"
"3611737165",2024,"B17001G_SnrPov","Two or More Races (Non-Hispanic)",0,0,"Wayne","Huron town","New York"
"3611737165",2024,"B17001H_SnrPov","White (Non-Hispanic)",54.3478260869565,52.5702987903568,"Wayne","Huron town","New York"
"3611737165",2024,"B17001I_SnrPov","Hispanic or Latino (Any Race)",0,0,"Wayne","Huron town","New York"
"3611743973",2017,"B17001B_SnrPov","Black (Non-Hispanic)",100,175.72706109191,"Wayne","Lyons town","New York"
"3611743973",2017,"B17001C_SnrPov","Native American (Non-Hispanic)",0,0,"Wayne","Lyons town","New York"
"3611743973",2017,"B17001D_SnrPov","Asian (Non-Hispanic)",0,0,"Wayne","Lyons town","New York"
"3611743973",2017,"B17001E_SnrPov","Pacific Islander (Non-Hispanic)",0,0,"Wayne","Lyons town","New York"
"3611743973",2017,"B17001F_SnrPov","Other (Non-Hispanic)",0,0,"Wayne","Lyons town","New York"
"3611743973",2017,"B17001G_SnrPov","Two or More Races (Non-Hispanic)",0,0,"Wayne","Lyons town","New York"
"3611743973",2017,"B17001H_SnrPov","White (Non-Hispanic)",44.4444444444444,22.8600730443396,"Wayne","Lyons town","New York"
"3611743973",2017,"B17001I_SnrPov","Hispanic or Latino (Any Race)",0,0,"Wayne","Lyons town","New York"
"3611743973",2018,"B17001B_SnrPov","Black (Non-Hispanic)",100,172.753907599947,"Wayne","Lyons town","New York"
"3611743973",2018,"B17001C_SnrPov","Native American (Non-Hispanic)",0,0,"Wayne","Lyons town","New York"
"3611743973",2018,"B17001D_SnrPov","Asian (Non-Hispanic)",0,0,"Wayne","Lyons town","New York"
"3611743973",2018,"B17001E_SnrPov","Pacific Islander (Non-Hispanic)",0,0,"Wayne","Lyons town","New York"
"3611743973",2018,"B17001F_SnrPov","Other (Non-Hispanic)",0,0,"Wayne","Lyons town","New York"
"3611743973",2018,"B17001G_SnrPov","Two or More Races (Non-Hispanic)",0,0,"Wayne","Lyons town","New York"
"3611743973",2018,"B17001H_SnrPov","White (Non-Hispanic)",64.7727272727273,27.1233791175599,"Wayne","Lyons town","New York"
"3611743973",2018,"B17001I_SnrPov","Hispanic or Latino (Any Race)",0,0,"Wayne","Lyons town","New York"
"3611743973",2019,"B17001B_SnrPov","Black (Non-Hispanic)",100,244.444444444444,"Wayne","Lyons town","New York"
"3611743973",2019,"B17001C_SnrPov","Native American (Non-Hispanic)",0,0,"Wayne","Lyons town","New York"
"3611743973",2019,"B17001D_SnrPov","Asian (Non-Hispanic)",0,0,"Wayne","Lyons town","New York"
"3611743973",2019,"B17001E_SnrPov","Pacific Islander (Non-Hispanic)",0,0,"Wayne","Lyons town","New York"
"3611743973",2019,"B17001F_SnrPov","Other (Non-Hispanic)",0,0,"Wayne","Lyons town","New York"
"3611743973",2019,"B17001G_SnrPov","Two or More Races (Non-Hispanic)",0,0,"Wayne","Lyons town","New York"
"3611743973",2019,"B17001H_SnrPov","White (Non-Hispanic)",33.0769230769231,22.0779610533437,"Wayne","Lyons town","New York"
"3611743973",2019,"B17001I_SnrPov","Hispanic or Latino (Any Race)",0,0,"Wayne","Lyons town","New York"
"3611743973",2020,"B17001B_SnrPov","Black (Non-Hispanic)",100,223.389899260044,"Wayne","Lyons town","New York"
"3611743973",2020,"B17001C_SnrPov","Native American (Non-Hispanic)",0,0,"Wayne","Lyons town","New York"
"3611743973",2020,"B17001D_SnrPov","Asian (Non-Hispanic)",0,0,"Wayne","Lyons town","New York"
"3611743973",2020,"B17001E_SnrPov","Pacific Islander (Non-Hispanic)",0,0,"Wayne","Lyons town","New York"
"3611743973",2020,"B17001F_SnrPov","Other (Non-Hispanic)",55.5555555555556,129.146660544858,"Wayne","Lyons town","New York"
"3611743973",2020,"B17001G_SnrPov","Two or More Races (Non-Hispanic)",100,1736.37553541853,"Wayne","Lyons town","New York"
"3611743973",2020,"B17001H_SnrPov","White (Non-Hispanic)",28.4313725490196,18.9263505287648,"Wayne","Lyons town","New York"
"3611743973",2020,"B17001I_SnrPov","Hispanic or Latino (Any Race)",0,0,"Wayne","Lyons town","New York"
"3611743973",2021,"B17001B_SnrPov","Black (Non-Hispanic)",100,243.938871112224,"Wayne","Lyons town","New York"
"3611743973",2021,"B17001C_SnrPov","Native American (Non-Hispanic)",0,0,"Wayne","Lyons town","New York"
"3611743973",2021,"B17001D_SnrPov","Asian (Non-Hispanic)",0,0,"Wayne","Lyons town","New York"
"3611743973",2021,"B17001E_SnrPov","Pacific Islander (Non-Hispanic)",0,0,"Wayne","Lyons town","New York"
"3611743973",2021,"B17001F_SnrPov","Other (Non-Hispanic)",50,142.302494707577,"Wayne","Lyons town","New York"
"3611743973",2021,"B17001G_SnrPov","Two or More Races (Non-Hispanic)",100,3624.91379207837,"Wayne","Lyons town","New York"
"3611743973",2021,"B17001H_SnrPov","White (Non-Hispanic)",33.6363636363636,28.4411710682625,"Wayne","Lyons town","New York"
"3611743973",2021,"B17001I_SnrPov","Hispanic or Latino (Any Race)",0,0,"Wayne","Lyons town","New York"
"3611743973",2022,"B17001B_SnrPov","Black (Non-Hispanic)",0,0,"Wayne","Lyons town","New York"
"3611743973",2022,"B17001C_SnrPov","Native American (Non-Hispanic)",0,0,"Wayne","Lyons town","New York"
"3611743973",2022,"B17001D_SnrPov","Asian (Non-Hispanic)",0,0,"Wayne","Lyons town","New York"
"3611743973",2022,"B17001E_SnrPov","Pacific Islander (Non-Hispanic)",0,0,"Wayne","Lyons town","New York"
"3611743973",2022,"B17001F_SnrPov","Other (Non-Hispanic)",50,148.660687473185,"Wayne","Lyons town","New York"
"3611743973",2022,"B17001G_SnrPov","Two or More Races (Non-Hispanic)",100,3823.61085886103,"Wayne","Lyons town","New York"
"3611743973",2022,"B17001H_SnrPov","White (Non-Hispanic)",20.1754385964912,25.5829994486775,"Wayne","Lyons town","New York"
"3611743973",2022,"B17001I_SnrPov","Hispanic or Latino (Any Race)",0,0,"Wayne","Lyons town","New York"
"3611743973",2023,"B17001B_SnrPov","Black (Non-Hispanic)",0,0,"Wayne","Lyons town","New York"
"3611743973",2023,"B17001C_SnrPov","Native American (Non-Hispanic)",0,0,"Wayne","Lyons town","New York"
"3611743973",2023,"B17001D_SnrPov","Asian (Non-Hispanic)",0,0,"Wayne","Lyons town","New York"
"3611743973",2023,"B17001E_SnrPov","Pacific Islander (Non-Hispanic)",0,0,"Wayne","Lyons town","New York"
"3611743973",2023,"B17001F_SnrPov","Other (Non-Hispanic)",50,183.818014623159,"Wayne","Lyons town","New York"
"3611743973",2023,"B17001G_SnrPov","Two or More Races (Non-Hispanic)",8.33333333333333,160.266283527767,"Wayne","Lyons town","New York"
"3611743973",2023,"B17001H_SnrPov","White (Non-Hispanic)",18.0327868852459,16.7267293374989,"Wayne","Lyons town","New York"
"3611743973",2023,"B17001I_SnrPov","Hispanic or Latino (Any Race)",0,0,"Wayne","Lyons town","New York"
"3611743973",2024,"B17001B_SnrPov","Black (Non-Hispanic)",0,0,"Wayne","Lyons town","New York"
"3611743973",2024,"B17001C_SnrPov","Native American (Non-Hispanic)",0,0,"Wayne","Lyons town","New York"
"3611743973",2024,"B17001D_SnrPov","Asian (Non-Hispanic)",0,0,"Wayne","Lyons town","New York"
"3611743973",2024,"B17001E_SnrPov","Pacific Islander (Non-Hispanic)",0,0,"Wayne","Lyons town","New York"
"3611743973",2024,"B17001F_SnrPov","Other (Non-Hispanic)",57.1428571428571,170.3806650183,"Wayne","Lyons town","New York"
"3611743973",2024,"B17001G_SnrPov","Two or More Races (Non-Hispanic)",10,194.054116163507,"Wayne","Lyons town","New York"
"3611743973",2024,"B17001H_SnrPov","White (Non-Hispanic)",40.5172413793103,26.1861270510127,"Wayne","Lyons town","New York"
"3611743973",2024,"B17001I_SnrPov","Hispanic or Latino (Any Race)",0,0,"Wayne","Lyons town","New York"
"3611744160",2017,"B17001B_SnrPov","Black (Non-Hispanic)",0,0,"Wayne","Macedon town","New York"
"3611744160",2017,"B17001C_SnrPov","Native American (Non-Hispanic)",0,0,"Wayne","Macedon town","New York"
"3611744160",2017,"B17001D_SnrPov","Asian (Non-Hispanic)",0,0,"Wayne","Macedon town","New York"
"3611744160",2017,"B17001E_SnrPov","Pacific Islander (Non-Hispanic)",0,0,"Wayne","Macedon town","New York"
"3611744160",2017,"B17001F_SnrPov","Other (Non-Hispanic)",0,0,"Wayne","Macedon town","New York"
"3611744160",2017,"B17001G_SnrPov","Two or More Races (Non-Hispanic)",0,0,"Wayne","Macedon town","New York"
"3611744160",2017,"B17001H_SnrPov","White (Non-Hispanic)",41.3793103448276,28.6088336431798,"Wayne","Macedon town","New York"
"3611744160",2017,"B17001I_SnrPov","Hispanic or Latino (Any Race)",0,0,"Wayne","Macedon town","New York"
"3611744160",2018,"B17001B_SnrPov","Black (Non-Hispanic)",0,0,"Wayne","Macedon town","New York"
"3611744160",2018,"B17001C_SnrPov","Native American (Non-Hispanic)",0,0,"Wayne","Macedon town","New York"
"3611744160",2018,"B17001D_SnrPov","Asian (Non-Hispanic)",0,0,"Wayne","Macedon town","New York"
"3611744160",2018,"B17001E_SnrPov","Pacific Islander (Non-Hispanic)",0,0,"Wayne","Macedon town","New York"
"3611744160",2018,"B17001F_SnrPov","Other (Non-Hispanic)",0,0,"Wayne","Macedon town","New York"
"3611744160",2018,"B17001G_SnrPov","Two or More Races (Non-Hispanic)",0,0,"Wayne","Macedon town","New York"
"3611744160",2018,"B17001H_SnrPov","White (Non-Hispanic)",29.3333333333333,21.5831960241593,"Wayne","Macedon town","New York"
"3611744160",2018,"B17001I_SnrPov","Hispanic or Latino (Any Race)",0,0,"Wayne","Macedon town","New York"
"3611744160",2019,"B17001B_SnrPov","Black (Non-Hispanic)",0,0,"Wayne","Macedon town","New York"
"3611744160",2019,"B17001C_SnrPov","Native American (Non-Hispanic)",0,0,"Wayne","Macedon town","New York"
"3611744160",2019,"B17001D_SnrPov","Asian (Non-Hispanic)",0,0,"Wayne","Macedon town","New York"
"3611744160",2019,"B17001E_SnrPov","Pacific Islander (Non-Hispanic)",0,0,"Wayne","Macedon town","New York"
"3611744160",2019,"B17001F_SnrPov","Other (Non-Hispanic)",0,0,"Wayne","Macedon town","New York"
"3611744160",2019,"B17001G_SnrPov","Two or More Races (Non-Hispanic)",0,0,"Wayne","Macedon town","New York"
"3611744160",2019,"B17001H_SnrPov","White (Non-Hispanic)",14.1592920353982,14.0963901266512,"Wayne","Macedon town","New York"
"3611744160",2019,"B17001I_SnrPov","Hispanic or Latino (Any Race)",0,0,"Wayne","Macedon town","New York"
"3611744160",2020,"B17001B_SnrPov","Black (Non-Hispanic)",0,0,"Wayne","Macedon town","New York"
"3611744160",2020,"B17001C_SnrPov","Native American (Non-Hispanic)",0,0,"Wayne","Macedon town","New York"
"3611744160",2020,"B17001D_SnrPov","Asian (Non-Hispanic)",0,0,"Wayne","Macedon town","New York"
"3611744160",2020,"B17001E_SnrPov","Pacific Islander (Non-Hispanic)",0,0,"Wayne","Macedon town","New York"
"3611744160",2020,"B17001F_SnrPov","Other (Non-Hispanic)",0,0,"Wayne","Macedon town","New York"
"3611744160",2020,"B17001G_SnrPov","Two or More Races (Non-Hispanic)",0,0,"Wayne","Macedon town","New York"
"3611744160",2020,"B17001H_SnrPov","White (Non-Hispanic)",16.5217391304348,15.7920745209663,"Wayne","Macedon town","New York"
"3611744160",2020,"B17001I_SnrPov","Hispanic or Latino (Any Race)",0,0,"Wayne","Macedon town","New York"
"3611744160",2021,"B17001B_SnrPov","Black (Non-Hispanic)",0,0,"Wayne","Macedon town","New York"
"3611744160",2021,"B17001C_SnrPov","Native American (Non-Hispanic)",0,0,"Wayne","Macedon town","New York"
"3611744160",2021,"B17001D_SnrPov","Asian (Non-Hispanic)",50,106.545956358402,"Wayne","Macedon town","New York"
"3611744160",2021,"B17001E_SnrPov","Pacific Islander (Non-Hispanic)",0,0,"Wayne","Macedon town","New York"
"3611744160",2021,"B17001F_SnrPov","Other (Non-Hispanic)",0,0,"Wayne","Macedon town","New York"
"3611744160",2021,"B17001G_SnrPov","Two or More Races (Non-Hispanic)",60,67.6165660175079,"Wayne","Macedon town","New York"
"3611744160",2021,"B17001H_SnrPov","White (Non-Hispanic)",8.03571428571429,18.836957543012,"Wayne","Macedon town","New York"
"3611744160",2021,"B17001I_SnrPov","Hispanic or Latino (Any Race)",0,0,"Wayne","Macedon town","New York"
"3611744160",2022,"B17001B_SnrPov","Black (Non-Hispanic)",0,335.87572106361,"Wayne","Macedon town","New York"
"3611744160",2022,"B17001C_SnrPov","Native American (Non-Hispanic)",0,0,"Wayne","Macedon town","New York"
"3611744160",2022,"B17001D_SnrPov","Asian (Non-Hispanic)",50,96.2651302842414,"Wayne","Macedon town","New York"
"3611744160",2022,"B17001E_SnrPov","Pacific Islander (Non-Hispanic)",0,0,"Wayne","Macedon town","New York"
"3611744160",2022,"B17001F_SnrPov","Other (Non-Hispanic)",0,0,"Wayne","Macedon town","New York"
"3611744160",2022,"B17001G_SnrPov","Two or More Races (Non-Hispanic)",55.5555555555556,146.737107414152,"Wayne","Macedon town","New York"
"3611744160",2022,"B17001H_SnrPov","White (Non-Hispanic)",0,26.6040175099889,"Wayne","Macedon town","New York"
"3611744160",2022,"B17001I_SnrPov","Hispanic or Latino (Any Race)",0,0,"Wayne","Macedon town","New York"
"3611744160",2023,"B17001B_SnrPov","Black (Non-Hispanic)",0,298.556196500987,"Wayne","Macedon town","New York"
"3611744160",2023,"B17001C_SnrPov","Native American (Non-Hispanic)",0,0,"Wayne","Macedon town","New York"
"3611744160",2023,"B17001D_SnrPov","Asian (Non-Hispanic)",52.9411764705882,92.0304647727206,"Wayne","Macedon town","New York"
"3611744160",2023,"B17001E_SnrPov","Pacific Islander (Non-Hispanic)",0,0,"Wayne","Macedon town","New York"
"3611744160",2023,"B17001F_SnrPov","Other (Non-Hispanic)",0,0,"Wayne","Macedon town","New York"
"3611744160",2023,"B17001G_SnrPov","Two or More Races (Non-Hispanic)",66.6666666666667,79.7855923130282,"Wayne","Macedon town","New York"
"3611744160",2023,"B17001H_SnrPov","White (Non-Hispanic)",20.4918032786885,32.8324582988545,"Wayne","Macedon town","New York"
"3611744160",2023,"B17001I_SnrPov","Hispanic or Latino (Any Race)",0,0,"Wayne","Macedon town","New York"
"3611744160",2024,"B17001B_SnrPov","Black (Non-Hispanic)",0,383.85796692984,"Wayne","Macedon town","New York"
"3611744160",2024,"B17001C_SnrPov","Native American (Non-Hispanic)",0,0,"Wayne","Macedon town","New York"
"3611744160",2024,"B17001D_SnrPov","Asian (Non-Hispanic)",64.2857142857143,72.2587506896476,"Wayne","Macedon town","New York"
"3611744160",2024,"B17001E_SnrPov","Pacific Islander (Non-Hispanic)",0,0,"Wayne","Macedon town","New York"
"3611744160",2024,"B17001F_SnrPov","Other (Non-Hispanic)",0,0,"Wayne","Macedon town","New York"
"3611744160",2024,"B17001G_SnrPov","Two or More Races (Non-Hispanic)",62.5,80.7111034899319,"Wayne","Macedon town","New York"
"3611744160",2024,"B17001H_SnrPov","White (Non-Hispanic)",44.4444444444444,40.426013478949,"Wayne","Macedon town","New York"
"3611744160",2024,"B17001I_SnrPov","Hispanic or Latino (Any Race)",0,0,"Wayne","Macedon town","New York"
"3611745645",2017,"B17001B_SnrPov","Black (Non-Hispanic)",100,2778.48879788996,"Wayne","Marion town","New York"
"3611745645",2017,"B17001C_SnrPov","Native American (Non-Hispanic)",0,0,"Wayne","Marion town","New York"
"3611745645",2017,"B17001D_SnrPov","Asian (Non-Hispanic)",0,0,"Wayne","Marion town","New York"
"3611745645",2017,"B17001E_SnrPov","Pacific Islander (Non-Hispanic)",0,0,"Wayne","Marion town","New York"
"3611745645",2017,"B17001F_SnrPov","Other (Non-Hispanic)",0,0,"Wayne","Marion town","New York"
"3611745645",2017,"B17001G_SnrPov","Two or More Races (Non-Hispanic)",0,0,"Wayne","Marion town","New York"
"3611745645",2017,"B17001H_SnrPov","White (Non-Hispanic)",50.8620689655172,28.5373576763958,"Wayne","Marion town","New York"
"3611745645",2017,"B17001I_SnrPov","Hispanic or Latino (Any Race)",0,0,"Wayne","Marion town","New York"
"3611745645",2018,"B17001B_SnrPov","Black (Non-Hispanic)",100,2939.38769133981,"Wayne","Marion town","New York"
"3611745645",2018,"B17001C_SnrPov","Native American (Non-Hispanic)",0,0,"Wayne","Marion town","New York"
"3611745645",2018,"B17001D_SnrPov","Asian (Non-Hispanic)",0,0,"Wayne","Marion town","New York"
"3611745645",2018,"B17001E_SnrPov","Pacific Islander (Non-Hispanic)",0,0,"Wayne","Marion town","New York"
"3611745645",2018,"B17001F_SnrPov","Other (Non-Hispanic)",0,0,"Wayne","Marion town","New York"
"3611745645",2018,"B17001G_SnrPov","Two or More Races (Non-Hispanic)",0,0,"Wayne","Marion town","New York"
"3611745645",2018,"B17001H_SnrPov","White (Non-Hispanic)",50.9933774834437,28.3031783889359,"Wayne","Marion town","New York"
"3611745645",2018,"B17001I_SnrPov","Hispanic or Latino (Any Race)",0,0,"Wayne","Marion town","New York"
"3611745645",2019,"B17001B_SnrPov","Black (Non-Hispanic)",100,982.344135219425,"Wayne","Marion town","New York"
"3611745645",2019,"B17001C_SnrPov","Native American (Non-Hispanic)",0,0,"Wayne","Marion town","New York"
"3611745645",2019,"B17001D_SnrPov","Asian (Non-Hispanic)",0,0,"Wayne","Marion town","New York"
"3611745645",2019,"B17001E_SnrPov","Pacific Islander (Non-Hispanic)",0,0,"Wayne","Marion town","New York"
"3611745645",2019,"B17001F_SnrPov","Other (Non-Hispanic)",0,0,"Wayne","Marion town","New York"
"3611745645",2019,"B17001G_SnrPov","Two or More Races (Non-Hispanic)",0,0,"Wayne","Marion town","New York"
"3611745645",2019,"B17001H_SnrPov","White (Non-Hispanic)",43.7037037037037,27.2882177877892,"Wayne","Marion town","New York"
"3611745645",2019,"B17001I_SnrPov","Hispanic or Latino (Any Race)",0,0,"Wayne","Marion town","New York"
"3611745645",2020,"B17001B_SnrPov","Black (Non-Hispanic)",0,0,"Wayne","Marion town","New York"
"3611745645",2020,"B17001C_SnrPov","Native American (Non-Hispanic)",0,0,"Wayne","Marion town","New York"
"3611745645",2020,"B17001D_SnrPov","Asian (Non-Hispanic)",0,0,"Wayne","Marion town","New York"
"3611745645",2020,"B17001E_SnrPov","Pacific Islander (Non-Hispanic)",0,0,"Wayne","Marion town","New York"
"3611745645",2020,"B17001F_SnrPov","Other (Non-Hispanic)",0,0,"Wayne","Marion town","New York"
"3611745645",2020,"B17001G_SnrPov","Two or More Races (Non-Hispanic)",0,0,"Wayne","Marion town","New York"
"3611745645",2020,"B17001H_SnrPov","White (Non-Hispanic)",48.0916030534351,32.8307340351376,"Wayne","Marion town","New York"
"3611745645",2020,"B17001I_SnrPov","Hispanic or Latino (Any Race)",0,0,"Wayne","Marion town","New York"
"3611745645",2021,"B17001B_SnrPov","Black (Non-Hispanic)",0,0,"Wayne","Marion town","New York"
"3611745645",2021,"B17001C_SnrPov","Native American (Non-Hispanic)",0,0,"Wayne","Marion town","New York"
"3611745645",2021,"B17001D_SnrPov","Asian (Non-Hispanic)",0,0,"Wayne","Marion town","New York"
"3611745645",2021,"B17001E_SnrPov","Pacific Islander (Non-Hispanic)",0,0,"Wayne","Marion town","New York"
"3611745645",2021,"B17001F_SnrPov","Other (Non-Hispanic)",0,0,"Wayne","Marion town","New York"
"3611745645",2021,"B17001G_SnrPov","Two or More Races (Non-Hispanic)",0,0,"Wayne","Marion town","New York"
"3611745645",2021,"B17001H_SnrPov","White (Non-Hispanic)",41.4965986394558,31.8051812010069,"Wayne","Marion town","New York"
"3611745645",2021,"B17001I_SnrPov","Hispanic or Latino (Any Race)",0,0,"Wayne","Marion town","New York"
"3611745645",2022,"B17001B_SnrPov","Black (Non-Hispanic)",0,0,"Wayne","Marion town","New York"
"3611745645",2022,"B17001C_SnrPov","Native American (Non-Hispanic)",0,0,"Wayne","Marion town","New York"
"3611745645",2022,"B17001D_SnrPov","Asian (Non-Hispanic)",0,0,"Wayne","Marion town","New York"
"3611745645",2022,"B17001E_SnrPov","Pacific Islander (Non-Hispanic)",0,0,"Wayne","Marion town","New York"
"3611745645",2022,"B17001F_SnrPov","Other (Non-Hispanic)",0,0,"Wayne","Marion town","New York"
"3611745645",2022,"B17001G_SnrPov","Two or More Races (Non-Hispanic)",0,0,"Wayne","Marion town","New York"
"3611745645",2022,"B17001H_SnrPov","White (Non-Hispanic)",14.2857142857143,29.9829015552637,"Wayne","Marion town","New York"
"3611745645",2022,"B17001I_SnrPov","Hispanic or Latino (Any Race)",0,0,"Wayne","Marion town","New York"
"3611745645",2023,"B17001B_SnrPov","Black (Non-Hispanic)",0,0,"Wayne","Marion town","New York"
"3611745645",2023,"B17001C_SnrPov","Native American (Non-Hispanic)",0,0,"Wayne","Marion town","New York"
"3611745645",2023,"B17001D_SnrPov","Asian (Non-Hispanic)",0,0,"Wayne","Marion town","New York"
"3611745645",2023,"B17001E_SnrPov","Pacific Islander (Non-Hispanic)",0,0,"Wayne","Marion town","New York"
"3611745645",2023,"B17001F_SnrPov","Other (Non-Hispanic)",0,0,"Wayne","Marion town","New York"
"3611745645",2023,"B17001G_SnrPov","Two or More Races (Non-Hispanic)",0,0,"Wayne","Marion town","New York"
"3611745645",2023,"B17001H_SnrPov","White (Non-Hispanic)",0,39.9669050235875,"Wayne","Marion town","New York"
"3611745645",2023,"B17001I_SnrPov","Hispanic or Latino (Any Race)",0,0,"Wayne","Marion town","New York"
"3611745645",2024,"B17001B_SnrPov","Black (Non-Hispanic)",0,0,"Wayne","Marion town","New York"
"3611745645",2024,"B17001C_SnrPov","Native American (Non-Hispanic)",0,0,"Wayne","Marion town","New York"
"3611745645",2024,"B17001D_SnrPov","Asian (Non-Hispanic)",0,0,"Wayne","Marion town","New York"
"3611745645",2024,"B17001E_SnrPov","Pacific Islander (Non-Hispanic)",0,0,"Wayne","Marion town","New York"
"3611745645",2024,"B17001F_SnrPov","Other (Non-Hispanic)",0,0,"Wayne","Marion town","New York"
"3611745645",2024,"B17001G_SnrPov","Two or More Races (Non-Hispanic)",0,0,"Wayne","Marion town","New York"
"3611745645",2024,"B17001H_SnrPov","White (Non-Hispanic)",0,59.9969390097677,"Wayne","Marion town","New York"
"3611745645",2024,"B17001I_SnrPov","Hispanic or Latino (Any Race)",0,0,"Wayne","Marion town","New York"
"3611755013",2017,"B17001B_SnrPov","Black (Non-Hispanic)",0,0,"Wayne","Ontario town","New York"
"3611755013",2017,"B17001C_SnrPov","Native American (Non-Hispanic)",0,0,"Wayne","Ontario town","New York"
"3611755013",2017,"B17001D_SnrPov","Asian (Non-Hispanic)",0,0,"Wayne","Ontario town","New York"
"3611755013",2017,"B17001E_SnrPov","Pacific Islander (Non-Hispanic)",0,0,"Wayne","Ontario town","New York"
"3611755013",2017,"B17001F_SnrPov","Other (Non-Hispanic)",0,0,"Wayne","Ontario town","New York"
"3611755013",2017,"B17001G_SnrPov","Two or More Races (Non-Hispanic)",0,0,"Wayne","Ontario town","New York"
"3611755013",2017,"B17001H_SnrPov","White (Non-Hispanic)",13.4328358208955,26.4467965718114,"Wayne","Ontario town","New York"
"3611755013",2017,"B17001I_SnrPov","Hispanic or Latino (Any Race)",0,0,"Wayne","Ontario town","New York"
"3611755013",2018,"B17001B_SnrPov","Black (Non-Hispanic)",0,0,"Wayne","Ontario town","New York"
"3611755013",2018,"B17001C_SnrPov","Native American (Non-Hispanic)",0,0,"Wayne","Ontario town","New York"
"3611755013",2018,"B17001D_SnrPov","Asian (Non-Hispanic)",0,0,"Wayne","Ontario town","New York"
"3611755013",2018,"B17001E_SnrPov","Pacific Islander (Non-Hispanic)",0,0,"Wayne","Ontario town","New York"
"3611755013",2018,"B17001F_SnrPov","Other (Non-Hispanic)",0,0,"Wayne","Ontario town","New York"
"3611755013",2018,"B17001G_SnrPov","Two or More Races (Non-Hispanic)",0,0,"Wayne","Ontario town","New York"
"3611755013",2018,"B17001H_SnrPov","White (Non-Hispanic)",16.1764705882353,8.84610742673888,"Wayne","Ontario town","New York"
"3611755013",2018,"B17001I_SnrPov","Hispanic or Latino (Any Race)",0,0,"Wayne","Ontario town","New York"
"3611755013",2019,"B17001B_SnrPov","Black (Non-Hispanic)",0,0,"Wayne","Ontario town","New York"
"3611755013",2019,"B17001C_SnrPov","Native American (Non-Hispanic)",0,0,"Wayne","Ontario town","New York"
"3611755013",2019,"B17001D_SnrPov","Asian (Non-Hispanic)",0,0,"Wayne","Ontario town","New York"
"3611755013",2019,"B17001E_SnrPov","Pacific Islander (Non-Hispanic)",0,0,"Wayne","Ontario town","New York"
"3611755013",2019,"B17001F_SnrPov","Other (Non-Hispanic)",0,0,"Wayne","Ontario town","New York"
"3611755013",2019,"B17001G_SnrPov","Two or More Races (Non-Hispanic)",0,0,"Wayne","Ontario town","New York"
"3611755013",2019,"B17001H_SnrPov","White (Non-Hispanic)",100,323.462670448313,"Wayne","Ontario town","New York"
"3611755013",2019,"B17001I_SnrPov","Hispanic or Latino (Any Race)",0,0,"Wayne","Ontario town","New York"
"3611755013",2020,"B17001B_SnrPov","Black (Non-Hispanic)",0,0,"Wayne","Ontario town","New York"
"3611755013",2020,"B17001C_SnrPov","Native American (Non-Hispanic)",0,0,"Wayne","Ontario town","New York"
"3611755013",2020,"B17001D_SnrPov","Asian (Non-Hispanic)",0,0,"Wayne","Ontario town","New York"
"3611755013",2020,"B17001E_SnrPov","Pacific Islander (Non-Hispanic)",0,0,"Wayne","Ontario town","New York"
"3611755013",2020,"B17001F_SnrPov","Other (Non-Hispanic)",0,0,"Wayne","Ontario town","New York"
"3611755013",2020,"B17001G_SnrPov","Two or More Races (Non-Hispanic)",0,0,"Wayne","Ontario town","New York"
"3611755013",2020,"B17001H_SnrPov","White (Non-Hispanic)",18.6440677966102,8.39773517441306,"Wayne","Ontario town","New York"
"3611755013",2020,"B17001I_SnrPov","Hispanic or Latino (Any Race)",0,0,"Wayne","Ontario town","New York"
"3611755013",2021,"B17001B_SnrPov","Black (Non-Hispanic)",0,0,"Wayne","Ontario town","New York"
"3611755013",2021,"B17001C_SnrPov","Native American (Non-Hispanic)",0,0,"Wayne","Ontario town","New York"
"3611755013",2021,"B17001D_SnrPov","Asian (Non-Hispanic)",0,0,"Wayne","Ontario town","New York"
"3611755013",2021,"B17001E_SnrPov","Pacific Islander (Non-Hispanic)",0,0,"Wayne","Ontario town","New York"
"3611755013",2021,"B17001F_SnrPov","Other (Non-Hispanic)",0,0,"Wayne","Ontario town","New York"
"3611755013",2021,"B17001G_SnrPov","Two or More Races (Non-Hispanic)",0,0,"Wayne","Ontario town","New York"
"3611755013",2021,"B17001H_SnrPov","White (Non-Hispanic)",22.0588235294118,18.0920653858124,"Wayne","Ontario town","New York"
"3611755013",2021,"B17001I_SnrPov","Hispanic or Latino (Any Race)",0,0,"Wayne","Ontario town","New York"
"3611755013",2022,"B17001B_SnrPov","Black (Non-Hispanic)",0,296.98484809835,"Wayne","Ontario town","New York"
"3611755013",2022,"B17001C_SnrPov","Native American (Non-Hispanic)",0,0,"Wayne","Ontario town","New York"
"3611755013",2022,"B17001D_SnrPov","Asian (Non-Hispanic)",0,0,"Wayne","Ontario town","New York"
"3611755013",2022,"B17001E_SnrPov","Pacific Islander (Non-Hispanic)",0,0,"Wayne","Ontario town","New York"
"3611755013",2022,"B17001F_SnrPov","Other (Non-Hispanic)",0,0,"Wayne","Ontario town","New York"
"3611755013",2022,"B17001G_SnrPov","Two or More Races (Non-Hispanic)",0,0,"Wayne","Ontario town","New York"
"3611755013",2022,"B17001H_SnrPov","White (Non-Hispanic)",14.4578313253012,18.4171442726931,"Wayne","Ontario town","New York"
"3611755013",2022,"B17001I_SnrPov","Hispanic or Latino (Any Race)",0,0,"Wayne","Ontario town","New York"
"3611755013",2023,"B17001B_SnrPov","Black (Non-Hispanic)",0,228.449883152577,"Wayne","Ontario town","New York"
"3611755013",2023,"B17001C_SnrPov","Native American (Non-Hispanic)",0,0,"Wayne","Ontario town","New York"
"3611755013",2023,"B17001D_SnrPov","Asian (Non-Hispanic)",0,0,"Wayne","Ontario town","New York"
"3611755013",2023,"B17001E_SnrPov","Pacific Islander (Non-Hispanic)",0,0,"Wayne","Ontario town","New York"
"3611755013",2023,"B17001F_SnrPov","Other (Non-Hispanic)",0,0,"Wayne","Ontario town","New York"
"3611755013",2023,"B17001G_SnrPov","Two or More Races (Non-Hispanic)",0,0,"Wayne","Ontario town","New York"
"3611755013",2023,"B17001H_SnrPov","White (Non-Hispanic)",8.10810810810811,14.8554556415756,"Wayne","Ontario town","New York"
"3611755013",2023,"B17001I_SnrPov","Hispanic or Latino (Any Race)",0,0,"Wayne","Ontario town","New York"
"3611755013",2024,"B17001B_SnrPov","Black (Non-Hispanic)",0,197.989898732233,"Wayne","Ontario town","New York"
"3611755013",2024,"B17001C_SnrPov","Native American (Non-Hispanic)",0,0,"Wayne","Ontario town","New York"
"3611755013",2024,"B17001D_SnrPov","Asian (Non-Hispanic)",0,0,"Wayne","Ontario town","New York"
"3611755013",2024,"B17001E_SnrPov","Pacific Islander (Non-Hispanic)",0,0,"Wayne","Ontario town","New York"
"3611755013",2024,"B17001F_SnrPov","Other (Non-Hispanic)",0,0,"Wayne","Ontario town","New York"
"3611755013",2024,"B17001G_SnrPov","Two or More Races (Non-Hispanic)",0,0,"Wayne","Ontario town","New York"
"3611755013",2024,"B17001H_SnrPov","White (Non-Hispanic)",8.4070796460177,8.43360464866976,"Wayne","Ontario town","New York"
"3611755013",2024,"B17001I_SnrPov","Hispanic or Latino (Any Race)",0,0,"Wayne","Ontario town","New York"
"3611756198",2017,"B17001B_SnrPov","Black (Non-Hispanic)",0,0,"Wayne","Palmyra town","New York"
"3611756198",2017,"B17001C_SnrPov","Native American (Non-Hispanic)",0,452.54833995939,"Wayne","Palmyra town","New York"
"3611756198",2017,"B17001D_SnrPov","Asian (Non-Hispanic)",76,27.145356877374,"Wayne","Palmyra town","New York"
"3611756198",2017,"B17001E_SnrPov","Pacific Islander (Non-Hispanic)",0,0,"Wayne","Palmyra town","New York"
"3611756198",2017,"B17001F_SnrPov","Other (Non-Hispanic)",0,0,"Wayne","Palmyra town","New York"
"3611756198",2017,"B17001G_SnrPov","Two or More Races (Non-Hispanic)",0,0,"Wayne","Palmyra town","New York"
"3611756198",2017,"B17001H_SnrPov","White (Non-Hispanic)",31.5151515151515,19.7445189490584,"Wayne","Palmyra town","New York"
"3611756198",2017,"B17001I_SnrPov","Hispanic or Latino (Any Race)",0,0,"Wayne","Palmyra town","New York"
"3611756198",2018,"B17001B_SnrPov","Black (Non-Hispanic)",0,0,"Wayne","Palmyra town","New York"
"3611756198",2018,"B17001C_SnrPov","Native American (Non-Hispanic)",0,343.451865147752,"Wayne","Palmyra town","New York"
"3611756198",2018,"B17001D_SnrPov","Asian (Non-Hispanic)",66.6666666666667,88.4537962671703,"Wayne","Palmyra town","New York"
"3611756198",2018,"B17001E_SnrPov","Pacific Islander (Non-Hispanic)",0,0,"Wayne","Palmyra town","New York"
"3611756198",2018,"B17001F_SnrPov","Other (Non-Hispanic)",0,0,"Wayne","Palmyra town","New York"
"3611756198",2018,"B17001G_SnrPov","Two or More Races (Non-Hispanic)",0,0,"Wayne","Palmyra town","New York"
"3611756198",2018,"B17001H_SnrPov","White (Non-Hispanic)",38.5869565217391,22.8417674865561,"Wayne","Palmyra town","New York"
"3611756198",2018,"B17001I_SnrPov","Hispanic or Latino (Any Race)",0,0,"Wayne","Palmyra town","New York"
"3611756198",2019,"B17001B_SnrPov","Black (Non-Hispanic)",100,613.731754650732,"Wayne","Palmyra town","New York"
"3611756198",2019,"B17001C_SnrPov","Native American (Non-Hispanic)",0,480.832611206852,"Wayne","Palmyra town","New York"
"3611756198",2019,"B17001D_SnrPov","Asian (Non-Hispanic)",50,78.9382670192347,"Wayne","Palmyra town","New York"
"3611756198",2019,"B17001E_SnrPov","Pacific Islander (Non-Hispanic)",0,0,"Wayne","Palmyra town","New York"
"3611756198",2019,"B17001F_SnrPov","Other (Non-Hispanic)",0,0,"Wayne","Palmyra town","New York"
"3611756198",2019,"B17001G_SnrPov","Two or More Races (Non-Hispanic)",0,0,"Wayne","Palmyra town","New York"
"3611756198",2019,"B17001H_SnrPov","White (Non-Hispanic)",31.4814814814815,16.1934496909075,"Wayne","Palmyra town","New York"
"3611756198",2019,"B17001I_SnrPov","Hispanic or Latino (Any Race)",0,0,"Wayne","Palmyra town","New York"
"3611756198",2020,"B17001B_SnrPov","Black (Non-Hispanic)",100,483.153702252192,"Wayne","Palmyra town","New York"
"3611756198",2020,"B17001C_SnrPov","Native American (Non-Hispanic)",0,801.387685344754,"Wayne","Palmyra town","New York"
"3611756198",2020,"B17001D_SnrPov","Asian (Non-Hispanic)",0,0,"Wayne","Palmyra town","New York"
"3611756198",2020,"B17001E_SnrPov","Pacific Islander (Non-Hispanic)",0,0,"Wayne","Palmyra town","New York"
"3611756198",2020,"B17001F_SnrPov","Other (Non-Hispanic)",0,0,"Wayne","Palmyra town","New York"
"3611756198",2020,"B17001G_SnrPov","Two or More Races (Non-Hispanic)",0,0,"Wayne","Palmyra town","New York"
"3611756198",2020,"B17001H_SnrPov","White (Non-Hispanic)",34.6153846153846,18.3724713882562,"Wayne","Palmyra town","New York"
"3611756198",2020,"B17001I_SnrPov","Hispanic or Latino (Any Race)",0,0,"Wayne","Palmyra town","New York"
"3611756198",2021,"B17001B_SnrPov","Black (Non-Hispanic)",100,497.49371855331,"Wayne","Palmyra town","New York"
"3611756198",2021,"B17001C_SnrPov","Native American (Non-Hispanic)",0,0,"Wayne","Palmyra town","New York"
"3611756198",2021,"B17001D_SnrPov","Asian (Non-Hispanic)",0,0,"Wayne","Palmyra town","New York"
"3611756198",2021,"B17001E_SnrPov","Pacific Islander (Non-Hispanic)",0,0,"Wayne","Palmyra town","New York"
"3611756198",2021,"B17001F_SnrPov","Other (Non-Hispanic)",0,0,"Wayne","Palmyra town","New York"
"3611756198",2021,"B17001G_SnrPov","Two or More Races (Non-Hispanic)",0,282.842712474619,"Wayne","Palmyra town","New York"
"3611756198",2021,"B17001H_SnrPov","White (Non-Hispanic)",30.9734513274336,20.8414255424191,"Wayne","Palmyra town","New York"
"3611756198",2021,"B17001I_SnrPov","Hispanic or Latino (Any Race)",0,282.842712474619,"Wayne","Palmyra town","New York"
"3611756198",2022,"B17001B_SnrPov","Black (Non-Hispanic)",100,442.26688774992,"Wayne","Palmyra town","New York"
"3611756198",2022,"B17001C_SnrPov","Native American (Non-Hispanic)",0,0,"Wayne","Palmyra town","New York"
"3611756198",2022,"B17001D_SnrPov","Asian (Non-Hispanic)",0,0,"Wayne","Palmyra town","New York"
"3611756198",2022,"B17001E_SnrPov","Pacific Islander (Non-Hispanic)",0,0,"Wayne","Palmyra town","New York"
"3611756198",2022,"B17001F_SnrPov","Other (Non-Hispanic)",0,0,"Wayne","Palmyra town","New York"
"3611756198",2022,"B17001G_SnrPov","Two or More Races (Non-Hispanic)",0,335.87572106361,"Wayne","Palmyra town","New York"
"3611756198",2022,"B17001H_SnrPov","White (Non-Hispanic)",31.8681318681319,22.0818016591772,"Wayne","Palmyra town","New York"
"3611756198",2022,"B17001I_SnrPov","Hispanic or Latino (Any Race)",0,335.87572106361,"Wayne","Palmyra town","New York"
"3611756198",2023,"B17001B_SnrPov","Black (Non-Hispanic)",100,370.989401593461,"Wayne","Palmyra town","New York"
"3611756198",2023,"B17001C_SnrPov","Native American (Non-Hispanic)",0,0,"Wayne","Palmyra town","New York"
"3611756198",2023,"B17001D_SnrPov","Asian (Non-Hispanic)",0,0,"Wayne","Palmyra town","New York"
"3611756198",2023,"B17001E_SnrPov","Pacific Islander (Non-Hispanic)",0,0,"Wayne","Palmyra town","New York"
"3611756198",2023,"B17001F_SnrPov","Other (Non-Hispanic)",0,0,"Wayne","Palmyra town","New York"
"3611756198",2023,"B17001G_SnrPov","Two or More Races (Non-Hispanic)",0,223.91714737574,"Wayne","Palmyra town","New York"
"3611756198",2023,"B17001H_SnrPov","White (Non-Hispanic)",15.9235668789809,15.9691901222249,"Wayne","Palmyra town","New York"
"3611756198",2023,"B17001I_SnrPov","Hispanic or Latino (Any Race)",0,223.91714737574,"Wayne","Palmyra town","New York"
"3611756198",2024,"B17001B_SnrPov","Black (Non-Hispanic)",0,0,"Wayne","Palmyra town","New York"
"3611756198",2024,"B17001C_SnrPov","Native American (Non-Hispanic)",0,0,"Wayne","Palmyra town","New York"
"3611756198",2024,"B17001D_SnrPov","Asian (Non-Hispanic)",0,0,"Wayne","Palmyra town","New York"
"3611756198",2024,"B17001E_SnrPov","Pacific Islander (Non-Hispanic)",0,0,"Wayne","Palmyra town","New York"
"3611756198",2024,"B17001F_SnrPov","Other (Non-Hispanic)",0,0,"Wayne","Palmyra town","New York"
"3611756198",2024,"B17001G_SnrPov","Two or More Races (Non-Hispanic)",0,335.87572106361,"Wayne","Palmyra town","New York"
"3611756198",2024,"B17001H_SnrPov","White (Non-Hispanic)",37.6068376068376,17.3261121326338,"Wayne","Palmyra town","New York"
"3611756198",2024,"B17001I_SnrPov","Hispanic or Latino (Any Race)",0,335.87572106361,"Wayne","Palmyra town","New York"
"3611763605",2017,"B17001B_SnrPov","Black (Non-Hispanic)",0,0,"Wayne","Rose town","New York"
"3611763605",2017,"B17001C_SnrPov","Native American (Non-Hispanic)",0,0,"Wayne","Rose town","New York"
"3611763605",2017,"B17001D_SnrPov","Asian (Non-Hispanic)",0,0,"Wayne","Rose town","New York"
"3611763605",2017,"B17001E_SnrPov","Pacific Islander (Non-Hispanic)",0,0,"Wayne","Rose town","New York"
"3611763605",2017,"B17001F_SnrPov","Other (Non-Hispanic)",0,0,"Wayne","Rose town","New York"
"3611763605",2017,"B17001G_SnrPov","Two or More Races (Non-Hispanic)",0,388.908729652601,"Wayne","Rose town","New York"
"3611763605",2017,"B17001H_SnrPov","White (Non-Hispanic)",47.6190476190476,58.9665089003796,"Wayne","Rose town","New York"
"3611763605",2017,"B17001I_SnrPov","Hispanic or Latino (Any Race)",0,0,"Wayne","Rose town","New York"
"3611763605",2018,"B17001B_SnrPov","Black (Non-Hispanic)",0,0,"Wayne","Rose town","New York"
"3611763605",2018,"B17001C_SnrPov","Native American (Non-Hispanic)",0,0,"Wayne","Rose town","New York"
"3611763605",2018,"B17001D_SnrPov","Asian (Non-Hispanic)",0,0,"Wayne","Rose town","New York"
"3611763605",2018,"B17001E_SnrPov","Pacific Islander (Non-Hispanic)",0,0,"Wayne","Rose town","New York"
"3611763605",2018,"B17001F_SnrPov","Other (Non-Hispanic)",0,0,"Wayne","Rose town","New York"
"3611763605",2018,"B17001G_SnrPov","Two or More Races (Non-Hispanic)",0,424.264068711928,"Wayne","Rose town","New York"
"3611763605",2018,"B17001H_SnrPov","White (Non-Hispanic)",50,30.5050086962052,"Wayne","Rose town","New York"
"3611763605",2018,"B17001I_SnrPov","Hispanic or Latino (Any Race)",0,0,"Wayne","Rose town","New York"
"3611763605",2019,"B17001B_SnrPov","Black (Non-Hispanic)",0,0,"Wayne","Rose town","New York"
"3611763605",2019,"B17001C_SnrPov","Native American (Non-Hispanic)",0,0,"Wayne","Rose town","New York"
"3611763605",2019,"B17001D_SnrPov","Asian (Non-Hispanic)",0,0,"Wayne","Rose town","New York"
"3611763605",2019,"B17001E_SnrPov","Pacific Islander (Non-Hispanic)",0,0,"Wayne","Rose town","New York"
"3611763605",2019,"B17001F_SnrPov","Other (Non-Hispanic)",0,0,"Wayne","Rose town","New York"
"3611763605",2019,"B17001G_SnrPov","Two or More Races (Non-Hispanic)",0,565.685424949238,"Wayne","Rose town","New York"
"3611763605",2019,"B17001H_SnrPov","White (Non-Hispanic)",60,40.6979114943261,"Wayne","Rose town","New York"
"3611763605",2019,"B17001I_SnrPov","Hispanic or Latino (Any Race)",0,0,"Wayne","Rose town","New York"
"3611763605",2020,"B17001B_SnrPov","Black (Non-Hispanic)",0,0,"Wayne","Rose town","New York"
"3611763605",2020,"B17001C_SnrPov","Native American (Non-Hispanic)",0,0,"Wayne","Rose town","New York"
"3611763605",2020,"B17001D_SnrPov","Asian (Non-Hispanic)",0,0,"Wayne","Rose town","New York"
"3611763605",2020,"B17001E_SnrPov","Pacific Islander (Non-Hispanic)",0,0,"Wayne","Rose town","New York"
"3611763605",2020,"B17001F_SnrPov","Other (Non-Hispanic)",0,0,"Wayne","Rose town","New York"
"3611763605",2020,"B17001G_SnrPov","Two or More Races (Non-Hispanic)",0,0,"Wayne","Rose town","New York"
"3611763605",2020,"B17001H_SnrPov","White (Non-Hispanic)",22.4137931034483,29.9729971605745,"Wayne","Rose town","New York"
"3611763605",2020,"B17001I_SnrPov","Hispanic or Latino (Any Race)",0,0,"Wayne","Rose town","New York"
"3611763605",2021,"B17001B_SnrPov","Black (Non-Hispanic)",0,0,"Wayne","Rose town","New York"
"3611763605",2021,"B17001C_SnrPov","Native American (Non-Hispanic)",0,0,"Wayne","Rose town","New York"
"3611763605",2021,"B17001D_SnrPov","Asian (Non-Hispanic)",0,0,"Wayne","Rose town","New York"
"3611763605",2021,"B17001E_SnrPov","Pacific Islander (Non-Hispanic)",0,0,"Wayne","Rose town","New York"
"3611763605",2021,"B17001F_SnrPov","Other (Non-Hispanic)",0,0,"Wayne","Rose town","New York"
"3611763605",2021,"B17001G_SnrPov","Two or More Races (Non-Hispanic)",0,919.238815542512,"Wayne","Rose town","New York"
"3611763605",2021,"B17001H_SnrPov","White (Non-Hispanic)",26.5625,29.1486627779117,"Wayne","Rose town","New York"
"3611763605",2021,"B17001I_SnrPov","Hispanic or Latino (Any Race)",0,0,"Wayne","Rose town","New York"
"3611763605",2022,"B17001B_SnrPov","Black (Non-Hispanic)",0,0,"Wayne","Rose town","New York"
"3611763605",2022,"B17001C_SnrPov","Native American (Non-Hispanic)",0,0,"Wayne","Rose town","New York"
"3611763605",2022,"B17001D_SnrPov","Asian (Non-Hispanic)",0,0,"Wayne","Rose town","New York"
"3611763605",2022,"B17001E_SnrPov","Pacific Islander (Non-Hispanic)",0,0,"Wayne","Rose town","New York"
"3611763605",2022,"B17001F_SnrPov","Other (Non-Hispanic)",0,0,"Wayne","Rose town","New York"
"3611763605",2022,"B17001G_SnrPov","Two or More Races (Non-Hispanic)",0,1838.47763108502,"Wayne","Rose town","New York"
"3611763605",2022,"B17001H_SnrPov","White (Non-Hispanic)",23.8095238095238,6.65841739850196,"Wayne","Rose town","New York"
"3611763605",2022,"B17001I_SnrPov","Hispanic or Latino (Any Race)",0,0,"Wayne","Rose town","New York"
"3611763605",2023,"B17001B_SnrPov","Black (Non-Hispanic)",0,0,"Wayne","Rose town","New York"
"3611763605",2023,"B17001C_SnrPov","Native American (Non-Hispanic)",0,0,"Wayne","Rose town","New York"
"3611763605",2023,"B17001D_SnrPov","Asian (Non-Hispanic)",0,0,"Wayne","Rose town","New York"
"3611763605",2023,"B17001E_SnrPov","Pacific Islander (Non-Hispanic)",0,0,"Wayne","Rose town","New York"
"3611763605",2023,"B17001F_SnrPov","Other (Non-Hispanic)",0,0,"Wayne","Rose town","New York"
"3611763605",2023,"B17001G_SnrPov","Two or More Races (Non-Hispanic)",0,1838.47763108502,"Wayne","Rose town","New York"
"3611763605",2023,"B17001H_SnrPov","White (Non-Hispanic)",16,5.56618361177566,"Wayne","Rose town","New York"
"3611763605",2023,"B17001I_SnrPov","Hispanic or Latino (Any Race)",0,0,"Wayne","Rose town","New York"
"3611763605",2024,"B17001B_SnrPov","Black (Non-Hispanic)",0,0,"Wayne","Rose town","New York"
"3611763605",2024,"B17001C_SnrPov","Native American (Non-Hispanic)",0,0,"Wayne","Rose town","New York"
"3611763605",2024,"B17001D_SnrPov","Asian (Non-Hispanic)",0,0,"Wayne","Rose town","New York"
"3611763605",2024,"B17001E_SnrPov","Pacific Islander (Non-Hispanic)",0,0,"Wayne","Rose town","New York"
"3611763605",2024,"B17001F_SnrPov","Other (Non-Hispanic)",0,0,"Wayne","Rose town","New York"
"3611763605",2024,"B17001G_SnrPov","Two or More Races (Non-Hispanic)",0,1979.89898732233,"Wayne","Rose town","New York"
"3611763605",2024,"B17001H_SnrPov","White (Non-Hispanic)",11.1111111111111,35.593258473664,"Wayne","Rose town","New York"
"3611763605",2024,"B17001I_SnrPov","Hispanic or Latino (Any Race)",0,0,"Wayne","Rose town","New York"
"3611765343",2017,"B17001B_SnrPov","Black (Non-Hispanic)",0,0,"Wayne","Savannah town","New York"
"3611765343",2017,"B17001C_SnrPov","Native American (Non-Hispanic)",0,0,"Wayne","Savannah town","New York"
"3611765343",2017,"B17001D_SnrPov","Asian (Non-Hispanic)",0,0,"Wayne","Savannah town","New York"
"3611765343",2017,"B17001E_SnrPov","Pacific Islander (Non-Hispanic)",0,0,"Wayne","Savannah town","New York"
"3611765343",2017,"B17001F_SnrPov","Other (Non-Hispanic)",0,0,"Wayne","Savannah town","New York"
"3611765343",2017,"B17001G_SnrPov","Two or More Races (Non-Hispanic)",0,0,"Wayne","Savannah town","New York"
"3611765343",2017,"B17001H_SnrPov","White (Non-Hispanic)",36.5384615384615,24.8684654645138,"Wayne","Savannah town","New York"
"3611765343",2017,"B17001I_SnrPov","Hispanic or Latino (Any Race)",0,0,"Wayne","Savannah town","New York"
"3611765343",2018,"B17001B_SnrPov","Black (Non-Hispanic)",0,0,"Wayne","Savannah town","New York"
"3611765343",2018,"B17001C_SnrPov","Native American (Non-Hispanic)",0,0,"Wayne","Savannah town","New York"
"3611765343",2018,"B17001D_SnrPov","Asian (Non-Hispanic)",0,0,"Wayne","Savannah town","New York"
"3611765343",2018,"B17001E_SnrPov","Pacific Islander (Non-Hispanic)",0,0,"Wayne","Savannah town","New York"
"3611765343",2018,"B17001F_SnrPov","Other (Non-Hispanic)",0,0,"Wayne","Savannah town","New York"
"3611765343",2018,"B17001G_SnrPov","Two or More Races (Non-Hispanic)",0,0,"Wayne","Savannah town","New York"
"3611765343",2018,"B17001H_SnrPov","White (Non-Hispanic)",35.7142857142857,21.7481035570889,"Wayne","Savannah town","New York"
"3611765343",2018,"B17001I_SnrPov","Hispanic or Latino (Any Race)",0,0,"Wayne","Savannah town","New York"
"3611765343",2019,"B17001B_SnrPov","Black (Non-Hispanic)",0,0,"Wayne","Savannah town","New York"
"3611765343",2019,"B17001C_SnrPov","Native American (Non-Hispanic)",0,0,"Wayne","Savannah town","New York"
"3611765343",2019,"B17001D_SnrPov","Asian (Non-Hispanic)",0,0,"Wayne","Savannah town","New York"
"3611765343",2019,"B17001E_SnrPov","Pacific Islander (Non-Hispanic)",0,0,"Wayne","Savannah town","New York"
"3611765343",2019,"B17001F_SnrPov","Other (Non-Hispanic)",0,0,"Wayne","Savannah town","New York"
"3611765343",2019,"B17001G_SnrPov","Two or More Races (Non-Hispanic)",0,0,"Wayne","Savannah town","New York"
"3611765343",2019,"B17001H_SnrPov","White (Non-Hispanic)",32.3529411764706,32.1364162390884,"Wayne","Savannah town","New York"
"3611765343",2019,"B17001I_SnrPov","Hispanic or Latino (Any Race)",0,0,"Wayne","Savannah town","New York"
"3611765343",2020,"B17001B_SnrPov","Black (Non-Hispanic)",0,0,"Wayne","Savannah town","New York"
"3611765343",2020,"B17001C_SnrPov","Native American (Non-Hispanic)",0,0,"Wayne","Savannah town","New York"
"3611765343",2020,"B17001D_SnrPov","Asian (Non-Hispanic)",0,0,"Wayne","Savannah town","New York"
"3611765343",2020,"B17001E_SnrPov","Pacific Islander (Non-Hispanic)",0,0,"Wayne","Savannah town","New York"
"3611765343",2020,"B17001F_SnrPov","Other (Non-Hispanic)",0,0,"Wayne","Savannah town","New York"
"3611765343",2020,"B17001G_SnrPov","Two or More Races (Non-Hispanic)",0,0,"Wayne","Savannah town","New York"
"3611765343",2020,"B17001H_SnrPov","White (Non-Hispanic)",46.875,34.5221404751125,"Wayne","Savannah town","New York"
"3611765343",2020,"B17001I_SnrPov","Hispanic or Latino (Any Race)",0,0,"Wayne","Savannah town","New York"
"3611765343",2021,"B17001B_SnrPov","Black (Non-Hispanic)",0,0,"Wayne","Savannah town","New York"
"3611765343",2021,"B17001C_SnrPov","Native American (Non-Hispanic)",0,0,"Wayne","Savannah town","New York"
"3611765343",2021,"B17001D_SnrPov","Asian (Non-Hispanic)",0,0,"Wayne","Savannah town","New York"
"3611765343",2021,"B17001E_SnrPov","Pacific Islander (Non-Hispanic)",0,0,"Wayne","Savannah town","New York"
"3611765343",2021,"B17001F_SnrPov","Other (Non-Hispanic)",0,0,"Wayne","Savannah town","New York"
"3611765343",2021,"B17001G_SnrPov","Two or More Races (Non-Hispanic)",0,0,"Wayne","Savannah town","New York"
"3611765343",2021,"B17001H_SnrPov","White (Non-Hispanic)",50,47.4964962893403,"Wayne","Savannah town","New York"
"3611765343",2021,"B17001I_SnrPov","Hispanic or Latino (Any Race)",0,0,"Wayne","Savannah town","New York"
"3611765343",2022,"B17001B_SnrPov","Black (Non-Hispanic)",0,0,"Wayne","Savannah town","New York"
"3611765343",2022,"B17001C_SnrPov","Native American (Non-Hispanic)",0,0,"Wayne","Savannah town","New York"
"3611765343",2022,"B17001D_SnrPov","Asian (Non-Hispanic)",0,0,"Wayne","Savannah town","New York"
"3611765343",2022,"B17001E_SnrPov","Pacific Islander (Non-Hispanic)",0,0,"Wayne","Savannah town","New York"
"3611765343",2022,"B17001F_SnrPov","Other (Non-Hispanic)",0,0,"Wayne","Savannah town","New York"
"3611765343",2022,"B17001G_SnrPov","Two or More Races (Non-Hispanic)",0,0,"Wayne","Savannah town","New York"
"3611765343",2022,"B17001H_SnrPov","White (Non-Hispanic)",80,229.869528211114,"Wayne","Savannah town","New York"
"3611765343",2022,"B17001I_SnrPov","Hispanic or Latino (Any Race)",0,0,"Wayne","Savannah town","New York"
"3611765343",2023,"B17001B_SnrPov","Black (Non-Hispanic)",0,0,"Wayne","Savannah town","New York"
"3611765343",2023,"B17001C_SnrPov","Native American (Non-Hispanic)",0,0,"Wayne","Savannah town","New York"
"3611765343",2023,"B17001D_SnrPov","Asian (Non-Hispanic)",0,0,"Wayne","Savannah town","New York"
"3611765343",2023,"B17001E_SnrPov","Pacific Islander (Non-Hispanic)",0,0,"Wayne","Savannah town","New York"
"3611765343",2023,"B17001F_SnrPov","Other (Non-Hispanic)",0,0,"Wayne","Savannah town","New York"
"3611765343",2023,"B17001G_SnrPov","Two or More Races (Non-Hispanic)",0,0,"Wayne","Savannah town","New York"
"3611765343",2023,"B17001H_SnrPov","White (Non-Hispanic)",48,34.1201641262172,"Wayne","Savannah town","New York"
"3611765343",2023,"B17001I_SnrPov","Hispanic or Latino (Any Race)",0,0,"Wayne","Savannah town","New York"
"3611765343",2024,"B17001B_SnrPov","Black (Non-Hispanic)",0,0,"Wayne","Savannah town","New York"
"3611765343",2024,"B17001C_SnrPov","Native American (Non-Hispanic)",0,0,"Wayne","Savannah town","New York"
"3611765343",2024,"B17001D_SnrPov","Asian (Non-Hispanic)",0,0,"Wayne","Savannah town","New York"
"3611765343",2024,"B17001E_SnrPov","Pacific Islander (Non-Hispanic)",0,0,"Wayne","Savannah town","New York"
"3611765343",2024,"B17001F_SnrPov","Other (Non-Hispanic)",0,0,"Wayne","Savannah town","New York"
"3611765343",2024,"B17001G_SnrPov","Two or More Races (Non-Hispanic)",0,659.966329107444,"Wayne","Savannah town","New York"
"3611765343",2024,"B17001H_SnrPov","White (Non-Hispanic)",33.3333333333333,31.3221917979636,"Wayne","Savannah town","New York"
"3611765343",2024,"B17001I_SnrPov","Hispanic or Latino (Any Race)",0,0,"Wayne","Savannah town","New York"
"3611768220",2017,"B17001B_SnrPov","Black (Non-Hispanic)",36.6666666666667,23.1524736699351,"Wayne","Sodus town","New York"
"3611768220",2017,"B17001C_SnrPov","Native American (Non-Hispanic)",100,517.450579322138,"Wayne","Sodus town","New York"
"3611768220",2017,"B17001D_SnrPov","Asian (Non-Hispanic)",0,0,"Wayne","Sodus town","New York"
"3611768220",2017,"B17001E_SnrPov","Pacific Islander (Non-Hispanic)",0,0,"Wayne","Sodus town","New York"
"3611768220",2017,"B17001F_SnrPov","Other (Non-Hispanic)",0,0,"Wayne","Sodus town","New York"
"3611768220",2017,"B17001G_SnrPov","Two or More Races (Non-Hispanic)",100,827.647267862342,"Wayne","Sodus town","New York"
"3611768220",2017,"B17001H_SnrPov","White (Non-Hispanic)",69.4915254237288,25.4655015760034,"Wayne","Sodus town","New York"
"3611768220",2017,"B17001I_SnrPov","Hispanic or Latino (Any Race)",42.3076923076923,35.8586716594691,"Wayne","Sodus town","New York"
"3611768220",2018,"B17001B_SnrPov","Black (Non-Hispanic)",33.3333333333333,22.2800174361407,"Wayne","Sodus town","New York"
"3611768220",2018,"B17001C_SnrPov","Native American (Non-Hispanic)",100,526.055789700628,"Wayne","Sodus town","New York"
"3611768220",2018,"B17001D_SnrPov","Asian (Non-Hispanic)",0,0,"Wayne","Sodus town","New York"
"3611768220",2018,"B17001E_SnrPov","Pacific Islander (Non-Hispanic)",0,0,"Wayne","Sodus town","New York"
"3611768220",2018,"B17001F_SnrPov","Other (Non-Hispanic)",0,0,"Wayne","Sodus town","New York"
"3611768220",2018,"B17001G_SnrPov","Two or More Races (Non-Hispanic)",100,907.606743033567,"Wayne","Sodus town","New York"
"3611768220",2018,"B17001H_SnrPov","White (Non-Hispanic)",71.3414634146341,30.0453566841557,"Wayne","Sodus town","New York"
"3611768220",2018,"B17001I_SnrPov","Hispanic or Latino (Any Race)",42.3076923076923,36.5746772106025,"Wayne","Sodus town","New York"
"3611768220",2019,"B17001B_SnrPov","Black (Non-Hispanic)",53.5714285714286,79.9049880271573,"Wayne","Sodus town","New York"
"3611768220",2019,"B17001C_SnrPov","Native American (Non-Hispanic)",0,0,"Wayne","Sodus town","New York"
"3611768220",2019,"B17001D_SnrPov","Asian (Non-Hispanic)",0,0,"Wayne","Sodus town","New York"
"3611768220",2019,"B17001E_SnrPov","Pacific Islander (Non-Hispanic)",0,0,"Wayne","Sodus town","New York"
"3611768220",2019,"B17001F_SnrPov","Other (Non-Hispanic)",0,0,"Wayne","Sodus town","New York"
"3611768220",2019,"B17001G_SnrPov","Two or More Races (Non-Hispanic)",0,0,"Wayne","Sodus town","New York"
"3611768220",2019,"B17001H_SnrPov","White (Non-Hispanic)",73.943661971831,34.8688337758321,"Wayne","Sodus town","New York"
"3611768220",2019,"B17001I_SnrPov","Hispanic or Latino (Any Race)",0,218.560277821296,"Wayne","Sodus town","New York"
"3611768220",2020,"B17001B_SnrPov","Black (Non-Hispanic)",26.6666666666667,24.457824620869,"Wayne","Sodus town","New York"
"3611768220",2020,"B17001C_SnrPov","Native American (Non-Hispanic)",0,0,"Wayne","Sodus town","New York"
"3611768220",2020,"B17001D_SnrPov","Asian (Non-Hispanic)",0,0,"Wayne","Sodus town","New York"
"3611768220",2020,"B17001E_SnrPov","Pacific Islander (Non-Hispanic)",0,0,"Wayne","Sodus town","New York"
"3611768220",2020,"B17001F_SnrPov","Other (Non-Hispanic)",0,0,"Wayne","Sodus town","New York"
"3611768220",2020,"B17001G_SnrPov","Two or More Races (Non-Hispanic)",0,0,"Wayne","Sodus town","New York"
"3611768220",2020,"B17001H_SnrPov","White (Non-Hispanic)",50.2906976744186,33.8611266498996,"Wayne","Sodus town","New York"
"3611768220",2020,"B17001I_SnrPov","Hispanic or Latino (Any Race)",0,85.8629662869379,"Wayne","Sodus town","New York"
"3611768220",2021,"B17001B_SnrPov","Black (Non-Hispanic)",31.25,44.0333319903443,"Wayne","Sodus town","New York"
"3611768220",2021,"B17001C_SnrPov","Native American (Non-Hispanic)",0,0,"Wayne","Sodus town","New York"
"3611768220",2021,"B17001D_SnrPov","Asian (Non-Hispanic)",0,0,"Wayne","Sodus town","New York"
"3611768220",2021,"B17001E_SnrPov","Pacific Islander (Non-Hispanic)",0,0,"Wayne","Sodus town","New York"
"3611768220",2021,"B17001F_SnrPov","Other (Non-Hispanic)",0,0,"Wayne","Sodus town","New York"
"3611768220",2021,"B17001G_SnrPov","Two or More Races (Non-Hispanic)",0,0,"Wayne","Sodus town","New York"
"3611768220",2021,"B17001H_SnrPov","White (Non-Hispanic)",57.8341013824885,23.5535774022489,"Wayne","Sodus town","New York"
"3611768220",2021,"B17001I_SnrPov","Hispanic or Latino (Any Race)",0,101.823376490863,"Wayne","Sodus town","New York"
"3611768220",2022,"B17001B_SnrPov","Black (Non-Hispanic)",57.5,49.2359592929802,"Wayne","Sodus town","New York"
"3611768220",2022,"B17001C_SnrPov","Native American (Non-Hispanic)",0,0,"Wayne","Sodus town","New York"
"3611768220",2022,"B17001D_SnrPov","Asian (Non-Hispanic)",0,0,"Wayne","Sodus town","New York"
"3611768220",2022,"B17001E_SnrPov","Pacific Islander (Non-Hispanic)",0,0,"Wayne","Sodus town","New York"
"3611768220",2022,"B17001F_SnrPov","Other (Non-Hispanic)",0,0,"Wayne","Sodus town","New York"
"3611768220",2022,"B17001G_SnrPov","Two or More Races (Non-Hispanic)",0,0,"Wayne","Sodus town","New York"
"3611768220",2022,"B17001H_SnrPov","White (Non-Hispanic)",60.7390300230947,23.3922031630398,"Wayne","Sodus town","New York"
"3611768220",2022,"B17001I_SnrPov","Hispanic or Latino (Any Race)",0,0,"Wayne","Sodus town","New York"
"3611768220",2023,"B17001B_SnrPov","Black (Non-Hispanic)",62.7906976744186,41.5515606989861,"Wayne","Sodus town","New York"
"3611768220",2023,"B17001C_SnrPov","Native American (Non-Hispanic)",0,0,"Wayne","Sodus town","New York"
"3611768220",2023,"B17001D_SnrPov","Asian (Non-Hispanic)",0,0,"Wayne","Sodus town","New York"
"3611768220",2023,"B17001E_SnrPov","Pacific Islander (Non-Hispanic)",0,0,"Wayne","Sodus town","New York"
"3611768220",2023,"B17001F_SnrPov","Other (Non-Hispanic)",0,0,"Wayne","Sodus town","New York"
"3611768220",2023,"B17001G_SnrPov","Two or More Races (Non-Hispanic)",0,0,"Wayne","Sodus town","New York"
"3611768220",2023,"B17001H_SnrPov","White (Non-Hispanic)",53.7037037037037,25.5064950422258,"Wayne","Sodus town","New York"
"3611768220",2023,"B17001I_SnrPov","Hispanic or Latino (Any Race)",0,0,"Wayne","Sodus town","New York"
"3611768220",2024,"B17001B_SnrPov","Black (Non-Hispanic)",65.7894736842105,47.8044538218362,"Wayne","Sodus town","New York"
"3611768220",2024,"B17001C_SnrPov","Native American (Non-Hispanic)",0,0,"Wayne","Sodus town","New York"
"3611768220",2024,"B17001D_SnrPov","Asian (Non-Hispanic)",0,0,"Wayne","Sodus town","New York"
"3611768220",2024,"B17001E_SnrPov","Pacific Islander (Non-Hispanic)",0,0,"Wayne","Sodus town","New York"
"3611768220",2024,"B17001F_SnrPov","Other (Non-Hispanic)",0,0,"Wayne","Sodus town","New York"
"3611768220",2024,"B17001G_SnrPov","Two or More Races (Non-Hispanic)",0,0,"Wayne","Sodus town","New York"
"3611768220",2024,"B17001H_SnrPov","White (Non-Hispanic)",53.6144578313253,21.2628223049283,"Wayne","Sodus town","New York"
"3611768220",2024,"B17001I_SnrPov","Hispanic or Latino (Any Race)",0,0,"Wayne","Sodus town","New York"
"3611778102",2017,"B17001B_SnrPov","Black (Non-Hispanic)",0,0,"Wayne","Walworth town","New York"
"3611778102",2017,"B17001C_SnrPov","Native American (Non-Hispanic)",0,0,"Wayne","Walworth town","New York"
"3611778102",2017,"B17001D_SnrPov","Asian (Non-Hispanic)",0,0,"Wayne","Walworth town","New York"
"3611778102",2017,"B17001E_SnrPov","Pacific Islander (Non-Hispanic)",0,0,"Wayne","Walworth town","New York"
"3611778102",2017,"B17001F_SnrPov","Other (Non-Hispanic)",0,0,"Wayne","Walworth town","New York"
"3611778102",2017,"B17001G_SnrPov","Two or More Races (Non-Hispanic)",0,0,"Wayne","Walworth town","New York"
"3611778102",2017,"B17001H_SnrPov","White (Non-Hispanic)",43.3333333333333,25.4814747523678,"Wayne","Walworth town","New York"
"3611778102",2017,"B17001I_SnrPov","Hispanic or Latino (Any Race)",0,0,"Wayne","Walworth town","New York"
"3611778102",2018,"B17001B_SnrPov","Black (Non-Hispanic)",0,0,"Wayne","Walworth town","New York"
"3611778102",2018,"B17001C_SnrPov","Native American (Non-Hispanic)",0,0,"Wayne","Walworth town","New York"
"3611778102",2018,"B17001D_SnrPov","Asian (Non-Hispanic)",0,0,"Wayne","Walworth town","New York"
"3611778102",2018,"B17001E_SnrPov","Pacific Islander (Non-Hispanic)",0,0,"Wayne","Walworth town","New York"
"3611778102",2018,"B17001F_SnrPov","Other (Non-Hispanic)",0,0,"Wayne","Walworth town","New York"
"3611778102",2018,"B17001G_SnrPov","Two or More Races (Non-Hispanic)",0,0,"Wayne","Walworth town","New York"
"3611778102",2018,"B17001H_SnrPov","White (Non-Hispanic)",41.7582417582418,28.1407433216363,"Wayne","Walworth town","New York"
"3611778102",2018,"B17001I_SnrPov","Hispanic or Latino (Any Race)",0,0,"Wayne","Walworth town","New York"
"3611778102",2019,"B17001B_SnrPov","Black (Non-Hispanic)",0,0,"Wayne","Walworth town","New York"
"3611778102",2019,"B17001C_SnrPov","Native American (Non-Hispanic)",0,0,"Wayne","Walworth town","New York"
"3611778102",2019,"B17001D_SnrPov","Asian (Non-Hispanic)",0,0,"Wayne","Walworth town","New York"
"3611778102",2019,"B17001E_SnrPov","Pacific Islander (Non-Hispanic)",0,0,"Wayne","Walworth town","New York"
"3611778102",2019,"B17001F_SnrPov","Other (Non-Hispanic)",0,0,"Wayne","Walworth town","New York"
"3611778102",2019,"B17001G_SnrPov","Two or More Races (Non-Hispanic)",0,0,"Wayne","Walworth town","New York"
"3611778102",2019,"B17001H_SnrPov","White (Non-Hispanic)",30,24.1990048707523,"Wayne","Walworth town","New York"
"3611778102",2019,"B17001I_SnrPov","Hispanic or Latino (Any Race)",0,0,"Wayne","Walworth town","New York"
"3611778102",2020,"B17001B_SnrPov","Black (Non-Hispanic)",0,0,"Wayne","Walworth town","New York"
"3611778102",2020,"B17001C_SnrPov","Native American (Non-Hispanic)",0,0,"Wayne","Walworth town","New York"
"3611778102",2020,"B17001D_SnrPov","Asian (Non-Hispanic)",0,0,"Wayne","Walworth town","New York"
"3611778102",2020,"B17001E_SnrPov","Pacific Islander (Non-Hispanic)",0,0,"Wayne","Walworth town","New York"
"3611778102",2020,"B17001F_SnrPov","Other (Non-Hispanic)",0,0,"Wayne","Walworth town","New York"
"3611778102",2020,"B17001G_SnrPov","Two or More Races (Non-Hispanic)",0,0,"Wayne","Walworth town","New York"
"3611778102",2020,"B17001H_SnrPov","White (Non-Hispanic)",26.0869565217391,18.684577199486,"Wayne","Walworth town","New York"
"3611778102",2020,"B17001I_SnrPov","Hispanic or Latino (Any Race)",0,0,"Wayne","Walworth town","New York"
"3611778102",2021,"B17001B_SnrPov","Black (Non-Hispanic)",0,0,"Wayne","Walworth town","New York"
"3611778102",2021,"B17001C_SnrPov","Native American (Non-Hispanic)",0,0,"Wayne","Walworth town","New York"
"3611778102",2021,"B17001D_SnrPov","Asian (Non-Hispanic)",0,0,"Wayne","Walworth town","New York"
"3611778102",2021,"B17001E_SnrPov","Pacific Islander (Non-Hispanic)",0,0,"Wayne","Walworth town","New York"
"3611778102",2021,"B17001F_SnrPov","Other (Non-Hispanic)",0,0,"Wayne","Walworth town","New York"
"3611778102",2021,"B17001G_SnrPov","Two or More Races (Non-Hispanic)",0,0,"Wayne","Walworth town","New York"
"3611778102",2021,"B17001H_SnrPov","White (Non-Hispanic)",21.505376344086,20.1683868755558,"Wayne","Walworth town","New York"
"3611778102",2021,"B17001I_SnrPov","Hispanic or Latino (Any Race)",0,0,"Wayne","Walworth town","New York"
"3611778102",2022,"B17001B_SnrPov","Black (Non-Hispanic)",0,0,"Wayne","Walworth town","New York"
"3611778102",2022,"B17001C_SnrPov","Native American (Non-Hispanic)",0,0,"Wayne","Walworth town","New York"
"3611778102",2022,"B17001D_SnrPov","Asian (Non-Hispanic)",0,0,"Wayne","Walworth town","New York"
"3611778102",2022,"B17001E_SnrPov","Pacific Islander (Non-Hispanic)",0,0,"Wayne","Walworth town","New York"
"3611778102",2022,"B17001F_SnrPov","Other (Non-Hispanic)",0,0,"Wayne","Walworth town","New York"
"3611778102",2022,"B17001G_SnrPov","Two or More Races (Non-Hispanic)",0,0,"Wayne","Walworth town","New York"
"3611778102",2022,"B17001H_SnrPov","White (Non-Hispanic)",25.2631578947368,23.9593017983228,"Wayne","Walworth town","New York"
"3611778102",2022,"B17001I_SnrPov","Hispanic or Latino (Any Race)",0,0,"Wayne","Walworth town","New York"
"3611778102",2023,"B17001B_SnrPov","Black (Non-Hispanic)",0,0,"Wayne","Walworth town","New York"
"3611778102",2023,"B17001C_SnrPov","Native American (Non-Hispanic)",0,0,"Wayne","Walworth town","New York"
"3611778102",2023,"B17001D_SnrPov","Asian (Non-Hispanic)",0,0,"Wayne","Walworth town","New York"
"3611778102",2023,"B17001E_SnrPov","Pacific Islander (Non-Hispanic)",0,0,"Wayne","Walworth town","New York"
"3611778102",2023,"B17001F_SnrPov","Other (Non-Hispanic)",0,0,"Wayne","Walworth town","New York"
"3611778102",2023,"B17001G_SnrPov","Two or More Races (Non-Hispanic)",0,0,"Wayne","Walworth town","New York"
"3611778102",2023,"B17001H_SnrPov","White (Non-Hispanic)",9.09090909090909,46.2159186855509,"Wayne","Walworth town","New York"
"3611778102",2023,"B17001I_SnrPov","Hispanic or Latino (Any Race)",0,0,"Wayne","Walworth town","New York"
"3611778102",2024,"B17001B_SnrPov","Black (Non-Hispanic)",0,0,"Wayne","Walworth town","New York"
"3611778102",2024,"B17001C_SnrPov","Native American (Non-Hispanic)",0,0,"Wayne","Walworth town","New York"
"3611778102",2024,"B17001D_SnrPov","Asian (Non-Hispanic)",0,0,"Wayne","Walworth town","New York"
"3611778102",2024,"B17001E_SnrPov","Pacific Islander (Non-Hispanic)",0,0,"Wayne","Walworth town","New York"
"3611778102",2024,"B17001F_SnrPov","Other (Non-Hispanic)",0,0,"Wayne","Walworth town","New York"
"3611778102",2024,"B17001G_SnrPov","Two or More Races (Non-Hispanic)",0,0,"Wayne","Walworth town","New York"
"3611778102",2024,"B17001H_SnrPov","White (Non-Hispanic)",5,51.3354470614604,"Wayne","Walworth town","New York"
"3611778102",2024,"B17001I_SnrPov","Hispanic or Latino (Any Race)",0,0,"Wayne","Walworth town","New York"
"3611782040",2017,"B17001B_SnrPov","Black (Non-Hispanic)",100,125.033750111919,"Wayne","Williamson town","New York"
"3611782040",2017,"B17001C_SnrPov","Native American (Non-Hispanic)",0,0,"Wayne","Williamson town","New York"
"3611782040",2017,"B17001D_SnrPov","Asian (Non-Hispanic)",0,0,"Wayne","Williamson town","New York"
"3611782040",2017,"B17001E_SnrPov","Pacific Islander (Non-Hispanic)",0,0,"Wayne","Williamson town","New York"
"3611782040",2017,"B17001F_SnrPov","Other (Non-Hispanic)",0,0,"Wayne","Williamson town","New York"
"3611782040",2017,"B17001G_SnrPov","Two or More Races (Non-Hispanic)",0,0,"Wayne","Williamson town","New York"
"3611782040",2017,"B17001H_SnrPov","White (Non-Hispanic)",32.1428571428571,32.5056350728698,"Wayne","Williamson town","New York"
"3611782040",2017,"B17001I_SnrPov","Hispanic or Latino (Any Race)",100,391.918358845308,"Wayne","Williamson town","New York"
"3611782040",2018,"B17001B_SnrPov","Black (Non-Hispanic)",100,212.054543199276,"Wayne","Williamson town","New York"
"3611782040",2018,"B17001C_SnrPov","Native American (Non-Hispanic)",0,0,"Wayne","Williamson town","New York"
"3611782040",2018,"B17001D_SnrPov","Asian (Non-Hispanic)",0,0,"Wayne","Williamson town","New York"
"3611782040",2018,"B17001E_SnrPov","Pacific Islander (Non-Hispanic)",0,0,"Wayne","Williamson town","New York"
"3611782040",2018,"B17001F_SnrPov","Other (Non-Hispanic)",0,0,"Wayne","Williamson town","New York"
"3611782040",2018,"B17001G_SnrPov","Two or More Races (Non-Hispanic)",0,0,"Wayne","Williamson town","New York"
"3611782040",2018,"B17001H_SnrPov","White (Non-Hispanic)",19.2982456140351,37.6440879452572,"Wayne","Williamson town","New York"
"3611782040",2018,"B17001I_SnrPov","Hispanic or Latino (Any Race)",100,353.946009693255,"Wayne","Williamson town","New York"
"3611782040",2019,"B17001B_SnrPov","Black (Non-Hispanic)",100,218.968963248963,"Wayne","Williamson town","New York"
"3611782040",2019,"B17001C_SnrPov","Native American (Non-Hispanic)",0,0,"Wayne","Williamson town","New York"
"3611782040",2019,"B17001D_SnrPov","Asian (Non-Hispanic)",0,0,"Wayne","Williamson town","New York"
"3611782040",2019,"B17001E_SnrPov","Pacific Islander (Non-Hispanic)",0,0,"Wayne","Williamson town","New York"
"3611782040",2019,"B17001F_SnrPov","Other (Non-Hispanic)",0,0,"Wayne","Williamson town","New York"
"3611782040",2019,"B17001G_SnrPov","Two or More Races (Non-Hispanic)",100,312.999600638723,"Wayne","Williamson town","New York"
"3611782040",2019,"B17001H_SnrPov","White (Non-Hispanic)",30,22.9484782297481,"Wayne","Williamson town","New York"
"3611782040",2019,"B17001I_SnrPov","Hispanic or Latino (Any Race)",100,198.292026796733,"Wayne","Williamson town","New York"
"3611782040",2020,"B17001B_SnrPov","Black (Non-Hispanic)",100,228.623092706136,"Wayne","Williamson town","New York"
"3611782040",2020,"B17001C_SnrPov","Native American (Non-Hispanic)",0,0,"Wayne","Williamson town","New York"
"3611782040",2020,"B17001D_SnrPov","Asian (Non-Hispanic)",0,0,"Wayne","Williamson town","New York"
"3611782040",2020,"B17001E_SnrPov","Pacific Islander (Non-Hispanic)",0,0,"Wayne","Williamson town","New York"
"3611782040",2020,"B17001F_SnrPov","Other (Non-Hispanic)",0,0,"Wayne","Williamson town","New York"
"3611782040",2020,"B17001G_SnrPov","Two or More Races (Non-Hispanic)",100,215.464614264152,"Wayne","Williamson town","New York"
"3611782040",2020,"B17001H_SnrPov","White (Non-Hispanic)",35.4838709677419,25.6561152588873,"Wayne","Williamson town","New York"
"3611782040",2020,"B17001I_SnrPov","Hispanic or Latino (Any Race)",100,4164.1325627314,"Wayne","Williamson town","New York"
"3611782040",2021,"B17001B_SnrPov","Black (Non-Hispanic)",100,271.103604662955,"Wayne","Williamson town","New York"
"3611782040",2021,"B17001C_SnrPov","Native American (Non-Hispanic)",0,0,"Wayne","Williamson town","New York"
"3611782040",2021,"B17001D_SnrPov","Asian (Non-Hispanic)",0,0,"Wayne","Williamson town","New York"
"3611782040",2021,"B17001E_SnrPov","Pacific Islander (Non-Hispanic)",0,0,"Wayne","Williamson town","New York"
"3611782040",2021,"B17001F_SnrPov","Other (Non-Hispanic)",0,0,"Wayne","Williamson town","New York"
"3611782040",2021,"B17001G_SnrPov","Two or More Races (Non-Hispanic)",100,235.859179489431,"Wayne","Williamson town","New York"
"3611782040",2021,"B17001H_SnrPov","White (Non-Hispanic)",52.8301886792453,32.8838834918315,"Wayne","Williamson town","New York"
"3611782040",2021,"B17001I_SnrPov","Hispanic or Latino (Any Race)",100,374.351290753603,"Wayne","Williamson town","New York"
"3611782040",2022,"B17001B_SnrPov","Black (Non-Hispanic)",0,0,"Wayne","Williamson town","New York"
"3611782040",2022,"B17001C_SnrPov","Native American (Non-Hispanic)",0,0,"Wayne","Williamson town","New York"
"3611782040",2022,"B17001D_SnrPov","Asian (Non-Hispanic)",0,0,"Wayne","Williamson town","New York"
"3611782040",2022,"B17001E_SnrPov","Pacific Islander (Non-Hispanic)",0,0,"Wayne","Williamson town","New York"
"3611782040",2022,"B17001F_SnrPov","Other (Non-Hispanic)",0,0,"Wayne","Williamson town","New York"
"3611782040",2022,"B17001G_SnrPov","Two or More Races (Non-Hispanic)",91.4285714285714,24.6726506844135,"Wayne","Williamson town","New York"
"3611782040",2022,"B17001H_SnrPov","White (Non-Hispanic)",58.5365853658537,30.0976030927183,"Wayne","Williamson town","New York"
"3611782040",2022,"B17001I_SnrPov","Hispanic or Latino (Any Race)",100,621.715861342541,"Wayne","Williamson town","New York"
"3611782040",2023,"B17001B_SnrPov","Black (Non-Hispanic)",0,0,"Wayne","Williamson town","New York"
"3611782040",2023,"B17001C_SnrPov","Native American (Non-Hispanic)",0,0,"Wayne","Williamson town","New York"
"3611782040",2023,"B17001D_SnrPov","Asian (Non-Hispanic)",0,0,"Wayne","Williamson town","New York"
"3611782040",2023,"B17001E_SnrPov","Pacific Islander (Non-Hispanic)",0,0,"Wayne","Williamson town","New York"
"3611782040",2023,"B17001F_SnrPov","Other (Non-Hispanic)",0,0,"Wayne","Williamson town","New York"
"3611782040",2023,"B17001G_SnrPov","Two or More Races (Non-Hispanic)",90,30.2177284240743,"Wayne","Williamson town","New York"
"3611782040",2023,"B17001H_SnrPov","White (Non-Hispanic)",53.7313432835821,26.8505576713199,"Wayne","Williamson town","New York"
"3611782040",2023,"B17001I_SnrPov","Hispanic or Latino (Any Race)",100,318.443480071425,"Wayne","Williamson town","New York"
"3611782040",2024,"B17001B_SnrPov","Black (Non-Hispanic)",0,0,"Wayne","Williamson town","New York"
"3611782040",2024,"B17001C_SnrPov","Native American (Non-Hispanic)",0,0,"Wayne","Williamson town","New York"
"3611782040",2024,"B17001D_SnrPov","Asian (Non-Hispanic)",0,0,"Wayne","Williamson town","New York"
"3611782040",2024,"B17001E_SnrPov","Pacific Islander (Non-Hispanic)",0,0,"Wayne","Williamson town","New York"
"3611782040",2024,"B17001F_SnrPov","Other (Non-Hispanic)",0,0,"Wayne","Williamson town","New York"
"3611782040",2024,"B17001G_SnrPov","Two or More Races (Non-Hispanic)",0,895.66858950296,"Wayne","Williamson town","New York"
"3611782040",2024,"B17001H_SnrPov","White (Non-Hispanic)",71.4285714285714,36.4087301024376,"Wayne","Williamson town","New York"
"3611782040",2024,"B17001I_SnrPov","Hispanic or Latino (Any Race)",0,0,"Wayne","Williamson town","New York"
"3611782689",2017,"B17001B_SnrPov","Black (Non-Hispanic)",0,0,"Wayne","Wolcott town","New York"
"3611782689",2017,"B17001C_SnrPov","Native American (Non-Hispanic)",0,0,"Wayne","Wolcott town","New York"
"3611782689",2017,"B17001D_SnrPov","Asian (Non-Hispanic)",0,0,"Wayne","Wolcott town","New York"
"3611782689",2017,"B17001E_SnrPov","Pacific Islander (Non-Hispanic)",0,0,"Wayne","Wolcott town","New York"
"3611782689",2017,"B17001F_SnrPov","Other (Non-Hispanic)",0,0,"Wayne","Wolcott town","New York"
"3611782689",2017,"B17001G_SnrPov","Two or More Races (Non-Hispanic)",0,0,"Wayne","Wolcott town","New York"
"3611782689",2017,"B17001H_SnrPov","White (Non-Hispanic)",37.6623376623377,18.6475070159522,"Wayne","Wolcott town","New York"
"3611782689",2017,"B17001I_SnrPov","Hispanic or Latino (Any Race)",0,0,"Wayne","Wolcott town","New York"
"3611782689",2018,"B17001B_SnrPov","Black (Non-Hispanic)",0,0,"Wayne","Wolcott town","New York"
"3611782689",2018,"B17001C_SnrPov","Native American (Non-Hispanic)",0,0,"Wayne","Wolcott town","New York"
"3611782689",2018,"B17001D_SnrPov","Asian (Non-Hispanic)",0,0,"Wayne","Wolcott town","New York"
"3611782689",2018,"B17001E_SnrPov","Pacific Islander (Non-Hispanic)",0,0,"Wayne","Wolcott town","New York"
"3611782689",2018,"B17001F_SnrPov","Other (Non-Hispanic)",0,0,"Wayne","Wolcott town","New York"
"3611782689",2018,"B17001G_SnrPov","Two or More Races (Non-Hispanic)",0,0,"Wayne","Wolcott town","New York"
"3611782689",2018,"B17001H_SnrPov","White (Non-Hispanic)",32.2033898305085,9.82112940597535,"Wayne","Wolcott town","New York"
"3611782689",2018,"B17001I_SnrPov","Hispanic or Latino (Any Race)",0,0,"Wayne","Wolcott town","New York"
"3611782689",2019,"B17001B_SnrPov","Black (Non-Hispanic)",0,0,"Wayne","Wolcott town","New York"
"3611782689",2019,"B17001C_SnrPov","Native American (Non-Hispanic)",0,0,"Wayne","Wolcott town","New York"
"3611782689",2019,"B17001D_SnrPov","Asian (Non-Hispanic)",0,0,"Wayne","Wolcott town","New York"
"3611782689",2019,"B17001E_SnrPov","Pacific Islander (Non-Hispanic)",0,0,"Wayne","Wolcott town","New York"
"3611782689",2019,"B17001F_SnrPov","Other (Non-Hispanic)",0,0,"Wayne","Wolcott town","New York"
"3611782689",2019,"B17001G_SnrPov","Two or More Races (Non-Hispanic)",0,0,"Wayne","Wolcott town","New York"
"3611782689",2019,"B17001H_SnrPov","White (Non-Hispanic)",40.1459854014599,11.9054597792426,"Wayne","Wolcott town","New York"
"3611782689",2019,"B17001I_SnrPov","Hispanic or Latino (Any Race)",0,0,"Wayne","Wolcott town","New York"
"3611782689",2020,"B17001B_SnrPov","Black (Non-Hispanic)",0,0,"Wayne","Wolcott town","New York"
"3611782689",2020,"B17001C_SnrPov","Native American (Non-Hispanic)",0,0,"Wayne","Wolcott town","New York"
"3611782689",2020,"B17001D_SnrPov","Asian (Non-Hispanic)",0,0,"Wayne","Wolcott town","New York"
"3611782689",2020,"B17001E_SnrPov","Pacific Islander (Non-Hispanic)",0,0,"Wayne","Wolcott town","New York"
"3611782689",2020,"B17001F_SnrPov","Other (Non-Hispanic)",0,0,"Wayne","Wolcott town","New York"
"3611782689",2020,"B17001G_SnrPov","Two or More Races (Non-Hispanic)",0,0,"Wayne","Wolcott town","New York"
"3611782689",2020,"B17001H_SnrPov","White (Non-Hispanic)",41.1290322580645,17.805577533429,"Wayne","Wolcott town","New York"
"3611782689",2020,"B17001I_SnrPov","Hispanic or Latino (Any Race)",0,0,"Wayne","Wolcott town","New York"
"3611782689",2021,"B17001B_SnrPov","Black (Non-Hispanic)",0,0,"Wayne","Wolcott town","New York"
"3611782689",2021,"B17001C_SnrPov","Native American (Non-Hispanic)",0,0,"Wayne","Wolcott town","New York"
"3611782689",2021,"B17001D_SnrPov","Asian (Non-Hispanic)",0,0,"Wayne","Wolcott town","New York"
"3611782689",2021,"B17001E_SnrPov","Pacific Islander (Non-Hispanic)",0,0,"Wayne","Wolcott town","New York"
"3611782689",2021,"B17001F_SnrPov","Other (Non-Hispanic)",0,0,"Wayne","Wolcott town","New York"
"3611782689",2021,"B17001G_SnrPov","Two or More Races (Non-Hispanic)",0,0,"Wayne","Wolcott town","New York"
"3611782689",2021,"B17001H_SnrPov","White (Non-Hispanic)",29.4573643410853,16.5834917116061,"Wayne","Wolcott town","New York"
"3611782689",2021,"B17001I_SnrPov","Hispanic or Latino (Any Race)",0,0,"Wayne","Wolcott town","New York"
"3611782689",2022,"B17001B_SnrPov","Black (Non-Hispanic)",0,306.412938514171,"Wayne","Wolcott town","New York"
"3611782689",2022,"B17001C_SnrPov","Native American (Non-Hispanic)",0,0,"Wayne","Wolcott town","New York"
"3611782689",2022,"B17001D_SnrPov","Asian (Non-Hispanic)",0,0,"Wayne","Wolcott town","New York"
"3611782689",2022,"B17001E_SnrPov","Pacific Islander (Non-Hispanic)",0,0,"Wayne","Wolcott town","New York"
"3611782689",2022,"B17001F_SnrPov","Other (Non-Hispanic)",0,0,"Wayne","Wolcott town","New York"
"3611782689",2022,"B17001G_SnrPov","Two or More Races (Non-Hispanic)",0,0,"Wayne","Wolcott town","New York"
"3611782689",2022,"B17001H_SnrPov","White (Non-Hispanic)",42.4657534246575,34.0533212723568,"Wayne","Wolcott town","New York"
"3611782689",2022,"B17001I_SnrPov","Hispanic or Latino (Any Race)",0,0,"Wayne","Wolcott town","New York"
"3611782689",2023,"B17001B_SnrPov","Black (Non-Hispanic)",0,229.809703885628,"Wayne","Wolcott town","New York"
"3611782689",2023,"B17001C_SnrPov","Native American (Non-Hispanic)",0,0,"Wayne","Wolcott town","New York"
"3611782689",2023,"B17001D_SnrPov","Asian (Non-Hispanic)",0,0,"Wayne","Wolcott town","New York"
"3611782689",2023,"B17001E_SnrPov","Pacific Islander (Non-Hispanic)",0,0,"Wayne","Wolcott town","New York"
"3611782689",2023,"B17001F_SnrPov","Other (Non-Hispanic)",0,0,"Wayne","Wolcott town","New York"
"3611782689",2023,"B17001G_SnrPov","Two or More Races (Non-Hispanic)",0,0,"Wayne","Wolcott town","New York"
"3611782689",2023,"B17001H_SnrPov","White (Non-Hispanic)",60.5263157894737,32.8899298499665,"Wayne","Wolcott town","New York"
"3611782689",2023,"B17001I_SnrPov","Hispanic or Latino (Any Race)",0,0,"Wayne","Wolcott town","New York"
"3611782689",2024,"B17001B_SnrPov","Black (Non-Hispanic)",21.4285714285714,100.374143896799,"Wayne","Wolcott town","New York"
"3611782689",2024,"B17001C_SnrPov","Native American (Non-Hispanic)",0,0,"Wayne","Wolcott town","New York"
"3611782689",2024,"B17001D_SnrPov","Asian (Non-Hispanic)",0,0,"Wayne","Wolcott town","New York"
"3611782689",2024,"B17001E_SnrPov","Pacific Islander (Non-Hispanic)",0,0,"Wayne","Wolcott town","New York"
"3611782689",2024,"B17001F_SnrPov","Other (Non-Hispanic)",0,0,"Wayne","Wolcott town","New York"
"3611782689",2024,"B17001G_SnrPov","Two or More Races (Non-Hispanic)",0,0,"Wayne","Wolcott town","New York"
"3611782689",2024,"B17001H_SnrPov","White (Non-Hispanic)",48.3568075117371,25.4038249370031,"Wayne","Wolcott town","New York"
"3611782689",2024,"B17001I_SnrPov","Hispanic or Latino (Any Race)",0,0,"Wayne","Wolcott town","New York"
"3612304594",2017,"B17001B_SnrPov","Black (Non-Hispanic)",0,0,"Yates","Barrington town","New York"
"3612304594",2017,"B17001C_SnrPov","Native American (Non-Hispanic)",0,0,"Yates","Barrington town","New York"
"3612304594",2017,"B17001D_SnrPov","Asian (Non-Hispanic)",0,0,"Yates","Barrington town","New York"
"3612304594",2017,"B17001E_SnrPov","Pacific Islander (Non-Hispanic)",0,0,"Yates","Barrington town","New York"
"3612304594",2017,"B17001F_SnrPov","Other (Non-Hispanic)",0,0,"Yates","Barrington town","New York"
"3612304594",2017,"B17001G_SnrPov","Two or More Races (Non-Hispanic)",0,0,"Yates","Barrington town","New York"
"3612304594",2017,"B17001H_SnrPov","White (Non-Hispanic)",40.7407407407407,15.967690983296,"Yates","Barrington town","New York"
"3612304594",2017,"B17001I_SnrPov","Hispanic or Latino (Any Race)",0,0,"Yates","Barrington town","New York"
"3612304594",2018,"B17001B_SnrPov","Black (Non-Hispanic)",0,0,"Yates","Barrington town","New York"
"3612304594",2018,"B17001C_SnrPov","Native American (Non-Hispanic)",0,0,"Yates","Barrington town","New York"
"3612304594",2018,"B17001D_SnrPov","Asian (Non-Hispanic)",0,0,"Yates","Barrington town","New York"
"3612304594",2018,"B17001E_SnrPov","Pacific Islander (Non-Hispanic)",0,0,"Yates","Barrington town","New York"
"3612304594",2018,"B17001F_SnrPov","Other (Non-Hispanic)",0,0,"Yates","Barrington town","New York"
"3612304594",2018,"B17001G_SnrPov","Two or More Races (Non-Hispanic)",0,0,"Yates","Barrington town","New York"
"3612304594",2018,"B17001H_SnrPov","White (Non-Hispanic)",45,28.193527626035,"Yates","Barrington town","New York"
"3612304594",2018,"B17001I_SnrPov","Hispanic or Latino (Any Race)",0,0,"Yates","Barrington town","New York"
"3612304594",2019,"B17001B_SnrPov","Black (Non-Hispanic)",0,0,"Yates","Barrington town","New York"
"3612304594",2019,"B17001C_SnrPov","Native American (Non-Hispanic)",0,0,"Yates","Barrington town","New York"
"3612304594",2019,"B17001D_SnrPov","Asian (Non-Hispanic)",0,0,"Yates","Barrington town","New York"
"3612304594",2019,"B17001E_SnrPov","Pacific Islander (Non-Hispanic)",0,0,"Yates","Barrington town","New York"
"3612304594",2019,"B17001F_SnrPov","Other (Non-Hispanic)",0,0,"Yates","Barrington town","New York"
"3612304594",2019,"B17001G_SnrPov","Two or More Races (Non-Hispanic)",0,0,"Yates","Barrington town","New York"
"3612304594",2019,"B17001H_SnrPov","White (Non-Hispanic)",40,50.4190440210839,"Yates","Barrington town","New York"
"3612304594",2019,"B17001I_SnrPov","Hispanic or Latino (Any Race)",0,0,"Yates","Barrington town","New York"
"3612304594",2020,"B17001B_SnrPov","Black (Non-Hispanic)",0,0,"Yates","Barrington town","New York"
"3612304594",2020,"B17001C_SnrPov","Native American (Non-Hispanic)",0,0,"Yates","Barrington town","New York"
"3612304594",2020,"B17001D_SnrPov","Asian (Non-Hispanic)",0,0,"Yates","Barrington town","New York"
"3612304594",2020,"B17001E_SnrPov","Pacific Islander (Non-Hispanic)",0,0,"Yates","Barrington town","New York"
"3612304594",2020,"B17001F_SnrPov","Other (Non-Hispanic)",0,0,"Yates","Barrington town","New York"
"3612304594",2020,"B17001G_SnrPov","Two or More Races (Non-Hispanic)",100,833.999733546454,"Yates","Barrington town","New York"
"3612304594",2020,"B17001H_SnrPov","White (Non-Hispanic)",45.4545454545455,51.4458661073915,"Yates","Barrington town","New York"
"3612304594",2020,"B17001I_SnrPov","Hispanic or Latino (Any Race)",0,0,"Yates","Barrington town","New York"
"3612304594",2021,"B17001B_SnrPov","Black (Non-Hispanic)",0,0,"Yates","Barrington town","New York"
"3612304594",2021,"B17001C_SnrPov","Native American (Non-Hispanic)",0,0,"Yates","Barrington town","New York"
"3612304594",2021,"B17001D_SnrPov","Asian (Non-Hispanic)",0,0,"Yates","Barrington town","New York"
"3612304594",2021,"B17001E_SnrPov","Pacific Islander (Non-Hispanic)",0,0,"Yates","Barrington town","New York"
"3612304594",2021,"B17001F_SnrPov","Other (Non-Hispanic)",0,0,"Yates","Barrington town","New York"
"3612304594",2021,"B17001G_SnrPov","Two or More Races (Non-Hispanic)",100,556.417109729742,"Yates","Barrington town","New York"
"3612304594",2021,"B17001H_SnrPov","White (Non-Hispanic)",66.6666666666667,41.5043133263443,"Yates","Barrington town","New York"
"3612304594",2021,"B17001I_SnrPov","Hispanic or Latino (Any Race)",0,0,"Yates","Barrington town","New York"
"3612304594",2022,"B17001B_SnrPov","Black (Non-Hispanic)",0,0,"Yates","Barrington town","New York"
"3612304594",2022,"B17001C_SnrPov","Native American (Non-Hispanic)",0,0,"Yates","Barrington town","New York"
"3612304594",2022,"B17001D_SnrPov","Asian (Non-Hispanic)",0,0,"Yates","Barrington town","New York"
"3612304594",2022,"B17001E_SnrPov","Pacific Islander (Non-Hispanic)",0,0,"Yates","Barrington town","New York"
"3612304594",2022,"B17001F_SnrPov","Other (Non-Hispanic)",0,0,"Yates","Barrington town","New York"
"3612304594",2022,"B17001G_SnrPov","Two or More Races (Non-Hispanic)",100,556.417109729742,"Yates","Barrington town","New York"
"3612304594",2022,"B17001H_SnrPov","White (Non-Hispanic)",52.3809523809524,25.7873581320197,"Yates","Barrington town","New York"
"3612304594",2022,"B17001I_SnrPov","Hispanic or Latino (Any Race)",0,0,"Yates","Barrington town","New York"
"3612304594",2023,"B17001B_SnrPov","Black (Non-Hispanic)",0,0,"Yates","Barrington town","New York"
"3612304594",2023,"B17001C_SnrPov","Native American (Non-Hispanic)",0,0,"Yates","Barrington town","New York"
"3612304594",2023,"B17001D_SnrPov","Asian (Non-Hispanic)",0,0,"Yates","Barrington town","New York"
"3612304594",2023,"B17001E_SnrPov","Pacific Islander (Non-Hispanic)",0,0,"Yates","Barrington town","New York"
"3612304594",2023,"B17001F_SnrPov","Other (Non-Hispanic)",0,0,"Yates","Barrington town","New York"
"3612304594",2023,"B17001G_SnrPov","Two or More Races (Non-Hispanic)",100,556.417109729742,"Yates","Barrington town","New York"
"3612304594",2023,"B17001H_SnrPov","White (Non-Hispanic)",51.219512195122,30.3154542826649,"Yates","Barrington town","New York"
"3612304594",2023,"B17001I_SnrPov","Hispanic or Latino (Any Race)",0,0,"Yates","Barrington town","New York"
"3612304594",2024,"B17001B_SnrPov","Black (Non-Hispanic)",0,0,"Yates","Barrington town","New York"
"3612304594",2024,"B17001C_SnrPov","Native American (Non-Hispanic)",0,0,"Yates","Barrington town","New York"
"3612304594",2024,"B17001D_SnrPov","Asian (Non-Hispanic)",0,0,"Yates","Barrington town","New York"
"3612304594",2024,"B17001E_SnrPov","Pacific Islander (Non-Hispanic)",0,0,"Yates","Barrington town","New York"
"3612304594",2024,"B17001F_SnrPov","Other (Non-Hispanic)",0,0,"Yates","Barrington town","New York"
"3612304594",2024,"B17001G_SnrPov","Two or More Races (Non-Hispanic)",100,503.322295684717,"Yates","Barrington town","New York"
"3612304594",2024,"B17001H_SnrPov","White (Non-Hispanic)",48.4848484848485,23.5780058333584,"Yates","Barrington town","New York"
"3612304594",2024,"B17001I_SnrPov","Hispanic or Latino (Any Race)",0,0,"Yates","Barrington town","New York"
"3612306002",2017,"B17001B_SnrPov","Black (Non-Hispanic)",0,0,"Yates","Benton town","New York"
"3612306002",2017,"B17001C_SnrPov","Native American (Non-Hispanic)",0,0,"Yates","Benton town","New York"
"3612306002",2017,"B17001D_SnrPov","Asian (Non-Hispanic)",0,0,"Yates","Benton town","New York"
"3612306002",2017,"B17001E_SnrPov","Pacific Islander (Non-Hispanic)",0,0,"Yates","Benton town","New York"
"3612306002",2017,"B17001F_SnrPov","Other (Non-Hispanic)",0,0,"Yates","Benton town","New York"
"3612306002",2017,"B17001G_SnrPov","Two or More Races (Non-Hispanic)",0,0,"Yates","Benton town","New York"
"3612306002",2017,"B17001H_SnrPov","White (Non-Hispanic)",71.4285714285714,118.758151477168,"Yates","Benton town","New York"
"3612306002",2017,"B17001I_SnrPov","Hispanic or Latino (Any Race)",0,0,"Yates","Benton town","New York"
"3612306002",2018,"B17001B_SnrPov","Black (Non-Hispanic)",0,0,"Yates","Benton town","New York"
"3612306002",2018,"B17001C_SnrPov","Native American (Non-Hispanic)",0,0,"Yates","Benton town","New York"
"3612306002",2018,"B17001D_SnrPov","Asian (Non-Hispanic)",0,0,"Yates","Benton town","New York"
"3612306002",2018,"B17001E_SnrPov","Pacific Islander (Non-Hispanic)",0,0,"Yates","Benton town","New York"
"3612306002",2018,"B17001F_SnrPov","Other (Non-Hispanic)",0,0,"Yates","Benton town","New York"
"3612306002",2018,"B17001G_SnrPov","Two or More Races (Non-Hispanic)",0,0,"Yates","Benton town","New York"
"3612306002",2018,"B17001H_SnrPov","White (Non-Hispanic)",58.3333333333333,31.8044941598736,"Yates","Benton town","New York"
"3612306002",2018,"B17001I_SnrPov","Hispanic or Latino (Any Race)",0,0,"Yates","Benton town","New York"
"3612306002",2019,"B17001B_SnrPov","Black (Non-Hispanic)",0,0,"Yates","Benton town","New York"
"3612306002",2019,"B17001C_SnrPov","Native American (Non-Hispanic)",0,0,"Yates","Benton town","New York"
"3612306002",2019,"B17001D_SnrPov","Asian (Non-Hispanic)",0,0,"Yates","Benton town","New York"
"3612306002",2019,"B17001E_SnrPov","Pacific Islander (Non-Hispanic)",0,0,"Yates","Benton town","New York"
"3612306002",2019,"B17001F_SnrPov","Other (Non-Hispanic)",0,0,"Yates","Benton town","New York"
"3612306002",2019,"B17001G_SnrPov","Two or More Races (Non-Hispanic)",0,0,"Yates","Benton town","New York"
"3612306002",2019,"B17001H_SnrPov","White (Non-Hispanic)",65.2173913043478,20.9514570926237,"Yates","Benton town","New York"
"3612306002",2019,"B17001I_SnrPov","Hispanic or Latino (Any Race)",0,0,"Yates","Benton town","New York"
"3612306002",2020,"B17001B_SnrPov","Black (Non-Hispanic)",0,0,"Yates","Benton town","New York"
"3612306002",2020,"B17001C_SnrPov","Native American (Non-Hispanic)",0,0,"Yates","Benton town","New York"
"3612306002",2020,"B17001D_SnrPov","Asian (Non-Hispanic)",0,0,"Yates","Benton town","New York"
"3612306002",2020,"B17001E_SnrPov","Pacific Islander (Non-Hispanic)",0,0,"Yates","Benton town","New York"
"3612306002",2020,"B17001F_SnrPov","Other (Non-Hispanic)",0,0,"Yates","Benton town","New York"
"3612306002",2020,"B17001G_SnrPov","Two or More Races (Non-Hispanic)",0,0,"Yates","Benton town","New York"
"3612306002",2020,"B17001H_SnrPov","White (Non-Hispanic)",38.4615384615385,92.2906219992139,"Yates","Benton town","New York"
"3612306002",2020,"B17001I_SnrPov","Hispanic or Latino (Any Race)",0,0,"Yates","Benton town","New York"
"3612306002",2021,"B17001B_SnrPov","Black (Non-Hispanic)",0,0,"Yates","Benton town","New York"
"3612306002",2021,"B17001C_SnrPov","Native American (Non-Hispanic)",0,0,"Yates","Benton town","New York"
"3612306002",2021,"B17001D_SnrPov","Asian (Non-Hispanic)",0,0,"Yates","Benton town","New York"
"3612306002",2021,"B17001E_SnrPov","Pacific Islander (Non-Hispanic)",0,0,"Yates","Benton town","New York"
"3612306002",2021,"B17001F_SnrPov","Other (Non-Hispanic)",0,0,"Yates","Benton town","New York"
"3612306002",2021,"B17001G_SnrPov","Two or More Races (Non-Hispanic)",0,0,"Yates","Benton town","New York"
"3612306002",2021,"B17001H_SnrPov","White (Non-Hispanic)",19.2307692307692,52.8145872267098,"Yates","Benton town","New York"
"3612306002",2021,"B17001I_SnrPov","Hispanic or Latino (Any Race)",0,0,"Yates","Benton town","New York"
"3612306002",2022,"B17001B_SnrPov","Black (Non-Hispanic)",0,0,"Yates","Benton town","New York"
"3612306002",2022,"B17001C_SnrPov","Native American (Non-Hispanic)",0,0,"Yates","Benton town","New York"
"3612306002",2022,"B17001D_SnrPov","Asian (Non-Hispanic)",0,0,"Yates","Benton town","New York"
"3612306002",2022,"B17001E_SnrPov","Pacific Islander (Non-Hispanic)",0,0,"Yates","Benton town","New York"
"3612306002",2022,"B17001F_SnrPov","Other (Non-Hispanic)",0,0,"Yates","Benton town","New York"
"3612306002",2022,"B17001G_SnrPov","Two or More Races (Non-Hispanic)",0,612.825877028341,"Yates","Benton town","New York"
"3612306002",2022,"B17001H_SnrPov","White (Non-Hispanic)",20.9302325581395,34.6875471355693,"Yates","Benton town","New York"
"3612306002",2022,"B17001I_SnrPov","Hispanic or Latino (Any Race)",0,0,"Yates","Benton town","New York"
"3612306002",2023,"B17001B_SnrPov","Black (Non-Hispanic)",0,0,"Yates","Benton town","New York"
"3612306002",2023,"B17001C_SnrPov","Native American (Non-Hispanic)",0,0,"Yates","Benton town","New York"
"3612306002",2023,"B17001D_SnrPov","Asian (Non-Hispanic)",0,0,"Yates","Benton town","New York"
"3612306002",2023,"B17001E_SnrPov","Pacific Islander (Non-Hispanic)",0,0,"Yates","Benton town","New York"
"3612306002",2023,"B17001F_SnrPov","Other (Non-Hispanic)",0,0,"Yates","Benton town","New York"
"3612306002",2023,"B17001G_SnrPov","Two or More Races (Non-Hispanic)",0,919.238815542512,"Yates","Benton town","New York"
"3612306002",2023,"B17001H_SnrPov","White (Non-Hispanic)",13.3333333333333,47.1414996330656,"Yates","Benton town","New York"
"3612306002",2023,"B17001I_SnrPov","Hispanic or Latino (Any Race)",0,0,"Yates","Benton town","New York"
"3612306002",2024,"B17001B_SnrPov","Black (Non-Hispanic)",0,0,"Yates","Benton town","New York"
"3612306002",2024,"B17001C_SnrPov","Native American (Non-Hispanic)",0,0,"Yates","Benton town","New York"
"3612306002",2024,"B17001D_SnrPov","Asian (Non-Hispanic)",0,0,"Yates","Benton town","New York"
"3612306002",2024,"B17001E_SnrPov","Pacific Islander (Non-Hispanic)",0,0,"Yates","Benton town","New York"
"3612306002",2024,"B17001F_SnrPov","Other (Non-Hispanic)",0,0,"Yates","Benton town","New York"
"3612306002",2024,"B17001G_SnrPov","Two or More Races (Non-Hispanic)",0,1979.89898732233,"Yates","Benton town","New York"
"3612306002",2024,"B17001H_SnrPov","White (Non-Hispanic)",14.8148148148148,53.6672078679707,"Yates","Benton town","New York"
"3612306002",2024,"B17001I_SnrPov","Hispanic or Latino (Any Race)",0,0,"Yates","Benton town","New York"
"3612338044",2017,"B17001B_SnrPov","Black (Non-Hispanic)",0,0,"Yates","Italy town","New York"
"3612338044",2017,"B17001C_SnrPov","Native American (Non-Hispanic)",0,0,"Yates","Italy town","New York"
"3612338044",2017,"B17001D_SnrPov","Asian (Non-Hispanic)",0,0,"Yates","Italy town","New York"
"3612338044",2017,"B17001E_SnrPov","Pacific Islander (Non-Hispanic)",0,0,"Yates","Italy town","New York"
"3612338044",2017,"B17001F_SnrPov","Other (Non-Hispanic)",0,0,"Yates","Italy town","New York"
"3612338044",2017,"B17001G_SnrPov","Two or More Races (Non-Hispanic)",0,0,"Yates","Italy town","New York"
"3612338044",2017,"B17001H_SnrPov","White (Non-Hispanic)",33.3333333333333,19.8684900486803,"Yates","Italy town","New York"
"3612338044",2017,"B17001I_SnrPov","Hispanic or Latino (Any Race)",0,0,"Yates","Italy town","New York"
"3612338044",2018,"B17001B_SnrPov","Black (Non-Hispanic)",0,0,"Yates","Italy town","New York"
"3612338044",2018,"B17001C_SnrPov","Native American (Non-Hispanic)",0,0,"Yates","Italy town","New York"
"3612338044",2018,"B17001D_SnrPov","Asian (Non-Hispanic)",0,0,"Yates","Italy town","New York"
"3612338044",2018,"B17001E_SnrPov","Pacific Islander (Non-Hispanic)",0,0,"Yates","Italy town","New York"
"3612338044",2018,"B17001F_SnrPov","Other (Non-Hispanic)",0,0,"Yates","Italy town","New York"
"3612338044",2018,"B17001G_SnrPov","Two or More Races (Non-Hispanic)",0,0,"Yates","Italy town","New York"
"3612338044",2018,"B17001H_SnrPov","White (Non-Hispanic)",28.5714285714286,12.7958532693719,"Yates","Italy town","New York"
"3612338044",2018,"B17001I_SnrPov","Hispanic or Latino (Any Race)",0,0,"Yates","Italy town","New York"
"3612338044",2019,"B17001B_SnrPov","Black (Non-Hispanic)",0,0,"Yates","Italy town","New York"
"3612338044",2019,"B17001C_SnrPov","Native American (Non-Hispanic)",0,0,"Yates","Italy town","New York"
"3612338044",2019,"B17001D_SnrPov","Asian (Non-Hispanic)",0,0,"Yates","Italy town","New York"
"3612338044",2019,"B17001E_SnrPov","Pacific Islander (Non-Hispanic)",0,0,"Yates","Italy town","New York"
"3612338044",2019,"B17001F_SnrPov","Other (Non-Hispanic)",0,0,"Yates","Italy town","New York"
"3612338044",2019,"B17001G_SnrPov","Two or More Races (Non-Hispanic)",0,0,"Yates","Italy town","New York"
"3612338044",2019,"B17001H_SnrPov","White (Non-Hispanic)",46.875,23.4864803951665,"Yates","Italy town","New York"
"3612338044",2019,"B17001I_SnrPov","Hispanic or Latino (Any Race)",0,0,"Yates","Italy town","New York"
"3612338044",2020,"B17001B_SnrPov","Black (Non-Hispanic)",0,0,"Yates","Italy town","New York"
"3612338044",2020,"B17001C_SnrPov","Native American (Non-Hispanic)",0,0,"Yates","Italy town","New York"
"3612338044",2020,"B17001D_SnrPov","Asian (Non-Hispanic)",0,0,"Yates","Italy town","New York"
"3612338044",2020,"B17001E_SnrPov","Pacific Islander (Non-Hispanic)",0,0,"Yates","Italy town","New York"
"3612338044",2020,"B17001F_SnrPov","Other (Non-Hispanic)",0,0,"Yates","Italy town","New York"
"3612338044",2020,"B17001G_SnrPov","Two or More Races (Non-Hispanic)",0,0,"Yates","Italy town","New York"
"3612338044",2020,"B17001H_SnrPov","White (Non-Hispanic)",42.4242424242424,23.2578974139834,"Yates","Italy town","New York"
"3612338044",2020,"B17001I_SnrPov","Hispanic or Latino (Any Race)",0,0,"Yates","Italy town","New York"
"3612338044",2021,"B17001B_SnrPov","Black (Non-Hispanic)",0,0,"Yates","Italy town","New York"
"3612338044",2021,"B17001C_SnrPov","Native American (Non-Hispanic)",0,0,"Yates","Italy town","New York"
"3612338044",2021,"B17001D_SnrPov","Asian (Non-Hispanic)",0,0,"Yates","Italy town","New York"
"3612338044",2021,"B17001E_SnrPov","Pacific Islander (Non-Hispanic)",0,0,"Yates","Italy town","New York"
"3612338044",2021,"B17001F_SnrPov","Other (Non-Hispanic)",0,0,"Yates","Italy town","New York"
"3612338044",2021,"B17001G_SnrPov","Two or More Races (Non-Hispanic)",0,612.825877028341,"Yates","Italy town","New York"
"3612338044",2021,"B17001H_SnrPov","White (Non-Hispanic)",36.8421052631579,20.3511578860979,"Yates","Italy town","New York"
"3612338044",2021,"B17001I_SnrPov","Hispanic or Latino (Any Race)",0,0,"Yates","Italy town","New York"
"3612338044",2022,"B17001B_SnrPov","Black (Non-Hispanic)",0,0,"Yates","Italy town","New York"
"3612338044",2022,"B17001C_SnrPov","Native American (Non-Hispanic)",0,0,"Yates","Italy town","New York"
"3612338044",2022,"B17001D_SnrPov","Asian (Non-Hispanic)",0,0,"Yates","Italy town","New York"
"3612338044",2022,"B17001E_SnrPov","Pacific Islander (Non-Hispanic)",0,0,"Yates","Italy town","New York"
"3612338044",2022,"B17001F_SnrPov","Other (Non-Hispanic)",0,0,"Yates","Italy town","New York"
"3612338044",2022,"B17001G_SnrPov","Two or More Races (Non-Hispanic)",0,306.412938514171,"Yates","Italy town","New York"
"3612338044",2022,"B17001H_SnrPov","White (Non-Hispanic)",41.9354838709677,18.0795072473283,"Yates","Italy town","New York"
"3612338044",2022,"B17001I_SnrPov","Hispanic or Latino (Any Race)",0,0,"Yates","Italy town","New York"
"3612338044",2023,"B17001B_SnrPov","Black (Non-Hispanic)",0,0,"Yates","Italy town","New York"
"3612338044",2023,"B17001C_SnrPov","Native American (Non-Hispanic)",0,0,"Yates","Italy town","New York"
"3612338044",2023,"B17001D_SnrPov","Asian (Non-Hispanic)",0,0,"Yates","Italy town","New York"
"3612338044",2023,"B17001E_SnrPov","Pacific Islander (Non-Hispanic)",0,0,"Yates","Italy town","New York"
"3612338044",2023,"B17001F_SnrPov","Other (Non-Hispanic)",0,0,"Yates","Italy town","New York"
"3612338044",2023,"B17001G_SnrPov","Two or More Races (Non-Hispanic)",0,367.695526217005,"Yates","Italy town","New York"
"3612338044",2023,"B17001H_SnrPov","White (Non-Hispanic)",53.3333333333333,21.6281075060569,"Yates","Italy town","New York"
"3612338044",2023,"B17001I_SnrPov","Hispanic or Latino (Any Race)",0,0,"Yates","Italy town","New York"
"3612338044",2024,"B17001B_SnrPov","Black (Non-Hispanic)",0,0,"Yates","Italy town","New York"
"3612338044",2024,"B17001C_SnrPov","Native American (Non-Hispanic)",0,0,"Yates","Italy town","New York"
"3612338044",2024,"B17001D_SnrPov","Asian (Non-Hispanic)",0,0,"Yates","Italy town","New York"
"3612338044",2024,"B17001E_SnrPov","Pacific Islander (Non-Hispanic)",0,0,"Yates","Italy town","New York"
"3612338044",2024,"B17001F_SnrPov","Other (Non-Hispanic)",0,0,"Yates","Italy town","New York"
"3612338044",2024,"B17001G_SnrPov","Two or More Races (Non-Hispanic)",0,494.974746830583,"Yates","Italy town","New York"
"3612338044",2024,"B17001H_SnrPov","White (Non-Hispanic)",72.5,28.6614805749808,"Yates","Italy town","New York"
"3612338044",2024,"B17001I_SnrPov","Hispanic or Latino (Any Race)",0,0,"Yates","Italy town","New York"
"3612338583",2017,"B17001B_SnrPov","Black (Non-Hispanic)",0,0,"Yates","Jerusalem town","New York"
"3612338583",2017,"B17001C_SnrPov","Native American (Non-Hispanic)",0,0,"Yates","Jerusalem town","New York"
"3612338583",2017,"B17001D_SnrPov","Asian (Non-Hispanic)",0,0,"Yates","Jerusalem town","New York"
"3612338583",2017,"B17001E_SnrPov","Pacific Islander (Non-Hispanic)",0,0,"Yates","Jerusalem town","New York"
"3612338583",2017,"B17001F_SnrPov","Other (Non-Hispanic)",0,0,"Yates","Jerusalem town","New York"
"3612338583",2017,"B17001G_SnrPov","Two or More Races (Non-Hispanic)",0,259.272486435067,"Yates","Jerusalem town","New York"
"3612338583",2017,"B17001H_SnrPov","White (Non-Hispanic)",44.8275862068966,24.0030895090069,"Yates","Jerusalem town","New York"
"3612338583",2017,"B17001I_SnrPov","Hispanic or Latino (Any Race)",0,0,"Yates","Jerusalem town","New York"
"3612338583",2018,"B17001B_SnrPov","Black (Non-Hispanic)",0,0,"Yates","Jerusalem town","New York"
"3612338583",2018,"B17001C_SnrPov","Native American (Non-Hispanic)",0,0,"Yates","Jerusalem town","New York"
"3612338583",2018,"B17001D_SnrPov","Asian (Non-Hispanic)",0,0,"Yates","Jerusalem town","New York"
"3612338583",2018,"B17001E_SnrPov","Pacific Islander (Non-Hispanic)",0,0,"Yates","Jerusalem town","New York"
"3612338583",2018,"B17001F_SnrPov","Other (Non-Hispanic)",0,0,"Yates","Jerusalem town","New York"
"3612338583",2018,"B17001G_SnrPov","Two or More Races (Non-Hispanic)",0,282.842712474619,"Yates","Jerusalem town","New York"
"3612338583",2018,"B17001H_SnrPov","White (Non-Hispanic)",42.8571428571429,25.47489620065,"Yates","Jerusalem town","New York"
"3612338583",2018,"B17001I_SnrPov","Hispanic or Latino (Any Race)",0,0,"Yates","Jerusalem town","New York"
"3612338583",2019,"B17001B_SnrPov","Black (Non-Hispanic)",0,0,"Yates","Jerusalem town","New York"
"3612338583",2019,"B17001C_SnrPov","Native American (Non-Hispanic)",0,0,"Yates","Jerusalem town","New York"
"3612338583",2019,"B17001D_SnrPov","Asian (Non-Hispanic)",0,0,"Yates","Jerusalem town","New York"
"3612338583",2019,"B17001E_SnrPov","Pacific Islander (Non-Hispanic)",0,0,"Yates","Jerusalem town","New York"
"3612338583",2019,"B17001F_SnrPov","Other (Non-Hispanic)",0,0,"Yates","Jerusalem town","New York"
"3612338583",2019,"B17001G_SnrPov","Two or More Races (Non-Hispanic)",0,99.8268396969244,"Yates","Jerusalem town","New York"
"3612338583",2019,"B17001H_SnrPov","White (Non-Hispanic)",48.062015503876,23.5486887604719,"Yates","Jerusalem town","New York"
"3612338583",2019,"B17001I_SnrPov","Hispanic or Latino (Any Race)",0,0,"Yates","Jerusalem town","New York"
"3612338583",2020,"B17001B_SnrPov","Black (Non-Hispanic)",0,0,"Yates","Jerusalem town","New York"
"3612338583",2020,"B17001C_SnrPov","Native American (Non-Hispanic)",0,0,"Yates","Jerusalem town","New York"
"3612338583",2020,"B17001D_SnrPov","Asian (Non-Hispanic)",0,0,"Yates","Jerusalem town","New York"
"3612338583",2020,"B17001E_SnrPov","Pacific Islander (Non-Hispanic)",0,0,"Yates","Jerusalem town","New York"
"3612338583",2020,"B17001F_SnrPov","Other (Non-Hispanic)",0,0,"Yates","Jerusalem town","New York"
"3612338583",2020,"B17001G_SnrPov","Two or More Races (Non-Hispanic)",0,113.137084989848,"Yates","Jerusalem town","New York"
"3612338583",2020,"B17001H_SnrPov","White (Non-Hispanic)",47.8571428571429,20.1791287107958,"Yates","Jerusalem town","New York"
"3612338583",2020,"B17001I_SnrPov","Hispanic or Latino (Any Race)",0,0,"Yates","Jerusalem town","New York"
"3612338583",2021,"B17001B_SnrPov","Black (Non-Hispanic)",0,0,"Yates","Jerusalem town","New York"
"3612338583",2021,"B17001C_SnrPov","Native American (Non-Hispanic)",0,0,"Yates","Jerusalem town","New York"
"3612338583",2021,"B17001D_SnrPov","Asian (Non-Hispanic)",100,197.125599006296,"Yates","Jerusalem town","New York"
"3612338583",2021,"B17001E_SnrPov","Pacific Islander (Non-Hispanic)",0,0,"Yates","Jerusalem town","New York"
"3612338583",2021,"B17001F_SnrPov","Other (Non-Hispanic)",0,0,"Yates","Jerusalem town","New York"
"3612338583",2021,"B17001G_SnrPov","Two or More Races (Non-Hispanic)",0,0,"Yates","Jerusalem town","New York"
"3612338583",2021,"B17001H_SnrPov","White (Non-Hispanic)",54.1666666666667,46.9294629591503,"Yates","Jerusalem town","New York"
"3612338583",2021,"B17001I_SnrPov","Hispanic or Latino (Any Race)",0,0,"Yates","Jerusalem town","New York"
"3612338583",2022,"B17001B_SnrPov","Black (Non-Hispanic)",0,0,"Yates","Jerusalem town","New York"
"3612338583",2022,"B17001C_SnrPov","Native American (Non-Hispanic)",0,0,"Yates","Jerusalem town","New York"
"3612338583",2022,"B17001D_SnrPov","Asian (Non-Hispanic)",100,131.077993741182,"Yates","Jerusalem town","New York"
"3612338583",2022,"B17001E_SnrPov","Pacific Islander (Non-Hispanic)",0,0,"Yates","Jerusalem town","New York"
"3612338583",2022,"B17001F_SnrPov","Other (Non-Hispanic)",0,0,"Yates","Jerusalem town","New York"
"3612338583",2022,"B17001G_SnrPov","Two or More Races (Non-Hispanic)",0,0,"Yates","Jerusalem town","New York"
"3612338583",2022,"B17001H_SnrPov","White (Non-Hispanic)",100,158.623107782506,"Yates","Jerusalem town","New York"
"3612338583",2022,"B17001I_SnrPov","Hispanic or Latino (Any Race)",0,0,"Yates","Jerusalem town","New York"
"3612338583",2023,"B17001B_SnrPov","Black (Non-Hispanic)",0,0,"Yates","Jerusalem town","New York"
"3612338583",2023,"B17001C_SnrPov","Native American (Non-Hispanic)",0,0,"Yates","Jerusalem town","New York"
"3612338583",2023,"B17001D_SnrPov","Asian (Non-Hispanic)",100,127.528293651833,"Yates","Jerusalem town","New York"
"3612338583",2023,"B17001E_SnrPov","Pacific Islander (Non-Hispanic)",0,0,"Yates","Jerusalem town","New York"
"3612338583",2023,"B17001F_SnrPov","Other (Non-Hispanic)",0,0,"Yates","Jerusalem town","New York"
"3612338583",2023,"B17001G_SnrPov","Two or More Races (Non-Hispanic)",0,0,"Yates","Jerusalem town","New York"
"3612338583",2023,"B17001H_SnrPov","White (Non-Hispanic)",76.9230769230769,37.5484597675525,"Yates","Jerusalem town","New York"
"3612338583",2023,"B17001I_SnrPov","Hispanic or Latino (Any Race)",0,0,"Yates","Jerusalem town","New York"
"3612338583",2024,"B17001B_SnrPov","Black (Non-Hispanic)",0,0,"Yates","Jerusalem town","New York"
"3612338583",2024,"B17001C_SnrPov","Native American (Non-Hispanic)",0,0,"Yates","Jerusalem town","New York"
"3612338583",2024,"B17001D_SnrPov","Asian (Non-Hispanic)",100,209.284495364563,"Yates","Jerusalem town","New York"
"3612338583",2024,"B17001E_SnrPov","Pacific Islander (Non-Hispanic)",0,0,"Yates","Jerusalem town","New York"
"3612338583",2024,"B17001F_SnrPov","Other (Non-Hispanic)",0,0,"Yates","Jerusalem town","New York"
"3612338583",2024,"B17001G_SnrPov","Two or More Races (Non-Hispanic)",0,0,"Yates","Jerusalem town","New York"
"3612338583",2024,"B17001H_SnrPov","White (Non-Hispanic)",63.1578947368421,46.5975406099212,"Yates","Jerusalem town","New York"
"3612338583",2024,"B17001I_SnrPov","Hispanic or Latino (Any Race)",0,0,"Yates","Jerusalem town","New York"
"3612347020",2017,"B17001B_SnrPov","Black (Non-Hispanic)",0,0,"Yates","Middlesex town","New York"
"3612347020",2017,"B17001C_SnrPov","Native American (Non-Hispanic)",0,0,"Yates","Middlesex town","New York"
"3612347020",2017,"B17001D_SnrPov","Asian (Non-Hispanic)",0,0,"Yates","Middlesex town","New York"
"3612347020",2017,"B17001E_SnrPov","Pacific Islander (Non-Hispanic)",100,1120.2678251204,"Yates","Middlesex town","New York"
"3612347020",2017,"B17001F_SnrPov","Other (Non-Hispanic)",0,0,"Yates","Middlesex town","New York"
"3612347020",2017,"B17001G_SnrPov","Two or More Races (Non-Hispanic)",0,0,"Yates","Middlesex town","New York"
"3612347020",2017,"B17001H_SnrPov","White (Non-Hispanic)",38.4615384615385,24.2729798295487,"Yates","Middlesex town","New York"
"3612347020",2017,"B17001I_SnrPov","Hispanic or Latino (Any Race)",0,0,"Yates","Middlesex town","New York"
"3612347020",2018,"B17001B_SnrPov","Black (Non-Hispanic)",0,0,"Yates","Middlesex town","New York"
"3612347020",2018,"B17001C_SnrPov","Native American (Non-Hispanic)",0,0,"Yates","Middlesex town","New York"
"3612347020",2018,"B17001D_SnrPov","Asian (Non-Hispanic)",0,0,"Yates","Middlesex town","New York"
"3612347020",2018,"B17001E_SnrPov","Pacific Islander (Non-Hispanic)",100,2416.60919471891,"Yates","Middlesex town","New York"
"3612347020",2018,"B17001F_SnrPov","Other (Non-Hispanic)",0,0,"Yates","Middlesex town","New York"
"3612347020",2018,"B17001G_SnrPov","Two or More Races (Non-Hispanic)",0,0,"Yates","Middlesex town","New York"
"3612347020",2018,"B17001H_SnrPov","White (Non-Hispanic)",24,50.6257799939912,"Yates","Middlesex town","New York"
"3612347020",2018,"B17001I_SnrPov","Hispanic or Latino (Any Race)",0,0,"Yates","Middlesex town","New York"
"3612347020",2019,"B17001B_SnrPov","Black (Non-Hispanic)",0,565.685424949238,"Yates","Middlesex town","New York"
"3612347020",2019,"B17001C_SnrPov","Native American (Non-Hispanic)",0,0,"Yates","Middlesex town","New York"
"3612347020",2019,"B17001D_SnrPov","Asian (Non-Hispanic)",0,0,"Yates","Middlesex town","New York"
"3612347020",2019,"B17001E_SnrPov","Pacific Islander (Non-Hispanic)",0,0,"Yates","Middlesex town","New York"
"3612347020",2019,"B17001F_SnrPov","Other (Non-Hispanic)",0,0,"Yates","Middlesex town","New York"
"3612347020",2019,"B17001G_SnrPov","Two or More Races (Non-Hispanic)",0,0,"Yates","Middlesex town","New York"
"3612347020",2019,"B17001H_SnrPov","White (Non-Hispanic)",32.4324324324324,33.3717195283778,"Yates","Middlesex town","New York"
"3612347020",2019,"B17001I_SnrPov","Hispanic or Latino (Any Race)",0,0,"Yates","Middlesex town","New York"
"3612347020",2020,"B17001B_SnrPov","Black (Non-Hispanic)",0,339.411254969543,"Yates","Middlesex town","New York"
"3612347020",2020,"B17001C_SnrPov","Native American (Non-Hispanic)",0,0,"Yates","Middlesex town","New York"
"3612347020",2020,"B17001D_SnrPov","Asian (Non-Hispanic)",0,0,"Yates","Middlesex town","New York"
"3612347020",2020,"B17001E_SnrPov","Pacific Islander (Non-Hispanic)",0,0,"Yates","Middlesex town","New York"
"3612347020",2020,"B17001F_SnrPov","Other (Non-Hispanic)",0,0,"Yates","Middlesex town","New York"
"3612347020",2020,"B17001G_SnrPov","Two or More Races (Non-Hispanic)",0,0,"Yates","Middlesex town","New York"
"3612347020",2020,"B17001H_SnrPov","White (Non-Hispanic)",29.7297297297297,35.4878881000589,"Yates","Middlesex town","New York"
"3612347020",2020,"B17001I_SnrPov","Hispanic or Latino (Any Race)",0,0,"Yates","Middlesex town","New York"
"3612347020",2021,"B17001B_SnrPov","Black (Non-Hispanic)",0,306.412938514171,"Yates","Middlesex town","New York"
"3612347020",2021,"B17001C_SnrPov","Native American (Non-Hispanic)",0,0,"Yates","Middlesex town","New York"
"3612347020",2021,"B17001D_SnrPov","Asian (Non-Hispanic)",0,0,"Yates","Middlesex town","New York"
"3612347020",2021,"B17001E_SnrPov","Pacific Islander (Non-Hispanic)",0,0,"Yates","Middlesex town","New York"
"3612347020",2021,"B17001F_SnrPov","Other (Non-Hispanic)",0,0,"Yates","Middlesex town","New York"
"3612347020",2021,"B17001G_SnrPov","Two or More Races (Non-Hispanic)",0,0,"Yates","Middlesex town","New York"
"3612347020",2021,"B17001H_SnrPov","White (Non-Hispanic)",48.7179487179487,34.120957816686,"Yates","Middlesex town","New York"
"3612347020",2021,"B17001I_SnrPov","Hispanic or Latino (Any Race)",0,0,"Yates","Middlesex town","New York"
"3612347020",2022,"B17001B_SnrPov","Black (Non-Hispanic)",0,367.695526217005,"Yates","Middlesex town","New York"
"3612347020",2022,"B17001C_SnrPov","Native American (Non-Hispanic)",0,0,"Yates","Middlesex town","New York"
"3612347020",2022,"B17001D_SnrPov","Asian (Non-Hispanic)",0,0,"Yates","Middlesex town","New York"
"3612347020",2022,"B17001E_SnrPov","Pacific Islander (Non-Hispanic)",0,0,"Yates","Middlesex town","New York"
"3612347020",2022,"B17001F_SnrPov","Other (Non-Hispanic)",0,0,"Yates","Middlesex town","New York"
"3612347020",2022,"B17001G_SnrPov","Two or More Races (Non-Hispanic)",0,0,"Yates","Middlesex town","New York"
"3612347020",2022,"B17001H_SnrPov","White (Non-Hispanic)",69.811320754717,29.1487407932776,"Yates","Middlesex town","New York"
"3612347020",2022,"B17001I_SnrPov","Hispanic or Latino (Any Race)",0,0,"Yates","Middlesex town","New York"
"3612347020",2023,"B17001B_SnrPov","Black (Non-Hispanic)",0,204.27529234278,"Yates","Middlesex town","New York"
"3612347020",2023,"B17001C_SnrPov","Native American (Non-Hispanic)",0,0,"Yates","Middlesex town","New York"
"3612347020",2023,"B17001D_SnrPov","Asian (Non-Hispanic)",0,0,"Yates","Middlesex town","New York"
"3612347020",2023,"B17001E_SnrPov","Pacific Islander (Non-Hispanic)",0,0,"Yates","Middlesex town","New York"
"3612347020",2023,"B17001F_SnrPov","Other (Non-Hispanic)",0,0,"Yates","Middlesex town","New York"
"3612347020",2023,"B17001G_SnrPov","Two or More Races (Non-Hispanic)",0,0,"Yates","Middlesex town","New York"
"3612347020",2023,"B17001H_SnrPov","White (Non-Hispanic)",89.8550724637681,19.0631785045273,"Yates","Middlesex town","New York"
"3612347020",2023,"B17001I_SnrPov","Hispanic or Latino (Any Race)",0,0,"Yates","Middlesex town","New York"
"3612347020",2024,"B17001B_SnrPov","Black (Non-Hispanic)",0,0,"Yates","Middlesex town","New York"
"3612347020",2024,"B17001C_SnrPov","Native American (Non-Hispanic)",0,0,"Yates","Middlesex town","New York"
"3612347020",2024,"B17001D_SnrPov","Asian (Non-Hispanic)",0,0,"Yates","Middlesex town","New York"
"3612347020",2024,"B17001E_SnrPov","Pacific Islander (Non-Hispanic)",0,0,"Yates","Middlesex town","New York"
"3612347020",2024,"B17001F_SnrPov","Other (Non-Hispanic)",0,0,"Yates","Middlesex town","New York"
"3612347020",2024,"B17001G_SnrPov","Two or More Races (Non-Hispanic)",0,0,"Yates","Middlesex town","New York"
"3612347020",2024,"B17001H_SnrPov","White (Non-Hispanic)",81.3559322033898,24.0187846667258,"Yates","Middlesex town","New York"
"3612347020",2024,"B17001I_SnrPov","Hispanic or Latino (Any Race)",0,0,"Yates","Middlesex town","New York"
"3612347504",2017,"B17001B_SnrPov","Black (Non-Hispanic)",0,0,"Yates","Milo town","New York"
"3612347504",2017,"B17001C_SnrPov","Native American (Non-Hispanic)",0,0,"Yates","Milo town","New York"
"3612347504",2017,"B17001D_SnrPov","Asian (Non-Hispanic)",0,0,"Yates","Milo town","New York"
"3612347504",2017,"B17001E_SnrPov","Pacific Islander (Non-Hispanic)",0,0,"Yates","Milo town","New York"
"3612347504",2017,"B17001F_SnrPov","Other (Non-Hispanic)",0,0,"Yates","Milo town","New York"
"3612347504",2017,"B17001G_SnrPov","Two or More Races (Non-Hispanic)",0,0,"Yates","Milo town","New York"
"3612347504",2017,"B17001H_SnrPov","White (Non-Hispanic)",63.9344262295082,20.2307804088329,"Yates","Milo town","New York"
"3612347504",2017,"B17001I_SnrPov","Hispanic or Latino (Any Race)",0,0,"Yates","Milo town","New York"
"3612347504",2018,"B17001B_SnrPov","Black (Non-Hispanic)",0,0,"Yates","Milo town","New York"
"3612347504",2018,"B17001C_SnrPov","Native American (Non-Hispanic)",0,0,"Yates","Milo town","New York"
"3612347504",2018,"B17001D_SnrPov","Asian (Non-Hispanic)",0,0,"Yates","Milo town","New York"
"3612347504",2018,"B17001E_SnrPov","Pacific Islander (Non-Hispanic)",0,0,"Yates","Milo town","New York"
"3612347504",2018,"B17001F_SnrPov","Other (Non-Hispanic)",0,0,"Yates","Milo town","New York"
"3612347504",2018,"B17001G_SnrPov","Two or More Races (Non-Hispanic)",0,0,"Yates","Milo town","New York"
"3612347504",2018,"B17001H_SnrPov","White (Non-Hispanic)",64.7368421052632,23.7326956699552,"Yates","Milo town","New York"
"3612347504",2018,"B17001I_SnrPov","Hispanic or Latino (Any Race)",0,0,"Yates","Milo town","New York"
"3612347504",2019,"B17001B_SnrPov","Black (Non-Hispanic)",0,0,"Yates","Milo town","New York"
"3612347504",2019,"B17001C_SnrPov","Native American (Non-Hispanic)",0,0,"Yates","Milo town","New York"
"3612347504",2019,"B17001D_SnrPov","Asian (Non-Hispanic)",0,0,"Yates","Milo town","New York"
"3612347504",2019,"B17001E_SnrPov","Pacific Islander (Non-Hispanic)",0,0,"Yates","Milo town","New York"
"3612347504",2019,"B17001F_SnrPov","Other (Non-Hispanic)",0,0,"Yates","Milo town","New York"
"3612347504",2019,"B17001G_SnrPov","Two or More Races (Non-Hispanic)",0,0,"Yates","Milo town","New York"
"3612347504",2019,"B17001H_SnrPov","White (Non-Hispanic)",61.9631901840491,27.610951051651,"Yates","Milo town","New York"
"3612347504",2019,"B17001I_SnrPov","Hispanic or Latino (Any Race)",0,0,"Yates","Milo town","New York"
"3612347504",2020,"B17001B_SnrPov","Black (Non-Hispanic)",0,0,"Yates","Milo town","New York"
"3612347504",2020,"B17001C_SnrPov","Native American (Non-Hispanic)",0,0,"Yates","Milo town","New York"
"3612347504",2020,"B17001D_SnrPov","Asian (Non-Hispanic)",0,0,"Yates","Milo town","New York"
"3612347504",2020,"B17001E_SnrPov","Pacific Islander (Non-Hispanic)",0,0,"Yates","Milo town","New York"
"3612347504",2020,"B17001F_SnrPov","Other (Non-Hispanic)",0,0,"Yates","Milo town","New York"
"3612347504",2020,"B17001G_SnrPov","Two or More Races (Non-Hispanic)",0,0,"Yates","Milo town","New York"
"3612347504",2020,"B17001H_SnrPov","White (Non-Hispanic)",55.8139534883721,35.5149877499614,"Yates","Milo town","New York"
"3612347504",2020,"B17001I_SnrPov","Hispanic or Latino (Any Race)",0,0,"Yates","Milo town","New York"
"3612347504",2021,"B17001B_SnrPov","Black (Non-Hispanic)",0,0,"Yates","Milo town","New York"
"3612347504",2021,"B17001C_SnrPov","Native American (Non-Hispanic)",0,0,"Yates","Milo town","New York"
"3612347504",2021,"B17001D_SnrPov","Asian (Non-Hispanic)",0,0,"Yates","Milo town","New York"
"3612347504",2021,"B17001E_SnrPov","Pacific Islander (Non-Hispanic)",0,0,"Yates","Milo town","New York"
"3612347504",2021,"B17001F_SnrPov","Other (Non-Hispanic)",0,0,"Yates","Milo town","New York"
"3612347504",2021,"B17001G_SnrPov","Two or More Races (Non-Hispanic)",0,0,"Yates","Milo town","New York"
"3612347504",2021,"B17001H_SnrPov","White (Non-Hispanic)",43.4540389972145,26.4585511501989,"Yates","Milo town","New York"
"3612347504",2021,"B17001I_SnrPov","Hispanic or Latino (Any Race)",0,0,"Yates","Milo town","New York"
"3612347504",2022,"B17001B_SnrPov","Black (Non-Hispanic)",100,1905.25588832576,"Yates","Milo town","New York"
"3612347504",2022,"B17001C_SnrPov","Native American (Non-Hispanic)",0,0,"Yates","Milo town","New York"
"3612347504",2022,"B17001D_SnrPov","Asian (Non-Hispanic)",0,0,"Yates","Milo town","New York"
"3612347504",2022,"B17001E_SnrPov","Pacific Islander (Non-Hispanic)",0,0,"Yates","Milo town","New York"
"3612347504",2022,"B17001F_SnrPov","Other (Non-Hispanic)",0,0,"Yates","Milo town","New York"
"3612347504",2022,"B17001G_SnrPov","Two or More Races (Non-Hispanic)",0,0,"Yates","Milo town","New York"
"3612347504",2022,"B17001H_SnrPov","White (Non-Hispanic)",40.9669211195929,24.4284053025301,"Yates","Milo town","New York"
"3612347504",2022,"B17001I_SnrPov","Hispanic or Latino (Any Race)",0,0,"Yates","Milo town","New York"
"3612347504",2023,"B17001B_SnrPov","Black (Non-Hispanic)",33.3333333333333,284.312035153866,"Yates","Milo town","New York"
"3612347504",2023,"B17001C_SnrPov","Native American (Non-Hispanic)",0,0,"Yates","Milo town","New York"
"3612347504",2023,"B17001D_SnrPov","Asian (Non-Hispanic)",0,0,"Yates","Milo town","New York"
"3612347504",2023,"B17001E_SnrPov","Pacific Islander (Non-Hispanic)",0,0,"Yates","Milo town","New York"
"3612347504",2023,"B17001F_SnrPov","Other (Non-Hispanic)",0,0,"Yates","Milo town","New York"
"3612347504",2023,"B17001G_SnrPov","Two or More Races (Non-Hispanic)",0,0,"Yates","Milo town","New York"
"3612347504",2023,"B17001H_SnrPov","White (Non-Hispanic)",37.5,24.9106367315522,"Yates","Milo town","New York"
"3612347504",2023,"B17001I_SnrPov","Hispanic or Latino (Any Race)",0,0,"Yates","Milo town","New York"
"3612347504",2024,"B17001B_SnrPov","Black (Non-Hispanic)",16.6666666666667,313.90117970037,"Yates","Milo town","New York"
"3612347504",2024,"B17001C_SnrPov","Native American (Non-Hispanic)",0,0,"Yates","Milo town","New York"
"3612347504",2024,"B17001D_SnrPov","Asian (Non-Hispanic)",0,298.556196500987,"Yates","Milo town","New York"
"3612347504",2024,"B17001E_SnrPov","Pacific Islander (Non-Hispanic)",0,0,"Yates","Milo town","New York"
"3612347504",2024,"B17001F_SnrPov","Other (Non-Hispanic)",0,0,"Yates","Milo town","New York"
"3612347504",2024,"B17001G_SnrPov","Two or More Races (Non-Hispanic)",0,0,"Yates","Milo town","New York"
"3612347504",2024,"B17001H_SnrPov","White (Non-Hispanic)",38.1987577639752,25.2165098686868,"Yates","Milo town","New York"
"3612347504",2024,"B17001I_SnrPov","Hispanic or Latino (Any Race)",0,0,"Yates","Milo town","New York"
"3612359597",2017,"B17001B_SnrPov","Black (Non-Hispanic)",0,222.233559801486,"Yates","Potter town","New York"
"3612359597",2017,"B17001C_SnrPov","Native American (Non-Hispanic)",0,0,"Yates","Potter town","New York"
"3612359597",2017,"B17001D_SnrPov","Asian (Non-Hispanic)",0,0,"Yates","Potter town","New York"
"3612359597",2017,"B17001E_SnrPov","Pacific Islander (Non-Hispanic)",0,0,"Yates","Potter town","New York"
"3612359597",2017,"B17001F_SnrPov","Other (Non-Hispanic)",0,0,"Yates","Potter town","New York"
"3612359597",2017,"B17001G_SnrPov","Two or More Races (Non-Hispanic)",0,0,"Yates","Potter town","New York"
"3612359597",2017,"B17001H_SnrPov","White (Non-Hispanic)",37.5,38.3549195477663,"Yates","Potter town","New York"
"3612359597",2017,"B17001I_SnrPov","Hispanic or Latino (Any Race)",0,0,"Yates","Potter town","New York"
"3612359597",2018,"B17001B_SnrPov","Black (Non-Hispanic)",0,242.436610692531,"Yates","Potter town","New York"
"3612359597",2018,"B17001C_SnrPov","Native American (Non-Hispanic)",0,0,"Yates","Potter town","New York"
"3612359597",2018,"B17001D_SnrPov","Asian (Non-Hispanic)",0,0,"Yates","Potter town","New York"
"3612359597",2018,"B17001E_SnrPov","Pacific Islander (Non-Hispanic)",0,0,"Yates","Potter town","New York"
"3612359597",2018,"B17001F_SnrPov","Other (Non-Hispanic)",0,0,"Yates","Potter town","New York"
"3612359597",2018,"B17001G_SnrPov","Two or More Races (Non-Hispanic)",0,0,"Yates","Potter town","New York"
"3612359597",2018,"B17001H_SnrPov","White (Non-Hispanic)",38.7096774193548,41.9645223422767,"Yates","Potter town","New York"
"3612359597",2018,"B17001I_SnrPov","Hispanic or Latino (Any Race)",0,0,"Yates","Potter town","New York"
"3612359597",2019,"B17001B_SnrPov","Black (Non-Hispanic)",0,242.436610692531,"Yates","Potter town","New York"
"3612359597",2019,"B17001C_SnrPov","Native American (Non-Hispanic)",0,0,"Yates","Potter town","New York"
"3612359597",2019,"B17001D_SnrPov","Asian (Non-Hispanic)",0,0,"Yates","Potter town","New York"
"3612359597",2019,"B17001E_SnrPov","Pacific Islander (Non-Hispanic)",0,0,"Yates","Potter town","New York"
"3612359597",2019,"B17001F_SnrPov","Other (Non-Hispanic)",0,0,"Yates","Potter town","New York"
"3612359597",2019,"B17001G_SnrPov","Two or More Races (Non-Hispanic)",0,0,"Yates","Potter town","New York"
"3612359597",2019,"B17001H_SnrPov","White (Non-Hispanic)",45.1612903225806,42.9624587607825,"Yates","Potter town","New York"
"3612359597",2019,"B17001I_SnrPov","Hispanic or Latino (Any Race)",0,0,"Yates","Potter town","New York"
"3612359597",2020,"B17001B_SnrPov","Black (Non-Hispanic)",0,242.436610692531,"Yates","Potter town","New York"
"3612359597",2020,"B17001C_SnrPov","Native American (Non-Hispanic)",0,0,"Yates","Potter town","New York"
"3612359597",2020,"B17001D_SnrPov","Asian (Non-Hispanic)",0,0,"Yates","Potter town","New York"
"3612359597",2020,"B17001E_SnrPov","Pacific Islander (Non-Hispanic)",0,0,"Yates","Potter town","New York"
"3612359597",2020,"B17001F_SnrPov","Other (Non-Hispanic)",0,0,"Yates","Potter town","New York"
"3612359597",2020,"B17001G_SnrPov","Two or More Races (Non-Hispanic)",0,0,"Yates","Potter town","New York"
"3612359597",2020,"B17001H_SnrPov","White (Non-Hispanic)",53.5714285714286,41.890947639903,"Yates","Potter town","New York"
"3612359597",2020,"B17001I_SnrPov","Hispanic or Latino (Any Race)",0,0,"Yates","Potter town","New York"
"3612359597",2021,"B17001B_SnrPov","Black (Non-Hispanic)",0,0,"Yates","Potter town","New York"
"3612359597",2021,"B17001C_SnrPov","Native American (Non-Hispanic)",0,0,"Yates","Potter town","New York"
"3612359597",2021,"B17001D_SnrPov","Asian (Non-Hispanic)",0,0,"Yates","Potter town","New York"
"3612359597",2021,"B17001E_SnrPov","Pacific Islander (Non-Hispanic)",0,0,"Yates","Potter town","New York"
"3612359597",2021,"B17001F_SnrPov","Other (Non-Hispanic)",0,0,"Yates","Potter town","New York"
"3612359597",2021,"B17001G_SnrPov","Two or More Races (Non-Hispanic)",0,0,"Yates","Potter town","New York"
"3612359597",2021,"B17001H_SnrPov","White (Non-Hispanic)",58.8235294117647,32.1035667951369,"Yates","Potter town","New York"
"3612359597",2021,"B17001I_SnrPov","Hispanic or Latino (Any Race)",0,0,"Yates","Potter town","New York"
"3612359597",2022,"B17001B_SnrPov","Black (Non-Hispanic)",0,0,"Yates","Potter town","New York"
"3612359597",2022,"B17001C_SnrPov","Native American (Non-Hispanic)",0,0,"Yates","Potter town","New York"
"3612359597",2022,"B17001D_SnrPov","Asian (Non-Hispanic)",0,0,"Yates","Potter town","New York"
"3612359597",2022,"B17001E_SnrPov","Pacific Islander (Non-Hispanic)",0,0,"Yates","Potter town","New York"
"3612359597",2022,"B17001F_SnrPov","Other (Non-Hispanic)",0,0,"Yates","Potter town","New York"
"3612359597",2022,"B17001G_SnrPov","Two or More Races (Non-Hispanic)",0,0,"Yates","Potter town","New York"
"3612359597",2022,"B17001H_SnrPov","White (Non-Hispanic)",66.6666666666667,88.5990645474495,"Yates","Potter town","New York"
"3612359597",2022,"B17001I_SnrPov","Hispanic or Latino (Any Race)",0,0,"Yates","Potter town","New York"
"3612359597",2023,"B17001B_SnrPov","Black (Non-Hispanic)",0,0,"Yates","Potter town","New York"
"3612359597",2023,"B17001C_SnrPov","Native American (Non-Hispanic)",0,0,"Yates","Potter town","New York"
"3612359597",2023,"B17001D_SnrPov","Asian (Non-Hispanic)",0,0,"Yates","Potter town","New York"
"3612359597",2023,"B17001E_SnrPov","Pacific Islander (Non-Hispanic)",0,0,"Yates","Potter town","New York"
"3612359597",2023,"B17001F_SnrPov","Other (Non-Hispanic)",0,0,"Yates","Potter town","New York"
"3612359597",2023,"B17001G_SnrPov","Two or More Races (Non-Hispanic)",0,0,"Yates","Potter town","New York"
"3612359597",2023,"B17001H_SnrPov","White (Non-Hispanic)",68.75,61.123139709997,"Yates","Potter town","New York"
"3612359597",2023,"B17001I_SnrPov","Hispanic or Latino (Any Race)",0,131.319830791787,"Yates","Potter town","New York"
"3612359597",2024,"B17001B_SnrPov","Black (Non-Hispanic)",0,0,"Yates","Potter town","New York"
"3612359597",2024,"B17001C_SnrPov","Native American (Non-Hispanic)",0,0,"Yates","Potter town","New York"
"3612359597",2024,"B17001D_SnrPov","Asian (Non-Hispanic)",0,0,"Yates","Potter town","New York"
"3612359597",2024,"B17001E_SnrPov","Pacific Islander (Non-Hispanic)",0,0,"Yates","Potter town","New York"
"3612359597",2024,"B17001F_SnrPov","Other (Non-Hispanic)",0,79.1959594928933,"Yates","Potter town","New York"
"3612359597",2024,"B17001G_SnrPov","Two or More Races (Non-Hispanic)",0,0,"Yates","Potter town","New York"
"3612359597",2024,"B17001H_SnrPov","White (Non-Hispanic)",70.9677419354839,64.7661397317712,"Yates","Potter town","New York"
"3612359597",2024,"B17001I_SnrPov","Hispanic or Latino (Any Race)",0,54.997194092287,"Yates","Potter town","New York"
"3612370816",2017,"B17001B_SnrPov","Black (Non-Hispanic)",0,0,"Yates","Starkey town","New York"
"3612370816",2017,"B17001C_SnrPov","Native American (Non-Hispanic)",0,0,"Yates","Starkey town","New York"
"3612370816",2017,"B17001D_SnrPov","Asian (Non-Hispanic)",0,0,"Yates","Starkey town","New York"
"3612370816",2017,"B17001E_SnrPov","Pacific Islander (Non-Hispanic)",0,0,"Yates","Starkey town","New York"
"3612370816",2017,"B17001F_SnrPov","Other (Non-Hispanic)",0,0,"Yates","Starkey town","New York"
"3612370816",2017,"B17001G_SnrPov","Two or More Races (Non-Hispanic)",0,194.454364826301,"Yates","Starkey town","New York"
"3612370816",2017,"B17001H_SnrPov","White (Non-Hispanic)",46.6666666666667,20.0159058835765,"Yates","Starkey town","New York"
"3612370816",2017,"B17001I_SnrPov","Hispanic or Latino (Any Race)",0,0,"Yates","Starkey town","New York"
"3612370816",2018,"B17001B_SnrPov","Black (Non-Hispanic)",0,0,"Yates","Starkey town","New York"
"3612370816",2018,"B17001C_SnrPov","Native American (Non-Hispanic)",0,0,"Yates","Starkey town","New York"
"3612370816",2018,"B17001D_SnrPov","Asian (Non-Hispanic)",0,0,"Yates","Starkey town","New York"
"3612370816",2018,"B17001E_SnrPov","Pacific Islander (Non-Hispanic)",0,0,"Yates","Starkey town","New York"
"3612370816",2018,"B17001F_SnrPov","Other (Non-Hispanic)",0,0,"Yates","Starkey town","New York"
"3612370816",2018,"B17001G_SnrPov","Two or More Races (Non-Hispanic)",0,424.264068711928,"Yates","Starkey town","New York"
"3612370816",2018,"B17001H_SnrPov","White (Non-Hispanic)",40,16.8237926758505,"Yates","Starkey town","New York"
"3612370816",2018,"B17001I_SnrPov","Hispanic or Latino (Any Race)",0,0,"Yates","Starkey town","New York"
"3612370816",2019,"B17001B_SnrPov","Black (Non-Hispanic)",0,0,"Yates","Starkey town","New York"
"3612370816",2019,"B17001C_SnrPov","Native American (Non-Hispanic)",0,424.264068711928,"Yates","Starkey town","New York"
"3612370816",2019,"B17001D_SnrPov","Asian (Non-Hispanic)",0,0,"Yates","Starkey town","New York"
"3612370816",2019,"B17001E_SnrPov","Pacific Islander (Non-Hispanic)",0,0,"Yates","Starkey town","New York"
"3612370816",2019,"B17001F_SnrPov","Other (Non-Hispanic)",0,0,"Yates","Starkey town","New York"
"3612370816",2019,"B17001G_SnrPov","Two or More Races (Non-Hispanic)",0,339.411254969543,"Yates","Starkey town","New York"
"3612370816",2019,"B17001H_SnrPov","White (Non-Hispanic)",37.5,23.5615927838907,"Yates","Starkey town","New York"
"3612370816",2019,"B17001I_SnrPov","Hispanic or Latino (Any Race)",0,0,"Yates","Starkey town","New York"
"3612370816",2020,"B17001B_SnrPov","Black (Non-Hispanic)",0,0,"Yates","Starkey town","New York"
"3612370816",2020,"B17001C_SnrPov","Native American (Non-Hispanic)",0,424.264068711928,"Yates","Starkey town","New York"
"3612370816",2020,"B17001D_SnrPov","Asian (Non-Hispanic)",0,0,"Yates","Starkey town","New York"
"3612370816",2020,"B17001E_SnrPov","Pacific Islander (Non-Hispanic)",0,0,"Yates","Starkey town","New York"
"3612370816",2020,"B17001F_SnrPov","Other (Non-Hispanic)",0,0,"Yates","Starkey town","New York"
"3612370816",2020,"B17001G_SnrPov","Two or More Races (Non-Hispanic)",0,339.411254969543,"Yates","Starkey town","New York"
"3612370816",2020,"B17001H_SnrPov","White (Non-Hispanic)",21.1538461538462,25.8636300934727,"Yates","Starkey town","New York"
"3612370816",2020,"B17001I_SnrPov","Hispanic or Latino (Any Race)",0,0,"Yates","Starkey town","New York"
"3612370816",2021,"B17001B_SnrPov","Black (Non-Hispanic)",0,0,"Yates","Starkey town","New York"
"3612370816",2021,"B17001C_SnrPov","Native American (Non-Hispanic)",0,919.238815542512,"Yates","Starkey town","New York"
"3612370816",2021,"B17001D_SnrPov","Asian (Non-Hispanic)",0,0,"Yates","Starkey town","New York"
"3612370816",2021,"B17001E_SnrPov","Pacific Islander (Non-Hispanic)",0,0,"Yates","Starkey town","New York"
"3612370816",2021,"B17001F_SnrPov","Other (Non-Hispanic)",0,0,"Yates","Starkey town","New York"
"3612370816",2021,"B17001G_SnrPov","Two or More Races (Non-Hispanic)",0,612.825877028341,"Yates","Starkey town","New York"
"3612370816",2021,"B17001H_SnrPov","White (Non-Hispanic)",38.4615384615385,22.1513678884907,"Yates","Starkey town","New York"
"3612370816",2021,"B17001I_SnrPov","Hispanic or Latino (Any Race)",0,0,"Yates","Starkey town","New York"
"3612370816",2022,"B17001B_SnrPov","Black (Non-Hispanic)",0,0,"Yates","Starkey town","New York"
"3612370816",2022,"B17001C_SnrPov","Native American (Non-Hispanic)",0,306.412938514171,"Yates","Starkey town","New York"
"3612370816",2022,"B17001D_SnrPov","Asian (Non-Hispanic)",0,0,"Yates","Starkey town","New York"
"3612370816",2022,"B17001E_SnrPov","Pacific Islander (Non-Hispanic)",0,0,"Yates","Starkey town","New York"
"3612370816",2022,"B17001F_SnrPov","Other (Non-Hispanic)",0,0,"Yates","Starkey town","New York"
"3612370816",2022,"B17001G_SnrPov","Two or More Races (Non-Hispanic)",57.1428571428571,123.48203679515,"Yates","Starkey town","New York"
"3612370816",2022,"B17001H_SnrPov","White (Non-Hispanic)",46.5753424657534,17.6783165979511,"Yates","Starkey town","New York"
"3612370816",2022,"B17001I_SnrPov","Hispanic or Latino (Any Race)",0,0,"Yates","Starkey town","New York"
"3612370816",2023,"B17001B_SnrPov","Black (Non-Hispanic)",0,0,"Yates","Starkey town","New York"
"3612370816",2023,"B17001C_SnrPov","Native American (Non-Hispanic)",0,459.619407771256,"Yates","Starkey town","New York"
"3612370816",2023,"B17001D_SnrPov","Asian (Non-Hispanic)",0,0,"Yates","Starkey town","New York"
"3612370816",2023,"B17001E_SnrPov","Pacific Islander (Non-Hispanic)",0,0,"Yates","Starkey town","New York"
"3612370816",2023,"B17001F_SnrPov","Other (Non-Hispanic)",0,0,"Yates","Starkey town","New York"
"3612370816",2023,"B17001G_SnrPov","Two or More Races (Non-Hispanic)",57.1428571428571,117.200440941724,"Yates","Starkey town","New York"
"3612370816",2023,"B17001H_SnrPov","White (Non-Hispanic)",59.0163934426229,12.5470227231576,"Yates","Starkey town","New York"
"3612370816",2023,"B17001I_SnrPov","Hispanic or Latino (Any Race)",0,0,"Yates","Starkey town","New York"
"3612370816",2024,"B17001B_SnrPov","Black (Non-Hispanic)",0,0,"Yates","Starkey town","New York"
"3612370816",2024,"B17001C_SnrPov","Native American (Non-Hispanic)",0,0,"Yates","Starkey town","New York"
"3612370816",2024,"B17001D_SnrPov","Asian (Non-Hispanic)",0,0,"Yates","Starkey town","New York"
"3612370816",2024,"B17001E_SnrPov","Pacific Islander (Non-Hispanic)",0,0,"Yates","Starkey town","New York"
"3612370816",2024,"B17001F_SnrPov","Other (Non-Hispanic)",0,0,"Yates","Starkey town","New York"
"3612370816",2024,"B17001G_SnrPov","Two or More Races (Non-Hispanic)",57.1428571428571,130.994339068418,"Yates","Starkey town","New York"
"3612370816",2024,"B17001H_SnrPov","White (Non-Hispanic)",62.6016260162602,21.075778514411,"Yates","Starkey town","New York"
"3612370816",2024,"B17001I_SnrPov","Hispanic or Latino (Any Race)",0,0,"Yates","Starkey town","New York"
"3612375055",2017,"B17001B_SnrPov","Black (Non-Hispanic)",0,0,"Yates","Torrey town","New York"
"3612375055",2017,"B17001C_SnrPov","Native American (Non-Hispanic)",0,0,"Yates","Torrey town","New York"
"3612375055",2017,"B17001D_SnrPov","Asian (Non-Hispanic)",0,0,"Yates","Torrey town","New York"
"3612375055",2017,"B17001E_SnrPov","Pacific Islander (Non-Hispanic)",0,0,"Yates","Torrey town","New York"
"3612375055",2017,"B17001F_SnrPov","Other (Non-Hispanic)",0,0,"Yates","Torrey town","New York"
"3612375055",2017,"B17001G_SnrPov","Two or More Races (Non-Hispanic)",0,0,"Yates","Torrey town","New York"
"3612375055",2017,"B17001H_SnrPov","White (Non-Hispanic)",0,388.908729652601,"Yates","Torrey town","New York"
"3612375055",2017,"B17001I_SnrPov","Hispanic or Latino (Any Race)",0,0,"Yates","Torrey town","New York"
"3612375055",2018,"B17001B_SnrPov","Black (Non-Hispanic)",0,0,"Yates","Torrey town","New York"
"3612375055",2018,"B17001C_SnrPov","Native American (Non-Hispanic)",0,0,"Yates","Torrey town","New York"
"3612375055",2018,"B17001D_SnrPov","Asian (Non-Hispanic)",0,0,"Yates","Torrey town","New York"
"3612375055",2018,"B17001E_SnrPov","Pacific Islander (Non-Hispanic)",0,0,"Yates","Torrey town","New York"
"3612375055",2018,"B17001F_SnrPov","Other (Non-Hispanic)",0,0,"Yates","Torrey town","New York"
"3612375055",2018,"B17001G_SnrPov","Two or More Races (Non-Hispanic)",0,0,"Yates","Torrey town","New York"
"3612375055",2018,"B17001H_SnrPov","White (Non-Hispanic)",0,424.264068711928,"Yates","Torrey town","New York"
"3612375055",2018,"B17001I_SnrPov","Hispanic or Latino (Any Race)",0,0,"Yates","Torrey town","New York"
"3612375055",2019,"B17001B_SnrPov","Black (Non-Hispanic)",0,0,"Yates","Torrey town","New York"
"3612375055",2019,"B17001C_SnrPov","Native American (Non-Hispanic)",0,0,"Yates","Torrey town","New York"
"3612375055",2019,"B17001D_SnrPov","Asian (Non-Hispanic)",0,0,"Yates","Torrey town","New York"
"3612375055",2019,"B17001E_SnrPov","Pacific Islander (Non-Hispanic)",0,0,"Yates","Torrey town","New York"
"3612375055",2019,"B17001F_SnrPov","Other (Non-Hispanic)",0,0,"Yates","Torrey town","New York"
"3612375055",2019,"B17001G_SnrPov","Two or More Races (Non-Hispanic)",0,0,"Yates","Torrey town","New York"
"3612375055",2019,"B17001H_SnrPov","White (Non-Hispanic)",0,1697.05627484771,"Yates","Torrey town","New York"
"3612375055",2019,"B17001I_SnrPov","Hispanic or Latino (Any Race)",0,0,"Yates","Torrey town","New York"
"3612375055",2020,"B17001B_SnrPov","Black (Non-Hispanic)",0,0,"Yates","Torrey town","New York"
"3612375055",2020,"B17001C_SnrPov","Native American (Non-Hispanic)",0,0,"Yates","Torrey town","New York"
"3612375055",2020,"B17001D_SnrPov","Asian (Non-Hispanic)",0,0,"Yates","Torrey town","New York"
"3612375055",2020,"B17001E_SnrPov","Pacific Islander (Non-Hispanic)",0,0,"Yates","Torrey town","New York"
"3612375055",2020,"B17001F_SnrPov","Other (Non-Hispanic)",0,0,"Yates","Torrey town","New York"
"3612375055",2020,"B17001G_SnrPov","Two or More Races (Non-Hispanic)",0,0,"Yates","Torrey town","New York"
"3612375055",2020,"B17001H_SnrPov","White (Non-Hispanic)",0,848.528137423857,"Yates","Torrey town","New York"
"3612375055",2020,"B17001I_SnrPov","Hispanic or Latino (Any Race)",0,0,"Yates","Torrey town","New York"
"3612375055",2021,"B17001B_SnrPov","Black (Non-Hispanic)",0,0,"Yates","Torrey town","New York"
"3612375055",2021,"B17001C_SnrPov","Native American (Non-Hispanic)",0,0,"Yates","Torrey town","New York"
"3612375055",2021,"B17001D_SnrPov","Asian (Non-Hispanic)",0,0,"Yates","Torrey town","New York"
"3612375055",2021,"B17001E_SnrPov","Pacific Islander (Non-Hispanic)",0,0,"Yates","Torrey town","New York"
"3612375055",2021,"B17001F_SnrPov","Other (Non-Hispanic)",0,0,"Yates","Torrey town","New York"
"3612375055",2021,"B17001G_SnrPov","Two or More Races (Non-Hispanic)",0,0,"Yates","Torrey town","New York"
"3612375055",2021,"B17001H_SnrPov","White (Non-Hispanic)",0,1838.47763108502,"Yates","Torrey town","New York"
"3612375055",2021,"B17001I_SnrPov","Hispanic or Latino (Any Race)",0,0,"Yates","Torrey town","New York"
"3612375055",2022,"B17001B_SnrPov","Black (Non-Hispanic)",0,0,"Yates","Torrey town","New York"
"3612375055",2022,"B17001C_SnrPov","Native American (Non-Hispanic)",0,0,"Yates","Torrey town","New York"
"3612375055",2022,"B17001D_SnrPov","Asian (Non-Hispanic)",0,0,"Yates","Torrey town","New York"
"3612375055",2022,"B17001E_SnrPov","Pacific Islander (Non-Hispanic)",0,0,"Yates","Torrey town","New York"
"3612375055",2022,"B17001F_SnrPov","Other (Non-Hispanic)",0,0,"Yates","Torrey town","New York"
"3612375055",2022,"B17001G_SnrPov","Two or More Races (Non-Hispanic)",0,0,"Yates","Torrey town","New York"
"3612375055",2022,"B17001H_SnrPov","White (Non-Hispanic)",83.3333333333333,379.479419243824,"Yates","Torrey town","New York"
"3612375055",2022,"B17001I_SnrPov","Hispanic or Latino (Any Race)",0,0,"Yates","Torrey town","New York"
"3612375055",2023,"B17001B_SnrPov","Black (Non-Hispanic)",0,0,"Yates","Torrey town","New York"
"3612375055",2023,"B17001C_SnrPov","Native American (Non-Hispanic)",0,0,"Yates","Torrey town","New York"
"3612375055",2023,"B17001D_SnrPov","Asian (Non-Hispanic)",0,0,"Yates","Torrey town","New York"
"3612375055",2023,"B17001E_SnrPov","Pacific Islander (Non-Hispanic)",0,0,"Yates","Torrey town","New York"
"3612375055",2023,"B17001F_SnrPov","Other (Non-Hispanic)",0,0,"Yates","Torrey town","New York"
"3612375055",2023,"B17001G_SnrPov","Two or More Races (Non-Hispanic)",0,0,"Yates","Torrey town","New York"
"3612375055",2023,"B17001H_SnrPov","White (Non-Hispanic)",80,422.809649842574,"Yates","Torrey town","New York"
"3612375055",2023,"B17001I_SnrPov","Hispanic or Latino (Any Race)",0,0,"Yates","Torrey town","New York"
"3612375055",2024,"B17001B_SnrPov","Black (Non-Hispanic)",0,0,"Yates","Torrey town","New York"
"3612375055",2024,"B17001C_SnrPov","Native American (Non-Hispanic)",0,0,"Yates","Torrey town","New York"
"3612375055",2024,"B17001D_SnrPov","Asian (Non-Hispanic)",0,0,"Yates","Torrey town","New York"
"3612375055",2024,"B17001E_SnrPov","Pacific Islander (Non-Hispanic)",0,0,"Yates","Torrey town","New York"
"3612375055",2024,"B17001F_SnrPov","Other (Non-Hispanic)",0,0,"Yates","Torrey town","New York"
"3612375055",2024,"B17001G_SnrPov","Two or More Races (Non-Hispanic)",0,0,"Yates","Torrey town","New York"
"3612375055",2024,"B17001H_SnrPov","White (Non-Hispanic)",75,189.314140385762,"Yates","Torrey town","New York"
"3612375055",2024,"B17001I_SnrPov","Hispanic or Latino (Any Race)",0,0,"Yates","Torrey town","New York"
