"GEOID","year","County","Geography","variable","Variable_Description","estimate","moe"
"3603700474",2017,"Genesee","Alabama town","B19013B_001","Black (Non-Hispanic)",NA,NA
"3603700474",2017,"Genesee","Alabama town","B19013C_001","Native American (Non-Hispanic)",NA,NA
"3603700474",2017,"Genesee","Alabama town","B19013D_001","Asian (Non-Hispanic)",NA,NA
"3603700474",2017,"Genesee","Alabama town","B19013E_001","Pacific Islander (Non-Hispanic)",NA,NA
"3603700474",2017,"Genesee","Alabama town","B19013F_001","Other (Non-Hispanic)",NA,NA
"3603700474",2017,"Genesee","Alabama town","B19013G_001","Two or More Races (Non-Hispanic)",NA,NA
"3603700474",2017,"Genesee","Alabama town","B19013H_001","White (Non-Hispanic)",57813,5448
"3603700474",2017,"Genesee","Alabama town","B19013I_001","Hispanic or Latino (Any Race)",NA,NA
"3603701165",2017,"Genesee","Alexander town","B19013B_001","Black (Non-Hispanic)",NA,NA
"3603701165",2017,"Genesee","Alexander town","B19013C_001","Native American (Non-Hispanic)",NA,NA
"3603701165",2017,"Genesee","Alexander town","B19013D_001","Asian (Non-Hispanic)",NA,NA
"3603701165",2017,"Genesee","Alexander town","B19013E_001","Pacific Islander (Non-Hispanic)",NA,NA
"3603701165",2017,"Genesee","Alexander town","B19013F_001","Other (Non-Hispanic)",NA,NA
"3603701165",2017,"Genesee","Alexander town","B19013G_001","Two or More Races (Non-Hispanic)",NA,NA
"3603701165",2017,"Genesee","Alexander town","B19013H_001","White (Non-Hispanic)",60188,4220
"3603701165",2017,"Genesee","Alexander town","B19013I_001","Hispanic or Latino (Any Race)",NA,NA
"3603704715",2017,"Genesee","Batavia city","B19013B_001","Black (Non-Hispanic)",33359,31301
"3603704715",2017,"Genesee","Batavia city","B19013C_001","Native American (Non-Hispanic)",NA,NA
"3603704715",2017,"Genesee","Batavia city","B19013D_001","Asian (Non-Hispanic)",161500,116965
"3603704715",2017,"Genesee","Batavia city","B19013E_001","Pacific Islander (Non-Hispanic)",NA,NA
"3603704715",2017,"Genesee","Batavia city","B19013F_001","Other (Non-Hispanic)",41923,14857
"3603704715",2017,"Genesee","Batavia city","B19013G_001","Two or More Races (Non-Hispanic)",NA,NA
"3603704715",2017,"Genesee","Batavia city","B19013H_001","White (Non-Hispanic)",45801,2198
"3603704715",2017,"Genesee","Batavia city","B19013I_001","Hispanic or Latino (Any Race)",40307,27151
"3603704726",2017,"Genesee","Batavia town","B19013B_001","Black (Non-Hispanic)",NA,NA
"3603704726",2017,"Genesee","Batavia town","B19013C_001","Native American (Non-Hispanic)",NA,NA
"3603704726",2017,"Genesee","Batavia town","B19013D_001","Asian (Non-Hispanic)",NA,NA
"3603704726",2017,"Genesee","Batavia town","B19013E_001","Pacific Islander (Non-Hispanic)",NA,NA
"3603704726",2017,"Genesee","Batavia town","B19013F_001","Other (Non-Hispanic)",NA,NA
"3603704726",2017,"Genesee","Batavia town","B19013G_001","Two or More Races (Non-Hispanic)",NA,NA
"3603704726",2017,"Genesee","Batavia town","B19013H_001","White (Non-Hispanic)",63462,7048
"3603704726",2017,"Genesee","Batavia town","B19013I_001","Hispanic or Latino (Any Race)",NA,NA
"3603706057",2017,"Genesee","Bergen town","B19013B_001","Black (Non-Hispanic)",NA,NA
"3603706057",2017,"Genesee","Bergen town","B19013C_001","Native American (Non-Hispanic)",NA,NA
"3603706057",2017,"Genesee","Bergen town","B19013D_001","Asian (Non-Hispanic)",NA,NA
"3603706057",2017,"Genesee","Bergen town","B19013E_001","Pacific Islander (Non-Hispanic)",NA,NA
"3603706057",2017,"Genesee","Bergen town","B19013F_001","Other (Non-Hispanic)",NA,NA
"3603706057",2017,"Genesee","Bergen town","B19013G_001","Two or More Races (Non-Hispanic)",NA,NA
"3603706057",2017,"Genesee","Bergen town","B19013H_001","White (Non-Hispanic)",46176,12637
"3603706057",2017,"Genesee","Bergen town","B19013I_001","Hispanic or Latino (Any Race)",NA,NA
"3603706266",2017,"Genesee","Bethany town","B19013B_001","Black (Non-Hispanic)",NA,NA
"3603706266",2017,"Genesee","Bethany town","B19013C_001","Native American (Non-Hispanic)",NA,NA
"3603706266",2017,"Genesee","Bethany town","B19013D_001","Asian (Non-Hispanic)",NA,NA
"3603706266",2017,"Genesee","Bethany town","B19013E_001","Pacific Islander (Non-Hispanic)",NA,NA
"3603706266",2017,"Genesee","Bethany town","B19013F_001","Other (Non-Hispanic)",NA,NA
"3603706266",2017,"Genesee","Bethany town","B19013G_001","Two or More Races (Non-Hispanic)",NA,NA
"3603706266",2017,"Genesee","Bethany town","B19013H_001","White (Non-Hispanic)",59286,13116
"3603706266",2017,"Genesee","Bethany town","B19013I_001","Hispanic or Latino (Any Race)",28971,8312
"3603711572",2017,"Genesee","Byron town","B19013B_001","Black (Non-Hispanic)",NA,NA
"3603711572",2017,"Genesee","Byron town","B19013C_001","Native American (Non-Hispanic)",NA,NA
"3603711572",2017,"Genesee","Byron town","B19013D_001","Asian (Non-Hispanic)",NA,NA
"3603711572",2017,"Genesee","Byron town","B19013E_001","Pacific Islander (Non-Hispanic)",NA,NA
"3603711572",2017,"Genesee","Byron town","B19013F_001","Other (Non-Hispanic)",NA,NA
"3603711572",2017,"Genesee","Byron town","B19013G_001","Two or More Races (Non-Hispanic)",NA,NA
"3603711572",2017,"Genesee","Byron town","B19013H_001","White (Non-Hispanic)",65645,7114
"3603711572",2017,"Genesee","Byron town","B19013I_001","Hispanic or Latino (Any Race)",NA,NA
"3603719719",2017,"Genesee","Darien town","B19013B_001","Black (Non-Hispanic)",NA,NA
"3603719719",2017,"Genesee","Darien town","B19013C_001","Native American (Non-Hispanic)",NA,NA
"3603719719",2017,"Genesee","Darien town","B19013D_001","Asian (Non-Hispanic)",NA,NA
"3603719719",2017,"Genesee","Darien town","B19013E_001","Pacific Islander (Non-Hispanic)",NA,NA
"3603719719",2017,"Genesee","Darien town","B19013F_001","Other (Non-Hispanic)",NA,NA
"3603719719",2017,"Genesee","Darien town","B19013G_001","Two or More Races (Non-Hispanic)",NA,NA
"3603719719",2017,"Genesee","Darien town","B19013H_001","White (Non-Hispanic)",70462,5415
"3603719719",2017,"Genesee","Darien town","B19013I_001","Hispanic or Latino (Any Race)",NA,NA
"3603723756",2017,"Genesee","Elba town","B19013B_001","Black (Non-Hispanic)",NA,NA
"3603723756",2017,"Genesee","Elba town","B19013C_001","Native American (Non-Hispanic)",NA,NA
"3603723756",2017,"Genesee","Elba town","B19013D_001","Asian (Non-Hispanic)",NA,NA
"3603723756",2017,"Genesee","Elba town","B19013E_001","Pacific Islander (Non-Hispanic)",NA,NA
"3603723756",2017,"Genesee","Elba town","B19013F_001","Other (Non-Hispanic)",NA,NA
"3603723756",2017,"Genesee","Elba town","B19013G_001","Two or More Races (Non-Hispanic)",NA,NA
"3603723756",2017,"Genesee","Elba town","B19013H_001","White (Non-Hispanic)",65357,9707
"3603723756",2017,"Genesee","Elba town","B19013I_001","Hispanic or Latino (Any Race)",37750,36828
"3603742037",2017,"Genesee","Le Roy town","B19013B_001","Black (Non-Hispanic)",14511,9218
"3603742037",2017,"Genesee","Le Roy town","B19013C_001","Native American (Non-Hispanic)",NA,NA
"3603742037",2017,"Genesee","Le Roy town","B19013D_001","Asian (Non-Hispanic)",NA,NA
"3603742037",2017,"Genesee","Le Roy town","B19013E_001","Pacific Islander (Non-Hispanic)",NA,NA
"3603742037",2017,"Genesee","Le Roy town","B19013F_001","Other (Non-Hispanic)",NA,NA
"3603742037",2017,"Genesee","Le Roy town","B19013G_001","Two or More Races (Non-Hispanic)",NA,NA
"3603742037",2017,"Genesee","Le Roy town","B19013H_001","White (Non-Hispanic)",56309,5229
"3603742037",2017,"Genesee","Le Roy town","B19013I_001","Hispanic or Latino (Any Race)",NA,NA
"3603754166",2017,"Genesee","Oakfield town","B19013B_001","Black (Non-Hispanic)",NA,NA
"3603754166",2017,"Genesee","Oakfield town","B19013C_001","Native American (Non-Hispanic)",NA,NA
"3603754166",2017,"Genesee","Oakfield town","B19013D_001","Asian (Non-Hispanic)",NA,NA
"3603754166",2017,"Genesee","Oakfield town","B19013E_001","Pacific Islander (Non-Hispanic)",NA,NA
"3603754166",2017,"Genesee","Oakfield town","B19013F_001","Other (Non-Hispanic)",NA,NA
"3603754166",2017,"Genesee","Oakfield town","B19013G_001","Two or More Races (Non-Hispanic)",NA,NA
"3603754166",2017,"Genesee","Oakfield town","B19013H_001","White (Non-Hispanic)",60833,11649
"3603754166",2017,"Genesee","Oakfield town","B19013I_001","Hispanic or Latino (Any Race)",NA,NA
"3603756792",2017,"Genesee","Pavilion town","B19013B_001","Black (Non-Hispanic)",NA,NA
"3603756792",2017,"Genesee","Pavilion town","B19013C_001","Native American (Non-Hispanic)",NA,NA
"3603756792",2017,"Genesee","Pavilion town","B19013D_001","Asian (Non-Hispanic)",NA,NA
"3603756792",2017,"Genesee","Pavilion town","B19013E_001","Pacific Islander (Non-Hispanic)",NA,NA
"3603756792",2017,"Genesee","Pavilion town","B19013F_001","Other (Non-Hispanic)",NA,NA
"3603756792",2017,"Genesee","Pavilion town","B19013G_001","Two or More Races (Non-Hispanic)",NA,NA
"3603756792",2017,"Genesee","Pavilion town","B19013H_001","White (Non-Hispanic)",73261,8673
"3603756792",2017,"Genesee","Pavilion town","B19013I_001","Hispanic or Latino (Any Race)",NA,NA
"3603757078",2017,"Genesee","Pembroke town","B19013B_001","Black (Non-Hispanic)",NA,NA
"3603757078",2017,"Genesee","Pembroke town","B19013C_001","Native American (Non-Hispanic)",NA,NA
"3603757078",2017,"Genesee","Pembroke town","B19013D_001","Asian (Non-Hispanic)",NA,NA
"3603757078",2017,"Genesee","Pembroke town","B19013E_001","Pacific Islander (Non-Hispanic)",NA,NA
"3603757078",2017,"Genesee","Pembroke town","B19013F_001","Other (Non-Hispanic)",NA,NA
"3603757078",2017,"Genesee","Pembroke town","B19013G_001","Two or More Races (Non-Hispanic)",NA,NA
"3603757078",2017,"Genesee","Pembroke town","B19013H_001","White (Non-Hispanic)",60990,9662
"3603757078",2017,"Genesee","Pembroke town","B19013I_001","Hispanic or Latino (Any Race)",NA,NA
"3603770607",2017,"Genesee","Stafford town","B19013B_001","Black (Non-Hispanic)",NA,NA
"3603770607",2017,"Genesee","Stafford town","B19013C_001","Native American (Non-Hispanic)",NA,NA
"3603770607",2017,"Genesee","Stafford town","B19013D_001","Asian (Non-Hispanic)",NA,NA
"3603770607",2017,"Genesee","Stafford town","B19013E_001","Pacific Islander (Non-Hispanic)",NA,NA
"3603770607",2017,"Genesee","Stafford town","B19013F_001","Other (Non-Hispanic)",NA,NA
"3603770607",2017,"Genesee","Stafford town","B19013G_001","Two or More Races (Non-Hispanic)",NA,NA
"3603770607",2017,"Genesee","Stafford town","B19013H_001","White (Non-Hispanic)",49519,10391
"3603770607",2017,"Genesee","Stafford town","B19013I_001","Hispanic or Latino (Any Race)",NA,NA
"3603775011",2017,"Genesee","Tonawanda Reservation","B19013B_001","Black (Non-Hispanic)",NA,NA
"3603775011",2017,"Genesee","Tonawanda Reservation","B19013C_001","Native American (Non-Hispanic)",26429,5269
"3603775011",2017,"Genesee","Tonawanda Reservation","B19013D_001","Asian (Non-Hispanic)",NA,NA
"3603775011",2017,"Genesee","Tonawanda Reservation","B19013E_001","Pacific Islander (Non-Hispanic)",NA,NA
"3603775011",2017,"Genesee","Tonawanda Reservation","B19013F_001","Other (Non-Hispanic)",NA,NA
"3603775011",2017,"Genesee","Tonawanda Reservation","B19013G_001","Two or More Races (Non-Hispanic)",NA,NA
"3603775011",2017,"Genesee","Tonawanda Reservation","B19013H_001","White (Non-Hispanic)",NA,NA
"3603775011",2017,"Genesee","Tonawanda Reservation","B19013I_001","Hispanic or Latino (Any Race)",NA,NA
"3605103364",2017,"Livingston","Avon town","B19013B_001","Black (Non-Hispanic)",NA,NA
"3605103364",2017,"Livingston","Avon town","B19013C_001","Native American (Non-Hispanic)",NA,NA
"3605103364",2017,"Livingston","Avon town","B19013D_001","Asian (Non-Hispanic)",NA,NA
"3605103364",2017,"Livingston","Avon town","B19013E_001","Pacific Islander (Non-Hispanic)",NA,NA
"3605103364",2017,"Livingston","Avon town","B19013F_001","Other (Non-Hispanic)",NA,NA
"3605103364",2017,"Livingston","Avon town","B19013G_001","Two or More Races (Non-Hispanic)",NA,NA
"3605103364",2017,"Livingston","Avon town","B19013H_001","White (Non-Hispanic)",57250,6759
"3605103364",2017,"Livingston","Avon town","B19013I_001","Hispanic or Latino (Any Race)",NA,NA
"3605111715",2017,"Livingston","Caledonia town","B19013B_001","Black (Non-Hispanic)",22042,21689
"3605111715",2017,"Livingston","Caledonia town","B19013C_001","Native American (Non-Hispanic)",NA,NA
"3605111715",2017,"Livingston","Caledonia town","B19013D_001","Asian (Non-Hispanic)",NA,NA
"3605111715",2017,"Livingston","Caledonia town","B19013E_001","Pacific Islander (Non-Hispanic)",NA,NA
"3605111715",2017,"Livingston","Caledonia town","B19013F_001","Other (Non-Hispanic)",NA,NA
"3605111715",2017,"Livingston","Caledonia town","B19013G_001","Two or More Races (Non-Hispanic)",NA,NA
"3605111715",2017,"Livingston","Caledonia town","B19013H_001","White (Non-Hispanic)",54648,5836
"3605111715",2017,"Livingston","Caledonia town","B19013I_001","Hispanic or Latino (Any Race)",NA,NA
"3605117618",2017,"Livingston","Conesus town","B19013B_001","Black (Non-Hispanic)",NA,NA
"3605117618",2017,"Livingston","Conesus town","B19013C_001","Native American (Non-Hispanic)",NA,NA
"3605117618",2017,"Livingston","Conesus town","B19013D_001","Asian (Non-Hispanic)",NA,NA
"3605117618",2017,"Livingston","Conesus town","B19013E_001","Pacific Islander (Non-Hispanic)",NA,NA
"3605117618",2017,"Livingston","Conesus town","B19013F_001","Other (Non-Hispanic)",NA,NA
"3605117618",2017,"Livingston","Conesus town","B19013G_001","Two or More Races (Non-Hispanic)",NA,NA
"3605117618",2017,"Livingston","Conesus town","B19013H_001","White (Non-Hispanic)",69830,8501
"3605117618",2017,"Livingston","Conesus town","B19013I_001","Hispanic or Latino (Any Race)",NA,NA
"3605128629",2017,"Livingston","Geneseo town","B19013B_001","Black (Non-Hispanic)",16125,9917
"3605128629",2017,"Livingston","Geneseo town","B19013C_001","Native American (Non-Hispanic)",NA,NA
"3605128629",2017,"Livingston","Geneseo town","B19013D_001","Asian (Non-Hispanic)",3350,2187
"3605128629",2017,"Livingston","Geneseo town","B19013E_001","Pacific Islander (Non-Hispanic)",NA,NA
"3605128629",2017,"Livingston","Geneseo town","B19013F_001","Other (Non-Hispanic)",NA,NA
"3605128629",2017,"Livingston","Geneseo town","B19013G_001","Two or More Races (Non-Hispanic)",NA,NA
"3605128629",2017,"Livingston","Geneseo town","B19013H_001","White (Non-Hispanic)",49500,8567
"3605128629",2017,"Livingston","Geneseo town","B19013I_001","Hispanic or Latino (Any Race)",NA,NA
"3605131016",2017,"Livingston","Groveland town","B19013B_001","Black (Non-Hispanic)",NA,NA
"3605131016",2017,"Livingston","Groveland town","B19013C_001","Native American (Non-Hispanic)",NA,NA
"3605131016",2017,"Livingston","Groveland town","B19013D_001","Asian (Non-Hispanic)",NA,NA
"3605131016",2017,"Livingston","Groveland town","B19013E_001","Pacific Islander (Non-Hispanic)",NA,NA
"3605131016",2017,"Livingston","Groveland town","B19013F_001","Other (Non-Hispanic)",NA,NA
"3605131016",2017,"Livingston","Groveland town","B19013G_001","Two or More Races (Non-Hispanic)",NA,NA
"3605131016",2017,"Livingston","Groveland town","B19013H_001","White (Non-Hispanic)",61136,9162
"3605131016",2017,"Livingston","Groveland town","B19013I_001","Hispanic or Latino (Any Race)",76000,32059
"3605141883",2017,"Livingston","Leicester town","B19013B_001","Black (Non-Hispanic)",NA,NA
"3605141883",2017,"Livingston","Leicester town","B19013C_001","Native American (Non-Hispanic)",NA,NA
"3605141883",2017,"Livingston","Leicester town","B19013D_001","Asian (Non-Hispanic)",NA,NA
"3605141883",2017,"Livingston","Leicester town","B19013E_001","Pacific Islander (Non-Hispanic)",NA,NA
"3605141883",2017,"Livingston","Leicester town","B19013F_001","Other (Non-Hispanic)",NA,NA
"3605141883",2017,"Livingston","Leicester town","B19013G_001","Two or More Races (Non-Hispanic)",NA,NA
"3605141883",2017,"Livingston","Leicester town","B19013H_001","White (Non-Hispanic)",53878,4135
"3605141883",2017,"Livingston","Leicester town","B19013I_001","Hispanic or Latino (Any Race)",NA,NA
"3605142334",2017,"Livingston","Lima town","B19013B_001","Black (Non-Hispanic)",NA,NA
"3605142334",2017,"Livingston","Lima town","B19013C_001","Native American (Non-Hispanic)",NA,NA
"3605142334",2017,"Livingston","Lima town","B19013D_001","Asian (Non-Hispanic)",65625,20815
"3605142334",2017,"Livingston","Lima town","B19013E_001","Pacific Islander (Non-Hispanic)",NA,NA
"3605142334",2017,"Livingston","Lima town","B19013F_001","Other (Non-Hispanic)",NA,NA
"3605142334",2017,"Livingston","Lima town","B19013G_001","Two or More Races (Non-Hispanic)",NA,NA
"3605142334",2017,"Livingston","Lima town","B19013H_001","White (Non-Hispanic)",58431,5494
"3605142334",2017,"Livingston","Lima town","B19013I_001","Hispanic or Latino (Any Race)",NA,NA
"3605142961",2017,"Livingston","Livonia town","B19013B_001","Black (Non-Hispanic)",NA,NA
"3605142961",2017,"Livingston","Livonia town","B19013C_001","Native American (Non-Hispanic)",NA,NA
"3605142961",2017,"Livingston","Livonia town","B19013D_001","Asian (Non-Hispanic)",NA,NA
"3605142961",2017,"Livingston","Livonia town","B19013E_001","Pacific Islander (Non-Hispanic)",NA,NA
"3605142961",2017,"Livingston","Livonia town","B19013F_001","Other (Non-Hispanic)",NA,NA
"3605142961",2017,"Livingston","Livonia town","B19013G_001","Two or More Races (Non-Hispanic)",NA,NA
"3605142961",2017,"Livingston","Livonia town","B19013H_001","White (Non-Hispanic)",65574,7824
"3605142961",2017,"Livingston","Livonia town","B19013I_001","Hispanic or Latino (Any Race)",NA,NA
"3605148956",2017,"Livingston","Mount Morris town","B19013B_001","Black (Non-Hispanic)",NA,NA
"3605148956",2017,"Livingston","Mount Morris town","B19013C_001","Native American (Non-Hispanic)",NA,NA
"3605148956",2017,"Livingston","Mount Morris town","B19013D_001","Asian (Non-Hispanic)",NA,NA
"3605148956",2017,"Livingston","Mount Morris town","B19013E_001","Pacific Islander (Non-Hispanic)",NA,NA
"3605148956",2017,"Livingston","Mount Morris town","B19013F_001","Other (Non-Hispanic)",NA,NA
"3605148956",2017,"Livingston","Mount Morris town","B19013G_001","Two or More Races (Non-Hispanic)",NA,NA
"3605148956",2017,"Livingston","Mount Morris town","B19013H_001","White (Non-Hispanic)",46969,5043
"3605148956",2017,"Livingston","Mount Morris town","B19013I_001","Hispanic or Latino (Any Race)",48431,39097
"3605151869",2017,"Livingston","North Dansville town","B19013B_001","Black (Non-Hispanic)",NA,NA
"3605151869",2017,"Livingston","North Dansville town","B19013C_001","Native American (Non-Hispanic)",NA,NA
"3605151869",2017,"Livingston","North Dansville town","B19013D_001","Asian (Non-Hispanic)",NA,NA
"3605151869",2017,"Livingston","North Dansville town","B19013E_001","Pacific Islander (Non-Hispanic)",NA,NA
"3605151869",2017,"Livingston","North Dansville town","B19013F_001","Other (Non-Hispanic)",NA,NA
"3605151869",2017,"Livingston","North Dansville town","B19013G_001","Two or More Races (Non-Hispanic)",NA,NA
"3605151869",2017,"Livingston","North Dansville town","B19013H_001","White (Non-Hispanic)",38072,8241
"3605151869",2017,"Livingston","North Dansville town","B19013I_001","Hispanic or Latino (Any Race)",NA,NA
"3605154089",2017,"Livingston","Nunda town","B19013B_001","Black (Non-Hispanic)",NA,NA
"3605154089",2017,"Livingston","Nunda town","B19013C_001","Native American (Non-Hispanic)",NA,NA
"3605154089",2017,"Livingston","Nunda town","B19013D_001","Asian (Non-Hispanic)",NA,NA
"3605154089",2017,"Livingston","Nunda town","B19013E_001","Pacific Islander (Non-Hispanic)",NA,NA
"3605154089",2017,"Livingston","Nunda town","B19013F_001","Other (Non-Hispanic)",NA,NA
"3605154089",2017,"Livingston","Nunda town","B19013G_001","Two or More Races (Non-Hispanic)",NA,NA
"3605154089",2017,"Livingston","Nunda town","B19013H_001","White (Non-Hispanic)",52875,8734
"3605154089",2017,"Livingston","Nunda town","B19013I_001","Hispanic or Latino (Any Race)",NA,NA
"3605155508",2017,"Livingston","Ossian town","B19013B_001","Black (Non-Hispanic)",NA,NA
"3605155508",2017,"Livingston","Ossian town","B19013C_001","Native American (Non-Hispanic)",NA,NA
"3605155508",2017,"Livingston","Ossian town","B19013D_001","Asian (Non-Hispanic)",NA,NA
"3605155508",2017,"Livingston","Ossian town","B19013E_001","Pacific Islander (Non-Hispanic)",NA,NA
"3605155508",2017,"Livingston","Ossian town","B19013F_001","Other (Non-Hispanic)",NA,NA
"3605155508",2017,"Livingston","Ossian town","B19013G_001","Two or More Races (Non-Hispanic)",NA,NA
"3605155508",2017,"Livingston","Ossian town","B19013H_001","White (Non-Hispanic)",66667,11572
"3605155508",2017,"Livingston","Ossian town","B19013I_001","Hispanic or Latino (Any Race)",NA,NA
"3605159179",2017,"Livingston","Portage town","B19013B_001","Black (Non-Hispanic)",NA,NA
"3605159179",2017,"Livingston","Portage town","B19013C_001","Native American (Non-Hispanic)",NA,NA
"3605159179",2017,"Livingston","Portage town","B19013D_001","Asian (Non-Hispanic)",NA,NA
"3605159179",2017,"Livingston","Portage town","B19013E_001","Pacific Islander (Non-Hispanic)",NA,NA
"3605159179",2017,"Livingston","Portage town","B19013F_001","Other (Non-Hispanic)",NA,NA
"3605159179",2017,"Livingston","Portage town","B19013G_001","Two or More Races (Non-Hispanic)",NA,NA
"3605159179",2017,"Livingston","Portage town","B19013H_001","White (Non-Hispanic)",47434,6435
"3605159179",2017,"Livingston","Portage town","B19013I_001","Hispanic or Latino (Any Race)",NA,NA
"3605170101",2017,"Livingston","Sparta town","B19013B_001","Black (Non-Hispanic)",NA,NA
"3605170101",2017,"Livingston","Sparta town","B19013C_001","Native American (Non-Hispanic)",NA,NA
"3605170101",2017,"Livingston","Sparta town","B19013D_001","Asian (Non-Hispanic)",NA,NA
"3605170101",2017,"Livingston","Sparta town","B19013E_001","Pacific Islander (Non-Hispanic)",NA,NA
"3605170101",2017,"Livingston","Sparta town","B19013F_001","Other (Non-Hispanic)",NA,NA
"3605170101",2017,"Livingston","Sparta town","B19013G_001","Two or More Races (Non-Hispanic)",23750,11853
"3605170101",2017,"Livingston","Sparta town","B19013H_001","White (Non-Hispanic)",70000,7977
"3605170101",2017,"Livingston","Sparta town","B19013I_001","Hispanic or Latino (Any Race)",NA,NA
"3605170475",2017,"Livingston","Springwater town","B19013B_001","Black (Non-Hispanic)",NA,NA
"3605170475",2017,"Livingston","Springwater town","B19013C_001","Native American (Non-Hispanic)",NA,NA
"3605170475",2017,"Livingston","Springwater town","B19013D_001","Asian (Non-Hispanic)",NA,NA
"3605170475",2017,"Livingston","Springwater town","B19013E_001","Pacific Islander (Non-Hispanic)",NA,NA
"3605170475",2017,"Livingston","Springwater town","B19013F_001","Other (Non-Hispanic)",NA,NA
"3605170475",2017,"Livingston","Springwater town","B19013G_001","Two or More Races (Non-Hispanic)",NA,NA
"3605170475",2017,"Livingston","Springwater town","B19013H_001","White (Non-Hispanic)",53517,5579
"3605170475",2017,"Livingston","Springwater town","B19013I_001","Hispanic or Latino (Any Race)",NA,NA
"3605181006",2017,"Livingston","West Sparta town","B19013B_001","Black (Non-Hispanic)",NA,NA
"3605181006",2017,"Livingston","West Sparta town","B19013C_001","Native American (Non-Hispanic)",NA,NA
"3605181006",2017,"Livingston","West Sparta town","B19013D_001","Asian (Non-Hispanic)",NA,NA
"3605181006",2017,"Livingston","West Sparta town","B19013E_001","Pacific Islander (Non-Hispanic)",NA,NA
"3605181006",2017,"Livingston","West Sparta town","B19013F_001","Other (Non-Hispanic)",NA,NA
"3605181006",2017,"Livingston","West Sparta town","B19013G_001","Two or More Races (Non-Hispanic)",NA,NA
"3605181006",2017,"Livingston","West Sparta town","B19013H_001","White (Non-Hispanic)",49583,9844
"3605181006",2017,"Livingston","West Sparta town","B19013I_001","Hispanic or Latino (Any Race)",NA,NA
"3605184022",2017,"Livingston","York town","B19013B_001","Black (Non-Hispanic)",NA,NA
"3605184022",2017,"Livingston","York town","B19013C_001","Native American (Non-Hispanic)",NA,NA
"3605184022",2017,"Livingston","York town","B19013D_001","Asian (Non-Hispanic)",NA,NA
"3605184022",2017,"Livingston","York town","B19013E_001","Pacific Islander (Non-Hispanic)",NA,NA
"3605184022",2017,"Livingston","York town","B19013F_001","Other (Non-Hispanic)",NA,NA
"3605184022",2017,"Livingston","York town","B19013G_001","Two or More Races (Non-Hispanic)",53472,38433
"3605184022",2017,"Livingston","York town","B19013H_001","White (Non-Hispanic)",55491,10598
"3605184022",2017,"Livingston","York town","B19013I_001","Hispanic or Latino (Any Race)",NA,NA
"3605500000",2017,"Monroe","County subdivisions not defined","B19013B_001","Black (Non-Hispanic)",NA,NA
"3605500000",2017,"Monroe","County subdivisions not defined","B19013C_001","Native American (Non-Hispanic)",NA,NA
"3605500000",2017,"Monroe","County subdivisions not defined","B19013D_001","Asian (Non-Hispanic)",NA,NA
"3605500000",2017,"Monroe","County subdivisions not defined","B19013E_001","Pacific Islander (Non-Hispanic)",NA,NA
"3605500000",2017,"Monroe","County subdivisions not defined","B19013F_001","Other (Non-Hispanic)",NA,NA
"3605500000",2017,"Monroe","County subdivisions not defined","B19013G_001","Two or More Races (Non-Hispanic)",NA,NA
"3605500000",2017,"Monroe","County subdivisions not defined","B19013H_001","White (Non-Hispanic)",NA,NA
"3605500000",2017,"Monroe","County subdivisions not defined","B19013I_001","Hispanic or Latino (Any Race)",NA,NA
"3605508246",2017,"Monroe","Brighton town","B19013B_001","Black (Non-Hispanic)",63279,13329
"3605508246",2017,"Monroe","Brighton town","B19013C_001","Native American (Non-Hispanic)",NA,NA
"3605508246",2017,"Monroe","Brighton town","B19013D_001","Asian (Non-Hispanic)",50057,14009
"3605508246",2017,"Monroe","Brighton town","B19013E_001","Pacific Islander (Non-Hispanic)",NA,NA
"3605508246",2017,"Monroe","Brighton town","B19013F_001","Other (Non-Hispanic)",58333,51565
"3605508246",2017,"Monroe","Brighton town","B19013G_001","Two or More Races (Non-Hispanic)",NA,NA
"3605508246",2017,"Monroe","Brighton town","B19013H_001","White (Non-Hispanic)",73010,4140
"3605508246",2017,"Monroe","Brighton town","B19013I_001","Hispanic or Latino (Any Race)",78352,20107
"3605515462",2017,"Monroe","Chili town","B19013B_001","Black (Non-Hispanic)",60547,13570
"3605515462",2017,"Monroe","Chili town","B19013C_001","Native American (Non-Hispanic)",NA,NA
"3605515462",2017,"Monroe","Chili town","B19013D_001","Asian (Non-Hispanic)",98611,41720
"3605515462",2017,"Monroe","Chili town","B19013E_001","Pacific Islander (Non-Hispanic)",NA,NA
"3605515462",2017,"Monroe","Chili town","B19013F_001","Other (Non-Hispanic)",NA,NA
"3605515462",2017,"Monroe","Chili town","B19013G_001","Two or More Races (Non-Hispanic)",NA,NA
"3605515462",2017,"Monroe","Chili town","B19013H_001","White (Non-Hispanic)",69146,3141
"3605515462",2017,"Monroe","Chili town","B19013I_001","Hispanic or Latino (Any Race)",53594,24064
"3605515957",2017,"Monroe","Clarkson town","B19013B_001","Black (Non-Hispanic)",NA,NA
"3605515957",2017,"Monroe","Clarkson town","B19013C_001","Native American (Non-Hispanic)",NA,NA
"3605515957",2017,"Monroe","Clarkson town","B19013D_001","Asian (Non-Hispanic)",NA,NA
"3605515957",2017,"Monroe","Clarkson town","B19013E_001","Pacific Islander (Non-Hispanic)",NA,NA
"3605515957",2017,"Monroe","Clarkson town","B19013F_001","Other (Non-Hispanic)",NA,NA
"3605515957",2017,"Monroe","Clarkson town","B19013G_001","Two or More Races (Non-Hispanic)",NA,NA
"3605515957",2017,"Monroe","Clarkson town","B19013H_001","White (Non-Hispanic)",71576,9482
"3605515957",2017,"Monroe","Clarkson town","B19013I_001","Hispanic or Latino (Any Race)",70000,36790
"3605522870",2017,"Monroe","East Rochester town","B19013B_001","Black (Non-Hispanic)",88214,64487
"3605522870",2017,"Monroe","East Rochester town","B19013C_001","Native American (Non-Hispanic)",NA,NA
"3605522870",2017,"Monroe","East Rochester town","B19013D_001","Asian (Non-Hispanic)",NA,NA
"3605522870",2017,"Monroe","East Rochester town","B19013E_001","Pacific Islander (Non-Hispanic)",NA,NA
"3605522870",2017,"Monroe","East Rochester town","B19013F_001","Other (Non-Hispanic)",NA,NA
"3605522870",2017,"Monroe","East Rochester town","B19013G_001","Two or More Races (Non-Hispanic)",NA,NA
"3605522870",2017,"Monroe","East Rochester town","B19013H_001","White (Non-Hispanic)",48256,4282
"3605522870",2017,"Monroe","East Rochester town","B19013I_001","Hispanic or Latino (Any Race)",NA,NA
"3605528442",2017,"Monroe","Gates town","B19013B_001","Black (Non-Hispanic)",53628,14135
"3605528442",2017,"Monroe","Gates town","B19013C_001","Native American (Non-Hispanic)",NA,NA
"3605528442",2017,"Monroe","Gates town","B19013D_001","Asian (Non-Hispanic)",45662,9478
"3605528442",2017,"Monroe","Gates town","B19013E_001","Pacific Islander (Non-Hispanic)",NA,NA
"3605528442",2017,"Monroe","Gates town","B19013F_001","Other (Non-Hispanic)",45907,11323
"3605528442",2017,"Monroe","Gates town","B19013G_001","Two or More Races (Non-Hispanic)",75878,17540
"3605528442",2017,"Monroe","Gates town","B19013H_001","White (Non-Hispanic)",55274,2982
"3605528442",2017,"Monroe","Gates town","B19013I_001","Hispanic or Latino (Any Race)",62045,27562
"3605530290",2017,"Monroe","Greece town","B19013B_001","Black (Non-Hispanic)",35995,4588
"3605530290",2017,"Monroe","Greece town","B19013C_001","Native American (Non-Hispanic)",NA,NA
"3605530290",2017,"Monroe","Greece town","B19013D_001","Asian (Non-Hispanic)",60293,11908
"3605530290",2017,"Monroe","Greece town","B19013E_001","Pacific Islander (Non-Hispanic)",NA,NA
"3605530290",2017,"Monroe","Greece town","B19013F_001","Other (Non-Hispanic)",30328,4463
"3605530290",2017,"Monroe","Greece town","B19013G_001","Two or More Races (Non-Hispanic)",44722,16197
"3605530290",2017,"Monroe","Greece town","B19013H_001","White (Non-Hispanic)",59202,1320
"3605530290",2017,"Monroe","Greece town","B19013I_001","Hispanic or Latino (Any Race)",47801,12055
"3605531797",2017,"Monroe","Hamlin town","B19013B_001","Black (Non-Hispanic)",31326,12342
"3605531797",2017,"Monroe","Hamlin town","B19013C_001","Native American (Non-Hispanic)",NA,NA
"3605531797",2017,"Monroe","Hamlin town","B19013D_001","Asian (Non-Hispanic)",NA,NA
"3605531797",2017,"Monroe","Hamlin town","B19013E_001","Pacific Islander (Non-Hispanic)",NA,NA
"3605531797",2017,"Monroe","Hamlin town","B19013F_001","Other (Non-Hispanic)",NA,NA
"3605531797",2017,"Monroe","Hamlin town","B19013G_001","Two or More Races (Non-Hispanic)",NA,NA
"3605531797",2017,"Monroe","Hamlin town","B19013H_001","White (Non-Hispanic)",59763,5196
"3605531797",2017,"Monroe","Hamlin town","B19013I_001","Hispanic or Latino (Any Race)",NA,NA
"3605534099",2017,"Monroe","Henrietta town","B19013B_001","Black (Non-Hispanic)",58583,29413
"3605534099",2017,"Monroe","Henrietta town","B19013C_001","Native American (Non-Hispanic)",80500,34352
"3605534099",2017,"Monroe","Henrietta town","B19013D_001","Asian (Non-Hispanic)",44167,11119
"3605534099",2017,"Monroe","Henrietta town","B19013E_001","Pacific Islander (Non-Hispanic)",NA,NA
"3605534099",2017,"Monroe","Henrietta town","B19013F_001","Other (Non-Hispanic)",76750,72509
"3605534099",2017,"Monroe","Henrietta town","B19013G_001","Two or More Races (Non-Hispanic)",76875,58555
"3605534099",2017,"Monroe","Henrietta town","B19013H_001","White (Non-Hispanic)",66227,4932
"3605534099",2017,"Monroe","Henrietta town","B19013I_001","Hispanic or Latino (Any Race)",54186,26418
"3605537726",2017,"Monroe","Irondequoit town","B19013B_001","Black (Non-Hispanic)",45370,5668
"3605537726",2017,"Monroe","Irondequoit town","B19013C_001","Native American (Non-Hispanic)",NA,NA
"3605537726",2017,"Monroe","Irondequoit town","B19013D_001","Asian (Non-Hispanic)",40081,15586
"3605537726",2017,"Monroe","Irondequoit town","B19013E_001","Pacific Islander (Non-Hispanic)",NA,NA
"3605537726",2017,"Monroe","Irondequoit town","B19013F_001","Other (Non-Hispanic)",NA,NA
"3605537726",2017,"Monroe","Irondequoit town","B19013G_001","Two or More Races (Non-Hispanic)",28083,17410
"3605537726",2017,"Monroe","Irondequoit town","B19013H_001","White (Non-Hispanic)",60803,2563
"3605537726",2017,"Monroe","Irondequoit town","B19013I_001","Hispanic or Latino (Any Race)",40529,17697
"3605546558",2017,"Monroe","Mendon town","B19013B_001","Black (Non-Hispanic)",NA,NA
"3605546558",2017,"Monroe","Mendon town","B19013C_001","Native American (Non-Hispanic)",NA,NA
"3605546558",2017,"Monroe","Mendon town","B19013D_001","Asian (Non-Hispanic)",71563,33486
"3605546558",2017,"Monroe","Mendon town","B19013E_001","Pacific Islander (Non-Hispanic)",NA,NA
"3605546558",2017,"Monroe","Mendon town","B19013F_001","Other (Non-Hispanic)",NA,NA
"3605546558",2017,"Monroe","Mendon town","B19013G_001","Two or More Races (Non-Hispanic)",NA,NA
"3605546558",2017,"Monroe","Mendon town","B19013H_001","White (Non-Hispanic)",100226,11702
"3605546558",2017,"Monroe","Mendon town","B19013I_001","Hispanic or Latino (Any Race)",NA,NA
"3605554474",2017,"Monroe","Ogden town","B19013B_001","Black (Non-Hispanic)",102143,44512
"3605554474",2017,"Monroe","Ogden town","B19013C_001","Native American (Non-Hispanic)",NA,NA
"3605554474",2017,"Monroe","Ogden town","B19013D_001","Asian (Non-Hispanic)",56250,13621
"3605554474",2017,"Monroe","Ogden town","B19013E_001","Pacific Islander (Non-Hispanic)",NA,NA
"3605554474",2017,"Monroe","Ogden town","B19013F_001","Other (Non-Hispanic)",NA,NA
"3605554474",2017,"Monroe","Ogden town","B19013G_001","Two or More Races (Non-Hispanic)",50368,10631
"3605554474",2017,"Monroe","Ogden town","B19013H_001","White (Non-Hispanic)",74940,4825
"3605554474",2017,"Monroe","Ogden town","B19013I_001","Hispanic or Latino (Any Race)",NA,NA
"3605556561",2017,"Monroe","Parma town","B19013B_001","Black (Non-Hispanic)",NA,NA
"3605556561",2017,"Monroe","Parma town","B19013C_001","Native American (Non-Hispanic)",NA,NA
"3605556561",2017,"Monroe","Parma town","B19013D_001","Asian (Non-Hispanic)",NA,NA
"3605556561",2017,"Monroe","Parma town","B19013E_001","Pacific Islander (Non-Hispanic)",NA,NA
"3605556561",2017,"Monroe","Parma town","B19013F_001","Other (Non-Hispanic)",NA,NA
"3605556561",2017,"Monroe","Parma town","B19013G_001","Two or More Races (Non-Hispanic)",NA,NA
"3605556561",2017,"Monroe","Parma town","B19013H_001","White (Non-Hispanic)",69025,5984
"3605556561",2017,"Monroe","Parma town","B19013I_001","Hispanic or Latino (Any Race)",175300,79308
"3605557144",2017,"Monroe","Penfield town","B19013B_001","Black (Non-Hispanic)",NA,NA
"3605557144",2017,"Monroe","Penfield town","B19013C_001","Native American (Non-Hispanic)",NA,NA
"3605557144",2017,"Monroe","Penfield town","B19013D_001","Asian (Non-Hispanic)",118979,15789
"3605557144",2017,"Monroe","Penfield town","B19013E_001","Pacific Islander (Non-Hispanic)",NA,NA
"3605557144",2017,"Monroe","Penfield town","B19013F_001","Other (Non-Hispanic)",NA,NA
"3605557144",2017,"Monroe","Penfield town","B19013G_001","Two or More Races (Non-Hispanic)",87452,83238
"3605557144",2017,"Monroe","Penfield town","B19013H_001","White (Non-Hispanic)",79263,3868
"3605557144",2017,"Monroe","Penfield town","B19013I_001","Hispanic or Latino (Any Race)",86010,33829
"3605557221",2017,"Monroe","Perinton town","B19013B_001","Black (Non-Hispanic)",NA,NA
"3605557221",2017,"Monroe","Perinton town","B19013C_001","Native American (Non-Hispanic)",NA,NA
"3605557221",2017,"Monroe","Perinton town","B19013D_001","Asian (Non-Hispanic)",67885,10356
"3605557221",2017,"Monroe","Perinton town","B19013E_001","Pacific Islander (Non-Hispanic)",NA,NA
"3605557221",2017,"Monroe","Perinton town","B19013F_001","Other (Non-Hispanic)",NA,NA
"3605557221",2017,"Monroe","Perinton town","B19013G_001","Two or More Races (Non-Hispanic)",80341,59985
"3605557221",2017,"Monroe","Perinton town","B19013H_001","White (Non-Hispanic)",84067,2396
"3605557221",2017,"Monroe","Perinton town","B19013I_001","Hispanic or Latino (Any Race)",97011,40921
"3605558365",2017,"Monroe","Pittsford town","B19013B_001","Black (Non-Hispanic)",NA,NA
"3605558365",2017,"Monroe","Pittsford town","B19013C_001","Native American (Non-Hispanic)",NA,NA
"3605558365",2017,"Monroe","Pittsford town","B19013D_001","Asian (Non-Hispanic)",219444,32583
"3605558365",2017,"Monroe","Pittsford town","B19013E_001","Pacific Islander (Non-Hispanic)",NA,NA
"3605558365",2017,"Monroe","Pittsford town","B19013F_001","Other (Non-Hispanic)",NA,NA
"3605558365",2017,"Monroe","Pittsford town","B19013G_001","Two or More Races (Non-Hispanic)",147574,96463
"3605558365",2017,"Monroe","Pittsford town","B19013H_001","White (Non-Hispanic)",105313,7115
"3605558365",2017,"Monroe","Pittsford town","B19013I_001","Hispanic or Latino (Any Race)",NA,NA
"3605561808",2017,"Monroe","Riga town","B19013B_001","Black (Non-Hispanic)",NA,NA
"3605561808",2017,"Monroe","Riga town","B19013C_001","Native American (Non-Hispanic)",NA,NA
"3605561808",2017,"Monroe","Riga town","B19013D_001","Asian (Non-Hispanic)",NA,NA
"3605561808",2017,"Monroe","Riga town","B19013E_001","Pacific Islander (Non-Hispanic)",NA,NA
"3605561808",2017,"Monroe","Riga town","B19013F_001","Other (Non-Hispanic)",NA,NA
"3605561808",2017,"Monroe","Riga town","B19013G_001","Two or More Races (Non-Hispanic)",NA,NA
"3605561808",2017,"Monroe","Riga town","B19013H_001","White (Non-Hispanic)",69680,7392
"3605561808",2017,"Monroe","Riga town","B19013I_001","Hispanic or Latino (Any Race)",NA,NA
"3605563000",2017,"Monroe","Rochester city","B19013B_001","Black (Non-Hispanic)",25006,1138
"3605563000",2017,"Monroe","Rochester city","B19013C_001","Native American (Non-Hispanic)",23152,4811
"3605563000",2017,"Monroe","Rochester city","B19013D_001","Asian (Non-Hispanic)",33016,4848
"3605563000",2017,"Monroe","Rochester city","B19013E_001","Pacific Islander (Non-Hispanic)",21731,7780
"3605563000",2017,"Monroe","Rochester city","B19013F_001","Other (Non-Hispanic)",25098,4035
"3605563000",2017,"Monroe","Rochester city","B19013G_001","Two or More Races (Non-Hispanic)",29045,4919
"3605563000",2017,"Monroe","Rochester city","B19013H_001","White (Non-Hispanic)",42971,1355
"3605563000",2017,"Monroe","Rochester city","B19013I_001","Hispanic or Latino (Any Race)",23944,1623
"3605564144",2017,"Monroe","Rush town","B19013B_001","Black (Non-Hispanic)",NA,NA
"3605564144",2017,"Monroe","Rush town","B19013C_001","Native American (Non-Hispanic)",NA,NA
"3605564144",2017,"Monroe","Rush town","B19013D_001","Asian (Non-Hispanic)",NA,NA
"3605564144",2017,"Monroe","Rush town","B19013E_001","Pacific Islander (Non-Hispanic)",NA,NA
"3605564144",2017,"Monroe","Rush town","B19013F_001","Other (Non-Hispanic)",NA,NA
"3605564144",2017,"Monroe","Rush town","B19013G_001","Two or More Races (Non-Hispanic)",NA,NA
"3605564144",2017,"Monroe","Rush town","B19013H_001","White (Non-Hispanic)",84826,6005
"3605564144",2017,"Monroe","Rush town","B19013I_001","Hispanic or Latino (Any Race)",NA,NA
"3605572455",2017,"Monroe","Sweden town","B19013B_001","Black (Non-Hispanic)",31944,23424
"3605572455",2017,"Monroe","Sweden town","B19013C_001","Native American (Non-Hispanic)",NA,NA
"3605572455",2017,"Monroe","Sweden town","B19013D_001","Asian (Non-Hispanic)",25139,23753
"3605572455",2017,"Monroe","Sweden town","B19013E_001","Pacific Islander (Non-Hispanic)",NA,NA
"3605572455",2017,"Monroe","Sweden town","B19013F_001","Other (Non-Hispanic)",NA,NA
"3605572455",2017,"Monroe","Sweden town","B19013G_001","Two or More Races (Non-Hispanic)",15685,8901
"3605572455",2017,"Monroe","Sweden town","B19013H_001","White (Non-Hispanic)",52067,4492
"3605572455",2017,"Monroe","Sweden town","B19013I_001","Hispanic or Latino (Any Race)",26354,19267
"3605578971",2017,"Monroe","Webster town","B19013B_001","Black (Non-Hispanic)",71528,32339
"3605578971",2017,"Monroe","Webster town","B19013C_001","Native American (Non-Hispanic)",NA,NA
"3605578971",2017,"Monroe","Webster town","B19013D_001","Asian (Non-Hispanic)",67995,6585
"3605578971",2017,"Monroe","Webster town","B19013E_001","Pacific Islander (Non-Hispanic)",NA,NA
"3605578971",2017,"Monroe","Webster town","B19013F_001","Other (Non-Hispanic)",NA,NA
"3605578971",2017,"Monroe","Webster town","B19013G_001","Two or More Races (Non-Hispanic)",54219,25940
"3605578971",2017,"Monroe","Webster town","B19013H_001","White (Non-Hispanic)",77390,3951
"3605578971",2017,"Monroe","Webster town","B19013I_001","Hispanic or Latino (Any Race)",NA,NA
"3605581402",2017,"Monroe","Wheatland town","B19013B_001","Black (Non-Hispanic)",33438,28179
"3605581402",2017,"Monroe","Wheatland town","B19013C_001","Native American (Non-Hispanic)",NA,NA
"3605581402",2017,"Monroe","Wheatland town","B19013D_001","Asian (Non-Hispanic)",NA,NA
"3605581402",2017,"Monroe","Wheatland town","B19013E_001","Pacific Islander (Non-Hispanic)",NA,NA
"3605581402",2017,"Monroe","Wheatland town","B19013F_001","Other (Non-Hispanic)",NA,NA
"3605581402",2017,"Monroe","Wheatland town","B19013G_001","Two or More Races (Non-Hispanic)",NA,NA
"3605581402",2017,"Monroe","Wheatland town","B19013H_001","White (Non-Hispanic)",65000,8379
"3605581402",2017,"Monroe","Wheatland town","B19013I_001","Hispanic or Latino (Any Race)",15909,12757
"3606908378",2017,"Ontario","Bristol town","B19013B_001","Black (Non-Hispanic)",NA,NA
"3606908378",2017,"Ontario","Bristol town","B19013C_001","Native American (Non-Hispanic)",NA,NA
"3606908378",2017,"Ontario","Bristol town","B19013D_001","Asian (Non-Hispanic)",NA,NA
"3606908378",2017,"Ontario","Bristol town","B19013E_001","Pacific Islander (Non-Hispanic)",NA,NA
"3606908378",2017,"Ontario","Bristol town","B19013F_001","Other (Non-Hispanic)",NA,NA
"3606908378",2017,"Ontario","Bristol town","B19013G_001","Two or More Races (Non-Hispanic)",NA,NA
"3606908378",2017,"Ontario","Bristol town","B19013H_001","White (Non-Hispanic)",72256,11325
"3606908378",2017,"Ontario","Bristol town","B19013I_001","Hispanic or Latino (Any Race)",NA,NA
"3606912100",2017,"Ontario","Canadice town","B19013B_001","Black (Non-Hispanic)",NA,NA
"3606912100",2017,"Ontario","Canadice town","B19013C_001","Native American (Non-Hispanic)",NA,NA
"3606912100",2017,"Ontario","Canadice town","B19013D_001","Asian (Non-Hispanic)",NA,NA
"3606912100",2017,"Ontario","Canadice town","B19013E_001","Pacific Islander (Non-Hispanic)",NA,NA
"3606912100",2017,"Ontario","Canadice town","B19013F_001","Other (Non-Hispanic)",NA,NA
"3606912100",2017,"Ontario","Canadice town","B19013G_001","Two or More Races (Non-Hispanic)",NA,NA
"3606912100",2017,"Ontario","Canadice town","B19013H_001","White (Non-Hispanic)",59609,9893
"3606912100",2017,"Ontario","Canadice town","B19013I_001","Hispanic or Latino (Any Race)",NA,NA
"3606912144",2017,"Ontario","Canandaigua city","B19013B_001","Black (Non-Hispanic)",NA,NA
"3606912144",2017,"Ontario","Canandaigua city","B19013C_001","Native American (Non-Hispanic)",NA,NA
"3606912144",2017,"Ontario","Canandaigua city","B19013D_001","Asian (Non-Hispanic)",NA,NA
"3606912144",2017,"Ontario","Canandaigua city","B19013E_001","Pacific Islander (Non-Hispanic)",NA,NA
"3606912144",2017,"Ontario","Canandaigua city","B19013F_001","Other (Non-Hispanic)",65114,25182
"3606912144",2017,"Ontario","Canandaigua city","B19013G_001","Two or More Races (Non-Hispanic)",27054,13586
"3606912144",2017,"Ontario","Canandaigua city","B19013H_001","White (Non-Hispanic)",47471,4660
"3606912144",2017,"Ontario","Canandaigua city","B19013I_001","Hispanic or Latino (Any Race)",NA,NA
"3606912155",2017,"Ontario","Canandaigua town","B19013B_001","Black (Non-Hispanic)",NA,NA
"3606912155",2017,"Ontario","Canandaigua town","B19013C_001","Native American (Non-Hispanic)",NA,NA
"3606912155",2017,"Ontario","Canandaigua town","B19013D_001","Asian (Non-Hispanic)",NA,NA
"3606912155",2017,"Ontario","Canandaigua town","B19013E_001","Pacific Islander (Non-Hispanic)",NA,NA
"3606912155",2017,"Ontario","Canandaigua town","B19013F_001","Other (Non-Hispanic)",NA,NA
"3606912155",2017,"Ontario","Canandaigua town","B19013G_001","Two or More Races (Non-Hispanic)",NA,NA
"3606912155",2017,"Ontario","Canandaigua town","B19013H_001","White (Non-Hispanic)",68507,6010
"3606912155",2017,"Ontario","Canandaigua town","B19013I_001","Hispanic or Latino (Any Race)",NA,NA
"3606921699",2017,"Ontario","East Bloomfield town","B19013B_001","Black (Non-Hispanic)",NA,NA
"3606921699",2017,"Ontario","East Bloomfield town","B19013C_001","Native American (Non-Hispanic)",NA,NA
"3606921699",2017,"Ontario","East Bloomfield town","B19013D_001","Asian (Non-Hispanic)",NA,NA
"3606921699",2017,"Ontario","East Bloomfield town","B19013E_001","Pacific Islander (Non-Hispanic)",NA,NA
"3606921699",2017,"Ontario","East Bloomfield town","B19013F_001","Other (Non-Hispanic)",NA,NA
"3606921699",2017,"Ontario","East Bloomfield town","B19013G_001","Two or More Races (Non-Hispanic)",NA,NA
"3606921699",2017,"Ontario","East Bloomfield town","B19013H_001","White (Non-Hispanic)",71493,2937
"3606921699",2017,"Ontario","East Bloomfield town","B19013I_001","Hispanic or Latino (Any Race)",NA,NA
"3606925406",2017,"Ontario","Farmington town","B19013B_001","Black (Non-Hispanic)",47708,11113
"3606925406",2017,"Ontario","Farmington town","B19013C_001","Native American (Non-Hispanic)",NA,NA
"3606925406",2017,"Ontario","Farmington town","B19013D_001","Asian (Non-Hispanic)",NA,NA
"3606925406",2017,"Ontario","Farmington town","B19013E_001","Pacific Islander (Non-Hispanic)",NA,NA
"3606925406",2017,"Ontario","Farmington town","B19013F_001","Other (Non-Hispanic)",NA,NA
"3606925406",2017,"Ontario","Farmington town","B19013G_001","Two or More Races (Non-Hispanic)",84013,35687
"3606925406",2017,"Ontario","Farmington town","B19013H_001","White (Non-Hispanic)",73029,5820
"3606925406",2017,"Ontario","Farmington town","B19013I_001","Hispanic or Latino (Any Race)",NA,NA
"3606928640",2017,"Ontario","Geneva city","B19013B_001","Black (Non-Hispanic)",23042,5844
"3606928640",2017,"Ontario","Geneva city","B19013C_001","Native American (Non-Hispanic)",NA,NA
"3606928640",2017,"Ontario","Geneva city","B19013D_001","Asian (Non-Hispanic)",NA,NA
"3606928640",2017,"Ontario","Geneva city","B19013E_001","Pacific Islander (Non-Hispanic)",NA,NA
"3606928640",2017,"Ontario","Geneva city","B19013F_001","Other (Non-Hispanic)",28263,3831
"3606928640",2017,"Ontario","Geneva city","B19013G_001","Two or More Races (Non-Hispanic)",41625,13900
"3606928640",2017,"Ontario","Geneva city","B19013H_001","White (Non-Hispanic)",49821,9155
"3606928640",2017,"Ontario","Geneva city","B19013I_001","Hispanic or Latino (Any Race)",32829,8470
"3606928651",2017,"Ontario","Geneva town","B19013B_001","Black (Non-Hispanic)",NA,NA
"3606928651",2017,"Ontario","Geneva town","B19013C_001","Native American (Non-Hispanic)",NA,NA
"3606928651",2017,"Ontario","Geneva town","B19013D_001","Asian (Non-Hispanic)",NA,NA
"3606928651",2017,"Ontario","Geneva town","B19013E_001","Pacific Islander (Non-Hispanic)",NA,NA
"3606928651",2017,"Ontario","Geneva town","B19013F_001","Other (Non-Hispanic)",25900,15355
"3606928651",2017,"Ontario","Geneva town","B19013G_001","Two or More Races (Non-Hispanic)",NA,NA
"3606928651",2017,"Ontario","Geneva town","B19013H_001","White (Non-Hispanic)",55851,5709
"3606928651",2017,"Ontario","Geneva town","B19013I_001","Hispanic or Latino (Any Race)",25150,20557
"3606929531",2017,"Ontario","Gorham town","B19013B_001","Black (Non-Hispanic)",NA,NA
"3606929531",2017,"Ontario","Gorham town","B19013C_001","Native American (Non-Hispanic)",NA,NA
"3606929531",2017,"Ontario","Gorham town","B19013D_001","Asian (Non-Hispanic)",NA,NA
"3606929531",2017,"Ontario","Gorham town","B19013E_001","Pacific Islander (Non-Hispanic)",NA,NA
"3606929531",2017,"Ontario","Gorham town","B19013F_001","Other (Non-Hispanic)",NA,NA
"3606929531",2017,"Ontario","Gorham town","B19013G_001","Two or More Races (Non-Hispanic)",NA,NA
"3606929531",2017,"Ontario","Gorham town","B19013H_001","White (Non-Hispanic)",60372,10700
"3606929531",2017,"Ontario","Gorham town","B19013I_001","Hispanic or Latino (Any Race)",45592,20870
"3606935551",2017,"Ontario","Hopewell town","B19013B_001","Black (Non-Hispanic)",NA,NA
"3606935551",2017,"Ontario","Hopewell town","B19013C_001","Native American (Non-Hispanic)",NA,NA
"3606935551",2017,"Ontario","Hopewell town","B19013D_001","Asian (Non-Hispanic)",NA,NA
"3606935551",2017,"Ontario","Hopewell town","B19013E_001","Pacific Islander (Non-Hispanic)",NA,NA
"3606935551",2017,"Ontario","Hopewell town","B19013F_001","Other (Non-Hispanic)",NA,NA
"3606935551",2017,"Ontario","Hopewell town","B19013G_001","Two or More Races (Non-Hispanic)",NA,NA
"3606935551",2017,"Ontario","Hopewell town","B19013H_001","White (Non-Hispanic)",65168,5289
"3606935551",2017,"Ontario","Hopewell town","B19013I_001","Hispanic or Latino (Any Race)",142875,24380
"3606944864",2017,"Ontario","Manchester town","B19013B_001","Black (Non-Hispanic)",NA,NA
"3606944864",2017,"Ontario","Manchester town","B19013C_001","Native American (Non-Hispanic)",NA,NA
"3606944864",2017,"Ontario","Manchester town","B19013D_001","Asian (Non-Hispanic)",NA,NA
"3606944864",2017,"Ontario","Manchester town","B19013E_001","Pacific Islander (Non-Hispanic)",NA,NA
"3606944864",2017,"Ontario","Manchester town","B19013F_001","Other (Non-Hispanic)",NA,NA
"3606944864",2017,"Ontario","Manchester town","B19013G_001","Two or More Races (Non-Hispanic)",NA,NA
"3606944864",2017,"Ontario","Manchester town","B19013H_001","White (Non-Hispanic)",51530,3476
"3606944864",2017,"Ontario","Manchester town","B19013I_001","Hispanic or Latino (Any Race)",NA,NA
"3606949440",2017,"Ontario","Naples town","B19013B_001","Black (Non-Hispanic)",NA,NA
"3606949440",2017,"Ontario","Naples town","B19013C_001","Native American (Non-Hispanic)",NA,NA
"3606949440",2017,"Ontario","Naples town","B19013D_001","Asian (Non-Hispanic)",NA,NA
"3606949440",2017,"Ontario","Naples town","B19013E_001","Pacific Islander (Non-Hispanic)",NA,NA
"3606949440",2017,"Ontario","Naples town","B19013F_001","Other (Non-Hispanic)",NA,NA
"3606949440",2017,"Ontario","Naples town","B19013G_001","Two or More Races (Non-Hispanic)",NA,NA
"3606949440",2017,"Ontario","Naples town","B19013H_001","White (Non-Hispanic)",50625,5679
"3606949440",2017,"Ontario","Naples town","B19013I_001","Hispanic or Latino (Any Race)",NA,NA
"3606957529",2017,"Ontario","Phelps town","B19013B_001","Black (Non-Hispanic)",NA,NA
"3606957529",2017,"Ontario","Phelps town","B19013C_001","Native American (Non-Hispanic)",NA,NA
"3606957529",2017,"Ontario","Phelps town","B19013D_001","Asian (Non-Hispanic)",NA,NA
"3606957529",2017,"Ontario","Phelps town","B19013E_001","Pacific Islander (Non-Hispanic)",NA,NA
"3606957529",2017,"Ontario","Phelps town","B19013F_001","Other (Non-Hispanic)",NA,NA
"3606957529",2017,"Ontario","Phelps town","B19013G_001","Two or More Races (Non-Hispanic)",NA,NA
"3606957529",2017,"Ontario","Phelps town","B19013H_001","White (Non-Hispanic)",63302,6972
"3606957529",2017,"Ontario","Phelps town","B19013I_001","Hispanic or Latino (Any Race)",NA,NA
"3606961544",2017,"Ontario","Richmond town","B19013B_001","Black (Non-Hispanic)",NA,NA
"3606961544",2017,"Ontario","Richmond town","B19013C_001","Native American (Non-Hispanic)",NA,NA
"3606961544",2017,"Ontario","Richmond town","B19013D_001","Asian (Non-Hispanic)",NA,NA
"3606961544",2017,"Ontario","Richmond town","B19013E_001","Pacific Islander (Non-Hispanic)",NA,NA
"3606961544",2017,"Ontario","Richmond town","B19013F_001","Other (Non-Hispanic)",NA,NA
"3606961544",2017,"Ontario","Richmond town","B19013G_001","Two or More Races (Non-Hispanic)",NA,NA
"3606961544",2017,"Ontario","Richmond town","B19013H_001","White (Non-Hispanic)",70948,15258
"3606961544",2017,"Ontario","Richmond town","B19013I_001","Hispanic or Latino (Any Race)",NA,NA
"3606966289",2017,"Ontario","Seneca town","B19013B_001","Black (Non-Hispanic)",NA,NA
"3606966289",2017,"Ontario","Seneca town","B19013C_001","Native American (Non-Hispanic)",NA,NA
"3606966289",2017,"Ontario","Seneca town","B19013D_001","Asian (Non-Hispanic)",NA,NA
"3606966289",2017,"Ontario","Seneca town","B19013E_001","Pacific Islander (Non-Hispanic)",NA,NA
"3606966289",2017,"Ontario","Seneca town","B19013F_001","Other (Non-Hispanic)",NA,NA
"3606966289",2017,"Ontario","Seneca town","B19013G_001","Two or More Races (Non-Hispanic)",NA,NA
"3606966289",2017,"Ontario","Seneca town","B19013H_001","White (Non-Hispanic)",72171,7586
"3606966289",2017,"Ontario","Seneca town","B19013I_001","Hispanic or Latino (Any Race)",NA,NA
"3606968660",2017,"Ontario","South Bristol town","B19013B_001","Black (Non-Hispanic)",NA,NA
"3606968660",2017,"Ontario","South Bristol town","B19013C_001","Native American (Non-Hispanic)",NA,NA
"3606968660",2017,"Ontario","South Bristol town","B19013D_001","Asian (Non-Hispanic)",NA,NA
"3606968660",2017,"Ontario","South Bristol town","B19013E_001","Pacific Islander (Non-Hispanic)",NA,NA
"3606968660",2017,"Ontario","South Bristol town","B19013F_001","Other (Non-Hispanic)",NA,NA
"3606968660",2017,"Ontario","South Bristol town","B19013G_001","Two or More Races (Non-Hispanic)",NA,NA
"3606968660",2017,"Ontario","South Bristol town","B19013H_001","White (Non-Hispanic)",72917,6818
"3606968660",2017,"Ontario","South Bristol town","B19013I_001","Hispanic or Latino (Any Race)",NA,NA
"3606977387",2017,"Ontario","Victor town","B19013B_001","Black (Non-Hispanic)",NA,NA
"3606977387",2017,"Ontario","Victor town","B19013C_001","Native American (Non-Hispanic)",NA,NA
"3606977387",2017,"Ontario","Victor town","B19013D_001","Asian (Non-Hispanic)",240573,177626
"3606977387",2017,"Ontario","Victor town","B19013E_001","Pacific Islander (Non-Hispanic)",NA,NA
"3606977387",2017,"Ontario","Victor town","B19013F_001","Other (Non-Hispanic)",NA,NA
"3606977387",2017,"Ontario","Victor town","B19013G_001","Two or More Races (Non-Hispanic)",NA,NA
"3606977387",2017,"Ontario","Victor town","B19013H_001","White (Non-Hispanic)",98338,7313
"3606977387",2017,"Ontario","Victor town","B19013I_001","Hispanic or Latino (Any Race)",147578,36617
"3606979356",2017,"Ontario","West Bloomfield town","B19013B_001","Black (Non-Hispanic)",NA,NA
"3606979356",2017,"Ontario","West Bloomfield town","B19013C_001","Native American (Non-Hispanic)",NA,NA
"3606979356",2017,"Ontario","West Bloomfield town","B19013D_001","Asian (Non-Hispanic)",NA,NA
"3606979356",2017,"Ontario","West Bloomfield town","B19013E_001","Pacific Islander (Non-Hispanic)",NA,NA
"3606979356",2017,"Ontario","West Bloomfield town","B19013F_001","Other (Non-Hispanic)",NA,NA
"3606979356",2017,"Ontario","West Bloomfield town","B19013G_001","Two or More Races (Non-Hispanic)",NA,NA
"3606979356",2017,"Ontario","West Bloomfield town","B19013H_001","White (Non-Hispanic)",53351,4748
"3606979356",2017,"Ontario","West Bloomfield town","B19013I_001","Hispanic or Latino (Any Race)",NA,NA
"3607300000",2017,"Orleans","County subdivisions not defined","B19013B_001","Black (Non-Hispanic)",NA,NA
"3607300000",2017,"Orleans","County subdivisions not defined","B19013C_001","Native American (Non-Hispanic)",NA,NA
"3607300000",2017,"Orleans","County subdivisions not defined","B19013D_001","Asian (Non-Hispanic)",NA,NA
"3607300000",2017,"Orleans","County subdivisions not defined","B19013E_001","Pacific Islander (Non-Hispanic)",NA,NA
"3607300000",2017,"Orleans","County subdivisions not defined","B19013F_001","Other (Non-Hispanic)",NA,NA
"3607300000",2017,"Orleans","County subdivisions not defined","B19013G_001","Two or More Races (Non-Hispanic)",NA,NA
"3607300000",2017,"Orleans","County subdivisions not defined","B19013H_001","White (Non-Hispanic)",NA,NA
"3607300000",2017,"Orleans","County subdivisions not defined","B19013I_001","Hispanic or Latino (Any Race)",NA,NA
"3607301044",2017,"Orleans","Albion town","B19013B_001","Black (Non-Hispanic)",64826,30540
"3607301044",2017,"Orleans","Albion town","B19013C_001","Native American (Non-Hispanic)",NA,NA
"3607301044",2017,"Orleans","Albion town","B19013D_001","Asian (Non-Hispanic)",NA,NA
"3607301044",2017,"Orleans","Albion town","B19013E_001","Pacific Islander (Non-Hispanic)",NA,NA
"3607301044",2017,"Orleans","Albion town","B19013F_001","Other (Non-Hispanic)",19798,1989
"3607301044",2017,"Orleans","Albion town","B19013G_001","Two or More Races (Non-Hispanic)",NA,NA
"3607301044",2017,"Orleans","Albion town","B19013H_001","White (Non-Hispanic)",40495,3359
"3607301044",2017,"Orleans","Albion town","B19013I_001","Hispanic or Latino (Any Race)",19329,988
"3607304572",2017,"Orleans","Barre town","B19013B_001","Black (Non-Hispanic)",NA,NA
"3607304572",2017,"Orleans","Barre town","B19013C_001","Native American (Non-Hispanic)",NA,NA
"3607304572",2017,"Orleans","Barre town","B19013D_001","Asian (Non-Hispanic)",NA,NA
"3607304572",2017,"Orleans","Barre town","B19013E_001","Pacific Islander (Non-Hispanic)",NA,NA
"3607304572",2017,"Orleans","Barre town","B19013F_001","Other (Non-Hispanic)",NA,NA
"3607304572",2017,"Orleans","Barre town","B19013G_001","Two or More Races (Non-Hispanic)",NA,NA
"3607304572",2017,"Orleans","Barre town","B19013H_001","White (Non-Hispanic)",60833,7130
"3607304572",2017,"Orleans","Barre town","B19013I_001","Hispanic or Latino (Any Race)",NA,NA
"3607312496",2017,"Orleans","Carlton town","B19013B_001","Black (Non-Hispanic)",NA,NA
"3607312496",2017,"Orleans","Carlton town","B19013C_001","Native American (Non-Hispanic)",NA,NA
"3607312496",2017,"Orleans","Carlton town","B19013D_001","Asian (Non-Hispanic)",NA,NA
"3607312496",2017,"Orleans","Carlton town","B19013E_001","Pacific Islander (Non-Hispanic)",NA,NA
"3607312496",2017,"Orleans","Carlton town","B19013F_001","Other (Non-Hispanic)",NA,NA
"3607312496",2017,"Orleans","Carlton town","B19013G_001","Two or More Races (Non-Hispanic)",NA,NA
"3607312496",2017,"Orleans","Carlton town","B19013H_001","White (Non-Hispanic)",57571,6668
"3607312496",2017,"Orleans","Carlton town","B19013I_001","Hispanic or Latino (Any Race)",NA,NA
"3607315880",2017,"Orleans","Clarendon town","B19013B_001","Black (Non-Hispanic)",NA,NA
"3607315880",2017,"Orleans","Clarendon town","B19013C_001","Native American (Non-Hispanic)",NA,NA
"3607315880",2017,"Orleans","Clarendon town","B19013D_001","Asian (Non-Hispanic)",NA,NA
"3607315880",2017,"Orleans","Clarendon town","B19013E_001","Pacific Islander (Non-Hispanic)",NA,NA
"3607315880",2017,"Orleans","Clarendon town","B19013F_001","Other (Non-Hispanic)",NA,NA
"3607315880",2017,"Orleans","Clarendon town","B19013G_001","Two or More Races (Non-Hispanic)",50833,23642
"3607315880",2017,"Orleans","Clarendon town","B19013H_001","White (Non-Hispanic)",52661,9586
"3607315880",2017,"Orleans","Clarendon town","B19013I_001","Hispanic or Latino (Any Race)",NA,NA
"3607327958",2017,"Orleans","Gaines town","B19013B_001","Black (Non-Hispanic)",NA,NA
"3607327958",2017,"Orleans","Gaines town","B19013C_001","Native American (Non-Hispanic)",NA,NA
"3607327958",2017,"Orleans","Gaines town","B19013D_001","Asian (Non-Hispanic)",NA,NA
"3607327958",2017,"Orleans","Gaines town","B19013E_001","Pacific Islander (Non-Hispanic)",NA,NA
"3607327958",2017,"Orleans","Gaines town","B19013F_001","Other (Non-Hispanic)",NA,NA
"3607327958",2017,"Orleans","Gaines town","B19013G_001","Two or More Races (Non-Hispanic)",NA,NA
"3607327958",2017,"Orleans","Gaines town","B19013H_001","White (Non-Hispanic)",49628,15480
"3607327958",2017,"Orleans","Gaines town","B19013I_001","Hispanic or Latino (Any Race)",NA,NA
"3607339188",2017,"Orleans","Kendall town","B19013B_001","Black (Non-Hispanic)",NA,NA
"3607339188",2017,"Orleans","Kendall town","B19013C_001","Native American (Non-Hispanic)",NA,NA
"3607339188",2017,"Orleans","Kendall town","B19013D_001","Asian (Non-Hispanic)",NA,NA
"3607339188",2017,"Orleans","Kendall town","B19013E_001","Pacific Islander (Non-Hispanic)",NA,NA
"3607339188",2017,"Orleans","Kendall town","B19013F_001","Other (Non-Hispanic)",NA,NA
"3607339188",2017,"Orleans","Kendall town","B19013G_001","Two or More Races (Non-Hispanic)",NA,NA
"3607339188",2017,"Orleans","Kendall town","B19013H_001","White (Non-Hispanic)",54719,4761
"3607339188",2017,"Orleans","Kendall town","B19013I_001","Hispanic or Latino (Any Race)",NA,NA
"3607349286",2017,"Orleans","Murray town","B19013B_001","Black (Non-Hispanic)",NA,NA
"3607349286",2017,"Orleans","Murray town","B19013C_001","Native American (Non-Hispanic)",NA,NA
"3607349286",2017,"Orleans","Murray town","B19013D_001","Asian (Non-Hispanic)",NA,NA
"3607349286",2017,"Orleans","Murray town","B19013E_001","Pacific Islander (Non-Hispanic)",NA,NA
"3607349286",2017,"Orleans","Murray town","B19013F_001","Other (Non-Hispanic)",NA,NA
"3607349286",2017,"Orleans","Murray town","B19013G_001","Two or More Races (Non-Hispanic)",NA,NA
"3607349286",2017,"Orleans","Murray town","B19013H_001","White (Non-Hispanic)",44670,4941
"3607349286",2017,"Orleans","Murray town","B19013I_001","Hispanic or Latino (Any Race)",47639,42086
"3607361742",2017,"Orleans","Ridgeway town","B19013B_001","Black (Non-Hispanic)",19000,8699
"3607361742",2017,"Orleans","Ridgeway town","B19013C_001","Native American (Non-Hispanic)",NA,NA
"3607361742",2017,"Orleans","Ridgeway town","B19013D_001","Asian (Non-Hispanic)",NA,NA
"3607361742",2017,"Orleans","Ridgeway town","B19013E_001","Pacific Islander (Non-Hispanic)",NA,NA
"3607361742",2017,"Orleans","Ridgeway town","B19013F_001","Other (Non-Hispanic)",NA,NA
"3607361742",2017,"Orleans","Ridgeway town","B19013G_001","Two or More Races (Non-Hispanic)",NA,NA
"3607361742",2017,"Orleans","Ridgeway town","B19013H_001","White (Non-Hispanic)",48431,4142
"3607361742",2017,"Orleans","Ridgeway town","B19013I_001","Hispanic or Latino (Any Race)",36750,14566
"3607366751",2017,"Orleans","Shelby town","B19013B_001","Black (Non-Hispanic)",NA,NA
"3607366751",2017,"Orleans","Shelby town","B19013C_001","Native American (Non-Hispanic)",NA,NA
"3607366751",2017,"Orleans","Shelby town","B19013D_001","Asian (Non-Hispanic)",NA,NA
"3607366751",2017,"Orleans","Shelby town","B19013E_001","Pacific Islander (Non-Hispanic)",NA,NA
"3607366751",2017,"Orleans","Shelby town","B19013F_001","Other (Non-Hispanic)",NA,NA
"3607366751",2017,"Orleans","Shelby town","B19013G_001","Two or More Races (Non-Hispanic)",NA,NA
"3607366751",2017,"Orleans","Shelby town","B19013H_001","White (Non-Hispanic)",47065,4619
"3607366751",2017,"Orleans","Shelby town","B19013I_001","Hispanic or Latino (Any Race)",NA,NA
"3607383448",2017,"Orleans","Yates town","B19013B_001","Black (Non-Hispanic)",NA,NA
"3607383448",2017,"Orleans","Yates town","B19013C_001","Native American (Non-Hispanic)",NA,NA
"3607383448",2017,"Orleans","Yates town","B19013D_001","Asian (Non-Hispanic)",NA,NA
"3607383448",2017,"Orleans","Yates town","B19013E_001","Pacific Islander (Non-Hispanic)",NA,NA
"3607383448",2017,"Orleans","Yates town","B19013F_001","Other (Non-Hispanic)",NA,NA
"3607383448",2017,"Orleans","Yates town","B19013G_001","Two or More Races (Non-Hispanic)",NA,NA
"3607383448",2017,"Orleans","Yates town","B19013H_001","White (Non-Hispanic)",59156,5444
"3607383448",2017,"Orleans","Yates town","B19013I_001","Hispanic or Latino (Any Race)",NA,NA
"3609918663",2017,"Seneca","Covert town","B19013B_001","Black (Non-Hispanic)",NA,NA
"3609918663",2017,"Seneca","Covert town","B19013C_001","Native American (Non-Hispanic)",NA,NA
"3609918663",2017,"Seneca","Covert town","B19013D_001","Asian (Non-Hispanic)",NA,NA
"3609918663",2017,"Seneca","Covert town","B19013E_001","Pacific Islander (Non-Hispanic)",NA,NA
"3609918663",2017,"Seneca","Covert town","B19013F_001","Other (Non-Hispanic)",NA,NA
"3609918663",2017,"Seneca","Covert town","B19013G_001","Two or More Races (Non-Hispanic)",NA,NA
"3609918663",2017,"Seneca","Covert town","B19013H_001","White (Non-Hispanic)",58571,12779
"3609918663",2017,"Seneca","Covert town","B19013I_001","Hispanic or Latino (Any Race)",NA,NA
"3609925505",2017,"Seneca","Fayette town","B19013B_001","Black (Non-Hispanic)",NA,NA
"3609925505",2017,"Seneca","Fayette town","B19013C_001","Native American (Non-Hispanic)",NA,NA
"3609925505",2017,"Seneca","Fayette town","B19013D_001","Asian (Non-Hispanic)",NA,NA
"3609925505",2017,"Seneca","Fayette town","B19013E_001","Pacific Islander (Non-Hispanic)",NA,NA
"3609925505",2017,"Seneca","Fayette town","B19013F_001","Other (Non-Hispanic)",NA,NA
"3609925505",2017,"Seneca","Fayette town","B19013G_001","Two or More Races (Non-Hispanic)",NA,NA
"3609925505",2017,"Seneca","Fayette town","B19013H_001","White (Non-Hispanic)",65662,7798
"3609925505",2017,"Seneca","Fayette town","B19013I_001","Hispanic or Latino (Any Race)",NA,NA
"3609928640",2017,"Seneca","Geneva city","B19013B_001","Black (Non-Hispanic)",NA,NA
"3609928640",2017,"Seneca","Geneva city","B19013C_001","Native American (Non-Hispanic)",NA,NA
"3609928640",2017,"Seneca","Geneva city","B19013D_001","Asian (Non-Hispanic)",NA,NA
"3609928640",2017,"Seneca","Geneva city","B19013E_001","Pacific Islander (Non-Hispanic)",NA,NA
"3609928640",2017,"Seneca","Geneva city","B19013F_001","Other (Non-Hispanic)",NA,NA
"3609928640",2017,"Seneca","Geneva city","B19013G_001","Two or More Races (Non-Hispanic)",NA,NA
"3609928640",2017,"Seneca","Geneva city","B19013H_001","White (Non-Hispanic)",NA,NA
"3609928640",2017,"Seneca","Geneva city","B19013I_001","Hispanic or Latino (Any Race)",NA,NA
"3609938858",2017,"Seneca","Junius town","B19013B_001","Black (Non-Hispanic)",NA,NA
"3609938858",2017,"Seneca","Junius town","B19013C_001","Native American (Non-Hispanic)",NA,NA
"3609938858",2017,"Seneca","Junius town","B19013D_001","Asian (Non-Hispanic)",NA,NA
"3609938858",2017,"Seneca","Junius town","B19013E_001","Pacific Islander (Non-Hispanic)",NA,NA
"3609938858",2017,"Seneca","Junius town","B19013F_001","Other (Non-Hispanic)",NA,NA
"3609938858",2017,"Seneca","Junius town","B19013G_001","Two or More Races (Non-Hispanic)",NA,NA
"3609938858",2017,"Seneca","Junius town","B19013H_001","White (Non-Hispanic)",51333,7180
"3609938858",2017,"Seneca","Junius town","B19013I_001","Hispanic or Latino (Any Race)",48472,4666
"3609943225",2017,"Seneca","Lodi town","B19013B_001","Black (Non-Hispanic)",NA,NA
"3609943225",2017,"Seneca","Lodi town","B19013C_001","Native American (Non-Hispanic)",NA,NA
"3609943225",2017,"Seneca","Lodi town","B19013D_001","Asian (Non-Hispanic)",NA,NA
"3609943225",2017,"Seneca","Lodi town","B19013E_001","Pacific Islander (Non-Hispanic)",NA,NA
"3609943225",2017,"Seneca","Lodi town","B19013F_001","Other (Non-Hispanic)",NA,NA
"3609943225",2017,"Seneca","Lodi town","B19013G_001","Two or More Races (Non-Hispanic)",NA,NA
"3609943225",2017,"Seneca","Lodi town","B19013H_001","White (Non-Hispanic)",48409,7233
"3609943225",2017,"Seneca","Lodi town","B19013I_001","Hispanic or Latino (Any Race)",NA,NA
"3609955827",2017,"Seneca","Ovid town","B19013B_001","Black (Non-Hispanic)",28438,10925
"3609955827",2017,"Seneca","Ovid town","B19013C_001","Native American (Non-Hispanic)",NA,NA
"3609955827",2017,"Seneca","Ovid town","B19013D_001","Asian (Non-Hispanic)",NA,NA
"3609955827",2017,"Seneca","Ovid town","B19013E_001","Pacific Islander (Non-Hispanic)",NA,NA
"3609955827",2017,"Seneca","Ovid town","B19013F_001","Other (Non-Hispanic)",NA,NA
"3609955827",2017,"Seneca","Ovid town","B19013G_001","Two or More Races (Non-Hispanic)",NA,NA
"3609955827",2017,"Seneca","Ovid town","B19013H_001","White (Non-Hispanic)",46447,5792
"3609955827",2017,"Seneca","Ovid town","B19013I_001","Hispanic or Latino (Any Race)",NA,NA
"3609963440",2017,"Seneca","Romulus town","B19013B_001","Black (Non-Hispanic)",NA,NA
"3609963440",2017,"Seneca","Romulus town","B19013C_001","Native American (Non-Hispanic)",NA,NA
"3609963440",2017,"Seneca","Romulus town","B19013D_001","Asian (Non-Hispanic)",NA,NA
"3609963440",2017,"Seneca","Romulus town","B19013E_001","Pacific Islander (Non-Hispanic)",NA,NA
"3609963440",2017,"Seneca","Romulus town","B19013F_001","Other (Non-Hispanic)",NA,NA
"3609963440",2017,"Seneca","Romulus town","B19013G_001","Two or More Races (Non-Hispanic)",NA,NA
"3609963440",2017,"Seneca","Romulus town","B19013H_001","White (Non-Hispanic)",55682,11542
"3609963440",2017,"Seneca","Romulus town","B19013I_001","Hispanic or Latino (Any Race)",62054,19916
"3609966333",2017,"Seneca","Seneca Falls town","B19013B_001","Black (Non-Hispanic)",33125,13749
"3609966333",2017,"Seneca","Seneca Falls town","B19013C_001","Native American (Non-Hispanic)",NA,NA
"3609966333",2017,"Seneca","Seneca Falls town","B19013D_001","Asian (Non-Hispanic)",NA,NA
"3609966333",2017,"Seneca","Seneca Falls town","B19013E_001","Pacific Islander (Non-Hispanic)",NA,NA
"3609966333",2017,"Seneca","Seneca Falls town","B19013F_001","Other (Non-Hispanic)",NA,NA
"3609966333",2017,"Seneca","Seneca Falls town","B19013G_001","Two or More Races (Non-Hispanic)",NA,NA
"3609966333",2017,"Seneca","Seneca Falls town","B19013H_001","White (Non-Hispanic)",53104,3355
"3609966333",2017,"Seneca","Seneca Falls town","B19013I_001","Hispanic or Latino (Any Race)",6339,2429
"3609975902",2017,"Seneca","Tyre town","B19013B_001","Black (Non-Hispanic)",NA,NA
"3609975902",2017,"Seneca","Tyre town","B19013C_001","Native American (Non-Hispanic)",NA,NA
"3609975902",2017,"Seneca","Tyre town","B19013D_001","Asian (Non-Hispanic)",NA,NA
"3609975902",2017,"Seneca","Tyre town","B19013E_001","Pacific Islander (Non-Hispanic)",NA,NA
"3609975902",2017,"Seneca","Tyre town","B19013F_001","Other (Non-Hispanic)",NA,NA
"3609975902",2017,"Seneca","Tyre town","B19013G_001","Two or More Races (Non-Hispanic)",NA,NA
"3609975902",2017,"Seneca","Tyre town","B19013H_001","White (Non-Hispanic)",52431,12430
"3609975902",2017,"Seneca","Tyre town","B19013I_001","Hispanic or Latino (Any Race)",NA,NA
"3609976958",2017,"Seneca","Varick town","B19013B_001","Black (Non-Hispanic)",NA,NA
"3609976958",2017,"Seneca","Varick town","B19013C_001","Native American (Non-Hispanic)",NA,NA
"3609976958",2017,"Seneca","Varick town","B19013D_001","Asian (Non-Hispanic)",NA,NA
"3609976958",2017,"Seneca","Varick town","B19013E_001","Pacific Islander (Non-Hispanic)",NA,NA
"3609976958",2017,"Seneca","Varick town","B19013F_001","Other (Non-Hispanic)",NA,NA
"3609976958",2017,"Seneca","Varick town","B19013G_001","Two or More Races (Non-Hispanic)",NA,NA
"3609976958",2017,"Seneca","Varick town","B19013H_001","White (Non-Hispanic)",59844,10093
"3609976958",2017,"Seneca","Varick town","B19013I_001","Hispanic or Latino (Any Race)",NA,NA
"3609978564",2017,"Seneca","Waterloo town","B19013B_001","Black (Non-Hispanic)",120278,72195
"3609978564",2017,"Seneca","Waterloo town","B19013C_001","Native American (Non-Hispanic)",NA,NA
"3609978564",2017,"Seneca","Waterloo town","B19013D_001","Asian (Non-Hispanic)",NA,NA
"3609978564",2017,"Seneca","Waterloo town","B19013E_001","Pacific Islander (Non-Hispanic)",NA,NA
"3609978564",2017,"Seneca","Waterloo town","B19013F_001","Other (Non-Hispanic)",NA,NA
"3609978564",2017,"Seneca","Waterloo town","B19013G_001","Two or More Races (Non-Hispanic)",NA,NA
"3609978564",2017,"Seneca","Waterloo town","B19013H_001","White (Non-Hispanic)",50212,4070
"3609978564",2017,"Seneca","Waterloo town","B19013I_001","Hispanic or Latino (Any Race)",NA,NA
"3611700000",2017,"Wayne","County subdivisions not defined","B19013B_001","Black (Non-Hispanic)",NA,NA
"3611700000",2017,"Wayne","County subdivisions not defined","B19013C_001","Native American (Non-Hispanic)",NA,NA
"3611700000",2017,"Wayne","County subdivisions not defined","B19013D_001","Asian (Non-Hispanic)",NA,NA
"3611700000",2017,"Wayne","County subdivisions not defined","B19013E_001","Pacific Islander (Non-Hispanic)",NA,NA
"3611700000",2017,"Wayne","County subdivisions not defined","B19013F_001","Other (Non-Hispanic)",NA,NA
"3611700000",2017,"Wayne","County subdivisions not defined","B19013G_001","Two or More Races (Non-Hispanic)",NA,NA
"3611700000",2017,"Wayne","County subdivisions not defined","B19013H_001","White (Non-Hispanic)",NA,NA
"3611700000",2017,"Wayne","County subdivisions not defined","B19013I_001","Hispanic or Latino (Any Race)",NA,NA
"3611702440",2017,"Wayne","Arcadia town","B19013B_001","Black (Non-Hispanic)",48333,47642
"3611702440",2017,"Wayne","Arcadia town","B19013C_001","Native American (Non-Hispanic)",NA,NA
"3611702440",2017,"Wayne","Arcadia town","B19013D_001","Asian (Non-Hispanic)",96528,31247
"3611702440",2017,"Wayne","Arcadia town","B19013E_001","Pacific Islander (Non-Hispanic)",NA,NA
"3611702440",2017,"Wayne","Arcadia town","B19013F_001","Other (Non-Hispanic)",NA,NA
"3611702440",2017,"Wayne","Arcadia town","B19013G_001","Two or More Races (Non-Hispanic)",NA,NA
"3611702440",2017,"Wayne","Arcadia town","B19013H_001","White (Non-Hispanic)",44265,4803
"3611702440",2017,"Wayne","Arcadia town","B19013I_001","Hispanic or Latino (Any Race)",25469,14573
"3611711473",2017,"Wayne","Butler town","B19013B_001","Black (Non-Hispanic)",NA,NA
"3611711473",2017,"Wayne","Butler town","B19013C_001","Native American (Non-Hispanic)",NA,NA
"3611711473",2017,"Wayne","Butler town","B19013D_001","Asian (Non-Hispanic)",NA,NA
"3611711473",2017,"Wayne","Butler town","B19013E_001","Pacific Islander (Non-Hispanic)",NA,NA
"3611711473",2017,"Wayne","Butler town","B19013F_001","Other (Non-Hispanic)",NA,NA
"3611711473",2017,"Wayne","Butler town","B19013G_001","Two or More Races (Non-Hispanic)",NA,NA
"3611711473",2017,"Wayne","Butler town","B19013H_001","White (Non-Hispanic)",45481,7177
"3611711473",2017,"Wayne","Butler town","B19013I_001","Hispanic or Latino (Any Race)",NA,NA
"3611728013",2017,"Wayne","Galen town","B19013B_001","Black (Non-Hispanic)",NA,NA
"3611728013",2017,"Wayne","Galen town","B19013C_001","Native American (Non-Hispanic)",NA,NA
"3611728013",2017,"Wayne","Galen town","B19013D_001","Asian (Non-Hispanic)",NA,NA
"3611728013",2017,"Wayne","Galen town","B19013E_001","Pacific Islander (Non-Hispanic)",NA,NA
"3611728013",2017,"Wayne","Galen town","B19013F_001","Other (Non-Hispanic)",NA,NA
"3611728013",2017,"Wayne","Galen town","B19013G_001","Two or More Races (Non-Hispanic)",NA,NA
"3611728013",2017,"Wayne","Galen town","B19013H_001","White (Non-Hispanic)",55197,6349
"3611728013",2017,"Wayne","Galen town","B19013I_001","Hispanic or Latino (Any Race)",19250,16647
"3611737165",2017,"Wayne","Huron town","B19013B_001","Black (Non-Hispanic)",NA,NA
"3611737165",2017,"Wayne","Huron town","B19013C_001","Native American (Non-Hispanic)",NA,NA
"3611737165",2017,"Wayne","Huron town","B19013D_001","Asian (Non-Hispanic)",NA,NA
"3611737165",2017,"Wayne","Huron town","B19013E_001","Pacific Islander (Non-Hispanic)",NA,NA
"3611737165",2017,"Wayne","Huron town","B19013F_001","Other (Non-Hispanic)",NA,NA
"3611737165",2017,"Wayne","Huron town","B19013G_001","Two or More Races (Non-Hispanic)",NA,NA
"3611737165",2017,"Wayne","Huron town","B19013H_001","White (Non-Hispanic)",67000,7390
"3611737165",2017,"Wayne","Huron town","B19013I_001","Hispanic or Latino (Any Race)",110417,67369
"3611743973",2017,"Wayne","Lyons town","B19013B_001","Black (Non-Hispanic)",NA,NA
"3611743973",2017,"Wayne","Lyons town","B19013C_001","Native American (Non-Hispanic)",NA,NA
"3611743973",2017,"Wayne","Lyons town","B19013D_001","Asian (Non-Hispanic)",NA,NA
"3611743973",2017,"Wayne","Lyons town","B19013E_001","Pacific Islander (Non-Hispanic)",NA,NA
"3611743973",2017,"Wayne","Lyons town","B19013F_001","Other (Non-Hispanic)",NA,NA
"3611743973",2017,"Wayne","Lyons town","B19013G_001","Two or More Races (Non-Hispanic)",NA,NA
"3611743973",2017,"Wayne","Lyons town","B19013H_001","White (Non-Hispanic)",49643,9445
"3611743973",2017,"Wayne","Lyons town","B19013I_001","Hispanic or Latino (Any Race)",NA,NA
"3611744160",2017,"Wayne","Macedon town","B19013B_001","Black (Non-Hispanic)",NA,NA
"3611744160",2017,"Wayne","Macedon town","B19013C_001","Native American (Non-Hispanic)",NA,NA
"3611744160",2017,"Wayne","Macedon town","B19013D_001","Asian (Non-Hispanic)",NA,NA
"3611744160",2017,"Wayne","Macedon town","B19013E_001","Pacific Islander (Non-Hispanic)",NA,NA
"3611744160",2017,"Wayne","Macedon town","B19013F_001","Other (Non-Hispanic)",NA,NA
"3611744160",2017,"Wayne","Macedon town","B19013G_001","Two or More Races (Non-Hispanic)",NA,NA
"3611744160",2017,"Wayne","Macedon town","B19013H_001","White (Non-Hispanic)",58938,5987
"3611744160",2017,"Wayne","Macedon town","B19013I_001","Hispanic or Latino (Any Race)",126250,119959
"3611745645",2017,"Wayne","Marion town","B19013B_001","Black (Non-Hispanic)",NA,NA
"3611745645",2017,"Wayne","Marion town","B19013C_001","Native American (Non-Hispanic)",NA,NA
"3611745645",2017,"Wayne","Marion town","B19013D_001","Asian (Non-Hispanic)",NA,NA
"3611745645",2017,"Wayne","Marion town","B19013E_001","Pacific Islander (Non-Hispanic)",NA,NA
"3611745645",2017,"Wayne","Marion town","B19013F_001","Other (Non-Hispanic)",NA,NA
"3611745645",2017,"Wayne","Marion town","B19013G_001","Two or More Races (Non-Hispanic)",NA,NA
"3611745645",2017,"Wayne","Marion town","B19013H_001","White (Non-Hispanic)",63607,6712
"3611745645",2017,"Wayne","Marion town","B19013I_001","Hispanic or Latino (Any Race)",NA,NA
"3611755013",2017,"Wayne","Ontario town","B19013B_001","Black (Non-Hispanic)",40694,26433
"3611755013",2017,"Wayne","Ontario town","B19013C_001","Native American (Non-Hispanic)",NA,NA
"3611755013",2017,"Wayne","Ontario town","B19013D_001","Asian (Non-Hispanic)",NA,NA
"3611755013",2017,"Wayne","Ontario town","B19013E_001","Pacific Islander (Non-Hispanic)",NA,NA
"3611755013",2017,"Wayne","Ontario town","B19013F_001","Other (Non-Hispanic)",NA,NA
"3611755013",2017,"Wayne","Ontario town","B19013G_001","Two or More Races (Non-Hispanic)",NA,NA
"3611755013",2017,"Wayne","Ontario town","B19013H_001","White (Non-Hispanic)",65014,6586
"3611755013",2017,"Wayne","Ontario town","B19013I_001","Hispanic or Latino (Any Race)",29325,18258
"3611756198",2017,"Wayne","Palmyra town","B19013B_001","Black (Non-Hispanic)",NA,NA
"3611756198",2017,"Wayne","Palmyra town","B19013C_001","Native American (Non-Hispanic)",NA,NA
"3611756198",2017,"Wayne","Palmyra town","B19013D_001","Asian (Non-Hispanic)",NA,NA
"3611756198",2017,"Wayne","Palmyra town","B19013E_001","Pacific Islander (Non-Hispanic)",NA,NA
"3611756198",2017,"Wayne","Palmyra town","B19013F_001","Other (Non-Hispanic)",NA,NA
"3611756198",2017,"Wayne","Palmyra town","B19013G_001","Two or More Races (Non-Hispanic)",NA,NA
"3611756198",2017,"Wayne","Palmyra town","B19013H_001","White (Non-Hispanic)",49653,5050
"3611756198",2017,"Wayne","Palmyra town","B19013I_001","Hispanic or Latino (Any Race)",NA,NA
"3611763605",2017,"Wayne","Rose town","B19013B_001","Black (Non-Hispanic)",NA,NA
"3611763605",2017,"Wayne","Rose town","B19013C_001","Native American (Non-Hispanic)",NA,NA
"3611763605",2017,"Wayne","Rose town","B19013D_001","Asian (Non-Hispanic)",NA,NA
"3611763605",2017,"Wayne","Rose town","B19013E_001","Pacific Islander (Non-Hispanic)",NA,NA
"3611763605",2017,"Wayne","Rose town","B19013F_001","Other (Non-Hispanic)",NA,NA
"3611763605",2017,"Wayne","Rose town","B19013G_001","Two or More Races (Non-Hispanic)",NA,NA
"3611763605",2017,"Wayne","Rose town","B19013H_001","White (Non-Hispanic)",46953,9957
"3611763605",2017,"Wayne","Rose town","B19013I_001","Hispanic or Latino (Any Race)",NA,NA
"3611765343",2017,"Wayne","Savannah town","B19013B_001","Black (Non-Hispanic)",NA,NA
"3611765343",2017,"Wayne","Savannah town","B19013C_001","Native American (Non-Hispanic)",NA,NA
"3611765343",2017,"Wayne","Savannah town","B19013D_001","Asian (Non-Hispanic)",NA,NA
"3611765343",2017,"Wayne","Savannah town","B19013E_001","Pacific Islander (Non-Hispanic)",NA,NA
"3611765343",2017,"Wayne","Savannah town","B19013F_001","Other (Non-Hispanic)",NA,NA
"3611765343",2017,"Wayne","Savannah town","B19013G_001","Two or More Races (Non-Hispanic)",NA,NA
"3611765343",2017,"Wayne","Savannah town","B19013H_001","White (Non-Hispanic)",50221,6262
"3611765343",2017,"Wayne","Savannah town","B19013I_001","Hispanic or Latino (Any Race)",NA,NA
"3611768220",2017,"Wayne","Sodus town","B19013B_001","Black (Non-Hispanic)",21136,9095
"3611768220",2017,"Wayne","Sodus town","B19013C_001","Native American (Non-Hispanic)",NA,NA
"3611768220",2017,"Wayne","Sodus town","B19013D_001","Asian (Non-Hispanic)",NA,NA
"3611768220",2017,"Wayne","Sodus town","B19013E_001","Pacific Islander (Non-Hispanic)",NA,NA
"3611768220",2017,"Wayne","Sodus town","B19013F_001","Other (Non-Hispanic)",63589,855
"3611768220",2017,"Wayne","Sodus town","B19013G_001","Two or More Races (Non-Hispanic)",NA,NA
"3611768220",2017,"Wayne","Sodus town","B19013H_001","White (Non-Hispanic)",49864,4599
"3611768220",2017,"Wayne","Sodus town","B19013I_001","Hispanic or Latino (Any Race)",62782,49942
"3611778102",2017,"Wayne","Walworth town","B19013B_001","Black (Non-Hispanic)",NA,NA
"3611778102",2017,"Wayne","Walworth town","B19013C_001","Native American (Non-Hispanic)",NA,NA
"3611778102",2017,"Wayne","Walworth town","B19013D_001","Asian (Non-Hispanic)",NA,NA
"3611778102",2017,"Wayne","Walworth town","B19013E_001","Pacific Islander (Non-Hispanic)",NA,NA
"3611778102",2017,"Wayne","Walworth town","B19013F_001","Other (Non-Hispanic)",NA,NA
"3611778102",2017,"Wayne","Walworth town","B19013G_001","Two or More Races (Non-Hispanic)",49167,31836
"3611778102",2017,"Wayne","Walworth town","B19013H_001","White (Non-Hispanic)",76269,5249
"3611778102",2017,"Wayne","Walworth town","B19013I_001","Hispanic or Latino (Any Race)",96375,34789
"3611782040",2017,"Wayne","Williamson town","B19013B_001","Black (Non-Hispanic)",NA,NA
"3611782040",2017,"Wayne","Williamson town","B19013C_001","Native American (Non-Hispanic)",NA,NA
"3611782040",2017,"Wayne","Williamson town","B19013D_001","Asian (Non-Hispanic)",NA,NA
"3611782040",2017,"Wayne","Williamson town","B19013E_001","Pacific Islander (Non-Hispanic)",NA,NA
"3611782040",2017,"Wayne","Williamson town","B19013F_001","Other (Non-Hispanic)",NA,NA
"3611782040",2017,"Wayne","Williamson town","B19013G_001","Two or More Races (Non-Hispanic)",NA,NA
"3611782040",2017,"Wayne","Williamson town","B19013H_001","White (Non-Hispanic)",63750,11979
"3611782040",2017,"Wayne","Williamson town","B19013I_001","Hispanic or Latino (Any Race)",56458,43700
"3611782689",2017,"Wayne","Wolcott town","B19013B_001","Black (Non-Hispanic)",NA,NA
"3611782689",2017,"Wayne","Wolcott town","B19013C_001","Native American (Non-Hispanic)",NA,NA
"3611782689",2017,"Wayne","Wolcott town","B19013D_001","Asian (Non-Hispanic)",NA,NA
"3611782689",2017,"Wayne","Wolcott town","B19013E_001","Pacific Islander (Non-Hispanic)",NA,NA
"3611782689",2017,"Wayne","Wolcott town","B19013F_001","Other (Non-Hispanic)",NA,NA
"3611782689",2017,"Wayne","Wolcott town","B19013G_001","Two or More Races (Non-Hispanic)",NA,NA
"3611782689",2017,"Wayne","Wolcott town","B19013H_001","White (Non-Hispanic)",43631,7117
"3611782689",2017,"Wayne","Wolcott town","B19013I_001","Hispanic or Latino (Any Race)",NA,NA
"3612304594",2017,"Yates","Barrington town","B19013B_001","Black (Non-Hispanic)",NA,NA
"3612304594",2017,"Yates","Barrington town","B19013C_001","Native American (Non-Hispanic)",NA,NA
"3612304594",2017,"Yates","Barrington town","B19013D_001","Asian (Non-Hispanic)",NA,NA
"3612304594",2017,"Yates","Barrington town","B19013E_001","Pacific Islander (Non-Hispanic)",NA,NA
"3612304594",2017,"Yates","Barrington town","B19013F_001","Other (Non-Hispanic)",NA,NA
"3612304594",2017,"Yates","Barrington town","B19013G_001","Two or More Races (Non-Hispanic)",NA,NA
"3612304594",2017,"Yates","Barrington town","B19013H_001","White (Non-Hispanic)",58375,8286
"3612304594",2017,"Yates","Barrington town","B19013I_001","Hispanic or Latino (Any Race)",NA,NA
"3612306002",2017,"Yates","Benton town","B19013B_001","Black (Non-Hispanic)",NA,NA
"3612306002",2017,"Yates","Benton town","B19013C_001","Native American (Non-Hispanic)",NA,NA
"3612306002",2017,"Yates","Benton town","B19013D_001","Asian (Non-Hispanic)",NA,NA
"3612306002",2017,"Yates","Benton town","B19013E_001","Pacific Islander (Non-Hispanic)",NA,NA
"3612306002",2017,"Yates","Benton town","B19013F_001","Other (Non-Hispanic)",NA,NA
"3612306002",2017,"Yates","Benton town","B19013G_001","Two or More Races (Non-Hispanic)",NA,NA
"3612306002",2017,"Yates","Benton town","B19013H_001","White (Non-Hispanic)",67156,5860
"3612306002",2017,"Yates","Benton town","B19013I_001","Hispanic or Latino (Any Race)",NA,NA
"3612338044",2017,"Yates","Italy town","B19013B_001","Black (Non-Hispanic)",NA,NA
"3612338044",2017,"Yates","Italy town","B19013C_001","Native American (Non-Hispanic)",NA,NA
"3612338044",2017,"Yates","Italy town","B19013D_001","Asian (Non-Hispanic)",NA,NA
"3612338044",2017,"Yates","Italy town","B19013E_001","Pacific Islander (Non-Hispanic)",NA,NA
"3612338044",2017,"Yates","Italy town","B19013F_001","Other (Non-Hispanic)",NA,NA
"3612338044",2017,"Yates","Italy town","B19013G_001","Two or More Races (Non-Hispanic)",NA,NA
"3612338044",2017,"Yates","Italy town","B19013H_001","White (Non-Hispanic)",57019,6463
"3612338044",2017,"Yates","Italy town","B19013I_001","Hispanic or Latino (Any Race)",NA,NA
"3612338583",2017,"Yates","Jerusalem town","B19013B_001","Black (Non-Hispanic)",NA,NA
"3612338583",2017,"Yates","Jerusalem town","B19013C_001","Native American (Non-Hispanic)",NA,NA
"3612338583",2017,"Yates","Jerusalem town","B19013D_001","Asian (Non-Hispanic)",NA,NA
"3612338583",2017,"Yates","Jerusalem town","B19013E_001","Pacific Islander (Non-Hispanic)",NA,NA
"3612338583",2017,"Yates","Jerusalem town","B19013F_001","Other (Non-Hispanic)",NA,NA
"3612338583",2017,"Yates","Jerusalem town","B19013G_001","Two or More Races (Non-Hispanic)",NA,NA
"3612338583",2017,"Yates","Jerusalem town","B19013H_001","White (Non-Hispanic)",69364,6594
"3612338583",2017,"Yates","Jerusalem town","B19013I_001","Hispanic or Latino (Any Race)",NA,NA
"3612347020",2017,"Yates","Middlesex town","B19013B_001","Black (Non-Hispanic)",NA,NA
"3612347020",2017,"Yates","Middlesex town","B19013C_001","Native American (Non-Hispanic)",NA,NA
"3612347020",2017,"Yates","Middlesex town","B19013D_001","Asian (Non-Hispanic)",NA,NA
"3612347020",2017,"Yates","Middlesex town","B19013E_001","Pacific Islander (Non-Hispanic)",NA,NA
"3612347020",2017,"Yates","Middlesex town","B19013F_001","Other (Non-Hispanic)",NA,NA
"3612347020",2017,"Yates","Middlesex town","B19013G_001","Two or More Races (Non-Hispanic)",NA,NA
"3612347020",2017,"Yates","Middlesex town","B19013H_001","White (Non-Hispanic)",62750,10529
"3612347020",2017,"Yates","Middlesex town","B19013I_001","Hispanic or Latino (Any Race)",NA,NA
"3612347504",2017,"Yates","Milo town","B19013B_001","Black (Non-Hispanic)",NA,NA
"3612347504",2017,"Yates","Milo town","B19013C_001","Native American (Non-Hispanic)",NA,NA
"3612347504",2017,"Yates","Milo town","B19013D_001","Asian (Non-Hispanic)",NA,NA
"3612347504",2017,"Yates","Milo town","B19013E_001","Pacific Islander (Non-Hispanic)",NA,NA
"3612347504",2017,"Yates","Milo town","B19013F_001","Other (Non-Hispanic)",NA,NA
"3612347504",2017,"Yates","Milo town","B19013G_001","Two or More Races (Non-Hispanic)",NA,NA
"3612347504",2017,"Yates","Milo town","B19013H_001","White (Non-Hispanic)",36719,6551
"3612347504",2017,"Yates","Milo town","B19013I_001","Hispanic or Latino (Any Race)",NA,NA
"3612359597",2017,"Yates","Potter town","B19013B_001","Black (Non-Hispanic)",NA,NA
"3612359597",2017,"Yates","Potter town","B19013C_001","Native American (Non-Hispanic)",NA,NA
"3612359597",2017,"Yates","Potter town","B19013D_001","Asian (Non-Hispanic)",NA,NA
"3612359597",2017,"Yates","Potter town","B19013E_001","Pacific Islander (Non-Hispanic)",NA,NA
"3612359597",2017,"Yates","Potter town","B19013F_001","Other (Non-Hispanic)",NA,NA
"3612359597",2017,"Yates","Potter town","B19013G_001","Two or More Races (Non-Hispanic)",NA,NA
"3612359597",2017,"Yates","Potter town","B19013H_001","White (Non-Hispanic)",48750,9501
"3612359597",2017,"Yates","Potter town","B19013I_001","Hispanic or Latino (Any Race)",NA,NA
"3612370816",2017,"Yates","Starkey town","B19013B_001","Black (Non-Hispanic)",NA,NA
"3612370816",2017,"Yates","Starkey town","B19013C_001","Native American (Non-Hispanic)",NA,NA
"3612370816",2017,"Yates","Starkey town","B19013D_001","Asian (Non-Hispanic)",NA,NA
"3612370816",2017,"Yates","Starkey town","B19013E_001","Pacific Islander (Non-Hispanic)",NA,NA
"3612370816",2017,"Yates","Starkey town","B19013F_001","Other (Non-Hispanic)",NA,NA
"3612370816",2017,"Yates","Starkey town","B19013G_001","Two or More Races (Non-Hispanic)",NA,NA
"3612370816",2017,"Yates","Starkey town","B19013H_001","White (Non-Hispanic)",50179,9095
"3612370816",2017,"Yates","Starkey town","B19013I_001","Hispanic or Latino (Any Race)",NA,NA
"3612375055",2017,"Yates","Torrey town","B19013B_001","Black (Non-Hispanic)",NA,NA
"3612375055",2017,"Yates","Torrey town","B19013C_001","Native American (Non-Hispanic)",NA,NA
"3612375055",2017,"Yates","Torrey town","B19013D_001","Asian (Non-Hispanic)",NA,NA
"3612375055",2017,"Yates","Torrey town","B19013E_001","Pacific Islander (Non-Hispanic)",NA,NA
"3612375055",2017,"Yates","Torrey town","B19013F_001","Other (Non-Hispanic)",NA,NA
"3612375055",2017,"Yates","Torrey town","B19013G_001","Two or More Races (Non-Hispanic)",NA,NA
"3612375055",2017,"Yates","Torrey town","B19013H_001","White (Non-Hispanic)",59000,8365
"3612375055",2017,"Yates","Torrey town","B19013I_001","Hispanic or Latino (Any Race)",NA,NA
"3603700474",2018,"Genesee","Alabama town","B19013B_001","Black (Non-Hispanic)",NA,NA
"3603700474",2018,"Genesee","Alabama town","B19013C_001","Native American (Non-Hispanic)",NA,NA
"3603700474",2018,"Genesee","Alabama town","B19013D_001","Asian (Non-Hispanic)",NA,NA
"3603700474",2018,"Genesee","Alabama town","B19013E_001","Pacific Islander (Non-Hispanic)",NA,NA
"3603700474",2018,"Genesee","Alabama town","B19013F_001","Other (Non-Hispanic)",NA,NA
"3603700474",2018,"Genesee","Alabama town","B19013G_001","Two or More Races (Non-Hispanic)",NA,NA
"3603700474",2018,"Genesee","Alabama town","B19013H_001","White (Non-Hispanic)",60000,3491
"3603700474",2018,"Genesee","Alabama town","B19013I_001","Hispanic or Latino (Any Race)",NA,NA
"3603701165",2018,"Genesee","Alexander town","B19013B_001","Black (Non-Hispanic)",NA,NA
"3603701165",2018,"Genesee","Alexander town","B19013C_001","Native American (Non-Hispanic)",NA,NA
"3603701165",2018,"Genesee","Alexander town","B19013D_001","Asian (Non-Hispanic)",NA,NA
"3603701165",2018,"Genesee","Alexander town","B19013E_001","Pacific Islander (Non-Hispanic)",NA,NA
"3603701165",2018,"Genesee","Alexander town","B19013F_001","Other (Non-Hispanic)",NA,NA
"3603701165",2018,"Genesee","Alexander town","B19013G_001","Two or More Races (Non-Hispanic)",NA,NA
"3603701165",2018,"Genesee","Alexander town","B19013H_001","White (Non-Hispanic)",65000,5097
"3603701165",2018,"Genesee","Alexander town","B19013I_001","Hispanic or Latino (Any Race)",NA,NA
"3603704715",2018,"Genesee","Batavia city","B19013B_001","Black (Non-Hispanic)",39032,19494
"3603704715",2018,"Genesee","Batavia city","B19013C_001","Native American (Non-Hispanic)",NA,NA
"3603704715",2018,"Genesee","Batavia city","B19013D_001","Asian (Non-Hispanic)",NA,NA
"3603704715",2018,"Genesee","Batavia city","B19013E_001","Pacific Islander (Non-Hispanic)",NA,NA
"3603704715",2018,"Genesee","Batavia city","B19013F_001","Other (Non-Hispanic)",41587,20711
"3603704715",2018,"Genesee","Batavia city","B19013G_001","Two or More Races (Non-Hispanic)",NA,NA
"3603704715",2018,"Genesee","Batavia city","B19013H_001","White (Non-Hispanic)",48590,3119
"3603704715",2018,"Genesee","Batavia city","B19013I_001","Hispanic or Latino (Any Race)",NA,NA
"3603704726",2018,"Genesee","Batavia town","B19013B_001","Black (Non-Hispanic)",NA,NA
"3603704726",2018,"Genesee","Batavia town","B19013C_001","Native American (Non-Hispanic)",NA,NA
"3603704726",2018,"Genesee","Batavia town","B19013D_001","Asian (Non-Hispanic)",NA,NA
"3603704726",2018,"Genesee","Batavia town","B19013E_001","Pacific Islander (Non-Hispanic)",NA,NA
"3603704726",2018,"Genesee","Batavia town","B19013F_001","Other (Non-Hispanic)",NA,NA
"3603704726",2018,"Genesee","Batavia town","B19013G_001","Two or More Races (Non-Hispanic)",NA,NA
"3603704726",2018,"Genesee","Batavia town","B19013H_001","White (Non-Hispanic)",71250,15152
"3603704726",2018,"Genesee","Batavia town","B19013I_001","Hispanic or Latino (Any Race)",NA,NA
"3603706057",2018,"Genesee","Bergen town","B19013B_001","Black (Non-Hispanic)",NA,NA
"3603706057",2018,"Genesee","Bergen town","B19013C_001","Native American (Non-Hispanic)",NA,NA
"3603706057",2018,"Genesee","Bergen town","B19013D_001","Asian (Non-Hispanic)",NA,NA
"3603706057",2018,"Genesee","Bergen town","B19013E_001","Pacific Islander (Non-Hispanic)",NA,NA
"3603706057",2018,"Genesee","Bergen town","B19013F_001","Other (Non-Hispanic)",NA,NA
"3603706057",2018,"Genesee","Bergen town","B19013G_001","Two or More Races (Non-Hispanic)",NA,NA
"3603706057",2018,"Genesee","Bergen town","B19013H_001","White (Non-Hispanic)",57604,13331
"3603706057",2018,"Genesee","Bergen town","B19013I_001","Hispanic or Latino (Any Race)",NA,NA
"3603706266",2018,"Genesee","Bethany town","B19013B_001","Black (Non-Hispanic)",NA,NA
"3603706266",2018,"Genesee","Bethany town","B19013C_001","Native American (Non-Hispanic)",NA,NA
"3603706266",2018,"Genesee","Bethany town","B19013D_001","Asian (Non-Hispanic)",NA,NA
"3603706266",2018,"Genesee","Bethany town","B19013E_001","Pacific Islander (Non-Hispanic)",NA,NA
"3603706266",2018,"Genesee","Bethany town","B19013F_001","Other (Non-Hispanic)",43125,31535
"3603706266",2018,"Genesee","Bethany town","B19013G_001","Two or More Races (Non-Hispanic)",NA,NA
"3603706266",2018,"Genesee","Bethany town","B19013H_001","White (Non-Hispanic)",64833,7931
"3603706266",2018,"Genesee","Bethany town","B19013I_001","Hispanic or Latino (Any Race)",NA,NA
"3603711572",2018,"Genesee","Byron town","B19013B_001","Black (Non-Hispanic)",NA,NA
"3603711572",2018,"Genesee","Byron town","B19013C_001","Native American (Non-Hispanic)",NA,NA
"3603711572",2018,"Genesee","Byron town","B19013D_001","Asian (Non-Hispanic)",NA,NA
"3603711572",2018,"Genesee","Byron town","B19013E_001","Pacific Islander (Non-Hispanic)",NA,NA
"3603711572",2018,"Genesee","Byron town","B19013F_001","Other (Non-Hispanic)",NA,NA
"3603711572",2018,"Genesee","Byron town","B19013G_001","Two or More Races (Non-Hispanic)",NA,NA
"3603711572",2018,"Genesee","Byron town","B19013H_001","White (Non-Hispanic)",69402,7629
"3603711572",2018,"Genesee","Byron town","B19013I_001","Hispanic or Latino (Any Race)",NA,NA
"3603719719",2018,"Genesee","Darien town","B19013B_001","Black (Non-Hispanic)",NA,NA
"3603719719",2018,"Genesee","Darien town","B19013C_001","Native American (Non-Hispanic)",NA,NA
"3603719719",2018,"Genesee","Darien town","B19013D_001","Asian (Non-Hispanic)",NA,NA
"3603719719",2018,"Genesee","Darien town","B19013E_001","Pacific Islander (Non-Hispanic)",NA,NA
"3603719719",2018,"Genesee","Darien town","B19013F_001","Other (Non-Hispanic)",NA,NA
"3603719719",2018,"Genesee","Darien town","B19013G_001","Two or More Races (Non-Hispanic)",NA,NA
"3603719719",2018,"Genesee","Darien town","B19013H_001","White (Non-Hispanic)",75927,5033
"3603719719",2018,"Genesee","Darien town","B19013I_001","Hispanic or Latino (Any Race)",NA,NA
"3603723756",2018,"Genesee","Elba town","B19013B_001","Black (Non-Hispanic)",NA,NA
"3603723756",2018,"Genesee","Elba town","B19013C_001","Native American (Non-Hispanic)",NA,NA
"3603723756",2018,"Genesee","Elba town","B19013D_001","Asian (Non-Hispanic)",NA,NA
"3603723756",2018,"Genesee","Elba town","B19013E_001","Pacific Islander (Non-Hispanic)",NA,NA
"3603723756",2018,"Genesee","Elba town","B19013F_001","Other (Non-Hispanic)",33594,22066
"3603723756",2018,"Genesee","Elba town","B19013G_001","Two or More Races (Non-Hispanic)",NA,NA
"3603723756",2018,"Genesee","Elba town","B19013H_001","White (Non-Hispanic)",69028,9664
"3603723756",2018,"Genesee","Elba town","B19013I_001","Hispanic or Latino (Any Race)",33894,15409
"3603742037",2018,"Genesee","Le Roy town","B19013B_001","Black (Non-Hispanic)",NA,NA
"3603742037",2018,"Genesee","Le Roy town","B19013C_001","Native American (Non-Hispanic)",NA,NA
"3603742037",2018,"Genesee","Le Roy town","B19013D_001","Asian (Non-Hispanic)",NA,NA
"3603742037",2018,"Genesee","Le Roy town","B19013E_001","Pacific Islander (Non-Hispanic)",NA,NA
"3603742037",2018,"Genesee","Le Roy town","B19013F_001","Other (Non-Hispanic)",NA,NA
"3603742037",2018,"Genesee","Le Roy town","B19013G_001","Two or More Races (Non-Hispanic)",NA,NA
"3603742037",2018,"Genesee","Le Roy town","B19013H_001","White (Non-Hispanic)",70685,4683
"3603742037",2018,"Genesee","Le Roy town","B19013I_001","Hispanic or Latino (Any Race)",NA,NA
"3603754166",2018,"Genesee","Oakfield town","B19013B_001","Black (Non-Hispanic)",NA,NA
"3603754166",2018,"Genesee","Oakfield town","B19013C_001","Native American (Non-Hispanic)",NA,NA
"3603754166",2018,"Genesee","Oakfield town","B19013D_001","Asian (Non-Hispanic)",NA,NA
"3603754166",2018,"Genesee","Oakfield town","B19013E_001","Pacific Islander (Non-Hispanic)",NA,NA
"3603754166",2018,"Genesee","Oakfield town","B19013F_001","Other (Non-Hispanic)",NA,NA
"3603754166",2018,"Genesee","Oakfield town","B19013G_001","Two or More Races (Non-Hispanic)",NA,NA
"3603754166",2018,"Genesee","Oakfield town","B19013H_001","White (Non-Hispanic)",65099,13259
"3603754166",2018,"Genesee","Oakfield town","B19013I_001","Hispanic or Latino (Any Race)",NA,NA
"3603756792",2018,"Genesee","Pavilion town","B19013B_001","Black (Non-Hispanic)",NA,NA
"3603756792",2018,"Genesee","Pavilion town","B19013C_001","Native American (Non-Hispanic)",NA,NA
"3603756792",2018,"Genesee","Pavilion town","B19013D_001","Asian (Non-Hispanic)",NA,NA
"3603756792",2018,"Genesee","Pavilion town","B19013E_001","Pacific Islander (Non-Hispanic)",NA,NA
"3603756792",2018,"Genesee","Pavilion town","B19013F_001","Other (Non-Hispanic)",NA,NA
"3603756792",2018,"Genesee","Pavilion town","B19013G_001","Two or More Races (Non-Hispanic)",NA,NA
"3603756792",2018,"Genesee","Pavilion town","B19013H_001","White (Non-Hispanic)",81000,7828
"3603756792",2018,"Genesee","Pavilion town","B19013I_001","Hispanic or Latino (Any Race)",NA,NA
"3603757078",2018,"Genesee","Pembroke town","B19013B_001","Black (Non-Hispanic)",NA,NA
"3603757078",2018,"Genesee","Pembroke town","B19013C_001","Native American (Non-Hispanic)",NA,NA
"3603757078",2018,"Genesee","Pembroke town","B19013D_001","Asian (Non-Hispanic)",NA,NA
"3603757078",2018,"Genesee","Pembroke town","B19013E_001","Pacific Islander (Non-Hispanic)",NA,NA
"3603757078",2018,"Genesee","Pembroke town","B19013F_001","Other (Non-Hispanic)",NA,NA
"3603757078",2018,"Genesee","Pembroke town","B19013G_001","Two or More Races (Non-Hispanic)",NA,NA
"3603757078",2018,"Genesee","Pembroke town","B19013H_001","White (Non-Hispanic)",65917,16825
"3603757078",2018,"Genesee","Pembroke town","B19013I_001","Hispanic or Latino (Any Race)",NA,NA
"3603770607",2018,"Genesee","Stafford town","B19013B_001","Black (Non-Hispanic)",NA,NA
"3603770607",2018,"Genesee","Stafford town","B19013C_001","Native American (Non-Hispanic)",NA,NA
"3603770607",2018,"Genesee","Stafford town","B19013D_001","Asian (Non-Hispanic)",NA,NA
"3603770607",2018,"Genesee","Stafford town","B19013E_001","Pacific Islander (Non-Hispanic)",NA,NA
"3603770607",2018,"Genesee","Stafford town","B19013F_001","Other (Non-Hispanic)",NA,NA
"3603770607",2018,"Genesee","Stafford town","B19013G_001","Two or More Races (Non-Hispanic)",NA,NA
"3603770607",2018,"Genesee","Stafford town","B19013H_001","White (Non-Hispanic)",58750,10101
"3603770607",2018,"Genesee","Stafford town","B19013I_001","Hispanic or Latino (Any Race)",NA,NA
"3603775011",2018,"Genesee","Tonawanda Reservation","B19013B_001","Black (Non-Hispanic)",NA,NA
"3603775011",2018,"Genesee","Tonawanda Reservation","B19013C_001","Native American (Non-Hispanic)",43603,16706
"3603775011",2018,"Genesee","Tonawanda Reservation","B19013D_001","Asian (Non-Hispanic)",NA,NA
"3603775011",2018,"Genesee","Tonawanda Reservation","B19013E_001","Pacific Islander (Non-Hispanic)",NA,NA
"3603775011",2018,"Genesee","Tonawanda Reservation","B19013F_001","Other (Non-Hispanic)",NA,NA
"3603775011",2018,"Genesee","Tonawanda Reservation","B19013G_001","Two or More Races (Non-Hispanic)",NA,NA
"3603775011",2018,"Genesee","Tonawanda Reservation","B19013H_001","White (Non-Hispanic)",NA,NA
"3603775011",2018,"Genesee","Tonawanda Reservation","B19013I_001","Hispanic or Latino (Any Race)",NA,NA
"3605103364",2018,"Livingston","Avon town","B19013B_001","Black (Non-Hispanic)",NA,NA
"3605103364",2018,"Livingston","Avon town","B19013C_001","Native American (Non-Hispanic)",NA,NA
"3605103364",2018,"Livingston","Avon town","B19013D_001","Asian (Non-Hispanic)",NA,NA
"3605103364",2018,"Livingston","Avon town","B19013E_001","Pacific Islander (Non-Hispanic)",NA,NA
"3605103364",2018,"Livingston","Avon town","B19013F_001","Other (Non-Hispanic)",NA,NA
"3605103364",2018,"Livingston","Avon town","B19013G_001","Two or More Races (Non-Hispanic)",NA,NA
"3605103364",2018,"Livingston","Avon town","B19013H_001","White (Non-Hispanic)",57951,8462
"3605103364",2018,"Livingston","Avon town","B19013I_001","Hispanic or Latino (Any Race)",NA,NA
"3605111715",2018,"Livingston","Caledonia town","B19013B_001","Black (Non-Hispanic)",NA,NA
"3605111715",2018,"Livingston","Caledonia town","B19013C_001","Native American (Non-Hispanic)",NA,NA
"3605111715",2018,"Livingston","Caledonia town","B19013D_001","Asian (Non-Hispanic)",NA,NA
"3605111715",2018,"Livingston","Caledonia town","B19013E_001","Pacific Islander (Non-Hispanic)",NA,NA
"3605111715",2018,"Livingston","Caledonia town","B19013F_001","Other (Non-Hispanic)",NA,NA
"3605111715",2018,"Livingston","Caledonia town","B19013G_001","Two or More Races (Non-Hispanic)",NA,NA
"3605111715",2018,"Livingston","Caledonia town","B19013H_001","White (Non-Hispanic)",58977,12087
"3605111715",2018,"Livingston","Caledonia town","B19013I_001","Hispanic or Latino (Any Race)",NA,NA
"3605117618",2018,"Livingston","Conesus town","B19013B_001","Black (Non-Hispanic)",NA,NA
"3605117618",2018,"Livingston","Conesus town","B19013C_001","Native American (Non-Hispanic)",NA,NA
"3605117618",2018,"Livingston","Conesus town","B19013D_001","Asian (Non-Hispanic)",NA,NA
"3605117618",2018,"Livingston","Conesus town","B19013E_001","Pacific Islander (Non-Hispanic)",NA,NA
"3605117618",2018,"Livingston","Conesus town","B19013F_001","Other (Non-Hispanic)",NA,NA
"3605117618",2018,"Livingston","Conesus town","B19013G_001","Two or More Races (Non-Hispanic)",NA,NA
"3605117618",2018,"Livingston","Conesus town","B19013H_001","White (Non-Hispanic)",71523,6223
"3605117618",2018,"Livingston","Conesus town","B19013I_001","Hispanic or Latino (Any Race)",NA,NA
"3605128629",2018,"Livingston","Geneseo town","B19013B_001","Black (Non-Hispanic)",NA,NA
"3605128629",2018,"Livingston","Geneseo town","B19013C_001","Native American (Non-Hispanic)",NA,NA
"3605128629",2018,"Livingston","Geneseo town","B19013D_001","Asian (Non-Hispanic)",NA,NA
"3605128629",2018,"Livingston","Geneseo town","B19013E_001","Pacific Islander (Non-Hispanic)",NA,NA
"3605128629",2018,"Livingston","Geneseo town","B19013F_001","Other (Non-Hispanic)",NA,NA
"3605128629",2018,"Livingston","Geneseo town","B19013G_001","Two or More Races (Non-Hispanic)",NA,NA
"3605128629",2018,"Livingston","Geneseo town","B19013H_001","White (Non-Hispanic)",46519,5927
"3605128629",2018,"Livingston","Geneseo town","B19013I_001","Hispanic or Latino (Any Race)",NA,NA
"3605131016",2018,"Livingston","Groveland town","B19013B_001","Black (Non-Hispanic)",NA,NA
"3605131016",2018,"Livingston","Groveland town","B19013C_001","Native American (Non-Hispanic)",NA,NA
"3605131016",2018,"Livingston","Groveland town","B19013D_001","Asian (Non-Hispanic)",NA,NA
"3605131016",2018,"Livingston","Groveland town","B19013E_001","Pacific Islander (Non-Hispanic)",NA,NA
"3605131016",2018,"Livingston","Groveland town","B19013F_001","Other (Non-Hispanic)",NA,NA
"3605131016",2018,"Livingston","Groveland town","B19013G_001","Two or More Races (Non-Hispanic)",NA,NA
"3605131016",2018,"Livingston","Groveland town","B19013H_001","White (Non-Hispanic)",67396,10876
"3605131016",2018,"Livingston","Groveland town","B19013I_001","Hispanic or Latino (Any Race)",75795,36434
"3605141883",2018,"Livingston","Leicester town","B19013B_001","Black (Non-Hispanic)",NA,NA
"3605141883",2018,"Livingston","Leicester town","B19013C_001","Native American (Non-Hispanic)",NA,NA
"3605141883",2018,"Livingston","Leicester town","B19013D_001","Asian (Non-Hispanic)",NA,NA
"3605141883",2018,"Livingston","Leicester town","B19013E_001","Pacific Islander (Non-Hispanic)",NA,NA
"3605141883",2018,"Livingston","Leicester town","B19013F_001","Other (Non-Hispanic)",NA,NA
"3605141883",2018,"Livingston","Leicester town","B19013G_001","Two or More Races (Non-Hispanic)",NA,NA
"3605141883",2018,"Livingston","Leicester town","B19013H_001","White (Non-Hispanic)",57697,4161
"3605141883",2018,"Livingston","Leicester town","B19013I_001","Hispanic or Latino (Any Race)",NA,NA
"3605142334",2018,"Livingston","Lima town","B19013B_001","Black (Non-Hispanic)",NA,NA
"3605142334",2018,"Livingston","Lima town","B19013C_001","Native American (Non-Hispanic)",NA,NA
"3605142334",2018,"Livingston","Lima town","B19013D_001","Asian (Non-Hispanic)",60139,27779
"3605142334",2018,"Livingston","Lima town","B19013E_001","Pacific Islander (Non-Hispanic)",NA,NA
"3605142334",2018,"Livingston","Lima town","B19013F_001","Other (Non-Hispanic)",NA,NA
"3605142334",2018,"Livingston","Lima town","B19013G_001","Two or More Races (Non-Hispanic)",NA,NA
"3605142334",2018,"Livingston","Lima town","B19013H_001","White (Non-Hispanic)",62113,7947
"3605142334",2018,"Livingston","Lima town","B19013I_001","Hispanic or Latino (Any Race)",NA,NA
"3605142961",2018,"Livingston","Livonia town","B19013B_001","Black (Non-Hispanic)",NA,NA
"3605142961",2018,"Livingston","Livonia town","B19013C_001","Native American (Non-Hispanic)",NA,NA
"3605142961",2018,"Livingston","Livonia town","B19013D_001","Asian (Non-Hispanic)",NA,NA
"3605142961",2018,"Livingston","Livonia town","B19013E_001","Pacific Islander (Non-Hispanic)",NA,NA
"3605142961",2018,"Livingston","Livonia town","B19013F_001","Other (Non-Hispanic)",NA,NA
"3605142961",2018,"Livingston","Livonia town","B19013G_001","Two or More Races (Non-Hispanic)",NA,NA
"3605142961",2018,"Livingston","Livonia town","B19013H_001","White (Non-Hispanic)",66886,6430
"3605142961",2018,"Livingston","Livonia town","B19013I_001","Hispanic or Latino (Any Race)",NA,NA
"3605148956",2018,"Livingston","Mount Morris town","B19013B_001","Black (Non-Hispanic)",NA,NA
"3605148956",2018,"Livingston","Mount Morris town","B19013C_001","Native American (Non-Hispanic)",NA,NA
"3605148956",2018,"Livingston","Mount Morris town","B19013D_001","Asian (Non-Hispanic)",NA,NA
"3605148956",2018,"Livingston","Mount Morris town","B19013E_001","Pacific Islander (Non-Hispanic)",NA,NA
"3605148956",2018,"Livingston","Mount Morris town","B19013F_001","Other (Non-Hispanic)",NA,NA
"3605148956",2018,"Livingston","Mount Morris town","B19013G_001","Two or More Races (Non-Hispanic)",NA,NA
"3605148956",2018,"Livingston","Mount Morris town","B19013H_001","White (Non-Hispanic)",48263,6382
"3605148956",2018,"Livingston","Mount Morris town","B19013I_001","Hispanic or Latino (Any Race)",NA,NA
"3605151869",2018,"Livingston","North Dansville town","B19013B_001","Black (Non-Hispanic)",NA,NA
"3605151869",2018,"Livingston","North Dansville town","B19013C_001","Native American (Non-Hispanic)",NA,NA
"3605151869",2018,"Livingston","North Dansville town","B19013D_001","Asian (Non-Hispanic)",NA,NA
"3605151869",2018,"Livingston","North Dansville town","B19013E_001","Pacific Islander (Non-Hispanic)",NA,NA
"3605151869",2018,"Livingston","North Dansville town","B19013F_001","Other (Non-Hispanic)",NA,NA
"3605151869",2018,"Livingston","North Dansville town","B19013G_001","Two or More Races (Non-Hispanic)",NA,NA
"3605151869",2018,"Livingston","North Dansville town","B19013H_001","White (Non-Hispanic)",43484,6652
"3605151869",2018,"Livingston","North Dansville town","B19013I_001","Hispanic or Latino (Any Race)",NA,NA
"3605154089",2018,"Livingston","Nunda town","B19013B_001","Black (Non-Hispanic)",NA,NA
"3605154089",2018,"Livingston","Nunda town","B19013C_001","Native American (Non-Hispanic)",NA,NA
"3605154089",2018,"Livingston","Nunda town","B19013D_001","Asian (Non-Hispanic)",NA,NA
"3605154089",2018,"Livingston","Nunda town","B19013E_001","Pacific Islander (Non-Hispanic)",NA,NA
"3605154089",2018,"Livingston","Nunda town","B19013F_001","Other (Non-Hispanic)",NA,NA
"3605154089",2018,"Livingston","Nunda town","B19013G_001","Two or More Races (Non-Hispanic)",NA,NA
"3605154089",2018,"Livingston","Nunda town","B19013H_001","White (Non-Hispanic)",57500,11583
"3605154089",2018,"Livingston","Nunda town","B19013I_001","Hispanic or Latino (Any Race)",NA,NA
"3605155508",2018,"Livingston","Ossian town","B19013B_001","Black (Non-Hispanic)",NA,NA
"3605155508",2018,"Livingston","Ossian town","B19013C_001","Native American (Non-Hispanic)",NA,NA
"3605155508",2018,"Livingston","Ossian town","B19013D_001","Asian (Non-Hispanic)",NA,NA
"3605155508",2018,"Livingston","Ossian town","B19013E_001","Pacific Islander (Non-Hispanic)",NA,NA
"3605155508",2018,"Livingston","Ossian town","B19013F_001","Other (Non-Hispanic)",NA,NA
"3605155508",2018,"Livingston","Ossian town","B19013G_001","Two or More Races (Non-Hispanic)",NA,NA
"3605155508",2018,"Livingston","Ossian town","B19013H_001","White (Non-Hispanic)",60500,9752
"3605155508",2018,"Livingston","Ossian town","B19013I_001","Hispanic or Latino (Any Race)",NA,NA
"3605159179",2018,"Livingston","Portage town","B19013B_001","Black (Non-Hispanic)",NA,NA
"3605159179",2018,"Livingston","Portage town","B19013C_001","Native American (Non-Hispanic)",NA,NA
"3605159179",2018,"Livingston","Portage town","B19013D_001","Asian (Non-Hispanic)",NA,NA
"3605159179",2018,"Livingston","Portage town","B19013E_001","Pacific Islander (Non-Hispanic)",NA,NA
"3605159179",2018,"Livingston","Portage town","B19013F_001","Other (Non-Hispanic)",NA,NA
"3605159179",2018,"Livingston","Portage town","B19013G_001","Two or More Races (Non-Hispanic)",NA,NA
"3605159179",2018,"Livingston","Portage town","B19013H_001","White (Non-Hispanic)",49028,6644
"3605159179",2018,"Livingston","Portage town","B19013I_001","Hispanic or Latino (Any Race)",NA,NA
"3605170101",2018,"Livingston","Sparta town","B19013B_001","Black (Non-Hispanic)",NA,NA
"3605170101",2018,"Livingston","Sparta town","B19013C_001","Native American (Non-Hispanic)",NA,NA
"3605170101",2018,"Livingston","Sparta town","B19013D_001","Asian (Non-Hispanic)",NA,NA
"3605170101",2018,"Livingston","Sparta town","B19013E_001","Pacific Islander (Non-Hispanic)",NA,NA
"3605170101",2018,"Livingston","Sparta town","B19013F_001","Other (Non-Hispanic)",NA,NA
"3605170101",2018,"Livingston","Sparta town","B19013G_001","Two or More Races (Non-Hispanic)",NA,NA
"3605170101",2018,"Livingston","Sparta town","B19013H_001","White (Non-Hispanic)",68693,5367
"3605170101",2018,"Livingston","Sparta town","B19013I_001","Hispanic or Latino (Any Race)",NA,NA
"3605170475",2018,"Livingston","Springwater town","B19013B_001","Black (Non-Hispanic)",NA,NA
"3605170475",2018,"Livingston","Springwater town","B19013C_001","Native American (Non-Hispanic)",NA,NA
"3605170475",2018,"Livingston","Springwater town","B19013D_001","Asian (Non-Hispanic)",NA,NA
"3605170475",2018,"Livingston","Springwater town","B19013E_001","Pacific Islander (Non-Hispanic)",NA,NA
"3605170475",2018,"Livingston","Springwater town","B19013F_001","Other (Non-Hispanic)",NA,NA
"3605170475",2018,"Livingston","Springwater town","B19013G_001","Two or More Races (Non-Hispanic)",NA,NA
"3605170475",2018,"Livingston","Springwater town","B19013H_001","White (Non-Hispanic)",62500,11253
"3605170475",2018,"Livingston","Springwater town","B19013I_001","Hispanic or Latino (Any Race)",NA,NA
"3605181006",2018,"Livingston","West Sparta town","B19013B_001","Black (Non-Hispanic)",NA,NA
"3605181006",2018,"Livingston","West Sparta town","B19013C_001","Native American (Non-Hispanic)",NA,NA
"3605181006",2018,"Livingston","West Sparta town","B19013D_001","Asian (Non-Hispanic)",NA,NA
"3605181006",2018,"Livingston","West Sparta town","B19013E_001","Pacific Islander (Non-Hispanic)",NA,NA
"3605181006",2018,"Livingston","West Sparta town","B19013F_001","Other (Non-Hispanic)",NA,NA
"3605181006",2018,"Livingston","West Sparta town","B19013G_001","Two or More Races (Non-Hispanic)",NA,NA
"3605181006",2018,"Livingston","West Sparta town","B19013H_001","White (Non-Hispanic)",52188,9486
"3605181006",2018,"Livingston","West Sparta town","B19013I_001","Hispanic or Latino (Any Race)",NA,NA
"3605184022",2018,"Livingston","York town","B19013B_001","Black (Non-Hispanic)",NA,NA
"3605184022",2018,"Livingston","York town","B19013C_001","Native American (Non-Hispanic)",NA,NA
"3605184022",2018,"Livingston","York town","B19013D_001","Asian (Non-Hispanic)",NA,NA
"3605184022",2018,"Livingston","York town","B19013E_001","Pacific Islander (Non-Hispanic)",NA,NA
"3605184022",2018,"Livingston","York town","B19013F_001","Other (Non-Hispanic)",NA,NA
"3605184022",2018,"Livingston","York town","B19013G_001","Two or More Races (Non-Hispanic)",NA,NA
"3605184022",2018,"Livingston","York town","B19013H_001","White (Non-Hispanic)",58438,8630
"3605184022",2018,"Livingston","York town","B19013I_001","Hispanic or Latino (Any Race)",NA,NA
"3605500000",2018,"Monroe","County subdivisions not defined","B19013B_001","Black (Non-Hispanic)",NA,NA
"3605500000",2018,"Monroe","County subdivisions not defined","B19013C_001","Native American (Non-Hispanic)",NA,NA
"3605500000",2018,"Monroe","County subdivisions not defined","B19013D_001","Asian (Non-Hispanic)",NA,NA
"3605500000",2018,"Monroe","County subdivisions not defined","B19013E_001","Pacific Islander (Non-Hispanic)",NA,NA
"3605500000",2018,"Monroe","County subdivisions not defined","B19013F_001","Other (Non-Hispanic)",NA,NA
"3605500000",2018,"Monroe","County subdivisions not defined","B19013G_001","Two or More Races (Non-Hispanic)",NA,NA
"3605500000",2018,"Monroe","County subdivisions not defined","B19013H_001","White (Non-Hispanic)",NA,NA
"3605500000",2018,"Monroe","County subdivisions not defined","B19013I_001","Hispanic or Latino (Any Race)",NA,NA
"3605508246",2018,"Monroe","Brighton town","B19013B_001","Black (Non-Hispanic)",66633,20579
"3605508246",2018,"Monroe","Brighton town","B19013C_001","Native American (Non-Hispanic)",NA,NA
"3605508246",2018,"Monroe","Brighton town","B19013D_001","Asian (Non-Hispanic)",61523,27327
"3605508246",2018,"Monroe","Brighton town","B19013E_001","Pacific Islander (Non-Hispanic)",NA,NA
"3605508246",2018,"Monroe","Brighton town","B19013F_001","Other (Non-Hispanic)",NA,NA
"3605508246",2018,"Monroe","Brighton town","B19013G_001","Two or More Races (Non-Hispanic)",NA,NA
"3605508246",2018,"Monroe","Brighton town","B19013H_001","White (Non-Hispanic)",77773,5552
"3605508246",2018,"Monroe","Brighton town","B19013I_001","Hispanic or Latino (Any Race)",72550,22083
"3605515462",2018,"Monroe","Chili town","B19013B_001","Black (Non-Hispanic)",58594,21827
"3605515462",2018,"Monroe","Chili town","B19013C_001","Native American (Non-Hispanic)",NA,NA
"3605515462",2018,"Monroe","Chili town","B19013D_001","Asian (Non-Hispanic)",131648,49624
"3605515462",2018,"Monroe","Chili town","B19013E_001","Pacific Islander (Non-Hispanic)",NA,NA
"3605515462",2018,"Monroe","Chili town","B19013F_001","Other (Non-Hispanic)",NA,NA
"3605515462",2018,"Monroe","Chili town","B19013G_001","Two or More Races (Non-Hispanic)",72563,68188
"3605515462",2018,"Monroe","Chili town","B19013H_001","White (Non-Hispanic)",73810,5220
"3605515462",2018,"Monroe","Chili town","B19013I_001","Hispanic or Latino (Any Race)",51994,18626
"3605515957",2018,"Monroe","Clarkson town","B19013B_001","Black (Non-Hispanic)",NA,NA
"3605515957",2018,"Monroe","Clarkson town","B19013C_001","Native American (Non-Hispanic)",NA,NA
"3605515957",2018,"Monroe","Clarkson town","B19013D_001","Asian (Non-Hispanic)",NA,NA
"3605515957",2018,"Monroe","Clarkson town","B19013E_001","Pacific Islander (Non-Hispanic)",NA,NA
"3605515957",2018,"Monroe","Clarkson town","B19013F_001","Other (Non-Hispanic)",NA,NA
"3605515957",2018,"Monroe","Clarkson town","B19013G_001","Two or More Races (Non-Hispanic)",NA,NA
"3605515957",2018,"Monroe","Clarkson town","B19013H_001","White (Non-Hispanic)",80119,13996
"3605515957",2018,"Monroe","Clarkson town","B19013I_001","Hispanic or Latino (Any Race)",67279,20647
"3605522870",2018,"Monroe","East Rochester town","B19013B_001","Black (Non-Hispanic)",91469,41058
"3605522870",2018,"Monroe","East Rochester town","B19013C_001","Native American (Non-Hispanic)",NA,NA
"3605522870",2018,"Monroe","East Rochester town","B19013D_001","Asian (Non-Hispanic)",NA,NA
"3605522870",2018,"Monroe","East Rochester town","B19013E_001","Pacific Islander (Non-Hispanic)",NA,NA
"3605522870",2018,"Monroe","East Rochester town","B19013F_001","Other (Non-Hispanic)",NA,NA
"3605522870",2018,"Monroe","East Rochester town","B19013G_001","Two or More Races (Non-Hispanic)",119583,98220
"3605522870",2018,"Monroe","East Rochester town","B19013H_001","White (Non-Hispanic)",47009,4098
"3605522870",2018,"Monroe","East Rochester town","B19013I_001","Hispanic or Latino (Any Race)",53625,42434
"3605528442",2018,"Monroe","Gates town","B19013B_001","Black (Non-Hispanic)",57414,11654
"3605528442",2018,"Monroe","Gates town","B19013C_001","Native American (Non-Hispanic)",NA,NA
"3605528442",2018,"Monroe","Gates town","B19013D_001","Asian (Non-Hispanic)",47730,12108
"3605528442",2018,"Monroe","Gates town","B19013E_001","Pacific Islander (Non-Hispanic)",NA,NA
"3605528442",2018,"Monroe","Gates town","B19013F_001","Other (Non-Hispanic)",47250,20383
"3605528442",2018,"Monroe","Gates town","B19013G_001","Two or More Races (Non-Hispanic)",77593,25721
"3605528442",2018,"Monroe","Gates town","B19013H_001","White (Non-Hispanic)",57246,2947
"3605528442",2018,"Monroe","Gates town","B19013I_001","Hispanic or Latino (Any Race)",67850,18281
"3605530290",2018,"Monroe","Greece town","B19013B_001","Black (Non-Hispanic)",31903,7595
"3605530290",2018,"Monroe","Greece town","B19013C_001","Native American (Non-Hispanic)",NA,NA
"3605530290",2018,"Monroe","Greece town","B19013D_001","Asian (Non-Hispanic)",61382,8979
"3605530290",2018,"Monroe","Greece town","B19013E_001","Pacific Islander (Non-Hispanic)",NA,NA
"3605530290",2018,"Monroe","Greece town","B19013F_001","Other (Non-Hispanic)",27395,6711
"3605530290",2018,"Monroe","Greece town","B19013G_001","Two or More Races (Non-Hispanic)",45833,14138
"3605530290",2018,"Monroe","Greece town","B19013H_001","White (Non-Hispanic)",63596,1698
"3605530290",2018,"Monroe","Greece town","B19013I_001","Hispanic or Latino (Any Race)",46810,12813
"3605531797",2018,"Monroe","Hamlin town","B19013B_001","Black (Non-Hispanic)",31681,25983
"3605531797",2018,"Monroe","Hamlin town","B19013C_001","Native American (Non-Hispanic)",NA,NA
"3605531797",2018,"Monroe","Hamlin town","B19013D_001","Asian (Non-Hispanic)",NA,NA
"3605531797",2018,"Monroe","Hamlin town","B19013E_001","Pacific Islander (Non-Hispanic)",NA,NA
"3605531797",2018,"Monroe","Hamlin town","B19013F_001","Other (Non-Hispanic)",NA,NA
"3605531797",2018,"Monroe","Hamlin town","B19013G_001","Two or More Races (Non-Hispanic)",NA,NA
"3605531797",2018,"Monroe","Hamlin town","B19013H_001","White (Non-Hispanic)",59683,5627
"3605531797",2018,"Monroe","Hamlin town","B19013I_001","Hispanic or Latino (Any Race)",NA,NA
"3605534099",2018,"Monroe","Henrietta town","B19013B_001","Black (Non-Hispanic)",58950,33635
"3605534099",2018,"Monroe","Henrietta town","B19013C_001","Native American (Non-Hispanic)",83636,21467
"3605534099",2018,"Monroe","Henrietta town","B19013D_001","Asian (Non-Hispanic)",46694,10775
"3605534099",2018,"Monroe","Henrietta town","B19013E_001","Pacific Islander (Non-Hispanic)",NA,NA
"3605534099",2018,"Monroe","Henrietta town","B19013F_001","Other (Non-Hispanic)",NA,NA
"3605534099",2018,"Monroe","Henrietta town","B19013G_001","Two or More Races (Non-Hispanic)",61667,57110
"3605534099",2018,"Monroe","Henrietta town","B19013H_001","White (Non-Hispanic)",66495,4186
"3605534099",2018,"Monroe","Henrietta town","B19013I_001","Hispanic or Latino (Any Race)",62829,22639
"3605537726",2018,"Monroe","Irondequoit town","B19013B_001","Black (Non-Hispanic)",47854,3026
"3605537726",2018,"Monroe","Irondequoit town","B19013C_001","Native American (Non-Hispanic)",NA,NA
"3605537726",2018,"Monroe","Irondequoit town","B19013D_001","Asian (Non-Hispanic)",44398,31508
"3605537726",2018,"Monroe","Irondequoit town","B19013E_001","Pacific Islander (Non-Hispanic)",NA,NA
"3605537726",2018,"Monroe","Irondequoit town","B19013F_001","Other (Non-Hispanic)",37774,15878
"3605537726",2018,"Monroe","Irondequoit town","B19013G_001","Two or More Races (Non-Hispanic)",50972,48654
"3605537726",2018,"Monroe","Irondequoit town","B19013H_001","White (Non-Hispanic)",63968,1910
"3605537726",2018,"Monroe","Irondequoit town","B19013I_001","Hispanic or Latino (Any Race)",39024,12230
"3605546558",2018,"Monroe","Mendon town","B19013B_001","Black (Non-Hispanic)",NA,NA
"3605546558",2018,"Monroe","Mendon town","B19013C_001","Native American (Non-Hispanic)",NA,NA
"3605546558",2018,"Monroe","Mendon town","B19013D_001","Asian (Non-Hispanic)",73750,32968
"3605546558",2018,"Monroe","Mendon town","B19013E_001","Pacific Islander (Non-Hispanic)",NA,NA
"3605546558",2018,"Monroe","Mendon town","B19013F_001","Other (Non-Hispanic)",NA,NA
"3605546558",2018,"Monroe","Mendon town","B19013G_001","Two or More Races (Non-Hispanic)",NA,NA
"3605546558",2018,"Monroe","Mendon town","B19013H_001","White (Non-Hispanic)",103056,10216
"3605546558",2018,"Monroe","Mendon town","B19013I_001","Hispanic or Latino (Any Race)",NA,NA
"3605554474",2018,"Monroe","Ogden town","B19013B_001","Black (Non-Hispanic)",74886,37094
"3605554474",2018,"Monroe","Ogden town","B19013C_001","Native American (Non-Hispanic)",NA,NA
"3605554474",2018,"Monroe","Ogden town","B19013D_001","Asian (Non-Hispanic)",NA,NA
"3605554474",2018,"Monroe","Ogden town","B19013E_001","Pacific Islander (Non-Hispanic)",NA,NA
"3605554474",2018,"Monroe","Ogden town","B19013F_001","Other (Non-Hispanic)",NA,NA
"3605554474",2018,"Monroe","Ogden town","B19013G_001","Two or More Races (Non-Hispanic)",NA,NA
"3605554474",2018,"Monroe","Ogden town","B19013H_001","White (Non-Hispanic)",77174,5983
"3605554474",2018,"Monroe","Ogden town","B19013I_001","Hispanic or Latino (Any Race)",NA,NA
"3605556561",2018,"Monroe","Parma town","B19013B_001","Black (Non-Hispanic)",NA,NA
"3605556561",2018,"Monroe","Parma town","B19013C_001","Native American (Non-Hispanic)",NA,NA
"3605556561",2018,"Monroe","Parma town","B19013D_001","Asian (Non-Hispanic)",NA,NA
"3605556561",2018,"Monroe","Parma town","B19013E_001","Pacific Islander (Non-Hispanic)",NA,NA
"3605556561",2018,"Monroe","Parma town","B19013F_001","Other (Non-Hispanic)",NA,NA
"3605556561",2018,"Monroe","Parma town","B19013G_001","Two or More Races (Non-Hispanic)",NA,NA
"3605556561",2018,"Monroe","Parma town","B19013H_001","White (Non-Hispanic)",67829,5406
"3605556561",2018,"Monroe","Parma town","B19013I_001","Hispanic or Latino (Any Race)",NA,NA
"3605557144",2018,"Monroe","Penfield town","B19013B_001","Black (Non-Hispanic)",NA,NA
"3605557144",2018,"Monroe","Penfield town","B19013C_001","Native American (Non-Hispanic)",NA,NA
"3605557144",2018,"Monroe","Penfield town","B19013D_001","Asian (Non-Hispanic)",122205,21119
"3605557144",2018,"Monroe","Penfield town","B19013E_001","Pacific Islander (Non-Hispanic)",NA,NA
"3605557144",2018,"Monroe","Penfield town","B19013F_001","Other (Non-Hispanic)",NA,NA
"3605557144",2018,"Monroe","Penfield town","B19013G_001","Two or More Races (Non-Hispanic)",126429,20886
"3605557144",2018,"Monroe","Penfield town","B19013H_001","White (Non-Hispanic)",80606,4056
"3605557144",2018,"Monroe","Penfield town","B19013I_001","Hispanic or Latino (Any Race)",62279,39170
"3605557221",2018,"Monroe","Perinton town","B19013B_001","Black (Non-Hispanic)",NA,NA
"3605557221",2018,"Monroe","Perinton town","B19013C_001","Native American (Non-Hispanic)",NA,NA
"3605557221",2018,"Monroe","Perinton town","B19013D_001","Asian (Non-Hispanic)",69063,22022
"3605557221",2018,"Monroe","Perinton town","B19013E_001","Pacific Islander (Non-Hispanic)",NA,NA
"3605557221",2018,"Monroe","Perinton town","B19013F_001","Other (Non-Hispanic)",NA,NA
"3605557221",2018,"Monroe","Perinton town","B19013G_001","Two or More Races (Non-Hispanic)",84028,82165
"3605557221",2018,"Monroe","Perinton town","B19013H_001","White (Non-Hispanic)",86084,3326
"3605557221",2018,"Monroe","Perinton town","B19013I_001","Hispanic or Latino (Any Race)",99904,41240
"3605558365",2018,"Monroe","Pittsford town","B19013B_001","Black (Non-Hispanic)",NA,NA
"3605558365",2018,"Monroe","Pittsford town","B19013C_001","Native American (Non-Hispanic)",NA,NA
"3605558365",2018,"Monroe","Pittsford town","B19013D_001","Asian (Non-Hispanic)",238664,20940
"3605558365",2018,"Monroe","Pittsford town","B19013E_001","Pacific Islander (Non-Hispanic)",NA,NA
"3605558365",2018,"Monroe","Pittsford town","B19013F_001","Other (Non-Hispanic)",NA,NA
"3605558365",2018,"Monroe","Pittsford town","B19013G_001","Two or More Races (Non-Hispanic)",152167,45071
"3605558365",2018,"Monroe","Pittsford town","B19013H_001","White (Non-Hispanic)",111326,6957
"3605558365",2018,"Monroe","Pittsford town","B19013I_001","Hispanic or Latino (Any Race)",78906,55770
"3605561808",2018,"Monroe","Riga town","B19013B_001","Black (Non-Hispanic)",NA,NA
"3605561808",2018,"Monroe","Riga town","B19013C_001","Native American (Non-Hispanic)",NA,NA
"3605561808",2018,"Monroe","Riga town","B19013D_001","Asian (Non-Hispanic)",NA,NA
"3605561808",2018,"Monroe","Riga town","B19013E_001","Pacific Islander (Non-Hispanic)",NA,NA
"3605561808",2018,"Monroe","Riga town","B19013F_001","Other (Non-Hispanic)",NA,NA
"3605561808",2018,"Monroe","Riga town","B19013G_001","Two or More Races (Non-Hispanic)",NA,NA
"3605561808",2018,"Monroe","Riga town","B19013H_001","White (Non-Hispanic)",69277,5200
"3605561808",2018,"Monroe","Riga town","B19013I_001","Hispanic or Latino (Any Race)",41161,41028
"3605563000",2018,"Monroe","Rochester city","B19013B_001","Black (Non-Hispanic)",26038,1182
"3605563000",2018,"Monroe","Rochester city","B19013C_001","Native American (Non-Hispanic)",25511,3811
"3605563000",2018,"Monroe","Rochester city","B19013D_001","Asian (Non-Hispanic)",34850,5863
"3605563000",2018,"Monroe","Rochester city","B19013E_001","Pacific Islander (Non-Hispanic)",NA,NA
"3605563000",2018,"Monroe","Rochester city","B19013F_001","Other (Non-Hispanic)",26672,4444
"3605563000",2018,"Monroe","Rochester city","B19013G_001","Two or More Races (Non-Hispanic)",25813,7496
"3605563000",2018,"Monroe","Rochester city","B19013H_001","White (Non-Hispanic)",45321,2611
"3605563000",2018,"Monroe","Rochester city","B19013I_001","Hispanic or Latino (Any Race)",23497,2284
"3605564144",2018,"Monroe","Rush town","B19013B_001","Black (Non-Hispanic)",NA,NA
"3605564144",2018,"Monroe","Rush town","B19013C_001","Native American (Non-Hispanic)",NA,NA
"3605564144",2018,"Monroe","Rush town","B19013D_001","Asian (Non-Hispanic)",NA,NA
"3605564144",2018,"Monroe","Rush town","B19013E_001","Pacific Islander (Non-Hispanic)",NA,NA
"3605564144",2018,"Monroe","Rush town","B19013F_001","Other (Non-Hispanic)",NA,NA
"3605564144",2018,"Monroe","Rush town","B19013G_001","Two or More Races (Non-Hispanic)",NA,NA
"3605564144",2018,"Monroe","Rush town","B19013H_001","White (Non-Hispanic)",87406,8503
"3605564144",2018,"Monroe","Rush town","B19013I_001","Hispanic or Latino (Any Race)",NA,NA
"3605572455",2018,"Monroe","Sweden town","B19013B_001","Black (Non-Hispanic)",NA,NA
"3605572455",2018,"Monroe","Sweden town","B19013C_001","Native American (Non-Hispanic)",NA,NA
"3605572455",2018,"Monroe","Sweden town","B19013D_001","Asian (Non-Hispanic)",NA,NA
"3605572455",2018,"Monroe","Sweden town","B19013E_001","Pacific Islander (Non-Hispanic)",NA,NA
"3605572455",2018,"Monroe","Sweden town","B19013F_001","Other (Non-Hispanic)",NA,NA
"3605572455",2018,"Monroe","Sweden town","B19013G_001","Two or More Races (Non-Hispanic)",18182,8596
"3605572455",2018,"Monroe","Sweden town","B19013H_001","White (Non-Hispanic)",51490,5255
"3605572455",2018,"Monroe","Sweden town","B19013I_001","Hispanic or Latino (Any Race)",NA,NA
"3605578971",2018,"Monroe","Webster town","B19013B_001","Black (Non-Hispanic)",70769,43557
"3605578971",2018,"Monroe","Webster town","B19013C_001","Native American (Non-Hispanic)",NA,NA
"3605578971",2018,"Monroe","Webster town","B19013D_001","Asian (Non-Hispanic)",79531,18583
"3605578971",2018,"Monroe","Webster town","B19013E_001","Pacific Islander (Non-Hispanic)",NA,NA
"3605578971",2018,"Monroe","Webster town","B19013F_001","Other (Non-Hispanic)",NA,NA
"3605578971",2018,"Monroe","Webster town","B19013G_001","Two or More Races (Non-Hispanic)",56108,44304
"3605578971",2018,"Monroe","Webster town","B19013H_001","White (Non-Hispanic)",80351,3919
"3605578971",2018,"Monroe","Webster town","B19013I_001","Hispanic or Latino (Any Race)",57458,41404
"3605581402",2018,"Monroe","Wheatland town","B19013B_001","Black (Non-Hispanic)",38750,23927
"3605581402",2018,"Monroe","Wheatland town","B19013C_001","Native American (Non-Hispanic)",NA,NA
"3605581402",2018,"Monroe","Wheatland town","B19013D_001","Asian (Non-Hispanic)",NA,NA
"3605581402",2018,"Monroe","Wheatland town","B19013E_001","Pacific Islander (Non-Hispanic)",NA,NA
"3605581402",2018,"Monroe","Wheatland town","B19013F_001","Other (Non-Hispanic)",NA,NA
"3605581402",2018,"Monroe","Wheatland town","B19013G_001","Two or More Races (Non-Hispanic)",NA,NA
"3605581402",2018,"Monroe","Wheatland town","B19013H_001","White (Non-Hispanic)",66364,15052
"3605581402",2018,"Monroe","Wheatland town","B19013I_001","Hispanic or Latino (Any Race)",NA,NA
"3606908378",2018,"Ontario","Bristol town","B19013B_001","Black (Non-Hispanic)",NA,NA
"3606908378",2018,"Ontario","Bristol town","B19013C_001","Native American (Non-Hispanic)",NA,NA
"3606908378",2018,"Ontario","Bristol town","B19013D_001","Asian (Non-Hispanic)",NA,NA
"3606908378",2018,"Ontario","Bristol town","B19013E_001","Pacific Islander (Non-Hispanic)",NA,NA
"3606908378",2018,"Ontario","Bristol town","B19013F_001","Other (Non-Hispanic)",NA,NA
"3606908378",2018,"Ontario","Bristol town","B19013G_001","Two or More Races (Non-Hispanic)",NA,NA
"3606908378",2018,"Ontario","Bristol town","B19013H_001","White (Non-Hispanic)",75500,7823
"3606908378",2018,"Ontario","Bristol town","B19013I_001","Hispanic or Latino (Any Race)",NA,NA
"3606912100",2018,"Ontario","Canadice town","B19013B_001","Black (Non-Hispanic)",NA,NA
"3606912100",2018,"Ontario","Canadice town","B19013C_001","Native American (Non-Hispanic)",NA,NA
"3606912100",2018,"Ontario","Canadice town","B19013D_001","Asian (Non-Hispanic)",NA,NA
"3606912100",2018,"Ontario","Canadice town","B19013E_001","Pacific Islander (Non-Hispanic)",NA,NA
"3606912100",2018,"Ontario","Canadice town","B19013F_001","Other (Non-Hispanic)",NA,NA
"3606912100",2018,"Ontario","Canadice town","B19013G_001","Two or More Races (Non-Hispanic)",NA,NA
"3606912100",2018,"Ontario","Canadice town","B19013H_001","White (Non-Hispanic)",53594,8829
"3606912100",2018,"Ontario","Canadice town","B19013I_001","Hispanic or Latino (Any Race)",NA,NA
"3606912144",2018,"Ontario","Canandaigua city","B19013B_001","Black (Non-Hispanic)",17014,14795
"3606912144",2018,"Ontario","Canandaigua city","B19013C_001","Native American (Non-Hispanic)",NA,NA
"3606912144",2018,"Ontario","Canandaigua city","B19013D_001","Asian (Non-Hispanic)",NA,NA
"3606912144",2018,"Ontario","Canandaigua city","B19013E_001","Pacific Islander (Non-Hispanic)",NA,NA
"3606912144",2018,"Ontario","Canandaigua city","B19013F_001","Other (Non-Hispanic)",68646,26319
"3606912144",2018,"Ontario","Canandaigua city","B19013G_001","Two or More Races (Non-Hispanic)",26500,8281
"3606912144",2018,"Ontario","Canandaigua city","B19013H_001","White (Non-Hispanic)",49745,3523
"3606912144",2018,"Ontario","Canandaigua city","B19013I_001","Hispanic or Latino (Any Race)",69063,18957
"3606912155",2018,"Ontario","Canandaigua town","B19013B_001","Black (Non-Hispanic)",NA,NA
"3606912155",2018,"Ontario","Canandaigua town","B19013C_001","Native American (Non-Hispanic)",NA,NA
"3606912155",2018,"Ontario","Canandaigua town","B19013D_001","Asian (Non-Hispanic)",NA,NA
"3606912155",2018,"Ontario","Canandaigua town","B19013E_001","Pacific Islander (Non-Hispanic)",NA,NA
"3606912155",2018,"Ontario","Canandaigua town","B19013F_001","Other (Non-Hispanic)",NA,NA
"3606912155",2018,"Ontario","Canandaigua town","B19013G_001","Two or More Races (Non-Hispanic)",NA,NA
"3606912155",2018,"Ontario","Canandaigua town","B19013H_001","White (Non-Hispanic)",79544,4520
"3606912155",2018,"Ontario","Canandaigua town","B19013I_001","Hispanic or Latino (Any Race)",NA,NA
"3606921699",2018,"Ontario","East Bloomfield town","B19013B_001","Black (Non-Hispanic)",NA,NA
"3606921699",2018,"Ontario","East Bloomfield town","B19013C_001","Native American (Non-Hispanic)",NA,NA
"3606921699",2018,"Ontario","East Bloomfield town","B19013D_001","Asian (Non-Hispanic)",NA,NA
"3606921699",2018,"Ontario","East Bloomfield town","B19013E_001","Pacific Islander (Non-Hispanic)",NA,NA
"3606921699",2018,"Ontario","East Bloomfield town","B19013F_001","Other (Non-Hispanic)",NA,NA
"3606921699",2018,"Ontario","East Bloomfield town","B19013G_001","Two or More Races (Non-Hispanic)",NA,NA
"3606921699",2018,"Ontario","East Bloomfield town","B19013H_001","White (Non-Hispanic)",70321,9245
"3606921699",2018,"Ontario","East Bloomfield town","B19013I_001","Hispanic or Latino (Any Race)",NA,NA
"3606925406",2018,"Ontario","Farmington town","B19013B_001","Black (Non-Hispanic)",47833,16191
"3606925406",2018,"Ontario","Farmington town","B19013C_001","Native American (Non-Hispanic)",NA,NA
"3606925406",2018,"Ontario","Farmington town","B19013D_001","Asian (Non-Hispanic)",NA,NA
"3606925406",2018,"Ontario","Farmington town","B19013E_001","Pacific Islander (Non-Hispanic)",NA,NA
"3606925406",2018,"Ontario","Farmington town","B19013F_001","Other (Non-Hispanic)",NA,NA
"3606925406",2018,"Ontario","Farmington town","B19013G_001","Two or More Races (Non-Hispanic)",NA,NA
"3606925406",2018,"Ontario","Farmington town","B19013H_001","White (Non-Hispanic)",73346,6060
"3606925406",2018,"Ontario","Farmington town","B19013I_001","Hispanic or Latino (Any Race)",NA,NA
"3606928640",2018,"Ontario","Geneva city","B19013B_001","Black (Non-Hispanic)",24821,7060
"3606928640",2018,"Ontario","Geneva city","B19013C_001","Native American (Non-Hispanic)",NA,NA
"3606928640",2018,"Ontario","Geneva city","B19013D_001","Asian (Non-Hispanic)",NA,NA
"3606928640",2018,"Ontario","Geneva city","B19013E_001","Pacific Islander (Non-Hispanic)",NA,NA
"3606928640",2018,"Ontario","Geneva city","B19013F_001","Other (Non-Hispanic)",26964,4437
"3606928640",2018,"Ontario","Geneva city","B19013G_001","Two or More Races (Non-Hispanic)",37284,13983
"3606928640",2018,"Ontario","Geneva city","B19013H_001","White (Non-Hispanic)",46977,4237
"3606928640",2018,"Ontario","Geneva city","B19013I_001","Hispanic or Latino (Any Race)",35200,8553
"3606928651",2018,"Ontario","Geneva town","B19013B_001","Black (Non-Hispanic)",NA,NA
"3606928651",2018,"Ontario","Geneva town","B19013C_001","Native American (Non-Hispanic)",NA,NA
"3606928651",2018,"Ontario","Geneva town","B19013D_001","Asian (Non-Hispanic)",NA,NA
"3606928651",2018,"Ontario","Geneva town","B19013E_001","Pacific Islander (Non-Hispanic)",NA,NA
"3606928651",2018,"Ontario","Geneva town","B19013F_001","Other (Non-Hispanic)",NA,NA
"3606928651",2018,"Ontario","Geneva town","B19013G_001","Two or More Races (Non-Hispanic)",NA,NA
"3606928651",2018,"Ontario","Geneva town","B19013H_001","White (Non-Hispanic)",58875,5206
"3606928651",2018,"Ontario","Geneva town","B19013I_001","Hispanic or Latino (Any Race)",25670,12304
"3606929531",2018,"Ontario","Gorham town","B19013B_001","Black (Non-Hispanic)",NA,NA
"3606929531",2018,"Ontario","Gorham town","B19013C_001","Native American (Non-Hispanic)",NA,NA
"3606929531",2018,"Ontario","Gorham town","B19013D_001","Asian (Non-Hispanic)",NA,NA
"3606929531",2018,"Ontario","Gorham town","B19013E_001","Pacific Islander (Non-Hispanic)",NA,NA
"3606929531",2018,"Ontario","Gorham town","B19013F_001","Other (Non-Hispanic)",NA,NA
"3606929531",2018,"Ontario","Gorham town","B19013G_001","Two or More Races (Non-Hispanic)",NA,NA
"3606929531",2018,"Ontario","Gorham town","B19013H_001","White (Non-Hispanic)",59777,7313
"3606929531",2018,"Ontario","Gorham town","B19013I_001","Hispanic or Latino (Any Race)",47750,25193
"3606935551",2018,"Ontario","Hopewell town","B19013B_001","Black (Non-Hispanic)",NA,NA
"3606935551",2018,"Ontario","Hopewell town","B19013C_001","Native American (Non-Hispanic)",NA,NA
"3606935551",2018,"Ontario","Hopewell town","B19013D_001","Asian (Non-Hispanic)",NA,NA
"3606935551",2018,"Ontario","Hopewell town","B19013E_001","Pacific Islander (Non-Hispanic)",NA,NA
"3606935551",2018,"Ontario","Hopewell town","B19013F_001","Other (Non-Hispanic)",NA,NA
"3606935551",2018,"Ontario","Hopewell town","B19013G_001","Two or More Races (Non-Hispanic)",NA,NA
"3606935551",2018,"Ontario","Hopewell town","B19013H_001","White (Non-Hispanic)",65893,6475
"3606935551",2018,"Ontario","Hopewell town","B19013I_001","Hispanic or Latino (Any Race)",148750,91692
"3606944864",2018,"Ontario","Manchester town","B19013B_001","Black (Non-Hispanic)",NA,NA
"3606944864",2018,"Ontario","Manchester town","B19013C_001","Native American (Non-Hispanic)",NA,NA
"3606944864",2018,"Ontario","Manchester town","B19013D_001","Asian (Non-Hispanic)",NA,NA
"3606944864",2018,"Ontario","Manchester town","B19013E_001","Pacific Islander (Non-Hispanic)",NA,NA
"3606944864",2018,"Ontario","Manchester town","B19013F_001","Other (Non-Hispanic)",NA,NA
"3606944864",2018,"Ontario","Manchester town","B19013G_001","Two or More Races (Non-Hispanic)",NA,NA
"3606944864",2018,"Ontario","Manchester town","B19013H_001","White (Non-Hispanic)",52263,5646
"3606944864",2018,"Ontario","Manchester town","B19013I_001","Hispanic or Latino (Any Race)",NA,NA
"3606949440",2018,"Ontario","Naples town","B19013B_001","Black (Non-Hispanic)",NA,NA
"3606949440",2018,"Ontario","Naples town","B19013C_001","Native American (Non-Hispanic)",NA,NA
"3606949440",2018,"Ontario","Naples town","B19013D_001","Asian (Non-Hispanic)",NA,NA
"3606949440",2018,"Ontario","Naples town","B19013E_001","Pacific Islander (Non-Hispanic)",NA,NA
"3606949440",2018,"Ontario","Naples town","B19013F_001","Other (Non-Hispanic)",NA,NA
"3606949440",2018,"Ontario","Naples town","B19013G_001","Two or More Races (Non-Hispanic)",NA,NA
"3606949440",2018,"Ontario","Naples town","B19013H_001","White (Non-Hispanic)",51957,4578
"3606949440",2018,"Ontario","Naples town","B19013I_001","Hispanic or Latino (Any Race)",NA,NA
"3606957529",2018,"Ontario","Phelps town","B19013B_001","Black (Non-Hispanic)",NA,NA
"3606957529",2018,"Ontario","Phelps town","B19013C_001","Native American (Non-Hispanic)",NA,NA
"3606957529",2018,"Ontario","Phelps town","B19013D_001","Asian (Non-Hispanic)",NA,NA
"3606957529",2018,"Ontario","Phelps town","B19013E_001","Pacific Islander (Non-Hispanic)",NA,NA
"3606957529",2018,"Ontario","Phelps town","B19013F_001","Other (Non-Hispanic)",NA,NA
"3606957529",2018,"Ontario","Phelps town","B19013G_001","Two or More Races (Non-Hispanic)",NA,NA
"3606957529",2018,"Ontario","Phelps town","B19013H_001","White (Non-Hispanic)",63787,5282
"3606957529",2018,"Ontario","Phelps town","B19013I_001","Hispanic or Latino (Any Race)",NA,NA
"3606961544",2018,"Ontario","Richmond town","B19013B_001","Black (Non-Hispanic)",NA,NA
"3606961544",2018,"Ontario","Richmond town","B19013C_001","Native American (Non-Hispanic)",NA,NA
"3606961544",2018,"Ontario","Richmond town","B19013D_001","Asian (Non-Hispanic)",NA,NA
"3606961544",2018,"Ontario","Richmond town","B19013E_001","Pacific Islander (Non-Hispanic)",NA,NA
"3606961544",2018,"Ontario","Richmond town","B19013F_001","Other (Non-Hispanic)",NA,NA
"3606961544",2018,"Ontario","Richmond town","B19013G_001","Two or More Races (Non-Hispanic)",NA,NA
"3606961544",2018,"Ontario","Richmond town","B19013H_001","White (Non-Hispanic)",75469,8050
"3606961544",2018,"Ontario","Richmond town","B19013I_001","Hispanic or Latino (Any Race)",NA,NA
"3606966289",2018,"Ontario","Seneca town","B19013B_001","Black (Non-Hispanic)",NA,NA
"3606966289",2018,"Ontario","Seneca town","B19013C_001","Native American (Non-Hispanic)",NA,NA
"3606966289",2018,"Ontario","Seneca town","B19013D_001","Asian (Non-Hispanic)",NA,NA
"3606966289",2018,"Ontario","Seneca town","B19013E_001","Pacific Islander (Non-Hispanic)",NA,NA
"3606966289",2018,"Ontario","Seneca town","B19013F_001","Other (Non-Hispanic)",NA,NA
"3606966289",2018,"Ontario","Seneca town","B19013G_001","Two or More Races (Non-Hispanic)",NA,NA
"3606966289",2018,"Ontario","Seneca town","B19013H_001","White (Non-Hispanic)",68494,6572
"3606966289",2018,"Ontario","Seneca town","B19013I_001","Hispanic or Latino (Any Race)",80781,24528
"3606968660",2018,"Ontario","South Bristol town","B19013B_001","Black (Non-Hispanic)",NA,NA
"3606968660",2018,"Ontario","South Bristol town","B19013C_001","Native American (Non-Hispanic)",NA,NA
"3606968660",2018,"Ontario","South Bristol town","B19013D_001","Asian (Non-Hispanic)",NA,NA
"3606968660",2018,"Ontario","South Bristol town","B19013E_001","Pacific Islander (Non-Hispanic)",NA,NA
"3606968660",2018,"Ontario","South Bristol town","B19013F_001","Other (Non-Hispanic)",NA,NA
"3606968660",2018,"Ontario","South Bristol town","B19013G_001","Two or More Races (Non-Hispanic)",NA,NA
"3606968660",2018,"Ontario","South Bristol town","B19013H_001","White (Non-Hispanic)",77000,11139
"3606968660",2018,"Ontario","South Bristol town","B19013I_001","Hispanic or Latino (Any Race)",NA,NA
"3606977387",2018,"Ontario","Victor town","B19013B_001","Black (Non-Hispanic)",NA,NA
"3606977387",2018,"Ontario","Victor town","B19013C_001","Native American (Non-Hispanic)",NA,NA
"3606977387",2018,"Ontario","Victor town","B19013D_001","Asian (Non-Hispanic)",245875,158445
"3606977387",2018,"Ontario","Victor town","B19013E_001","Pacific Islander (Non-Hispanic)",NA,NA
"3606977387",2018,"Ontario","Victor town","B19013F_001","Other (Non-Hispanic)",NA,NA
"3606977387",2018,"Ontario","Victor town","B19013G_001","Two or More Races (Non-Hispanic)",NA,NA
"3606977387",2018,"Ontario","Victor town","B19013H_001","White (Non-Hispanic)",94519,12238
"3606977387",2018,"Ontario","Victor town","B19013I_001","Hispanic or Latino (Any Race)",150147,22573
"3606979356",2018,"Ontario","West Bloomfield town","B19013B_001","Black (Non-Hispanic)",NA,NA
"3606979356",2018,"Ontario","West Bloomfield town","B19013C_001","Native American (Non-Hispanic)",NA,NA
"3606979356",2018,"Ontario","West Bloomfield town","B19013D_001","Asian (Non-Hispanic)",NA,NA
"3606979356",2018,"Ontario","West Bloomfield town","B19013E_001","Pacific Islander (Non-Hispanic)",NA,NA
"3606979356",2018,"Ontario","West Bloomfield town","B19013F_001","Other (Non-Hispanic)",NA,NA
"3606979356",2018,"Ontario","West Bloomfield town","B19013G_001","Two or More Races (Non-Hispanic)",NA,NA
"3606979356",2018,"Ontario","West Bloomfield town","B19013H_001","White (Non-Hispanic)",54265,5367
"3606979356",2018,"Ontario","West Bloomfield town","B19013I_001","Hispanic or Latino (Any Race)",NA,NA
"3607300000",2018,"Orleans","County subdivisions not defined","B19013B_001","Black (Non-Hispanic)",NA,NA
"3607300000",2018,"Orleans","County subdivisions not defined","B19013C_001","Native American (Non-Hispanic)",NA,NA
"3607300000",2018,"Orleans","County subdivisions not defined","B19013D_001","Asian (Non-Hispanic)",NA,NA
"3607300000",2018,"Orleans","County subdivisions not defined","B19013E_001","Pacific Islander (Non-Hispanic)",NA,NA
"3607300000",2018,"Orleans","County subdivisions not defined","B19013F_001","Other (Non-Hispanic)",NA,NA
"3607300000",2018,"Orleans","County subdivisions not defined","B19013G_001","Two or More Races (Non-Hispanic)",NA,NA
"3607300000",2018,"Orleans","County subdivisions not defined","B19013H_001","White (Non-Hispanic)",NA,NA
"3607300000",2018,"Orleans","County subdivisions not defined","B19013I_001","Hispanic or Latino (Any Race)",NA,NA
"3607301044",2018,"Orleans","Albion town","B19013B_001","Black (Non-Hispanic)",81625,57410
"3607301044",2018,"Orleans","Albion town","B19013C_001","Native American (Non-Hispanic)",NA,NA
"3607301044",2018,"Orleans","Albion town","B19013D_001","Asian (Non-Hispanic)",NA,NA
"3607301044",2018,"Orleans","Albion town","B19013E_001","Pacific Islander (Non-Hispanic)",NA,NA
"3607301044",2018,"Orleans","Albion town","B19013F_001","Other (Non-Hispanic)",19800,2004
"3607301044",2018,"Orleans","Albion town","B19013G_001","Two or More Races (Non-Hispanic)",NA,NA
"3607301044",2018,"Orleans","Albion town","B19013H_001","White (Non-Hispanic)",40846,5108
"3607301044",2018,"Orleans","Albion town","B19013I_001","Hispanic or Latino (Any Race)",19800,2004
"3607304572",2018,"Orleans","Barre town","B19013B_001","Black (Non-Hispanic)",NA,NA
"3607304572",2018,"Orleans","Barre town","B19013C_001","Native American (Non-Hispanic)",NA,NA
"3607304572",2018,"Orleans","Barre town","B19013D_001","Asian (Non-Hispanic)",NA,NA
"3607304572",2018,"Orleans","Barre town","B19013E_001","Pacific Islander (Non-Hispanic)",NA,NA
"3607304572",2018,"Orleans","Barre town","B19013F_001","Other (Non-Hispanic)",NA,NA
"3607304572",2018,"Orleans","Barre town","B19013G_001","Two or More Races (Non-Hispanic)",NA,NA
"3607304572",2018,"Orleans","Barre town","B19013H_001","White (Non-Hispanic)",67386,7333
"3607304572",2018,"Orleans","Barre town","B19013I_001","Hispanic or Latino (Any Race)",39231,23174
"3607312496",2018,"Orleans","Carlton town","B19013B_001","Black (Non-Hispanic)",NA,NA
"3607312496",2018,"Orleans","Carlton town","B19013C_001","Native American (Non-Hispanic)",NA,NA
"3607312496",2018,"Orleans","Carlton town","B19013D_001","Asian (Non-Hispanic)",NA,NA
"3607312496",2018,"Orleans","Carlton town","B19013E_001","Pacific Islander (Non-Hispanic)",NA,NA
"3607312496",2018,"Orleans","Carlton town","B19013F_001","Other (Non-Hispanic)",NA,NA
"3607312496",2018,"Orleans","Carlton town","B19013G_001","Two or More Races (Non-Hispanic)",NA,NA
"3607312496",2018,"Orleans","Carlton town","B19013H_001","White (Non-Hispanic)",61637,5917
"3607312496",2018,"Orleans","Carlton town","B19013I_001","Hispanic or Latino (Any Race)",NA,NA
"3607315880",2018,"Orleans","Clarendon town","B19013B_001","Black (Non-Hispanic)",NA,NA
"3607315880",2018,"Orleans","Clarendon town","B19013C_001","Native American (Non-Hispanic)",NA,NA
"3607315880",2018,"Orleans","Clarendon town","B19013D_001","Asian (Non-Hispanic)",NA,NA
"3607315880",2018,"Orleans","Clarendon town","B19013E_001","Pacific Islander (Non-Hispanic)",NA,NA
"3607315880",2018,"Orleans","Clarendon town","B19013F_001","Other (Non-Hispanic)",NA,NA
"3607315880",2018,"Orleans","Clarendon town","B19013G_001","Two or More Races (Non-Hispanic)",54236,33979
"3607315880",2018,"Orleans","Clarendon town","B19013H_001","White (Non-Hispanic)",53869,12722
"3607315880",2018,"Orleans","Clarendon town","B19013I_001","Hispanic or Latino (Any Race)",NA,NA
"3607327958",2018,"Orleans","Gaines town","B19013B_001","Black (Non-Hispanic)",NA,NA
"3607327958",2018,"Orleans","Gaines town","B19013C_001","Native American (Non-Hispanic)",NA,NA
"3607327958",2018,"Orleans","Gaines town","B19013D_001","Asian (Non-Hispanic)",NA,NA
"3607327958",2018,"Orleans","Gaines town","B19013E_001","Pacific Islander (Non-Hispanic)",NA,NA
"3607327958",2018,"Orleans","Gaines town","B19013F_001","Other (Non-Hispanic)",NA,NA
"3607327958",2018,"Orleans","Gaines town","B19013G_001","Two or More Races (Non-Hispanic)",NA,NA
"3607327958",2018,"Orleans","Gaines town","B19013H_001","White (Non-Hispanic)",53229,10254
"3607327958",2018,"Orleans","Gaines town","B19013I_001","Hispanic or Latino (Any Race)",NA,NA
"3607339188",2018,"Orleans","Kendall town","B19013B_001","Black (Non-Hispanic)",NA,NA
"3607339188",2018,"Orleans","Kendall town","B19013C_001","Native American (Non-Hispanic)",NA,NA
"3607339188",2018,"Orleans","Kendall town","B19013D_001","Asian (Non-Hispanic)",NA,NA
"3607339188",2018,"Orleans","Kendall town","B19013E_001","Pacific Islander (Non-Hispanic)",NA,NA
"3607339188",2018,"Orleans","Kendall town","B19013F_001","Other (Non-Hispanic)",NA,NA
"3607339188",2018,"Orleans","Kendall town","B19013G_001","Two or More Races (Non-Hispanic)",NA,NA
"3607339188",2018,"Orleans","Kendall town","B19013H_001","White (Non-Hispanic)",58796,7424
"3607339188",2018,"Orleans","Kendall town","B19013I_001","Hispanic or Latino (Any Race)",35357,18453
"3607349286",2018,"Orleans","Murray town","B19013B_001","Black (Non-Hispanic)",NA,NA
"3607349286",2018,"Orleans","Murray town","B19013C_001","Native American (Non-Hispanic)",NA,NA
"3607349286",2018,"Orleans","Murray town","B19013D_001","Asian (Non-Hispanic)",NA,NA
"3607349286",2018,"Orleans","Murray town","B19013E_001","Pacific Islander (Non-Hispanic)",NA,NA
"3607349286",2018,"Orleans","Murray town","B19013F_001","Other (Non-Hispanic)",NA,NA
"3607349286",2018,"Orleans","Murray town","B19013G_001","Two or More Races (Non-Hispanic)",NA,NA
"3607349286",2018,"Orleans","Murray town","B19013H_001","White (Non-Hispanic)",49833,5961
"3607349286",2018,"Orleans","Murray town","B19013I_001","Hispanic or Latino (Any Race)",43250,33290
"3607361742",2018,"Orleans","Ridgeway town","B19013B_001","Black (Non-Hispanic)",NA,NA
"3607361742",2018,"Orleans","Ridgeway town","B19013C_001","Native American (Non-Hispanic)",NA,NA
"3607361742",2018,"Orleans","Ridgeway town","B19013D_001","Asian (Non-Hispanic)",177708,96977
"3607361742",2018,"Orleans","Ridgeway town","B19013E_001","Pacific Islander (Non-Hispanic)",NA,NA
"3607361742",2018,"Orleans","Ridgeway town","B19013F_001","Other (Non-Hispanic)",NA,NA
"3607361742",2018,"Orleans","Ridgeway town","B19013G_001","Two or More Races (Non-Hispanic)",NA,NA
"3607361742",2018,"Orleans","Ridgeway town","B19013H_001","White (Non-Hispanic)",50329,6627
"3607361742",2018,"Orleans","Ridgeway town","B19013I_001","Hispanic or Latino (Any Race)",39306,36740
"3607366751",2018,"Orleans","Shelby town","B19013B_001","Black (Non-Hispanic)",NA,NA
"3607366751",2018,"Orleans","Shelby town","B19013C_001","Native American (Non-Hispanic)",NA,NA
"3607366751",2018,"Orleans","Shelby town","B19013D_001","Asian (Non-Hispanic)",NA,NA
"3607366751",2018,"Orleans","Shelby town","B19013E_001","Pacific Islander (Non-Hispanic)",NA,NA
"3607366751",2018,"Orleans","Shelby town","B19013F_001","Other (Non-Hispanic)",NA,NA
"3607366751",2018,"Orleans","Shelby town","B19013G_001","Two or More Races (Non-Hispanic)",NA,NA
"3607366751",2018,"Orleans","Shelby town","B19013H_001","White (Non-Hispanic)",48474,3618
"3607366751",2018,"Orleans","Shelby town","B19013I_001","Hispanic or Latino (Any Race)",NA,NA
"3607383448",2018,"Orleans","Yates town","B19013B_001","Black (Non-Hispanic)",NA,NA
"3607383448",2018,"Orleans","Yates town","B19013C_001","Native American (Non-Hispanic)",NA,NA
"3607383448",2018,"Orleans","Yates town","B19013D_001","Asian (Non-Hispanic)",NA,NA
"3607383448",2018,"Orleans","Yates town","B19013E_001","Pacific Islander (Non-Hispanic)",NA,NA
"3607383448",2018,"Orleans","Yates town","B19013F_001","Other (Non-Hispanic)",NA,NA
"3607383448",2018,"Orleans","Yates town","B19013G_001","Two or More Races (Non-Hispanic)",NA,NA
"3607383448",2018,"Orleans","Yates town","B19013H_001","White (Non-Hispanic)",58676,6075
"3607383448",2018,"Orleans","Yates town","B19013I_001","Hispanic or Latino (Any Race)",NA,NA
"3609918663",2018,"Seneca","Covert town","B19013B_001","Black (Non-Hispanic)",NA,NA
"3609918663",2018,"Seneca","Covert town","B19013C_001","Native American (Non-Hispanic)",NA,NA
"3609918663",2018,"Seneca","Covert town","B19013D_001","Asian (Non-Hispanic)",NA,NA
"3609918663",2018,"Seneca","Covert town","B19013E_001","Pacific Islander (Non-Hispanic)",NA,NA
"3609918663",2018,"Seneca","Covert town","B19013F_001","Other (Non-Hispanic)",NA,NA
"3609918663",2018,"Seneca","Covert town","B19013G_001","Two or More Races (Non-Hispanic)",NA,NA
"3609918663",2018,"Seneca","Covert town","B19013H_001","White (Non-Hispanic)",62083,11984
"3609918663",2018,"Seneca","Covert town","B19013I_001","Hispanic or Latino (Any Race)",NA,NA
"3609925505",2018,"Seneca","Fayette town","B19013B_001","Black (Non-Hispanic)",NA,NA
"3609925505",2018,"Seneca","Fayette town","B19013C_001","Native American (Non-Hispanic)",NA,NA
"3609925505",2018,"Seneca","Fayette town","B19013D_001","Asian (Non-Hispanic)",NA,NA
"3609925505",2018,"Seneca","Fayette town","B19013E_001","Pacific Islander (Non-Hispanic)",NA,NA
"3609925505",2018,"Seneca","Fayette town","B19013F_001","Other (Non-Hispanic)",NA,NA
"3609925505",2018,"Seneca","Fayette town","B19013G_001","Two or More Races (Non-Hispanic)",NA,NA
"3609925505",2018,"Seneca","Fayette town","B19013H_001","White (Non-Hispanic)",66729,6919
"3609925505",2018,"Seneca","Fayette town","B19013I_001","Hispanic or Latino (Any Race)",36667,740
"3609928640",2018,"Seneca","Geneva city","B19013B_001","Black (Non-Hispanic)",NA,NA
"3609928640",2018,"Seneca","Geneva city","B19013C_001","Native American (Non-Hispanic)",NA,NA
"3609928640",2018,"Seneca","Geneva city","B19013D_001","Asian (Non-Hispanic)",NA,NA
"3609928640",2018,"Seneca","Geneva city","B19013E_001","Pacific Islander (Non-Hispanic)",NA,NA
"3609928640",2018,"Seneca","Geneva city","B19013F_001","Other (Non-Hispanic)",NA,NA
"3609928640",2018,"Seneca","Geneva city","B19013G_001","Two or More Races (Non-Hispanic)",NA,NA
"3609928640",2018,"Seneca","Geneva city","B19013H_001","White (Non-Hispanic)",NA,NA
"3609928640",2018,"Seneca","Geneva city","B19013I_001","Hispanic or Latino (Any Race)",NA,NA
"3609938858",2018,"Seneca","Junius town","B19013B_001","Black (Non-Hispanic)",NA,NA
"3609938858",2018,"Seneca","Junius town","B19013C_001","Native American (Non-Hispanic)",NA,NA
"3609938858",2018,"Seneca","Junius town","B19013D_001","Asian (Non-Hispanic)",NA,NA
"3609938858",2018,"Seneca","Junius town","B19013E_001","Pacific Islander (Non-Hispanic)",NA,NA
"3609938858",2018,"Seneca","Junius town","B19013F_001","Other (Non-Hispanic)",NA,NA
"3609938858",2018,"Seneca","Junius town","B19013G_001","Two or More Races (Non-Hispanic)",NA,NA
"3609938858",2018,"Seneca","Junius town","B19013H_001","White (Non-Hispanic)",54107,8017
"3609938858",2018,"Seneca","Junius town","B19013I_001","Hispanic or Latino (Any Race)",NA,NA
"3609943225",2018,"Seneca","Lodi town","B19013B_001","Black (Non-Hispanic)",NA,NA
"3609943225",2018,"Seneca","Lodi town","B19013C_001","Native American (Non-Hispanic)",NA,NA
"3609943225",2018,"Seneca","Lodi town","B19013D_001","Asian (Non-Hispanic)",NA,NA
"3609943225",2018,"Seneca","Lodi town","B19013E_001","Pacific Islander (Non-Hispanic)",NA,NA
"3609943225",2018,"Seneca","Lodi town","B19013F_001","Other (Non-Hispanic)",NA,NA
"3609943225",2018,"Seneca","Lodi town","B19013G_001","Two or More Races (Non-Hispanic)",NA,NA
"3609943225",2018,"Seneca","Lodi town","B19013H_001","White (Non-Hispanic)",48684,5170
"3609943225",2018,"Seneca","Lodi town","B19013I_001","Hispanic or Latino (Any Race)",NA,NA
"3609955827",2018,"Seneca","Ovid town","B19013B_001","Black (Non-Hispanic)",NA,NA
"3609955827",2018,"Seneca","Ovid town","B19013C_001","Native American (Non-Hispanic)",NA,NA
"3609955827",2018,"Seneca","Ovid town","B19013D_001","Asian (Non-Hispanic)",NA,NA
"3609955827",2018,"Seneca","Ovid town","B19013E_001","Pacific Islander (Non-Hispanic)",NA,NA
"3609955827",2018,"Seneca","Ovid town","B19013F_001","Other (Non-Hispanic)",NA,NA
"3609955827",2018,"Seneca","Ovid town","B19013G_001","Two or More Races (Non-Hispanic)",NA,NA
"3609955827",2018,"Seneca","Ovid town","B19013H_001","White (Non-Hispanic)",48393,4895
"3609955827",2018,"Seneca","Ovid town","B19013I_001","Hispanic or Latino (Any Race)",19107,3942
"3609963440",2018,"Seneca","Romulus town","B19013B_001","Black (Non-Hispanic)",NA,NA
"3609963440",2018,"Seneca","Romulus town","B19013C_001","Native American (Non-Hispanic)",NA,NA
"3609963440",2018,"Seneca","Romulus town","B19013D_001","Asian (Non-Hispanic)",NA,NA
"3609963440",2018,"Seneca","Romulus town","B19013E_001","Pacific Islander (Non-Hispanic)",NA,NA
"3609963440",2018,"Seneca","Romulus town","B19013F_001","Other (Non-Hispanic)",NA,NA
"3609963440",2018,"Seneca","Romulus town","B19013G_001","Two or More Races (Non-Hispanic)",NA,NA
"3609963440",2018,"Seneca","Romulus town","B19013H_001","White (Non-Hispanic)",54773,8427
"3609963440",2018,"Seneca","Romulus town","B19013I_001","Hispanic or Latino (Any Race)",NA,NA
"3609966333",2018,"Seneca","Seneca Falls town","B19013B_001","Black (Non-Hispanic)",33095,32954
"3609966333",2018,"Seneca","Seneca Falls town","B19013C_001","Native American (Non-Hispanic)",NA,NA
"3609966333",2018,"Seneca","Seneca Falls town","B19013D_001","Asian (Non-Hispanic)",NA,NA
"3609966333",2018,"Seneca","Seneca Falls town","B19013E_001","Pacific Islander (Non-Hispanic)",NA,NA
"3609966333",2018,"Seneca","Seneca Falls town","B19013F_001","Other (Non-Hispanic)",NA,NA
"3609966333",2018,"Seneca","Seneca Falls town","B19013G_001","Two or More Races (Non-Hispanic)",26875,25133
"3609966333",2018,"Seneca","Seneca Falls town","B19013H_001","White (Non-Hispanic)",56490,4047
"3609966333",2018,"Seneca","Seneca Falls town","B19013I_001","Hispanic or Latino (Any Race)",6289,871
"3609975902",2018,"Seneca","Tyre town","B19013B_001","Black (Non-Hispanic)",NA,NA
"3609975902",2018,"Seneca","Tyre town","B19013C_001","Native American (Non-Hispanic)",NA,NA
"3609975902",2018,"Seneca","Tyre town","B19013D_001","Asian (Non-Hispanic)",NA,NA
"3609975902",2018,"Seneca","Tyre town","B19013E_001","Pacific Islander (Non-Hispanic)",NA,NA
"3609975902",2018,"Seneca","Tyre town","B19013F_001","Other (Non-Hispanic)",NA,NA
"3609975902",2018,"Seneca","Tyre town","B19013G_001","Two or More Races (Non-Hispanic)",NA,NA
"3609975902",2018,"Seneca","Tyre town","B19013H_001","White (Non-Hispanic)",54583,14268
"3609975902",2018,"Seneca","Tyre town","B19013I_001","Hispanic or Latino (Any Race)",NA,NA
"3609976958",2018,"Seneca","Varick town","B19013B_001","Black (Non-Hispanic)",NA,NA
"3609976958",2018,"Seneca","Varick town","B19013C_001","Native American (Non-Hispanic)",NA,NA
"3609976958",2018,"Seneca","Varick town","B19013D_001","Asian (Non-Hispanic)",NA,NA
"3609976958",2018,"Seneca","Varick town","B19013E_001","Pacific Islander (Non-Hispanic)",NA,NA
"3609976958",2018,"Seneca","Varick town","B19013F_001","Other (Non-Hispanic)",NA,NA
"3609976958",2018,"Seneca","Varick town","B19013G_001","Two or More Races (Non-Hispanic)",NA,NA
"3609976958",2018,"Seneca","Varick town","B19013H_001","White (Non-Hispanic)",53810,7692
"3609976958",2018,"Seneca","Varick town","B19013I_001","Hispanic or Latino (Any Race)",NA,NA
"3609978564",2018,"Seneca","Waterloo town","B19013B_001","Black (Non-Hispanic)",98750,86403
"3609978564",2018,"Seneca","Waterloo town","B19013C_001","Native American (Non-Hispanic)",NA,NA
"3609978564",2018,"Seneca","Waterloo town","B19013D_001","Asian (Non-Hispanic)",NA,NA
"3609978564",2018,"Seneca","Waterloo town","B19013E_001","Pacific Islander (Non-Hispanic)",NA,NA
"3609978564",2018,"Seneca","Waterloo town","B19013F_001","Other (Non-Hispanic)",NA,NA
"3609978564",2018,"Seneca","Waterloo town","B19013G_001","Two or More Races (Non-Hispanic)",NA,NA
"3609978564",2018,"Seneca","Waterloo town","B19013H_001","White (Non-Hispanic)",53967,3873
"3609978564",2018,"Seneca","Waterloo town","B19013I_001","Hispanic or Latino (Any Race)",NA,NA
"3611700000",2018,"Wayne","County subdivisions not defined","B19013B_001","Black (Non-Hispanic)",NA,NA
"3611700000",2018,"Wayne","County subdivisions not defined","B19013C_001","Native American (Non-Hispanic)",NA,NA
"3611700000",2018,"Wayne","County subdivisions not defined","B19013D_001","Asian (Non-Hispanic)",NA,NA
"3611700000",2018,"Wayne","County subdivisions not defined","B19013E_001","Pacific Islander (Non-Hispanic)",NA,NA
"3611700000",2018,"Wayne","County subdivisions not defined","B19013F_001","Other (Non-Hispanic)",NA,NA
"3611700000",2018,"Wayne","County subdivisions not defined","B19013G_001","Two or More Races (Non-Hispanic)",NA,NA
"3611700000",2018,"Wayne","County subdivisions not defined","B19013H_001","White (Non-Hispanic)",NA,NA
"3611700000",2018,"Wayne","County subdivisions not defined","B19013I_001","Hispanic or Latino (Any Race)",NA,NA
"3611702440",2018,"Wayne","Arcadia town","B19013B_001","Black (Non-Hispanic)",28125,26333
"3611702440",2018,"Wayne","Arcadia town","B19013C_001","Native American (Non-Hispanic)",NA,NA
"3611702440",2018,"Wayne","Arcadia town","B19013D_001","Asian (Non-Hispanic)",114211,26571
"3611702440",2018,"Wayne","Arcadia town","B19013E_001","Pacific Islander (Non-Hispanic)",NA,NA
"3611702440",2018,"Wayne","Arcadia town","B19013F_001","Other (Non-Hispanic)",20724,15172
"3611702440",2018,"Wayne","Arcadia town","B19013G_001","Two or More Races (Non-Hispanic)",107917,104388
"3611702440",2018,"Wayne","Arcadia town","B19013H_001","White (Non-Hispanic)",48624,4378
"3611702440",2018,"Wayne","Arcadia town","B19013I_001","Hispanic or Latino (Any Race)",25216,8218
"3611711473",2018,"Wayne","Butler town","B19013B_001","Black (Non-Hispanic)",NA,NA
"3611711473",2018,"Wayne","Butler town","B19013C_001","Native American (Non-Hispanic)",NA,NA
"3611711473",2018,"Wayne","Butler town","B19013D_001","Asian (Non-Hispanic)",NA,NA
"3611711473",2018,"Wayne","Butler town","B19013E_001","Pacific Islander (Non-Hispanic)",NA,NA
"3611711473",2018,"Wayne","Butler town","B19013F_001","Other (Non-Hispanic)",NA,NA
"3611711473",2018,"Wayne","Butler town","B19013G_001","Two or More Races (Non-Hispanic)",NA,NA
"3611711473",2018,"Wayne","Butler town","B19013H_001","White (Non-Hispanic)",50250,7897
"3611711473",2018,"Wayne","Butler town","B19013I_001","Hispanic or Latino (Any Race)",NA,NA
"3611728013",2018,"Wayne","Galen town","B19013B_001","Black (Non-Hispanic)",NA,NA
"3611728013",2018,"Wayne","Galen town","B19013C_001","Native American (Non-Hispanic)",NA,NA
"3611728013",2018,"Wayne","Galen town","B19013D_001","Asian (Non-Hispanic)",NA,NA
"3611728013",2018,"Wayne","Galen town","B19013E_001","Pacific Islander (Non-Hispanic)",NA,NA
"3611728013",2018,"Wayne","Galen town","B19013F_001","Other (Non-Hispanic)",NA,NA
"3611728013",2018,"Wayne","Galen town","B19013G_001","Two or More Races (Non-Hispanic)",NA,NA
"3611728013",2018,"Wayne","Galen town","B19013H_001","White (Non-Hispanic)",52286,6294
"3611728013",2018,"Wayne","Galen town","B19013I_001","Hispanic or Latino (Any Race)",18676,14623
"3611737165",2018,"Wayne","Huron town","B19013B_001","Black (Non-Hispanic)",NA,NA
"3611737165",2018,"Wayne","Huron town","B19013C_001","Native American (Non-Hispanic)",NA,NA
"3611737165",2018,"Wayne","Huron town","B19013D_001","Asian (Non-Hispanic)",NA,NA
"3611737165",2018,"Wayne","Huron town","B19013E_001","Pacific Islander (Non-Hispanic)",NA,NA
"3611737165",2018,"Wayne","Huron town","B19013F_001","Other (Non-Hispanic)",NA,NA
"3611737165",2018,"Wayne","Huron town","B19013G_001","Two or More Races (Non-Hispanic)",NA,NA
"3611737165",2018,"Wayne","Huron town","B19013H_001","White (Non-Hispanic)",70174,6445
"3611737165",2018,"Wayne","Huron town","B19013I_001","Hispanic or Latino (Any Race)",112625,105830
"3611743973",2018,"Wayne","Lyons town","B19013B_001","Black (Non-Hispanic)",NA,NA
"3611743973",2018,"Wayne","Lyons town","B19013C_001","Native American (Non-Hispanic)",NA,NA
"3611743973",2018,"Wayne","Lyons town","B19013D_001","Asian (Non-Hispanic)",NA,NA
"3611743973",2018,"Wayne","Lyons town","B19013E_001","Pacific Islander (Non-Hispanic)",NA,NA
"3611743973",2018,"Wayne","Lyons town","B19013F_001","Other (Non-Hispanic)",NA,NA
"3611743973",2018,"Wayne","Lyons town","B19013G_001","Two or More Races (Non-Hispanic)",NA,NA
"3611743973",2018,"Wayne","Lyons town","B19013H_001","White (Non-Hispanic)",55354,5339
"3611743973",2018,"Wayne","Lyons town","B19013I_001","Hispanic or Latino (Any Race)",NA,NA
"3611744160",2018,"Wayne","Macedon town","B19013B_001","Black (Non-Hispanic)",NA,NA
"3611744160",2018,"Wayne","Macedon town","B19013C_001","Native American (Non-Hispanic)",NA,NA
"3611744160",2018,"Wayne","Macedon town","B19013D_001","Asian (Non-Hispanic)",66250,1360
"3611744160",2018,"Wayne","Macedon town","B19013E_001","Pacific Islander (Non-Hispanic)",NA,NA
"3611744160",2018,"Wayne","Macedon town","B19013F_001","Other (Non-Hispanic)",NA,NA
"3611744160",2018,"Wayne","Macedon town","B19013G_001","Two or More Races (Non-Hispanic)",163355,51556
"3611744160",2018,"Wayne","Macedon town","B19013H_001","White (Non-Hispanic)",58973,4970
"3611744160",2018,"Wayne","Macedon town","B19013I_001","Hispanic or Latino (Any Race)",NA,NA
"3611745645",2018,"Wayne","Marion town","B19013B_001","Black (Non-Hispanic)",NA,NA
"3611745645",2018,"Wayne","Marion town","B19013C_001","Native American (Non-Hispanic)",NA,NA
"3611745645",2018,"Wayne","Marion town","B19013D_001","Asian (Non-Hispanic)",NA,NA
"3611745645",2018,"Wayne","Marion town","B19013E_001","Pacific Islander (Non-Hispanic)",NA,NA
"3611745645",2018,"Wayne","Marion town","B19013F_001","Other (Non-Hispanic)",NA,NA
"3611745645",2018,"Wayne","Marion town","B19013G_001","Two or More Races (Non-Hispanic)",NA,NA
"3611745645",2018,"Wayne","Marion town","B19013H_001","White (Non-Hispanic)",62789,5709
"3611745645",2018,"Wayne","Marion town","B19013I_001","Hispanic or Latino (Any Race)",73143,31277
"3611755013",2018,"Wayne","Ontario town","B19013B_001","Black (Non-Hispanic)",79531,61717
"3611755013",2018,"Wayne","Ontario town","B19013C_001","Native American (Non-Hispanic)",NA,NA
"3611755013",2018,"Wayne","Ontario town","B19013D_001","Asian (Non-Hispanic)",NA,NA
"3611755013",2018,"Wayne","Ontario town","B19013E_001","Pacific Islander (Non-Hispanic)",NA,NA
"3611755013",2018,"Wayne","Ontario town","B19013F_001","Other (Non-Hispanic)",NA,NA
"3611755013",2018,"Wayne","Ontario town","B19013G_001","Two or More Races (Non-Hispanic)",NA,NA
"3611755013",2018,"Wayne","Ontario town","B19013H_001","White (Non-Hispanic)",62474,8477
"3611755013",2018,"Wayne","Ontario town","B19013I_001","Hispanic or Latino (Any Race)",NA,NA
"3611756198",2018,"Wayne","Palmyra town","B19013B_001","Black (Non-Hispanic)",NA,NA
"3611756198",2018,"Wayne","Palmyra town","B19013C_001","Native American (Non-Hispanic)",NA,NA
"3611756198",2018,"Wayne","Palmyra town","B19013D_001","Asian (Non-Hispanic)",NA,NA
"3611756198",2018,"Wayne","Palmyra town","B19013E_001","Pacific Islander (Non-Hispanic)",NA,NA
"3611756198",2018,"Wayne","Palmyra town","B19013F_001","Other (Non-Hispanic)",NA,NA
"3611756198",2018,"Wayne","Palmyra town","B19013G_001","Two or More Races (Non-Hispanic)",NA,NA
"3611756198",2018,"Wayne","Palmyra town","B19013H_001","White (Non-Hispanic)",49221,4037
"3611756198",2018,"Wayne","Palmyra town","B19013I_001","Hispanic or Latino (Any Race)",NA,NA
"3611763605",2018,"Wayne","Rose town","B19013B_001","Black (Non-Hispanic)",NA,NA
"3611763605",2018,"Wayne","Rose town","B19013C_001","Native American (Non-Hispanic)",NA,NA
"3611763605",2018,"Wayne","Rose town","B19013D_001","Asian (Non-Hispanic)",NA,NA
"3611763605",2018,"Wayne","Rose town","B19013E_001","Pacific Islander (Non-Hispanic)",NA,NA
"3611763605",2018,"Wayne","Rose town","B19013F_001","Other (Non-Hispanic)",NA,NA
"3611763605",2018,"Wayne","Rose town","B19013G_001","Two or More Races (Non-Hispanic)",NA,NA
"3611763605",2018,"Wayne","Rose town","B19013H_001","White (Non-Hispanic)",58258,6873
"3611763605",2018,"Wayne","Rose town","B19013I_001","Hispanic or Latino (Any Race)",NA,NA
"3611765343",2018,"Wayne","Savannah town","B19013B_001","Black (Non-Hispanic)",NA,NA
"3611765343",2018,"Wayne","Savannah town","B19013C_001","Native American (Non-Hispanic)",NA,NA
"3611765343",2018,"Wayne","Savannah town","B19013D_001","Asian (Non-Hispanic)",NA,NA
"3611765343",2018,"Wayne","Savannah town","B19013E_001","Pacific Islander (Non-Hispanic)",NA,NA
"3611765343",2018,"Wayne","Savannah town","B19013F_001","Other (Non-Hispanic)",NA,NA
"3611765343",2018,"Wayne","Savannah town","B19013G_001","Two or More Races (Non-Hispanic)",NA,NA
"3611765343",2018,"Wayne","Savannah town","B19013H_001","White (Non-Hispanic)",53802,5178
"3611765343",2018,"Wayne","Savannah town","B19013I_001","Hispanic or Latino (Any Race)",NA,NA
"3611768220",2018,"Wayne","Sodus town","B19013B_001","Black (Non-Hispanic)",NA,NA
"3611768220",2018,"Wayne","Sodus town","B19013C_001","Native American (Non-Hispanic)",NA,NA
"3611768220",2018,"Wayne","Sodus town","B19013D_001","Asian (Non-Hispanic)",250001,NA
"3611768220",2018,"Wayne","Sodus town","B19013E_001","Pacific Islander (Non-Hispanic)",NA,NA
"3611768220",2018,"Wayne","Sodus town","B19013F_001","Other (Non-Hispanic)",63302,26331
"3611768220",2018,"Wayne","Sodus town","B19013G_001","Two or More Races (Non-Hispanic)",NA,NA
"3611768220",2018,"Wayne","Sodus town","B19013H_001","White (Non-Hispanic)",51814,3854
"3611768220",2018,"Wayne","Sodus town","B19013I_001","Hispanic or Latino (Any Race)",62665,61959
"3611778102",2018,"Wayne","Walworth town","B19013B_001","Black (Non-Hispanic)",NA,NA
"3611778102",2018,"Wayne","Walworth town","B19013C_001","Native American (Non-Hispanic)",NA,NA
"3611778102",2018,"Wayne","Walworth town","B19013D_001","Asian (Non-Hispanic)",NA,NA
"3611778102",2018,"Wayne","Walworth town","B19013E_001","Pacific Islander (Non-Hispanic)",NA,NA
"3611778102",2018,"Wayne","Walworth town","B19013F_001","Other (Non-Hispanic)",NA,NA
"3611778102",2018,"Wayne","Walworth town","B19013G_001","Two or More Races (Non-Hispanic)",51705,32985
"3611778102",2018,"Wayne","Walworth town","B19013H_001","White (Non-Hispanic)",83690,5483
"3611778102",2018,"Wayne","Walworth town","B19013I_001","Hispanic or Latino (Any Race)",96944,49580
"3611782040",2018,"Wayne","Williamson town","B19013B_001","Black (Non-Hispanic)",NA,NA
"3611782040",2018,"Wayne","Williamson town","B19013C_001","Native American (Non-Hispanic)",NA,NA
"3611782040",2018,"Wayne","Williamson town","B19013D_001","Asian (Non-Hispanic)",NA,NA
"3611782040",2018,"Wayne","Williamson town","B19013E_001","Pacific Islander (Non-Hispanic)",NA,NA
"3611782040",2018,"Wayne","Williamson town","B19013F_001","Other (Non-Hispanic)",NA,NA
"3611782040",2018,"Wayne","Williamson town","B19013G_001","Two or More Races (Non-Hispanic)",NA,NA
"3611782040",2018,"Wayne","Williamson town","B19013H_001","White (Non-Hispanic)",66300,11394
"3611782040",2018,"Wayne","Williamson town","B19013I_001","Hispanic or Latino (Any Race)",60446,48150
"3611782689",2018,"Wayne","Wolcott town","B19013B_001","Black (Non-Hispanic)",NA,NA
"3611782689",2018,"Wayne","Wolcott town","B19013C_001","Native American (Non-Hispanic)",NA,NA
"3611782689",2018,"Wayne","Wolcott town","B19013D_001","Asian (Non-Hispanic)",NA,NA
"3611782689",2018,"Wayne","Wolcott town","B19013E_001","Pacific Islander (Non-Hispanic)",NA,NA
"3611782689",2018,"Wayne","Wolcott town","B19013F_001","Other (Non-Hispanic)",NA,NA
"3611782689",2018,"Wayne","Wolcott town","B19013G_001","Two or More Races (Non-Hispanic)",NA,NA
"3611782689",2018,"Wayne","Wolcott town","B19013H_001","White (Non-Hispanic)",42188,8028
"3611782689",2018,"Wayne","Wolcott town","B19013I_001","Hispanic or Latino (Any Race)",NA,NA
"3612304594",2018,"Yates","Barrington town","B19013B_001","Black (Non-Hispanic)",NA,NA
"3612304594",2018,"Yates","Barrington town","B19013C_001","Native American (Non-Hispanic)",NA,NA
"3612304594",2018,"Yates","Barrington town","B19013D_001","Asian (Non-Hispanic)",NA,NA
"3612304594",2018,"Yates","Barrington town","B19013E_001","Pacific Islander (Non-Hispanic)",NA,NA
"3612304594",2018,"Yates","Barrington town","B19013F_001","Other (Non-Hispanic)",NA,NA
"3612304594",2018,"Yates","Barrington town","B19013G_001","Two or More Races (Non-Hispanic)",NA,NA
"3612304594",2018,"Yates","Barrington town","B19013H_001","White (Non-Hispanic)",56591,8269
"3612304594",2018,"Yates","Barrington town","B19013I_001","Hispanic or Latino (Any Race)",NA,NA
"3612306002",2018,"Yates","Benton town","B19013B_001","Black (Non-Hispanic)",NA,NA
"3612306002",2018,"Yates","Benton town","B19013C_001","Native American (Non-Hispanic)",NA,NA
"3612306002",2018,"Yates","Benton town","B19013D_001","Asian (Non-Hispanic)",NA,NA
"3612306002",2018,"Yates","Benton town","B19013E_001","Pacific Islander (Non-Hispanic)",NA,NA
"3612306002",2018,"Yates","Benton town","B19013F_001","Other (Non-Hispanic)",NA,NA
"3612306002",2018,"Yates","Benton town","B19013G_001","Two or More Races (Non-Hispanic)",NA,NA
"3612306002",2018,"Yates","Benton town","B19013H_001","White (Non-Hispanic)",67321,7339
"3612306002",2018,"Yates","Benton town","B19013I_001","Hispanic or Latino (Any Race)",NA,NA
"3612338044",2018,"Yates","Italy town","B19013B_001","Black (Non-Hispanic)",NA,NA
"3612338044",2018,"Yates","Italy town","B19013C_001","Native American (Non-Hispanic)",NA,NA
"3612338044",2018,"Yates","Italy town","B19013D_001","Asian (Non-Hispanic)",NA,NA
"3612338044",2018,"Yates","Italy town","B19013E_001","Pacific Islander (Non-Hispanic)",NA,NA
"3612338044",2018,"Yates","Italy town","B19013F_001","Other (Non-Hispanic)",NA,NA
"3612338044",2018,"Yates","Italy town","B19013G_001","Two or More Races (Non-Hispanic)",NA,NA
"3612338044",2018,"Yates","Italy town","B19013H_001","White (Non-Hispanic)",64318,10660
"3612338044",2018,"Yates","Italy town","B19013I_001","Hispanic or Latino (Any Race)",NA,NA
"3612338583",2018,"Yates","Jerusalem town","B19013B_001","Black (Non-Hispanic)",NA,NA
"3612338583",2018,"Yates","Jerusalem town","B19013C_001","Native American (Non-Hispanic)",NA,NA
"3612338583",2018,"Yates","Jerusalem town","B19013D_001","Asian (Non-Hispanic)",NA,NA
"3612338583",2018,"Yates","Jerusalem town","B19013E_001","Pacific Islander (Non-Hispanic)",NA,NA
"3612338583",2018,"Yates","Jerusalem town","B19013F_001","Other (Non-Hispanic)",NA,NA
"3612338583",2018,"Yates","Jerusalem town","B19013G_001","Two or More Races (Non-Hispanic)",NA,NA
"3612338583",2018,"Yates","Jerusalem town","B19013H_001","White (Non-Hispanic)",72333,7811
"3612338583",2018,"Yates","Jerusalem town","B19013I_001","Hispanic or Latino (Any Race)",NA,NA
"3612347020",2018,"Yates","Middlesex town","B19013B_001","Black (Non-Hispanic)",NA,NA
"3612347020",2018,"Yates","Middlesex town","B19013C_001","Native American (Non-Hispanic)",NA,NA
"3612347020",2018,"Yates","Middlesex town","B19013D_001","Asian (Non-Hispanic)",NA,NA
"3612347020",2018,"Yates","Middlesex town","B19013E_001","Pacific Islander (Non-Hispanic)",NA,NA
"3612347020",2018,"Yates","Middlesex town","B19013F_001","Other (Non-Hispanic)",NA,NA
"3612347020",2018,"Yates","Middlesex town","B19013G_001","Two or More Races (Non-Hispanic)",NA,NA
"3612347020",2018,"Yates","Middlesex town","B19013H_001","White (Non-Hispanic)",60764,9597
"3612347020",2018,"Yates","Middlesex town","B19013I_001","Hispanic or Latino (Any Race)",NA,NA
"3612347504",2018,"Yates","Milo town","B19013B_001","Black (Non-Hispanic)",NA,NA
"3612347504",2018,"Yates","Milo town","B19013C_001","Native American (Non-Hispanic)",NA,NA
"3612347504",2018,"Yates","Milo town","B19013D_001","Asian (Non-Hispanic)",NA,NA
"3612347504",2018,"Yates","Milo town","B19013E_001","Pacific Islander (Non-Hispanic)",NA,NA
"3612347504",2018,"Yates","Milo town","B19013F_001","Other (Non-Hispanic)",NA,NA
"3612347504",2018,"Yates","Milo town","B19013G_001","Two or More Races (Non-Hispanic)",NA,NA
"3612347504",2018,"Yates","Milo town","B19013H_001","White (Non-Hispanic)",37857,5649
"3612347504",2018,"Yates","Milo town","B19013I_001","Hispanic or Latino (Any Race)",NA,NA
"3612359597",2018,"Yates","Potter town","B19013B_001","Black (Non-Hispanic)",NA,NA
"3612359597",2018,"Yates","Potter town","B19013C_001","Native American (Non-Hispanic)",NA,NA
"3612359597",2018,"Yates","Potter town","B19013D_001","Asian (Non-Hispanic)",NA,NA
"3612359597",2018,"Yates","Potter town","B19013E_001","Pacific Islander (Non-Hispanic)",NA,NA
"3612359597",2018,"Yates","Potter town","B19013F_001","Other (Non-Hispanic)",NA,NA
"3612359597",2018,"Yates","Potter town","B19013G_001","Two or More Races (Non-Hispanic)",NA,NA
"3612359597",2018,"Yates","Potter town","B19013H_001","White (Non-Hispanic)",55670,6707
"3612359597",2018,"Yates","Potter town","B19013I_001","Hispanic or Latino (Any Race)",NA,NA
"3612370816",2018,"Yates","Starkey town","B19013B_001","Black (Non-Hispanic)",NA,NA
"3612370816",2018,"Yates","Starkey town","B19013C_001","Native American (Non-Hispanic)",NA,NA
"3612370816",2018,"Yates","Starkey town","B19013D_001","Asian (Non-Hispanic)",NA,NA
"3612370816",2018,"Yates","Starkey town","B19013E_001","Pacific Islander (Non-Hispanic)",NA,NA
"3612370816",2018,"Yates","Starkey town","B19013F_001","Other (Non-Hispanic)",NA,NA
"3612370816",2018,"Yates","Starkey town","B19013G_001","Two or More Races (Non-Hispanic)",NA,NA
"3612370816",2018,"Yates","Starkey town","B19013H_001","White (Non-Hispanic)",57994,7288
"3612370816",2018,"Yates","Starkey town","B19013I_001","Hispanic or Latino (Any Race)",NA,NA
"3612375055",2018,"Yates","Torrey town","B19013B_001","Black (Non-Hispanic)",NA,NA
"3612375055",2018,"Yates","Torrey town","B19013C_001","Native American (Non-Hispanic)",NA,NA
"3612375055",2018,"Yates","Torrey town","B19013D_001","Asian (Non-Hispanic)",NA,NA
"3612375055",2018,"Yates","Torrey town","B19013E_001","Pacific Islander (Non-Hispanic)",NA,NA
"3612375055",2018,"Yates","Torrey town","B19013F_001","Other (Non-Hispanic)",NA,NA
"3612375055",2018,"Yates","Torrey town","B19013G_001","Two or More Races (Non-Hispanic)",73750,65088
"3612375055",2018,"Yates","Torrey town","B19013H_001","White (Non-Hispanic)",59286,6701
"3612375055",2018,"Yates","Torrey town","B19013I_001","Hispanic or Latino (Any Race)",NA,NA
"3603700474",2019,"Genesee","Alabama town","B19013B_001","Black (Non-Hispanic)",NA,NA
"3603700474",2019,"Genesee","Alabama town","B19013C_001","Native American (Non-Hispanic)",NA,NA
"3603700474",2019,"Genesee","Alabama town","B19013D_001","Asian (Non-Hispanic)",NA,NA
"3603700474",2019,"Genesee","Alabama town","B19013E_001","Pacific Islander (Non-Hispanic)",NA,NA
"3603700474",2019,"Genesee","Alabama town","B19013F_001","Other (Non-Hispanic)",NA,NA
"3603700474",2019,"Genesee","Alabama town","B19013G_001","Two or More Races (Non-Hispanic)",NA,NA
"3603700474",2019,"Genesee","Alabama town","B19013H_001","White (Non-Hispanic)",64375,5691
"3603700474",2019,"Genesee","Alabama town","B19013I_001","Hispanic or Latino (Any Race)",NA,NA
"3603701165",2019,"Genesee","Alexander town","B19013B_001","Black (Non-Hispanic)",NA,NA
"3603701165",2019,"Genesee","Alexander town","B19013C_001","Native American (Non-Hispanic)",NA,NA
"3603701165",2019,"Genesee","Alexander town","B19013D_001","Asian (Non-Hispanic)",NA,NA
"3603701165",2019,"Genesee","Alexander town","B19013E_001","Pacific Islander (Non-Hispanic)",NA,NA
"3603701165",2019,"Genesee","Alexander town","B19013F_001","Other (Non-Hispanic)",NA,NA
"3603701165",2019,"Genesee","Alexander town","B19013G_001","Two or More Races (Non-Hispanic)",NA,NA
"3603701165",2019,"Genesee","Alexander town","B19013H_001","White (Non-Hispanic)",65234,7826
"3603701165",2019,"Genesee","Alexander town","B19013I_001","Hispanic or Latino (Any Race)",NA,NA
"3603704715",2019,"Genesee","Batavia city","B19013B_001","Black (Non-Hispanic)",38229,18320
"3603704715",2019,"Genesee","Batavia city","B19013C_001","Native American (Non-Hispanic)",NA,NA
"3603704715",2019,"Genesee","Batavia city","B19013D_001","Asian (Non-Hispanic)",NA,NA
"3603704715",2019,"Genesee","Batavia city","B19013E_001","Pacific Islander (Non-Hispanic)",NA,NA
"3603704715",2019,"Genesee","Batavia city","B19013F_001","Other (Non-Hispanic)",NA,NA
"3603704715",2019,"Genesee","Batavia city","B19013G_001","Two or More Races (Non-Hispanic)",33696,26855
"3603704715",2019,"Genesee","Batavia city","B19013H_001","White (Non-Hispanic)",48805,3594
"3603704715",2019,"Genesee","Batavia city","B19013I_001","Hispanic or Latino (Any Race)",35833,23427
"3603704726",2019,"Genesee","Batavia town","B19013B_001","Black (Non-Hispanic)",NA,NA
"3603704726",2019,"Genesee","Batavia town","B19013C_001","Native American (Non-Hispanic)",NA,NA
"3603704726",2019,"Genesee","Batavia town","B19013D_001","Asian (Non-Hispanic)",NA,NA
"3603704726",2019,"Genesee","Batavia town","B19013E_001","Pacific Islander (Non-Hispanic)",NA,NA
"3603704726",2019,"Genesee","Batavia town","B19013F_001","Other (Non-Hispanic)",NA,NA
"3603704726",2019,"Genesee","Batavia town","B19013G_001","Two or More Races (Non-Hispanic)",NA,NA
"3603704726",2019,"Genesee","Batavia town","B19013H_001","White (Non-Hispanic)",66307,9463
"3603704726",2019,"Genesee","Batavia town","B19013I_001","Hispanic or Latino (Any Race)",NA,NA
"3603706057",2019,"Genesee","Bergen town","B19013B_001","Black (Non-Hispanic)",NA,NA
"3603706057",2019,"Genesee","Bergen town","B19013C_001","Native American (Non-Hispanic)",NA,NA
"3603706057",2019,"Genesee","Bergen town","B19013D_001","Asian (Non-Hispanic)",NA,NA
"3603706057",2019,"Genesee","Bergen town","B19013E_001","Pacific Islander (Non-Hispanic)",NA,NA
"3603706057",2019,"Genesee","Bergen town","B19013F_001","Other (Non-Hispanic)",NA,NA
"3603706057",2019,"Genesee","Bergen town","B19013G_001","Two or More Races (Non-Hispanic)",NA,NA
"3603706057",2019,"Genesee","Bergen town","B19013H_001","White (Non-Hispanic)",60152,12043
"3603706057",2019,"Genesee","Bergen town","B19013I_001","Hispanic or Latino (Any Race)",NA,NA
"3603706266",2019,"Genesee","Bethany town","B19013B_001","Black (Non-Hispanic)",NA,NA
"3603706266",2019,"Genesee","Bethany town","B19013C_001","Native American (Non-Hispanic)",NA,NA
"3603706266",2019,"Genesee","Bethany town","B19013D_001","Asian (Non-Hispanic)",NA,NA
"3603706266",2019,"Genesee","Bethany town","B19013E_001","Pacific Islander (Non-Hispanic)",NA,NA
"3603706266",2019,"Genesee","Bethany town","B19013F_001","Other (Non-Hispanic)",44432,35227
"3603706266",2019,"Genesee","Bethany town","B19013G_001","Two or More Races (Non-Hispanic)",NA,NA
"3603706266",2019,"Genesee","Bethany town","B19013H_001","White (Non-Hispanic)",67232,10558
"3603706266",2019,"Genesee","Bethany town","B19013I_001","Hispanic or Latino (Any Race)",43750,33547
"3603711572",2019,"Genesee","Byron town","B19013B_001","Black (Non-Hispanic)",NA,NA
"3603711572",2019,"Genesee","Byron town","B19013C_001","Native American (Non-Hispanic)",NA,NA
"3603711572",2019,"Genesee","Byron town","B19013D_001","Asian (Non-Hispanic)",NA,NA
"3603711572",2019,"Genesee","Byron town","B19013E_001","Pacific Islander (Non-Hispanic)",NA,NA
"3603711572",2019,"Genesee","Byron town","B19013F_001","Other (Non-Hispanic)",NA,NA
"3603711572",2019,"Genesee","Byron town","B19013G_001","Two or More Races (Non-Hispanic)",NA,NA
"3603711572",2019,"Genesee","Byron town","B19013H_001","White (Non-Hispanic)",69766,5350
"3603711572",2019,"Genesee","Byron town","B19013I_001","Hispanic or Latino (Any Race)",NA,NA
"3603719719",2019,"Genesee","Darien town","B19013B_001","Black (Non-Hispanic)",NA,NA
"3603719719",2019,"Genesee","Darien town","B19013C_001","Native American (Non-Hispanic)",NA,NA
"3603719719",2019,"Genesee","Darien town","B19013D_001","Asian (Non-Hispanic)",NA,NA
"3603719719",2019,"Genesee","Darien town","B19013E_001","Pacific Islander (Non-Hispanic)",NA,NA
"3603719719",2019,"Genesee","Darien town","B19013F_001","Other (Non-Hispanic)",NA,NA
"3603719719",2019,"Genesee","Darien town","B19013G_001","Two or More Races (Non-Hispanic)",NA,NA
"3603719719",2019,"Genesee","Darien town","B19013H_001","White (Non-Hispanic)",78777,8141
"3603719719",2019,"Genesee","Darien town","B19013I_001","Hispanic or Latino (Any Race)",NA,NA
"3603723756",2019,"Genesee","Elba town","B19013B_001","Black (Non-Hispanic)",NA,NA
"3603723756",2019,"Genesee","Elba town","B19013C_001","Native American (Non-Hispanic)",NA,NA
"3603723756",2019,"Genesee","Elba town","B19013D_001","Asian (Non-Hispanic)",NA,NA
"3603723756",2019,"Genesee","Elba town","B19013E_001","Pacific Islander (Non-Hispanic)",NA,NA
"3603723756",2019,"Genesee","Elba town","B19013F_001","Other (Non-Hispanic)",31250,12948
"3603723756",2019,"Genesee","Elba town","B19013G_001","Two or More Races (Non-Hispanic)",NA,NA
"3603723756",2019,"Genesee","Elba town","B19013H_001","White (Non-Hispanic)",66169,5919
"3603723756",2019,"Genesee","Elba town","B19013I_001","Hispanic or Latino (Any Race)",33125,8964
"3603742037",2019,"Genesee","Le Roy town","B19013B_001","Black (Non-Hispanic)",25625,10661
"3603742037",2019,"Genesee","Le Roy town","B19013C_001","Native American (Non-Hispanic)",NA,NA
"3603742037",2019,"Genesee","Le Roy town","B19013D_001","Asian (Non-Hispanic)",NA,NA
"3603742037",2019,"Genesee","Le Roy town","B19013E_001","Pacific Islander (Non-Hispanic)",NA,NA
"3603742037",2019,"Genesee","Le Roy town","B19013F_001","Other (Non-Hispanic)",NA,NA
"3603742037",2019,"Genesee","Le Roy town","B19013G_001","Two or More Races (Non-Hispanic)",NA,NA
"3603742037",2019,"Genesee","Le Roy town","B19013H_001","White (Non-Hispanic)",73288,3501
"3603742037",2019,"Genesee","Le Roy town","B19013I_001","Hispanic or Latino (Any Race)",NA,NA
"3603754166",2019,"Genesee","Oakfield town","B19013B_001","Black (Non-Hispanic)",NA,NA
"3603754166",2019,"Genesee","Oakfield town","B19013C_001","Native American (Non-Hispanic)",NA,NA
"3603754166",2019,"Genesee","Oakfield town","B19013D_001","Asian (Non-Hispanic)",NA,NA
"3603754166",2019,"Genesee","Oakfield town","B19013E_001","Pacific Islander (Non-Hispanic)",NA,NA
"3603754166",2019,"Genesee","Oakfield town","B19013F_001","Other (Non-Hispanic)",NA,NA
"3603754166",2019,"Genesee","Oakfield town","B19013G_001","Two or More Races (Non-Hispanic)",NA,NA
"3603754166",2019,"Genesee","Oakfield town","B19013H_001","White (Non-Hispanic)",56979,9213
"3603754166",2019,"Genesee","Oakfield town","B19013I_001","Hispanic or Latino (Any Race)",NA,NA
"3603756792",2019,"Genesee","Pavilion town","B19013B_001","Black (Non-Hispanic)",NA,NA
"3603756792",2019,"Genesee","Pavilion town","B19013C_001","Native American (Non-Hispanic)",NA,NA
"3603756792",2019,"Genesee","Pavilion town","B19013D_001","Asian (Non-Hispanic)",NA,NA
"3603756792",2019,"Genesee","Pavilion town","B19013E_001","Pacific Islander (Non-Hispanic)",NA,NA
"3603756792",2019,"Genesee","Pavilion town","B19013F_001","Other (Non-Hispanic)",NA,NA
"3603756792",2019,"Genesee","Pavilion town","B19013G_001","Two or More Races (Non-Hispanic)",NA,NA
"3603756792",2019,"Genesee","Pavilion town","B19013H_001","White (Non-Hispanic)",80208,16774
"3603756792",2019,"Genesee","Pavilion town","B19013I_001","Hispanic or Latino (Any Race)",NA,NA
"3603757078",2019,"Genesee","Pembroke town","B19013B_001","Black (Non-Hispanic)",NA,NA
"3603757078",2019,"Genesee","Pembroke town","B19013C_001","Native American (Non-Hispanic)",NA,NA
"3603757078",2019,"Genesee","Pembroke town","B19013D_001","Asian (Non-Hispanic)",NA,NA
"3603757078",2019,"Genesee","Pembroke town","B19013E_001","Pacific Islander (Non-Hispanic)",NA,NA
"3603757078",2019,"Genesee","Pembroke town","B19013F_001","Other (Non-Hispanic)",NA,NA
"3603757078",2019,"Genesee","Pembroke town","B19013G_001","Two or More Races (Non-Hispanic)",NA,NA
"3603757078",2019,"Genesee","Pembroke town","B19013H_001","White (Non-Hispanic)",69427,10091
"3603757078",2019,"Genesee","Pembroke town","B19013I_001","Hispanic or Latino (Any Race)",NA,NA
"3603770607",2019,"Genesee","Stafford town","B19013B_001","Black (Non-Hispanic)",NA,NA
"3603770607",2019,"Genesee","Stafford town","B19013C_001","Native American (Non-Hispanic)",NA,NA
"3603770607",2019,"Genesee","Stafford town","B19013D_001","Asian (Non-Hispanic)",NA,NA
"3603770607",2019,"Genesee","Stafford town","B19013E_001","Pacific Islander (Non-Hispanic)",NA,NA
"3603770607",2019,"Genesee","Stafford town","B19013F_001","Other (Non-Hispanic)",NA,NA
"3603770607",2019,"Genesee","Stafford town","B19013G_001","Two or More Races (Non-Hispanic)",NA,NA
"3603770607",2019,"Genesee","Stafford town","B19013H_001","White (Non-Hispanic)",66184,11142
"3603770607",2019,"Genesee","Stafford town","B19013I_001","Hispanic or Latino (Any Race)",NA,NA
"3603775011",2019,"Genesee","Tonawanda Reservation","B19013B_001","Black (Non-Hispanic)",NA,NA
"3603775011",2019,"Genesee","Tonawanda Reservation","B19013C_001","Native American (Non-Hispanic)",29955,22335
"3603775011",2019,"Genesee","Tonawanda Reservation","B19013D_001","Asian (Non-Hispanic)",NA,NA
"3603775011",2019,"Genesee","Tonawanda Reservation","B19013E_001","Pacific Islander (Non-Hispanic)",NA,NA
"3603775011",2019,"Genesee","Tonawanda Reservation","B19013F_001","Other (Non-Hispanic)",NA,NA
"3603775011",2019,"Genesee","Tonawanda Reservation","B19013G_001","Two or More Races (Non-Hispanic)",NA,NA
"3603775011",2019,"Genesee","Tonawanda Reservation","B19013H_001","White (Non-Hispanic)",NA,NA
"3603775011",2019,"Genesee","Tonawanda Reservation","B19013I_001","Hispanic or Latino (Any Race)",NA,NA
"3605103364",2019,"Livingston","Avon town","B19013B_001","Black (Non-Hispanic)",NA,NA
"3605103364",2019,"Livingston","Avon town","B19013C_001","Native American (Non-Hispanic)",NA,NA
"3605103364",2019,"Livingston","Avon town","B19013D_001","Asian (Non-Hispanic)",NA,NA
"3605103364",2019,"Livingston","Avon town","B19013E_001","Pacific Islander (Non-Hispanic)",NA,NA
"3605103364",2019,"Livingston","Avon town","B19013F_001","Other (Non-Hispanic)",NA,NA
"3605103364",2019,"Livingston","Avon town","B19013G_001","Two or More Races (Non-Hispanic)",NA,NA
"3605103364",2019,"Livingston","Avon town","B19013H_001","White (Non-Hispanic)",63661,10301
"3605103364",2019,"Livingston","Avon town","B19013I_001","Hispanic or Latino (Any Race)",NA,NA
"3605111715",2019,"Livingston","Caledonia town","B19013B_001","Black (Non-Hispanic)",30500,18541
"3605111715",2019,"Livingston","Caledonia town","B19013C_001","Native American (Non-Hispanic)",NA,NA
"3605111715",2019,"Livingston","Caledonia town","B19013D_001","Asian (Non-Hispanic)",NA,NA
"3605111715",2019,"Livingston","Caledonia town","B19013E_001","Pacific Islander (Non-Hispanic)",NA,NA
"3605111715",2019,"Livingston","Caledonia town","B19013F_001","Other (Non-Hispanic)",75139,59303
"3605111715",2019,"Livingston","Caledonia town","B19013G_001","Two or More Races (Non-Hispanic)",NA,NA
"3605111715",2019,"Livingston","Caledonia town","B19013H_001","White (Non-Hispanic)",57202,6923
"3605111715",2019,"Livingston","Caledonia town","B19013I_001","Hispanic or Latino (Any Race)",NA,NA
"3605117618",2019,"Livingston","Conesus town","B19013B_001","Black (Non-Hispanic)",NA,NA
"3605117618",2019,"Livingston","Conesus town","B19013C_001","Native American (Non-Hispanic)",NA,NA
"3605117618",2019,"Livingston","Conesus town","B19013D_001","Asian (Non-Hispanic)",NA,NA
"3605117618",2019,"Livingston","Conesus town","B19013E_001","Pacific Islander (Non-Hispanic)",NA,NA
"3605117618",2019,"Livingston","Conesus town","B19013F_001","Other (Non-Hispanic)",NA,NA
"3605117618",2019,"Livingston","Conesus town","B19013G_001","Two or More Races (Non-Hispanic)",NA,NA
"3605117618",2019,"Livingston","Conesus town","B19013H_001","White (Non-Hispanic)",71711,5855
"3605117618",2019,"Livingston","Conesus town","B19013I_001","Hispanic or Latino (Any Race)",NA,NA
"3605128629",2019,"Livingston","Geneseo town","B19013B_001","Black (Non-Hispanic)",NA,NA
"3605128629",2019,"Livingston","Geneseo town","B19013C_001","Native American (Non-Hispanic)",NA,NA
"3605128629",2019,"Livingston","Geneseo town","B19013D_001","Asian (Non-Hispanic)",NA,NA
"3605128629",2019,"Livingston","Geneseo town","B19013E_001","Pacific Islander (Non-Hispanic)",NA,NA
"3605128629",2019,"Livingston","Geneseo town","B19013F_001","Other (Non-Hispanic)",NA,NA
"3605128629",2019,"Livingston","Geneseo town","B19013G_001","Two or More Races (Non-Hispanic)",NA,NA
"3605128629",2019,"Livingston","Geneseo town","B19013H_001","White (Non-Hispanic)",46515,5562
"3605128629",2019,"Livingston","Geneseo town","B19013I_001","Hispanic or Latino (Any Race)",35625,32288
"3605131016",2019,"Livingston","Groveland town","B19013B_001","Black (Non-Hispanic)",NA,NA
"3605131016",2019,"Livingston","Groveland town","B19013C_001","Native American (Non-Hispanic)",NA,NA
"3605131016",2019,"Livingston","Groveland town","B19013D_001","Asian (Non-Hispanic)",NA,NA
"3605131016",2019,"Livingston","Groveland town","B19013E_001","Pacific Islander (Non-Hispanic)",NA,NA
"3605131016",2019,"Livingston","Groveland town","B19013F_001","Other (Non-Hispanic)",NA,NA
"3605131016",2019,"Livingston","Groveland town","B19013G_001","Two or More Races (Non-Hispanic)",NA,NA
"3605131016",2019,"Livingston","Groveland town","B19013H_001","White (Non-Hispanic)",77188,8228
"3605131016",2019,"Livingston","Groveland town","B19013I_001","Hispanic or Latino (Any Race)",NA,NA
"3605141883",2019,"Livingston","Leicester town","B19013B_001","Black (Non-Hispanic)",NA,NA
"3605141883",2019,"Livingston","Leicester town","B19013C_001","Native American (Non-Hispanic)",NA,NA
"3605141883",2019,"Livingston","Leicester town","B19013D_001","Asian (Non-Hispanic)",NA,NA
"3605141883",2019,"Livingston","Leicester town","B19013E_001","Pacific Islander (Non-Hispanic)",NA,NA
"3605141883",2019,"Livingston","Leicester town","B19013F_001","Other (Non-Hispanic)",NA,NA
"3605141883",2019,"Livingston","Leicester town","B19013G_001","Two or More Races (Non-Hispanic)",NA,NA
"3605141883",2019,"Livingston","Leicester town","B19013H_001","White (Non-Hispanic)",61528,10301
"3605141883",2019,"Livingston","Leicester town","B19013I_001","Hispanic or Latino (Any Race)",NA,NA
"3605142334",2019,"Livingston","Lima town","B19013B_001","Black (Non-Hispanic)",NA,NA
"3605142334",2019,"Livingston","Lima town","B19013C_001","Native American (Non-Hispanic)",NA,NA
"3605142334",2019,"Livingston","Lima town","B19013D_001","Asian (Non-Hispanic)",64844,57169
"3605142334",2019,"Livingston","Lima town","B19013E_001","Pacific Islander (Non-Hispanic)",NA,NA
"3605142334",2019,"Livingston","Lima town","B19013F_001","Other (Non-Hispanic)",NA,NA
"3605142334",2019,"Livingston","Lima town","B19013G_001","Two or More Races (Non-Hispanic)",NA,NA
"3605142334",2019,"Livingston","Lima town","B19013H_001","White (Non-Hispanic)",64494,8632
"3605142334",2019,"Livingston","Lima town","B19013I_001","Hispanic or Latino (Any Race)",83125,64468
"3605142961",2019,"Livingston","Livonia town","B19013B_001","Black (Non-Hispanic)",NA,NA
"3605142961",2019,"Livingston","Livonia town","B19013C_001","Native American (Non-Hispanic)",NA,NA
"3605142961",2019,"Livingston","Livonia town","B19013D_001","Asian (Non-Hispanic)",NA,NA
"3605142961",2019,"Livingston","Livonia town","B19013E_001","Pacific Islander (Non-Hispanic)",NA,NA
"3605142961",2019,"Livingston","Livonia town","B19013F_001","Other (Non-Hispanic)",NA,NA
"3605142961",2019,"Livingston","Livonia town","B19013G_001","Two or More Races (Non-Hispanic)",NA,NA
"3605142961",2019,"Livingston","Livonia town","B19013H_001","White (Non-Hispanic)",72104,6834
"3605142961",2019,"Livingston","Livonia town","B19013I_001","Hispanic or Latino (Any Race)",69875,11798
"3605148956",2019,"Livingston","Mount Morris town","B19013B_001","Black (Non-Hispanic)",NA,NA
"3605148956",2019,"Livingston","Mount Morris town","B19013C_001","Native American (Non-Hispanic)",NA,NA
"3605148956",2019,"Livingston","Mount Morris town","B19013D_001","Asian (Non-Hispanic)",NA,NA
"3605148956",2019,"Livingston","Mount Morris town","B19013E_001","Pacific Islander (Non-Hispanic)",NA,NA
"3605148956",2019,"Livingston","Mount Morris town","B19013F_001","Other (Non-Hispanic)",NA,NA
"3605148956",2019,"Livingston","Mount Morris town","B19013G_001","Two or More Races (Non-Hispanic)",NA,NA
"3605148956",2019,"Livingston","Mount Morris town","B19013H_001","White (Non-Hispanic)",50669,5437
"3605148956",2019,"Livingston","Mount Morris town","B19013I_001","Hispanic or Latino (Any Race)",NA,NA
"3605151869",2019,"Livingston","North Dansville town","B19013B_001","Black (Non-Hispanic)",NA,NA
"3605151869",2019,"Livingston","North Dansville town","B19013C_001","Native American (Non-Hispanic)",NA,NA
"3605151869",2019,"Livingston","North Dansville town","B19013D_001","Asian (Non-Hispanic)",NA,NA
"3605151869",2019,"Livingston","North Dansville town","B19013E_001","Pacific Islander (Non-Hispanic)",NA,NA
"3605151869",2019,"Livingston","North Dansville town","B19013F_001","Other (Non-Hispanic)",NA,NA
"3605151869",2019,"Livingston","North Dansville town","B19013G_001","Two or More Races (Non-Hispanic)",NA,NA
"3605151869",2019,"Livingston","North Dansville town","B19013H_001","White (Non-Hispanic)",47556,9977
"3605151869",2019,"Livingston","North Dansville town","B19013I_001","Hispanic or Latino (Any Race)",32566,13186
"3605154089",2019,"Livingston","Nunda town","B19013B_001","Black (Non-Hispanic)",NA,NA
"3605154089",2019,"Livingston","Nunda town","B19013C_001","Native American (Non-Hispanic)",NA,NA
"3605154089",2019,"Livingston","Nunda town","B19013D_001","Asian (Non-Hispanic)",NA,NA
"3605154089",2019,"Livingston","Nunda town","B19013E_001","Pacific Islander (Non-Hispanic)",NA,NA
"3605154089",2019,"Livingston","Nunda town","B19013F_001","Other (Non-Hispanic)",NA,NA
"3605154089",2019,"Livingston","Nunda town","B19013G_001","Two or More Races (Non-Hispanic)",NA,NA
"3605154089",2019,"Livingston","Nunda town","B19013H_001","White (Non-Hispanic)",58939,13356
"3605154089",2019,"Livingston","Nunda town","B19013I_001","Hispanic or Latino (Any Race)",NA,NA
"3605155508",2019,"Livingston","Ossian town","B19013B_001","Black (Non-Hispanic)",NA,NA
"3605155508",2019,"Livingston","Ossian town","B19013C_001","Native American (Non-Hispanic)",NA,NA
"3605155508",2019,"Livingston","Ossian town","B19013D_001","Asian (Non-Hispanic)",NA,NA
"3605155508",2019,"Livingston","Ossian town","B19013E_001","Pacific Islander (Non-Hispanic)",NA,NA
"3605155508",2019,"Livingston","Ossian town","B19013F_001","Other (Non-Hispanic)",NA,NA
"3605155508",2019,"Livingston","Ossian town","B19013G_001","Two or More Races (Non-Hispanic)",NA,NA
"3605155508",2019,"Livingston","Ossian town","B19013H_001","White (Non-Hispanic)",65313,11742
"3605155508",2019,"Livingston","Ossian town","B19013I_001","Hispanic or Latino (Any Race)",NA,NA
"3605159179",2019,"Livingston","Portage town","B19013B_001","Black (Non-Hispanic)",NA,NA
"3605159179",2019,"Livingston","Portage town","B19013C_001","Native American (Non-Hispanic)",NA,NA
"3605159179",2019,"Livingston","Portage town","B19013D_001","Asian (Non-Hispanic)",NA,NA
"3605159179",2019,"Livingston","Portage town","B19013E_001","Pacific Islander (Non-Hispanic)",NA,NA
"3605159179",2019,"Livingston","Portage town","B19013F_001","Other (Non-Hispanic)",NA,NA
"3605159179",2019,"Livingston","Portage town","B19013G_001","Two or More Races (Non-Hispanic)",NA,NA
"3605159179",2019,"Livingston","Portage town","B19013H_001","White (Non-Hispanic)",49423,6171
"3605159179",2019,"Livingston","Portage town","B19013I_001","Hispanic or Latino (Any Race)",NA,NA
"3605170101",2019,"Livingston","Sparta town","B19013B_001","Black (Non-Hispanic)",38750,7237
"3605170101",2019,"Livingston","Sparta town","B19013C_001","Native American (Non-Hispanic)",NA,NA
"3605170101",2019,"Livingston","Sparta town","B19013D_001","Asian (Non-Hispanic)",NA,NA
"3605170101",2019,"Livingston","Sparta town","B19013E_001","Pacific Islander (Non-Hispanic)",NA,NA
"3605170101",2019,"Livingston","Sparta town","B19013F_001","Other (Non-Hispanic)",NA,NA
"3605170101",2019,"Livingston","Sparta town","B19013G_001","Two or More Races (Non-Hispanic)",NA,NA
"3605170101",2019,"Livingston","Sparta town","B19013H_001","White (Non-Hispanic)",71921,2535
"3605170101",2019,"Livingston","Sparta town","B19013I_001","Hispanic or Latino (Any Race)",NA,NA
"3605170475",2019,"Livingston","Springwater town","B19013B_001","Black (Non-Hispanic)",NA,NA
"3605170475",2019,"Livingston","Springwater town","B19013C_001","Native American (Non-Hispanic)",NA,NA
"3605170475",2019,"Livingston","Springwater town","B19013D_001","Asian (Non-Hispanic)",NA,NA
"3605170475",2019,"Livingston","Springwater town","B19013E_001","Pacific Islander (Non-Hispanic)",NA,NA
"3605170475",2019,"Livingston","Springwater town","B19013F_001","Other (Non-Hispanic)",NA,NA
"3605170475",2019,"Livingston","Springwater town","B19013G_001","Two or More Races (Non-Hispanic)",NA,NA
"3605170475",2019,"Livingston","Springwater town","B19013H_001","White (Non-Hispanic)",63676,5683
"3605170475",2019,"Livingston","Springwater town","B19013I_001","Hispanic or Latino (Any Race)",NA,NA
"3605181006",2019,"Livingston","West Sparta town","B19013B_001","Black (Non-Hispanic)",NA,NA
"3605181006",2019,"Livingston","West Sparta town","B19013C_001","Native American (Non-Hispanic)",NA,NA
"3605181006",2019,"Livingston","West Sparta town","B19013D_001","Asian (Non-Hispanic)",NA,NA
"3605181006",2019,"Livingston","West Sparta town","B19013E_001","Pacific Islander (Non-Hispanic)",NA,NA
"3605181006",2019,"Livingston","West Sparta town","B19013F_001","Other (Non-Hispanic)",NA,NA
"3605181006",2019,"Livingston","West Sparta town","B19013G_001","Two or More Races (Non-Hispanic)",NA,NA
"3605181006",2019,"Livingston","West Sparta town","B19013H_001","White (Non-Hispanic)",57589,9775
"3605181006",2019,"Livingston","West Sparta town","B19013I_001","Hispanic or Latino (Any Race)",NA,NA
"3605184022",2019,"Livingston","York town","B19013B_001","Black (Non-Hispanic)",NA,NA
"3605184022",2019,"Livingston","York town","B19013C_001","Native American (Non-Hispanic)",NA,NA
"3605184022",2019,"Livingston","York town","B19013D_001","Asian (Non-Hispanic)",NA,NA
"3605184022",2019,"Livingston","York town","B19013E_001","Pacific Islander (Non-Hispanic)",NA,NA
"3605184022",2019,"Livingston","York town","B19013F_001","Other (Non-Hispanic)",NA,NA
"3605184022",2019,"Livingston","York town","B19013G_001","Two or More Races (Non-Hispanic)",NA,NA
"3605184022",2019,"Livingston","York town","B19013H_001","White (Non-Hispanic)",58125,13627
"3605184022",2019,"Livingston","York town","B19013I_001","Hispanic or Latino (Any Race)",NA,NA
"3605500000",2019,"Monroe","County subdivisions not defined","B19013B_001","Black (Non-Hispanic)",NA,NA
"3605500000",2019,"Monroe","County subdivisions not defined","B19013C_001","Native American (Non-Hispanic)",NA,NA
"3605500000",2019,"Monroe","County subdivisions not defined","B19013D_001","Asian (Non-Hispanic)",NA,NA
"3605500000",2019,"Monroe","County subdivisions not defined","B19013E_001","Pacific Islander (Non-Hispanic)",NA,NA
"3605500000",2019,"Monroe","County subdivisions not defined","B19013F_001","Other (Non-Hispanic)",NA,NA
"3605500000",2019,"Monroe","County subdivisions not defined","B19013G_001","Two or More Races (Non-Hispanic)",NA,NA
"3605500000",2019,"Monroe","County subdivisions not defined","B19013H_001","White (Non-Hispanic)",NA,NA
"3605500000",2019,"Monroe","County subdivisions not defined","B19013I_001","Hispanic or Latino (Any Race)",NA,NA
"3605508246",2019,"Monroe","Brighton town","B19013B_001","Black (Non-Hispanic)",51417,22610
"3605508246",2019,"Monroe","Brighton town","B19013C_001","Native American (Non-Hispanic)",NA,NA
"3605508246",2019,"Monroe","Brighton town","B19013D_001","Asian (Non-Hispanic)",62000,26055
"3605508246",2019,"Monroe","Brighton town","B19013E_001","Pacific Islander (Non-Hispanic)",NA,NA
"3605508246",2019,"Monroe","Brighton town","B19013F_001","Other (Non-Hispanic)",NA,NA
"3605508246",2019,"Monroe","Brighton town","B19013G_001","Two or More Races (Non-Hispanic)",94957,52255
"3605508246",2019,"Monroe","Brighton town","B19013H_001","White (Non-Hispanic)",77468,7307
"3605508246",2019,"Monroe","Brighton town","B19013I_001","Hispanic or Latino (Any Race)",59375,23845
"3605515462",2019,"Monroe","Chili town","B19013B_001","Black (Non-Hispanic)",50170,7062
"3605515462",2019,"Monroe","Chili town","B19013C_001","Native American (Non-Hispanic)",NA,NA
"3605515462",2019,"Monroe","Chili town","B19013D_001","Asian (Non-Hispanic)",134896,35723
"3605515462",2019,"Monroe","Chili town","B19013E_001","Pacific Islander (Non-Hispanic)",NA,NA
"3605515462",2019,"Monroe","Chili town","B19013F_001","Other (Non-Hispanic)",NA,NA
"3605515462",2019,"Monroe","Chili town","B19013G_001","Two or More Races (Non-Hispanic)",62500,48497
"3605515462",2019,"Monroe","Chili town","B19013H_001","White (Non-Hispanic)",77766,3968
"3605515462",2019,"Monroe","Chili town","B19013I_001","Hispanic or Latino (Any Race)",55179,21286
"3605515957",2019,"Monroe","Clarkson town","B19013B_001","Black (Non-Hispanic)",NA,NA
"3605515957",2019,"Monroe","Clarkson town","B19013C_001","Native American (Non-Hispanic)",NA,NA
"3605515957",2019,"Monroe","Clarkson town","B19013D_001","Asian (Non-Hispanic)",NA,NA
"3605515957",2019,"Monroe","Clarkson town","B19013E_001","Pacific Islander (Non-Hispanic)",NA,NA
"3605515957",2019,"Monroe","Clarkson town","B19013F_001","Other (Non-Hispanic)",NA,NA
"3605515957",2019,"Monroe","Clarkson town","B19013G_001","Two or More Races (Non-Hispanic)",NA,NA
"3605515957",2019,"Monroe","Clarkson town","B19013H_001","White (Non-Hispanic)",68583,10161
"3605515957",2019,"Monroe","Clarkson town","B19013I_001","Hispanic or Latino (Any Race)",61050,24957
"3605522870",2019,"Monroe","East Rochester town","B19013B_001","Black (Non-Hispanic)",93808,21530
"3605522870",2019,"Monroe","East Rochester town","B19013C_001","Native American (Non-Hispanic)",NA,NA
"3605522870",2019,"Monroe","East Rochester town","B19013D_001","Asian (Non-Hispanic)",NA,NA
"3605522870",2019,"Monroe","East Rochester town","B19013E_001","Pacific Islander (Non-Hispanic)",NA,NA
"3605522870",2019,"Monroe","East Rochester town","B19013F_001","Other (Non-Hispanic)",NA,NA
"3605522870",2019,"Monroe","East Rochester town","B19013G_001","Two or More Races (Non-Hispanic)",122273,104971
"3605522870",2019,"Monroe","East Rochester town","B19013H_001","White (Non-Hispanic)",49245,3914
"3605522870",2019,"Monroe","East Rochester town","B19013I_001","Hispanic or Latino (Any Race)",58500,5121
"3605528442",2019,"Monroe","Gates town","B19013B_001","Black (Non-Hispanic)",59912,20084
"3605528442",2019,"Monroe","Gates town","B19013C_001","Native American (Non-Hispanic)",NA,NA
"3605528442",2019,"Monroe","Gates town","B19013D_001","Asian (Non-Hispanic)",58250,23603
"3605528442",2019,"Monroe","Gates town","B19013E_001","Pacific Islander (Non-Hispanic)",NA,NA
"3605528442",2019,"Monroe","Gates town","B19013F_001","Other (Non-Hispanic)",46538,26689
"3605528442",2019,"Monroe","Gates town","B19013G_001","Two or More Races (Non-Hispanic)",NA,NA
"3605528442",2019,"Monroe","Gates town","B19013H_001","White (Non-Hispanic)",59161,2474
"3605528442",2019,"Monroe","Gates town","B19013I_001","Hispanic or Latino (Any Race)",48608,22470
"3605530290",2019,"Monroe","Greece town","B19013B_001","Black (Non-Hispanic)",38956,6905
"3605530290",2019,"Monroe","Greece town","B19013C_001","Native American (Non-Hispanic)",NA,NA
"3605530290",2019,"Monroe","Greece town","B19013D_001","Asian (Non-Hispanic)",64375,10398
"3605530290",2019,"Monroe","Greece town","B19013E_001","Pacific Islander (Non-Hispanic)",NA,NA
"3605530290",2019,"Monroe","Greece town","B19013F_001","Other (Non-Hispanic)",31144,3560
"3605530290",2019,"Monroe","Greece town","B19013G_001","Two or More Races (Non-Hispanic)",46304,7749
"3605530290",2019,"Monroe","Greece town","B19013H_001","White (Non-Hispanic)",67086,2273
"3605530290",2019,"Monroe","Greece town","B19013I_001","Hispanic or Latino (Any Race)",47500,14568
"3605531797",2019,"Monroe","Hamlin town","B19013B_001","Black (Non-Hispanic)",NA,NA
"3605531797",2019,"Monroe","Hamlin town","B19013C_001","Native American (Non-Hispanic)",NA,NA
"3605531797",2019,"Monroe","Hamlin town","B19013D_001","Asian (Non-Hispanic)",NA,NA
"3605531797",2019,"Monroe","Hamlin town","B19013E_001","Pacific Islander (Non-Hispanic)",NA,NA
"3605531797",2019,"Monroe","Hamlin town","B19013F_001","Other (Non-Hispanic)",NA,NA
"3605531797",2019,"Monroe","Hamlin town","B19013G_001","Two or More Races (Non-Hispanic)",NA,NA
"3605531797",2019,"Monroe","Hamlin town","B19013H_001","White (Non-Hispanic)",62957,6354
"3605531797",2019,"Monroe","Hamlin town","B19013I_001","Hispanic or Latino (Any Race)",NA,NA
"3605534099",2019,"Monroe","Henrietta town","B19013B_001","Black (Non-Hispanic)",55608,13615
"3605534099",2019,"Monroe","Henrietta town","B19013C_001","Native American (Non-Hispanic)",NA,NA
"3605534099",2019,"Monroe","Henrietta town","B19013D_001","Asian (Non-Hispanic)",44138,9842
"3605534099",2019,"Monroe","Henrietta town","B19013E_001","Pacific Islander (Non-Hispanic)",NA,NA
"3605534099",2019,"Monroe","Henrietta town","B19013F_001","Other (Non-Hispanic)",63523,41226
"3605534099",2019,"Monroe","Henrietta town","B19013G_001","Two or More Races (Non-Hispanic)",44886,30205
"3605534099",2019,"Monroe","Henrietta town","B19013H_001","White (Non-Hispanic)",69136,4850
"3605534099",2019,"Monroe","Henrietta town","B19013I_001","Hispanic or Latino (Any Race)",63625,31993
"3605537726",2019,"Monroe","Irondequoit town","B19013B_001","Black (Non-Hispanic)",48899,3260
"3605537726",2019,"Monroe","Irondequoit town","B19013C_001","Native American (Non-Hispanic)",NA,NA
"3605537726",2019,"Monroe","Irondequoit town","B19013D_001","Asian (Non-Hispanic)",43869,23521
"3605537726",2019,"Monroe","Irondequoit town","B19013E_001","Pacific Islander (Non-Hispanic)",NA,NA
"3605537726",2019,"Monroe","Irondequoit town","B19013F_001","Other (Non-Hispanic)",32382,12110
"3605537726",2019,"Monroe","Irondequoit town","B19013G_001","Two or More Races (Non-Hispanic)",54145,21616
"3605537726",2019,"Monroe","Irondequoit town","B19013H_001","White (Non-Hispanic)",65726,2094
"3605537726",2019,"Monroe","Irondequoit town","B19013I_001","Hispanic or Latino (Any Race)",32007,12691
"3605546558",2019,"Monroe","Mendon town","B19013B_001","Black (Non-Hispanic)",NA,NA
"3605546558",2019,"Monroe","Mendon town","B19013C_001","Native American (Non-Hispanic)",NA,NA
"3605546558",2019,"Monroe","Mendon town","B19013D_001","Asian (Non-Hispanic)",74464,62803
"3605546558",2019,"Monroe","Mendon town","B19013E_001","Pacific Islander (Non-Hispanic)",NA,NA
"3605546558",2019,"Monroe","Mendon town","B19013F_001","Other (Non-Hispanic)",NA,NA
"3605546558",2019,"Monroe","Mendon town","B19013G_001","Two or More Races (Non-Hispanic)",NA,NA
"3605546558",2019,"Monroe","Mendon town","B19013H_001","White (Non-Hispanic)",106111,13044
"3605546558",2019,"Monroe","Mendon town","B19013I_001","Hispanic or Latino (Any Race)",NA,NA
"3605554474",2019,"Monroe","Ogden town","B19013B_001","Black (Non-Hispanic)",59844,55567
"3605554474",2019,"Monroe","Ogden town","B19013C_001","Native American (Non-Hispanic)",NA,NA
"3605554474",2019,"Monroe","Ogden town","B19013D_001","Asian (Non-Hispanic)",62857,53594
"3605554474",2019,"Monroe","Ogden town","B19013E_001","Pacific Islander (Non-Hispanic)",NA,NA
"3605554474",2019,"Monroe","Ogden town","B19013F_001","Other (Non-Hispanic)",NA,NA
"3605554474",2019,"Monroe","Ogden town","B19013G_001","Two or More Races (Non-Hispanic)",NA,NA
"3605554474",2019,"Monroe","Ogden town","B19013H_001","White (Non-Hispanic)",78701,7955
"3605554474",2019,"Monroe","Ogden town","B19013I_001","Hispanic or Latino (Any Race)",NA,NA
"3605556561",2019,"Monroe","Parma town","B19013B_001","Black (Non-Hispanic)",NA,NA
"3605556561",2019,"Monroe","Parma town","B19013C_001","Native American (Non-Hispanic)",NA,NA
"3605556561",2019,"Monroe","Parma town","B19013D_001","Asian (Non-Hispanic)",NA,NA
"3605556561",2019,"Monroe","Parma town","B19013E_001","Pacific Islander (Non-Hispanic)",NA,NA
"3605556561",2019,"Monroe","Parma town","B19013F_001","Other (Non-Hispanic)",NA,NA
"3605556561",2019,"Monroe","Parma town","B19013G_001","Two or More Races (Non-Hispanic)",NA,NA
"3605556561",2019,"Monroe","Parma town","B19013H_001","White (Non-Hispanic)",72254,5074
"3605556561",2019,"Monroe","Parma town","B19013I_001","Hispanic or Latino (Any Race)",NA,NA
"3605557144",2019,"Monroe","Penfield town","B19013B_001","Black (Non-Hispanic)",NA,NA
"3605557144",2019,"Monroe","Penfield town","B19013C_001","Native American (Non-Hispanic)",NA,NA
"3605557144",2019,"Monroe","Penfield town","B19013D_001","Asian (Non-Hispanic)",122222,56491
"3605557144",2019,"Monroe","Penfield town","B19013E_001","Pacific Islander (Non-Hispanic)",NA,NA
"3605557144",2019,"Monroe","Penfield town","B19013F_001","Other (Non-Hispanic)",NA,NA
"3605557144",2019,"Monroe","Penfield town","B19013G_001","Two or More Races (Non-Hispanic)",131250,66153
"3605557144",2019,"Monroe","Penfield town","B19013H_001","White (Non-Hispanic)",84149,4830
"3605557144",2019,"Monroe","Penfield town","B19013I_001","Hispanic or Latino (Any Race)",72303,62457
"3605557221",2019,"Monroe","Perinton town","B19013B_001","Black (Non-Hispanic)",31630,28366
"3605557221",2019,"Monroe","Perinton town","B19013C_001","Native American (Non-Hispanic)",NA,NA
"3605557221",2019,"Monroe","Perinton town","B19013D_001","Asian (Non-Hispanic)",85240,27916
"3605557221",2019,"Monroe","Perinton town","B19013E_001","Pacific Islander (Non-Hispanic)",NA,NA
"3605557221",2019,"Monroe","Perinton town","B19013F_001","Other (Non-Hispanic)",NA,NA
"3605557221",2019,"Monroe","Perinton town","B19013G_001","Two or More Races (Non-Hispanic)",83125,44595
"3605557221",2019,"Monroe","Perinton town","B19013H_001","White (Non-Hispanic)",90895,2979
"3605557221",2019,"Monroe","Perinton town","B19013I_001","Hispanic or Latino (Any Race)",103750,51712
"3605558365",2019,"Monroe","Pittsford town","B19013B_001","Black (Non-Hispanic)",53438,30548
"3605558365",2019,"Monroe","Pittsford town","B19013C_001","Native American (Non-Hispanic)",NA,NA
"3605558365",2019,"Monroe","Pittsford town","B19013D_001","Asian (Non-Hispanic)",231375,27452
"3605558365",2019,"Monroe","Pittsford town","B19013E_001","Pacific Islander (Non-Hispanic)",NA,NA
"3605558365",2019,"Monroe","Pittsford town","B19013F_001","Other (Non-Hispanic)",NA,NA
"3605558365",2019,"Monroe","Pittsford town","B19013G_001","Two or More Races (Non-Hispanic)",177583,88399
"3605558365",2019,"Monroe","Pittsford town","B19013H_001","White (Non-Hispanic)",116537,9896
"3605558365",2019,"Monroe","Pittsford town","B19013I_001","Hispanic or Latino (Any Race)",NA,NA
"3605561808",2019,"Monroe","Riga town","B19013B_001","Black (Non-Hispanic)",NA,NA
"3605561808",2019,"Monroe","Riga town","B19013C_001","Native American (Non-Hispanic)",NA,NA
"3605561808",2019,"Monroe","Riga town","B19013D_001","Asian (Non-Hispanic)",NA,NA
"3605561808",2019,"Monroe","Riga town","B19013E_001","Pacific Islander (Non-Hispanic)",NA,NA
"3605561808",2019,"Monroe","Riga town","B19013F_001","Other (Non-Hispanic)",NA,NA
"3605561808",2019,"Monroe","Riga town","B19013G_001","Two or More Races (Non-Hispanic)",NA,NA
"3605561808",2019,"Monroe","Riga town","B19013H_001","White (Non-Hispanic)",74015,9099
"3605561808",2019,"Monroe","Riga town","B19013I_001","Hispanic or Latino (Any Race)",NA,NA
"3605563000",2019,"Monroe","Rochester city","B19013B_001","Black (Non-Hispanic)",27230,1630
"3605563000",2019,"Monroe","Rochester city","B19013C_001","Native American (Non-Hispanic)",26904,4119
"3605563000",2019,"Monroe","Rochester city","B19013D_001","Asian (Non-Hispanic)",41003,7053
"3605563000",2019,"Monroe","Rochester city","B19013E_001","Pacific Islander (Non-Hispanic)",NA,NA
"3605563000",2019,"Monroe","Rochester city","B19013F_001","Other (Non-Hispanic)",31688,2630
"3605563000",2019,"Monroe","Rochester city","B19013G_001","Two or More Races (Non-Hispanic)",24669,7819
"3605563000",2019,"Monroe","Rochester city","B19013H_001","White (Non-Hispanic)",48551,1824
"3605563000",2019,"Monroe","Rochester city","B19013I_001","Hispanic or Latino (Any Race)",26576,1567
"3605564144",2019,"Monroe","Rush town","B19013B_001","Black (Non-Hispanic)",NA,NA
"3605564144",2019,"Monroe","Rush town","B19013C_001","Native American (Non-Hispanic)",NA,NA
"3605564144",2019,"Monroe","Rush town","B19013D_001","Asian (Non-Hispanic)",NA,NA
"3605564144",2019,"Monroe","Rush town","B19013E_001","Pacific Islander (Non-Hispanic)",NA,NA
"3605564144",2019,"Monroe","Rush town","B19013F_001","Other (Non-Hispanic)",NA,NA
"3605564144",2019,"Monroe","Rush town","B19013G_001","Two or More Races (Non-Hispanic)",NA,NA
"3605564144",2019,"Monroe","Rush town","B19013H_001","White (Non-Hispanic)",89714,10818
"3605564144",2019,"Monroe","Rush town","B19013I_001","Hispanic or Latino (Any Race)",NA,NA
"3605572455",2019,"Monroe","Sweden town","B19013B_001","Black (Non-Hispanic)",40515,8680
"3605572455",2019,"Monroe","Sweden town","B19013C_001","Native American (Non-Hispanic)",NA,NA
"3605572455",2019,"Monroe","Sweden town","B19013D_001","Asian (Non-Hispanic)",79722,54611
"3605572455",2019,"Monroe","Sweden town","B19013E_001","Pacific Islander (Non-Hispanic)",NA,NA
"3605572455",2019,"Monroe","Sweden town","B19013F_001","Other (Non-Hispanic)",15913,2265
"3605572455",2019,"Monroe","Sweden town","B19013G_001","Two or More Races (Non-Hispanic)",18427,8933
"3605572455",2019,"Monroe","Sweden town","B19013H_001","White (Non-Hispanic)",53338,3761
"3605572455",2019,"Monroe","Sweden town","B19013I_001","Hispanic or Latino (Any Race)",NA,NA
"3605578971",2019,"Monroe","Webster town","B19013B_001","Black (Non-Hispanic)",50729,33420
"3605578971",2019,"Monroe","Webster town","B19013C_001","Native American (Non-Hispanic)",NA,NA
"3605578971",2019,"Monroe","Webster town","B19013D_001","Asian (Non-Hispanic)",88632,13997
"3605578971",2019,"Monroe","Webster town","B19013E_001","Pacific Islander (Non-Hispanic)",NA,NA
"3605578971",2019,"Monroe","Webster town","B19013F_001","Other (Non-Hispanic)",67906,27750
"3605578971",2019,"Monroe","Webster town","B19013G_001","Two or More Races (Non-Hispanic)",106100,49670
"3605578971",2019,"Monroe","Webster town","B19013H_001","White (Non-Hispanic)",81850,2999
"3605578971",2019,"Monroe","Webster town","B19013I_001","Hispanic or Latino (Any Race)",58835,10502
"3605581402",2019,"Monroe","Wheatland town","B19013B_001","Black (Non-Hispanic)",23798,9131
"3605581402",2019,"Monroe","Wheatland town","B19013C_001","Native American (Non-Hispanic)",NA,NA
"3605581402",2019,"Monroe","Wheatland town","B19013D_001","Asian (Non-Hispanic)",NA,NA
"3605581402",2019,"Monroe","Wheatland town","B19013E_001","Pacific Islander (Non-Hispanic)",NA,NA
"3605581402",2019,"Monroe","Wheatland town","B19013F_001","Other (Non-Hispanic)",NA,NA
"3605581402",2019,"Monroe","Wheatland town","B19013G_001","Two or More Races (Non-Hispanic)",NA,NA
"3605581402",2019,"Monroe","Wheatland town","B19013H_001","White (Non-Hispanic)",70585,8451
"3605581402",2019,"Monroe","Wheatland town","B19013I_001","Hispanic or Latino (Any Race)",NA,NA
"3606908378",2019,"Ontario","Bristol town","B19013B_001","Black (Non-Hispanic)",NA,NA
"3606908378",2019,"Ontario","Bristol town","B19013C_001","Native American (Non-Hispanic)",NA,NA
"3606908378",2019,"Ontario","Bristol town","B19013D_001","Asian (Non-Hispanic)",NA,NA
"3606908378",2019,"Ontario","Bristol town","B19013E_001","Pacific Islander (Non-Hispanic)",NA,NA
"3606908378",2019,"Ontario","Bristol town","B19013F_001","Other (Non-Hispanic)",NA,NA
"3606908378",2019,"Ontario","Bristol town","B19013G_001","Two or More Races (Non-Hispanic)",NA,NA
"3606908378",2019,"Ontario","Bristol town","B19013H_001","White (Non-Hispanic)",77031,9045
"3606908378",2019,"Ontario","Bristol town","B19013I_001","Hispanic or Latino (Any Race)",NA,NA
"3606912100",2019,"Ontario","Canadice town","B19013B_001","Black (Non-Hispanic)",NA,NA
"3606912100",2019,"Ontario","Canadice town","B19013C_001","Native American (Non-Hispanic)",NA,NA
"3606912100",2019,"Ontario","Canadice town","B19013D_001","Asian (Non-Hispanic)",NA,NA
"3606912100",2019,"Ontario","Canadice town","B19013E_001","Pacific Islander (Non-Hispanic)",NA,NA
"3606912100",2019,"Ontario","Canadice town","B19013F_001","Other (Non-Hispanic)",NA,NA
"3606912100",2019,"Ontario","Canadice town","B19013G_001","Two or More Races (Non-Hispanic)",NA,NA
"3606912100",2019,"Ontario","Canadice town","B19013H_001","White (Non-Hispanic)",61500,9697
"3606912100",2019,"Ontario","Canadice town","B19013I_001","Hispanic or Latino (Any Race)",NA,NA
"3606912144",2019,"Ontario","Canandaigua city","B19013B_001","Black (Non-Hispanic)",19005,937
"3606912144",2019,"Ontario","Canandaigua city","B19013C_001","Native American (Non-Hispanic)",NA,NA
"3606912144",2019,"Ontario","Canandaigua city","B19013D_001","Asian (Non-Hispanic)",NA,NA
"3606912144",2019,"Ontario","Canandaigua city","B19013E_001","Pacific Islander (Non-Hispanic)",NA,NA
"3606912144",2019,"Ontario","Canandaigua city","B19013F_001","Other (Non-Hispanic)",56645,28794
"3606912144",2019,"Ontario","Canandaigua city","B19013G_001","Two or More Races (Non-Hispanic)",NA,NA
"3606912144",2019,"Ontario","Canandaigua city","B19013H_001","White (Non-Hispanic)",49980,4187
"3606912144",2019,"Ontario","Canandaigua city","B19013I_001","Hispanic or Latino (Any Race)",68438,49810
"3606912155",2019,"Ontario","Canandaigua town","B19013B_001","Black (Non-Hispanic)",NA,NA
"3606912155",2019,"Ontario","Canandaigua town","B19013C_001","Native American (Non-Hispanic)",NA,NA
"3606912155",2019,"Ontario","Canandaigua town","B19013D_001","Asian (Non-Hispanic)",NA,NA
"3606912155",2019,"Ontario","Canandaigua town","B19013E_001","Pacific Islander (Non-Hispanic)",NA,NA
"3606912155",2019,"Ontario","Canandaigua town","B19013F_001","Other (Non-Hispanic)",NA,NA
"3606912155",2019,"Ontario","Canandaigua town","B19013G_001","Two or More Races (Non-Hispanic)",NA,NA
"3606912155",2019,"Ontario","Canandaigua town","B19013H_001","White (Non-Hispanic)",85108,4875
"3606912155",2019,"Ontario","Canandaigua town","B19013I_001","Hispanic or Latino (Any Race)",NA,NA
"3606921699",2019,"Ontario","East Bloomfield town","B19013B_001","Black (Non-Hispanic)",NA,NA
"3606921699",2019,"Ontario","East Bloomfield town","B19013C_001","Native American (Non-Hispanic)",NA,NA
"3606921699",2019,"Ontario","East Bloomfield town","B19013D_001","Asian (Non-Hispanic)",NA,NA
"3606921699",2019,"Ontario","East Bloomfield town","B19013E_001","Pacific Islander (Non-Hispanic)",NA,NA
"3606921699",2019,"Ontario","East Bloomfield town","B19013F_001","Other (Non-Hispanic)",NA,NA
"3606921699",2019,"Ontario","East Bloomfield town","B19013G_001","Two or More Races (Non-Hispanic)",NA,NA
"3606921699",2019,"Ontario","East Bloomfield town","B19013H_001","White (Non-Hispanic)",59903,12065
"3606921699",2019,"Ontario","East Bloomfield town","B19013I_001","Hispanic or Latino (Any Race)",NA,NA
"3606925406",2019,"Ontario","Farmington town","B19013B_001","Black (Non-Hispanic)",40446,28643
"3606925406",2019,"Ontario","Farmington town","B19013C_001","Native American (Non-Hispanic)",NA,NA
"3606925406",2019,"Ontario","Farmington town","B19013D_001","Asian (Non-Hispanic)",129375,62685
"3606925406",2019,"Ontario","Farmington town","B19013E_001","Pacific Islander (Non-Hispanic)",NA,NA
"3606925406",2019,"Ontario","Farmington town","B19013F_001","Other (Non-Hispanic)",NA,NA
"3606925406",2019,"Ontario","Farmington town","B19013G_001","Two or More Races (Non-Hispanic)",NA,NA
"3606925406",2019,"Ontario","Farmington town","B19013H_001","White (Non-Hispanic)",72473,7537
"3606925406",2019,"Ontario","Farmington town","B19013I_001","Hispanic or Latino (Any Race)",NA,NA
"3606928640",2019,"Ontario","Geneva city","B19013B_001","Black (Non-Hispanic)",21138,9978
"3606928640",2019,"Ontario","Geneva city","B19013C_001","Native American (Non-Hispanic)",NA,NA
"3606928640",2019,"Ontario","Geneva city","B19013D_001","Asian (Non-Hispanic)",108828,34581
"3606928640",2019,"Ontario","Geneva city","B19013E_001","Pacific Islander (Non-Hispanic)",NA,NA
"3606928640",2019,"Ontario","Geneva city","B19013F_001","Other (Non-Hispanic)",28081,14292
"3606928640",2019,"Ontario","Geneva city","B19013G_001","Two or More Races (Non-Hispanic)",63333,48541
"3606928640",2019,"Ontario","Geneva city","B19013H_001","White (Non-Hispanic)",50625,6197
"3606928640",2019,"Ontario","Geneva city","B19013I_001","Hispanic or Latino (Any Race)",29245,4736
"3606928651",2019,"Ontario","Geneva town","B19013B_001","Black (Non-Hispanic)",NA,NA
"3606928651",2019,"Ontario","Geneva town","B19013C_001","Native American (Non-Hispanic)",NA,NA
"3606928651",2019,"Ontario","Geneva town","B19013D_001","Asian (Non-Hispanic)",101250,60860
"3606928651",2019,"Ontario","Geneva town","B19013E_001","Pacific Islander (Non-Hispanic)",NA,NA
"3606928651",2019,"Ontario","Geneva town","B19013F_001","Other (Non-Hispanic)",NA,NA
"3606928651",2019,"Ontario","Geneva town","B19013G_001","Two or More Races (Non-Hispanic)",NA,NA
"3606928651",2019,"Ontario","Geneva town","B19013H_001","White (Non-Hispanic)",59063,7564
"3606928651",2019,"Ontario","Geneva town","B19013I_001","Hispanic or Latino (Any Race)",NA,NA
"3606929531",2019,"Ontario","Gorham town","B19013B_001","Black (Non-Hispanic)",NA,NA
"3606929531",2019,"Ontario","Gorham town","B19013C_001","Native American (Non-Hispanic)",NA,NA
"3606929531",2019,"Ontario","Gorham town","B19013D_001","Asian (Non-Hispanic)",NA,NA
"3606929531",2019,"Ontario","Gorham town","B19013E_001","Pacific Islander (Non-Hispanic)",NA,NA
"3606929531",2019,"Ontario","Gorham town","B19013F_001","Other (Non-Hispanic)",NA,NA
"3606929531",2019,"Ontario","Gorham town","B19013G_001","Two or More Races (Non-Hispanic)",NA,NA
"3606929531",2019,"Ontario","Gorham town","B19013H_001","White (Non-Hispanic)",64771,9156
"3606929531",2019,"Ontario","Gorham town","B19013I_001","Hispanic or Latino (Any Race)",47679,29344
"3606935551",2019,"Ontario","Hopewell town","B19013B_001","Black (Non-Hispanic)",NA,NA
"3606935551",2019,"Ontario","Hopewell town","B19013C_001","Native American (Non-Hispanic)",NA,NA
"3606935551",2019,"Ontario","Hopewell town","B19013D_001","Asian (Non-Hispanic)",NA,NA
"3606935551",2019,"Ontario","Hopewell town","B19013E_001","Pacific Islander (Non-Hispanic)",NA,NA
"3606935551",2019,"Ontario","Hopewell town","B19013F_001","Other (Non-Hispanic)",NA,NA
"3606935551",2019,"Ontario","Hopewell town","B19013G_001","Two or More Races (Non-Hispanic)",NA,NA
"3606935551",2019,"Ontario","Hopewell town","B19013H_001","White (Non-Hispanic)",67000,6120
"3606935551",2019,"Ontario","Hopewell town","B19013I_001","Hispanic or Latino (Any Race)",NA,NA
"3606944864",2019,"Ontario","Manchester town","B19013B_001","Black (Non-Hispanic)",NA,NA
"3606944864",2019,"Ontario","Manchester town","B19013C_001","Native American (Non-Hispanic)",NA,NA
"3606944864",2019,"Ontario","Manchester town","B19013D_001","Asian (Non-Hispanic)",NA,NA
"3606944864",2019,"Ontario","Manchester town","B19013E_001","Pacific Islander (Non-Hispanic)",NA,NA
"3606944864",2019,"Ontario","Manchester town","B19013F_001","Other (Non-Hispanic)",NA,NA
"3606944864",2019,"Ontario","Manchester town","B19013G_001","Two or More Races (Non-Hispanic)",NA,NA
"3606944864",2019,"Ontario","Manchester town","B19013H_001","White (Non-Hispanic)",54895,6990
"3606944864",2019,"Ontario","Manchester town","B19013I_001","Hispanic or Latino (Any Race)",NA,NA
"3606949440",2019,"Ontario","Naples town","B19013B_001","Black (Non-Hispanic)",NA,NA
"3606949440",2019,"Ontario","Naples town","B19013C_001","Native American (Non-Hispanic)",NA,NA
"3606949440",2019,"Ontario","Naples town","B19013D_001","Asian (Non-Hispanic)",NA,NA
"3606949440",2019,"Ontario","Naples town","B19013E_001","Pacific Islander (Non-Hispanic)",NA,NA
"3606949440",2019,"Ontario","Naples town","B19013F_001","Other (Non-Hispanic)",NA,NA
"3606949440",2019,"Ontario","Naples town","B19013G_001","Two or More Races (Non-Hispanic)",51458,16434
"3606949440",2019,"Ontario","Naples town","B19013H_001","White (Non-Hispanic)",50326,4514
"3606949440",2019,"Ontario","Naples town","B19013I_001","Hispanic or Latino (Any Race)",NA,NA
"3606957529",2019,"Ontario","Phelps town","B19013B_001","Black (Non-Hispanic)",NA,NA
"3606957529",2019,"Ontario","Phelps town","B19013C_001","Native American (Non-Hispanic)",NA,NA
"3606957529",2019,"Ontario","Phelps town","B19013D_001","Asian (Non-Hispanic)",NA,NA
"3606957529",2019,"Ontario","Phelps town","B19013E_001","Pacific Islander (Non-Hispanic)",NA,NA
"3606957529",2019,"Ontario","Phelps town","B19013F_001","Other (Non-Hispanic)",103250,75897
"3606957529",2019,"Ontario","Phelps town","B19013G_001","Two or More Races (Non-Hispanic)",NA,NA
"3606957529",2019,"Ontario","Phelps town","B19013H_001","White (Non-Hispanic)",64703,7434
"3606957529",2019,"Ontario","Phelps town","B19013I_001","Hispanic or Latino (Any Race)",72941,49206
"3606961544",2019,"Ontario","Richmond town","B19013B_001","Black (Non-Hispanic)",NA,NA
"3606961544",2019,"Ontario","Richmond town","B19013C_001","Native American (Non-Hispanic)",NA,NA
"3606961544",2019,"Ontario","Richmond town","B19013D_001","Asian (Non-Hispanic)",NA,NA
"3606961544",2019,"Ontario","Richmond town","B19013E_001","Pacific Islander (Non-Hispanic)",NA,NA
"3606961544",2019,"Ontario","Richmond town","B19013F_001","Other (Non-Hispanic)",NA,NA
"3606961544",2019,"Ontario","Richmond town","B19013G_001","Two or More Races (Non-Hispanic)",NA,NA
"3606961544",2019,"Ontario","Richmond town","B19013H_001","White (Non-Hispanic)",78790,8058
"3606961544",2019,"Ontario","Richmond town","B19013I_001","Hispanic or Latino (Any Race)",NA,NA
"3606966289",2019,"Ontario","Seneca town","B19013B_001","Black (Non-Hispanic)",NA,NA
"3606966289",2019,"Ontario","Seneca town","B19013C_001","Native American (Non-Hispanic)",NA,NA
"3606966289",2019,"Ontario","Seneca town","B19013D_001","Asian (Non-Hispanic)",NA,NA
"3606966289",2019,"Ontario","Seneca town","B19013E_001","Pacific Islander (Non-Hispanic)",NA,NA
"3606966289",2019,"Ontario","Seneca town","B19013F_001","Other (Non-Hispanic)",NA,NA
"3606966289",2019,"Ontario","Seneca town","B19013G_001","Two or More Races (Non-Hispanic)",NA,NA
"3606966289",2019,"Ontario","Seneca town","B19013H_001","White (Non-Hispanic)",71130,5728
"3606966289",2019,"Ontario","Seneca town","B19013I_001","Hispanic or Latino (Any Race)",64091,19024
"3606968660",2019,"Ontario","South Bristol town","B19013B_001","Black (Non-Hispanic)",NA,NA
"3606968660",2019,"Ontario","South Bristol town","B19013C_001","Native American (Non-Hispanic)",NA,NA
"3606968660",2019,"Ontario","South Bristol town","B19013D_001","Asian (Non-Hispanic)",NA,NA
"3606968660",2019,"Ontario","South Bristol town","B19013E_001","Pacific Islander (Non-Hispanic)",NA,NA
"3606968660",2019,"Ontario","South Bristol town","B19013F_001","Other (Non-Hispanic)",NA,NA
"3606968660",2019,"Ontario","South Bristol town","B19013G_001","Two or More Races (Non-Hispanic)",80750,51322
"3606968660",2019,"Ontario","South Bristol town","B19013H_001","White (Non-Hispanic)",80347,7497
"3606968660",2019,"Ontario","South Bristol town","B19013I_001","Hispanic or Latino (Any Race)",NA,NA
"3606977387",2019,"Ontario","Victor town","B19013B_001","Black (Non-Hispanic)",NA,NA
"3606977387",2019,"Ontario","Victor town","B19013C_001","Native American (Non-Hispanic)",NA,NA
"3606977387",2019,"Ontario","Victor town","B19013D_001","Asian (Non-Hispanic)",250001,NA
"3606977387",2019,"Ontario","Victor town","B19013E_001","Pacific Islander (Non-Hispanic)",NA,NA
"3606977387",2019,"Ontario","Victor town","B19013F_001","Other (Non-Hispanic)",NA,NA
"3606977387",2019,"Ontario","Victor town","B19013G_001","Two or More Races (Non-Hispanic)",NA,NA
"3606977387",2019,"Ontario","Victor town","B19013H_001","White (Non-Hispanic)",98482,13686
"3606977387",2019,"Ontario","Victor town","B19013I_001","Hispanic or Latino (Any Race)",NA,NA
"3606979356",2019,"Ontario","West Bloomfield town","B19013B_001","Black (Non-Hispanic)",NA,NA
"3606979356",2019,"Ontario","West Bloomfield town","B19013C_001","Native American (Non-Hispanic)",NA,NA
"3606979356",2019,"Ontario","West Bloomfield town","B19013D_001","Asian (Non-Hispanic)",NA,NA
"3606979356",2019,"Ontario","West Bloomfield town","B19013E_001","Pacific Islander (Non-Hispanic)",NA,NA
"3606979356",2019,"Ontario","West Bloomfield town","B19013F_001","Other (Non-Hispanic)",NA,NA
"3606979356",2019,"Ontario","West Bloomfield town","B19013G_001","Two or More Races (Non-Hispanic)",NA,NA
"3606979356",2019,"Ontario","West Bloomfield town","B19013H_001","White (Non-Hispanic)",57132,4558
"3606979356",2019,"Ontario","West Bloomfield town","B19013I_001","Hispanic or Latino (Any Race)",NA,NA
"3607300000",2019,"Orleans","County subdivisions not defined","B19013B_001","Black (Non-Hispanic)",NA,NA
"3607300000",2019,"Orleans","County subdivisions not defined","B19013C_001","Native American (Non-Hispanic)",NA,NA
"3607300000",2019,"Orleans","County subdivisions not defined","B19013D_001","Asian (Non-Hispanic)",NA,NA
"3607300000",2019,"Orleans","County subdivisions not defined","B19013E_001","Pacific Islander (Non-Hispanic)",NA,NA
"3607300000",2019,"Orleans","County subdivisions not defined","B19013F_001","Other (Non-Hispanic)",NA,NA
"3607300000",2019,"Orleans","County subdivisions not defined","B19013G_001","Two or More Races (Non-Hispanic)",NA,NA
"3607300000",2019,"Orleans","County subdivisions not defined","B19013H_001","White (Non-Hispanic)",NA,NA
"3607300000",2019,"Orleans","County subdivisions not defined","B19013I_001","Hispanic or Latino (Any Race)",NA,NA
"3607301044",2019,"Orleans","Albion town","B19013B_001","Black (Non-Hispanic)",NA,NA
"3607301044",2019,"Orleans","Albion town","B19013C_001","Native American (Non-Hispanic)",NA,NA
"3607301044",2019,"Orleans","Albion town","B19013D_001","Asian (Non-Hispanic)",NA,NA
"3607301044",2019,"Orleans","Albion town","B19013E_001","Pacific Islander (Non-Hispanic)",NA,NA
"3607301044",2019,"Orleans","Albion town","B19013F_001","Other (Non-Hispanic)",NA,NA
"3607301044",2019,"Orleans","Albion town","B19013G_001","Two or More Races (Non-Hispanic)",NA,NA
"3607301044",2019,"Orleans","Albion town","B19013H_001","White (Non-Hispanic)",40093,5652
"3607301044",2019,"Orleans","Albion town","B19013I_001","Hispanic or Latino (Any Race)",NA,NA
"3607304572",2019,"Orleans","Barre town","B19013B_001","Black (Non-Hispanic)",NA,NA
"3607304572",2019,"Orleans","Barre town","B19013C_001","Native American (Non-Hispanic)",NA,NA
"3607304572",2019,"Orleans","Barre town","B19013D_001","Asian (Non-Hispanic)",NA,NA
"3607304572",2019,"Orleans","Barre town","B19013E_001","Pacific Islander (Non-Hispanic)",NA,NA
"3607304572",2019,"Orleans","Barre town","B19013F_001","Other (Non-Hispanic)",NA,NA
"3607304572",2019,"Orleans","Barre town","B19013G_001","Two or More Races (Non-Hispanic)",NA,NA
"3607304572",2019,"Orleans","Barre town","B19013H_001","White (Non-Hispanic)",67365,9906
"3607304572",2019,"Orleans","Barre town","B19013I_001","Hispanic or Latino (Any Race)",NA,NA
"3607312496",2019,"Orleans","Carlton town","B19013B_001","Black (Non-Hispanic)",NA,NA
"3607312496",2019,"Orleans","Carlton town","B19013C_001","Native American (Non-Hispanic)",NA,NA
"3607312496",2019,"Orleans","Carlton town","B19013D_001","Asian (Non-Hispanic)",NA,NA
"3607312496",2019,"Orleans","Carlton town","B19013E_001","Pacific Islander (Non-Hispanic)",NA,NA
"3607312496",2019,"Orleans","Carlton town","B19013F_001","Other (Non-Hispanic)",NA,NA
"3607312496",2019,"Orleans","Carlton town","B19013G_001","Two or More Races (Non-Hispanic)",NA,NA
"3607312496",2019,"Orleans","Carlton town","B19013H_001","White (Non-Hispanic)",67292,8537
"3607312496",2019,"Orleans","Carlton town","B19013I_001","Hispanic or Latino (Any Race)",NA,NA
"3607315880",2019,"Orleans","Clarendon town","B19013B_001","Black (Non-Hispanic)",NA,NA
"3607315880",2019,"Orleans","Clarendon town","B19013C_001","Native American (Non-Hispanic)",NA,NA
"3607315880",2019,"Orleans","Clarendon town","B19013D_001","Asian (Non-Hispanic)",NA,NA
"3607315880",2019,"Orleans","Clarendon town","B19013E_001","Pacific Islander (Non-Hispanic)",NA,NA
"3607315880",2019,"Orleans","Clarendon town","B19013F_001","Other (Non-Hispanic)",NA,NA
"3607315880",2019,"Orleans","Clarendon town","B19013G_001","Two or More Races (Non-Hispanic)",54514,50802
"3607315880",2019,"Orleans","Clarendon town","B19013H_001","White (Non-Hispanic)",59375,12795
"3607315880",2019,"Orleans","Clarendon town","B19013I_001","Hispanic or Latino (Any Race)",NA,NA
"3607327958",2019,"Orleans","Gaines town","B19013B_001","Black (Non-Hispanic)",NA,NA
"3607327958",2019,"Orleans","Gaines town","B19013C_001","Native American (Non-Hispanic)",NA,NA
"3607327958",2019,"Orleans","Gaines town","B19013D_001","Asian (Non-Hispanic)",NA,NA
"3607327958",2019,"Orleans","Gaines town","B19013E_001","Pacific Islander (Non-Hispanic)",NA,NA
"3607327958",2019,"Orleans","Gaines town","B19013F_001","Other (Non-Hispanic)",NA,NA
"3607327958",2019,"Orleans","Gaines town","B19013G_001","Two or More Races (Non-Hispanic)",NA,NA
"3607327958",2019,"Orleans","Gaines town","B19013H_001","White (Non-Hispanic)",49816,8125
"3607327958",2019,"Orleans","Gaines town","B19013I_001","Hispanic or Latino (Any Race)",NA,NA
"3607339188",2019,"Orleans","Kendall town","B19013B_001","Black (Non-Hispanic)",NA,NA
"3607339188",2019,"Orleans","Kendall town","B19013C_001","Native American (Non-Hispanic)",NA,NA
"3607339188",2019,"Orleans","Kendall town","B19013D_001","Asian (Non-Hispanic)",NA,NA
"3607339188",2019,"Orleans","Kendall town","B19013E_001","Pacific Islander (Non-Hispanic)",NA,NA
"3607339188",2019,"Orleans","Kendall town","B19013F_001","Other (Non-Hispanic)",NA,NA
"3607339188",2019,"Orleans","Kendall town","B19013G_001","Two or More Races (Non-Hispanic)",NA,NA
"3607339188",2019,"Orleans","Kendall town","B19013H_001","White (Non-Hispanic)",64201,7679
"3607339188",2019,"Orleans","Kendall town","B19013I_001","Hispanic or Latino (Any Race)",56750,29349
"3607349286",2019,"Orleans","Murray town","B19013B_001","Black (Non-Hispanic)",NA,NA
"3607349286",2019,"Orleans","Murray town","B19013C_001","Native American (Non-Hispanic)",NA,NA
"3607349286",2019,"Orleans","Murray town","B19013D_001","Asian (Non-Hispanic)",NA,NA
"3607349286",2019,"Orleans","Murray town","B19013E_001","Pacific Islander (Non-Hispanic)",NA,NA
"3607349286",2019,"Orleans","Murray town","B19013F_001","Other (Non-Hispanic)",NA,NA
"3607349286",2019,"Orleans","Murray town","B19013G_001","Two or More Races (Non-Hispanic)",NA,NA
"3607349286",2019,"Orleans","Murray town","B19013H_001","White (Non-Hispanic)",50077,4644
"3607349286",2019,"Orleans","Murray town","B19013I_001","Hispanic or Latino (Any Race)",NA,NA
"3607361742",2019,"Orleans","Ridgeway town","B19013B_001","Black (Non-Hispanic)",NA,NA
"3607361742",2019,"Orleans","Ridgeway town","B19013C_001","Native American (Non-Hispanic)",NA,NA
"3607361742",2019,"Orleans","Ridgeway town","B19013D_001","Asian (Non-Hispanic)",NA,NA
"3607361742",2019,"Orleans","Ridgeway town","B19013E_001","Pacific Islander (Non-Hispanic)",NA,NA
"3607361742",2019,"Orleans","Ridgeway town","B19013F_001","Other (Non-Hispanic)",NA,NA
"3607361742",2019,"Orleans","Ridgeway town","B19013G_001","Two or More Races (Non-Hispanic)",NA,NA
"3607361742",2019,"Orleans","Ridgeway town","B19013H_001","White (Non-Hispanic)",53264,5894
"3607361742",2019,"Orleans","Ridgeway town","B19013I_001","Hispanic or Latino (Any Race)",NA,NA
"3607366751",2019,"Orleans","Shelby town","B19013B_001","Black (Non-Hispanic)",NA,NA
"3607366751",2019,"Orleans","Shelby town","B19013C_001","Native American (Non-Hispanic)",NA,NA
"3607366751",2019,"Orleans","Shelby town","B19013D_001","Asian (Non-Hispanic)",NA,NA
"3607366751",2019,"Orleans","Shelby town","B19013E_001","Pacific Islander (Non-Hispanic)",NA,NA
"3607366751",2019,"Orleans","Shelby town","B19013F_001","Other (Non-Hispanic)",NA,NA
"3607366751",2019,"Orleans","Shelby town","B19013G_001","Two or More Races (Non-Hispanic)",NA,NA
"3607366751",2019,"Orleans","Shelby town","B19013H_001","White (Non-Hispanic)",52006,4128
"3607366751",2019,"Orleans","Shelby town","B19013I_001","Hispanic or Latino (Any Race)",16904,13428
"3607383448",2019,"Orleans","Yates town","B19013B_001","Black (Non-Hispanic)",NA,NA
"3607383448",2019,"Orleans","Yates town","B19013C_001","Native American (Non-Hispanic)",NA,NA
"3607383448",2019,"Orleans","Yates town","B19013D_001","Asian (Non-Hispanic)",NA,NA
"3607383448",2019,"Orleans","Yates town","B19013E_001","Pacific Islander (Non-Hispanic)",NA,NA
"3607383448",2019,"Orleans","Yates town","B19013F_001","Other (Non-Hispanic)",NA,NA
"3607383448",2019,"Orleans","Yates town","B19013G_001","Two or More Races (Non-Hispanic)",NA,NA
"3607383448",2019,"Orleans","Yates town","B19013H_001","White (Non-Hispanic)",53971,4574
"3607383448",2019,"Orleans","Yates town","B19013I_001","Hispanic or Latino (Any Race)",NA,NA
"3609918663",2019,"Seneca","Covert town","B19013B_001","Black (Non-Hispanic)",NA,NA
"3609918663",2019,"Seneca","Covert town","B19013C_001","Native American (Non-Hispanic)",NA,NA
"3609918663",2019,"Seneca","Covert town","B19013D_001","Asian (Non-Hispanic)",NA,NA
"3609918663",2019,"Seneca","Covert town","B19013E_001","Pacific Islander (Non-Hispanic)",NA,NA
"3609918663",2019,"Seneca","Covert town","B19013F_001","Other (Non-Hispanic)",NA,NA
"3609918663",2019,"Seneca","Covert town","B19013G_001","Two or More Races (Non-Hispanic)",31786,17914
"3609918663",2019,"Seneca","Covert town","B19013H_001","White (Non-Hispanic)",57279,12117
"3609918663",2019,"Seneca","Covert town","B19013I_001","Hispanic or Latino (Any Race)",NA,NA
"3609925505",2019,"Seneca","Fayette town","B19013B_001","Black (Non-Hispanic)",NA,NA
"3609925505",2019,"Seneca","Fayette town","B19013C_001","Native American (Non-Hispanic)",NA,NA
"3609925505",2019,"Seneca","Fayette town","B19013D_001","Asian (Non-Hispanic)",NA,NA
"3609925505",2019,"Seneca","Fayette town","B19013E_001","Pacific Islander (Non-Hispanic)",NA,NA
"3609925505",2019,"Seneca","Fayette town","B19013F_001","Other (Non-Hispanic)",NA,NA
"3609925505",2019,"Seneca","Fayette town","B19013G_001","Two or More Races (Non-Hispanic)",NA,NA
"3609925505",2019,"Seneca","Fayette town","B19013H_001","White (Non-Hispanic)",67336,9193
"3609925505",2019,"Seneca","Fayette town","B19013I_001","Hispanic or Latino (Any Race)",36989,35101
"3609928640",2019,"Seneca","Geneva city","B19013B_001","Black (Non-Hispanic)",NA,NA
"3609928640",2019,"Seneca","Geneva city","B19013C_001","Native American (Non-Hispanic)",NA,NA
"3609928640",2019,"Seneca","Geneva city","B19013D_001","Asian (Non-Hispanic)",NA,NA
"3609928640",2019,"Seneca","Geneva city","B19013E_001","Pacific Islander (Non-Hispanic)",NA,NA
"3609928640",2019,"Seneca","Geneva city","B19013F_001","Other (Non-Hispanic)",NA,NA
"3609928640",2019,"Seneca","Geneva city","B19013G_001","Two or More Races (Non-Hispanic)",NA,NA
"3609928640",2019,"Seneca","Geneva city","B19013H_001","White (Non-Hispanic)",NA,NA
"3609928640",2019,"Seneca","Geneva city","B19013I_001","Hispanic or Latino (Any Race)",NA,NA
"3609938858",2019,"Seneca","Junius town","B19013B_001","Black (Non-Hispanic)",NA,NA
"3609938858",2019,"Seneca","Junius town","B19013C_001","Native American (Non-Hispanic)",NA,NA
"3609938858",2019,"Seneca","Junius town","B19013D_001","Asian (Non-Hispanic)",NA,NA
"3609938858",2019,"Seneca","Junius town","B19013E_001","Pacific Islander (Non-Hispanic)",NA,NA
"3609938858",2019,"Seneca","Junius town","B19013F_001","Other (Non-Hispanic)",NA,NA
"3609938858",2019,"Seneca","Junius town","B19013G_001","Two or More Races (Non-Hispanic)",NA,NA
"3609938858",2019,"Seneca","Junius town","B19013H_001","White (Non-Hispanic)",55859,6370
"3609938858",2019,"Seneca","Junius town","B19013I_001","Hispanic or Latino (Any Race)",NA,NA
"3609943225",2019,"Seneca","Lodi town","B19013B_001","Black (Non-Hispanic)",NA,NA
"3609943225",2019,"Seneca","Lodi town","B19013C_001","Native American (Non-Hispanic)",NA,NA
"3609943225",2019,"Seneca","Lodi town","B19013D_001","Asian (Non-Hispanic)",NA,NA
"3609943225",2019,"Seneca","Lodi town","B19013E_001","Pacific Islander (Non-Hispanic)",NA,NA
"3609943225",2019,"Seneca","Lodi town","B19013F_001","Other (Non-Hispanic)",NA,NA
"3609943225",2019,"Seneca","Lodi town","B19013G_001","Two or More Races (Non-Hispanic)",NA,NA
"3609943225",2019,"Seneca","Lodi town","B19013H_001","White (Non-Hispanic)",58221,5666
"3609943225",2019,"Seneca","Lodi town","B19013I_001","Hispanic or Latino (Any Race)",NA,NA
"3609955827",2019,"Seneca","Ovid town","B19013B_001","Black (Non-Hispanic)",NA,NA
"3609955827",2019,"Seneca","Ovid town","B19013C_001","Native American (Non-Hispanic)",NA,NA
"3609955827",2019,"Seneca","Ovid town","B19013D_001","Asian (Non-Hispanic)",NA,NA
"3609955827",2019,"Seneca","Ovid town","B19013E_001","Pacific Islander (Non-Hispanic)",NA,NA
"3609955827",2019,"Seneca","Ovid town","B19013F_001","Other (Non-Hispanic)",NA,NA
"3609955827",2019,"Seneca","Ovid town","B19013G_001","Two or More Races (Non-Hispanic)",NA,NA
"3609955827",2019,"Seneca","Ovid town","B19013H_001","White (Non-Hispanic)",48659,4131
"3609955827",2019,"Seneca","Ovid town","B19013I_001","Hispanic or Latino (Any Race)",NA,NA
"3609963440",2019,"Seneca","Romulus town","B19013B_001","Black (Non-Hispanic)",NA,NA
"3609963440",2019,"Seneca","Romulus town","B19013C_001","Native American (Non-Hispanic)",NA,NA
"3609963440",2019,"Seneca","Romulus town","B19013D_001","Asian (Non-Hispanic)",NA,NA
"3609963440",2019,"Seneca","Romulus town","B19013E_001","Pacific Islander (Non-Hispanic)",NA,NA
"3609963440",2019,"Seneca","Romulus town","B19013F_001","Other (Non-Hispanic)",NA,NA
"3609963440",2019,"Seneca","Romulus town","B19013G_001","Two or More Races (Non-Hispanic)",NA,NA
"3609963440",2019,"Seneca","Romulus town","B19013H_001","White (Non-Hispanic)",57955,10964
"3609963440",2019,"Seneca","Romulus town","B19013I_001","Hispanic or Latino (Any Race)",NA,NA
"3609966333",2019,"Seneca","Seneca Falls town","B19013B_001","Black (Non-Hispanic)",NA,NA
"3609966333",2019,"Seneca","Seneca Falls town","B19013C_001","Native American (Non-Hispanic)",NA,NA
"3609966333",2019,"Seneca","Seneca Falls town","B19013D_001","Asian (Non-Hispanic)",NA,NA
"3609966333",2019,"Seneca","Seneca Falls town","B19013E_001","Pacific Islander (Non-Hispanic)",NA,NA
"3609966333",2019,"Seneca","Seneca Falls town","B19013F_001","Other (Non-Hispanic)",NA,NA
"3609966333",2019,"Seneca","Seneca Falls town","B19013G_001","Two or More Races (Non-Hispanic)",26000,14493
"3609966333",2019,"Seneca","Seneca Falls town","B19013H_001","White (Non-Hispanic)",53152,4856
"3609966333",2019,"Seneca","Seneca Falls town","B19013I_001","Hispanic or Latino (Any Race)",19722,15522
"3609975902",2019,"Seneca","Tyre town","B19013B_001","Black (Non-Hispanic)",NA,NA
"3609975902",2019,"Seneca","Tyre town","B19013C_001","Native American (Non-Hispanic)",NA,NA
"3609975902",2019,"Seneca","Tyre town","B19013D_001","Asian (Non-Hispanic)",NA,NA
"3609975902",2019,"Seneca","Tyre town","B19013E_001","Pacific Islander (Non-Hispanic)",NA,NA
"3609975902",2019,"Seneca","Tyre town","B19013F_001","Other (Non-Hispanic)",NA,NA
"3609975902",2019,"Seneca","Tyre town","B19013G_001","Two or More Races (Non-Hispanic)",NA,NA
"3609975902",2019,"Seneca","Tyre town","B19013H_001","White (Non-Hispanic)",55833,15837
"3609975902",2019,"Seneca","Tyre town","B19013I_001","Hispanic or Latino (Any Race)",NA,NA
"3609976958",2019,"Seneca","Varick town","B19013B_001","Black (Non-Hispanic)",NA,NA
"3609976958",2019,"Seneca","Varick town","B19013C_001","Native American (Non-Hispanic)",NA,NA
"3609976958",2019,"Seneca","Varick town","B19013D_001","Asian (Non-Hispanic)",NA,NA
"3609976958",2019,"Seneca","Varick town","B19013E_001","Pacific Islander (Non-Hispanic)",NA,NA
"3609976958",2019,"Seneca","Varick town","B19013F_001","Other (Non-Hispanic)",NA,NA
"3609976958",2019,"Seneca","Varick town","B19013G_001","Two or More Races (Non-Hispanic)",NA,NA
"3609976958",2019,"Seneca","Varick town","B19013H_001","White (Non-Hispanic)",53950,9776
"3609976958",2019,"Seneca","Varick town","B19013I_001","Hispanic or Latino (Any Race)",NA,NA
"3609978564",2019,"Seneca","Waterloo town","B19013B_001","Black (Non-Hispanic)",NA,NA
"3609978564",2019,"Seneca","Waterloo town","B19013C_001","Native American (Non-Hispanic)",NA,NA
"3609978564",2019,"Seneca","Waterloo town","B19013D_001","Asian (Non-Hispanic)",NA,NA
"3609978564",2019,"Seneca","Waterloo town","B19013E_001","Pacific Islander (Non-Hispanic)",NA,NA
"3609978564",2019,"Seneca","Waterloo town","B19013F_001","Other (Non-Hispanic)",NA,NA
"3609978564",2019,"Seneca","Waterloo town","B19013G_001","Two or More Races (Non-Hispanic)",NA,NA
"3609978564",2019,"Seneca","Waterloo town","B19013H_001","White (Non-Hispanic)",55203,6010
"3609978564",2019,"Seneca","Waterloo town","B19013I_001","Hispanic or Latino (Any Race)",57644,29401
"3611700000",2019,"Wayne","County subdivisions not defined","B19013B_001","Black (Non-Hispanic)",NA,NA
"3611700000",2019,"Wayne","County subdivisions not defined","B19013C_001","Native American (Non-Hispanic)",NA,NA
"3611700000",2019,"Wayne","County subdivisions not defined","B19013D_001","Asian (Non-Hispanic)",NA,NA
"3611700000",2019,"Wayne","County subdivisions not defined","B19013E_001","Pacific Islander (Non-Hispanic)",NA,NA
"3611700000",2019,"Wayne","County subdivisions not defined","B19013F_001","Other (Non-Hispanic)",NA,NA
"3611700000",2019,"Wayne","County subdivisions not defined","B19013G_001","Two or More Races (Non-Hispanic)",NA,NA
"3611700000",2019,"Wayne","County subdivisions not defined","B19013H_001","White (Non-Hispanic)",NA,NA
"3611700000",2019,"Wayne","County subdivisions not defined","B19013I_001","Hispanic or Latino (Any Race)",NA,NA
"3611702440",2019,"Wayne","Arcadia town","B19013B_001","Black (Non-Hispanic)",38561,30676
"3611702440",2019,"Wayne","Arcadia town","B19013C_001","Native American (Non-Hispanic)",NA,NA
"3611702440",2019,"Wayne","Arcadia town","B19013D_001","Asian (Non-Hispanic)",115417,99057
"3611702440",2019,"Wayne","Arcadia town","B19013E_001","Pacific Islander (Non-Hispanic)",NA,NA
"3611702440",2019,"Wayne","Arcadia town","B19013F_001","Other (Non-Hispanic)",25000,13348
"3611702440",2019,"Wayne","Arcadia town","B19013G_001","Two or More Races (Non-Hispanic)",NA,NA
"3611702440",2019,"Wayne","Arcadia town","B19013H_001","White (Non-Hispanic)",52050,4925
"3611702440",2019,"Wayne","Arcadia town","B19013I_001","Hispanic or Latino (Any Race)",33659,9599
"3611711473",2019,"Wayne","Butler town","B19013B_001","Black (Non-Hispanic)",NA,NA
"3611711473",2019,"Wayne","Butler town","B19013C_001","Native American (Non-Hispanic)",NA,NA
"3611711473",2019,"Wayne","Butler town","B19013D_001","Asian (Non-Hispanic)",NA,NA
"3611711473",2019,"Wayne","Butler town","B19013E_001","Pacific Islander (Non-Hispanic)",NA,NA
"3611711473",2019,"Wayne","Butler town","B19013F_001","Other (Non-Hispanic)",NA,NA
"3611711473",2019,"Wayne","Butler town","B19013G_001","Two or More Races (Non-Hispanic)",NA,NA
"3611711473",2019,"Wayne","Butler town","B19013H_001","White (Non-Hispanic)",56038,2562
"3611711473",2019,"Wayne","Butler town","B19013I_001","Hispanic or Latino (Any Race)",NA,NA
"3611728013",2019,"Wayne","Galen town","B19013B_001","Black (Non-Hispanic)",NA,NA
"3611728013",2019,"Wayne","Galen town","B19013C_001","Native American (Non-Hispanic)",NA,NA
"3611728013",2019,"Wayne","Galen town","B19013D_001","Asian (Non-Hispanic)",NA,NA
"3611728013",2019,"Wayne","Galen town","B19013E_001","Pacific Islander (Non-Hispanic)",NA,NA
"3611728013",2019,"Wayne","Galen town","B19013F_001","Other (Non-Hispanic)",NA,NA
"3611728013",2019,"Wayne","Galen town","B19013G_001","Two or More Races (Non-Hispanic)",NA,NA
"3611728013",2019,"Wayne","Galen town","B19013H_001","White (Non-Hispanic)",55873,7689
"3611728013",2019,"Wayne","Galen town","B19013I_001","Hispanic or Latino (Any Race)",18707,14744
"3611737165",2019,"Wayne","Huron town","B19013B_001","Black (Non-Hispanic)",NA,NA
"3611737165",2019,"Wayne","Huron town","B19013C_001","Native American (Non-Hispanic)",NA,NA
"3611737165",2019,"Wayne","Huron town","B19013D_001","Asian (Non-Hispanic)",NA,NA
"3611737165",2019,"Wayne","Huron town","B19013E_001","Pacific Islander (Non-Hispanic)",NA,NA
"3611737165",2019,"Wayne","Huron town","B19013F_001","Other (Non-Hispanic)",NA,NA
"3611737165",2019,"Wayne","Huron town","B19013G_001","Two or More Races (Non-Hispanic)",NA,NA
"3611737165",2019,"Wayne","Huron town","B19013H_001","White (Non-Hispanic)",71797,11574
"3611737165",2019,"Wayne","Huron town","B19013I_001","Hispanic or Latino (Any Race)",NA,NA
"3611743973",2019,"Wayne","Lyons town","B19013B_001","Black (Non-Hispanic)",NA,NA
"3611743973",2019,"Wayne","Lyons town","B19013C_001","Native American (Non-Hispanic)",NA,NA
"3611743973",2019,"Wayne","Lyons town","B19013D_001","Asian (Non-Hispanic)",NA,NA
"3611743973",2019,"Wayne","Lyons town","B19013E_001","Pacific Islander (Non-Hispanic)",NA,NA
"3611743973",2019,"Wayne","Lyons town","B19013F_001","Other (Non-Hispanic)",NA,NA
"3611743973",2019,"Wayne","Lyons town","B19013G_001","Two or More Races (Non-Hispanic)",NA,NA
"3611743973",2019,"Wayne","Lyons town","B19013H_001","White (Non-Hispanic)",52244,8116
"3611743973",2019,"Wayne","Lyons town","B19013I_001","Hispanic or Latino (Any Race)",NA,NA
"3611744160",2019,"Wayne","Macedon town","B19013B_001","Black (Non-Hispanic)",NA,NA
"3611744160",2019,"Wayne","Macedon town","B19013C_001","Native American (Non-Hispanic)",NA,NA
"3611744160",2019,"Wayne","Macedon town","B19013D_001","Asian (Non-Hispanic)",NA,NA
"3611744160",2019,"Wayne","Macedon town","B19013E_001","Pacific Islander (Non-Hispanic)",NA,NA
"3611744160",2019,"Wayne","Macedon town","B19013F_001","Other (Non-Hispanic)",NA,NA
"3611744160",2019,"Wayne","Macedon town","B19013G_001","Two or More Races (Non-Hispanic)",168917,901
"3611744160",2019,"Wayne","Macedon town","B19013H_001","White (Non-Hispanic)",62760,5847
"3611744160",2019,"Wayne","Macedon town","B19013I_001","Hispanic or Latino (Any Race)",60833,36836
"3611745645",2019,"Wayne","Marion town","B19013B_001","Black (Non-Hispanic)",NA,NA
"3611745645",2019,"Wayne","Marion town","B19013C_001","Native American (Non-Hispanic)",NA,NA
"3611745645",2019,"Wayne","Marion town","B19013D_001","Asian (Non-Hispanic)",NA,NA
"3611745645",2019,"Wayne","Marion town","B19013E_001","Pacific Islander (Non-Hispanic)",NA,NA
"3611745645",2019,"Wayne","Marion town","B19013F_001","Other (Non-Hispanic)",NA,NA
"3611745645",2019,"Wayne","Marion town","B19013G_001","Two or More Races (Non-Hispanic)",NA,NA
"3611745645",2019,"Wayne","Marion town","B19013H_001","White (Non-Hispanic)",64344,5512
"3611745645",2019,"Wayne","Marion town","B19013I_001","Hispanic or Latino (Any Race)",75690,29152
"3611755013",2019,"Wayne","Ontario town","B19013B_001","Black (Non-Hispanic)",100469,61043
"3611755013",2019,"Wayne","Ontario town","B19013C_001","Native American (Non-Hispanic)",NA,NA
"3611755013",2019,"Wayne","Ontario town","B19013D_001","Asian (Non-Hispanic)",NA,NA
"3611755013",2019,"Wayne","Ontario town","B19013E_001","Pacific Islander (Non-Hispanic)",NA,NA
"3611755013",2019,"Wayne","Ontario town","B19013F_001","Other (Non-Hispanic)",NA,NA
"3611755013",2019,"Wayne","Ontario town","B19013G_001","Two or More Races (Non-Hispanic)",NA,NA
"3611755013",2019,"Wayne","Ontario town","B19013H_001","White (Non-Hispanic)",71955,7781
"3611755013",2019,"Wayne","Ontario town","B19013I_001","Hispanic or Latino (Any Race)",NA,NA
"3611756198",2019,"Wayne","Palmyra town","B19013B_001","Black (Non-Hispanic)",28864,27247
"3611756198",2019,"Wayne","Palmyra town","B19013C_001","Native American (Non-Hispanic)",NA,NA
"3611756198",2019,"Wayne","Palmyra town","B19013D_001","Asian (Non-Hispanic)",NA,NA
"3611756198",2019,"Wayne","Palmyra town","B19013E_001","Pacific Islander (Non-Hispanic)",NA,NA
"3611756198",2019,"Wayne","Palmyra town","B19013F_001","Other (Non-Hispanic)",NA,NA
"3611756198",2019,"Wayne","Palmyra town","B19013G_001","Two or More Races (Non-Hispanic)",NA,NA
"3611756198",2019,"Wayne","Palmyra town","B19013H_001","White (Non-Hispanic)",57652,8188
"3611756198",2019,"Wayne","Palmyra town","B19013I_001","Hispanic or Latino (Any Race)",NA,NA
"3611763605",2019,"Wayne","Rose town","B19013B_001","Black (Non-Hispanic)",NA,NA
"3611763605",2019,"Wayne","Rose town","B19013C_001","Native American (Non-Hispanic)",NA,NA
"3611763605",2019,"Wayne","Rose town","B19013D_001","Asian (Non-Hispanic)",NA,NA
"3611763605",2019,"Wayne","Rose town","B19013E_001","Pacific Islander (Non-Hispanic)",NA,NA
"3611763605",2019,"Wayne","Rose town","B19013F_001","Other (Non-Hispanic)",NA,NA
"3611763605",2019,"Wayne","Rose town","B19013G_001","Two or More Races (Non-Hispanic)",NA,NA
"3611763605",2019,"Wayne","Rose town","B19013H_001","White (Non-Hispanic)",61832,2566
"3611763605",2019,"Wayne","Rose town","B19013I_001","Hispanic or Latino (Any Race)",NA,NA
"3611765343",2019,"Wayne","Savannah town","B19013B_001","Black (Non-Hispanic)",NA,NA
"3611765343",2019,"Wayne","Savannah town","B19013C_001","Native American (Non-Hispanic)",NA,NA
"3611765343",2019,"Wayne","Savannah town","B19013D_001","Asian (Non-Hispanic)",NA,NA
"3611765343",2019,"Wayne","Savannah town","B19013E_001","Pacific Islander (Non-Hispanic)",NA,NA
"3611765343",2019,"Wayne","Savannah town","B19013F_001","Other (Non-Hispanic)",NA,NA
"3611765343",2019,"Wayne","Savannah town","B19013G_001","Two or More Races (Non-Hispanic)",NA,NA
"3611765343",2019,"Wayne","Savannah town","B19013H_001","White (Non-Hispanic)",56510,7939
"3611765343",2019,"Wayne","Savannah town","B19013I_001","Hispanic or Latino (Any Race)",NA,NA
"3611768220",2019,"Wayne","Sodus town","B19013B_001","Black (Non-Hispanic)",NA,NA
"3611768220",2019,"Wayne","Sodus town","B19013C_001","Native American (Non-Hispanic)",NA,NA
"3611768220",2019,"Wayne","Sodus town","B19013D_001","Asian (Non-Hispanic)",NA,NA
"3611768220",2019,"Wayne","Sodus town","B19013E_001","Pacific Islander (Non-Hispanic)",NA,NA
"3611768220",2019,"Wayne","Sodus town","B19013F_001","Other (Non-Hispanic)",36905,20037
"3611768220",2019,"Wayne","Sodus town","B19013G_001","Two or More Races (Non-Hispanic)",NA,NA
"3611768220",2019,"Wayne","Sodus town","B19013H_001","White (Non-Hispanic)",53750,5366
"3611768220",2019,"Wayne","Sodus town","B19013I_001","Hispanic or Latino (Any Race)",36667,24920
"3611778102",2019,"Wayne","Walworth town","B19013B_001","Black (Non-Hispanic)",NA,NA
"3611778102",2019,"Wayne","Walworth town","B19013C_001","Native American (Non-Hispanic)",NA,NA
"3611778102",2019,"Wayne","Walworth town","B19013D_001","Asian (Non-Hispanic)",110000,51494
"3611778102",2019,"Wayne","Walworth town","B19013E_001","Pacific Islander (Non-Hispanic)",NA,NA
"3611778102",2019,"Wayne","Walworth town","B19013F_001","Other (Non-Hispanic)",NA,NA
"3611778102",2019,"Wayne","Walworth town","B19013G_001","Two or More Races (Non-Hispanic)",NA,NA
"3611778102",2019,"Wayne","Walworth town","B19013H_001","White (Non-Hispanic)",83342,7188
"3611778102",2019,"Wayne","Walworth town","B19013I_001","Hispanic or Latino (Any Race)",NA,NA
"3611782040",2019,"Wayne","Williamson town","B19013B_001","Black (Non-Hispanic)",2499,NA
"3611782040",2019,"Wayne","Williamson town","B19013C_001","Native American (Non-Hispanic)",NA,NA
"3611782040",2019,"Wayne","Williamson town","B19013D_001","Asian (Non-Hispanic)",NA,NA
"3611782040",2019,"Wayne","Williamson town","B19013E_001","Pacific Islander (Non-Hispanic)",NA,NA
"3611782040",2019,"Wayne","Williamson town","B19013F_001","Other (Non-Hispanic)",NA,NA
"3611782040",2019,"Wayne","Williamson town","B19013G_001","Two or More Races (Non-Hispanic)",NA,NA
"3611782040",2019,"Wayne","Williamson town","B19013H_001","White (Non-Hispanic)",62304,11231
"3611782040",2019,"Wayne","Williamson town","B19013I_001","Hispanic or Latino (Any Race)",87552,84209
"3611782689",2019,"Wayne","Wolcott town","B19013B_001","Black (Non-Hispanic)",NA,NA
"3611782689",2019,"Wayne","Wolcott town","B19013C_001","Native American (Non-Hispanic)",NA,NA
"3611782689",2019,"Wayne","Wolcott town","B19013D_001","Asian (Non-Hispanic)",NA,NA
"3611782689",2019,"Wayne","Wolcott town","B19013E_001","Pacific Islander (Non-Hispanic)",NA,NA
"3611782689",2019,"Wayne","Wolcott town","B19013F_001","Other (Non-Hispanic)",NA,NA
"3611782689",2019,"Wayne","Wolcott town","B19013G_001","Two or More Races (Non-Hispanic)",NA,NA
"3611782689",2019,"Wayne","Wolcott town","B19013H_001","White (Non-Hispanic)",46618,8871
"3611782689",2019,"Wayne","Wolcott town","B19013I_001","Hispanic or Latino (Any Race)",NA,NA
"3612304594",2019,"Yates","Barrington town","B19013B_001","Black (Non-Hispanic)",NA,NA
"3612304594",2019,"Yates","Barrington town","B19013C_001","Native American (Non-Hispanic)",NA,NA
"3612304594",2019,"Yates","Barrington town","B19013D_001","Asian (Non-Hispanic)",NA,NA
"3612304594",2019,"Yates","Barrington town","B19013E_001","Pacific Islander (Non-Hispanic)",NA,NA
"3612304594",2019,"Yates","Barrington town","B19013F_001","Other (Non-Hispanic)",NA,NA
"3612304594",2019,"Yates","Barrington town","B19013G_001","Two or More Races (Non-Hispanic)",NA,NA
"3612304594",2019,"Yates","Barrington town","B19013H_001","White (Non-Hispanic)",63482,11499
"3612304594",2019,"Yates","Barrington town","B19013I_001","Hispanic or Latino (Any Race)",NA,NA
"3612306002",2019,"Yates","Benton town","B19013B_001","Black (Non-Hispanic)",NA,NA
"3612306002",2019,"Yates","Benton town","B19013C_001","Native American (Non-Hispanic)",NA,NA
"3612306002",2019,"Yates","Benton town","B19013D_001","Asian (Non-Hispanic)",NA,NA
"3612306002",2019,"Yates","Benton town","B19013E_001","Pacific Islander (Non-Hispanic)",NA,NA
"3612306002",2019,"Yates","Benton town","B19013F_001","Other (Non-Hispanic)",NA,NA
"3612306002",2019,"Yates","Benton town","B19013G_001","Two or More Races (Non-Hispanic)",NA,NA
"3612306002",2019,"Yates","Benton town","B19013H_001","White (Non-Hispanic)",61667,15369
"3612306002",2019,"Yates","Benton town","B19013I_001","Hispanic or Latino (Any Race)",NA,NA
"3612338044",2019,"Yates","Italy town","B19013B_001","Black (Non-Hispanic)",NA,NA
"3612338044",2019,"Yates","Italy town","B19013C_001","Native American (Non-Hispanic)",NA,NA
"3612338044",2019,"Yates","Italy town","B19013D_001","Asian (Non-Hispanic)",NA,NA
"3612338044",2019,"Yates","Italy town","B19013E_001","Pacific Islander (Non-Hispanic)",NA,NA
"3612338044",2019,"Yates","Italy town","B19013F_001","Other (Non-Hispanic)",NA,NA
"3612338044",2019,"Yates","Italy town","B19013G_001","Two or More Races (Non-Hispanic)",NA,NA
"3612338044",2019,"Yates","Italy town","B19013H_001","White (Non-Hispanic)",63929,13877
"3612338044",2019,"Yates","Italy town","B19013I_001","Hispanic or Latino (Any Race)",NA,NA
"3612338583",2019,"Yates","Jerusalem town","B19013B_001","Black (Non-Hispanic)",NA,NA
"3612338583",2019,"Yates","Jerusalem town","B19013C_001","Native American (Non-Hispanic)",NA,NA
"3612338583",2019,"Yates","Jerusalem town","B19013D_001","Asian (Non-Hispanic)",NA,NA
"3612338583",2019,"Yates","Jerusalem town","B19013E_001","Pacific Islander (Non-Hispanic)",NA,NA
"3612338583",2019,"Yates","Jerusalem town","B19013F_001","Other (Non-Hispanic)",NA,NA
"3612338583",2019,"Yates","Jerusalem town","B19013G_001","Two or More Races (Non-Hispanic)",NA,NA
"3612338583",2019,"Yates","Jerusalem town","B19013H_001","White (Non-Hispanic)",67979,10028
"3612338583",2019,"Yates","Jerusalem town","B19013I_001","Hispanic or Latino (Any Race)",NA,NA
"3612347020",2019,"Yates","Middlesex town","B19013B_001","Black (Non-Hispanic)",NA,NA
"3612347020",2019,"Yates","Middlesex town","B19013C_001","Native American (Non-Hispanic)",NA,NA
"3612347020",2019,"Yates","Middlesex town","B19013D_001","Asian (Non-Hispanic)",NA,NA
"3612347020",2019,"Yates","Middlesex town","B19013E_001","Pacific Islander (Non-Hispanic)",NA,NA
"3612347020",2019,"Yates","Middlesex town","B19013F_001","Other (Non-Hispanic)",NA,NA
"3612347020",2019,"Yates","Middlesex town","B19013G_001","Two or More Races (Non-Hispanic)",NA,NA
"3612347020",2019,"Yates","Middlesex town","B19013H_001","White (Non-Hispanic)",65750,12891
"3612347020",2019,"Yates","Middlesex town","B19013I_001","Hispanic or Latino (Any Race)",NA,NA
"3612347504",2019,"Yates","Milo town","B19013B_001","Black (Non-Hispanic)",NA,NA
"3612347504",2019,"Yates","Milo town","B19013C_001","Native American (Non-Hispanic)",NA,NA
"3612347504",2019,"Yates","Milo town","B19013D_001","Asian (Non-Hispanic)",NA,NA
"3612347504",2019,"Yates","Milo town","B19013E_001","Pacific Islander (Non-Hispanic)",NA,NA
"3612347504",2019,"Yates","Milo town","B19013F_001","Other (Non-Hispanic)",NA,NA
"3612347504",2019,"Yates","Milo town","B19013G_001","Two or More Races (Non-Hispanic)",NA,NA
"3612347504",2019,"Yates","Milo town","B19013H_001","White (Non-Hispanic)",45321,9844
"3612347504",2019,"Yates","Milo town","B19013I_001","Hispanic or Latino (Any Race)",NA,NA
"3612359597",2019,"Yates","Potter town","B19013B_001","Black (Non-Hispanic)",NA,NA
"3612359597",2019,"Yates","Potter town","B19013C_001","Native American (Non-Hispanic)",NA,NA
"3612359597",2019,"Yates","Potter town","B19013D_001","Asian (Non-Hispanic)",NA,NA
"3612359597",2019,"Yates","Potter town","B19013E_001","Pacific Islander (Non-Hispanic)",NA,NA
"3612359597",2019,"Yates","Potter town","B19013F_001","Other (Non-Hispanic)",NA,NA
"3612359597",2019,"Yates","Potter town","B19013G_001","Two or More Races (Non-Hispanic)",NA,NA
"3612359597",2019,"Yates","Potter town","B19013H_001","White (Non-Hispanic)",56875,10372
"3612359597",2019,"Yates","Potter town","B19013I_001","Hispanic or Latino (Any Race)",NA,NA
"3612370816",2019,"Yates","Starkey town","B19013B_001","Black (Non-Hispanic)",NA,NA
"3612370816",2019,"Yates","Starkey town","B19013C_001","Native American (Non-Hispanic)",NA,NA
"3612370816",2019,"Yates","Starkey town","B19013D_001","Asian (Non-Hispanic)",NA,NA
"3612370816",2019,"Yates","Starkey town","B19013E_001","Pacific Islander (Non-Hispanic)",NA,NA
"3612370816",2019,"Yates","Starkey town","B19013F_001","Other (Non-Hispanic)",NA,NA
"3612370816",2019,"Yates","Starkey town","B19013G_001","Two or More Races (Non-Hispanic)",NA,NA
"3612370816",2019,"Yates","Starkey town","B19013H_001","White (Non-Hispanic)",62835,10160
"3612370816",2019,"Yates","Starkey town","B19013I_001","Hispanic or Latino (Any Race)",NA,NA
"3612375055",2019,"Yates","Torrey town","B19013B_001","Black (Non-Hispanic)",NA,NA
"3612375055",2019,"Yates","Torrey town","B19013C_001","Native American (Non-Hispanic)",NA,NA
"3612375055",2019,"Yates","Torrey town","B19013D_001","Asian (Non-Hispanic)",NA,NA
"3612375055",2019,"Yates","Torrey town","B19013E_001","Pacific Islander (Non-Hispanic)",NA,NA
"3612375055",2019,"Yates","Torrey town","B19013F_001","Other (Non-Hispanic)",NA,NA
"3612375055",2019,"Yates","Torrey town","B19013G_001","Two or More Races (Non-Hispanic)",NA,NA
"3612375055",2019,"Yates","Torrey town","B19013H_001","White (Non-Hispanic)",57596,5506
"3612375055",2019,"Yates","Torrey town","B19013I_001","Hispanic or Latino (Any Race)",NA,NA
"3603700474",2020,"Genesee","Alabama town","B19013B_001","Black (Non-Hispanic)",NA,NA
"3603700474",2020,"Genesee","Alabama town","B19013C_001","Native American (Non-Hispanic)",NA,NA
"3603700474",2020,"Genesee","Alabama town","B19013D_001","Asian (Non-Hispanic)",NA,NA
"3603700474",2020,"Genesee","Alabama town","B19013E_001","Pacific Islander (Non-Hispanic)",NA,NA
"3603700474",2020,"Genesee","Alabama town","B19013F_001","Other (Non-Hispanic)",NA,NA
"3603700474",2020,"Genesee","Alabama town","B19013G_001","Two or More Races (Non-Hispanic)",35900,11753
"3603700474",2020,"Genesee","Alabama town","B19013H_001","White (Non-Hispanic)",63681,9829
"3603700474",2020,"Genesee","Alabama town","B19013I_001","Hispanic or Latino (Any Race)",NA,NA
"3603701165",2020,"Genesee","Alexander town","B19013B_001","Black (Non-Hispanic)",NA,NA
"3603701165",2020,"Genesee","Alexander town","B19013C_001","Native American (Non-Hispanic)",NA,NA
"3603701165",2020,"Genesee","Alexander town","B19013D_001","Asian (Non-Hispanic)",NA,NA
"3603701165",2020,"Genesee","Alexander town","B19013E_001","Pacific Islander (Non-Hispanic)",NA,NA
"3603701165",2020,"Genesee","Alexander town","B19013F_001","Other (Non-Hispanic)",NA,NA
"3603701165",2020,"Genesee","Alexander town","B19013G_001","Two or More Races (Non-Hispanic)",NA,NA
"3603701165",2020,"Genesee","Alexander town","B19013H_001","White (Non-Hispanic)",70168,6968
"3603701165",2020,"Genesee","Alexander town","B19013I_001","Hispanic or Latino (Any Race)",NA,NA
"3603704715",2020,"Genesee","Batavia city","B19013B_001","Black (Non-Hispanic)",41570,19316
"3603704715",2020,"Genesee","Batavia city","B19013C_001","Native American (Non-Hispanic)",NA,NA
"3603704715",2020,"Genesee","Batavia city","B19013D_001","Asian (Non-Hispanic)",28309,18127
"3603704715",2020,"Genesee","Batavia city","B19013E_001","Pacific Islander (Non-Hispanic)",NA,NA
"3603704715",2020,"Genesee","Batavia city","B19013F_001","Other (Non-Hispanic)",NA,NA
"3603704715",2020,"Genesee","Batavia city","B19013G_001","Two or More Races (Non-Hispanic)",51450,25854
"3603704715",2020,"Genesee","Batavia city","B19013H_001","White (Non-Hispanic)",50819,5093
"3603704715",2020,"Genesee","Batavia city","B19013I_001","Hispanic or Latino (Any Race)",44239,40443
"3603704726",2020,"Genesee","Batavia town","B19013B_001","Black (Non-Hispanic)",NA,NA
"3603704726",2020,"Genesee","Batavia town","B19013C_001","Native American (Non-Hispanic)",NA,NA
"3603704726",2020,"Genesee","Batavia town","B19013D_001","Asian (Non-Hispanic)",NA,NA
"3603704726",2020,"Genesee","Batavia town","B19013E_001","Pacific Islander (Non-Hispanic)",NA,NA
"3603704726",2020,"Genesee","Batavia town","B19013F_001","Other (Non-Hispanic)",NA,NA
"3603704726",2020,"Genesee","Batavia town","B19013G_001","Two or More Races (Non-Hispanic)",NA,NA
"3603704726",2020,"Genesee","Batavia town","B19013H_001","White (Non-Hispanic)",60819,10038
"3603704726",2020,"Genesee","Batavia town","B19013I_001","Hispanic or Latino (Any Race)",NA,NA
"3603706057",2020,"Genesee","Bergen town","B19013B_001","Black (Non-Hispanic)",NA,NA
"3603706057",2020,"Genesee","Bergen town","B19013C_001","Native American (Non-Hispanic)",NA,NA
"3603706057",2020,"Genesee","Bergen town","B19013D_001","Asian (Non-Hispanic)",NA,NA
"3603706057",2020,"Genesee","Bergen town","B19013E_001","Pacific Islander (Non-Hispanic)",NA,NA
"3603706057",2020,"Genesee","Bergen town","B19013F_001","Other (Non-Hispanic)",NA,NA
"3603706057",2020,"Genesee","Bergen town","B19013G_001","Two or More Races (Non-Hispanic)",NA,NA
"3603706057",2020,"Genesee","Bergen town","B19013H_001","White (Non-Hispanic)",63938,11553
"3603706057",2020,"Genesee","Bergen town","B19013I_001","Hispanic or Latino (Any Race)",NA,NA
"3603706266",2020,"Genesee","Bethany town","B19013B_001","Black (Non-Hispanic)",NA,NA
"3603706266",2020,"Genesee","Bethany town","B19013C_001","Native American (Non-Hispanic)",NA,NA
"3603706266",2020,"Genesee","Bethany town","B19013D_001","Asian (Non-Hispanic)",NA,NA
"3603706266",2020,"Genesee","Bethany town","B19013E_001","Pacific Islander (Non-Hispanic)",NA,NA
"3603706266",2020,"Genesee","Bethany town","B19013F_001","Other (Non-Hispanic)",43375,21267
"3603706266",2020,"Genesee","Bethany town","B19013G_001","Two or More Races (Non-Hispanic)",NA,NA
"3603706266",2020,"Genesee","Bethany town","B19013H_001","White (Non-Hispanic)",61103,8968
"3603706266",2020,"Genesee","Bethany town","B19013I_001","Hispanic or Latino (Any Race)",43375,21267
"3603711572",2020,"Genesee","Byron town","B19013B_001","Black (Non-Hispanic)",NA,NA
"3603711572",2020,"Genesee","Byron town","B19013C_001","Native American (Non-Hispanic)",NA,NA
"3603711572",2020,"Genesee","Byron town","B19013D_001","Asian (Non-Hispanic)",NA,NA
"3603711572",2020,"Genesee","Byron town","B19013E_001","Pacific Islander (Non-Hispanic)",NA,NA
"3603711572",2020,"Genesee","Byron town","B19013F_001","Other (Non-Hispanic)",NA,NA
"3603711572",2020,"Genesee","Byron town","B19013G_001","Two or More Races (Non-Hispanic)",NA,NA
"3603711572",2020,"Genesee","Byron town","B19013H_001","White (Non-Hispanic)",73194,10449
"3603711572",2020,"Genesee","Byron town","B19013I_001","Hispanic or Latino (Any Race)",NA,NA
"3603719719",2020,"Genesee","Darien town","B19013B_001","Black (Non-Hispanic)",NA,NA
"3603719719",2020,"Genesee","Darien town","B19013C_001","Native American (Non-Hispanic)",NA,NA
"3603719719",2020,"Genesee","Darien town","B19013D_001","Asian (Non-Hispanic)",NA,NA
"3603719719",2020,"Genesee","Darien town","B19013E_001","Pacific Islander (Non-Hispanic)",NA,NA
"3603719719",2020,"Genesee","Darien town","B19013F_001","Other (Non-Hispanic)",NA,NA
"3603719719",2020,"Genesee","Darien town","B19013G_001","Two or More Races (Non-Hispanic)",NA,NA
"3603719719",2020,"Genesee","Darien town","B19013H_001","White (Non-Hispanic)",77019,12154
"3603719719",2020,"Genesee","Darien town","B19013I_001","Hispanic or Latino (Any Race)",NA,NA
"3603723756",2020,"Genesee","Elba town","B19013B_001","Black (Non-Hispanic)",NA,NA
"3603723756",2020,"Genesee","Elba town","B19013C_001","Native American (Non-Hispanic)",NA,NA
"3603723756",2020,"Genesee","Elba town","B19013D_001","Asian (Non-Hispanic)",NA,NA
"3603723756",2020,"Genesee","Elba town","B19013E_001","Pacific Islander (Non-Hispanic)",NA,NA
"3603723756",2020,"Genesee","Elba town","B19013F_001","Other (Non-Hispanic)",32639,12352
"3603723756",2020,"Genesee","Elba town","B19013G_001","Two or More Races (Non-Hispanic)",NA,NA
"3603723756",2020,"Genesee","Elba town","B19013H_001","White (Non-Hispanic)",71705,10671
"3603723756",2020,"Genesee","Elba town","B19013I_001","Hispanic or Latino (Any Race)",33080,5784
"3603742037",2020,"Genesee","Le Roy town","B19013B_001","Black (Non-Hispanic)",21875,21865
"3603742037",2020,"Genesee","Le Roy town","B19013C_001","Native American (Non-Hispanic)",NA,NA
"3603742037",2020,"Genesee","Le Roy town","B19013D_001","Asian (Non-Hispanic)",NA,NA
"3603742037",2020,"Genesee","Le Roy town","B19013E_001","Pacific Islander (Non-Hispanic)",NA,NA
"3603742037",2020,"Genesee","Le Roy town","B19013F_001","Other (Non-Hispanic)",NA,NA
"3603742037",2020,"Genesee","Le Roy town","B19013G_001","Two or More Races (Non-Hispanic)",NA,NA
"3603742037",2020,"Genesee","Le Roy town","B19013H_001","White (Non-Hispanic)",65904,9142
"3603742037",2020,"Genesee","Le Roy town","B19013I_001","Hispanic or Latino (Any Race)",NA,NA
"3603754166",2020,"Genesee","Oakfield town","B19013B_001","Black (Non-Hispanic)",NA,NA
"3603754166",2020,"Genesee","Oakfield town","B19013C_001","Native American (Non-Hispanic)",NA,NA
"3603754166",2020,"Genesee","Oakfield town","B19013D_001","Asian (Non-Hispanic)",NA,NA
"3603754166",2020,"Genesee","Oakfield town","B19013E_001","Pacific Islander (Non-Hispanic)",NA,NA
"3603754166",2020,"Genesee","Oakfield town","B19013F_001","Other (Non-Hispanic)",NA,NA
"3603754166",2020,"Genesee","Oakfield town","B19013G_001","Two or More Races (Non-Hispanic)",NA,NA
"3603754166",2020,"Genesee","Oakfield town","B19013H_001","White (Non-Hispanic)",54706,8920
"3603754166",2020,"Genesee","Oakfield town","B19013I_001","Hispanic or Latino (Any Race)",NA,NA
"3603756792",2020,"Genesee","Pavilion town","B19013B_001","Black (Non-Hispanic)",NA,NA
"3603756792",2020,"Genesee","Pavilion town","B19013C_001","Native American (Non-Hispanic)",NA,NA
"3603756792",2020,"Genesee","Pavilion town","B19013D_001","Asian (Non-Hispanic)",NA,NA
"3603756792",2020,"Genesee","Pavilion town","B19013E_001","Pacific Islander (Non-Hispanic)",NA,NA
"3603756792",2020,"Genesee","Pavilion town","B19013F_001","Other (Non-Hispanic)",NA,NA
"3603756792",2020,"Genesee","Pavilion town","B19013G_001","Two or More Races (Non-Hispanic)",NA,NA
"3603756792",2020,"Genesee","Pavilion town","B19013H_001","White (Non-Hispanic)",71167,3975
"3603756792",2020,"Genesee","Pavilion town","B19013I_001","Hispanic or Latino (Any Race)",NA,NA
"3603757078",2020,"Genesee","Pembroke town","B19013B_001","Black (Non-Hispanic)",NA,NA
"3603757078",2020,"Genesee","Pembroke town","B19013C_001","Native American (Non-Hispanic)",NA,NA
"3603757078",2020,"Genesee","Pembroke town","B19013D_001","Asian (Non-Hispanic)",NA,NA
"3603757078",2020,"Genesee","Pembroke town","B19013E_001","Pacific Islander (Non-Hispanic)",NA,NA
"3603757078",2020,"Genesee","Pembroke town","B19013F_001","Other (Non-Hispanic)",NA,NA
"3603757078",2020,"Genesee","Pembroke town","B19013G_001","Two or More Races (Non-Hispanic)",NA,NA
"3603757078",2020,"Genesee","Pembroke town","B19013H_001","White (Non-Hispanic)",75074,8179
"3603757078",2020,"Genesee","Pembroke town","B19013I_001","Hispanic or Latino (Any Race)",NA,NA
"3603770607",2020,"Genesee","Stafford town","B19013B_001","Black (Non-Hispanic)",NA,NA
"3603770607",2020,"Genesee","Stafford town","B19013C_001","Native American (Non-Hispanic)",NA,NA
"3603770607",2020,"Genesee","Stafford town","B19013D_001","Asian (Non-Hispanic)",NA,NA
"3603770607",2020,"Genesee","Stafford town","B19013E_001","Pacific Islander (Non-Hispanic)",NA,NA
"3603770607",2020,"Genesee","Stafford town","B19013F_001","Other (Non-Hispanic)",NA,NA
"3603770607",2020,"Genesee","Stafford town","B19013G_001","Two or More Races (Non-Hispanic)",66389,53350
"3603770607",2020,"Genesee","Stafford town","B19013H_001","White (Non-Hispanic)",69063,11527
"3603770607",2020,"Genesee","Stafford town","B19013I_001","Hispanic or Latino (Any Race)",50950,12567
"3603775011",2020,"Genesee","Tonawanda Reservation","B19013B_001","Black (Non-Hispanic)",NA,NA
"3603775011",2020,"Genesee","Tonawanda Reservation","B19013C_001","Native American (Non-Hispanic)",29083,14092
"3603775011",2020,"Genesee","Tonawanda Reservation","B19013D_001","Asian (Non-Hispanic)",NA,NA
"3603775011",2020,"Genesee","Tonawanda Reservation","B19013E_001","Pacific Islander (Non-Hispanic)",NA,NA
"3603775011",2020,"Genesee","Tonawanda Reservation","B19013F_001","Other (Non-Hispanic)",NA,NA
"3603775011",2020,"Genesee","Tonawanda Reservation","B19013G_001","Two or More Races (Non-Hispanic)",NA,NA
"3603775011",2020,"Genesee","Tonawanda Reservation","B19013H_001","White (Non-Hispanic)",NA,NA
"3603775011",2020,"Genesee","Tonawanda Reservation","B19013I_001","Hispanic or Latino (Any Race)",NA,NA
"3605103364",2020,"Livingston","Avon town","B19013B_001","Black (Non-Hispanic)",NA,NA
"3605103364",2020,"Livingston","Avon town","B19013C_001","Native American (Non-Hispanic)",NA,NA
"3605103364",2020,"Livingston","Avon town","B19013D_001","Asian (Non-Hispanic)",NA,NA
"3605103364",2020,"Livingston","Avon town","B19013E_001","Pacific Islander (Non-Hispanic)",NA,NA
"3605103364",2020,"Livingston","Avon town","B19013F_001","Other (Non-Hispanic)",NA,NA
"3605103364",2020,"Livingston","Avon town","B19013G_001","Two or More Races (Non-Hispanic)",NA,NA
"3605103364",2020,"Livingston","Avon town","B19013H_001","White (Non-Hispanic)",65453,11580
"3605103364",2020,"Livingston","Avon town","B19013I_001","Hispanic or Latino (Any Race)",NA,NA
"3605111715",2020,"Livingston","Caledonia town","B19013B_001","Black (Non-Hispanic)",31932,16519
"3605111715",2020,"Livingston","Caledonia town","B19013C_001","Native American (Non-Hispanic)",NA,NA
"3605111715",2020,"Livingston","Caledonia town","B19013D_001","Asian (Non-Hispanic)",NA,NA
"3605111715",2020,"Livingston","Caledonia town","B19013E_001","Pacific Islander (Non-Hispanic)",NA,NA
"3605111715",2020,"Livingston","Caledonia town","B19013F_001","Other (Non-Hispanic)",54904,51182
"3605111715",2020,"Livingston","Caledonia town","B19013G_001","Two or More Races (Non-Hispanic)",NA,NA
"3605111715",2020,"Livingston","Caledonia town","B19013H_001","White (Non-Hispanic)",59306,7909
"3605111715",2020,"Livingston","Caledonia town","B19013I_001","Hispanic or Latino (Any Race)",160913,43724
"3605117618",2020,"Livingston","Conesus town","B19013B_001","Black (Non-Hispanic)",NA,NA
"3605117618",2020,"Livingston","Conesus town","B19013C_001","Native American (Non-Hispanic)",NA,NA
"3605117618",2020,"Livingston","Conesus town","B19013D_001","Asian (Non-Hispanic)",NA,NA
"3605117618",2020,"Livingston","Conesus town","B19013E_001","Pacific Islander (Non-Hispanic)",NA,NA
"3605117618",2020,"Livingston","Conesus town","B19013F_001","Other (Non-Hispanic)",NA,NA
"3605117618",2020,"Livingston","Conesus town","B19013G_001","Two or More Races (Non-Hispanic)",NA,NA
"3605117618",2020,"Livingston","Conesus town","B19013H_001","White (Non-Hispanic)",72417,11230
"3605117618",2020,"Livingston","Conesus town","B19013I_001","Hispanic or Latino (Any Race)",NA,NA
"3605128629",2020,"Livingston","Geneseo town","B19013B_001","Black (Non-Hispanic)",NA,NA
"3605128629",2020,"Livingston","Geneseo town","B19013C_001","Native American (Non-Hispanic)",NA,NA
"3605128629",2020,"Livingston","Geneseo town","B19013D_001","Asian (Non-Hispanic)",NA,NA
"3605128629",2020,"Livingston","Geneseo town","B19013E_001","Pacific Islander (Non-Hispanic)",NA,NA
"3605128629",2020,"Livingston","Geneseo town","B19013F_001","Other (Non-Hispanic)",NA,NA
"3605128629",2020,"Livingston","Geneseo town","B19013G_001","Two or More Races (Non-Hispanic)",50706,46049
"3605128629",2020,"Livingston","Geneseo town","B19013H_001","White (Non-Hispanic)",44250,14425
"3605128629",2020,"Livingston","Geneseo town","B19013I_001","Hispanic or Latino (Any Race)",NA,NA
"3605131016",2020,"Livingston","Groveland town","B19013B_001","Black (Non-Hispanic)",NA,NA
"3605131016",2020,"Livingston","Groveland town","B19013C_001","Native American (Non-Hispanic)",NA,NA
"3605131016",2020,"Livingston","Groveland town","B19013D_001","Asian (Non-Hispanic)",NA,NA
"3605131016",2020,"Livingston","Groveland town","B19013E_001","Pacific Islander (Non-Hispanic)",NA,NA
"3605131016",2020,"Livingston","Groveland town","B19013F_001","Other (Non-Hispanic)",NA,NA
"3605131016",2020,"Livingston","Groveland town","B19013G_001","Two or More Races (Non-Hispanic)",73690,433
"3605131016",2020,"Livingston","Groveland town","B19013H_001","White (Non-Hispanic)",75000,7753
"3605131016",2020,"Livingston","Groveland town","B19013I_001","Hispanic or Latino (Any Race)",NA,NA
"3605141883",2020,"Livingston","Leicester town","B19013B_001","Black (Non-Hispanic)",32000,5565
"3605141883",2020,"Livingston","Leicester town","B19013C_001","Native American (Non-Hispanic)",NA,NA
"3605141883",2020,"Livingston","Leicester town","B19013D_001","Asian (Non-Hispanic)",NA,NA
"3605141883",2020,"Livingston","Leicester town","B19013E_001","Pacific Islander (Non-Hispanic)",NA,NA
"3605141883",2020,"Livingston","Leicester town","B19013F_001","Other (Non-Hispanic)",NA,NA
"3605141883",2020,"Livingston","Leicester town","B19013G_001","Two or More Races (Non-Hispanic)",97500,83201
"3605141883",2020,"Livingston","Leicester town","B19013H_001","White (Non-Hispanic)",66400,7300
"3605141883",2020,"Livingston","Leicester town","B19013I_001","Hispanic or Latino (Any Race)",NA,NA
"3605142334",2020,"Livingston","Lima town","B19013B_001","Black (Non-Hispanic)",NA,NA
"3605142334",2020,"Livingston","Lima town","B19013C_001","Native American (Non-Hispanic)",NA,NA
"3605142334",2020,"Livingston","Lima town","B19013D_001","Asian (Non-Hispanic)",91136,30199
"3605142334",2020,"Livingston","Lima town","B19013E_001","Pacific Islander (Non-Hispanic)",NA,NA
"3605142334",2020,"Livingston","Lima town","B19013F_001","Other (Non-Hispanic)",NA,NA
"3605142334",2020,"Livingston","Lima town","B19013G_001","Two or More Races (Non-Hispanic)",NA,NA
"3605142334",2020,"Livingston","Lima town","B19013H_001","White (Non-Hispanic)",69464,13050
"3605142334",2020,"Livingston","Lima town","B19013I_001","Hispanic or Latino (Any Race)",85865,37719
"3605142961",2020,"Livingston","Livonia town","B19013B_001","Black (Non-Hispanic)",NA,NA
"3605142961",2020,"Livingston","Livonia town","B19013C_001","Native American (Non-Hispanic)",NA,NA
"3605142961",2020,"Livingston","Livonia town","B19013D_001","Asian (Non-Hispanic)",NA,NA
"3605142961",2020,"Livingston","Livonia town","B19013E_001","Pacific Islander (Non-Hispanic)",NA,NA
"3605142961",2020,"Livingston","Livonia town","B19013F_001","Other (Non-Hispanic)",NA,NA
"3605142961",2020,"Livingston","Livonia town","B19013G_001","Two or More Races (Non-Hispanic)",NA,NA
"3605142961",2020,"Livingston","Livonia town","B19013H_001","White (Non-Hispanic)",74518,6461
"3605142961",2020,"Livingston","Livonia town","B19013I_001","Hispanic or Latino (Any Race)",NA,NA
"3605148956",2020,"Livingston","Mount Morris town","B19013B_001","Black (Non-Hispanic)",NA,NA
"3605148956",2020,"Livingston","Mount Morris town","B19013C_001","Native American (Non-Hispanic)",NA,NA
"3605148956",2020,"Livingston","Mount Morris town","B19013D_001","Asian (Non-Hispanic)",NA,NA
"3605148956",2020,"Livingston","Mount Morris town","B19013E_001","Pacific Islander (Non-Hispanic)",NA,NA
"3605148956",2020,"Livingston","Mount Morris town","B19013F_001","Other (Non-Hispanic)",NA,NA
"3605148956",2020,"Livingston","Mount Morris town","B19013G_001","Two or More Races (Non-Hispanic)",NA,NA
"3605148956",2020,"Livingston","Mount Morris town","B19013H_001","White (Non-Hispanic)",53618,10644
"3605148956",2020,"Livingston","Mount Morris town","B19013I_001","Hispanic or Latino (Any Race)",53403,50241
"3605151869",2020,"Livingston","North Dansville town","B19013B_001","Black (Non-Hispanic)",NA,NA
"3605151869",2020,"Livingston","North Dansville town","B19013C_001","Native American (Non-Hispanic)",NA,NA
"3605151869",2020,"Livingston","North Dansville town","B19013D_001","Asian (Non-Hispanic)",NA,NA
"3605151869",2020,"Livingston","North Dansville town","B19013E_001","Pacific Islander (Non-Hispanic)",NA,NA
"3605151869",2020,"Livingston","North Dansville town","B19013F_001","Other (Non-Hispanic)",NA,NA
"3605151869",2020,"Livingston","North Dansville town","B19013G_001","Two or More Races (Non-Hispanic)",NA,NA
"3605151869",2020,"Livingston","North Dansville town","B19013H_001","White (Non-Hispanic)",47031,11528
"3605151869",2020,"Livingston","North Dansville town","B19013I_001","Hispanic or Latino (Any Race)",33158,11539
"3605154089",2020,"Livingston","Nunda town","B19013B_001","Black (Non-Hispanic)",NA,NA
"3605154089",2020,"Livingston","Nunda town","B19013C_001","Native American (Non-Hispanic)",NA,NA
"3605154089",2020,"Livingston","Nunda town","B19013D_001","Asian (Non-Hispanic)",NA,NA
"3605154089",2020,"Livingston","Nunda town","B19013E_001","Pacific Islander (Non-Hispanic)",NA,NA
"3605154089",2020,"Livingston","Nunda town","B19013F_001","Other (Non-Hispanic)",NA,NA
"3605154089",2020,"Livingston","Nunda town","B19013G_001","Two or More Races (Non-Hispanic)",NA,NA
"3605154089",2020,"Livingston","Nunda town","B19013H_001","White (Non-Hispanic)",60139,7233
"3605154089",2020,"Livingston","Nunda town","B19013I_001","Hispanic or Latino (Any Race)",NA,NA
"3605155508",2020,"Livingston","Ossian town","B19013B_001","Black (Non-Hispanic)",NA,NA
"3605155508",2020,"Livingston","Ossian town","B19013C_001","Native American (Non-Hispanic)",NA,NA
"3605155508",2020,"Livingston","Ossian town","B19013D_001","Asian (Non-Hispanic)",NA,NA
"3605155508",2020,"Livingston","Ossian town","B19013E_001","Pacific Islander (Non-Hispanic)",NA,NA
"3605155508",2020,"Livingston","Ossian town","B19013F_001","Other (Non-Hispanic)",NA,NA
"3605155508",2020,"Livingston","Ossian town","B19013G_001","Two or More Races (Non-Hispanic)",NA,NA
"3605155508",2020,"Livingston","Ossian town","B19013H_001","White (Non-Hispanic)",59797,11146
"3605155508",2020,"Livingston","Ossian town","B19013I_001","Hispanic or Latino (Any Race)",NA,NA
"3605159179",2020,"Livingston","Portage town","B19013B_001","Black (Non-Hispanic)",NA,NA
"3605159179",2020,"Livingston","Portage town","B19013C_001","Native American (Non-Hispanic)",NA,NA
"3605159179",2020,"Livingston","Portage town","B19013D_001","Asian (Non-Hispanic)",NA,NA
"3605159179",2020,"Livingston","Portage town","B19013E_001","Pacific Islander (Non-Hispanic)",NA,NA
"3605159179",2020,"Livingston","Portage town","B19013F_001","Other (Non-Hispanic)",NA,NA
"3605159179",2020,"Livingston","Portage town","B19013G_001","Two or More Races (Non-Hispanic)",NA,NA
"3605159179",2020,"Livingston","Portage town","B19013H_001","White (Non-Hispanic)",51705,12446
"3605159179",2020,"Livingston","Portage town","B19013I_001","Hispanic or Latino (Any Race)",NA,NA
"3605170101",2020,"Livingston","Sparta town","B19013B_001","Black (Non-Hispanic)",38594,22898
"3605170101",2020,"Livingston","Sparta town","B19013C_001","Native American (Non-Hispanic)",NA,NA
"3605170101",2020,"Livingston","Sparta town","B19013D_001","Asian (Non-Hispanic)",NA,NA
"3605170101",2020,"Livingston","Sparta town","B19013E_001","Pacific Islander (Non-Hispanic)",NA,NA
"3605170101",2020,"Livingston","Sparta town","B19013F_001","Other (Non-Hispanic)",NA,NA
"3605170101",2020,"Livingston","Sparta town","B19013G_001","Two or More Races (Non-Hispanic)",NA,NA
"3605170101",2020,"Livingston","Sparta town","B19013H_001","White (Non-Hispanic)",75023,5270
"3605170101",2020,"Livingston","Sparta town","B19013I_001","Hispanic or Latino (Any Race)",NA,NA
"3605170475",2020,"Livingston","Springwater town","B19013B_001","Black (Non-Hispanic)",NA,NA
"3605170475",2020,"Livingston","Springwater town","B19013C_001","Native American (Non-Hispanic)",NA,NA
"3605170475",2020,"Livingston","Springwater town","B19013D_001","Asian (Non-Hispanic)",NA,NA
"3605170475",2020,"Livingston","Springwater town","B19013E_001","Pacific Islander (Non-Hispanic)",NA,NA
"3605170475",2020,"Livingston","Springwater town","B19013F_001","Other (Non-Hispanic)",NA,NA
"3605170475",2020,"Livingston","Springwater town","B19013G_001","Two or More Races (Non-Hispanic)",60377,31395
"3605170475",2020,"Livingston","Springwater town","B19013H_001","White (Non-Hispanic)",65833,9153
"3605170475",2020,"Livingston","Springwater town","B19013I_001","Hispanic or Latino (Any Race)",NA,NA
"3605181006",2020,"Livingston","West Sparta town","B19013B_001","Black (Non-Hispanic)",NA,NA
"3605181006",2020,"Livingston","West Sparta town","B19013C_001","Native American (Non-Hispanic)",NA,NA
"3605181006",2020,"Livingston","West Sparta town","B19013D_001","Asian (Non-Hispanic)",NA,NA
"3605181006",2020,"Livingston","West Sparta town","B19013E_001","Pacific Islander (Non-Hispanic)",NA,NA
"3605181006",2020,"Livingston","West Sparta town","B19013F_001","Other (Non-Hispanic)",NA,NA
"3605181006",2020,"Livingston","West Sparta town","B19013G_001","Two or More Races (Non-Hispanic)",NA,NA
"3605181006",2020,"Livingston","West Sparta town","B19013H_001","White (Non-Hispanic)",59563,11601
"3605181006",2020,"Livingston","West Sparta town","B19013I_001","Hispanic or Latino (Any Race)",NA,NA
"3605184022",2020,"Livingston","York town","B19013B_001","Black (Non-Hispanic)",NA,NA
"3605184022",2020,"Livingston","York town","B19013C_001","Native American (Non-Hispanic)",NA,NA
"3605184022",2020,"Livingston","York town","B19013D_001","Asian (Non-Hispanic)",NA,NA
"3605184022",2020,"Livingston","York town","B19013E_001","Pacific Islander (Non-Hispanic)",NA,NA
"3605184022",2020,"Livingston","York town","B19013F_001","Other (Non-Hispanic)",NA,NA
"3605184022",2020,"Livingston","York town","B19013G_001","Two or More Races (Non-Hispanic)",NA,NA
"3605184022",2020,"Livingston","York town","B19013H_001","White (Non-Hispanic)",61569,8816
"3605184022",2020,"Livingston","York town","B19013I_001","Hispanic or Latino (Any Race)",NA,NA
"3605500000",2020,"Monroe","County subdivisions not defined","B19013B_001","Black (Non-Hispanic)",NA,NA
"3605500000",2020,"Monroe","County subdivisions not defined","B19013C_001","Native American (Non-Hispanic)",NA,NA
"3605500000",2020,"Monroe","County subdivisions not defined","B19013D_001","Asian (Non-Hispanic)",NA,NA
"3605500000",2020,"Monroe","County subdivisions not defined","B19013E_001","Pacific Islander (Non-Hispanic)",NA,NA
"3605500000",2020,"Monroe","County subdivisions not defined","B19013F_001","Other (Non-Hispanic)",NA,NA
"3605500000",2020,"Monroe","County subdivisions not defined","B19013G_001","Two or More Races (Non-Hispanic)",NA,NA
"3605500000",2020,"Monroe","County subdivisions not defined","B19013H_001","White (Non-Hispanic)",NA,NA
"3605500000",2020,"Monroe","County subdivisions not defined","B19013I_001","Hispanic or Latino (Any Race)",NA,NA
"3605508246",2020,"Monroe","Brighton town","B19013B_001","Black (Non-Hispanic)",38544,7128
"3605508246",2020,"Monroe","Brighton town","B19013C_001","Native American (Non-Hispanic)",NA,NA
"3605508246",2020,"Monroe","Brighton town","B19013D_001","Asian (Non-Hispanic)",55145,15490
"3605508246",2020,"Monroe","Brighton town","B19013E_001","Pacific Islander (Non-Hispanic)",NA,NA
"3605508246",2020,"Monroe","Brighton town","B19013F_001","Other (Non-Hispanic)",NA,NA
"3605508246",2020,"Monroe","Brighton town","B19013G_001","Two or More Races (Non-Hispanic)",NA,NA
"3605508246",2020,"Monroe","Brighton town","B19013H_001","White (Non-Hispanic)",76048,5289
"3605508246",2020,"Monroe","Brighton town","B19013I_001","Hispanic or Latino (Any Race)",75089,29084
"3605515462",2020,"Monroe","Chili town","B19013B_001","Black (Non-Hispanic)",53056,20393
"3605515462",2020,"Monroe","Chili town","B19013C_001","Native American (Non-Hispanic)",NA,NA
"3605515462",2020,"Monroe","Chili town","B19013D_001","Asian (Non-Hispanic)",165208,45079
"3605515462",2020,"Monroe","Chili town","B19013E_001","Pacific Islander (Non-Hispanic)",NA,NA
"3605515462",2020,"Monroe","Chili town","B19013F_001","Other (Non-Hispanic)",NA,NA
"3605515462",2020,"Monroe","Chili town","B19013G_001","Two or More Races (Non-Hispanic)",56371,31194
"3605515462",2020,"Monroe","Chili town","B19013H_001","White (Non-Hispanic)",81161,6274
"3605515462",2020,"Monroe","Chili town","B19013I_001","Hispanic or Latino (Any Race)",68967,46116
"3605515957",2020,"Monroe","Clarkson town","B19013B_001","Black (Non-Hispanic)",NA,NA
"3605515957",2020,"Monroe","Clarkson town","B19013C_001","Native American (Non-Hispanic)",NA,NA
"3605515957",2020,"Monroe","Clarkson town","B19013D_001","Asian (Non-Hispanic)",NA,NA
"3605515957",2020,"Monroe","Clarkson town","B19013E_001","Pacific Islander (Non-Hispanic)",NA,NA
"3605515957",2020,"Monroe","Clarkson town","B19013F_001","Other (Non-Hispanic)",NA,NA
"3605515957",2020,"Monroe","Clarkson town","B19013G_001","Two or More Races (Non-Hispanic)",NA,NA
"3605515957",2020,"Monroe","Clarkson town","B19013H_001","White (Non-Hispanic)",65595,8793
"3605515957",2020,"Monroe","Clarkson town","B19013I_001","Hispanic or Latino (Any Race)",NA,NA
"3605522870",2020,"Monroe","East Rochester town","B19013B_001","Black (Non-Hispanic)",NA,NA
"3605522870",2020,"Monroe","East Rochester town","B19013C_001","Native American (Non-Hispanic)",NA,NA
"3605522870",2020,"Monroe","East Rochester town","B19013D_001","Asian (Non-Hispanic)",NA,NA
"3605522870",2020,"Monroe","East Rochester town","B19013E_001","Pacific Islander (Non-Hispanic)",NA,NA
"3605522870",2020,"Monroe","East Rochester town","B19013F_001","Other (Non-Hispanic)",NA,NA
"3605522870",2020,"Monroe","East Rochester town","B19013G_001","Two or More Races (Non-Hispanic)",NA,NA
"3605522870",2020,"Monroe","East Rochester town","B19013H_001","White (Non-Hispanic)",53863,7165
"3605522870",2020,"Monroe","East Rochester town","B19013I_001","Hispanic or Latino (Any Race)",67925,13088
"3605528442",2020,"Monroe","Gates town","B19013B_001","Black (Non-Hispanic)",65539,14082
"3605528442",2020,"Monroe","Gates town","B19013C_001","Native American (Non-Hispanic)",NA,NA
"3605528442",2020,"Monroe","Gates town","B19013D_001","Asian (Non-Hispanic)",73958,24743
"3605528442",2020,"Monroe","Gates town","B19013E_001","Pacific Islander (Non-Hispanic)",NA,NA
"3605528442",2020,"Monroe","Gates town","B19013F_001","Other (Non-Hispanic)",49583,21888
"3605528442",2020,"Monroe","Gates town","B19013G_001","Two or More Races (Non-Hispanic)",39702,17797
"3605528442",2020,"Monroe","Gates town","B19013H_001","White (Non-Hispanic)",64805,5423
"3605528442",2020,"Monroe","Gates town","B19013I_001","Hispanic or Latino (Any Race)",67109,29166
"3605530290",2020,"Monroe","Greece town","B19013B_001","Black (Non-Hispanic)",45731,11717
"3605530290",2020,"Monroe","Greece town","B19013C_001","Native American (Non-Hispanic)",59107,4771
"3605530290",2020,"Monroe","Greece town","B19013D_001","Asian (Non-Hispanic)",66042,33360
"3605530290",2020,"Monroe","Greece town","B19013E_001","Pacific Islander (Non-Hispanic)",NA,NA
"3605530290",2020,"Monroe","Greece town","B19013F_001","Other (Non-Hispanic)",31887,18507
"3605530290",2020,"Monroe","Greece town","B19013G_001","Two or More Races (Non-Hispanic)",46587,9308
"3605530290",2020,"Monroe","Greece town","B19013H_001","White (Non-Hispanic)",69622,2181
"3605530290",2020,"Monroe","Greece town","B19013I_001","Hispanic or Latino (Any Race)",43750,15731
"3605531797",2020,"Monroe","Hamlin town","B19013B_001","Black (Non-Hispanic)",82955,68841
"3605531797",2020,"Monroe","Hamlin town","B19013C_001","Native American (Non-Hispanic)",NA,NA
"3605531797",2020,"Monroe","Hamlin town","B19013D_001","Asian (Non-Hispanic)",NA,NA
"3605531797",2020,"Monroe","Hamlin town","B19013E_001","Pacific Islander (Non-Hispanic)",NA,NA
"3605531797",2020,"Monroe","Hamlin town","B19013F_001","Other (Non-Hispanic)",NA,NA
"3605531797",2020,"Monroe","Hamlin town","B19013G_001","Two or More Races (Non-Hispanic)",NA,NA
"3605531797",2020,"Monroe","Hamlin town","B19013H_001","White (Non-Hispanic)",66531,10443
"3605531797",2020,"Monroe","Hamlin town","B19013I_001","Hispanic or Latino (Any Race)",NA,NA
"3605534099",2020,"Monroe","Henrietta town","B19013B_001","Black (Non-Hispanic)",61629,8300
"3605534099",2020,"Monroe","Henrietta town","B19013C_001","Native American (Non-Hispanic)",NA,NA
"3605534099",2020,"Monroe","Henrietta town","B19013D_001","Asian (Non-Hispanic)",52222,12032
"3605534099",2020,"Monroe","Henrietta town","B19013E_001","Pacific Islander (Non-Hispanic)",NA,NA
"3605534099",2020,"Monroe","Henrietta town","B19013F_001","Other (Non-Hispanic)",68295,26696
"3605534099",2020,"Monroe","Henrietta town","B19013G_001","Two or More Races (Non-Hispanic)",90217,69641
"3605534099",2020,"Monroe","Henrietta town","B19013H_001","White (Non-Hispanic)",74235,4325
"3605534099",2020,"Monroe","Henrietta town","B19013I_001","Hispanic or Latino (Any Race)",107008,46287
"3605537726",2020,"Monroe","Irondequoit town","B19013B_001","Black (Non-Hispanic)",48243,2941
"3605537726",2020,"Monroe","Irondequoit town","B19013C_001","Native American (Non-Hispanic)",NA,NA
"3605537726",2020,"Monroe","Irondequoit town","B19013D_001","Asian (Non-Hispanic)",NA,NA
"3605537726",2020,"Monroe","Irondequoit town","B19013E_001","Pacific Islander (Non-Hispanic)",NA,NA
"3605537726",2020,"Monroe","Irondequoit town","B19013F_001","Other (Non-Hispanic)",38071,25877
"3605537726",2020,"Monroe","Irondequoit town","B19013G_001","Two or More Races (Non-Hispanic)",NA,NA
"3605537726",2020,"Monroe","Irondequoit town","B19013H_001","White (Non-Hispanic)",67285,3300
"3605537726",2020,"Monroe","Irondequoit town","B19013I_001","Hispanic or Latino (Any Race)",38478,16957
"3605546558",2020,"Monroe","Mendon town","B19013B_001","Black (Non-Hispanic)",NA,NA
"3605546558",2020,"Monroe","Mendon town","B19013C_001","Native American (Non-Hispanic)",NA,NA
"3605546558",2020,"Monroe","Mendon town","B19013D_001","Asian (Non-Hispanic)",108194,97010
"3605546558",2020,"Monroe","Mendon town","B19013E_001","Pacific Islander (Non-Hispanic)",NA,NA
"3605546558",2020,"Monroe","Mendon town","B19013F_001","Other (Non-Hispanic)",NA,NA
"3605546558",2020,"Monroe","Mendon town","B19013G_001","Two or More Races (Non-Hispanic)",NA,NA
"3605546558",2020,"Monroe","Mendon town","B19013H_001","White (Non-Hispanic)",115455,13694
"3605546558",2020,"Monroe","Mendon town","B19013I_001","Hispanic or Latino (Any Race)",NA,NA
"3605554474",2020,"Monroe","Ogden town","B19013B_001","Black (Non-Hispanic)",62167,17607
"3605554474",2020,"Monroe","Ogden town","B19013C_001","Native American (Non-Hispanic)",NA,NA
"3605554474",2020,"Monroe","Ogden town","B19013D_001","Asian (Non-Hispanic)",NA,NA
"3605554474",2020,"Monroe","Ogden town","B19013E_001","Pacific Islander (Non-Hispanic)",NA,NA
"3605554474",2020,"Monroe","Ogden town","B19013F_001","Other (Non-Hispanic)",NA,NA
"3605554474",2020,"Monroe","Ogden town","B19013G_001","Two or More Races (Non-Hispanic)",129609,73604
"3605554474",2020,"Monroe","Ogden town","B19013H_001","White (Non-Hispanic)",78065,8863
"3605554474",2020,"Monroe","Ogden town","B19013I_001","Hispanic or Latino (Any Race)",48214,12585
"3605556561",2020,"Monroe","Parma town","B19013B_001","Black (Non-Hispanic)",NA,NA
"3605556561",2020,"Monroe","Parma town","B19013C_001","Native American (Non-Hispanic)",NA,NA
"3605556561",2020,"Monroe","Parma town","B19013D_001","Asian (Non-Hispanic)",NA,NA
"3605556561",2020,"Monroe","Parma town","B19013E_001","Pacific Islander (Non-Hispanic)",NA,NA
"3605556561",2020,"Monroe","Parma town","B19013F_001","Other (Non-Hispanic)",NA,NA
"3605556561",2020,"Monroe","Parma town","B19013G_001","Two or More Races (Non-Hispanic)",NA,NA
"3605556561",2020,"Monroe","Parma town","B19013H_001","White (Non-Hispanic)",75343,7892
"3605556561",2020,"Monroe","Parma town","B19013I_001","Hispanic or Latino (Any Race)",NA,NA
"3605557144",2020,"Monroe","Penfield town","B19013B_001","Black (Non-Hispanic)",NA,NA
"3605557144",2020,"Monroe","Penfield town","B19013C_001","Native American (Non-Hispanic)",NA,NA
"3605557144",2020,"Monroe","Penfield town","B19013D_001","Asian (Non-Hispanic)",156200,118876
"3605557144",2020,"Monroe","Penfield town","B19013E_001","Pacific Islander (Non-Hispanic)",NA,NA
"3605557144",2020,"Monroe","Penfield town","B19013F_001","Other (Non-Hispanic)",NA,NA
"3605557144",2020,"Monroe","Penfield town","B19013G_001","Two or More Races (Non-Hispanic)",NA,NA
"3605557144",2020,"Monroe","Penfield town","B19013H_001","White (Non-Hispanic)",93058,5380
"3605557144",2020,"Monroe","Penfield town","B19013I_001","Hispanic or Latino (Any Race)",63984,47248
"3605557221",2020,"Monroe","Perinton town","B19013B_001","Black (Non-Hispanic)",31016,25233
"3605557221",2020,"Monroe","Perinton town","B19013C_001","Native American (Non-Hispanic)",NA,NA
"3605557221",2020,"Monroe","Perinton town","B19013D_001","Asian (Non-Hispanic)",86118,17494
"3605557221",2020,"Monroe","Perinton town","B19013E_001","Pacific Islander (Non-Hispanic)",NA,NA
"3605557221",2020,"Monroe","Perinton town","B19013F_001","Other (Non-Hispanic)",NA,NA
"3605557221",2020,"Monroe","Perinton town","B19013G_001","Two or More Races (Non-Hispanic)",NA,NA
"3605557221",2020,"Monroe","Perinton town","B19013H_001","White (Non-Hispanic)",95000,5358
"3605557221",2020,"Monroe","Perinton town","B19013I_001","Hispanic or Latino (Any Race)",81250,24314
"3605558365",2020,"Monroe","Pittsford town","B19013B_001","Black (Non-Hispanic)",65729,40759
"3605558365",2020,"Monroe","Pittsford town","B19013C_001","Native American (Non-Hispanic)",250001,NA
"3605558365",2020,"Monroe","Pittsford town","B19013D_001","Asian (Non-Hispanic)",236806,66648
"3605558365",2020,"Monroe","Pittsford town","B19013E_001","Pacific Islander (Non-Hispanic)",NA,NA
"3605558365",2020,"Monroe","Pittsford town","B19013F_001","Other (Non-Hispanic)",NA,NA
"3605558365",2020,"Monroe","Pittsford town","B19013G_001","Two or More Races (Non-Hispanic)",180662,46730
"3605558365",2020,"Monroe","Pittsford town","B19013H_001","White (Non-Hispanic)",119972,8469
"3605558365",2020,"Monroe","Pittsford town","B19013I_001","Hispanic or Latino (Any Race)",NA,NA
"3605561808",2020,"Monroe","Riga town","B19013B_001","Black (Non-Hispanic)",NA,NA
"3605561808",2020,"Monroe","Riga town","B19013C_001","Native American (Non-Hispanic)",NA,NA
"3605561808",2020,"Monroe","Riga town","B19013D_001","Asian (Non-Hispanic)",NA,NA
"3605561808",2020,"Monroe","Riga town","B19013E_001","Pacific Islander (Non-Hispanic)",NA,NA
"3605561808",2020,"Monroe","Riga town","B19013F_001","Other (Non-Hispanic)",NA,NA
"3605561808",2020,"Monroe","Riga town","B19013G_001","Two or More Races (Non-Hispanic)",NA,NA
"3605561808",2020,"Monroe","Riga town","B19013H_001","White (Non-Hispanic)",80475,8814
"3605561808",2020,"Monroe","Riga town","B19013I_001","Hispanic or Latino (Any Race)",NA,NA
"3605563000",2020,"Monroe","Rochester city","B19013B_001","Black (Non-Hispanic)",29032,1600
"3605563000",2020,"Monroe","Rochester city","B19013C_001","Native American (Non-Hispanic)",27986,4819
"3605563000",2020,"Monroe","Rochester city","B19013D_001","Asian (Non-Hispanic)",44452,9496
"3605563000",2020,"Monroe","Rochester city","B19013E_001","Pacific Islander (Non-Hispanic)",40903,32017
"3605563000",2020,"Monroe","Rochester city","B19013F_001","Other (Non-Hispanic)",34707,4896
"3605563000",2020,"Monroe","Rochester city","B19013G_001","Two or More Races (Non-Hispanic)",27925,6611
"3605563000",2020,"Monroe","Rochester city","B19013H_001","White (Non-Hispanic)",50614,2474
"3605563000",2020,"Monroe","Rochester city","B19013I_001","Hispanic or Latino (Any Race)",27790,2618
"3605564144",2020,"Monroe","Rush town","B19013B_001","Black (Non-Hispanic)",NA,NA
"3605564144",2020,"Monroe","Rush town","B19013C_001","Native American (Non-Hispanic)",NA,NA
"3605564144",2020,"Monroe","Rush town","B19013D_001","Asian (Non-Hispanic)",NA,NA
"3605564144",2020,"Monroe","Rush town","B19013E_001","Pacific Islander (Non-Hispanic)",NA,NA
"3605564144",2020,"Monroe","Rush town","B19013F_001","Other (Non-Hispanic)",NA,NA
"3605564144",2020,"Monroe","Rush town","B19013G_001","Two or More Races (Non-Hispanic)",NA,NA
"3605564144",2020,"Monroe","Rush town","B19013H_001","White (Non-Hispanic)",95893,17658
"3605564144",2020,"Monroe","Rush town","B19013I_001","Hispanic or Latino (Any Race)",NA,NA
"3605572455",2020,"Monroe","Sweden town","B19013B_001","Black (Non-Hispanic)",40607,31348
"3605572455",2020,"Monroe","Sweden town","B19013C_001","Native American (Non-Hispanic)",NA,NA
"3605572455",2020,"Monroe","Sweden town","B19013D_001","Asian (Non-Hispanic)",81364,1018
"3605572455",2020,"Monroe","Sweden town","B19013E_001","Pacific Islander (Non-Hispanic)",NA,NA
"3605572455",2020,"Monroe","Sweden town","B19013F_001","Other (Non-Hispanic)",14940,4503
"3605572455",2020,"Monroe","Sweden town","B19013G_001","Two or More Races (Non-Hispanic)",NA,NA
"3605572455",2020,"Monroe","Sweden town","B19013H_001","White (Non-Hispanic)",56679,9380
"3605572455",2020,"Monroe","Sweden town","B19013I_001","Hispanic or Latino (Any Race)",NA,NA
"3605578971",2020,"Monroe","Webster town","B19013B_001","Black (Non-Hispanic)",51557,9448
"3605578971",2020,"Monroe","Webster town","B19013C_001","Native American (Non-Hispanic)",NA,NA
"3605578971",2020,"Monroe","Webster town","B19013D_001","Asian (Non-Hispanic)",89868,25242
"3605578971",2020,"Monroe","Webster town","B19013E_001","Pacific Islander (Non-Hispanic)",NA,NA
"3605578971",2020,"Monroe","Webster town","B19013F_001","Other (Non-Hispanic)",71202,37762
"3605578971",2020,"Monroe","Webster town","B19013G_001","Two or More Races (Non-Hispanic)",87210,45895
"3605578971",2020,"Monroe","Webster town","B19013H_001","White (Non-Hispanic)",76629,4037
"3605578971",2020,"Monroe","Webster town","B19013I_001","Hispanic or Latino (Any Race)",59038,11238
"3605581402",2020,"Monroe","Wheatland town","B19013B_001","Black (Non-Hispanic)",24583,22979
"3605581402",2020,"Monroe","Wheatland town","B19013C_001","Native American (Non-Hispanic)",NA,NA
"3605581402",2020,"Monroe","Wheatland town","B19013D_001","Asian (Non-Hispanic)",NA,NA
"3605581402",2020,"Monroe","Wheatland town","B19013E_001","Pacific Islander (Non-Hispanic)",NA,NA
"3605581402",2020,"Monroe","Wheatland town","B19013F_001","Other (Non-Hispanic)",NA,NA
"3605581402",2020,"Monroe","Wheatland town","B19013G_001","Two or More Races (Non-Hispanic)",69038,18089
"3605581402",2020,"Monroe","Wheatland town","B19013H_001","White (Non-Hispanic)",68966,7229
"3605581402",2020,"Monroe","Wheatland town","B19013I_001","Hispanic or Latino (Any Race)",NA,NA
"3606908378",2020,"Ontario","Bristol town","B19013B_001","Black (Non-Hispanic)",NA,NA
"3606908378",2020,"Ontario","Bristol town","B19013C_001","Native American (Non-Hispanic)",NA,NA
"3606908378",2020,"Ontario","Bristol town","B19013D_001","Asian (Non-Hispanic)",NA,NA
"3606908378",2020,"Ontario","Bristol town","B19013E_001","Pacific Islander (Non-Hispanic)",NA,NA
"3606908378",2020,"Ontario","Bristol town","B19013F_001","Other (Non-Hispanic)",NA,NA
"3606908378",2020,"Ontario","Bristol town","B19013G_001","Two or More Races (Non-Hispanic)",NA,NA
"3606908378",2020,"Ontario","Bristol town","B19013H_001","White (Non-Hispanic)",73125,14756
"3606908378",2020,"Ontario","Bristol town","B19013I_001","Hispanic or Latino (Any Race)",NA,NA
"3606912100",2020,"Ontario","Canadice town","B19013B_001","Black (Non-Hispanic)",NA,NA
"3606912100",2020,"Ontario","Canadice town","B19013C_001","Native American (Non-Hispanic)",NA,NA
"3606912100",2020,"Ontario","Canadice town","B19013D_001","Asian (Non-Hispanic)",NA,NA
"3606912100",2020,"Ontario","Canadice town","B19013E_001","Pacific Islander (Non-Hispanic)",NA,NA
"3606912100",2020,"Ontario","Canadice town","B19013F_001","Other (Non-Hispanic)",NA,NA
"3606912100",2020,"Ontario","Canadice town","B19013G_001","Two or More Races (Non-Hispanic)",NA,NA
"3606912100",2020,"Ontario","Canadice town","B19013H_001","White (Non-Hispanic)",61759,10781
"3606912100",2020,"Ontario","Canadice town","B19013I_001","Hispanic or Latino (Any Race)",70500,69316
"3606912144",2020,"Ontario","Canandaigua city","B19013B_001","Black (Non-Hispanic)",18778,745
"3606912144",2020,"Ontario","Canandaigua city","B19013C_001","Native American (Non-Hispanic)",NA,NA
"3606912144",2020,"Ontario","Canandaigua city","B19013D_001","Asian (Non-Hispanic)",NA,NA
"3606912144",2020,"Ontario","Canandaigua city","B19013E_001","Pacific Islander (Non-Hispanic)",NA,NA
"3606912144",2020,"Ontario","Canandaigua city","B19013F_001","Other (Non-Hispanic)",NA,NA
"3606912144",2020,"Ontario","Canandaigua city","B19013G_001","Two or More Races (Non-Hispanic)",NA,NA
"3606912144",2020,"Ontario","Canandaigua city","B19013H_001","White (Non-Hispanic)",49196,6565
"3606912144",2020,"Ontario","Canandaigua city","B19013I_001","Hispanic or Latino (Any Race)",68229,37758
"3606912155",2020,"Ontario","Canandaigua town","B19013B_001","Black (Non-Hispanic)",NA,NA
"3606912155",2020,"Ontario","Canandaigua town","B19013C_001","Native American (Non-Hispanic)",NA,NA
"3606912155",2020,"Ontario","Canandaigua town","B19013D_001","Asian (Non-Hispanic)",NA,NA
"3606912155",2020,"Ontario","Canandaigua town","B19013E_001","Pacific Islander (Non-Hispanic)",NA,NA
"3606912155",2020,"Ontario","Canandaigua town","B19013F_001","Other (Non-Hispanic)",NA,NA
"3606912155",2020,"Ontario","Canandaigua town","B19013G_001","Two or More Races (Non-Hispanic)",135774,91038
"3606912155",2020,"Ontario","Canandaigua town","B19013H_001","White (Non-Hispanic)",88480,9591
"3606912155",2020,"Ontario","Canandaigua town","B19013I_001","Hispanic or Latino (Any Race)",NA,NA
"3606921699",2020,"Ontario","East Bloomfield town","B19013B_001","Black (Non-Hispanic)",NA,NA
"3606921699",2020,"Ontario","East Bloomfield town","B19013C_001","Native American (Non-Hispanic)",NA,NA
"3606921699",2020,"Ontario","East Bloomfield town","B19013D_001","Asian (Non-Hispanic)",NA,NA
"3606921699",2020,"Ontario","East Bloomfield town","B19013E_001","Pacific Islander (Non-Hispanic)",NA,NA
"3606921699",2020,"Ontario","East Bloomfield town","B19013F_001","Other (Non-Hispanic)",NA,NA
"3606921699",2020,"Ontario","East Bloomfield town","B19013G_001","Two or More Races (Non-Hispanic)",NA,NA
"3606921699",2020,"Ontario","East Bloomfield town","B19013H_001","White (Non-Hispanic)",74020,10724
"3606921699",2020,"Ontario","East Bloomfield town","B19013I_001","Hispanic or Latino (Any Race)",NA,NA
"3606925406",2020,"Ontario","Farmington town","B19013B_001","Black (Non-Hispanic)",NA,NA
"3606925406",2020,"Ontario","Farmington town","B19013C_001","Native American (Non-Hispanic)",NA,NA
"3606925406",2020,"Ontario","Farmington town","B19013D_001","Asian (Non-Hispanic)",130516,72361
"3606925406",2020,"Ontario","Farmington town","B19013E_001","Pacific Islander (Non-Hispanic)",NA,NA
"3606925406",2020,"Ontario","Farmington town","B19013F_001","Other (Non-Hispanic)",NA,NA
"3606925406",2020,"Ontario","Farmington town","B19013G_001","Two or More Races (Non-Hispanic)",NA,NA
"3606925406",2020,"Ontario","Farmington town","B19013H_001","White (Non-Hispanic)",70961,6555
"3606925406",2020,"Ontario","Farmington town","B19013I_001","Hispanic or Latino (Any Race)",30147,2578
"3606928640",2020,"Ontario","Geneva city","B19013B_001","Black (Non-Hispanic)",20462,3865
"3606928640",2020,"Ontario","Geneva city","B19013C_001","Native American (Non-Hispanic)",NA,NA
"3606928640",2020,"Ontario","Geneva city","B19013D_001","Asian (Non-Hispanic)",205580,183944
"3606928640",2020,"Ontario","Geneva city","B19013E_001","Pacific Islander (Non-Hispanic)",NA,NA
"3606928640",2020,"Ontario","Geneva city","B19013F_001","Other (Non-Hispanic)",30550,4934
"3606928640",2020,"Ontario","Geneva city","B19013G_001","Two or More Races (Non-Hispanic)",63594,3186
"3606928640",2020,"Ontario","Geneva city","B19013H_001","White (Non-Hispanic)",48235,10130
"3606928640",2020,"Ontario","Geneva city","B19013I_001","Hispanic or Latino (Any Race)",30525,4073
"3606928651",2020,"Ontario","Geneva town","B19013B_001","Black (Non-Hispanic)",NA,NA
"3606928651",2020,"Ontario","Geneva town","B19013C_001","Native American (Non-Hispanic)",NA,NA
"3606928651",2020,"Ontario","Geneva town","B19013D_001","Asian (Non-Hispanic)",100944,30481
"3606928651",2020,"Ontario","Geneva town","B19013E_001","Pacific Islander (Non-Hispanic)",NA,NA
"3606928651",2020,"Ontario","Geneva town","B19013F_001","Other (Non-Hispanic)",83438,32988
"3606928651",2020,"Ontario","Geneva town","B19013G_001","Two or More Races (Non-Hispanic)",NA,NA
"3606928651",2020,"Ontario","Geneva town","B19013H_001","White (Non-Hispanic)",62358,9074
"3606928651",2020,"Ontario","Geneva town","B19013I_001","Hispanic or Latino (Any Race)",83229,72550
"3606929531",2020,"Ontario","Gorham town","B19013B_001","Black (Non-Hispanic)",NA,NA
"3606929531",2020,"Ontario","Gorham town","B19013C_001","Native American (Non-Hispanic)",NA,NA
"3606929531",2020,"Ontario","Gorham town","B19013D_001","Asian (Non-Hispanic)",NA,NA
"3606929531",2020,"Ontario","Gorham town","B19013E_001","Pacific Islander (Non-Hispanic)",NA,NA
"3606929531",2020,"Ontario","Gorham town","B19013F_001","Other (Non-Hispanic)",NA,NA
"3606929531",2020,"Ontario","Gorham town","B19013G_001","Two or More Races (Non-Hispanic)",NA,NA
"3606929531",2020,"Ontario","Gorham town","B19013H_001","White (Non-Hispanic)",58873,6209
"3606929531",2020,"Ontario","Gorham town","B19013I_001","Hispanic or Latino (Any Race)",34554,24910
"3606935551",2020,"Ontario","Hopewell town","B19013B_001","Black (Non-Hispanic)",NA,NA
"3606935551",2020,"Ontario","Hopewell town","B19013C_001","Native American (Non-Hispanic)",NA,NA
"3606935551",2020,"Ontario","Hopewell town","B19013D_001","Asian (Non-Hispanic)",NA,NA
"3606935551",2020,"Ontario","Hopewell town","B19013E_001","Pacific Islander (Non-Hispanic)",NA,NA
"3606935551",2020,"Ontario","Hopewell town","B19013F_001","Other (Non-Hispanic)",NA,NA
"3606935551",2020,"Ontario","Hopewell town","B19013G_001","Two or More Races (Non-Hispanic)",NA,NA
"3606935551",2020,"Ontario","Hopewell town","B19013H_001","White (Non-Hispanic)",63672,8901
"3606935551",2020,"Ontario","Hopewell town","B19013I_001","Hispanic or Latino (Any Race)",NA,NA
"3606944864",2020,"Ontario","Manchester town","B19013B_001","Black (Non-Hispanic)",NA,NA
"3606944864",2020,"Ontario","Manchester town","B19013C_001","Native American (Non-Hispanic)",NA,NA
"3606944864",2020,"Ontario","Manchester town","B19013D_001","Asian (Non-Hispanic)",NA,NA
"3606944864",2020,"Ontario","Manchester town","B19013E_001","Pacific Islander (Non-Hispanic)",NA,NA
"3606944864",2020,"Ontario","Manchester town","B19013F_001","Other (Non-Hispanic)",NA,NA
"3606944864",2020,"Ontario","Manchester town","B19013G_001","Two or More Races (Non-Hispanic)",88155,81452
"3606944864",2020,"Ontario","Manchester town","B19013H_001","White (Non-Hispanic)",57995,6686
"3606944864",2020,"Ontario","Manchester town","B19013I_001","Hispanic or Latino (Any Race)",NA,NA
"3606949440",2020,"Ontario","Naples town","B19013B_001","Black (Non-Hispanic)",NA,NA
"3606949440",2020,"Ontario","Naples town","B19013C_001","Native American (Non-Hispanic)",NA,NA
"3606949440",2020,"Ontario","Naples town","B19013D_001","Asian (Non-Hispanic)",NA,NA
"3606949440",2020,"Ontario","Naples town","B19013E_001","Pacific Islander (Non-Hispanic)",NA,NA
"3606949440",2020,"Ontario","Naples town","B19013F_001","Other (Non-Hispanic)",NA,NA
"3606949440",2020,"Ontario","Naples town","B19013G_001","Two or More Races (Non-Hispanic)",NA,NA
"3606949440",2020,"Ontario","Naples town","B19013H_001","White (Non-Hispanic)",51372,5254
"3606949440",2020,"Ontario","Naples town","B19013I_001","Hispanic or Latino (Any Race)",NA,NA
"3606957529",2020,"Ontario","Phelps town","B19013B_001","Black (Non-Hispanic)",NA,NA
"3606957529",2020,"Ontario","Phelps town","B19013C_001","Native American (Non-Hispanic)",NA,NA
"3606957529",2020,"Ontario","Phelps town","B19013D_001","Asian (Non-Hispanic)",NA,NA
"3606957529",2020,"Ontario","Phelps town","B19013E_001","Pacific Islander (Non-Hispanic)",NA,NA
"3606957529",2020,"Ontario","Phelps town","B19013F_001","Other (Non-Hispanic)",106481,27426
"3606957529",2020,"Ontario","Phelps town","B19013G_001","Two or More Races (Non-Hispanic)",NA,NA
"3606957529",2020,"Ontario","Phelps town","B19013H_001","White (Non-Hispanic)",60000,9222
"3606957529",2020,"Ontario","Phelps town","B19013I_001","Hispanic or Latino (Any Race)",76964,66015
"3606961544",2020,"Ontario","Richmond town","B19013B_001","Black (Non-Hispanic)",NA,NA
"3606961544",2020,"Ontario","Richmond town","B19013C_001","Native American (Non-Hispanic)",NA,NA
"3606961544",2020,"Ontario","Richmond town","B19013D_001","Asian (Non-Hispanic)",NA,NA
"3606961544",2020,"Ontario","Richmond town","B19013E_001","Pacific Islander (Non-Hispanic)",NA,NA
"3606961544",2020,"Ontario","Richmond town","B19013F_001","Other (Non-Hispanic)",NA,NA
"3606961544",2020,"Ontario","Richmond town","B19013G_001","Two or More Races (Non-Hispanic)",NA,NA
"3606961544",2020,"Ontario","Richmond town","B19013H_001","White (Non-Hispanic)",67011,16721
"3606961544",2020,"Ontario","Richmond town","B19013I_001","Hispanic or Latino (Any Race)",NA,NA
"3606966289",2020,"Ontario","Seneca town","B19013B_001","Black (Non-Hispanic)",NA,NA
"3606966289",2020,"Ontario","Seneca town","B19013C_001","Native American (Non-Hispanic)",NA,NA
"3606966289",2020,"Ontario","Seneca town","B19013D_001","Asian (Non-Hispanic)",NA,NA
"3606966289",2020,"Ontario","Seneca town","B19013E_001","Pacific Islander (Non-Hispanic)",NA,NA
"3606966289",2020,"Ontario","Seneca town","B19013F_001","Other (Non-Hispanic)",NA,NA
"3606966289",2020,"Ontario","Seneca town","B19013G_001","Two or More Races (Non-Hispanic)",NA,NA
"3606966289",2020,"Ontario","Seneca town","B19013H_001","White (Non-Hispanic)",70465,9009
"3606966289",2020,"Ontario","Seneca town","B19013I_001","Hispanic or Latino (Any Race)",82697,38943
"3606968660",2020,"Ontario","South Bristol town","B19013B_001","Black (Non-Hispanic)",NA,NA
"3606968660",2020,"Ontario","South Bristol town","B19013C_001","Native American (Non-Hispanic)",NA,NA
"3606968660",2020,"Ontario","South Bristol town","B19013D_001","Asian (Non-Hispanic)",NA,NA
"3606968660",2020,"Ontario","South Bristol town","B19013E_001","Pacific Islander (Non-Hispanic)",NA,NA
"3606968660",2020,"Ontario","South Bristol town","B19013F_001","Other (Non-Hispanic)",NA,NA
"3606968660",2020,"Ontario","South Bristol town","B19013G_001","Two or More Races (Non-Hispanic)",78958,24398
"3606968660",2020,"Ontario","South Bristol town","B19013H_001","White (Non-Hispanic)",78682,5797
"3606968660",2020,"Ontario","South Bristol town","B19013I_001","Hispanic or Latino (Any Race)",NA,NA
"3606977387",2020,"Ontario","Victor town","B19013B_001","Black (Non-Hispanic)",189853,127601
"3606977387",2020,"Ontario","Victor town","B19013C_001","Native American (Non-Hispanic)",NA,NA
"3606977387",2020,"Ontario","Victor town","B19013D_001","Asian (Non-Hispanic)",176581,16030
"3606977387",2020,"Ontario","Victor town","B19013E_001","Pacific Islander (Non-Hispanic)",NA,NA
"3606977387",2020,"Ontario","Victor town","B19013F_001","Other (Non-Hispanic)",NA,NA
"3606977387",2020,"Ontario","Victor town","B19013G_001","Two or More Races (Non-Hispanic)",NA,NA
"3606977387",2020,"Ontario","Victor town","B19013H_001","White (Non-Hispanic)",93726,11648
"3606977387",2020,"Ontario","Victor town","B19013I_001","Hispanic or Latino (Any Race)",NA,NA
"3606979356",2020,"Ontario","West Bloomfield town","B19013B_001","Black (Non-Hispanic)",NA,NA
"3606979356",2020,"Ontario","West Bloomfield town","B19013C_001","Native American (Non-Hispanic)",NA,NA
"3606979356",2020,"Ontario","West Bloomfield town","B19013D_001","Asian (Non-Hispanic)",NA,NA
"3606979356",2020,"Ontario","West Bloomfield town","B19013E_001","Pacific Islander (Non-Hispanic)",NA,NA
"3606979356",2020,"Ontario","West Bloomfield town","B19013F_001","Other (Non-Hispanic)",NA,NA
"3606979356",2020,"Ontario","West Bloomfield town","B19013G_001","Two or More Races (Non-Hispanic)",NA,NA
"3606979356",2020,"Ontario","West Bloomfield town","B19013H_001","White (Non-Hispanic)",56029,7028
"3606979356",2020,"Ontario","West Bloomfield town","B19013I_001","Hispanic or Latino (Any Race)",NA,NA
"3607300000",2020,"Orleans","County subdivisions not defined","B19013B_001","Black (Non-Hispanic)",NA,NA
"3607300000",2020,"Orleans","County subdivisions not defined","B19013C_001","Native American (Non-Hispanic)",NA,NA
"3607300000",2020,"Orleans","County subdivisions not defined","B19013D_001","Asian (Non-Hispanic)",NA,NA
"3607300000",2020,"Orleans","County subdivisions not defined","B19013E_001","Pacific Islander (Non-Hispanic)",NA,NA
"3607300000",2020,"Orleans","County subdivisions not defined","B19013F_001","Other (Non-Hispanic)",NA,NA
"3607300000",2020,"Orleans","County subdivisions not defined","B19013G_001","Two or More Races (Non-Hispanic)",NA,NA
"3607300000",2020,"Orleans","County subdivisions not defined","B19013H_001","White (Non-Hispanic)",NA,NA
"3607300000",2020,"Orleans","County subdivisions not defined","B19013I_001","Hispanic or Latino (Any Race)",NA,NA
"3607301044",2020,"Orleans","Albion town","B19013B_001","Black (Non-Hispanic)",33401,7570
"3607301044",2020,"Orleans","Albion town","B19013C_001","Native American (Non-Hispanic)",NA,NA
"3607301044",2020,"Orleans","Albion town","B19013D_001","Asian (Non-Hispanic)",NA,NA
"3607301044",2020,"Orleans","Albion town","B19013E_001","Pacific Islander (Non-Hispanic)",NA,NA
"3607301044",2020,"Orleans","Albion town","B19013F_001","Other (Non-Hispanic)",NA,NA
"3607301044",2020,"Orleans","Albion town","B19013G_001","Two or More Races (Non-Hispanic)",NA,NA
"3607301044",2020,"Orleans","Albion town","B19013H_001","White (Non-Hispanic)",39208,6338
"3607301044",2020,"Orleans","Albion town","B19013I_001","Hispanic or Latino (Any Race)",NA,NA
"3607304572",2020,"Orleans","Barre town","B19013B_001","Black (Non-Hispanic)",NA,NA
"3607304572",2020,"Orleans","Barre town","B19013C_001","Native American (Non-Hispanic)",NA,NA
"3607304572",2020,"Orleans","Barre town","B19013D_001","Asian (Non-Hispanic)",NA,NA
"3607304572",2020,"Orleans","Barre town","B19013E_001","Pacific Islander (Non-Hispanic)",NA,NA
"3607304572",2020,"Orleans","Barre town","B19013F_001","Other (Non-Hispanic)",NA,NA
"3607304572",2020,"Orleans","Barre town","B19013G_001","Two or More Races (Non-Hispanic)",NA,NA
"3607304572",2020,"Orleans","Barre town","B19013H_001","White (Non-Hispanic)",68869,6194
"3607304572",2020,"Orleans","Barre town","B19013I_001","Hispanic or Latino (Any Race)",NA,NA
"3607312496",2020,"Orleans","Carlton town","B19013B_001","Black (Non-Hispanic)",NA,NA
"3607312496",2020,"Orleans","Carlton town","B19013C_001","Native American (Non-Hispanic)",NA,NA
"3607312496",2020,"Orleans","Carlton town","B19013D_001","Asian (Non-Hispanic)",NA,NA
"3607312496",2020,"Orleans","Carlton town","B19013E_001","Pacific Islander (Non-Hispanic)",NA,NA
"3607312496",2020,"Orleans","Carlton town","B19013F_001","Other (Non-Hispanic)",NA,NA
"3607312496",2020,"Orleans","Carlton town","B19013G_001","Two or More Races (Non-Hispanic)",NA,NA
"3607312496",2020,"Orleans","Carlton town","B19013H_001","White (Non-Hispanic)",71090,9023
"3607312496",2020,"Orleans","Carlton town","B19013I_001","Hispanic or Latino (Any Race)",NA,NA
"3607315880",2020,"Orleans","Clarendon town","B19013B_001","Black (Non-Hispanic)",NA,NA
"3607315880",2020,"Orleans","Clarendon town","B19013C_001","Native American (Non-Hispanic)",NA,NA
"3607315880",2020,"Orleans","Clarendon town","B19013D_001","Asian (Non-Hispanic)",NA,NA
"3607315880",2020,"Orleans","Clarendon town","B19013E_001","Pacific Islander (Non-Hispanic)",NA,NA
"3607315880",2020,"Orleans","Clarendon town","B19013F_001","Other (Non-Hispanic)",NA,NA
"3607315880",2020,"Orleans","Clarendon town","B19013G_001","Two or More Races (Non-Hispanic)",80278,45847
"3607315880",2020,"Orleans","Clarendon town","B19013H_001","White (Non-Hispanic)",50347,14434
"3607315880",2020,"Orleans","Clarendon town","B19013I_001","Hispanic or Latino (Any Race)",NA,NA
"3607327958",2020,"Orleans","Gaines town","B19013B_001","Black (Non-Hispanic)",NA,NA
"3607327958",2020,"Orleans","Gaines town","B19013C_001","Native American (Non-Hispanic)",NA,NA
"3607327958",2020,"Orleans","Gaines town","B19013D_001","Asian (Non-Hispanic)",NA,NA
"3607327958",2020,"Orleans","Gaines town","B19013E_001","Pacific Islander (Non-Hispanic)",NA,NA
"3607327958",2020,"Orleans","Gaines town","B19013F_001","Other (Non-Hispanic)",NA,NA
"3607327958",2020,"Orleans","Gaines town","B19013G_001","Two or More Races (Non-Hispanic)",NA,NA
"3607327958",2020,"Orleans","Gaines town","B19013H_001","White (Non-Hispanic)",47199,5932
"3607327958",2020,"Orleans","Gaines town","B19013I_001","Hispanic or Latino (Any Race)",NA,NA
"3607339188",2020,"Orleans","Kendall town","B19013B_001","Black (Non-Hispanic)",NA,NA
"3607339188",2020,"Orleans","Kendall town","B19013C_001","Native American (Non-Hispanic)",NA,NA
"3607339188",2020,"Orleans","Kendall town","B19013D_001","Asian (Non-Hispanic)",NA,NA
"3607339188",2020,"Orleans","Kendall town","B19013E_001","Pacific Islander (Non-Hispanic)",NA,NA
"3607339188",2020,"Orleans","Kendall town","B19013F_001","Other (Non-Hispanic)",NA,NA
"3607339188",2020,"Orleans","Kendall town","B19013G_001","Two or More Races (Non-Hispanic)",NA,NA
"3607339188",2020,"Orleans","Kendall town","B19013H_001","White (Non-Hispanic)",72768,12620
"3607339188",2020,"Orleans","Kendall town","B19013I_001","Hispanic or Latino (Any Race)",NA,NA
"3607349286",2020,"Orleans","Murray town","B19013B_001","Black (Non-Hispanic)",NA,NA
"3607349286",2020,"Orleans","Murray town","B19013C_001","Native American (Non-Hispanic)",NA,NA
"3607349286",2020,"Orleans","Murray town","B19013D_001","Asian (Non-Hispanic)",NA,NA
"3607349286",2020,"Orleans","Murray town","B19013E_001","Pacific Islander (Non-Hispanic)",NA,NA
"3607349286",2020,"Orleans","Murray town","B19013F_001","Other (Non-Hispanic)",26736,13481
"3607349286",2020,"Orleans","Murray town","B19013G_001","Two or More Races (Non-Hispanic)",NA,NA
"3607349286",2020,"Orleans","Murray town","B19013H_001","White (Non-Hispanic)",54828,7644
"3607349286",2020,"Orleans","Murray town","B19013I_001","Hispanic or Latino (Any Race)",45547,37678
"3607361742",2020,"Orleans","Ridgeway town","B19013B_001","Black (Non-Hispanic)",155942,322
"3607361742",2020,"Orleans","Ridgeway town","B19013C_001","Native American (Non-Hispanic)",NA,NA
"3607361742",2020,"Orleans","Ridgeway town","B19013D_001","Asian (Non-Hispanic)",NA,NA
"3607361742",2020,"Orleans","Ridgeway town","B19013E_001","Pacific Islander (Non-Hispanic)",NA,NA
"3607361742",2020,"Orleans","Ridgeway town","B19013F_001","Other (Non-Hispanic)",NA,NA
"3607361742",2020,"Orleans","Ridgeway town","B19013G_001","Two or More Races (Non-Hispanic)",NA,NA
"3607361742",2020,"Orleans","Ridgeway town","B19013H_001","White (Non-Hispanic)",55781,8081
"3607361742",2020,"Orleans","Ridgeway town","B19013I_001","Hispanic or Latino (Any Race)",NA,NA
"3607366751",2020,"Orleans","Shelby town","B19013B_001","Black (Non-Hispanic)",NA,NA
"3607366751",2020,"Orleans","Shelby town","B19013C_001","Native American (Non-Hispanic)",NA,NA
"3607366751",2020,"Orleans","Shelby town","B19013D_001","Asian (Non-Hispanic)",NA,NA
"3607366751",2020,"Orleans","Shelby town","B19013E_001","Pacific Islander (Non-Hispanic)",NA,NA
"3607366751",2020,"Orleans","Shelby town","B19013F_001","Other (Non-Hispanic)",NA,NA
"3607366751",2020,"Orleans","Shelby town","B19013G_001","Two or More Races (Non-Hispanic)",NA,NA
"3607366751",2020,"Orleans","Shelby town","B19013H_001","White (Non-Hispanic)",50486,7998
"3607366751",2020,"Orleans","Shelby town","B19013I_001","Hispanic or Latino (Any Race)",16230,12007
"3607383448",2020,"Orleans","Yates town","B19013B_001","Black (Non-Hispanic)",NA,NA
"3607383448",2020,"Orleans","Yates town","B19013C_001","Native American (Non-Hispanic)",NA,NA
"3607383448",2020,"Orleans","Yates town","B19013D_001","Asian (Non-Hispanic)",NA,NA
"3607383448",2020,"Orleans","Yates town","B19013E_001","Pacific Islander (Non-Hispanic)",NA,NA
"3607383448",2020,"Orleans","Yates town","B19013F_001","Other (Non-Hispanic)",NA,NA
"3607383448",2020,"Orleans","Yates town","B19013G_001","Two or More Races (Non-Hispanic)",NA,NA
"3607383448",2020,"Orleans","Yates town","B19013H_001","White (Non-Hispanic)",55357,11284
"3607383448",2020,"Orleans","Yates town","B19013I_001","Hispanic or Latino (Any Race)",NA,NA
"3609918663",2020,"Seneca","Covert town","B19013B_001","Black (Non-Hispanic)",NA,NA
"3609918663",2020,"Seneca","Covert town","B19013C_001","Native American (Non-Hispanic)",NA,NA
"3609918663",2020,"Seneca","Covert town","B19013D_001","Asian (Non-Hispanic)",NA,NA
"3609918663",2020,"Seneca","Covert town","B19013E_001","Pacific Islander (Non-Hispanic)",NA,NA
"3609918663",2020,"Seneca","Covert town","B19013F_001","Other (Non-Hispanic)",NA,NA
"3609918663",2020,"Seneca","Covert town","B19013G_001","Two or More Races (Non-Hispanic)",71250,61466
"3609918663",2020,"Seneca","Covert town","B19013H_001","White (Non-Hispanic)",59808,11034
"3609918663",2020,"Seneca","Covert town","B19013I_001","Hispanic or Latino (Any Race)",83750,70434
"3609925505",2020,"Seneca","Fayette town","B19013B_001","Black (Non-Hispanic)",NA,NA
"3609925505",2020,"Seneca","Fayette town","B19013C_001","Native American (Non-Hispanic)",NA,NA
"3609925505",2020,"Seneca","Fayette town","B19013D_001","Asian (Non-Hispanic)",NA,NA
"3609925505",2020,"Seneca","Fayette town","B19013E_001","Pacific Islander (Non-Hispanic)",NA,NA
"3609925505",2020,"Seneca","Fayette town","B19013F_001","Other (Non-Hispanic)",NA,NA
"3609925505",2020,"Seneca","Fayette town","B19013G_001","Two or More Races (Non-Hispanic)",NA,NA
"3609925505",2020,"Seneca","Fayette town","B19013H_001","White (Non-Hispanic)",69970,9259
"3609925505",2020,"Seneca","Fayette town","B19013I_001","Hispanic or Latino (Any Race)",39071,19319
"3609928640",2020,"Seneca","Geneva city","B19013B_001","Black (Non-Hispanic)",NA,NA
"3609928640",2020,"Seneca","Geneva city","B19013C_001","Native American (Non-Hispanic)",NA,NA
"3609928640",2020,"Seneca","Geneva city","B19013D_001","Asian (Non-Hispanic)",NA,NA
"3609928640",2020,"Seneca","Geneva city","B19013E_001","Pacific Islander (Non-Hispanic)",NA,NA
"3609928640",2020,"Seneca","Geneva city","B19013F_001","Other (Non-Hispanic)",NA,NA
"3609928640",2020,"Seneca","Geneva city","B19013G_001","Two or More Races (Non-Hispanic)",NA,NA
"3609928640",2020,"Seneca","Geneva city","B19013H_001","White (Non-Hispanic)",NA,NA
"3609928640",2020,"Seneca","Geneva city","B19013I_001","Hispanic or Latino (Any Race)",NA,NA
"3609938858",2020,"Seneca","Junius town","B19013B_001","Black (Non-Hispanic)",NA,NA
"3609938858",2020,"Seneca","Junius town","B19013C_001","Native American (Non-Hispanic)",NA,NA
"3609938858",2020,"Seneca","Junius town","B19013D_001","Asian (Non-Hispanic)",NA,NA
"3609938858",2020,"Seneca","Junius town","B19013E_001","Pacific Islander (Non-Hispanic)",NA,NA
"3609938858",2020,"Seneca","Junius town","B19013F_001","Other (Non-Hispanic)",NA,NA
"3609938858",2020,"Seneca","Junius town","B19013G_001","Two or More Races (Non-Hispanic)",NA,NA
"3609938858",2020,"Seneca","Junius town","B19013H_001","White (Non-Hispanic)",56029,4854
"3609938858",2020,"Seneca","Junius town","B19013I_001","Hispanic or Latino (Any Race)",NA,NA
"3609943225",2020,"Seneca","Lodi town","B19013B_001","Black (Non-Hispanic)",NA,NA
"3609943225",2020,"Seneca","Lodi town","B19013C_001","Native American (Non-Hispanic)",NA,NA
"3609943225",2020,"Seneca","Lodi town","B19013D_001","Asian (Non-Hispanic)",NA,NA
"3609943225",2020,"Seneca","Lodi town","B19013E_001","Pacific Islander (Non-Hispanic)",NA,NA
"3609943225",2020,"Seneca","Lodi town","B19013F_001","Other (Non-Hispanic)",NA,NA
"3609943225",2020,"Seneca","Lodi town","B19013G_001","Two or More Races (Non-Hispanic)",54375,21584
"3609943225",2020,"Seneca","Lodi town","B19013H_001","White (Non-Hispanic)",62237,7559
"3609943225",2020,"Seneca","Lodi town","B19013I_001","Hispanic or Latino (Any Race)",NA,NA
"3609955827",2020,"Seneca","Ovid town","B19013B_001","Black (Non-Hispanic)",NA,NA
"3609955827",2020,"Seneca","Ovid town","B19013C_001","Native American (Non-Hispanic)",NA,NA
"3609955827",2020,"Seneca","Ovid town","B19013D_001","Asian (Non-Hispanic)",NA,NA
"3609955827",2020,"Seneca","Ovid town","B19013E_001","Pacific Islander (Non-Hispanic)",NA,NA
"3609955827",2020,"Seneca","Ovid town","B19013F_001","Other (Non-Hispanic)",NA,NA
"3609955827",2020,"Seneca","Ovid town","B19013G_001","Two or More Races (Non-Hispanic)",19063,628
"3609955827",2020,"Seneca","Ovid town","B19013H_001","White (Non-Hispanic)",49071,7542
"3609955827",2020,"Seneca","Ovid town","B19013I_001","Hispanic or Latino (Any Race)",NA,NA
"3609963440",2020,"Seneca","Romulus town","B19013B_001","Black (Non-Hispanic)",NA,NA
"3609963440",2020,"Seneca","Romulus town","B19013C_001","Native American (Non-Hispanic)",NA,NA
"3609963440",2020,"Seneca","Romulus town","B19013D_001","Asian (Non-Hispanic)",NA,NA
"3609963440",2020,"Seneca","Romulus town","B19013E_001","Pacific Islander (Non-Hispanic)",NA,NA
"3609963440",2020,"Seneca","Romulus town","B19013F_001","Other (Non-Hispanic)",NA,NA
"3609963440",2020,"Seneca","Romulus town","B19013G_001","Two or More Races (Non-Hispanic)",107578,68340
"3609963440",2020,"Seneca","Romulus town","B19013H_001","White (Non-Hispanic)",54511,8770
"3609963440",2020,"Seneca","Romulus town","B19013I_001","Hispanic or Latino (Any Race)",NA,NA
"3609966333",2020,"Seneca","Seneca Falls town","B19013B_001","Black (Non-Hispanic)",51719,23621
"3609966333",2020,"Seneca","Seneca Falls town","B19013C_001","Native American (Non-Hispanic)",NA,NA
"3609966333",2020,"Seneca","Seneca Falls town","B19013D_001","Asian (Non-Hispanic)",NA,NA
"3609966333",2020,"Seneca","Seneca Falls town","B19013E_001","Pacific Islander (Non-Hispanic)",NA,NA
"3609966333",2020,"Seneca","Seneca Falls town","B19013F_001","Other (Non-Hispanic)",NA,NA
"3609966333",2020,"Seneca","Seneca Falls town","B19013G_001","Two or More Races (Non-Hispanic)",NA,NA
"3609966333",2020,"Seneca","Seneca Falls town","B19013H_001","White (Non-Hispanic)",50017,6629
"3609966333",2020,"Seneca","Seneca Falls town","B19013I_001","Hispanic or Latino (Any Race)",NA,NA
"3609975902",2020,"Seneca","Tyre town","B19013B_001","Black (Non-Hispanic)",NA,NA
"3609975902",2020,"Seneca","Tyre town","B19013C_001","Native American (Non-Hispanic)",NA,NA
"3609975902",2020,"Seneca","Tyre town","B19013D_001","Asian (Non-Hispanic)",NA,NA
"3609975902",2020,"Seneca","Tyre town","B19013E_001","Pacific Islander (Non-Hispanic)",NA,NA
"3609975902",2020,"Seneca","Tyre town","B19013F_001","Other (Non-Hispanic)",NA,NA
"3609975902",2020,"Seneca","Tyre town","B19013G_001","Two or More Races (Non-Hispanic)",NA,NA
"3609975902",2020,"Seneca","Tyre town","B19013H_001","White (Non-Hispanic)",65000,17633
"3609975902",2020,"Seneca","Tyre town","B19013I_001","Hispanic or Latino (Any Race)",NA,NA
"3609976958",2020,"Seneca","Varick town","B19013B_001","Black (Non-Hispanic)",NA,NA
"3609976958",2020,"Seneca","Varick town","B19013C_001","Native American (Non-Hispanic)",NA,NA
"3609976958",2020,"Seneca","Varick town","B19013D_001","Asian (Non-Hispanic)",NA,NA
"3609976958",2020,"Seneca","Varick town","B19013E_001","Pacific Islander (Non-Hispanic)",NA,NA
"3609976958",2020,"Seneca","Varick town","B19013F_001","Other (Non-Hispanic)",NA,NA
"3609976958",2020,"Seneca","Varick town","B19013G_001","Two or More Races (Non-Hispanic)",NA,NA
"3609976958",2020,"Seneca","Varick town","B19013H_001","White (Non-Hispanic)",61750,10651
"3609976958",2020,"Seneca","Varick town","B19013I_001","Hispanic or Latino (Any Race)",NA,NA
"3609978564",2020,"Seneca","Waterloo town","B19013B_001","Black (Non-Hispanic)",NA,NA
"3609978564",2020,"Seneca","Waterloo town","B19013C_001","Native American (Non-Hispanic)",NA,NA
"3609978564",2020,"Seneca","Waterloo town","B19013D_001","Asian (Non-Hispanic)",NA,NA
"3609978564",2020,"Seneca","Waterloo town","B19013E_001","Pacific Islander (Non-Hispanic)",NA,NA
"3609978564",2020,"Seneca","Waterloo town","B19013F_001","Other (Non-Hispanic)",NA,NA
"3609978564",2020,"Seneca","Waterloo town","B19013G_001","Two or More Races (Non-Hispanic)",11164,365
"3609978564",2020,"Seneca","Waterloo town","B19013H_001","White (Non-Hispanic)",56739,4680
"3609978564",2020,"Seneca","Waterloo town","B19013I_001","Hispanic or Latino (Any Race)",NA,NA
"3611700000",2020,"Wayne","County subdivisions not defined","B19013B_001","Black (Non-Hispanic)",NA,NA
"3611700000",2020,"Wayne","County subdivisions not defined","B19013C_001","Native American (Non-Hispanic)",NA,NA
"3611700000",2020,"Wayne","County subdivisions not defined","B19013D_001","Asian (Non-Hispanic)",NA,NA
"3611700000",2020,"Wayne","County subdivisions not defined","B19013E_001","Pacific Islander (Non-Hispanic)",NA,NA
"3611700000",2020,"Wayne","County subdivisions not defined","B19013F_001","Other (Non-Hispanic)",NA,NA
"3611700000",2020,"Wayne","County subdivisions not defined","B19013G_001","Two or More Races (Non-Hispanic)",NA,NA
"3611700000",2020,"Wayne","County subdivisions not defined","B19013H_001","White (Non-Hispanic)",NA,NA
"3611700000",2020,"Wayne","County subdivisions not defined","B19013I_001","Hispanic or Latino (Any Race)",NA,NA
"3611702440",2020,"Wayne","Arcadia town","B19013B_001","Black (Non-Hispanic)",38906,33274
"3611702440",2020,"Wayne","Arcadia town","B19013C_001","Native American (Non-Hispanic)",NA,NA
"3611702440",2020,"Wayne","Arcadia town","B19013D_001","Asian (Non-Hispanic)",NA,NA
"3611702440",2020,"Wayne","Arcadia town","B19013E_001","Pacific Islander (Non-Hispanic)",NA,NA
"3611702440",2020,"Wayne","Arcadia town","B19013F_001","Other (Non-Hispanic)",NA,NA
"3611702440",2020,"Wayne","Arcadia town","B19013G_001","Two or More Races (Non-Hispanic)",51169,7037
"3611702440",2020,"Wayne","Arcadia town","B19013H_001","White (Non-Hispanic)",53887,4419
"3611702440",2020,"Wayne","Arcadia town","B19013I_001","Hispanic or Latino (Any Race)",36865,23771
"3611711473",2020,"Wayne","Butler town","B19013B_001","Black (Non-Hispanic)",NA,NA
"3611711473",2020,"Wayne","Butler town","B19013C_001","Native American (Non-Hispanic)",NA,NA
"3611711473",2020,"Wayne","Butler town","B19013D_001","Asian (Non-Hispanic)",NA,NA
"3611711473",2020,"Wayne","Butler town","B19013E_001","Pacific Islander (Non-Hispanic)",NA,NA
"3611711473",2020,"Wayne","Butler town","B19013F_001","Other (Non-Hispanic)",NA,NA
"3611711473",2020,"Wayne","Butler town","B19013G_001","Two or More Races (Non-Hispanic)",92750,79838
"3611711473",2020,"Wayne","Butler town","B19013H_001","White (Non-Hispanic)",57633,3530
"3611711473",2020,"Wayne","Butler town","B19013I_001","Hispanic or Latino (Any Race)",NA,NA
"3611728013",2020,"Wayne","Galen town","B19013B_001","Black (Non-Hispanic)",NA,NA
"3611728013",2020,"Wayne","Galen town","B19013C_001","Native American (Non-Hispanic)",NA,NA
"3611728013",2020,"Wayne","Galen town","B19013D_001","Asian (Non-Hispanic)",NA,NA
"3611728013",2020,"Wayne","Galen town","B19013E_001","Pacific Islander (Non-Hispanic)",NA,NA
"3611728013",2020,"Wayne","Galen town","B19013F_001","Other (Non-Hispanic)",NA,NA
"3611728013",2020,"Wayne","Galen town","B19013G_001","Two or More Races (Non-Hispanic)",NA,NA
"3611728013",2020,"Wayne","Galen town","B19013H_001","White (Non-Hispanic)",47477,7617
"3611728013",2020,"Wayne","Galen town","B19013I_001","Hispanic or Latino (Any Race)",NA,NA
"3611737165",2020,"Wayne","Huron town","B19013B_001","Black (Non-Hispanic)",NA,NA
"3611737165",2020,"Wayne","Huron town","B19013C_001","Native American (Non-Hispanic)",NA,NA
"3611737165",2020,"Wayne","Huron town","B19013D_001","Asian (Non-Hispanic)",NA,NA
"3611737165",2020,"Wayne","Huron town","B19013E_001","Pacific Islander (Non-Hispanic)",NA,NA
"3611737165",2020,"Wayne","Huron town","B19013F_001","Other (Non-Hispanic)",NA,NA
"3611737165",2020,"Wayne","Huron town","B19013G_001","Two or More Races (Non-Hispanic)",NA,NA
"3611737165",2020,"Wayne","Huron town","B19013H_001","White (Non-Hispanic)",65542,12064
"3611737165",2020,"Wayne","Huron town","B19013I_001","Hispanic or Latino (Any Race)",NA,NA
"3611743973",2020,"Wayne","Lyons town","B19013B_001","Black (Non-Hispanic)",NA,NA
"3611743973",2020,"Wayne","Lyons town","B19013C_001","Native American (Non-Hispanic)",NA,NA
"3611743973",2020,"Wayne","Lyons town","B19013D_001","Asian (Non-Hispanic)",NA,NA
"3611743973",2020,"Wayne","Lyons town","B19013E_001","Pacific Islander (Non-Hispanic)",NA,NA
"3611743973",2020,"Wayne","Lyons town","B19013F_001","Other (Non-Hispanic)",NA,NA
"3611743973",2020,"Wayne","Lyons town","B19013G_001","Two or More Races (Non-Hispanic)",NA,NA
"3611743973",2020,"Wayne","Lyons town","B19013H_001","White (Non-Hispanic)",53555,12443
"3611743973",2020,"Wayne","Lyons town","B19013I_001","Hispanic or Latino (Any Race)",NA,NA
"3611744160",2020,"Wayne","Macedon town","B19013B_001","Black (Non-Hispanic)",NA,NA
"3611744160",2020,"Wayne","Macedon town","B19013C_001","Native American (Non-Hispanic)",NA,NA
"3611744160",2020,"Wayne","Macedon town","B19013D_001","Asian (Non-Hispanic)",NA,NA
"3611744160",2020,"Wayne","Macedon town","B19013E_001","Pacific Islander (Non-Hispanic)",NA,NA
"3611744160",2020,"Wayne","Macedon town","B19013F_001","Other (Non-Hispanic)",NA,NA
"3611744160",2020,"Wayne","Macedon town","B19013G_001","Two or More Races (Non-Hispanic)",NA,NA
"3611744160",2020,"Wayne","Macedon town","B19013H_001","White (Non-Hispanic)",73492,4245
"3611744160",2020,"Wayne","Macedon town","B19013I_001","Hispanic or Latino (Any Race)",NA,NA
"3611745645",2020,"Wayne","Marion town","B19013B_001","Black (Non-Hispanic)",NA,NA
"3611745645",2020,"Wayne","Marion town","B19013C_001","Native American (Non-Hispanic)",NA,NA
"3611745645",2020,"Wayne","Marion town","B19013D_001","Asian (Non-Hispanic)",NA,NA
"3611745645",2020,"Wayne","Marion town","B19013E_001","Pacific Islander (Non-Hispanic)",NA,NA
"3611745645",2020,"Wayne","Marion town","B19013F_001","Other (Non-Hispanic)",NA,NA
"3611745645",2020,"Wayne","Marion town","B19013G_001","Two or More Races (Non-Hispanic)",NA,NA
"3611745645",2020,"Wayne","Marion town","B19013H_001","White (Non-Hispanic)",64253,4152
"3611745645",2020,"Wayne","Marion town","B19013I_001","Hispanic or Latino (Any Race)",NA,NA
"3611755013",2020,"Wayne","Ontario town","B19013B_001","Black (Non-Hispanic)",NA,NA
"3611755013",2020,"Wayne","Ontario town","B19013C_001","Native American (Non-Hispanic)",NA,NA
"3611755013",2020,"Wayne","Ontario town","B19013D_001","Asian (Non-Hispanic)",NA,NA
"3611755013",2020,"Wayne","Ontario town","B19013E_001","Pacific Islander (Non-Hispanic)",NA,NA
"3611755013",2020,"Wayne","Ontario town","B19013F_001","Other (Non-Hispanic)",NA,NA
"3611755013",2020,"Wayne","Ontario town","B19013G_001","Two or More Races (Non-Hispanic)",81101,687
"3611755013",2020,"Wayne","Ontario town","B19013H_001","White (Non-Hispanic)",76494,7480
"3611755013",2020,"Wayne","Ontario town","B19013I_001","Hispanic or Latino (Any Race)",NA,NA
"3611756198",2020,"Wayne","Palmyra town","B19013B_001","Black (Non-Hispanic)",NA,NA
"3611756198",2020,"Wayne","Palmyra town","B19013C_001","Native American (Non-Hispanic)",NA,NA
"3611756198",2020,"Wayne","Palmyra town","B19013D_001","Asian (Non-Hispanic)",NA,NA
"3611756198",2020,"Wayne","Palmyra town","B19013E_001","Pacific Islander (Non-Hispanic)",NA,NA
"3611756198",2020,"Wayne","Palmyra town","B19013F_001","Other (Non-Hispanic)",NA,NA
"3611756198",2020,"Wayne","Palmyra town","B19013G_001","Two or More Races (Non-Hispanic)",NA,NA
"3611756198",2020,"Wayne","Palmyra town","B19013H_001","White (Non-Hispanic)",60304,7882
"3611756198",2020,"Wayne","Palmyra town","B19013I_001","Hispanic or Latino (Any Race)",NA,NA
"3611763605",2020,"Wayne","Rose town","B19013B_001","Black (Non-Hispanic)",NA,NA
"3611763605",2020,"Wayne","Rose town","B19013C_001","Native American (Non-Hispanic)",NA,NA
"3611763605",2020,"Wayne","Rose town","B19013D_001","Asian (Non-Hispanic)",NA,NA
"3611763605",2020,"Wayne","Rose town","B19013E_001","Pacific Islander (Non-Hispanic)",NA,NA
"3611763605",2020,"Wayne","Rose town","B19013F_001","Other (Non-Hispanic)",NA,NA
"3611763605",2020,"Wayne","Rose town","B19013G_001","Two or More Races (Non-Hispanic)",NA,NA
"3611763605",2020,"Wayne","Rose town","B19013H_001","White (Non-Hispanic)",64406,5758
"3611763605",2020,"Wayne","Rose town","B19013I_001","Hispanic or Latino (Any Race)",23000,20255
"3611765343",2020,"Wayne","Savannah town","B19013B_001","Black (Non-Hispanic)",NA,NA
"3611765343",2020,"Wayne","Savannah town","B19013C_001","Native American (Non-Hispanic)",NA,NA
"3611765343",2020,"Wayne","Savannah town","B19013D_001","Asian (Non-Hispanic)",NA,NA
"3611765343",2020,"Wayne","Savannah town","B19013E_001","Pacific Islander (Non-Hispanic)",NA,NA
"3611765343",2020,"Wayne","Savannah town","B19013F_001","Other (Non-Hispanic)",NA,NA
"3611765343",2020,"Wayne","Savannah town","B19013G_001","Two or More Races (Non-Hispanic)",56875,35466
"3611765343",2020,"Wayne","Savannah town","B19013H_001","White (Non-Hispanic)",56394,1392
"3611765343",2020,"Wayne","Savannah town","B19013I_001","Hispanic or Latino (Any Race)",NA,NA
"3611768220",2020,"Wayne","Sodus town","B19013B_001","Black (Non-Hispanic)",NA,NA
"3611768220",2020,"Wayne","Sodus town","B19013C_001","Native American (Non-Hispanic)",NA,NA
"3611768220",2020,"Wayne","Sodus town","B19013D_001","Asian (Non-Hispanic)",NA,NA
"3611768220",2020,"Wayne","Sodus town","B19013E_001","Pacific Islander (Non-Hispanic)",NA,NA
"3611768220",2020,"Wayne","Sodus town","B19013F_001","Other (Non-Hispanic)",39141,6861
"3611768220",2020,"Wayne","Sodus town","B19013G_001","Two or More Races (Non-Hispanic)",35833,10177
"3611768220",2020,"Wayne","Sodus town","B19013H_001","White (Non-Hispanic)",66639,12563
"3611768220",2020,"Wayne","Sodus town","B19013I_001","Hispanic or Latino (Any Race)",37963,24627
"3611778102",2020,"Wayne","Walworth town","B19013B_001","Black (Non-Hispanic)",NA,NA
"3611778102",2020,"Wayne","Walworth town","B19013C_001","Native American (Non-Hispanic)",NA,NA
"3611778102",2020,"Wayne","Walworth town","B19013D_001","Asian (Non-Hispanic)",100521,32940
"3611778102",2020,"Wayne","Walworth town","B19013E_001","Pacific Islander (Non-Hispanic)",NA,NA
"3611778102",2020,"Wayne","Walworth town","B19013F_001","Other (Non-Hispanic)",NA,NA
"3611778102",2020,"Wayne","Walworth town","B19013G_001","Two or More Races (Non-Hispanic)",50682,32242
"3611778102",2020,"Wayne","Walworth town","B19013H_001","White (Non-Hispanic)",80488,10251
"3611778102",2020,"Wayne","Walworth town","B19013I_001","Hispanic or Latino (Any Race)",NA,NA
"3611782040",2020,"Wayne","Williamson town","B19013B_001","Black (Non-Hispanic)",2499,NA
"3611782040",2020,"Wayne","Williamson town","B19013C_001","Native American (Non-Hispanic)",NA,NA
"3611782040",2020,"Wayne","Williamson town","B19013D_001","Asian (Non-Hispanic)",NA,NA
"3611782040",2020,"Wayne","Williamson town","B19013E_001","Pacific Islander (Non-Hispanic)",NA,NA
"3611782040",2020,"Wayne","Williamson town","B19013F_001","Other (Non-Hispanic)",NA,NA
"3611782040",2020,"Wayne","Williamson town","B19013G_001","Two or More Races (Non-Hispanic)",67094,31347
"3611782040",2020,"Wayne","Williamson town","B19013H_001","White (Non-Hispanic)",68750,13975
"3611782040",2020,"Wayne","Williamson town","B19013I_001","Hispanic or Latino (Any Race)",64464,46011
"3611782689",2020,"Wayne","Wolcott town","B19013B_001","Black (Non-Hispanic)",NA,NA
"3611782689",2020,"Wayne","Wolcott town","B19013C_001","Native American (Non-Hispanic)",NA,NA
"3611782689",2020,"Wayne","Wolcott town","B19013D_001","Asian (Non-Hispanic)",NA,NA
"3611782689",2020,"Wayne","Wolcott town","B19013E_001","Pacific Islander (Non-Hispanic)",NA,NA
"3611782689",2020,"Wayne","Wolcott town","B19013F_001","Other (Non-Hispanic)",NA,NA
"3611782689",2020,"Wayne","Wolcott town","B19013G_001","Two or More Races (Non-Hispanic)",33382,22373
"3611782689",2020,"Wayne","Wolcott town","B19013H_001","White (Non-Hispanic)",54919,8696
"3611782689",2020,"Wayne","Wolcott town","B19013I_001","Hispanic or Latino (Any Race)",NA,NA
"3612304594",2020,"Yates","Barrington town","B19013B_001","Black (Non-Hispanic)",NA,NA
"3612304594",2020,"Yates","Barrington town","B19013C_001","Native American (Non-Hispanic)",NA,NA
"3612304594",2020,"Yates","Barrington town","B19013D_001","Asian (Non-Hispanic)",NA,NA
"3612304594",2020,"Yates","Barrington town","B19013E_001","Pacific Islander (Non-Hispanic)",NA,NA
"3612304594",2020,"Yates","Barrington town","B19013F_001","Other (Non-Hispanic)",NA,NA
"3612304594",2020,"Yates","Barrington town","B19013G_001","Two or More Races (Non-Hispanic)",28958,26310
"3612304594",2020,"Yates","Barrington town","B19013H_001","White (Non-Hispanic)",70000,8540
"3612304594",2020,"Yates","Barrington town","B19013I_001","Hispanic or Latino (Any Race)",NA,NA
"3612306002",2020,"Yates","Benton town","B19013B_001","Black (Non-Hispanic)",NA,NA
"3612306002",2020,"Yates","Benton town","B19013C_001","Native American (Non-Hispanic)",NA,NA
"3612306002",2020,"Yates","Benton town","B19013D_001","Asian (Non-Hispanic)",NA,NA
"3612306002",2020,"Yates","Benton town","B19013E_001","Pacific Islander (Non-Hispanic)",NA,NA
"3612306002",2020,"Yates","Benton town","B19013F_001","Other (Non-Hispanic)",NA,NA
"3612306002",2020,"Yates","Benton town","B19013G_001","Two or More Races (Non-Hispanic)",NA,NA
"3612306002",2020,"Yates","Benton town","B19013H_001","White (Non-Hispanic)",67009,13968
"3612306002",2020,"Yates","Benton town","B19013I_001","Hispanic or Latino (Any Race)",NA,NA
"3612338044",2020,"Yates","Italy town","B19013B_001","Black (Non-Hispanic)",NA,NA
"3612338044",2020,"Yates","Italy town","B19013C_001","Native American (Non-Hispanic)",NA,NA
"3612338044",2020,"Yates","Italy town","B19013D_001","Asian (Non-Hispanic)",NA,NA
"3612338044",2020,"Yates","Italy town","B19013E_001","Pacific Islander (Non-Hispanic)",NA,NA
"3612338044",2020,"Yates","Italy town","B19013F_001","Other (Non-Hispanic)",NA,NA
"3612338044",2020,"Yates","Italy town","B19013G_001","Two or More Races (Non-Hispanic)",81250,73685
"3612338044",2020,"Yates","Italy town","B19013H_001","White (Non-Hispanic)",59286,14305
"3612338044",2020,"Yates","Italy town","B19013I_001","Hispanic or Latino (Any Race)",NA,NA
"3612338583",2020,"Yates","Jerusalem town","B19013B_001","Black (Non-Hispanic)",NA,NA
"3612338583",2020,"Yates","Jerusalem town","B19013C_001","Native American (Non-Hispanic)",NA,NA
"3612338583",2020,"Yates","Jerusalem town","B19013D_001","Asian (Non-Hispanic)",NA,NA
"3612338583",2020,"Yates","Jerusalem town","B19013E_001","Pacific Islander (Non-Hispanic)",NA,NA
"3612338583",2020,"Yates","Jerusalem town","B19013F_001","Other (Non-Hispanic)",NA,NA
"3612338583",2020,"Yates","Jerusalem town","B19013G_001","Two or More Races (Non-Hispanic)",NA,NA
"3612338583",2020,"Yates","Jerusalem town","B19013H_001","White (Non-Hispanic)",64792,7289
"3612338583",2020,"Yates","Jerusalem town","B19013I_001","Hispanic or Latino (Any Race)",NA,NA
"3612347020",2020,"Yates","Middlesex town","B19013B_001","Black (Non-Hispanic)",NA,NA
"3612347020",2020,"Yates","Middlesex town","B19013C_001","Native American (Non-Hispanic)",NA,NA
"3612347020",2020,"Yates","Middlesex town","B19013D_001","Asian (Non-Hispanic)",NA,NA
"3612347020",2020,"Yates","Middlesex town","B19013E_001","Pacific Islander (Non-Hispanic)",NA,NA
"3612347020",2020,"Yates","Middlesex town","B19013F_001","Other (Non-Hispanic)",NA,NA
"3612347020",2020,"Yates","Middlesex town","B19013G_001","Two or More Races (Non-Hispanic)",NA,NA
"3612347020",2020,"Yates","Middlesex town","B19013H_001","White (Non-Hispanic)",58214,12892
"3612347020",2020,"Yates","Middlesex town","B19013I_001","Hispanic or Latino (Any Race)",NA,NA
"3612347504",2020,"Yates","Milo town","B19013B_001","Black (Non-Hispanic)",NA,NA
"3612347504",2020,"Yates","Milo town","B19013C_001","Native American (Non-Hispanic)",NA,NA
"3612347504",2020,"Yates","Milo town","B19013D_001","Asian (Non-Hispanic)",NA,NA
"3612347504",2020,"Yates","Milo town","B19013E_001","Pacific Islander (Non-Hispanic)",NA,NA
"3612347504",2020,"Yates","Milo town","B19013F_001","Other (Non-Hispanic)",NA,NA
"3612347504",2020,"Yates","Milo town","B19013G_001","Two or More Races (Non-Hispanic)",NA,NA
"3612347504",2020,"Yates","Milo town","B19013H_001","White (Non-Hispanic)",44747,9348
"3612347504",2020,"Yates","Milo town","B19013I_001","Hispanic or Latino (Any Race)",2499,NA
"3612359597",2020,"Yates","Potter town","B19013B_001","Black (Non-Hispanic)",NA,NA
"3612359597",2020,"Yates","Potter town","B19013C_001","Native American (Non-Hispanic)",NA,NA
"3612359597",2020,"Yates","Potter town","B19013D_001","Asian (Non-Hispanic)",NA,NA
"3612359597",2020,"Yates","Potter town","B19013E_001","Pacific Islander (Non-Hispanic)",NA,NA
"3612359597",2020,"Yates","Potter town","B19013F_001","Other (Non-Hispanic)",NA,NA
"3612359597",2020,"Yates","Potter town","B19013G_001","Two or More Races (Non-Hispanic)",NA,NA
"3612359597",2020,"Yates","Potter town","B19013H_001","White (Non-Hispanic)",58804,11315
"3612359597",2020,"Yates","Potter town","B19013I_001","Hispanic or Latino (Any Race)",NA,NA
"3612370816",2020,"Yates","Starkey town","B19013B_001","Black (Non-Hispanic)",NA,NA
"3612370816",2020,"Yates","Starkey town","B19013C_001","Native American (Non-Hispanic)",NA,NA
"3612370816",2020,"Yates","Starkey town","B19013D_001","Asian (Non-Hispanic)",NA,NA
"3612370816",2020,"Yates","Starkey town","B19013E_001","Pacific Islander (Non-Hispanic)",NA,NA
"3612370816",2020,"Yates","Starkey town","B19013F_001","Other (Non-Hispanic)",NA,NA
"3612370816",2020,"Yates","Starkey town","B19013G_001","Two or More Races (Non-Hispanic)",NA,NA
"3612370816",2020,"Yates","Starkey town","B19013H_001","White (Non-Hispanic)",56372,10761
"3612370816",2020,"Yates","Starkey town","B19013I_001","Hispanic or Latino (Any Race)",NA,NA
"3612375055",2020,"Yates","Torrey town","B19013B_001","Black (Non-Hispanic)",NA,NA
"3612375055",2020,"Yates","Torrey town","B19013C_001","Native American (Non-Hispanic)",NA,NA
"3612375055",2020,"Yates","Torrey town","B19013D_001","Asian (Non-Hispanic)",NA,NA
"3612375055",2020,"Yates","Torrey town","B19013E_001","Pacific Islander (Non-Hispanic)",NA,NA
"3612375055",2020,"Yates","Torrey town","B19013F_001","Other (Non-Hispanic)",NA,NA
"3612375055",2020,"Yates","Torrey town","B19013G_001","Two or More Races (Non-Hispanic)",NA,NA
"3612375055",2020,"Yates","Torrey town","B19013H_001","White (Non-Hispanic)",58077,7155
"3612375055",2020,"Yates","Torrey town","B19013I_001","Hispanic or Latino (Any Race)",NA,NA
"3603700474",2021,"Genesee","Alabama town","B19013B_001","Black (Non-Hispanic)",NA,NA
"3603700474",2021,"Genesee","Alabama town","B19013C_001","Native American (Non-Hispanic)",NA,NA
"3603700474",2021,"Genesee","Alabama town","B19013D_001","Asian (Non-Hispanic)",NA,NA
"3603700474",2021,"Genesee","Alabama town","B19013E_001","Pacific Islander (Non-Hispanic)",NA,NA
"3603700474",2021,"Genesee","Alabama town","B19013F_001","Other (Non-Hispanic)",NA,NA
"3603700474",2021,"Genesee","Alabama town","B19013G_001","Two or More Races (Non-Hispanic)",62500,44635
"3603700474",2021,"Genesee","Alabama town","B19013H_001","White (Non-Hispanic)",72976,9238
"3603700474",2021,"Genesee","Alabama town","B19013I_001","Hispanic or Latino (Any Race)",NA,NA
"3603701165",2021,"Genesee","Alexander town","B19013B_001","Black (Non-Hispanic)",NA,NA
"3603701165",2021,"Genesee","Alexander town","B19013C_001","Native American (Non-Hispanic)",NA,NA
"3603701165",2021,"Genesee","Alexander town","B19013D_001","Asian (Non-Hispanic)",NA,NA
"3603701165",2021,"Genesee","Alexander town","B19013E_001","Pacific Islander (Non-Hispanic)",NA,NA
"3603701165",2021,"Genesee","Alexander town","B19013F_001","Other (Non-Hispanic)",NA,NA
"3603701165",2021,"Genesee","Alexander town","B19013G_001","Two or More Races (Non-Hispanic)",NA,NA
"3603701165",2021,"Genesee","Alexander town","B19013H_001","White (Non-Hispanic)",75164,9762
"3603701165",2021,"Genesee","Alexander town","B19013I_001","Hispanic or Latino (Any Race)",NA,NA
"3603704715",2021,"Genesee","Batavia city","B19013B_001","Black (Non-Hispanic)",40536,28396
"3603704715",2021,"Genesee","Batavia city","B19013C_001","Native American (Non-Hispanic)",NA,NA
"3603704715",2021,"Genesee","Batavia city","B19013D_001","Asian (Non-Hispanic)",NA,NA
"3603704715",2021,"Genesee","Batavia city","B19013E_001","Pacific Islander (Non-Hispanic)",NA,NA
"3603704715",2021,"Genesee","Batavia city","B19013F_001","Other (Non-Hispanic)",NA,NA
"3603704715",2021,"Genesee","Batavia city","B19013G_001","Two or More Races (Non-Hispanic)",51186,15204
"3603704715",2021,"Genesee","Batavia city","B19013H_001","White (Non-Hispanic)",52377,4865
"3603704715",2021,"Genesee","Batavia city","B19013I_001","Hispanic or Latino (Any Race)",47454,47004
"3603704726",2021,"Genesee","Batavia town","B19013B_001","Black (Non-Hispanic)",NA,NA
"3603704726",2021,"Genesee","Batavia town","B19013C_001","Native American (Non-Hispanic)",NA,NA
"3603704726",2021,"Genesee","Batavia town","B19013D_001","Asian (Non-Hispanic)",NA,NA
"3603704726",2021,"Genesee","Batavia town","B19013E_001","Pacific Islander (Non-Hispanic)",NA,NA
"3603704726",2021,"Genesee","Batavia town","B19013F_001","Other (Non-Hispanic)",NA,NA
"3603704726",2021,"Genesee","Batavia town","B19013G_001","Two or More Races (Non-Hispanic)",NA,NA
"3603704726",2021,"Genesee","Batavia town","B19013H_001","White (Non-Hispanic)",62215,11060
"3603704726",2021,"Genesee","Batavia town","B19013I_001","Hispanic or Latino (Any Race)",NA,NA
"3603706057",2021,"Genesee","Bergen town","B19013B_001","Black (Non-Hispanic)",NA,NA
"3603706057",2021,"Genesee","Bergen town","B19013C_001","Native American (Non-Hispanic)",NA,NA
"3603706057",2021,"Genesee","Bergen town","B19013D_001","Asian (Non-Hispanic)",NA,NA
"3603706057",2021,"Genesee","Bergen town","B19013E_001","Pacific Islander (Non-Hispanic)",NA,NA
"3603706057",2021,"Genesee","Bergen town","B19013F_001","Other (Non-Hispanic)",NA,NA
"3603706057",2021,"Genesee","Bergen town","B19013G_001","Two or More Races (Non-Hispanic)",NA,NA
"3603706057",2021,"Genesee","Bergen town","B19013H_001","White (Non-Hispanic)",67361,9398
"3603706057",2021,"Genesee","Bergen town","B19013I_001","Hispanic or Latino (Any Race)",NA,NA
"3603706266",2021,"Genesee","Bethany town","B19013B_001","Black (Non-Hispanic)",NA,NA
"3603706266",2021,"Genesee","Bethany town","B19013C_001","Native American (Non-Hispanic)",NA,NA
"3603706266",2021,"Genesee","Bethany town","B19013D_001","Asian (Non-Hispanic)",NA,NA
"3603706266",2021,"Genesee","Bethany town","B19013E_001","Pacific Islander (Non-Hispanic)",NA,NA
"3603706266",2021,"Genesee","Bethany town","B19013F_001","Other (Non-Hispanic)",NA,NA
"3603706266",2021,"Genesee","Bethany town","B19013G_001","Two or More Races (Non-Hispanic)",NA,NA
"3603706266",2021,"Genesee","Bethany town","B19013H_001","White (Non-Hispanic)",63603,13563
"3603706266",2021,"Genesee","Bethany town","B19013I_001","Hispanic or Latino (Any Race)",NA,NA
"3603711572",2021,"Genesee","Byron town","B19013B_001","Black (Non-Hispanic)",NA,NA
"3603711572",2021,"Genesee","Byron town","B19013C_001","Native American (Non-Hispanic)",NA,NA
"3603711572",2021,"Genesee","Byron town","B19013D_001","Asian (Non-Hispanic)",NA,NA
"3603711572",2021,"Genesee","Byron town","B19013E_001","Pacific Islander (Non-Hispanic)",NA,NA
"3603711572",2021,"Genesee","Byron town","B19013F_001","Other (Non-Hispanic)",NA,NA
"3603711572",2021,"Genesee","Byron town","B19013G_001","Two or More Races (Non-Hispanic)",51333,1104
"3603711572",2021,"Genesee","Byron town","B19013H_001","White (Non-Hispanic)",79375,8652
"3603711572",2021,"Genesee","Byron town","B19013I_001","Hispanic or Latino (Any Race)",NA,NA
"3603719719",2021,"Genesee","Darien town","B19013B_001","Black (Non-Hispanic)",NA,NA
"3603719719",2021,"Genesee","Darien town","B19013C_001","Native American (Non-Hispanic)",NA,NA
"3603719719",2021,"Genesee","Darien town","B19013D_001","Asian (Non-Hispanic)",NA,NA
"3603719719",2021,"Genesee","Darien town","B19013E_001","Pacific Islander (Non-Hispanic)",NA,NA
"3603719719",2021,"Genesee","Darien town","B19013F_001","Other (Non-Hispanic)",NA,NA
"3603719719",2021,"Genesee","Darien town","B19013G_001","Two or More Races (Non-Hispanic)",NA,NA
"3603719719",2021,"Genesee","Darien town","B19013H_001","White (Non-Hispanic)",78371,13734
"3603719719",2021,"Genesee","Darien town","B19013I_001","Hispanic or Latino (Any Race)",NA,NA
"3603723756",2021,"Genesee","Elba town","B19013B_001","Black (Non-Hispanic)",NA,NA
"3603723756",2021,"Genesee","Elba town","B19013C_001","Native American (Non-Hispanic)",NA,NA
"3603723756",2021,"Genesee","Elba town","B19013D_001","Asian (Non-Hispanic)",NA,NA
"3603723756",2021,"Genesee","Elba town","B19013E_001","Pacific Islander (Non-Hispanic)",NA,NA
"3603723756",2021,"Genesee","Elba town","B19013F_001","Other (Non-Hispanic)",30250,7085
"3603723756",2021,"Genesee","Elba town","B19013G_001","Two or More Races (Non-Hispanic)",NA,NA
"3603723756",2021,"Genesee","Elba town","B19013H_001","White (Non-Hispanic)",74297,11790
"3603723756",2021,"Genesee","Elba town","B19013I_001","Hispanic or Latino (Any Race)",35139,9978
"3603742037",2021,"Genesee","Le Roy town","B19013B_001","Black (Non-Hispanic)",NA,NA
"3603742037",2021,"Genesee","Le Roy town","B19013C_001","Native American (Non-Hispanic)",NA,NA
"3603742037",2021,"Genesee","Le Roy town","B19013D_001","Asian (Non-Hispanic)",NA,NA
"3603742037",2021,"Genesee","Le Roy town","B19013E_001","Pacific Islander (Non-Hispanic)",NA,NA
"3603742037",2021,"Genesee","Le Roy town","B19013F_001","Other (Non-Hispanic)",NA,NA
"3603742037",2021,"Genesee","Le Roy town","B19013G_001","Two or More Races (Non-Hispanic)",NA,NA
"3603742037",2021,"Genesee","Le Roy town","B19013H_001","White (Non-Hispanic)",71412,6491
"3603742037",2021,"Genesee","Le Roy town","B19013I_001","Hispanic or Latino (Any Race)",NA,NA
"3603754166",2021,"Genesee","Oakfield town","B19013B_001","Black (Non-Hispanic)",NA,NA
"3603754166",2021,"Genesee","Oakfield town","B19013C_001","Native American (Non-Hispanic)",NA,NA
"3603754166",2021,"Genesee","Oakfield town","B19013D_001","Asian (Non-Hispanic)",NA,NA
"3603754166",2021,"Genesee","Oakfield town","B19013E_001","Pacific Islander (Non-Hispanic)",NA,NA
"3603754166",2021,"Genesee","Oakfield town","B19013F_001","Other (Non-Hispanic)",NA,NA
"3603754166",2021,"Genesee","Oakfield town","B19013G_001","Two or More Races (Non-Hispanic)",74464,31431
"3603754166",2021,"Genesee","Oakfield town","B19013H_001","White (Non-Hispanic)",57266,10810
"3603754166",2021,"Genesee","Oakfield town","B19013I_001","Hispanic or Latino (Any Race)",77750,18847
"3603756792",2021,"Genesee","Pavilion town","B19013B_001","Black (Non-Hispanic)",NA,NA
"3603756792",2021,"Genesee","Pavilion town","B19013C_001","Native American (Non-Hispanic)",NA,NA
"3603756792",2021,"Genesee","Pavilion town","B19013D_001","Asian (Non-Hispanic)",NA,NA
"3603756792",2021,"Genesee","Pavilion town","B19013E_001","Pacific Islander (Non-Hispanic)",NA,NA
"3603756792",2021,"Genesee","Pavilion town","B19013F_001","Other (Non-Hispanic)",NA,NA
"3603756792",2021,"Genesee","Pavilion town","B19013G_001","Two or More Races (Non-Hispanic)",NA,NA
"3603756792",2021,"Genesee","Pavilion town","B19013H_001","White (Non-Hispanic)",73929,7611
"3603756792",2021,"Genesee","Pavilion town","B19013I_001","Hispanic or Latino (Any Race)",NA,NA
"3603757078",2021,"Genesee","Pembroke town","B19013B_001","Black (Non-Hispanic)",NA,NA
"3603757078",2021,"Genesee","Pembroke town","B19013C_001","Native American (Non-Hispanic)",NA,NA
"3603757078",2021,"Genesee","Pembroke town","B19013D_001","Asian (Non-Hispanic)",NA,NA
"3603757078",2021,"Genesee","Pembroke town","B19013E_001","Pacific Islander (Non-Hispanic)",NA,NA
"3603757078",2021,"Genesee","Pembroke town","B19013F_001","Other (Non-Hispanic)",NA,NA
"3603757078",2021,"Genesee","Pembroke town","B19013G_001","Two or More Races (Non-Hispanic)",NA,NA
"3603757078",2021,"Genesee","Pembroke town","B19013H_001","White (Non-Hispanic)",77588,14855
"3603757078",2021,"Genesee","Pembroke town","B19013I_001","Hispanic or Latino (Any Race)",NA,NA
"3603770607",2021,"Genesee","Stafford town","B19013B_001","Black (Non-Hispanic)",NA,NA
"3603770607",2021,"Genesee","Stafford town","B19013C_001","Native American (Non-Hispanic)",NA,NA
"3603770607",2021,"Genesee","Stafford town","B19013D_001","Asian (Non-Hispanic)",NA,NA
"3603770607",2021,"Genesee","Stafford town","B19013E_001","Pacific Islander (Non-Hispanic)",NA,NA
"3603770607",2021,"Genesee","Stafford town","B19013F_001","Other (Non-Hispanic)",NA,NA
"3603770607",2021,"Genesee","Stafford town","B19013G_001","Two or More Races (Non-Hispanic)",68839,24083
"3603770607",2021,"Genesee","Stafford town","B19013H_001","White (Non-Hispanic)",73859,10388
"3603770607",2021,"Genesee","Stafford town","B19013I_001","Hispanic or Latino (Any Race)",NA,NA
"3603775011",2021,"Genesee","Tonawanda Reservation","B19013B_001","Black (Non-Hispanic)",NA,NA
"3603775011",2021,"Genesee","Tonawanda Reservation","B19013C_001","Native American (Non-Hispanic)",36146,23358
"3603775011",2021,"Genesee","Tonawanda Reservation","B19013D_001","Asian (Non-Hispanic)",NA,NA
"3603775011",2021,"Genesee","Tonawanda Reservation","B19013E_001","Pacific Islander (Non-Hispanic)",NA,NA
"3603775011",2021,"Genesee","Tonawanda Reservation","B19013F_001","Other (Non-Hispanic)",NA,NA
"3603775011",2021,"Genesee","Tonawanda Reservation","B19013G_001","Two or More Races (Non-Hispanic)",23571,13521
"3603775011",2021,"Genesee","Tonawanda Reservation","B19013H_001","White (Non-Hispanic)",NA,NA
"3603775011",2021,"Genesee","Tonawanda Reservation","B19013I_001","Hispanic or Latino (Any Race)",NA,NA
"3605103364",2021,"Livingston","Avon town","B19013B_001","Black (Non-Hispanic)",NA,NA
"3605103364",2021,"Livingston","Avon town","B19013C_001","Native American (Non-Hispanic)",NA,NA
"3605103364",2021,"Livingston","Avon town","B19013D_001","Asian (Non-Hispanic)",NA,NA
"3605103364",2021,"Livingston","Avon town","B19013E_001","Pacific Islander (Non-Hispanic)",NA,NA
"3605103364",2021,"Livingston","Avon town","B19013F_001","Other (Non-Hispanic)",NA,NA
"3605103364",2021,"Livingston","Avon town","B19013G_001","Two or More Races (Non-Hispanic)",55000,15180
"3605103364",2021,"Livingston","Avon town","B19013H_001","White (Non-Hispanic)",68604,12162
"3605103364",2021,"Livingston","Avon town","B19013I_001","Hispanic or Latino (Any Race)",NA,NA
"3605111715",2021,"Livingston","Caledonia town","B19013B_001","Black (Non-Hispanic)",32125,16856
"3605111715",2021,"Livingston","Caledonia town","B19013C_001","Native American (Non-Hispanic)",NA,NA
"3605111715",2021,"Livingston","Caledonia town","B19013D_001","Asian (Non-Hispanic)",NA,NA
"3605111715",2021,"Livingston","Caledonia town","B19013E_001","Pacific Islander (Non-Hispanic)",NA,NA
"3605111715",2021,"Livingston","Caledonia town","B19013F_001","Other (Non-Hispanic)",NA,NA
"3605111715",2021,"Livingston","Caledonia town","B19013G_001","Two or More Races (Non-Hispanic)",210734,81865
"3605111715",2021,"Livingston","Caledonia town","B19013H_001","White (Non-Hispanic)",64737,15237
"3605111715",2021,"Livingston","Caledonia town","B19013I_001","Hispanic or Latino (Any Race)",211114,526
"3605117618",2021,"Livingston","Conesus town","B19013B_001","Black (Non-Hispanic)",NA,NA
"3605117618",2021,"Livingston","Conesus town","B19013C_001","Native American (Non-Hispanic)",NA,NA
"3605117618",2021,"Livingston","Conesus town","B19013D_001","Asian (Non-Hispanic)",NA,NA
"3605117618",2021,"Livingston","Conesus town","B19013E_001","Pacific Islander (Non-Hispanic)",NA,NA
"3605117618",2021,"Livingston","Conesus town","B19013F_001","Other (Non-Hispanic)",NA,NA
"3605117618",2021,"Livingston","Conesus town","B19013G_001","Two or More Races (Non-Hispanic)",NA,NA
"3605117618",2021,"Livingston","Conesus town","B19013H_001","White (Non-Hispanic)",79856,10340
"3605117618",2021,"Livingston","Conesus town","B19013I_001","Hispanic or Latino (Any Race)",NA,NA
"3605128629",2021,"Livingston","Geneseo town","B19013B_001","Black (Non-Hispanic)",NA,NA
"3605128629",2021,"Livingston","Geneseo town","B19013C_001","Native American (Non-Hispanic)",NA,NA
"3605128629",2021,"Livingston","Geneseo town","B19013D_001","Asian (Non-Hispanic)",NA,NA
"3605128629",2021,"Livingston","Geneseo town","B19013E_001","Pacific Islander (Non-Hispanic)",NA,NA
"3605128629",2021,"Livingston","Geneseo town","B19013F_001","Other (Non-Hispanic)",NA,NA
"3605128629",2021,"Livingston","Geneseo town","B19013G_001","Two or More Races (Non-Hispanic)",NA,NA
"3605128629",2021,"Livingston","Geneseo town","B19013H_001","White (Non-Hispanic)",48910,9648
"3605128629",2021,"Livingston","Geneseo town","B19013I_001","Hispanic or Latino (Any Race)",38188,29437
"3605131016",2021,"Livingston","Groveland town","B19013B_001","Black (Non-Hispanic)",NA,NA
"3605131016",2021,"Livingston","Groveland town","B19013C_001","Native American (Non-Hispanic)",NA,NA
"3605131016",2021,"Livingston","Groveland town","B19013D_001","Asian (Non-Hispanic)",NA,NA
"3605131016",2021,"Livingston","Groveland town","B19013E_001","Pacific Islander (Non-Hispanic)",NA,NA
"3605131016",2021,"Livingston","Groveland town","B19013F_001","Other (Non-Hispanic)",NA,NA
"3605131016",2021,"Livingston","Groveland town","B19013G_001","Two or More Races (Non-Hispanic)",76420,804
"3605131016",2021,"Livingston","Groveland town","B19013H_001","White (Non-Hispanic)",80104,7784
"3605131016",2021,"Livingston","Groveland town","B19013I_001","Hispanic or Latino (Any Race)",NA,NA
"3605141883",2021,"Livingston","Leicester town","B19013B_001","Black (Non-Hispanic)",34583,3030
"3605141883",2021,"Livingston","Leicester town","B19013C_001","Native American (Non-Hispanic)",NA,NA
"3605141883",2021,"Livingston","Leicester town","B19013D_001","Asian (Non-Hispanic)",NA,NA
"3605141883",2021,"Livingston","Leicester town","B19013E_001","Pacific Islander (Non-Hispanic)",NA,NA
"3605141883",2021,"Livingston","Leicester town","B19013F_001","Other (Non-Hispanic)",NA,NA
"3605141883",2021,"Livingston","Leicester town","B19013G_001","Two or More Races (Non-Hispanic)",56250,19965
"3605141883",2021,"Livingston","Leicester town","B19013H_001","White (Non-Hispanic)",72500,8651
"3605141883",2021,"Livingston","Leicester town","B19013I_001","Hispanic or Latino (Any Race)",59250,53655
"3605142334",2021,"Livingston","Lima town","B19013B_001","Black (Non-Hispanic)",NA,NA
"3605142334",2021,"Livingston","Lima town","B19013C_001","Native American (Non-Hispanic)",NA,NA
"3605142334",2021,"Livingston","Lima town","B19013D_001","Asian (Non-Hispanic)",96083,25933
"3605142334",2021,"Livingston","Lima town","B19013E_001","Pacific Islander (Non-Hispanic)",NA,NA
"3605142334",2021,"Livingston","Lima town","B19013F_001","Other (Non-Hispanic)",NA,NA
"3605142334",2021,"Livingston","Lima town","B19013G_001","Two or More Races (Non-Hispanic)",NA,NA
"3605142334",2021,"Livingston","Lima town","B19013H_001","White (Non-Hispanic)",73750,16524
"3605142334",2021,"Livingston","Lima town","B19013I_001","Hispanic or Latino (Any Race)",NA,NA
"3605142961",2021,"Livingston","Livonia town","B19013B_001","Black (Non-Hispanic)",NA,NA
"3605142961",2021,"Livingston","Livonia town","B19013C_001","Native American (Non-Hispanic)",NA,NA
"3605142961",2021,"Livingston","Livonia town","B19013D_001","Asian (Non-Hispanic)",NA,NA
"3605142961",2021,"Livingston","Livonia town","B19013E_001","Pacific Islander (Non-Hispanic)",NA,NA
"3605142961",2021,"Livingston","Livonia town","B19013F_001","Other (Non-Hispanic)",NA,NA
"3605142961",2021,"Livingston","Livonia town","B19013G_001","Two or More Races (Non-Hispanic)",NA,NA
"3605142961",2021,"Livingston","Livonia town","B19013H_001","White (Non-Hispanic)",81279,5102
"3605142961",2021,"Livingston","Livonia town","B19013I_001","Hispanic or Latino (Any Race)",78375,30596
"3605148956",2021,"Livingston","Mount Morris town","B19013B_001","Black (Non-Hispanic)",88750,31061
"3605148956",2021,"Livingston","Mount Morris town","B19013C_001","Native American (Non-Hispanic)",NA,NA
"3605148956",2021,"Livingston","Mount Morris town","B19013D_001","Asian (Non-Hispanic)",NA,NA
"3605148956",2021,"Livingston","Mount Morris town","B19013E_001","Pacific Islander (Non-Hispanic)",NA,NA
"3605148956",2021,"Livingston","Mount Morris town","B19013F_001","Other (Non-Hispanic)",NA,NA
"3605148956",2021,"Livingston","Mount Morris town","B19013G_001","Two or More Races (Non-Hispanic)",NA,NA
"3605148956",2021,"Livingston","Mount Morris town","B19013H_001","White (Non-Hispanic)",59208,12418
"3605148956",2021,"Livingston","Mount Morris town","B19013I_001","Hispanic or Latino (Any Race)",NA,NA
"3605151869",2021,"Livingston","North Dansville town","B19013B_001","Black (Non-Hispanic)",NA,NA
"3605151869",2021,"Livingston","North Dansville town","B19013C_001","Native American (Non-Hispanic)",NA,NA
"3605151869",2021,"Livingston","North Dansville town","B19013D_001","Asian (Non-Hispanic)",NA,NA
"3605151869",2021,"Livingston","North Dansville town","B19013E_001","Pacific Islander (Non-Hispanic)",NA,NA
"3605151869",2021,"Livingston","North Dansville town","B19013F_001","Other (Non-Hispanic)",NA,NA
"3605151869",2021,"Livingston","North Dansville town","B19013G_001","Two or More Races (Non-Hispanic)",NA,NA
"3605151869",2021,"Livingston","North Dansville town","B19013H_001","White (Non-Hispanic)",56667,11501
"3605151869",2021,"Livingston","North Dansville town","B19013I_001","Hispanic or Latino (Any Race)",27143,15301
"3605154089",2021,"Livingston","Nunda town","B19013B_001","Black (Non-Hispanic)",NA,NA
"3605154089",2021,"Livingston","Nunda town","B19013C_001","Native American (Non-Hispanic)",NA,NA
"3605154089",2021,"Livingston","Nunda town","B19013D_001","Asian (Non-Hispanic)",NA,NA
"3605154089",2021,"Livingston","Nunda town","B19013E_001","Pacific Islander (Non-Hispanic)",NA,NA
"3605154089",2021,"Livingston","Nunda town","B19013F_001","Other (Non-Hispanic)",NA,NA
"3605154089",2021,"Livingston","Nunda town","B19013G_001","Two or More Races (Non-Hispanic)",49097,2202
"3605154089",2021,"Livingston","Nunda town","B19013H_001","White (Non-Hispanic)",63370,5176
"3605154089",2021,"Livingston","Nunda town","B19013I_001","Hispanic or Latino (Any Race)",NA,NA
"3605155508",2021,"Livingston","Ossian town","B19013B_001","Black (Non-Hispanic)",NA,NA
"3605155508",2021,"Livingston","Ossian town","B19013C_001","Native American (Non-Hispanic)",NA,NA
"3605155508",2021,"Livingston","Ossian town","B19013D_001","Asian (Non-Hispanic)",NA,NA
"3605155508",2021,"Livingston","Ossian town","B19013E_001","Pacific Islander (Non-Hispanic)",NA,NA
"3605155508",2021,"Livingston","Ossian town","B19013F_001","Other (Non-Hispanic)",NA,NA
"3605155508",2021,"Livingston","Ossian town","B19013G_001","Two or More Races (Non-Hispanic)",NA,NA
"3605155508",2021,"Livingston","Ossian town","B19013H_001","White (Non-Hispanic)",64464,14883
"3605155508",2021,"Livingston","Ossian town","B19013I_001","Hispanic or Latino (Any Race)",NA,NA
"3605159179",2021,"Livingston","Portage town","B19013B_001","Black (Non-Hispanic)",NA,NA
"3605159179",2021,"Livingston","Portage town","B19013C_001","Native American (Non-Hispanic)",NA,NA
"3605159179",2021,"Livingston","Portage town","B19013D_001","Asian (Non-Hispanic)",NA,NA
"3605159179",2021,"Livingston","Portage town","B19013E_001","Pacific Islander (Non-Hispanic)",NA,NA
"3605159179",2021,"Livingston","Portage town","B19013F_001","Other (Non-Hispanic)",NA,NA
"3605159179",2021,"Livingston","Portage town","B19013G_001","Two or More Races (Non-Hispanic)",NA,NA
"3605159179",2021,"Livingston","Portage town","B19013H_001","White (Non-Hispanic)",56250,15384
"3605159179",2021,"Livingston","Portage town","B19013I_001","Hispanic or Latino (Any Race)",NA,NA
"3605170101",2021,"Livingston","Sparta town","B19013B_001","Black (Non-Hispanic)",NA,NA
"3605170101",2021,"Livingston","Sparta town","B19013C_001","Native American (Non-Hispanic)",NA,NA
"3605170101",2021,"Livingston","Sparta town","B19013D_001","Asian (Non-Hispanic)",NA,NA
"3605170101",2021,"Livingston","Sparta town","B19013E_001","Pacific Islander (Non-Hispanic)",NA,NA
"3605170101",2021,"Livingston","Sparta town","B19013F_001","Other (Non-Hispanic)",NA,NA
"3605170101",2021,"Livingston","Sparta town","B19013G_001","Two or More Races (Non-Hispanic)",NA,NA
"3605170101",2021,"Livingston","Sparta town","B19013H_001","White (Non-Hispanic)",76125,4539
"3605170101",2021,"Livingston","Sparta town","B19013I_001","Hispanic or Latino (Any Race)",NA,NA
"3605170475",2021,"Livingston","Springwater town","B19013B_001","Black (Non-Hispanic)",NA,NA
"3605170475",2021,"Livingston","Springwater town","B19013C_001","Native American (Non-Hispanic)",NA,NA
"3605170475",2021,"Livingston","Springwater town","B19013D_001","Asian (Non-Hispanic)",NA,NA
"3605170475",2021,"Livingston","Springwater town","B19013E_001","Pacific Islander (Non-Hispanic)",NA,NA
"3605170475",2021,"Livingston","Springwater town","B19013F_001","Other (Non-Hispanic)",NA,NA
"3605170475",2021,"Livingston","Springwater town","B19013G_001","Two or More Races (Non-Hispanic)",62813,42476
"3605170475",2021,"Livingston","Springwater town","B19013H_001","White (Non-Hispanic)",67031,11812
"3605170475",2021,"Livingston","Springwater town","B19013I_001","Hispanic or Latino (Any Race)",NA,NA
"3605181006",2021,"Livingston","West Sparta town","B19013B_001","Black (Non-Hispanic)",NA,NA
"3605181006",2021,"Livingston","West Sparta town","B19013C_001","Native American (Non-Hispanic)",NA,NA
"3605181006",2021,"Livingston","West Sparta town","B19013D_001","Asian (Non-Hispanic)",NA,NA
"3605181006",2021,"Livingston","West Sparta town","B19013E_001","Pacific Islander (Non-Hispanic)",NA,NA
"3605181006",2021,"Livingston","West Sparta town","B19013F_001","Other (Non-Hispanic)",NA,NA
"3605181006",2021,"Livingston","West Sparta town","B19013G_001","Two or More Races (Non-Hispanic)",NA,NA
"3605181006",2021,"Livingston","West Sparta town","B19013H_001","White (Non-Hispanic)",60074,17703
"3605181006",2021,"Livingston","West Sparta town","B19013I_001","Hispanic or Latino (Any Race)",NA,NA
"3605184022",2021,"Livingston","York town","B19013B_001","Black (Non-Hispanic)",NA,NA
"3605184022",2021,"Livingston","York town","B19013C_001","Native American (Non-Hispanic)",NA,NA
"3605184022",2021,"Livingston","York town","B19013D_001","Asian (Non-Hispanic)",NA,NA
"3605184022",2021,"Livingston","York town","B19013E_001","Pacific Islander (Non-Hispanic)",NA,NA
"3605184022",2021,"Livingston","York town","B19013F_001","Other (Non-Hispanic)",NA,NA
"3605184022",2021,"Livingston","York town","B19013G_001","Two or More Races (Non-Hispanic)",NA,NA
"3605184022",2021,"Livingston","York town","B19013H_001","White (Non-Hispanic)",72344,13582
"3605184022",2021,"Livingston","York town","B19013I_001","Hispanic or Latino (Any Race)",NA,NA
"3605500000",2021,"Monroe","County subdivisions not defined","B19013B_001","Black (Non-Hispanic)",NA,NA
"3605500000",2021,"Monroe","County subdivisions not defined","B19013C_001","Native American (Non-Hispanic)",NA,NA
"3605500000",2021,"Monroe","County subdivisions not defined","B19013D_001","Asian (Non-Hispanic)",NA,NA
"3605500000",2021,"Monroe","County subdivisions not defined","B19013E_001","Pacific Islander (Non-Hispanic)",NA,NA
"3605500000",2021,"Monroe","County subdivisions not defined","B19013F_001","Other (Non-Hispanic)",NA,NA
"3605500000",2021,"Monroe","County subdivisions not defined","B19013G_001","Two or More Races (Non-Hispanic)",NA,NA
"3605500000",2021,"Monroe","County subdivisions not defined","B19013H_001","White (Non-Hispanic)",NA,NA
"3605500000",2021,"Monroe","County subdivisions not defined","B19013I_001","Hispanic or Latino (Any Race)",NA,NA
"3605508246",2021,"Monroe","Brighton town","B19013B_001","Black (Non-Hispanic)",45750,15338
"3605508246",2021,"Monroe","Brighton town","B19013C_001","Native American (Non-Hispanic)",NA,NA
"3605508246",2021,"Monroe","Brighton town","B19013D_001","Asian (Non-Hispanic)",60885,16096
"3605508246",2021,"Monroe","Brighton town","B19013E_001","Pacific Islander (Non-Hispanic)",NA,NA
"3605508246",2021,"Monroe","Brighton town","B19013F_001","Other (Non-Hispanic)",NA,NA
"3605508246",2021,"Monroe","Brighton town","B19013G_001","Two or More Races (Non-Hispanic)",61053,18740
"3605508246",2021,"Monroe","Brighton town","B19013H_001","White (Non-Hispanic)",80262,4026
"3605508246",2021,"Monroe","Brighton town","B19013I_001","Hispanic or Latino (Any Race)",69013,25871
"3605515462",2021,"Monroe","Chili town","B19013B_001","Black (Non-Hispanic)",48763,6076
"3605515462",2021,"Monroe","Chili town","B19013C_001","Native American (Non-Hispanic)",NA,NA
"3605515462",2021,"Monroe","Chili town","B19013D_001","Asian (Non-Hispanic)",185233,39985
"3605515462",2021,"Monroe","Chili town","B19013E_001","Pacific Islander (Non-Hispanic)",NA,NA
"3605515462",2021,"Monroe","Chili town","B19013F_001","Other (Non-Hispanic)",90525,46211
"3605515462",2021,"Monroe","Chili town","B19013G_001","Two or More Races (Non-Hispanic)",87670,38963
"3605515462",2021,"Monroe","Chili town","B19013H_001","White (Non-Hispanic)",84255,6030
"3605515462",2021,"Monroe","Chili town","B19013I_001","Hispanic or Latino (Any Race)",72440,45078
"3605515957",2021,"Monroe","Clarkson town","B19013B_001","Black (Non-Hispanic)",NA,NA
"3605515957",2021,"Monroe","Clarkson town","B19013C_001","Native American (Non-Hispanic)",NA,NA
"3605515957",2021,"Monroe","Clarkson town","B19013D_001","Asian (Non-Hispanic)",NA,NA
"3605515957",2021,"Monroe","Clarkson town","B19013E_001","Pacific Islander (Non-Hispanic)",NA,NA
"3605515957",2021,"Monroe","Clarkson town","B19013F_001","Other (Non-Hispanic)",NA,NA
"3605515957",2021,"Monroe","Clarkson town","B19013G_001","Two or More Races (Non-Hispanic)",NA,NA
"3605515957",2021,"Monroe","Clarkson town","B19013H_001","White (Non-Hispanic)",68260,6976
"3605515957",2021,"Monroe","Clarkson town","B19013I_001","Hispanic or Latino (Any Race)",NA,NA
"3605522870",2021,"Monroe","East Rochester town","B19013B_001","Black (Non-Hispanic)",NA,NA
"3605522870",2021,"Monroe","East Rochester town","B19013C_001","Native American (Non-Hispanic)",NA,NA
"3605522870",2021,"Monroe","East Rochester town","B19013D_001","Asian (Non-Hispanic)",NA,NA
"3605522870",2021,"Monroe","East Rochester town","B19013E_001","Pacific Islander (Non-Hispanic)",NA,NA
"3605522870",2021,"Monroe","East Rochester town","B19013F_001","Other (Non-Hispanic)",NA,NA
"3605522870",2021,"Monroe","East Rochester town","B19013G_001","Two or More Races (Non-Hispanic)",NA,NA
"3605522870",2021,"Monroe","East Rochester town","B19013H_001","White (Non-Hispanic)",61172,11633
"3605522870",2021,"Monroe","East Rochester town","B19013I_001","Hispanic or Latino (Any Race)",75000,36523
"3605528442",2021,"Monroe","Gates town","B19013B_001","Black (Non-Hispanic)",73289,15959
"3605528442",2021,"Monroe","Gates town","B19013C_001","Native American (Non-Hispanic)",NA,NA
"3605528442",2021,"Monroe","Gates town","B19013D_001","Asian (Non-Hispanic)",76186,27454
"3605528442",2021,"Monroe","Gates town","B19013E_001","Pacific Islander (Non-Hispanic)",NA,NA
"3605528442",2021,"Monroe","Gates town","B19013F_001","Other (Non-Hispanic)",62974,29148
"3605528442",2021,"Monroe","Gates town","B19013G_001","Two or More Races (Non-Hispanic)",88008,20061
"3605528442",2021,"Monroe","Gates town","B19013H_001","White (Non-Hispanic)",69760,3904
"3605528442",2021,"Monroe","Gates town","B19013I_001","Hispanic or Latino (Any Race)",93125,20345
"3605530290",2021,"Monroe","Greece town","B19013B_001","Black (Non-Hispanic)",49849,15693
"3605530290",2021,"Monroe","Greece town","B19013C_001","Native American (Non-Hispanic)",61875,44371
"3605530290",2021,"Monroe","Greece town","B19013D_001","Asian (Non-Hispanic)",79083,40433
"3605530290",2021,"Monroe","Greece town","B19013E_001","Pacific Islander (Non-Hispanic)",NA,NA
"3605530290",2021,"Monroe","Greece town","B19013F_001","Other (Non-Hispanic)",53320,32022
"3605530290",2021,"Monroe","Greece town","B19013G_001","Two or More Races (Non-Hispanic)",54028,15410
"3605530290",2021,"Monroe","Greece town","B19013H_001","White (Non-Hispanic)",73663,1900
"3605530290",2021,"Monroe","Greece town","B19013I_001","Hispanic or Latino (Any Race)",41949,11792
"3605531797",2021,"Monroe","Hamlin town","B19013B_001","Black (Non-Hispanic)",NA,NA
"3605531797",2021,"Monroe","Hamlin town","B19013C_001","Native American (Non-Hispanic)",NA,NA
"3605531797",2021,"Monroe","Hamlin town","B19013D_001","Asian (Non-Hispanic)",NA,NA
"3605531797",2021,"Monroe","Hamlin town","B19013E_001","Pacific Islander (Non-Hispanic)",NA,NA
"3605531797",2021,"Monroe","Hamlin town","B19013F_001","Other (Non-Hispanic)",NA,NA
"3605531797",2021,"Monroe","Hamlin town","B19013G_001","Two or More Races (Non-Hispanic)",53750,36331
"3605531797",2021,"Monroe","Hamlin town","B19013H_001","White (Non-Hispanic)",68635,10301
"3605531797",2021,"Monroe","Hamlin town","B19013I_001","Hispanic or Latino (Any Race)",NA,NA
"3605534099",2021,"Monroe","Henrietta town","B19013B_001","Black (Non-Hispanic)",64923,8556
"3605534099",2021,"Monroe","Henrietta town","B19013C_001","Native American (Non-Hispanic)",NA,NA
"3605534099",2021,"Monroe","Henrietta town","B19013D_001","Asian (Non-Hispanic)",45750,7891
"3605534099",2021,"Monroe","Henrietta town","B19013E_001","Pacific Islander (Non-Hispanic)",NA,NA
"3605534099",2021,"Monroe","Henrietta town","B19013F_001","Other (Non-Hispanic)",68913,59906
"3605534099",2021,"Monroe","Henrietta town","B19013G_001","Two or More Races (Non-Hispanic)",NA,NA
"3605534099",2021,"Monroe","Henrietta town","B19013H_001","White (Non-Hispanic)",79656,6027
"3605534099",2021,"Monroe","Henrietta town","B19013I_001","Hispanic or Latino (Any Race)",99737,61875
"3605537726",2021,"Monroe","Irondequoit town","B19013B_001","Black (Non-Hispanic)",50469,5717
"3605537726",2021,"Monroe","Irondequoit town","B19013C_001","Native American (Non-Hispanic)",NA,NA
"3605537726",2021,"Monroe","Irondequoit town","B19013D_001","Asian (Non-Hispanic)",NA,NA
"3605537726",2021,"Monroe","Irondequoit town","B19013E_001","Pacific Islander (Non-Hispanic)",NA,NA
"3605537726",2021,"Monroe","Irondequoit town","B19013F_001","Other (Non-Hispanic)",36316,18446
"3605537726",2021,"Monroe","Irondequoit town","B19013G_001","Two or More Races (Non-Hispanic)",65711,19086
"3605537726",2021,"Monroe","Irondequoit town","B19013H_001","White (Non-Hispanic)",71519,3839
"3605537726",2021,"Monroe","Irondequoit town","B19013I_001","Hispanic or Latino (Any Race)",65485,20980
"3605546558",2021,"Monroe","Mendon town","B19013B_001","Black (Non-Hispanic)",NA,NA
"3605546558",2021,"Monroe","Mendon town","B19013C_001","Native American (Non-Hispanic)",NA,NA
"3605546558",2021,"Monroe","Mendon town","B19013D_001","Asian (Non-Hispanic)",NA,NA
"3605546558",2021,"Monroe","Mendon town","B19013E_001","Pacific Islander (Non-Hispanic)",NA,NA
"3605546558",2021,"Monroe","Mendon town","B19013F_001","Other (Non-Hispanic)",NA,NA
"3605546558",2021,"Monroe","Mendon town","B19013G_001","Two or More Races (Non-Hispanic)",174643,120888
"3605546558",2021,"Monroe","Mendon town","B19013H_001","White (Non-Hispanic)",112115,16096
"3605546558",2021,"Monroe","Mendon town","B19013I_001","Hispanic or Latino (Any Race)",191691,147154
"3605554474",2021,"Monroe","Ogden town","B19013B_001","Black (Non-Hispanic)",72569,27629
"3605554474",2021,"Monroe","Ogden town","B19013C_001","Native American (Non-Hispanic)",NA,NA
"3605554474",2021,"Monroe","Ogden town","B19013D_001","Asian (Non-Hispanic)",NA,NA
"3605554474",2021,"Monroe","Ogden town","B19013E_001","Pacific Islander (Non-Hispanic)",NA,NA
"3605554474",2021,"Monroe","Ogden town","B19013F_001","Other (Non-Hispanic)",NA,NA
"3605554474",2021,"Monroe","Ogden town","B19013G_001","Two or More Races (Non-Hispanic)",156553,53440
"3605554474",2021,"Monroe","Ogden town","B19013H_001","White (Non-Hispanic)",80081,9087
"3605554474",2021,"Monroe","Ogden town","B19013I_001","Hispanic or Latino (Any Race)",NA,NA
"3605556561",2021,"Monroe","Parma town","B19013B_001","Black (Non-Hispanic)",NA,NA
"3605556561",2021,"Monroe","Parma town","B19013C_001","Native American (Non-Hispanic)",NA,NA
"3605556561",2021,"Monroe","Parma town","B19013D_001","Asian (Non-Hispanic)",NA,NA
"3605556561",2021,"Monroe","Parma town","B19013E_001","Pacific Islander (Non-Hispanic)",NA,NA
"3605556561",2021,"Monroe","Parma town","B19013F_001","Other (Non-Hispanic)",NA,NA
"3605556561",2021,"Monroe","Parma town","B19013G_001","Two or More Races (Non-Hispanic)",59276,32769
"3605556561",2021,"Monroe","Parma town","B19013H_001","White (Non-Hispanic)",83741,7171
"3605556561",2021,"Monroe","Parma town","B19013I_001","Hispanic or Latino (Any Race)",59523,24627
"3605557144",2021,"Monroe","Penfield town","B19013B_001","Black (Non-Hispanic)",46198,38653
"3605557144",2021,"Monroe","Penfield town","B19013C_001","Native American (Non-Hispanic)",NA,NA
"3605557144",2021,"Monroe","Penfield town","B19013D_001","Asian (Non-Hispanic)",NA,NA
"3605557144",2021,"Monroe","Penfield town","B19013E_001","Pacific Islander (Non-Hispanic)",NA,NA
"3605557144",2021,"Monroe","Penfield town","B19013F_001","Other (Non-Hispanic)",NA,NA
"3605557144",2021,"Monroe","Penfield town","B19013G_001","Two or More Races (Non-Hispanic)",NA,NA
"3605557144",2021,"Monroe","Penfield town","B19013H_001","White (Non-Hispanic)",101325,5957
"3605557144",2021,"Monroe","Penfield town","B19013I_001","Hispanic or Latino (Any Race)",NA,NA
"3605557221",2021,"Monroe","Perinton town","B19013B_001","Black (Non-Hispanic)",40938,36937
"3605557221",2021,"Monroe","Perinton town","B19013C_001","Native American (Non-Hispanic)",NA,NA
"3605557221",2021,"Monroe","Perinton town","B19013D_001","Asian (Non-Hispanic)",90368,20528
"3605557221",2021,"Monroe","Perinton town","B19013E_001","Pacific Islander (Non-Hispanic)",NA,NA
"3605557221",2021,"Monroe","Perinton town","B19013F_001","Other (Non-Hispanic)",NA,NA
"3605557221",2021,"Monroe","Perinton town","B19013G_001","Two or More Races (Non-Hispanic)",84028,33248
"3605557221",2021,"Monroe","Perinton town","B19013H_001","White (Non-Hispanic)",100880,5071
"3605557221",2021,"Monroe","Perinton town","B19013I_001","Hispanic or Latino (Any Race)",82778,51097
"3605558365",2021,"Monroe","Pittsford town","B19013B_001","Black (Non-Hispanic)",78850,37081
"3605558365",2021,"Monroe","Pittsford town","B19013C_001","Native American (Non-Hispanic)",NA,NA
"3605558365",2021,"Monroe","Pittsford town","B19013D_001","Asian (Non-Hispanic)",224531,60864
"3605558365",2021,"Monroe","Pittsford town","B19013E_001","Pacific Islander (Non-Hispanic)",NA,NA
"3605558365",2021,"Monroe","Pittsford town","B19013F_001","Other (Non-Hispanic)",115357,87172
"3605558365",2021,"Monroe","Pittsford town","B19013G_001","Two or More Races (Non-Hispanic)",178125,49324
"3605558365",2021,"Monroe","Pittsford town","B19013H_001","White (Non-Hispanic)",123261,10779
"3605558365",2021,"Monroe","Pittsford town","B19013I_001","Hispanic or Latino (Any Race)",72917,65327
"3605561808",2021,"Monroe","Riga town","B19013B_001","Black (Non-Hispanic)",NA,NA
"3605561808",2021,"Monroe","Riga town","B19013C_001","Native American (Non-Hispanic)",NA,NA
"3605561808",2021,"Monroe","Riga town","B19013D_001","Asian (Non-Hispanic)",NA,NA
"3605561808",2021,"Monroe","Riga town","B19013E_001","Pacific Islander (Non-Hispanic)",NA,NA
"3605561808",2021,"Monroe","Riga town","B19013F_001","Other (Non-Hispanic)",NA,NA
"3605561808",2021,"Monroe","Riga town","B19013G_001","Two or More Races (Non-Hispanic)",101083,1254
"3605561808",2021,"Monroe","Riga town","B19013H_001","White (Non-Hispanic)",81250,10204
"3605561808",2021,"Monroe","Riga town","B19013I_001","Hispanic or Latino (Any Race)",NA,NA
"3605563000",2021,"Monroe","Rochester city","B19013B_001","Black (Non-Hispanic)",30528,1649
"3605563000",2021,"Monroe","Rochester city","B19013C_001","Native American (Non-Hispanic)",29516,3633
"3605563000",2021,"Monroe","Rochester city","B19013D_001","Asian (Non-Hispanic)",43198,10795
"3605563000",2021,"Monroe","Rochester city","B19013E_001","Pacific Islander (Non-Hispanic)",NA,NA
"3605563000",2021,"Monroe","Rochester city","B19013F_001","Other (Non-Hispanic)",32191,6637
"3605563000",2021,"Monroe","Rochester city","B19013G_001","Two or More Races (Non-Hispanic)",33524,2835
"3605563000",2021,"Monroe","Rochester city","B19013H_001","White (Non-Hispanic)",52839,2290
"3605563000",2021,"Monroe","Rochester city","B19013I_001","Hispanic or Latino (Any Race)",28541,2723
"3605564144",2021,"Monroe","Rush town","B19013B_001","Black (Non-Hispanic)",NA,NA
"3605564144",2021,"Monroe","Rush town","B19013C_001","Native American (Non-Hispanic)",NA,NA
"3605564144",2021,"Monroe","Rush town","B19013D_001","Asian (Non-Hispanic)",NA,NA
"3605564144",2021,"Monroe","Rush town","B19013E_001","Pacific Islander (Non-Hispanic)",NA,NA
"3605564144",2021,"Monroe","Rush town","B19013F_001","Other (Non-Hispanic)",NA,NA
"3605564144",2021,"Monroe","Rush town","B19013G_001","Two or More Races (Non-Hispanic)",NA,NA
"3605564144",2021,"Monroe","Rush town","B19013H_001","White (Non-Hispanic)",98214,19815
"3605564144",2021,"Monroe","Rush town","B19013I_001","Hispanic or Latino (Any Race)",NA,NA
"3605572455",2021,"Monroe","Sweden town","B19013B_001","Black (Non-Hispanic)",32031,29238
"3605572455",2021,"Monroe","Sweden town","B19013C_001","Native American (Non-Hispanic)",NA,NA
"3605572455",2021,"Monroe","Sweden town","B19013D_001","Asian (Non-Hispanic)",178750,117693
"3605572455",2021,"Monroe","Sweden town","B19013E_001","Pacific Islander (Non-Hispanic)",NA,NA
"3605572455",2021,"Monroe","Sweden town","B19013F_001","Other (Non-Hispanic)",13125,3864
"3605572455",2021,"Monroe","Sweden town","B19013G_001","Two or More Races (Non-Hispanic)",NA,NA
"3605572455",2021,"Monroe","Sweden town","B19013H_001","White (Non-Hispanic)",61466,9784
"3605572455",2021,"Monroe","Sweden town","B19013I_001","Hispanic or Latino (Any Race)",11573,2040
"3605578971",2021,"Monroe","Webster town","B19013B_001","Black (Non-Hispanic)",NA,NA
"3605578971",2021,"Monroe","Webster town","B19013C_001","Native American (Non-Hispanic)",NA,NA
"3605578971",2021,"Monroe","Webster town","B19013D_001","Asian (Non-Hispanic)",94333,17354
"3605578971",2021,"Monroe","Webster town","B19013E_001","Pacific Islander (Non-Hispanic)",NA,NA
"3605578971",2021,"Monroe","Webster town","B19013F_001","Other (Non-Hispanic)",107891,53660
"3605578971",2021,"Monroe","Webster town","B19013G_001","Two or More Races (Non-Hispanic)",91027,31812
"3605578971",2021,"Monroe","Webster town","B19013H_001","White (Non-Hispanic)",81842,4368
"3605578971",2021,"Monroe","Webster town","B19013I_001","Hispanic or Latino (Any Race)",62759,4930
"3605581402",2021,"Monroe","Wheatland town","B19013B_001","Black (Non-Hispanic)",NA,NA
"3605581402",2021,"Monroe","Wheatland town","B19013C_001","Native American (Non-Hispanic)",NA,NA
"3605581402",2021,"Monroe","Wheatland town","B19013D_001","Asian (Non-Hispanic)",NA,NA
"3605581402",2021,"Monroe","Wheatland town","B19013E_001","Pacific Islander (Non-Hispanic)",NA,NA
"3605581402",2021,"Monroe","Wheatland town","B19013F_001","Other (Non-Hispanic)",NA,NA
"3605581402",2021,"Monroe","Wheatland town","B19013G_001","Two or More Races (Non-Hispanic)",72054,43253
"3605581402",2021,"Monroe","Wheatland town","B19013H_001","White (Non-Hispanic)",68351,6384
"3605581402",2021,"Monroe","Wheatland town","B19013I_001","Hispanic or Latino (Any Race)",NA,NA
"3606908378",2021,"Ontario","Bristol town","B19013B_001","Black (Non-Hispanic)",NA,NA
"3606908378",2021,"Ontario","Bristol town","B19013C_001","Native American (Non-Hispanic)",NA,NA
"3606908378",2021,"Ontario","Bristol town","B19013D_001","Asian (Non-Hispanic)",NA,NA
"3606908378",2021,"Ontario","Bristol town","B19013E_001","Pacific Islander (Non-Hispanic)",NA,NA
"3606908378",2021,"Ontario","Bristol town","B19013F_001","Other (Non-Hispanic)",NA,NA
"3606908378",2021,"Ontario","Bristol town","B19013G_001","Two or More Races (Non-Hispanic)",NA,NA
"3606908378",2021,"Ontario","Bristol town","B19013H_001","White (Non-Hispanic)",77800,14912
"3606908378",2021,"Ontario","Bristol town","B19013I_001","Hispanic or Latino (Any Race)",NA,NA
"3606912100",2021,"Ontario","Canadice town","B19013B_001","Black (Non-Hispanic)",NA,NA
"3606912100",2021,"Ontario","Canadice town","B19013C_001","Native American (Non-Hispanic)",NA,NA
"3606912100",2021,"Ontario","Canadice town","B19013D_001","Asian (Non-Hispanic)",NA,NA
"3606912100",2021,"Ontario","Canadice town","B19013E_001","Pacific Islander (Non-Hispanic)",NA,NA
"3606912100",2021,"Ontario","Canadice town","B19013F_001","Other (Non-Hispanic)",NA,NA
"3606912100",2021,"Ontario","Canadice town","B19013G_001","Two or More Races (Non-Hispanic)",NA,NA
"3606912100",2021,"Ontario","Canadice town","B19013H_001","White (Non-Hispanic)",62716,7066
"3606912100",2021,"Ontario","Canadice town","B19013I_001","Hispanic or Latino (Any Race)",72917,66201
"3606912144",2021,"Ontario","Canandaigua city","B19013B_001","Black (Non-Hispanic)",19736,12021
"3606912144",2021,"Ontario","Canandaigua city","B19013C_001","Native American (Non-Hispanic)",NA,NA
"3606912144",2021,"Ontario","Canandaigua city","B19013D_001","Asian (Non-Hispanic)",NA,NA
"3606912144",2021,"Ontario","Canandaigua city","B19013E_001","Pacific Islander (Non-Hispanic)",NA,NA
"3606912144",2021,"Ontario","Canandaigua city","B19013F_001","Other (Non-Hispanic)",NA,NA
"3606912144",2021,"Ontario","Canandaigua city","B19013G_001","Two or More Races (Non-Hispanic)",NA,NA
"3606912144",2021,"Ontario","Canandaigua city","B19013H_001","White (Non-Hispanic)",53656,6504
"3606912144",2021,"Ontario","Canandaigua city","B19013I_001","Hispanic or Latino (Any Race)",70969,38429
"3606912155",2021,"Ontario","Canandaigua town","B19013B_001","Black (Non-Hispanic)",NA,NA
"3606912155",2021,"Ontario","Canandaigua town","B19013C_001","Native American (Non-Hispanic)",NA,NA
"3606912155",2021,"Ontario","Canandaigua town","B19013D_001","Asian (Non-Hispanic)",NA,NA
"3606912155",2021,"Ontario","Canandaigua town","B19013E_001","Pacific Islander (Non-Hispanic)",NA,NA
"3606912155",2021,"Ontario","Canandaigua town","B19013F_001","Other (Non-Hispanic)",NA,NA
"3606912155",2021,"Ontario","Canandaigua town","B19013G_001","Two or More Races (Non-Hispanic)",NA,NA
"3606912155",2021,"Ontario","Canandaigua town","B19013H_001","White (Non-Hispanic)",93770,12747
"3606912155",2021,"Ontario","Canandaigua town","B19013I_001","Hispanic or Latino (Any Race)",64432,10258
"3606921699",2021,"Ontario","East Bloomfield town","B19013B_001","Black (Non-Hispanic)",NA,NA
"3606921699",2021,"Ontario","East Bloomfield town","B19013C_001","Native American (Non-Hispanic)",NA,NA
"3606921699",2021,"Ontario","East Bloomfield town","B19013D_001","Asian (Non-Hispanic)",NA,NA
"3606921699",2021,"Ontario","East Bloomfield town","B19013E_001","Pacific Islander (Non-Hispanic)",NA,NA
"3606921699",2021,"Ontario","East Bloomfield town","B19013F_001","Other (Non-Hispanic)",NA,NA
"3606921699",2021,"Ontario","East Bloomfield town","B19013G_001","Two or More Races (Non-Hispanic)",NA,NA
"3606921699",2021,"Ontario","East Bloomfield town","B19013H_001","White (Non-Hispanic)",79781,7757
"3606921699",2021,"Ontario","East Bloomfield town","B19013I_001","Hispanic or Latino (Any Race)",NA,NA
"3606925406",2021,"Ontario","Farmington town","B19013B_001","Black (Non-Hispanic)",52536,51271
"3606925406",2021,"Ontario","Farmington town","B19013C_001","Native American (Non-Hispanic)",NA,NA
"3606925406",2021,"Ontario","Farmington town","B19013D_001","Asian (Non-Hispanic)",NA,NA
"3606925406",2021,"Ontario","Farmington town","B19013E_001","Pacific Islander (Non-Hispanic)",NA,NA
"3606925406",2021,"Ontario","Farmington town","B19013F_001","Other (Non-Hispanic)",NA,NA
"3606925406",2021,"Ontario","Farmington town","B19013G_001","Two or More Races (Non-Hispanic)",NA,NA
"3606925406",2021,"Ontario","Farmington town","B19013H_001","White (Non-Hispanic)",76659,8881
"3606925406",2021,"Ontario","Farmington town","B19013I_001","Hispanic or Latino (Any Race)",NA,NA
"3606928640",2021,"Ontario","Geneva city","B19013B_001","Black (Non-Hispanic)",36750,24191
"3606928640",2021,"Ontario","Geneva city","B19013C_001","Native American (Non-Hispanic)",NA,NA
"3606928640",2021,"Ontario","Geneva city","B19013D_001","Asian (Non-Hispanic)",NA,NA
"3606928640",2021,"Ontario","Geneva city","B19013E_001","Pacific Islander (Non-Hispanic)",NA,NA
"3606928640",2021,"Ontario","Geneva city","B19013F_001","Other (Non-Hispanic)",30353,3295
"3606928640",2021,"Ontario","Geneva city","B19013G_001","Two or More Races (Non-Hispanic)",67583,24023
"3606928640",2021,"Ontario","Geneva city","B19013H_001","White (Non-Hispanic)",58072,6117
"3606928640",2021,"Ontario","Geneva city","B19013I_001","Hispanic or Latino (Any Race)",35156,21294
"3606928651",2021,"Ontario","Geneva town","B19013B_001","Black (Non-Hispanic)",63854,36288
"3606928651",2021,"Ontario","Geneva town","B19013C_001","Native American (Non-Hispanic)",NA,NA
"3606928651",2021,"Ontario","Geneva town","B19013D_001","Asian (Non-Hispanic)",NA,NA
"3606928651",2021,"Ontario","Geneva town","B19013E_001","Pacific Islander (Non-Hispanic)",NA,NA
"3606928651",2021,"Ontario","Geneva town","B19013F_001","Other (Non-Hispanic)",NA,NA
"3606928651",2021,"Ontario","Geneva town","B19013G_001","Two or More Races (Non-Hispanic)",NA,NA
"3606928651",2021,"Ontario","Geneva town","B19013H_001","White (Non-Hispanic)",72619,12147
"3606928651",2021,"Ontario","Geneva town","B19013I_001","Hispanic or Latino (Any Race)",NA,NA
"3606929531",2021,"Ontario","Gorham town","B19013B_001","Black (Non-Hispanic)",NA,NA
"3606929531",2021,"Ontario","Gorham town","B19013C_001","Native American (Non-Hispanic)",NA,NA
"3606929531",2021,"Ontario","Gorham town","B19013D_001","Asian (Non-Hispanic)",NA,NA
"3606929531",2021,"Ontario","Gorham town","B19013E_001","Pacific Islander (Non-Hispanic)",NA,NA
"3606929531",2021,"Ontario","Gorham town","B19013F_001","Other (Non-Hispanic)",NA,NA
"3606929531",2021,"Ontario","Gorham town","B19013G_001","Two or More Races (Non-Hispanic)",NA,NA
"3606929531",2021,"Ontario","Gorham town","B19013H_001","White (Non-Hispanic)",65089,7844
"3606929531",2021,"Ontario","Gorham town","B19013I_001","Hispanic or Latino (Any Race)",NA,NA
"3606935551",2021,"Ontario","Hopewell town","B19013B_001","Black (Non-Hispanic)",NA,NA
"3606935551",2021,"Ontario","Hopewell town","B19013C_001","Native American (Non-Hispanic)",NA,NA
"3606935551",2021,"Ontario","Hopewell town","B19013D_001","Asian (Non-Hispanic)",NA,NA
"3606935551",2021,"Ontario","Hopewell town","B19013E_001","Pacific Islander (Non-Hispanic)",NA,NA
"3606935551",2021,"Ontario","Hopewell town","B19013F_001","Other (Non-Hispanic)",NA,NA
"3606935551",2021,"Ontario","Hopewell town","B19013G_001","Two or More Races (Non-Hispanic)",NA,NA
"3606935551",2021,"Ontario","Hopewell town","B19013H_001","White (Non-Hispanic)",69519,13901
"3606935551",2021,"Ontario","Hopewell town","B19013I_001","Hispanic or Latino (Any Race)",NA,NA
"3606944864",2021,"Ontario","Manchester town","B19013B_001","Black (Non-Hispanic)",2499,NA
"3606944864",2021,"Ontario","Manchester town","B19013C_001","Native American (Non-Hispanic)",NA,NA
"3606944864",2021,"Ontario","Manchester town","B19013D_001","Asian (Non-Hispanic)",NA,NA
"3606944864",2021,"Ontario","Manchester town","B19013E_001","Pacific Islander (Non-Hispanic)",NA,NA
"3606944864",2021,"Ontario","Manchester town","B19013F_001","Other (Non-Hispanic)",NA,NA
"3606944864",2021,"Ontario","Manchester town","B19013G_001","Two or More Races (Non-Hispanic)",75694,73902
"3606944864",2021,"Ontario","Manchester town","B19013H_001","White (Non-Hispanic)",63855,5559
"3606944864",2021,"Ontario","Manchester town","B19013I_001","Hispanic or Latino (Any Race)",55000,41555
"3606949440",2021,"Ontario","Naples town","B19013B_001","Black (Non-Hispanic)",NA,NA
"3606949440",2021,"Ontario","Naples town","B19013C_001","Native American (Non-Hispanic)",NA,NA
"3606949440",2021,"Ontario","Naples town","B19013D_001","Asian (Non-Hispanic)",NA,NA
"3606949440",2021,"Ontario","Naples town","B19013E_001","Pacific Islander (Non-Hispanic)",NA,NA
"3606949440",2021,"Ontario","Naples town","B19013F_001","Other (Non-Hispanic)",NA,NA
"3606949440",2021,"Ontario","Naples town","B19013G_001","Two or More Races (Non-Hispanic)",NA,NA
"3606949440",2021,"Ontario","Naples town","B19013H_001","White (Non-Hispanic)",54063,7118
"3606949440",2021,"Ontario","Naples town","B19013I_001","Hispanic or Latino (Any Race)",NA,NA
"3606957529",2021,"Ontario","Phelps town","B19013B_001","Black (Non-Hispanic)",NA,NA
"3606957529",2021,"Ontario","Phelps town","B19013C_001","Native American (Non-Hispanic)",NA,NA
"3606957529",2021,"Ontario","Phelps town","B19013D_001","Asian (Non-Hispanic)",NA,NA
"3606957529",2021,"Ontario","Phelps town","B19013E_001","Pacific Islander (Non-Hispanic)",NA,NA
"3606957529",2021,"Ontario","Phelps town","B19013F_001","Other (Non-Hispanic)",110323,101681
"3606957529",2021,"Ontario","Phelps town","B19013G_001","Two or More Races (Non-Hispanic)",250001,NA
"3606957529",2021,"Ontario","Phelps town","B19013H_001","White (Non-Hispanic)",76616,11455
"3606957529",2021,"Ontario","Phelps town","B19013I_001","Hispanic or Latino (Any Race)",78542,57471
"3606961544",2021,"Ontario","Richmond town","B19013B_001","Black (Non-Hispanic)",NA,NA
"3606961544",2021,"Ontario","Richmond town","B19013C_001","Native American (Non-Hispanic)",NA,NA
"3606961544",2021,"Ontario","Richmond town","B19013D_001","Asian (Non-Hispanic)",NA,NA
"3606961544",2021,"Ontario","Richmond town","B19013E_001","Pacific Islander (Non-Hispanic)",NA,NA
"3606961544",2021,"Ontario","Richmond town","B19013F_001","Other (Non-Hispanic)",NA,NA
"3606961544",2021,"Ontario","Richmond town","B19013G_001","Two or More Races (Non-Hispanic)",NA,NA
"3606961544",2021,"Ontario","Richmond town","B19013H_001","White (Non-Hispanic)",68891,8718
"3606961544",2021,"Ontario","Richmond town","B19013I_001","Hispanic or Latino (Any Race)",NA,NA
"3606966289",2021,"Ontario","Seneca town","B19013B_001","Black (Non-Hispanic)",NA,NA
"3606966289",2021,"Ontario","Seneca town","B19013C_001","Native American (Non-Hispanic)",NA,NA
"3606966289",2021,"Ontario","Seneca town","B19013D_001","Asian (Non-Hispanic)",NA,NA
"3606966289",2021,"Ontario","Seneca town","B19013E_001","Pacific Islander (Non-Hispanic)",NA,NA
"3606966289",2021,"Ontario","Seneca town","B19013F_001","Other (Non-Hispanic)",NA,NA
"3606966289",2021,"Ontario","Seneca town","B19013G_001","Two or More Races (Non-Hispanic)",NA,NA
"3606966289",2021,"Ontario","Seneca town","B19013H_001","White (Non-Hispanic)",69934,12429
"3606966289",2021,"Ontario","Seneca town","B19013I_001","Hispanic or Latino (Any Race)",87763,42087
"3606968660",2021,"Ontario","South Bristol town","B19013B_001","Black (Non-Hispanic)",NA,NA
"3606968660",2021,"Ontario","South Bristol town","B19013C_001","Native American (Non-Hispanic)",NA,NA
"3606968660",2021,"Ontario","South Bristol town","B19013D_001","Asian (Non-Hispanic)",NA,NA
"3606968660",2021,"Ontario","South Bristol town","B19013E_001","Pacific Islander (Non-Hispanic)",NA,NA
"3606968660",2021,"Ontario","South Bristol town","B19013F_001","Other (Non-Hispanic)",NA,NA
"3606968660",2021,"Ontario","South Bristol town","B19013G_001","Two or More Races (Non-Hispanic)",83750,33897
"3606968660",2021,"Ontario","South Bristol town","B19013H_001","White (Non-Hispanic)",82708,5812
"3606968660",2021,"Ontario","South Bristol town","B19013I_001","Hispanic or Latino (Any Race)",NA,NA
"3606977387",2021,"Ontario","Victor town","B19013B_001","Black (Non-Hispanic)",204076,146256
"3606977387",2021,"Ontario","Victor town","B19013C_001","Native American (Non-Hispanic)",NA,NA
"3606977387",2021,"Ontario","Victor town","B19013D_001","Asian (Non-Hispanic)",183822,683
"3606977387",2021,"Ontario","Victor town","B19013E_001","Pacific Islander (Non-Hispanic)",NA,NA
"3606977387",2021,"Ontario","Victor town","B19013F_001","Other (Non-Hispanic)",NA,NA
"3606977387",2021,"Ontario","Victor town","B19013G_001","Two or More Races (Non-Hispanic)",NA,NA
"3606977387",2021,"Ontario","Victor town","B19013H_001","White (Non-Hispanic)",97688,10677
"3606977387",2021,"Ontario","Victor town","B19013I_001","Hispanic or Latino (Any Race)",105875,97884
"3606979356",2021,"Ontario","West Bloomfield town","B19013B_001","Black (Non-Hispanic)",NA,NA
"3606979356",2021,"Ontario","West Bloomfield town","B19013C_001","Native American (Non-Hispanic)",NA,NA
"3606979356",2021,"Ontario","West Bloomfield town","B19013D_001","Asian (Non-Hispanic)",NA,NA
"3606979356",2021,"Ontario","West Bloomfield town","B19013E_001","Pacific Islander (Non-Hispanic)",NA,NA
"3606979356",2021,"Ontario","West Bloomfield town","B19013F_001","Other (Non-Hispanic)",NA,NA
"3606979356",2021,"Ontario","West Bloomfield town","B19013G_001","Two or More Races (Non-Hispanic)",NA,NA
"3606979356",2021,"Ontario","West Bloomfield town","B19013H_001","White (Non-Hispanic)",54857,10186
"3606979356",2021,"Ontario","West Bloomfield town","B19013I_001","Hispanic or Latino (Any Race)",NA,NA
"3607300000",2021,"Orleans","County subdivisions not defined","B19013B_001","Black (Non-Hispanic)",NA,NA
"3607300000",2021,"Orleans","County subdivisions not defined","B19013C_001","Native American (Non-Hispanic)",NA,NA
"3607300000",2021,"Orleans","County subdivisions not defined","B19013D_001","Asian (Non-Hispanic)",NA,NA
"3607300000",2021,"Orleans","County subdivisions not defined","B19013E_001","Pacific Islander (Non-Hispanic)",NA,NA
"3607300000",2021,"Orleans","County subdivisions not defined","B19013F_001","Other (Non-Hispanic)",NA,NA
"3607300000",2021,"Orleans","County subdivisions not defined","B19013G_001","Two or More Races (Non-Hispanic)",NA,NA
"3607300000",2021,"Orleans","County subdivisions not defined","B19013H_001","White (Non-Hispanic)",NA,NA
"3607300000",2021,"Orleans","County subdivisions not defined","B19013I_001","Hispanic or Latino (Any Race)",NA,NA
"3607301044",2021,"Orleans","Albion town","B19013B_001","Black (Non-Hispanic)",35192,23810
"3607301044",2021,"Orleans","Albion town","B19013C_001","Native American (Non-Hispanic)",NA,NA
"3607301044",2021,"Orleans","Albion town","B19013D_001","Asian (Non-Hispanic)",NA,NA
"3607301044",2021,"Orleans","Albion town","B19013E_001","Pacific Islander (Non-Hispanic)",NA,NA
"3607301044",2021,"Orleans","Albion town","B19013F_001","Other (Non-Hispanic)",NA,NA
"3607301044",2021,"Orleans","Albion town","B19013G_001","Two or More Races (Non-Hispanic)",NA,NA
"3607301044",2021,"Orleans","Albion town","B19013H_001","White (Non-Hispanic)",43355,6825
"3607301044",2021,"Orleans","Albion town","B19013I_001","Hispanic or Latino (Any Race)",NA,NA
"3607304572",2021,"Orleans","Barre town","B19013B_001","Black (Non-Hispanic)",28542,25920
"3607304572",2021,"Orleans","Barre town","B19013C_001","Native American (Non-Hispanic)",NA,NA
"3607304572",2021,"Orleans","Barre town","B19013D_001","Asian (Non-Hispanic)",NA,NA
"3607304572",2021,"Orleans","Barre town","B19013E_001","Pacific Islander (Non-Hispanic)",NA,NA
"3607304572",2021,"Orleans","Barre town","B19013F_001","Other (Non-Hispanic)",NA,NA
"3607304572",2021,"Orleans","Barre town","B19013G_001","Two or More Races (Non-Hispanic)",NA,NA
"3607304572",2021,"Orleans","Barre town","B19013H_001","White (Non-Hispanic)",74219,7089
"3607304572",2021,"Orleans","Barre town","B19013I_001","Hispanic or Latino (Any Race)",NA,NA
"3607312496",2021,"Orleans","Carlton town","B19013B_001","Black (Non-Hispanic)",35804,8612
"3607312496",2021,"Orleans","Carlton town","B19013C_001","Native American (Non-Hispanic)",NA,NA
"3607312496",2021,"Orleans","Carlton town","B19013D_001","Asian (Non-Hispanic)",NA,NA
"3607312496",2021,"Orleans","Carlton town","B19013E_001","Pacific Islander (Non-Hispanic)",NA,NA
"3607312496",2021,"Orleans","Carlton town","B19013F_001","Other (Non-Hispanic)",NA,NA
"3607312496",2021,"Orleans","Carlton town","B19013G_001","Two or More Races (Non-Hispanic)",NA,NA
"3607312496",2021,"Orleans","Carlton town","B19013H_001","White (Non-Hispanic)",72222,9978
"3607312496",2021,"Orleans","Carlton town","B19013I_001","Hispanic or Latino (Any Race)",NA,NA
"3607315880",2021,"Orleans","Clarendon town","B19013B_001","Black (Non-Hispanic)",NA,NA
"3607315880",2021,"Orleans","Clarendon town","B19013C_001","Native American (Non-Hispanic)",NA,NA
"3607315880",2021,"Orleans","Clarendon town","B19013D_001","Asian (Non-Hispanic)",NA,NA
"3607315880",2021,"Orleans","Clarendon town","B19013E_001","Pacific Islander (Non-Hispanic)",NA,NA
"3607315880",2021,"Orleans","Clarendon town","B19013F_001","Other (Non-Hispanic)",NA,NA
"3607315880",2021,"Orleans","Clarendon town","B19013G_001","Two or More Races (Non-Hispanic)",125000,65642
"3607315880",2021,"Orleans","Clarendon town","B19013H_001","White (Non-Hispanic)",49099,9220
"3607315880",2021,"Orleans","Clarendon town","B19013I_001","Hispanic or Latino (Any Race)",NA,NA
"3607327958",2021,"Orleans","Gaines town","B19013B_001","Black (Non-Hispanic)",NA,NA
"3607327958",2021,"Orleans","Gaines town","B19013C_001","Native American (Non-Hispanic)",NA,NA
"3607327958",2021,"Orleans","Gaines town","B19013D_001","Asian (Non-Hispanic)",NA,NA
"3607327958",2021,"Orleans","Gaines town","B19013E_001","Pacific Islander (Non-Hispanic)",NA,NA
"3607327958",2021,"Orleans","Gaines town","B19013F_001","Other (Non-Hispanic)",NA,NA
"3607327958",2021,"Orleans","Gaines town","B19013G_001","Two or More Races (Non-Hispanic)",NA,NA
"3607327958",2021,"Orleans","Gaines town","B19013H_001","White (Non-Hispanic)",48847,6230
"3607327958",2021,"Orleans","Gaines town","B19013I_001","Hispanic or Latino (Any Race)",NA,NA
"3607339188",2021,"Orleans","Kendall town","B19013B_001","Black (Non-Hispanic)",NA,NA
"3607339188",2021,"Orleans","Kendall town","B19013C_001","Native American (Non-Hispanic)",NA,NA
"3607339188",2021,"Orleans","Kendall town","B19013D_001","Asian (Non-Hispanic)",NA,NA
"3607339188",2021,"Orleans","Kendall town","B19013E_001","Pacific Islander (Non-Hispanic)",NA,NA
"3607339188",2021,"Orleans","Kendall town","B19013F_001","Other (Non-Hispanic)",NA,NA
"3607339188",2021,"Orleans","Kendall town","B19013G_001","Two or More Races (Non-Hispanic)",NA,NA
"3607339188",2021,"Orleans","Kendall town","B19013H_001","White (Non-Hispanic)",75391,10921
"3607339188",2021,"Orleans","Kendall town","B19013I_001","Hispanic or Latino (Any Race)",148070,96425
"3607349286",2021,"Orleans","Murray town","B19013B_001","Black (Non-Hispanic)",NA,NA
"3607349286",2021,"Orleans","Murray town","B19013C_001","Native American (Non-Hispanic)",NA,NA
"3607349286",2021,"Orleans","Murray town","B19013D_001","Asian (Non-Hispanic)",NA,NA
"3607349286",2021,"Orleans","Murray town","B19013E_001","Pacific Islander (Non-Hispanic)",NA,NA
"3607349286",2021,"Orleans","Murray town","B19013F_001","Other (Non-Hispanic)",26683,21281
"3607349286",2021,"Orleans","Murray town","B19013G_001","Two or More Races (Non-Hispanic)",NA,NA
"3607349286",2021,"Orleans","Murray town","B19013H_001","White (Non-Hispanic)",60511,12579
"3607349286",2021,"Orleans","Murray town","B19013I_001","Hispanic or Latino (Any Race)",NA,NA
"3607361742",2021,"Orleans","Ridgeway town","B19013B_001","Black (Non-Hispanic)",163595,216
"3607361742",2021,"Orleans","Ridgeway town","B19013C_001","Native American (Non-Hispanic)",NA,NA
"3607361742",2021,"Orleans","Ridgeway town","B19013D_001","Asian (Non-Hispanic)",NA,NA
"3607361742",2021,"Orleans","Ridgeway town","B19013E_001","Pacific Islander (Non-Hispanic)",NA,NA
"3607361742",2021,"Orleans","Ridgeway town","B19013F_001","Other (Non-Hispanic)",NA,NA
"3607361742",2021,"Orleans","Ridgeway town","B19013G_001","Two or More Races (Non-Hispanic)",NA,NA
"3607361742",2021,"Orleans","Ridgeway town","B19013H_001","White (Non-Hispanic)",57417,10131
"3607361742",2021,"Orleans","Ridgeway town","B19013I_001","Hispanic or Latino (Any Race)",NA,NA
"3607366751",2021,"Orleans","Shelby town","B19013B_001","Black (Non-Hispanic)",NA,NA
"3607366751",2021,"Orleans","Shelby town","B19013C_001","Native American (Non-Hispanic)",NA,NA
"3607366751",2021,"Orleans","Shelby town","B19013D_001","Asian (Non-Hispanic)",NA,NA
"3607366751",2021,"Orleans","Shelby town","B19013E_001","Pacific Islander (Non-Hispanic)",NA,NA
"3607366751",2021,"Orleans","Shelby town","B19013F_001","Other (Non-Hispanic)",2499,NA
"3607366751",2021,"Orleans","Shelby town","B19013G_001","Two or More Races (Non-Hispanic)",NA,NA
"3607366751",2021,"Orleans","Shelby town","B19013H_001","White (Non-Hispanic)",52243,10797
"3607366751",2021,"Orleans","Shelby town","B19013I_001","Hispanic or Latino (Any Race)",NA,NA
"3607383448",2021,"Orleans","Yates town","B19013B_001","Black (Non-Hispanic)",NA,NA
"3607383448",2021,"Orleans","Yates town","B19013C_001","Native American (Non-Hispanic)",NA,NA
"3607383448",2021,"Orleans","Yates town","B19013D_001","Asian (Non-Hispanic)",NA,NA
"3607383448",2021,"Orleans","Yates town","B19013E_001","Pacific Islander (Non-Hispanic)",NA,NA
"3607383448",2021,"Orleans","Yates town","B19013F_001","Other (Non-Hispanic)",NA,NA
"3607383448",2021,"Orleans","Yates town","B19013G_001","Two or More Races (Non-Hispanic)",NA,NA
"3607383448",2021,"Orleans","Yates town","B19013H_001","White (Non-Hispanic)",57250,7086
"3607383448",2021,"Orleans","Yates town","B19013I_001","Hispanic or Latino (Any Race)",NA,NA
"3609918663",2021,"Seneca","Covert town","B19013B_001","Black (Non-Hispanic)",130536,126173
"3609918663",2021,"Seneca","Covert town","B19013C_001","Native American (Non-Hispanic)",NA,NA
"3609918663",2021,"Seneca","Covert town","B19013D_001","Asian (Non-Hispanic)",NA,NA
"3609918663",2021,"Seneca","Covert town","B19013E_001","Pacific Islander (Non-Hispanic)",NA,NA
"3609918663",2021,"Seneca","Covert town","B19013F_001","Other (Non-Hispanic)",NA,NA
"3609918663",2021,"Seneca","Covert town","B19013G_001","Two or More Races (Non-Hispanic)",77981,49272
"3609918663",2021,"Seneca","Covert town","B19013H_001","White (Non-Hispanic)",59271,11251
"3609918663",2021,"Seneca","Covert town","B19013I_001","Hispanic or Latino (Any Race)",130893,39306
"3609925505",2021,"Seneca","Fayette town","B19013B_001","Black (Non-Hispanic)",NA,NA
"3609925505",2021,"Seneca","Fayette town","B19013C_001","Native American (Non-Hispanic)",NA,NA
"3609925505",2021,"Seneca","Fayette town","B19013D_001","Asian (Non-Hispanic)",NA,NA
"3609925505",2021,"Seneca","Fayette town","B19013E_001","Pacific Islander (Non-Hispanic)",NA,NA
"3609925505",2021,"Seneca","Fayette town","B19013F_001","Other (Non-Hispanic)",NA,NA
"3609925505",2021,"Seneca","Fayette town","B19013G_001","Two or More Races (Non-Hispanic)",NA,NA
"3609925505",2021,"Seneca","Fayette town","B19013H_001","White (Non-Hispanic)",74138,13640
"3609925505",2021,"Seneca","Fayette town","B19013I_001","Hispanic or Latino (Any Race)",NA,NA
"3609928640",2021,"Seneca","Geneva city","B19013B_001","Black (Non-Hispanic)",NA,NA
"3609928640",2021,"Seneca","Geneva city","B19013C_001","Native American (Non-Hispanic)",NA,NA
"3609928640",2021,"Seneca","Geneva city","B19013D_001","Asian (Non-Hispanic)",NA,NA
"3609928640",2021,"Seneca","Geneva city","B19013E_001","Pacific Islander (Non-Hispanic)",NA,NA
"3609928640",2021,"Seneca","Geneva city","B19013F_001","Other (Non-Hispanic)",NA,NA
"3609928640",2021,"Seneca","Geneva city","B19013G_001","Two or More Races (Non-Hispanic)",NA,NA
"3609928640",2021,"Seneca","Geneva city","B19013H_001","White (Non-Hispanic)",NA,NA
"3609928640",2021,"Seneca","Geneva city","B19013I_001","Hispanic or Latino (Any Race)",NA,NA
"3609938858",2021,"Seneca","Junius town","B19013B_001","Black (Non-Hispanic)",NA,NA
"3609938858",2021,"Seneca","Junius town","B19013C_001","Native American (Non-Hispanic)",NA,NA
"3609938858",2021,"Seneca","Junius town","B19013D_001","Asian (Non-Hispanic)",NA,NA
"3609938858",2021,"Seneca","Junius town","B19013E_001","Pacific Islander (Non-Hispanic)",NA,NA
"3609938858",2021,"Seneca","Junius town","B19013F_001","Other (Non-Hispanic)",NA,NA
"3609938858",2021,"Seneca","Junius town","B19013G_001","Two or More Races (Non-Hispanic)",NA,NA
"3609938858",2021,"Seneca","Junius town","B19013H_001","White (Non-Hispanic)",65250,13253
"3609938858",2021,"Seneca","Junius town","B19013I_001","Hispanic or Latino (Any Race)",NA,NA
"3609943225",2021,"Seneca","Lodi town","B19013B_001","Black (Non-Hispanic)",NA,NA
"3609943225",2021,"Seneca","Lodi town","B19013C_001","Native American (Non-Hispanic)",NA,NA
"3609943225",2021,"Seneca","Lodi town","B19013D_001","Asian (Non-Hispanic)",NA,NA
"3609943225",2021,"Seneca","Lodi town","B19013E_001","Pacific Islander (Non-Hispanic)",NA,NA
"3609943225",2021,"Seneca","Lodi town","B19013F_001","Other (Non-Hispanic)",NA,NA
"3609943225",2021,"Seneca","Lodi town","B19013G_001","Two or More Races (Non-Hispanic)",56250,25704
"3609943225",2021,"Seneca","Lodi town","B19013H_001","White (Non-Hispanic)",65113,4579
"3609943225",2021,"Seneca","Lodi town","B19013I_001","Hispanic or Latino (Any Race)",NA,NA
"3609955827",2021,"Seneca","Ovid town","B19013B_001","Black (Non-Hispanic)",NA,NA
"3609955827",2021,"Seneca","Ovid town","B19013C_001","Native American (Non-Hispanic)",NA,NA
"3609955827",2021,"Seneca","Ovid town","B19013D_001","Asian (Non-Hispanic)",NA,NA
"3609955827",2021,"Seneca","Ovid town","B19013E_001","Pacific Islander (Non-Hispanic)",NA,NA
"3609955827",2021,"Seneca","Ovid town","B19013F_001","Other (Non-Hispanic)",NA,NA
"3609955827",2021,"Seneca","Ovid town","B19013G_001","Two or More Races (Non-Hispanic)",63750,40244
"3609955827",2021,"Seneca","Ovid town","B19013H_001","White (Non-Hispanic)",52989,7380
"3609955827",2021,"Seneca","Ovid town","B19013I_001","Hispanic or Latino (Any Race)",NA,NA
"3609963440",2021,"Seneca","Romulus town","B19013B_001","Black (Non-Hispanic)",NA,NA
"3609963440",2021,"Seneca","Romulus town","B19013C_001","Native American (Non-Hispanic)",NA,NA
"3609963440",2021,"Seneca","Romulus town","B19013D_001","Asian (Non-Hispanic)",NA,NA
"3609963440",2021,"Seneca","Romulus town","B19013E_001","Pacific Islander (Non-Hispanic)",NA,NA
"3609963440",2021,"Seneca","Romulus town","B19013F_001","Other (Non-Hispanic)",NA,NA
"3609963440",2021,"Seneca","Romulus town","B19013G_001","Two or More Races (Non-Hispanic)",NA,NA
"3609963440",2021,"Seneca","Romulus town","B19013H_001","White (Non-Hispanic)",68646,12602
"3609963440",2021,"Seneca","Romulus town","B19013I_001","Hispanic or Latino (Any Race)",NA,NA
"3609966333",2021,"Seneca","Seneca Falls town","B19013B_001","Black (Non-Hispanic)",NA,NA
"3609966333",2021,"Seneca","Seneca Falls town","B19013C_001","Native American (Non-Hispanic)",NA,NA
"3609966333",2021,"Seneca","Seneca Falls town","B19013D_001","Asian (Non-Hispanic)",49375,33195
"3609966333",2021,"Seneca","Seneca Falls town","B19013E_001","Pacific Islander (Non-Hispanic)",NA,NA
"3609966333",2021,"Seneca","Seneca Falls town","B19013F_001","Other (Non-Hispanic)",NA,NA
"3609966333",2021,"Seneca","Seneca Falls town","B19013G_001","Two or More Races (Non-Hispanic)",67596,19079
"3609966333",2021,"Seneca","Seneca Falls town","B19013H_001","White (Non-Hispanic)",53353,6391
"3609966333",2021,"Seneca","Seneca Falls town","B19013I_001","Hispanic or Latino (Any Race)",32941,12118
"3609975902",2021,"Seneca","Tyre town","B19013B_001","Black (Non-Hispanic)",NA,NA
"3609975902",2021,"Seneca","Tyre town","B19013C_001","Native American (Non-Hispanic)",NA,NA
"3609975902",2021,"Seneca","Tyre town","B19013D_001","Asian (Non-Hispanic)",NA,NA
"3609975902",2021,"Seneca","Tyre town","B19013E_001","Pacific Islander (Non-Hispanic)",NA,NA
"3609975902",2021,"Seneca","Tyre town","B19013F_001","Other (Non-Hispanic)",NA,NA
"3609975902",2021,"Seneca","Tyre town","B19013G_001","Two or More Races (Non-Hispanic)",NA,NA
"3609975902",2021,"Seneca","Tyre town","B19013H_001","White (Non-Hispanic)",64167,16116
"3609975902",2021,"Seneca","Tyre town","B19013I_001","Hispanic or Latino (Any Race)",NA,NA
"3609976958",2021,"Seneca","Varick town","B19013B_001","Black (Non-Hispanic)",NA,NA
"3609976958",2021,"Seneca","Varick town","B19013C_001","Native American (Non-Hispanic)",NA,NA
"3609976958",2021,"Seneca","Varick town","B19013D_001","Asian (Non-Hispanic)",NA,NA
"3609976958",2021,"Seneca","Varick town","B19013E_001","Pacific Islander (Non-Hispanic)",NA,NA
"3609976958",2021,"Seneca","Varick town","B19013F_001","Other (Non-Hispanic)",NA,NA
"3609976958",2021,"Seneca","Varick town","B19013G_001","Two or More Races (Non-Hispanic)",154583,118850
"3609976958",2021,"Seneca","Varick town","B19013H_001","White (Non-Hispanic)",66765,8278
"3609976958",2021,"Seneca","Varick town","B19013I_001","Hispanic or Latino (Any Race)",NA,NA
"3609978564",2021,"Seneca","Waterloo town","B19013B_001","Black (Non-Hispanic)",NA,NA
"3609978564",2021,"Seneca","Waterloo town","B19013C_001","Native American (Non-Hispanic)",NA,NA
"3609978564",2021,"Seneca","Waterloo town","B19013D_001","Asian (Non-Hispanic)",NA,NA
"3609978564",2021,"Seneca","Waterloo town","B19013E_001","Pacific Islander (Non-Hispanic)",NA,NA
"3609978564",2021,"Seneca","Waterloo town","B19013F_001","Other (Non-Hispanic)",NA,NA
"3609978564",2021,"Seneca","Waterloo town","B19013G_001","Two or More Races (Non-Hispanic)",11178,1851
"3609978564",2021,"Seneca","Waterloo town","B19013H_001","White (Non-Hispanic)",61010,4555
"3609978564",2021,"Seneca","Waterloo town","B19013I_001","Hispanic or Latino (Any Race)",NA,NA
"3611700000",2021,"Wayne","County subdivisions not defined","B19013B_001","Black (Non-Hispanic)",NA,NA
"3611700000",2021,"Wayne","County subdivisions not defined","B19013C_001","Native American (Non-Hispanic)",NA,NA
"3611700000",2021,"Wayne","County subdivisions not defined","B19013D_001","Asian (Non-Hispanic)",NA,NA
"3611700000",2021,"Wayne","County subdivisions not defined","B19013E_001","Pacific Islander (Non-Hispanic)",NA,NA
"3611700000",2021,"Wayne","County subdivisions not defined","B19013F_001","Other (Non-Hispanic)",NA,NA
"3611700000",2021,"Wayne","County subdivisions not defined","B19013G_001","Two or More Races (Non-Hispanic)",NA,NA
"3611700000",2021,"Wayne","County subdivisions not defined","B19013H_001","White (Non-Hispanic)",NA,NA
"3611700000",2021,"Wayne","County subdivisions not defined","B19013I_001","Hispanic or Latino (Any Race)",NA,NA
"3611702440",2021,"Wayne","Arcadia town","B19013B_001","Black (Non-Hispanic)",56346,25354
"3611702440",2021,"Wayne","Arcadia town","B19013C_001","Native American (Non-Hispanic)",NA,NA
"3611702440",2021,"Wayne","Arcadia town","B19013D_001","Asian (Non-Hispanic)",NA,NA
"3611702440",2021,"Wayne","Arcadia town","B19013E_001","Pacific Islander (Non-Hispanic)",NA,NA
"3611702440",2021,"Wayne","Arcadia town","B19013F_001","Other (Non-Hispanic)",23979,10611
"3611702440",2021,"Wayne","Arcadia town","B19013G_001","Two or More Races (Non-Hispanic)",53322,10694
"3611702440",2021,"Wayne","Arcadia town","B19013H_001","White (Non-Hispanic)",56266,4649
"3611702440",2021,"Wayne","Arcadia town","B19013I_001","Hispanic or Latino (Any Race)",36470,18758
"3611711473",2021,"Wayne","Butler town","B19013B_001","Black (Non-Hispanic)",NA,NA
"3611711473",2021,"Wayne","Butler town","B19013C_001","Native American (Non-Hispanic)",NA,NA
"3611711473",2021,"Wayne","Butler town","B19013D_001","Asian (Non-Hispanic)",NA,NA
"3611711473",2021,"Wayne","Butler town","B19013E_001","Pacific Islander (Non-Hispanic)",NA,NA
"3611711473",2021,"Wayne","Butler town","B19013F_001","Other (Non-Hispanic)",NA,NA
"3611711473",2021,"Wayne","Butler town","B19013G_001","Two or More Races (Non-Hispanic)",71250,51996
"3611711473",2021,"Wayne","Butler town","B19013H_001","White (Non-Hispanic)",58750,5403
"3611711473",2021,"Wayne","Butler town","B19013I_001","Hispanic or Latino (Any Race)",NA,NA
"3611728013",2021,"Wayne","Galen town","B19013B_001","Black (Non-Hispanic)",NA,NA
"3611728013",2021,"Wayne","Galen town","B19013C_001","Native American (Non-Hispanic)",NA,NA
"3611728013",2021,"Wayne","Galen town","B19013D_001","Asian (Non-Hispanic)",NA,NA
"3611728013",2021,"Wayne","Galen town","B19013E_001","Pacific Islander (Non-Hispanic)",NA,NA
"3611728013",2021,"Wayne","Galen town","B19013F_001","Other (Non-Hispanic)",NA,NA
"3611728013",2021,"Wayne","Galen town","B19013G_001","Two or More Races (Non-Hispanic)",21652,20227
"3611728013",2021,"Wayne","Galen town","B19013H_001","White (Non-Hispanic)",54571,8466
"3611728013",2021,"Wayne","Galen town","B19013I_001","Hispanic or Latino (Any Race)",NA,NA
"3611737165",2021,"Wayne","Huron town","B19013B_001","Black (Non-Hispanic)",NA,NA
"3611737165",2021,"Wayne","Huron town","B19013C_001","Native American (Non-Hispanic)",NA,NA
"3611737165",2021,"Wayne","Huron town","B19013D_001","Asian (Non-Hispanic)",NA,NA
"3611737165",2021,"Wayne","Huron town","B19013E_001","Pacific Islander (Non-Hispanic)",NA,NA
"3611737165",2021,"Wayne","Huron town","B19013F_001","Other (Non-Hispanic)",NA,NA
"3611737165",2021,"Wayne","Huron town","B19013G_001","Two or More Races (Non-Hispanic)",NA,NA
"3611737165",2021,"Wayne","Huron town","B19013H_001","White (Non-Hispanic)",70341,14272
"3611737165",2021,"Wayne","Huron town","B19013I_001","Hispanic or Latino (Any Race)",NA,NA
"3611743973",2021,"Wayne","Lyons town","B19013B_001","Black (Non-Hispanic)",NA,NA
"3611743973",2021,"Wayne","Lyons town","B19013C_001","Native American (Non-Hispanic)",NA,NA
"3611743973",2021,"Wayne","Lyons town","B19013D_001","Asian (Non-Hispanic)",NA,NA
"3611743973",2021,"Wayne","Lyons town","B19013E_001","Pacific Islander (Non-Hispanic)",NA,NA
"3611743973",2021,"Wayne","Lyons town","B19013F_001","Other (Non-Hispanic)",NA,NA
"3611743973",2021,"Wayne","Lyons town","B19013G_001","Two or More Races (Non-Hispanic)",54333,49044
"3611743973",2021,"Wayne","Lyons town","B19013H_001","White (Non-Hispanic)",56939,16103
"3611743973",2021,"Wayne","Lyons town","B19013I_001","Hispanic or Latino (Any Race)",54946,27497
"3611744160",2021,"Wayne","Macedon town","B19013B_001","Black (Non-Hispanic)",NA,NA
"3611744160",2021,"Wayne","Macedon town","B19013C_001","Native American (Non-Hispanic)",NA,NA
"3611744160",2021,"Wayne","Macedon town","B19013D_001","Asian (Non-Hispanic)",NA,NA
"3611744160",2021,"Wayne","Macedon town","B19013E_001","Pacific Islander (Non-Hispanic)",NA,NA
"3611744160",2021,"Wayne","Macedon town","B19013F_001","Other (Non-Hispanic)",NA,NA
"3611744160",2021,"Wayne","Macedon town","B19013G_001","Two or More Races (Non-Hispanic)",NA,NA
"3611744160",2021,"Wayne","Macedon town","B19013H_001","White (Non-Hispanic)",77407,12876
"3611744160",2021,"Wayne","Macedon town","B19013I_001","Hispanic or Latino (Any Race)",NA,NA
"3611745645",2021,"Wayne","Marion town","B19013B_001","Black (Non-Hispanic)",NA,NA
"3611745645",2021,"Wayne","Marion town","B19013C_001","Native American (Non-Hispanic)",NA,NA
"3611745645",2021,"Wayne","Marion town","B19013D_001","Asian (Non-Hispanic)",NA,NA
"3611745645",2021,"Wayne","Marion town","B19013E_001","Pacific Islander (Non-Hispanic)",NA,NA
"3611745645",2021,"Wayne","Marion town","B19013F_001","Other (Non-Hispanic)",NA,NA
"3611745645",2021,"Wayne","Marion town","B19013G_001","Two or More Races (Non-Hispanic)",NA,NA
"3611745645",2021,"Wayne","Marion town","B19013H_001","White (Non-Hispanic)",64079,9911
"3611745645",2021,"Wayne","Marion town","B19013I_001","Hispanic or Latino (Any Race)",186296,7307
"3611755013",2021,"Wayne","Ontario town","B19013B_001","Black (Non-Hispanic)",42813,14025
"3611755013",2021,"Wayne","Ontario town","B19013C_001","Native American (Non-Hispanic)",NA,NA
"3611755013",2021,"Wayne","Ontario town","B19013D_001","Asian (Non-Hispanic)",NA,NA
"3611755013",2021,"Wayne","Ontario town","B19013E_001","Pacific Islander (Non-Hispanic)",NA,NA
"3611755013",2021,"Wayne","Ontario town","B19013F_001","Other (Non-Hispanic)",NA,NA
"3611755013",2021,"Wayne","Ontario town","B19013G_001","Two or More Races (Non-Hispanic)",82752,20407
"3611755013",2021,"Wayne","Ontario town","B19013H_001","White (Non-Hispanic)",80357,7770
"3611755013",2021,"Wayne","Ontario town","B19013I_001","Hispanic or Latino (Any Race)",NA,NA
"3611756198",2021,"Wayne","Palmyra town","B19013B_001","Black (Non-Hispanic)",NA,NA
"3611756198",2021,"Wayne","Palmyra town","B19013C_001","Native American (Non-Hispanic)",NA,NA
"3611756198",2021,"Wayne","Palmyra town","B19013D_001","Asian (Non-Hispanic)",NA,NA
"3611756198",2021,"Wayne","Palmyra town","B19013E_001","Pacific Islander (Non-Hispanic)",NA,NA
"3611756198",2021,"Wayne","Palmyra town","B19013F_001","Other (Non-Hispanic)",NA,NA
"3611756198",2021,"Wayne","Palmyra town","B19013G_001","Two or More Races (Non-Hispanic)",NA,NA
"3611756198",2021,"Wayne","Palmyra town","B19013H_001","White (Non-Hispanic)",64809,8171
"3611756198",2021,"Wayne","Palmyra town","B19013I_001","Hispanic or Latino (Any Race)",NA,NA
"3611763605",2021,"Wayne","Rose town","B19013B_001","Black (Non-Hispanic)",NA,NA
"3611763605",2021,"Wayne","Rose town","B19013C_001","Native American (Non-Hispanic)",NA,NA
"3611763605",2021,"Wayne","Rose town","B19013D_001","Asian (Non-Hispanic)",NA,NA
"3611763605",2021,"Wayne","Rose town","B19013E_001","Pacific Islander (Non-Hispanic)",NA,NA
"3611763605",2021,"Wayne","Rose town","B19013F_001","Other (Non-Hispanic)",NA,NA
"3611763605",2021,"Wayne","Rose town","B19013G_001","Two or More Races (Non-Hispanic)",68958,25898
"3611763605",2021,"Wayne","Rose town","B19013H_001","White (Non-Hispanic)",66971,11759
"3611763605",2021,"Wayne","Rose town","B19013I_001","Hispanic or Latino (Any Race)",NA,NA
"3611765343",2021,"Wayne","Savannah town","B19013B_001","Black (Non-Hispanic)",NA,NA
"3611765343",2021,"Wayne","Savannah town","B19013C_001","Native American (Non-Hispanic)",NA,NA
"3611765343",2021,"Wayne","Savannah town","B19013D_001","Asian (Non-Hispanic)",NA,NA
"3611765343",2021,"Wayne","Savannah town","B19013E_001","Pacific Islander (Non-Hispanic)",NA,NA
"3611765343",2021,"Wayne","Savannah town","B19013F_001","Other (Non-Hispanic)",NA,NA
"3611765343",2021,"Wayne","Savannah town","B19013G_001","Two or More Races (Non-Hispanic)",44167,20852
"3611765343",2021,"Wayne","Savannah town","B19013H_001","White (Non-Hispanic)",57934,3696
"3611765343",2021,"Wayne","Savannah town","B19013I_001","Hispanic or Latino (Any Race)",NA,NA
"3611768220",2021,"Wayne","Sodus town","B19013B_001","Black (Non-Hispanic)",41250,28175
"3611768220",2021,"Wayne","Sodus town","B19013C_001","Native American (Non-Hispanic)",NA,NA
"3611768220",2021,"Wayne","Sodus town","B19013D_001","Asian (Non-Hispanic)",NA,NA
"3611768220",2021,"Wayne","Sodus town","B19013E_001","Pacific Islander (Non-Hispanic)",NA,NA
"3611768220",2021,"Wayne","Sodus town","B19013F_001","Other (Non-Hispanic)",38482,18331
"3611768220",2021,"Wayne","Sodus town","B19013G_001","Two or More Races (Non-Hispanic)",36576,1031
"3611768220",2021,"Wayne","Sodus town","B19013H_001","White (Non-Hispanic)",64058,9169
"3611768220",2021,"Wayne","Sodus town","B19013I_001","Hispanic or Latino (Any Race)",NA,NA
"3611778102",2021,"Wayne","Walworth town","B19013B_001","Black (Non-Hispanic)",NA,NA
"3611778102",2021,"Wayne","Walworth town","B19013C_001","Native American (Non-Hispanic)",NA,NA
"3611778102",2021,"Wayne","Walworth town","B19013D_001","Asian (Non-Hispanic)",106154,23311
"3611778102",2021,"Wayne","Walworth town","B19013E_001","Pacific Islander (Non-Hispanic)",NA,NA
"3611778102",2021,"Wayne","Walworth town","B19013F_001","Other (Non-Hispanic)",NA,NA
"3611778102",2021,"Wayne","Walworth town","B19013G_001","Two or More Races (Non-Hispanic)",53685,544
"3611778102",2021,"Wayne","Walworth town","B19013H_001","White (Non-Hispanic)",86272,11919
"3611778102",2021,"Wayne","Walworth town","B19013I_001","Hispanic or Latino (Any Race)",NA,NA
"3611782040",2021,"Wayne","Williamson town","B19013B_001","Black (Non-Hispanic)",NA,NA
"3611782040",2021,"Wayne","Williamson town","B19013C_001","Native American (Non-Hispanic)",NA,NA
"3611782040",2021,"Wayne","Williamson town","B19013D_001","Asian (Non-Hispanic)",NA,NA
"3611782040",2021,"Wayne","Williamson town","B19013E_001","Pacific Islander (Non-Hispanic)",NA,NA
"3611782040",2021,"Wayne","Williamson town","B19013F_001","Other (Non-Hispanic)",NA,NA
"3611782040",2021,"Wayne","Williamson town","B19013G_001","Two or More Races (Non-Hispanic)",69435,35236
"3611782040",2021,"Wayne","Williamson town","B19013H_001","White (Non-Hispanic)",67823,8460
"3611782040",2021,"Wayne","Williamson town","B19013I_001","Hispanic or Latino (Any Race)",94083,42512
"3611782689",2021,"Wayne","Wolcott town","B19013B_001","Black (Non-Hispanic)",NA,NA
"3611782689",2021,"Wayne","Wolcott town","B19013C_001","Native American (Non-Hispanic)",NA,NA
"3611782689",2021,"Wayne","Wolcott town","B19013D_001","Asian (Non-Hispanic)",NA,NA
"3611782689",2021,"Wayne","Wolcott town","B19013E_001","Pacific Islander (Non-Hispanic)",NA,NA
"3611782689",2021,"Wayne","Wolcott town","B19013F_001","Other (Non-Hispanic)",NA,NA
"3611782689",2021,"Wayne","Wolcott town","B19013G_001","Two or More Races (Non-Hispanic)",34265,20760
"3611782689",2021,"Wayne","Wolcott town","B19013H_001","White (Non-Hispanic)",61283,5016
"3611782689",2021,"Wayne","Wolcott town","B19013I_001","Hispanic or Latino (Any Race)",62647,25748
"3612304594",2021,"Yates","Barrington town","B19013B_001","Black (Non-Hispanic)",NA,NA
"3612304594",2021,"Yates","Barrington town","B19013C_001","Native American (Non-Hispanic)",NA,NA
"3612304594",2021,"Yates","Barrington town","B19013D_001","Asian (Non-Hispanic)",NA,NA
"3612304594",2021,"Yates","Barrington town","B19013E_001","Pacific Islander (Non-Hispanic)",NA,NA
"3612304594",2021,"Yates","Barrington town","B19013F_001","Other (Non-Hispanic)",NA,NA
"3612304594",2021,"Yates","Barrington town","B19013G_001","Two or More Races (Non-Hispanic)",NA,NA
"3612304594",2021,"Yates","Barrington town","B19013H_001","White (Non-Hispanic)",73523,14662
"3612304594",2021,"Yates","Barrington town","B19013I_001","Hispanic or Latino (Any Race)",NA,NA
"3612306002",2021,"Yates","Benton town","B19013B_001","Black (Non-Hispanic)",NA,NA
"3612306002",2021,"Yates","Benton town","B19013C_001","Native American (Non-Hispanic)",NA,NA
"3612306002",2021,"Yates","Benton town","B19013D_001","Asian (Non-Hispanic)",NA,NA
"3612306002",2021,"Yates","Benton town","B19013E_001","Pacific Islander (Non-Hispanic)",NA,NA
"3612306002",2021,"Yates","Benton town","B19013F_001","Other (Non-Hispanic)",NA,NA
"3612306002",2021,"Yates","Benton town","B19013G_001","Two or More Races (Non-Hispanic)",NA,NA
"3612306002",2021,"Yates","Benton town","B19013H_001","White (Non-Hispanic)",67891,16116
"3612306002",2021,"Yates","Benton town","B19013I_001","Hispanic or Latino (Any Race)",NA,NA
"3612338044",2021,"Yates","Italy town","B19013B_001","Black (Non-Hispanic)",NA,NA
"3612338044",2021,"Yates","Italy town","B19013C_001","Native American (Non-Hispanic)",NA,NA
"3612338044",2021,"Yates","Italy town","B19013D_001","Asian (Non-Hispanic)",NA,NA
"3612338044",2021,"Yates","Italy town","B19013E_001","Pacific Islander (Non-Hispanic)",NA,NA
"3612338044",2021,"Yates","Italy town","B19013F_001","Other (Non-Hispanic)",NA,NA
"3612338044",2021,"Yates","Italy town","B19013G_001","Two or More Races (Non-Hispanic)",NA,NA
"3612338044",2021,"Yates","Italy town","B19013H_001","White (Non-Hispanic)",55625,15188
"3612338044",2021,"Yates","Italy town","B19013I_001","Hispanic or Latino (Any Race)",NA,NA
"3612338583",2021,"Yates","Jerusalem town","B19013B_001","Black (Non-Hispanic)",NA,NA
"3612338583",2021,"Yates","Jerusalem town","B19013C_001","Native American (Non-Hispanic)",NA,NA
"3612338583",2021,"Yates","Jerusalem town","B19013D_001","Asian (Non-Hispanic)",NA,NA
"3612338583",2021,"Yates","Jerusalem town","B19013E_001","Pacific Islander (Non-Hispanic)",NA,NA
"3612338583",2021,"Yates","Jerusalem town","B19013F_001","Other (Non-Hispanic)",NA,NA
"3612338583",2021,"Yates","Jerusalem town","B19013G_001","Two or More Races (Non-Hispanic)",NA,NA
"3612338583",2021,"Yates","Jerusalem town","B19013H_001","White (Non-Hispanic)",71875,8665
"3612338583",2021,"Yates","Jerusalem town","B19013I_001","Hispanic or Latino (Any Race)",NA,NA
"3612347020",2021,"Yates","Middlesex town","B19013B_001","Black (Non-Hispanic)",NA,NA
"3612347020",2021,"Yates","Middlesex town","B19013C_001","Native American (Non-Hispanic)",NA,NA
"3612347020",2021,"Yates","Middlesex town","B19013D_001","Asian (Non-Hispanic)",NA,NA
"3612347020",2021,"Yates","Middlesex town","B19013E_001","Pacific Islander (Non-Hispanic)",NA,NA
"3612347020",2021,"Yates","Middlesex town","B19013F_001","Other (Non-Hispanic)",NA,NA
"3612347020",2021,"Yates","Middlesex town","B19013G_001","Two or More Races (Non-Hispanic)",NA,NA
"3612347020",2021,"Yates","Middlesex town","B19013H_001","White (Non-Hispanic)",59107,11593
"3612347020",2021,"Yates","Middlesex town","B19013I_001","Hispanic or Latino (Any Race)",NA,NA
"3612347504",2021,"Yates","Milo town","B19013B_001","Black (Non-Hispanic)",NA,NA
"3612347504",2021,"Yates","Milo town","B19013C_001","Native American (Non-Hispanic)",NA,NA
"3612347504",2021,"Yates","Milo town","B19013D_001","Asian (Non-Hispanic)",NA,NA
"3612347504",2021,"Yates","Milo town","B19013E_001","Pacific Islander (Non-Hispanic)",NA,NA
"3612347504",2021,"Yates","Milo town","B19013F_001","Other (Non-Hispanic)",NA,NA
"3612347504",2021,"Yates","Milo town","B19013G_001","Two or More Races (Non-Hispanic)",NA,NA
"3612347504",2021,"Yates","Milo town","B19013H_001","White (Non-Hispanic)",48550,6182
"3612347504",2021,"Yates","Milo town","B19013I_001","Hispanic or Latino (Any Race)",2499,NA
"3612359597",2021,"Yates","Potter town","B19013B_001","Black (Non-Hispanic)",NA,NA
"3612359597",2021,"Yates","Potter town","B19013C_001","Native American (Non-Hispanic)",NA,NA
"3612359597",2021,"Yates","Potter town","B19013D_001","Asian (Non-Hispanic)",NA,NA
"3612359597",2021,"Yates","Potter town","B19013E_001","Pacific Islander (Non-Hispanic)",NA,NA
"3612359597",2021,"Yates","Potter town","B19013F_001","Other (Non-Hispanic)",NA,NA
"3612359597",2021,"Yates","Potter town","B19013G_001","Two or More Races (Non-Hispanic)",NA,NA
"3612359597",2021,"Yates","Potter town","B19013H_001","White (Non-Hispanic)",66607,10839
"3612359597",2021,"Yates","Potter town","B19013I_001","Hispanic or Latino (Any Race)",NA,NA
"3612370816",2021,"Yates","Starkey town","B19013B_001","Black (Non-Hispanic)",NA,NA
"3612370816",2021,"Yates","Starkey town","B19013C_001","Native American (Non-Hispanic)",NA,NA
"3612370816",2021,"Yates","Starkey town","B19013D_001","Asian (Non-Hispanic)",NA,NA
"3612370816",2021,"Yates","Starkey town","B19013E_001","Pacific Islander (Non-Hispanic)",NA,NA
"3612370816",2021,"Yates","Starkey town","B19013F_001","Other (Non-Hispanic)",NA,NA
"3612370816",2021,"Yates","Starkey town","B19013G_001","Two or More Races (Non-Hispanic)",NA,NA
"3612370816",2021,"Yates","Starkey town","B19013H_001","White (Non-Hispanic)",56033,14072
"3612370816",2021,"Yates","Starkey town","B19013I_001","Hispanic or Latino (Any Race)",NA,NA
"3612375055",2021,"Yates","Torrey town","B19013B_001","Black (Non-Hispanic)",NA,NA
"3612375055",2021,"Yates","Torrey town","B19013C_001","Native American (Non-Hispanic)",NA,NA
"3612375055",2021,"Yates","Torrey town","B19013D_001","Asian (Non-Hispanic)",NA,NA
"3612375055",2021,"Yates","Torrey town","B19013E_001","Pacific Islander (Non-Hispanic)",NA,NA
"3612375055",2021,"Yates","Torrey town","B19013F_001","Other (Non-Hispanic)",NA,NA
"3612375055",2021,"Yates","Torrey town","B19013G_001","Two or More Races (Non-Hispanic)",NA,NA
"3612375055",2021,"Yates","Torrey town","B19013H_001","White (Non-Hispanic)",62426,9569
"3612375055",2021,"Yates","Torrey town","B19013I_001","Hispanic or Latino (Any Race)",NA,NA
"3603700474",2022,"Genesee","Alabama town","B19013B_001","Black (Non-Hispanic)",NA,NA
"3603700474",2022,"Genesee","Alabama town","B19013C_001","Native American (Non-Hispanic)",NA,NA
"3603700474",2022,"Genesee","Alabama town","B19013D_001","Asian (Non-Hispanic)",NA,NA
"3603700474",2022,"Genesee","Alabama town","B19013E_001","Pacific Islander (Non-Hispanic)",NA,NA
"3603700474",2022,"Genesee","Alabama town","B19013F_001","Other (Non-Hispanic)",NA,NA
"3603700474",2022,"Genesee","Alabama town","B19013G_001","Two or More Races (Non-Hispanic)",71125,28855
"3603700474",2022,"Genesee","Alabama town","B19013H_001","White (Non-Hispanic)",78750,8512
"3603700474",2022,"Genesee","Alabama town","B19013I_001","Hispanic or Latino (Any Race)",62083,49766
"3603701165",2022,"Genesee","Alexander town","B19013B_001","Black (Non-Hispanic)",NA,NA
"3603701165",2022,"Genesee","Alexander town","B19013C_001","Native American (Non-Hispanic)",NA,NA
"3603701165",2022,"Genesee","Alexander town","B19013D_001","Asian (Non-Hispanic)",NA,NA
"3603701165",2022,"Genesee","Alexander town","B19013E_001","Pacific Islander (Non-Hispanic)",NA,NA
"3603701165",2022,"Genesee","Alexander town","B19013F_001","Other (Non-Hispanic)",NA,NA
"3603701165",2022,"Genesee","Alexander town","B19013G_001","Two or More Races (Non-Hispanic)",NA,NA
"3603701165",2022,"Genesee","Alexander town","B19013H_001","White (Non-Hispanic)",80771,8832
"3603701165",2022,"Genesee","Alexander town","B19013I_001","Hispanic or Latino (Any Race)",NA,NA
"3603704715",2022,"Genesee","Batavia city","B19013B_001","Black (Non-Hispanic)",36768,20331
"3603704715",2022,"Genesee","Batavia city","B19013C_001","Native American (Non-Hispanic)",NA,NA
"3603704715",2022,"Genesee","Batavia city","B19013D_001","Asian (Non-Hispanic)",NA,NA
"3603704715",2022,"Genesee","Batavia city","B19013E_001","Pacific Islander (Non-Hispanic)",NA,NA
"3603704715",2022,"Genesee","Batavia city","B19013F_001","Other (Non-Hispanic)",NA,NA
"3603704715",2022,"Genesee","Batavia city","B19013G_001","Two or More Races (Non-Hispanic)",47469,15263
"3603704715",2022,"Genesee","Batavia city","B19013H_001","White (Non-Hispanic)",57552,6708
"3603704715",2022,"Genesee","Batavia city","B19013I_001","Hispanic or Latino (Any Race)",72818,64735
"3603704726",2022,"Genesee","Batavia town","B19013B_001","Black (Non-Hispanic)",NA,NA
"3603704726",2022,"Genesee","Batavia town","B19013C_001","Native American (Non-Hispanic)",NA,NA
"3603704726",2022,"Genesee","Batavia town","B19013D_001","Asian (Non-Hispanic)",NA,NA
"3603704726",2022,"Genesee","Batavia town","B19013E_001","Pacific Islander (Non-Hispanic)",NA,NA
"3603704726",2022,"Genesee","Batavia town","B19013F_001","Other (Non-Hispanic)",NA,NA
"3603704726",2022,"Genesee","Batavia town","B19013G_001","Two or More Races (Non-Hispanic)",NA,NA
"3603704726",2022,"Genesee","Batavia town","B19013H_001","White (Non-Hispanic)",59432,10127
"3603704726",2022,"Genesee","Batavia town","B19013I_001","Hispanic or Latino (Any Race)",NA,NA
"3603706057",2022,"Genesee","Bergen town","B19013B_001","Black (Non-Hispanic)",NA,NA
"3603706057",2022,"Genesee","Bergen town","B19013C_001","Native American (Non-Hispanic)",NA,NA
"3603706057",2022,"Genesee","Bergen town","B19013D_001","Asian (Non-Hispanic)",NA,NA
"3603706057",2022,"Genesee","Bergen town","B19013E_001","Pacific Islander (Non-Hispanic)",NA,NA
"3603706057",2022,"Genesee","Bergen town","B19013F_001","Other (Non-Hispanic)",NA,NA
"3603706057",2022,"Genesee","Bergen town","B19013G_001","Two or More Races (Non-Hispanic)",NA,NA
"3603706057",2022,"Genesee","Bergen town","B19013H_001","White (Non-Hispanic)",76033,8784
"3603706057",2022,"Genesee","Bergen town","B19013I_001","Hispanic or Latino (Any Race)",NA,NA
"3603706266",2022,"Genesee","Bethany town","B19013B_001","Black (Non-Hispanic)",NA,NA
"3603706266",2022,"Genesee","Bethany town","B19013C_001","Native American (Non-Hispanic)",NA,NA
"3603706266",2022,"Genesee","Bethany town","B19013D_001","Asian (Non-Hispanic)",NA,NA
"3603706266",2022,"Genesee","Bethany town","B19013E_001","Pacific Islander (Non-Hispanic)",NA,NA
"3603706266",2022,"Genesee","Bethany town","B19013F_001","Other (Non-Hispanic)",NA,NA
"3603706266",2022,"Genesee","Bethany town","B19013G_001","Two or More Races (Non-Hispanic)",NA,NA
"3603706266",2022,"Genesee","Bethany town","B19013H_001","White (Non-Hispanic)",69519,11614
"3603706266",2022,"Genesee","Bethany town","B19013I_001","Hispanic or Latino (Any Race)",NA,NA
"3603711572",2022,"Genesee","Byron town","B19013B_001","Black (Non-Hispanic)",NA,NA
"3603711572",2022,"Genesee","Byron town","B19013C_001","Native American (Non-Hispanic)",NA,NA
"3603711572",2022,"Genesee","Byron town","B19013D_001","Asian (Non-Hispanic)",NA,NA
"3603711572",2022,"Genesee","Byron town","B19013E_001","Pacific Islander (Non-Hispanic)",NA,NA
"3603711572",2022,"Genesee","Byron town","B19013F_001","Other (Non-Hispanic)",NA,NA
"3603711572",2022,"Genesee","Byron town","B19013G_001","Two or More Races (Non-Hispanic)",64500,59644
"3603711572",2022,"Genesee","Byron town","B19013H_001","White (Non-Hispanic)",85000,14771
"3603711572",2022,"Genesee","Byron town","B19013I_001","Hispanic or Latino (Any Race)",NA,NA
"3603719719",2022,"Genesee","Darien town","B19013B_001","Black (Non-Hispanic)",NA,NA
"3603719719",2022,"Genesee","Darien town","B19013C_001","Native American (Non-Hispanic)",NA,NA
"3603719719",2022,"Genesee","Darien town","B19013D_001","Asian (Non-Hispanic)",NA,NA
"3603719719",2022,"Genesee","Darien town","B19013E_001","Pacific Islander (Non-Hispanic)",NA,NA
"3603719719",2022,"Genesee","Darien town","B19013F_001","Other (Non-Hispanic)",NA,NA
"3603719719",2022,"Genesee","Darien town","B19013G_001","Two or More Races (Non-Hispanic)",NA,NA
"3603719719",2022,"Genesee","Darien town","B19013H_001","White (Non-Hispanic)",84760,9729
"3603719719",2022,"Genesee","Darien town","B19013I_001","Hispanic or Latino (Any Race)",NA,NA
"3603723756",2022,"Genesee","Elba town","B19013B_001","Black (Non-Hispanic)",NA,NA
"3603723756",2022,"Genesee","Elba town","B19013C_001","Native American (Non-Hispanic)",NA,NA
"3603723756",2022,"Genesee","Elba town","B19013D_001","Asian (Non-Hispanic)",NA,NA
"3603723756",2022,"Genesee","Elba town","B19013E_001","Pacific Islander (Non-Hispanic)",NA,NA
"3603723756",2022,"Genesee","Elba town","B19013F_001","Other (Non-Hispanic)",NA,NA
"3603723756",2022,"Genesee","Elba town","B19013G_001","Two or More Races (Non-Hispanic)",104000,13464
"3603723756",2022,"Genesee","Elba town","B19013H_001","White (Non-Hispanic)",76719,10077
"3603723756",2022,"Genesee","Elba town","B19013I_001","Hispanic or Latino (Any Race)",NA,NA
"3603742037",2022,"Genesee","Le Roy town","B19013B_001","Black (Non-Hispanic)",NA,NA
"3603742037",2022,"Genesee","Le Roy town","B19013C_001","Native American (Non-Hispanic)",NA,NA
"3603742037",2022,"Genesee","Le Roy town","B19013D_001","Asian (Non-Hispanic)",NA,NA
"3603742037",2022,"Genesee","Le Roy town","B19013E_001","Pacific Islander (Non-Hispanic)",NA,NA
"3603742037",2022,"Genesee","Le Roy town","B19013F_001","Other (Non-Hispanic)",NA,NA
"3603742037",2022,"Genesee","Le Roy town","B19013G_001","Two or More Races (Non-Hispanic)",NA,NA
"3603742037",2022,"Genesee","Le Roy town","B19013H_001","White (Non-Hispanic)",76131,6648
"3603742037",2022,"Genesee","Le Roy town","B19013I_001","Hispanic or Latino (Any Race)",NA,NA
"3603754166",2022,"Genesee","Oakfield town","B19013B_001","Black (Non-Hispanic)",NA,NA
"3603754166",2022,"Genesee","Oakfield town","B19013C_001","Native American (Non-Hispanic)",NA,NA
"3603754166",2022,"Genesee","Oakfield town","B19013D_001","Asian (Non-Hispanic)",NA,NA
"3603754166",2022,"Genesee","Oakfield town","B19013E_001","Pacific Islander (Non-Hispanic)",NA,NA
"3603754166",2022,"Genesee","Oakfield town","B19013F_001","Other (Non-Hispanic)",NA,NA
"3603754166",2022,"Genesee","Oakfield town","B19013G_001","Two or More Races (Non-Hispanic)",81806,23962
"3603754166",2022,"Genesee","Oakfield town","B19013H_001","White (Non-Hispanic)",60353,12839
"3603754166",2022,"Genesee","Oakfield town","B19013I_001","Hispanic or Latino (Any Race)",85547,5149
"3603756792",2022,"Genesee","Pavilion town","B19013B_001","Black (Non-Hispanic)",NA,NA
"3603756792",2022,"Genesee","Pavilion town","B19013C_001","Native American (Non-Hispanic)",NA,NA
"3603756792",2022,"Genesee","Pavilion town","B19013D_001","Asian (Non-Hispanic)",NA,NA
"3603756792",2022,"Genesee","Pavilion town","B19013E_001","Pacific Islander (Non-Hispanic)",NA,NA
"3603756792",2022,"Genesee","Pavilion town","B19013F_001","Other (Non-Hispanic)",NA,NA
"3603756792",2022,"Genesee","Pavilion town","B19013G_001","Two or More Races (Non-Hispanic)",NA,NA
"3603756792",2022,"Genesee","Pavilion town","B19013H_001","White (Non-Hispanic)",81781,3982
"3603756792",2022,"Genesee","Pavilion town","B19013I_001","Hispanic or Latino (Any Race)",NA,NA
"3603757078",2022,"Genesee","Pembroke town","B19013B_001","Black (Non-Hispanic)",NA,NA
"3603757078",2022,"Genesee","Pembroke town","B19013C_001","Native American (Non-Hispanic)",NA,NA
"3603757078",2022,"Genesee","Pembroke town","B19013D_001","Asian (Non-Hispanic)",NA,NA
"3603757078",2022,"Genesee","Pembroke town","B19013E_001","Pacific Islander (Non-Hispanic)",NA,NA
"3603757078",2022,"Genesee","Pembroke town","B19013F_001","Other (Non-Hispanic)",NA,NA
"3603757078",2022,"Genesee","Pembroke town","B19013G_001","Two or More Races (Non-Hispanic)",NA,NA
"3603757078",2022,"Genesee","Pembroke town","B19013H_001","White (Non-Hispanic)",76011,15267
"3603757078",2022,"Genesee","Pembroke town","B19013I_001","Hispanic or Latino (Any Race)",NA,NA
"3603770607",2022,"Genesee","Stafford town","B19013B_001","Black (Non-Hispanic)",NA,NA
"3603770607",2022,"Genesee","Stafford town","B19013C_001","Native American (Non-Hispanic)",NA,NA
"3603770607",2022,"Genesee","Stafford town","B19013D_001","Asian (Non-Hispanic)",NA,NA
"3603770607",2022,"Genesee","Stafford town","B19013E_001","Pacific Islander (Non-Hispanic)",NA,NA
"3603770607",2022,"Genesee","Stafford town","B19013F_001","Other (Non-Hispanic)",NA,NA
"3603770607",2022,"Genesee","Stafford town","B19013G_001","Two or More Races (Non-Hispanic)",NA,NA
"3603770607",2022,"Genesee","Stafford town","B19013H_001","White (Non-Hispanic)",88173,18422
"3603770607",2022,"Genesee","Stafford town","B19013I_001","Hispanic or Latino (Any Race)",NA,NA
"3603775011",2022,"Genesee","Tonawanda Reservation","B19013B_001","Black (Non-Hispanic)",NA,NA
"3603775011",2022,"Genesee","Tonawanda Reservation","B19013C_001","Native American (Non-Hispanic)",50515,20935
"3603775011",2022,"Genesee","Tonawanda Reservation","B19013D_001","Asian (Non-Hispanic)",NA,NA
"3603775011",2022,"Genesee","Tonawanda Reservation","B19013E_001","Pacific Islander (Non-Hispanic)",NA,NA
"3603775011",2022,"Genesee","Tonawanda Reservation","B19013F_001","Other (Non-Hispanic)",NA,NA
"3603775011",2022,"Genesee","Tonawanda Reservation","B19013G_001","Two or More Races (Non-Hispanic)",26042,7434
"3603775011",2022,"Genesee","Tonawanda Reservation","B19013H_001","White (Non-Hispanic)",NA,NA
"3603775011",2022,"Genesee","Tonawanda Reservation","B19013I_001","Hispanic or Latino (Any Race)",NA,NA
"3605103364",2022,"Livingston","Avon town","B19013B_001","Black (Non-Hispanic)",NA,NA
"3605103364",2022,"Livingston","Avon town","B19013C_001","Native American (Non-Hispanic)",NA,NA
"3605103364",2022,"Livingston","Avon town","B19013D_001","Asian (Non-Hispanic)",NA,NA
"3605103364",2022,"Livingston","Avon town","B19013E_001","Pacific Islander (Non-Hispanic)",NA,NA
"3605103364",2022,"Livingston","Avon town","B19013F_001","Other (Non-Hispanic)",NA,NA
"3605103364",2022,"Livingston","Avon town","B19013G_001","Two or More Races (Non-Hispanic)",59545,49437
"3605103364",2022,"Livingston","Avon town","B19013H_001","White (Non-Hispanic)",76667,12556
"3605103364",2022,"Livingston","Avon town","B19013I_001","Hispanic or Latino (Any Race)",NA,NA
"3605111715",2022,"Livingston","Caledonia town","B19013B_001","Black (Non-Hispanic)",60000,29034
"3605111715",2022,"Livingston","Caledonia town","B19013C_001","Native American (Non-Hispanic)",NA,NA
"3605111715",2022,"Livingston","Caledonia town","B19013D_001","Asian (Non-Hispanic)",NA,NA
"3605111715",2022,"Livingston","Caledonia town","B19013E_001","Pacific Islander (Non-Hispanic)",NA,NA
"3605111715",2022,"Livingston","Caledonia town","B19013F_001","Other (Non-Hispanic)",NA,NA
"3605111715",2022,"Livingston","Caledonia town","B19013G_001","Two or More Races (Non-Hispanic)",NA,NA
"3605111715",2022,"Livingston","Caledonia town","B19013H_001","White (Non-Hispanic)",71429,13529
"3605111715",2022,"Livingston","Caledonia town","B19013I_001","Hispanic or Latino (Any Race)",228186,103811
"3605117618",2022,"Livingston","Conesus town","B19013B_001","Black (Non-Hispanic)",NA,NA
"3605117618",2022,"Livingston","Conesus town","B19013C_001","Native American (Non-Hispanic)",NA,NA
"3605117618",2022,"Livingston","Conesus town","B19013D_001","Asian (Non-Hispanic)",NA,NA
"3605117618",2022,"Livingston","Conesus town","B19013E_001","Pacific Islander (Non-Hispanic)",NA,NA
"3605117618",2022,"Livingston","Conesus town","B19013F_001","Other (Non-Hispanic)",NA,NA
"3605117618",2022,"Livingston","Conesus town","B19013G_001","Two or More Races (Non-Hispanic)",NA,NA
"3605117618",2022,"Livingston","Conesus town","B19013H_001","White (Non-Hispanic)",79583,15343
"3605117618",2022,"Livingston","Conesus town","B19013I_001","Hispanic or Latino (Any Race)",NA,NA
"3605128629",2022,"Livingston","Geneseo town","B19013B_001","Black (Non-Hispanic)",NA,NA
"3605128629",2022,"Livingston","Geneseo town","B19013C_001","Native American (Non-Hispanic)",NA,NA
"3605128629",2022,"Livingston","Geneseo town","B19013D_001","Asian (Non-Hispanic)",NA,NA
"3605128629",2022,"Livingston","Geneseo town","B19013E_001","Pacific Islander (Non-Hispanic)",NA,NA
"3605128629",2022,"Livingston","Geneseo town","B19013F_001","Other (Non-Hispanic)",NA,NA
"3605128629",2022,"Livingston","Geneseo town","B19013G_001","Two or More Races (Non-Hispanic)",NA,NA
"3605128629",2022,"Livingston","Geneseo town","B19013H_001","White (Non-Hispanic)",56719,5179
"3605128629",2022,"Livingston","Geneseo town","B19013I_001","Hispanic or Latino (Any Race)",NA,NA
"3605131016",2022,"Livingston","Groveland town","B19013B_001","Black (Non-Hispanic)",NA,NA
"3605131016",2022,"Livingston","Groveland town","B19013C_001","Native American (Non-Hispanic)",NA,NA
"3605131016",2022,"Livingston","Groveland town","B19013D_001","Asian (Non-Hispanic)",NA,NA
"3605131016",2022,"Livingston","Groveland town","B19013E_001","Pacific Islander (Non-Hispanic)",NA,NA
"3605131016",2022,"Livingston","Groveland town","B19013F_001","Other (Non-Hispanic)",NA,NA
"3605131016",2022,"Livingston","Groveland town","B19013G_001","Two or More Races (Non-Hispanic)",83274,9111
"3605131016",2022,"Livingston","Groveland town","B19013H_001","White (Non-Hispanic)",82721,5578
"3605131016",2022,"Livingston","Groveland town","B19013I_001","Hispanic or Latino (Any Race)",NA,NA
"3605141883",2022,"Livingston","Leicester town","B19013B_001","Black (Non-Hispanic)",NA,NA
"3605141883",2022,"Livingston","Leicester town","B19013C_001","Native American (Non-Hispanic)",NA,NA
"3605141883",2022,"Livingston","Leicester town","B19013D_001","Asian (Non-Hispanic)",NA,NA
"3605141883",2022,"Livingston","Leicester town","B19013E_001","Pacific Islander (Non-Hispanic)",NA,NA
"3605141883",2022,"Livingston","Leicester town","B19013F_001","Other (Non-Hispanic)",NA,NA
"3605141883",2022,"Livingston","Leicester town","B19013G_001","Two or More Races (Non-Hispanic)",63125,57758
"3605141883",2022,"Livingston","Leicester town","B19013H_001","White (Non-Hispanic)",76993,5977
"3605141883",2022,"Livingston","Leicester town","B19013I_001","Hispanic or Latino (Any Race)",NA,NA
"3605142334",2022,"Livingston","Lima town","B19013B_001","Black (Non-Hispanic)",NA,NA
"3605142334",2022,"Livingston","Lima town","B19013C_001","Native American (Non-Hispanic)",NA,NA
"3605142334",2022,"Livingston","Lima town","B19013D_001","Asian (Non-Hispanic)",NA,NA
"3605142334",2022,"Livingston","Lima town","B19013E_001","Pacific Islander (Non-Hispanic)",NA,NA
"3605142334",2022,"Livingston","Lima town","B19013F_001","Other (Non-Hispanic)",NA,NA
"3605142334",2022,"Livingston","Lima town","B19013G_001","Two or More Races (Non-Hispanic)",2499,NA
"3605142334",2022,"Livingston","Lima town","B19013H_001","White (Non-Hispanic)",84250,11671
"3605142334",2022,"Livingston","Lima town","B19013I_001","Hispanic or Latino (Any Race)",95500,78712
"3605142961",2022,"Livingston","Livonia town","B19013B_001","Black (Non-Hispanic)",NA,NA
"3605142961",2022,"Livingston","Livonia town","B19013C_001","Native American (Non-Hispanic)",NA,NA
"3605142961",2022,"Livingston","Livonia town","B19013D_001","Asian (Non-Hispanic)",NA,NA
"3605142961",2022,"Livingston","Livonia town","B19013E_001","Pacific Islander (Non-Hispanic)",NA,NA
"3605142961",2022,"Livingston","Livonia town","B19013F_001","Other (Non-Hispanic)",NA,NA
"3605142961",2022,"Livingston","Livonia town","B19013G_001","Two or More Races (Non-Hispanic)",71081,33890
"3605142961",2022,"Livingston","Livonia town","B19013H_001","White (Non-Hispanic)",89347,4371
"3605142961",2022,"Livingston","Livonia town","B19013I_001","Hispanic or Latino (Any Race)",51300,750
"3605148956",2022,"Livingston","Mount Morris town","B19013B_001","Black (Non-Hispanic)",NA,NA
"3605148956",2022,"Livingston","Mount Morris town","B19013C_001","Native American (Non-Hispanic)",NA,NA
"3605148956",2022,"Livingston","Mount Morris town","B19013D_001","Asian (Non-Hispanic)",NA,NA
"3605148956",2022,"Livingston","Mount Morris town","B19013E_001","Pacific Islander (Non-Hispanic)",NA,NA
"3605148956",2022,"Livingston","Mount Morris town","B19013F_001","Other (Non-Hispanic)",NA,NA
"3605148956",2022,"Livingston","Mount Morris town","B19013G_001","Two or More Races (Non-Hispanic)",34803,16535
"3605148956",2022,"Livingston","Mount Morris town","B19013H_001","White (Non-Hispanic)",62829,12186
"3605148956",2022,"Livingston","Mount Morris town","B19013I_001","Hispanic or Latino (Any Race)",60313,48822
"3605151869",2022,"Livingston","North Dansville town","B19013B_001","Black (Non-Hispanic)",NA,NA
"3605151869",2022,"Livingston","North Dansville town","B19013C_001","Native American (Non-Hispanic)",NA,NA
"3605151869",2022,"Livingston","North Dansville town","B19013D_001","Asian (Non-Hispanic)",NA,NA
"3605151869",2022,"Livingston","North Dansville town","B19013E_001","Pacific Islander (Non-Hispanic)",NA,NA
"3605151869",2022,"Livingston","North Dansville town","B19013F_001","Other (Non-Hispanic)",NA,NA
"3605151869",2022,"Livingston","North Dansville town","B19013G_001","Two or More Races (Non-Hispanic)",NA,NA
"3605151869",2022,"Livingston","North Dansville town","B19013H_001","White (Non-Hispanic)",61541,12851
"3605151869",2022,"Livingston","North Dansville town","B19013I_001","Hispanic or Latino (Any Race)",29449,13349
"3605154089",2022,"Livingston","Nunda town","B19013B_001","Black (Non-Hispanic)",NA,NA
"3605154089",2022,"Livingston","Nunda town","B19013C_001","Native American (Non-Hispanic)",NA,NA
"3605154089",2022,"Livingston","Nunda town","B19013D_001","Asian (Non-Hispanic)",NA,NA
"3605154089",2022,"Livingston","Nunda town","B19013E_001","Pacific Islander (Non-Hispanic)",NA,NA
"3605154089",2022,"Livingston","Nunda town","B19013F_001","Other (Non-Hispanic)",NA,NA
"3605154089",2022,"Livingston","Nunda town","B19013G_001","Two or More Races (Non-Hispanic)",51774,3887
"3605154089",2022,"Livingston","Nunda town","B19013H_001","White (Non-Hispanic)",67566,15416
"3605154089",2022,"Livingston","Nunda town","B19013I_001","Hispanic or Latino (Any Race)",NA,NA
"3605155508",2022,"Livingston","Ossian town","B19013B_001","Black (Non-Hispanic)",NA,NA
"3605155508",2022,"Livingston","Ossian town","B19013C_001","Native American (Non-Hispanic)",NA,NA
"3605155508",2022,"Livingston","Ossian town","B19013D_001","Asian (Non-Hispanic)",NA,NA
"3605155508",2022,"Livingston","Ossian town","B19013E_001","Pacific Islander (Non-Hispanic)",NA,NA
"3605155508",2022,"Livingston","Ossian town","B19013F_001","Other (Non-Hispanic)",NA,NA
"3605155508",2022,"Livingston","Ossian town","B19013G_001","Two or More Races (Non-Hispanic)",NA,NA
"3605155508",2022,"Livingston","Ossian town","B19013H_001","White (Non-Hispanic)",66594,3590
"3605155508",2022,"Livingston","Ossian town","B19013I_001","Hispanic or Latino (Any Race)",NA,NA
"3605159179",2022,"Livingston","Portage town","B19013B_001","Black (Non-Hispanic)",NA,NA
"3605159179",2022,"Livingston","Portage town","B19013C_001","Native American (Non-Hispanic)",NA,NA
"3605159179",2022,"Livingston","Portage town","B19013D_001","Asian (Non-Hispanic)",NA,NA
"3605159179",2022,"Livingston","Portage town","B19013E_001","Pacific Islander (Non-Hispanic)",NA,NA
"3605159179",2022,"Livingston","Portage town","B19013F_001","Other (Non-Hispanic)",NA,NA
"3605159179",2022,"Livingston","Portage town","B19013G_001","Two or More Races (Non-Hispanic)",NA,NA
"3605159179",2022,"Livingston","Portage town","B19013H_001","White (Non-Hispanic)",64375,18470
"3605159179",2022,"Livingston","Portage town","B19013I_001","Hispanic or Latino (Any Race)",NA,NA
"3605170101",2022,"Livingston","Sparta town","B19013B_001","Black (Non-Hispanic)",NA,NA
"3605170101",2022,"Livingston","Sparta town","B19013C_001","Native American (Non-Hispanic)",NA,NA
"3605170101",2022,"Livingston","Sparta town","B19013D_001","Asian (Non-Hispanic)",NA,NA
"3605170101",2022,"Livingston","Sparta town","B19013E_001","Pacific Islander (Non-Hispanic)",NA,NA
"3605170101",2022,"Livingston","Sparta town","B19013F_001","Other (Non-Hispanic)",NA,NA
"3605170101",2022,"Livingston","Sparta town","B19013G_001","Two or More Races (Non-Hispanic)",157813,71688
"3605170101",2022,"Livingston","Sparta town","B19013H_001","White (Non-Hispanic)",80417,4741
"3605170101",2022,"Livingston","Sparta town","B19013I_001","Hispanic or Latino (Any Race)",NA,NA
"3605170475",2022,"Livingston","Springwater town","B19013B_001","Black (Non-Hispanic)",NA,NA
"3605170475",2022,"Livingston","Springwater town","B19013C_001","Native American (Non-Hispanic)",NA,NA
"3605170475",2022,"Livingston","Springwater town","B19013D_001","Asian (Non-Hispanic)",NA,NA
"3605170475",2022,"Livingston","Springwater town","B19013E_001","Pacific Islander (Non-Hispanic)",NA,NA
"3605170475",2022,"Livingston","Springwater town","B19013F_001","Other (Non-Hispanic)",NA,NA
"3605170475",2022,"Livingston","Springwater town","B19013G_001","Two or More Races (Non-Hispanic)",70647,36954
"3605170475",2022,"Livingston","Springwater town","B19013H_001","White (Non-Hispanic)",71944,22690
"3605170475",2022,"Livingston","Springwater town","B19013I_001","Hispanic or Latino (Any Race)",NA,NA
"3605181006",2022,"Livingston","West Sparta town","B19013B_001","Black (Non-Hispanic)",NA,NA
"3605181006",2022,"Livingston","West Sparta town","B19013C_001","Native American (Non-Hispanic)",NA,NA
"3605181006",2022,"Livingston","West Sparta town","B19013D_001","Asian (Non-Hispanic)",NA,NA
"3605181006",2022,"Livingston","West Sparta town","B19013E_001","Pacific Islander (Non-Hispanic)",NA,NA
"3605181006",2022,"Livingston","West Sparta town","B19013F_001","Other (Non-Hispanic)",NA,NA
"3605181006",2022,"Livingston","West Sparta town","B19013G_001","Two or More Races (Non-Hispanic)",NA,NA
"3605181006",2022,"Livingston","West Sparta town","B19013H_001","White (Non-Hispanic)",59583,15059
"3605181006",2022,"Livingston","West Sparta town","B19013I_001","Hispanic or Latino (Any Race)",NA,NA
"3605184022",2022,"Livingston","York town","B19013B_001","Black (Non-Hispanic)",NA,NA
"3605184022",2022,"Livingston","York town","B19013C_001","Native American (Non-Hispanic)",NA,NA
"3605184022",2022,"Livingston","York town","B19013D_001","Asian (Non-Hispanic)",NA,NA
"3605184022",2022,"Livingston","York town","B19013E_001","Pacific Islander (Non-Hispanic)",NA,NA
"3605184022",2022,"Livingston","York town","B19013F_001","Other (Non-Hispanic)",NA,NA
"3605184022",2022,"Livingston","York town","B19013G_001","Two or More Races (Non-Hispanic)",NA,NA
"3605184022",2022,"Livingston","York town","B19013H_001","White (Non-Hispanic)",76632,7354
"3605184022",2022,"Livingston","York town","B19013I_001","Hispanic or Latino (Any Race)",NA,NA
"3605500000",2022,"Monroe","County subdivisions not defined","B19013B_001","Black (Non-Hispanic)",NA,NA
"3605500000",2022,"Monroe","County subdivisions not defined","B19013C_001","Native American (Non-Hispanic)",NA,NA
"3605500000",2022,"Monroe","County subdivisions not defined","B19013D_001","Asian (Non-Hispanic)",NA,NA
"3605500000",2022,"Monroe","County subdivisions not defined","B19013E_001","Pacific Islander (Non-Hispanic)",NA,NA
"3605500000",2022,"Monroe","County subdivisions not defined","B19013F_001","Other (Non-Hispanic)",NA,NA
"3605500000",2022,"Monroe","County subdivisions not defined","B19013G_001","Two or More Races (Non-Hispanic)",NA,NA
"3605500000",2022,"Monroe","County subdivisions not defined","B19013H_001","White (Non-Hispanic)",NA,NA
"3605500000",2022,"Monroe","County subdivisions not defined","B19013I_001","Hispanic or Latino (Any Race)",NA,NA
"3605508246",2022,"Monroe","Brighton town","B19013B_001","Black (Non-Hispanic)",42049,3377
"3605508246",2022,"Monroe","Brighton town","B19013C_001","Native American (Non-Hispanic)",NA,NA
"3605508246",2022,"Monroe","Brighton town","B19013D_001","Asian (Non-Hispanic)",75060,32274
"3605508246",2022,"Monroe","Brighton town","B19013E_001","Pacific Islander (Non-Hispanic)",NA,NA
"3605508246",2022,"Monroe","Brighton town","B19013F_001","Other (Non-Hispanic)",62073,58177
"3605508246",2022,"Monroe","Brighton town","B19013G_001","Two or More Races (Non-Hispanic)",73583,9580
"3605508246",2022,"Monroe","Brighton town","B19013H_001","White (Non-Hispanic)",86419,6952
"3605508246",2022,"Monroe","Brighton town","B19013I_001","Hispanic or Latino (Any Race)",64038,23053
"3605515462",2022,"Monroe","Chili town","B19013B_001","Black (Non-Hispanic)",56389,8656
"3605515462",2022,"Monroe","Chili town","B19013C_001","Native American (Non-Hispanic)",NA,NA
"3605515462",2022,"Monroe","Chili town","B19013D_001","Asian (Non-Hispanic)",152885,71025
"3605515462",2022,"Monroe","Chili town","B19013E_001","Pacific Islander (Non-Hispanic)",NA,NA
"3605515462",2022,"Monroe","Chili town","B19013F_001","Other (Non-Hispanic)",98025,45256
"3605515462",2022,"Monroe","Chili town","B19013G_001","Two or More Races (Non-Hispanic)",82635,43827
"3605515462",2022,"Monroe","Chili town","B19013H_001","White (Non-Hispanic)",90390,7767
"3605515462",2022,"Monroe","Chili town","B19013I_001","Hispanic or Latino (Any Race)",83615,27382
"3605515957",2022,"Monroe","Clarkson town","B19013B_001","Black (Non-Hispanic)",NA,NA
"3605515957",2022,"Monroe","Clarkson town","B19013C_001","Native American (Non-Hispanic)",NA,NA
"3605515957",2022,"Monroe","Clarkson town","B19013D_001","Asian (Non-Hispanic)",NA,NA
"3605515957",2022,"Monroe","Clarkson town","B19013E_001","Pacific Islander (Non-Hispanic)",NA,NA
"3605515957",2022,"Monroe","Clarkson town","B19013F_001","Other (Non-Hispanic)",NA,NA
"3605515957",2022,"Monroe","Clarkson town","B19013G_001","Two or More Races (Non-Hispanic)",NA,NA
"3605515957",2022,"Monroe","Clarkson town","B19013H_001","White (Non-Hispanic)",83074,13961
"3605515957",2022,"Monroe","Clarkson town","B19013I_001","Hispanic or Latino (Any Race)",NA,NA
"3605522870",2022,"Monroe","East Rochester town","B19013B_001","Black (Non-Hispanic)",NA,NA
"3605522870",2022,"Monroe","East Rochester town","B19013C_001","Native American (Non-Hispanic)",NA,NA
"3605522870",2022,"Monroe","East Rochester town","B19013D_001","Asian (Non-Hispanic)",NA,NA
"3605522870",2022,"Monroe","East Rochester town","B19013E_001","Pacific Islander (Non-Hispanic)",NA,NA
"3605522870",2022,"Monroe","East Rochester town","B19013F_001","Other (Non-Hispanic)",11420,8401
"3605522870",2022,"Monroe","East Rochester town","B19013G_001","Two or More Races (Non-Hispanic)",NA,NA
"3605522870",2022,"Monroe","East Rochester town","B19013H_001","White (Non-Hispanic)",66920,12012
"3605522870",2022,"Monroe","East Rochester town","B19013I_001","Hispanic or Latino (Any Race)",90078,66275
"3605528442",2022,"Monroe","Gates town","B19013B_001","Black (Non-Hispanic)",72616,13485
"3605528442",2022,"Monroe","Gates town","B19013C_001","Native American (Non-Hispanic)",NA,NA
"3605528442",2022,"Monroe","Gates town","B19013D_001","Asian (Non-Hispanic)",83750,11699
"3605528442",2022,"Monroe","Gates town","B19013E_001","Pacific Islander (Non-Hispanic)",NA,NA
"3605528442",2022,"Monroe","Gates town","B19013F_001","Other (Non-Hispanic)",NA,NA
"3605528442",2022,"Monroe","Gates town","B19013G_001","Two or More Races (Non-Hispanic)",82826,40196
"3605528442",2022,"Monroe","Gates town","B19013H_001","White (Non-Hispanic)",73946,4170
"3605528442",2022,"Monroe","Gates town","B19013I_001","Hispanic or Latino (Any Race)",42969,42344
"3605530290",2022,"Monroe","Greece town","B19013B_001","Black (Non-Hispanic)",51532,11648
"3605530290",2022,"Monroe","Greece town","B19013C_001","Native American (Non-Hispanic)",75521,32638
"3605530290",2022,"Monroe","Greece town","B19013D_001","Asian (Non-Hispanic)",72727,16482
"3605530290",2022,"Monroe","Greece town","B19013E_001","Pacific Islander (Non-Hispanic)",NA,NA
"3605530290",2022,"Monroe","Greece town","B19013F_001","Other (Non-Hispanic)",70667,20603
"3605530290",2022,"Monroe","Greece town","B19013G_001","Two or More Races (Non-Hispanic)",67370,9063
"3605530290",2022,"Monroe","Greece town","B19013H_001","White (Non-Hispanic)",78588,2710
"3605530290",2022,"Monroe","Greece town","B19013I_001","Hispanic or Latino (Any Race)",48939,16396
"3605531797",2022,"Monroe","Hamlin town","B19013B_001","Black (Non-Hispanic)",102344,100198
"3605531797",2022,"Monroe","Hamlin town","B19013C_001","Native American (Non-Hispanic)",NA,NA
"3605531797",2022,"Monroe","Hamlin town","B19013D_001","Asian (Non-Hispanic)",NA,NA
"3605531797",2022,"Monroe","Hamlin town","B19013E_001","Pacific Islander (Non-Hispanic)",NA,NA
"3605531797",2022,"Monroe","Hamlin town","B19013F_001","Other (Non-Hispanic)",NA,NA
"3605531797",2022,"Monroe","Hamlin town","B19013G_001","Two or More Races (Non-Hispanic)",75813,33239
"3605531797",2022,"Monroe","Hamlin town","B19013H_001","White (Non-Hispanic)",78152,13399
"3605531797",2022,"Monroe","Hamlin town","B19013I_001","Hispanic or Latino (Any Race)",NA,NA
"3605534099",2022,"Monroe","Henrietta town","B19013B_001","Black (Non-Hispanic)",69743,17389
"3605534099",2022,"Monroe","Henrietta town","B19013C_001","Native American (Non-Hispanic)",NA,NA
"3605534099",2022,"Monroe","Henrietta town","B19013D_001","Asian (Non-Hispanic)",54444,11187
"3605534099",2022,"Monroe","Henrietta town","B19013E_001","Pacific Islander (Non-Hispanic)",NA,NA
"3605534099",2022,"Monroe","Henrietta town","B19013F_001","Other (Non-Hispanic)",NA,NA
"3605534099",2022,"Monroe","Henrietta town","B19013G_001","Two or More Races (Non-Hispanic)",78060,25997
"3605534099",2022,"Monroe","Henrietta town","B19013H_001","White (Non-Hispanic)",86188,5219
"3605534099",2022,"Monroe","Henrietta town","B19013I_001","Hispanic or Latino (Any Race)",121611,45831
"3605537726",2022,"Monroe","Irondequoit town","B19013B_001","Black (Non-Hispanic)",54227,10901
"3605537726",2022,"Monroe","Irondequoit town","B19013C_001","Native American (Non-Hispanic)",11466,701
"3605537726",2022,"Monroe","Irondequoit town","B19013D_001","Asian (Non-Hispanic)",NA,NA
"3605537726",2022,"Monroe","Irondequoit town","B19013E_001","Pacific Islander (Non-Hispanic)",NA,NA
"3605537726",2022,"Monroe","Irondequoit town","B19013F_001","Other (Non-Hispanic)",38214,18232
"3605537726",2022,"Monroe","Irondequoit town","B19013G_001","Two or More Races (Non-Hispanic)",61699,20245
"3605537726",2022,"Monroe","Irondequoit town","B19013H_001","White (Non-Hispanic)",77199,3524
"3605537726",2022,"Monroe","Irondequoit town","B19013I_001","Hispanic or Latino (Any Race)",72545,19576
"3605546558",2022,"Monroe","Mendon town","B19013B_001","Black (Non-Hispanic)",NA,NA
"3605546558",2022,"Monroe","Mendon town","B19013C_001","Native American (Non-Hispanic)",NA,NA
"3605546558",2022,"Monroe","Mendon town","B19013D_001","Asian (Non-Hispanic)",NA,NA
"3605546558",2022,"Monroe","Mendon town","B19013E_001","Pacific Islander (Non-Hispanic)",NA,NA
"3605546558",2022,"Monroe","Mendon town","B19013F_001","Other (Non-Hispanic)",NA,NA
"3605546558",2022,"Monroe","Mendon town","B19013G_001","Two or More Races (Non-Hispanic)",250001,NA
"3605546558",2022,"Monroe","Mendon town","B19013H_001","White (Non-Hispanic)",117031,20853
"3605546558",2022,"Monroe","Mendon town","B19013I_001","Hispanic or Latino (Any Race)",250001,NA
"3605554474",2022,"Monroe","Ogden town","B19013B_001","Black (Non-Hispanic)",46513,32163
"3605554474",2022,"Monroe","Ogden town","B19013C_001","Native American (Non-Hispanic)",NA,NA
"3605554474",2022,"Monroe","Ogden town","B19013D_001","Asian (Non-Hispanic)",120962,88616
"3605554474",2022,"Monroe","Ogden town","B19013E_001","Pacific Islander (Non-Hispanic)",NA,NA
"3605554474",2022,"Monroe","Ogden town","B19013F_001","Other (Non-Hispanic)",NA,NA
"3605554474",2022,"Monroe","Ogden town","B19013G_001","Two or More Races (Non-Hispanic)",167984,52476
"3605554474",2022,"Monroe","Ogden town","B19013H_001","White (Non-Hispanic)",88858,8213
"3605554474",2022,"Monroe","Ogden town","B19013I_001","Hispanic or Latino (Any Race)",100375,99681
"3605556561",2022,"Monroe","Parma town","B19013B_001","Black (Non-Hispanic)",NA,NA
"3605556561",2022,"Monroe","Parma town","B19013C_001","Native American (Non-Hispanic)",NA,NA
"3605556561",2022,"Monroe","Parma town","B19013D_001","Asian (Non-Hispanic)",NA,NA
"3605556561",2022,"Monroe","Parma town","B19013E_001","Pacific Islander (Non-Hispanic)",NA,NA
"3605556561",2022,"Monroe","Parma town","B19013F_001","Other (Non-Hispanic)",NA,NA
"3605556561",2022,"Monroe","Parma town","B19013G_001","Two or More Races (Non-Hispanic)",64172,40357
"3605556561",2022,"Monroe","Parma town","B19013H_001","White (Non-Hispanic)",87833,6612
"3605556561",2022,"Monroe","Parma town","B19013I_001","Hispanic or Latino (Any Race)",64334,25803
"3605557144",2022,"Monroe","Penfield town","B19013B_001","Black (Non-Hispanic)",58250,29655
"3605557144",2022,"Monroe","Penfield town","B19013C_001","Native American (Non-Hispanic)",NA,NA
"3605557144",2022,"Monroe","Penfield town","B19013D_001","Asian (Non-Hispanic)",NA,NA
"3605557144",2022,"Monroe","Penfield town","B19013E_001","Pacific Islander (Non-Hispanic)",NA,NA
"3605557144",2022,"Monroe","Penfield town","B19013F_001","Other (Non-Hispanic)",NA,NA
"3605557144",2022,"Monroe","Penfield town","B19013G_001","Two or More Races (Non-Hispanic)",81042,37799
"3605557144",2022,"Monroe","Penfield town","B19013H_001","White (Non-Hispanic)",109395,6368
"3605557144",2022,"Monroe","Penfield town","B19013I_001","Hispanic or Latino (Any Race)",89167,46250
"3605557221",2022,"Monroe","Perinton town","B19013B_001","Black (Non-Hispanic)",51182,38935
"3605557221",2022,"Monroe","Perinton town","B19013C_001","Native American (Non-Hispanic)",NA,NA
"3605557221",2022,"Monroe","Perinton town","B19013D_001","Asian (Non-Hispanic)",117545,22755
"3605557221",2022,"Monroe","Perinton town","B19013E_001","Pacific Islander (Non-Hispanic)",NA,NA
"3605557221",2022,"Monroe","Perinton town","B19013F_001","Other (Non-Hispanic)",NA,NA
"3605557221",2022,"Monroe","Perinton town","B19013G_001","Two or More Races (Non-Hispanic)",113182,45136
"3605557221",2022,"Monroe","Perinton town","B19013H_001","White (Non-Hispanic)",106400,3060
"3605557221",2022,"Monroe","Perinton town","B19013I_001","Hispanic or Latino (Any Race)",65326,45628
"3605558365",2022,"Monroe","Pittsford town","B19013B_001","Black (Non-Hispanic)",83884,40830
"3605558365",2022,"Monroe","Pittsford town","B19013C_001","Native American (Non-Hispanic)",NA,NA
"3605558365",2022,"Monroe","Pittsford town","B19013D_001","Asian (Non-Hispanic)",212434,60411
"3605558365",2022,"Monroe","Pittsford town","B19013E_001","Pacific Islander (Non-Hispanic)",NA,NA
"3605558365",2022,"Monroe","Pittsford town","B19013F_001","Other (Non-Hispanic)",126875,61300
"3605558365",2022,"Monroe","Pittsford town","B19013G_001","Two or More Races (Non-Hispanic)",198333,25045
"3605558365",2022,"Monroe","Pittsford town","B19013H_001","White (Non-Hispanic)",138814,13478
"3605558365",2022,"Monroe","Pittsford town","B19013I_001","Hispanic or Latino (Any Race)",135156,91601
"3605561808",2022,"Monroe","Riga town","B19013B_001","Black (Non-Hispanic)",NA,NA
"3605561808",2022,"Monroe","Riga town","B19013C_001","Native American (Non-Hispanic)",NA,NA
"3605561808",2022,"Monroe","Riga town","B19013D_001","Asian (Non-Hispanic)",NA,NA
"3605561808",2022,"Monroe","Riga town","B19013E_001","Pacific Islander (Non-Hispanic)",NA,NA
"3605561808",2022,"Monroe","Riga town","B19013F_001","Other (Non-Hispanic)",NA,NA
"3605561808",2022,"Monroe","Riga town","B19013G_001","Two or More Races (Non-Hispanic)",108839,1187
"3605561808",2022,"Monroe","Riga town","B19013H_001","White (Non-Hispanic)",90801,12563
"3605561808",2022,"Monroe","Riga town","B19013I_001","Hispanic or Latino (Any Race)",NA,NA
"3605563000",2022,"Monroe","Rochester city","B19013B_001","Black (Non-Hispanic)",34061,2375
"3605563000",2022,"Monroe","Rochester city","B19013C_001","Native American (Non-Hispanic)",36582,6561
"3605563000",2022,"Monroe","Rochester city","B19013D_001","Asian (Non-Hispanic)",42802,15582
"3605563000",2022,"Monroe","Rochester city","B19013E_001","Pacific Islander (Non-Hispanic)",NA,NA
"3605563000",2022,"Monroe","Rochester city","B19013F_001","Other (Non-Hispanic)",34931,4875
"3605563000",2022,"Monroe","Rochester city","B19013G_001","Two or More Races (Non-Hispanic)",38725,6776
"3605563000",2022,"Monroe","Rochester city","B19013H_001","White (Non-Hispanic)",57110,2662
"3605563000",2022,"Monroe","Rochester city","B19013I_001","Hispanic or Latino (Any Race)",32995,4165
"3605564144",2022,"Monroe","Rush town","B19013B_001","Black (Non-Hispanic)",NA,NA
"3605564144",2022,"Monroe","Rush town","B19013C_001","Native American (Non-Hispanic)",NA,NA
"3605564144",2022,"Monroe","Rush town","B19013D_001","Asian (Non-Hispanic)",NA,NA
"3605564144",2022,"Monroe","Rush town","B19013E_001","Pacific Islander (Non-Hispanic)",NA,NA
"3605564144",2022,"Monroe","Rush town","B19013F_001","Other (Non-Hispanic)",NA,NA
"3605564144",2022,"Monroe","Rush town","B19013G_001","Two or More Races (Non-Hispanic)",110625,65157
"3605564144",2022,"Monroe","Rush town","B19013H_001","White (Non-Hispanic)",112361,16604
"3605564144",2022,"Monroe","Rush town","B19013I_001","Hispanic or Latino (Any Race)",NA,NA
"3605572455",2022,"Monroe","Sweden town","B19013B_001","Black (Non-Hispanic)",NA,NA
"3605572455",2022,"Monroe","Sweden town","B19013C_001","Native American (Non-Hispanic)",NA,NA
"3605572455",2022,"Monroe","Sweden town","B19013D_001","Asian (Non-Hispanic)",NA,NA
"3605572455",2022,"Monroe","Sweden town","B19013E_001","Pacific Islander (Non-Hispanic)",NA,NA
"3605572455",2022,"Monroe","Sweden town","B19013F_001","Other (Non-Hispanic)",15938,7230
"3605572455",2022,"Monroe","Sweden town","B19013G_001","Two or More Races (Non-Hispanic)",133214,110399
"3605572455",2022,"Monroe","Sweden town","B19013H_001","White (Non-Hispanic)",62011,9006
"3605572455",2022,"Monroe","Sweden town","B19013I_001","Hispanic or Latino (Any Race)",NA,NA
"3605578971",2022,"Monroe","Webster town","B19013B_001","Black (Non-Hispanic)",83125,59954
"3605578971",2022,"Monroe","Webster town","B19013C_001","Native American (Non-Hispanic)",NA,NA
"3605578971",2022,"Monroe","Webster town","B19013D_001","Asian (Non-Hispanic)",115699,23529
"3605578971",2022,"Monroe","Webster town","B19013E_001","Pacific Islander (Non-Hispanic)",NA,NA
"3605578971",2022,"Monroe","Webster town","B19013F_001","Other (Non-Hispanic)",79100,40179
"3605578971",2022,"Monroe","Webster town","B19013G_001","Two or More Races (Non-Hispanic)",99244,19184
"3605578971",2022,"Monroe","Webster town","B19013H_001","White (Non-Hispanic)",87104,4333
"3605578971",2022,"Monroe","Webster town","B19013I_001","Hispanic or Latino (Any Race)",66030,5219
"3605581402",2022,"Monroe","Wheatland town","B19013B_001","Black (Non-Hispanic)",41477,19682
"3605581402",2022,"Monroe","Wheatland town","B19013C_001","Native American (Non-Hispanic)",NA,NA
"3605581402",2022,"Monroe","Wheatland town","B19013D_001","Asian (Non-Hispanic)",NA,NA
"3605581402",2022,"Monroe","Wheatland town","B19013E_001","Pacific Islander (Non-Hispanic)",NA,NA
"3605581402",2022,"Monroe","Wheatland town","B19013F_001","Other (Non-Hispanic)",NA,NA
"3605581402",2022,"Monroe","Wheatland town","B19013G_001","Two or More Races (Non-Hispanic)",81467,11223
"3605581402",2022,"Monroe","Wheatland town","B19013H_001","White (Non-Hispanic)",75837,5900
"3605581402",2022,"Monroe","Wheatland town","B19013I_001","Hispanic or Latino (Any Race)",NA,NA
"3606908378",2022,"Ontario","Bristol town","B19013B_001","Black (Non-Hispanic)",NA,NA
"3606908378",2022,"Ontario","Bristol town","B19013C_001","Native American (Non-Hispanic)",NA,NA
"3606908378",2022,"Ontario","Bristol town","B19013D_001","Asian (Non-Hispanic)",NA,NA
"3606908378",2022,"Ontario","Bristol town","B19013E_001","Pacific Islander (Non-Hispanic)",NA,NA
"3606908378",2022,"Ontario","Bristol town","B19013F_001","Other (Non-Hispanic)",NA,NA
"3606908378",2022,"Ontario","Bristol town","B19013G_001","Two or More Races (Non-Hispanic)",98438,59780
"3606908378",2022,"Ontario","Bristol town","B19013H_001","White (Non-Hispanic)",74961,19611
"3606908378",2022,"Ontario","Bristol town","B19013I_001","Hispanic or Latino (Any Race)",NA,NA
"3606912100",2022,"Ontario","Canadice town","B19013B_001","Black (Non-Hispanic)",NA,NA
"3606912100",2022,"Ontario","Canadice town","B19013C_001","Native American (Non-Hispanic)",NA,NA
"3606912100",2022,"Ontario","Canadice town","B19013D_001","Asian (Non-Hispanic)",NA,NA
"3606912100",2022,"Ontario","Canadice town","B19013E_001","Pacific Islander (Non-Hispanic)",NA,NA
"3606912100",2022,"Ontario","Canadice town","B19013F_001","Other (Non-Hispanic)",NA,NA
"3606912100",2022,"Ontario","Canadice town","B19013G_001","Two or More Races (Non-Hispanic)",63333,49398
"3606912100",2022,"Ontario","Canadice town","B19013H_001","White (Non-Hispanic)",68333,13761
"3606912100",2022,"Ontario","Canadice town","B19013I_001","Hispanic or Latino (Any Race)",71250,61959
"3606912144",2022,"Ontario","Canandaigua city","B19013B_001","Black (Non-Hispanic)",33750,21389
"3606912144",2022,"Ontario","Canandaigua city","B19013C_001","Native American (Non-Hispanic)",NA,NA
"3606912144",2022,"Ontario","Canandaigua city","B19013D_001","Asian (Non-Hispanic)",140000,101164
"3606912144",2022,"Ontario","Canandaigua city","B19013E_001","Pacific Islander (Non-Hispanic)",NA,NA
"3606912144",2022,"Ontario","Canandaigua city","B19013F_001","Other (Non-Hispanic)",NA,NA
"3606912144",2022,"Ontario","Canandaigua city","B19013G_001","Two or More Races (Non-Hispanic)",46138,1504
"3606912144",2022,"Ontario","Canandaigua city","B19013H_001","White (Non-Hispanic)",59726,5246
"3606912144",2022,"Ontario","Canandaigua city","B19013I_001","Hispanic or Latino (Any Race)",78160,29349
"3606912155",2022,"Ontario","Canandaigua town","B19013B_001","Black (Non-Hispanic)",NA,NA
"3606912155",2022,"Ontario","Canandaigua town","B19013C_001","Native American (Non-Hispanic)",NA,NA
"3606912155",2022,"Ontario","Canandaigua town","B19013D_001","Asian (Non-Hispanic)",NA,NA
"3606912155",2022,"Ontario","Canandaigua town","B19013E_001","Pacific Islander (Non-Hispanic)",NA,NA
"3606912155",2022,"Ontario","Canandaigua town","B19013F_001","Other (Non-Hispanic)",NA,NA
"3606912155",2022,"Ontario","Canandaigua town","B19013G_001","Two or More Races (Non-Hispanic)",NA,NA
"3606912155",2022,"Ontario","Canandaigua town","B19013H_001","White (Non-Hispanic)",96125,8544
"3606912155",2022,"Ontario","Canandaigua town","B19013I_001","Hispanic or Latino (Any Race)",70509,21959
"3606921699",2022,"Ontario","East Bloomfield town","B19013B_001","Black (Non-Hispanic)",NA,NA
"3606921699",2022,"Ontario","East Bloomfield town","B19013C_001","Native American (Non-Hispanic)",NA,NA
"3606921699",2022,"Ontario","East Bloomfield town","B19013D_001","Asian (Non-Hispanic)",NA,NA
"3606921699",2022,"Ontario","East Bloomfield town","B19013E_001","Pacific Islander (Non-Hispanic)",NA,NA
"3606921699",2022,"Ontario","East Bloomfield town","B19013F_001","Other (Non-Hispanic)",NA,NA
"3606921699",2022,"Ontario","East Bloomfield town","B19013G_001","Two or More Races (Non-Hispanic)",NA,NA
"3606921699",2022,"Ontario","East Bloomfield town","B19013H_001","White (Non-Hispanic)",84205,16679
"3606921699",2022,"Ontario","East Bloomfield town","B19013I_001","Hispanic or Latino (Any Race)",NA,NA
"3606925406",2022,"Ontario","Farmington town","B19013B_001","Black (Non-Hispanic)",31250,10368
"3606925406",2022,"Ontario","Farmington town","B19013C_001","Native American (Non-Hispanic)",NA,NA
"3606925406",2022,"Ontario","Farmington town","B19013D_001","Asian (Non-Hispanic)",NA,NA
"3606925406",2022,"Ontario","Farmington town","B19013E_001","Pacific Islander (Non-Hispanic)",NA,NA
"3606925406",2022,"Ontario","Farmington town","B19013F_001","Other (Non-Hispanic)",NA,NA
"3606925406",2022,"Ontario","Farmington town","B19013G_001","Two or More Races (Non-Hispanic)",77440,65553
"3606925406",2022,"Ontario","Farmington town","B19013H_001","White (Non-Hispanic)",87195,8978
"3606925406",2022,"Ontario","Farmington town","B19013I_001","Hispanic or Latino (Any Race)",35969,20491
"3606928640",2022,"Ontario","Geneva city","B19013B_001","Black (Non-Hispanic)",NA,NA
"3606928640",2022,"Ontario","Geneva city","B19013C_001","Native American (Non-Hispanic)",NA,NA
"3606928640",2022,"Ontario","Geneva city","B19013D_001","Asian (Non-Hispanic)",NA,NA
"3606928640",2022,"Ontario","Geneva city","B19013E_001","Pacific Islander (Non-Hispanic)",NA,NA
"3606928640",2022,"Ontario","Geneva city","B19013F_001","Other (Non-Hispanic)",NA,NA
"3606928640",2022,"Ontario","Geneva city","B19013G_001","Two or More Races (Non-Hispanic)",61844,31648
"3606928640",2022,"Ontario","Geneva city","B19013H_001","White (Non-Hispanic)",64729,5184
"3606928640",2022,"Ontario","Geneva city","B19013I_001","Hispanic or Latino (Any Race)",37813,27499
"3606928651",2022,"Ontario","Geneva town","B19013B_001","Black (Non-Hispanic)",68938,4864
"3606928651",2022,"Ontario","Geneva town","B19013C_001","Native American (Non-Hispanic)",NA,NA
"3606928651",2022,"Ontario","Geneva town","B19013D_001","Asian (Non-Hispanic)",NA,NA
"3606928651",2022,"Ontario","Geneva town","B19013E_001","Pacific Islander (Non-Hispanic)",NA,NA
"3606928651",2022,"Ontario","Geneva town","B19013F_001","Other (Non-Hispanic)",95926,1315
"3606928651",2022,"Ontario","Geneva town","B19013G_001","Two or More Races (Non-Hispanic)",NA,NA
"3606928651",2022,"Ontario","Geneva town","B19013H_001","White (Non-Hispanic)",82008,11260
"3606928651",2022,"Ontario","Geneva town","B19013I_001","Hispanic or Latino (Any Race)",95926,1315
"3606929531",2022,"Ontario","Gorham town","B19013B_001","Black (Non-Hispanic)",NA,NA
"3606929531",2022,"Ontario","Gorham town","B19013C_001","Native American (Non-Hispanic)",NA,NA
"3606929531",2022,"Ontario","Gorham town","B19013D_001","Asian (Non-Hispanic)",NA,NA
"3606929531",2022,"Ontario","Gorham town","B19013E_001","Pacific Islander (Non-Hispanic)",NA,NA
"3606929531",2022,"Ontario","Gorham town","B19013F_001","Other (Non-Hispanic)",NA,NA
"3606929531",2022,"Ontario","Gorham town","B19013G_001","Two or More Races (Non-Hispanic)",NA,NA
"3606929531",2022,"Ontario","Gorham town","B19013H_001","White (Non-Hispanic)",68724,10122
"3606929531",2022,"Ontario","Gorham town","B19013I_001","Hispanic or Latino (Any Race)",NA,NA
"3606935551",2022,"Ontario","Hopewell town","B19013B_001","Black (Non-Hispanic)",NA,NA
"3606935551",2022,"Ontario","Hopewell town","B19013C_001","Native American (Non-Hispanic)",NA,NA
"3606935551",2022,"Ontario","Hopewell town","B19013D_001","Asian (Non-Hispanic)",NA,NA
"3606935551",2022,"Ontario","Hopewell town","B19013E_001","Pacific Islander (Non-Hispanic)",NA,NA
"3606935551",2022,"Ontario","Hopewell town","B19013F_001","Other (Non-Hispanic)",NA,NA
"3606935551",2022,"Ontario","Hopewell town","B19013G_001","Two or More Races (Non-Hispanic)",54115,8663
"3606935551",2022,"Ontario","Hopewell town","B19013H_001","White (Non-Hispanic)",82887,19714
"3606935551",2022,"Ontario","Hopewell town","B19013I_001","Hispanic or Latino (Any Race)",NA,NA
"3606944864",2022,"Ontario","Manchester town","B19013B_001","Black (Non-Hispanic)",2499,NA
"3606944864",2022,"Ontario","Manchester town","B19013C_001","Native American (Non-Hispanic)",NA,NA
"3606944864",2022,"Ontario","Manchester town","B19013D_001","Asian (Non-Hispanic)",NA,NA
"3606944864",2022,"Ontario","Manchester town","B19013E_001","Pacific Islander (Non-Hispanic)",NA,NA
"3606944864",2022,"Ontario","Manchester town","B19013F_001","Other (Non-Hispanic)",89250,40783
"3606944864",2022,"Ontario","Manchester town","B19013G_001","Two or More Races (Non-Hispanic)",37350,29656
"3606944864",2022,"Ontario","Manchester town","B19013H_001","White (Non-Hispanic)",68041,7012
"3606944864",2022,"Ontario","Manchester town","B19013I_001","Hispanic or Latino (Any Race)",69427,24319
"3606949440",2022,"Ontario","Naples town","B19013B_001","Black (Non-Hispanic)",NA,NA
"3606949440",2022,"Ontario","Naples town","B19013C_001","Native American (Non-Hispanic)",NA,NA
"3606949440",2022,"Ontario","Naples town","B19013D_001","Asian (Non-Hispanic)",NA,NA
"3606949440",2022,"Ontario","Naples town","B19013E_001","Pacific Islander (Non-Hispanic)",NA,NA
"3606949440",2022,"Ontario","Naples town","B19013F_001","Other (Non-Hispanic)",NA,NA
"3606949440",2022,"Ontario","Naples town","B19013G_001","Two or More Races (Non-Hispanic)",NA,NA
"3606949440",2022,"Ontario","Naples town","B19013H_001","White (Non-Hispanic)",58583,14017
"3606949440",2022,"Ontario","Naples town","B19013I_001","Hispanic or Latino (Any Race)",NA,NA
"3606957529",2022,"Ontario","Phelps town","B19013B_001","Black (Non-Hispanic)",NA,NA
"3606957529",2022,"Ontario","Phelps town","B19013C_001","Native American (Non-Hispanic)",NA,NA
"3606957529",2022,"Ontario","Phelps town","B19013D_001","Asian (Non-Hispanic)",NA,NA
"3606957529",2022,"Ontario","Phelps town","B19013E_001","Pacific Islander (Non-Hispanic)",NA,NA
"3606957529",2022,"Ontario","Phelps town","B19013F_001","Other (Non-Hispanic)",NA,NA
"3606957529",2022,"Ontario","Phelps town","B19013G_001","Two or More Races (Non-Hispanic)",NA,NA
"3606957529",2022,"Ontario","Phelps town","B19013H_001","White (Non-Hispanic)",76522,16812
"3606957529",2022,"Ontario","Phelps town","B19013I_001","Hispanic or Latino (Any Race)",NA,NA
"3606961544",2022,"Ontario","Richmond town","B19013B_001","Black (Non-Hispanic)",NA,NA
"3606961544",2022,"Ontario","Richmond town","B19013C_001","Native American (Non-Hispanic)",NA,NA
"3606961544",2022,"Ontario","Richmond town","B19013D_001","Asian (Non-Hispanic)",NA,NA
"3606961544",2022,"Ontario","Richmond town","B19013E_001","Pacific Islander (Non-Hispanic)",NA,NA
"3606961544",2022,"Ontario","Richmond town","B19013F_001","Other (Non-Hispanic)",NA,NA
"3606961544",2022,"Ontario","Richmond town","B19013G_001","Two or More Races (Non-Hispanic)",NA,NA
"3606961544",2022,"Ontario","Richmond town","B19013H_001","White (Non-Hispanic)",74448,8461
"3606961544",2022,"Ontario","Richmond town","B19013I_001","Hispanic or Latino (Any Race)",NA,NA
"3606966289",2022,"Ontario","Seneca town","B19013B_001","Black (Non-Hispanic)",NA,NA
"3606966289",2022,"Ontario","Seneca town","B19013C_001","Native American (Non-Hispanic)",NA,NA
"3606966289",2022,"Ontario","Seneca town","B19013D_001","Asian (Non-Hispanic)",NA,NA
"3606966289",2022,"Ontario","Seneca town","B19013E_001","Pacific Islander (Non-Hispanic)",NA,NA
"3606966289",2022,"Ontario","Seneca town","B19013F_001","Other (Non-Hispanic)",NA,NA
"3606966289",2022,"Ontario","Seneca town","B19013G_001","Two or More Races (Non-Hispanic)",NA,NA
"3606966289",2022,"Ontario","Seneca town","B19013H_001","White (Non-Hispanic)",72734,15592
"3606966289",2022,"Ontario","Seneca town","B19013I_001","Hispanic or Latino (Any Race)",NA,NA
"3606968660",2022,"Ontario","South Bristol town","B19013B_001","Black (Non-Hispanic)",NA,NA
"3606968660",2022,"Ontario","South Bristol town","B19013C_001","Native American (Non-Hispanic)",NA,NA
"3606968660",2022,"Ontario","South Bristol town","B19013D_001","Asian (Non-Hispanic)",NA,NA
"3606968660",2022,"Ontario","South Bristol town","B19013E_001","Pacific Islander (Non-Hispanic)",NA,NA
"3606968660",2022,"Ontario","South Bristol town","B19013F_001","Other (Non-Hispanic)",NA,NA
"3606968660",2022,"Ontario","South Bristol town","B19013G_001","Two or More Races (Non-Hispanic)",88542,70078
"3606968660",2022,"Ontario","South Bristol town","B19013H_001","White (Non-Hispanic)",86420,5491
"3606968660",2022,"Ontario","South Bristol town","B19013I_001","Hispanic or Latino (Any Race)",NA,NA
"3606977387",2022,"Ontario","Victor town","B19013B_001","Black (Non-Hispanic)",218859,166876
"3606977387",2022,"Ontario","Victor town","B19013C_001","Native American (Non-Hispanic)",NA,NA
"3606977387",2022,"Ontario","Victor town","B19013D_001","Asian (Non-Hispanic)",198840,761
"3606977387",2022,"Ontario","Victor town","B19013E_001","Pacific Islander (Non-Hispanic)",NA,NA
"3606977387",2022,"Ontario","Victor town","B19013F_001","Other (Non-Hispanic)",NA,NA
"3606977387",2022,"Ontario","Victor town","B19013G_001","Two or More Races (Non-Hispanic)",NA,NA
"3606977387",2022,"Ontario","Victor town","B19013H_001","White (Non-Hispanic)",107418,10287
"3606977387",2022,"Ontario","Victor town","B19013I_001","Hispanic or Latino (Any Race)",NA,NA
"3606979356",2022,"Ontario","West Bloomfield town","B19013B_001","Black (Non-Hispanic)",NA,NA
"3606979356",2022,"Ontario","West Bloomfield town","B19013C_001","Native American (Non-Hispanic)",NA,NA
"3606979356",2022,"Ontario","West Bloomfield town","B19013D_001","Asian (Non-Hispanic)",NA,NA
"3606979356",2022,"Ontario","West Bloomfield town","B19013E_001","Pacific Islander (Non-Hispanic)",NA,NA
"3606979356",2022,"Ontario","West Bloomfield town","B19013F_001","Other (Non-Hispanic)",NA,NA
"3606979356",2022,"Ontario","West Bloomfield town","B19013G_001","Two or More Races (Non-Hispanic)",NA,NA
"3606979356",2022,"Ontario","West Bloomfield town","B19013H_001","White (Non-Hispanic)",58427,8944
"3606979356",2022,"Ontario","West Bloomfield town","B19013I_001","Hispanic or Latino (Any Race)",NA,NA
"3607300000",2022,"Orleans","County subdivisions not defined","B19013B_001","Black (Non-Hispanic)",NA,NA
"3607300000",2022,"Orleans","County subdivisions not defined","B19013C_001","Native American (Non-Hispanic)",NA,NA
"3607300000",2022,"Orleans","County subdivisions not defined","B19013D_001","Asian (Non-Hispanic)",NA,NA
"3607300000",2022,"Orleans","County subdivisions not defined","B19013E_001","Pacific Islander (Non-Hispanic)",NA,NA
"3607300000",2022,"Orleans","County subdivisions not defined","B19013F_001","Other (Non-Hispanic)",NA,NA
"3607300000",2022,"Orleans","County subdivisions not defined","B19013G_001","Two or More Races (Non-Hispanic)",NA,NA
"3607300000",2022,"Orleans","County subdivisions not defined","B19013H_001","White (Non-Hispanic)",NA,NA
"3607300000",2022,"Orleans","County subdivisions not defined","B19013I_001","Hispanic or Latino (Any Race)",NA,NA
"3607301044",2022,"Orleans","Albion town","B19013B_001","Black (Non-Hispanic)",NA,NA
"3607301044",2022,"Orleans","Albion town","B19013C_001","Native American (Non-Hispanic)",NA,NA
"3607301044",2022,"Orleans","Albion town","B19013D_001","Asian (Non-Hispanic)",NA,NA
"3607301044",2022,"Orleans","Albion town","B19013E_001","Pacific Islander (Non-Hispanic)",NA,NA
"3607301044",2022,"Orleans","Albion town","B19013F_001","Other (Non-Hispanic)",NA,NA
"3607301044",2022,"Orleans","Albion town","B19013G_001","Two or More Races (Non-Hispanic)",17857,11909
"3607301044",2022,"Orleans","Albion town","B19013H_001","White (Non-Hispanic)",42114,10812
"3607301044",2022,"Orleans","Albion town","B19013I_001","Hispanic or Latino (Any Race)",NA,NA
"3607304572",2022,"Orleans","Barre town","B19013B_001","Black (Non-Hispanic)",NA,NA
"3607304572",2022,"Orleans","Barre town","B19013C_001","Native American (Non-Hispanic)",NA,NA
"3607304572",2022,"Orleans","Barre town","B19013D_001","Asian (Non-Hispanic)",NA,NA
"3607304572",2022,"Orleans","Barre town","B19013E_001","Pacific Islander (Non-Hispanic)",NA,NA
"3607304572",2022,"Orleans","Barre town","B19013F_001","Other (Non-Hispanic)",NA,NA
"3607304572",2022,"Orleans","Barre town","B19013G_001","Two or More Races (Non-Hispanic)",NA,NA
"3607304572",2022,"Orleans","Barre town","B19013H_001","White (Non-Hispanic)",79196,9978
"3607304572",2022,"Orleans","Barre town","B19013I_001","Hispanic or Latino (Any Race)",NA,NA
"3607312496",2022,"Orleans","Carlton town","B19013B_001","Black (Non-Hispanic)",NA,NA
"3607312496",2022,"Orleans","Carlton town","B19013C_001","Native American (Non-Hispanic)",NA,NA
"3607312496",2022,"Orleans","Carlton town","B19013D_001","Asian (Non-Hispanic)",NA,NA
"3607312496",2022,"Orleans","Carlton town","B19013E_001","Pacific Islander (Non-Hispanic)",NA,NA
"3607312496",2022,"Orleans","Carlton town","B19013F_001","Other (Non-Hispanic)",NA,NA
"3607312496",2022,"Orleans","Carlton town","B19013G_001","Two or More Races (Non-Hispanic)",NA,NA
"3607312496",2022,"Orleans","Carlton town","B19013H_001","White (Non-Hispanic)",74750,9892
"3607312496",2022,"Orleans","Carlton town","B19013I_001","Hispanic or Latino (Any Race)",NA,NA
"3607315880",2022,"Orleans","Clarendon town","B19013B_001","Black (Non-Hispanic)",NA,NA
"3607315880",2022,"Orleans","Clarendon town","B19013C_001","Native American (Non-Hispanic)",NA,NA
"3607315880",2022,"Orleans","Clarendon town","B19013D_001","Asian (Non-Hispanic)",NA,NA
"3607315880",2022,"Orleans","Clarendon town","B19013E_001","Pacific Islander (Non-Hispanic)",NA,NA
"3607315880",2022,"Orleans","Clarendon town","B19013F_001","Other (Non-Hispanic)",NA,NA
"3607315880",2022,"Orleans","Clarendon town","B19013G_001","Two or More Races (Non-Hispanic)",NA,NA
"3607315880",2022,"Orleans","Clarendon town","B19013H_001","White (Non-Hispanic)",54850,28723
"3607315880",2022,"Orleans","Clarendon town","B19013I_001","Hispanic or Latino (Any Race)",NA,NA
"3607327958",2022,"Orleans","Gaines town","B19013B_001","Black (Non-Hispanic)",NA,NA
"3607327958",2022,"Orleans","Gaines town","B19013C_001","Native American (Non-Hispanic)",NA,NA
"3607327958",2022,"Orleans","Gaines town","B19013D_001","Asian (Non-Hispanic)",NA,NA
"3607327958",2022,"Orleans","Gaines town","B19013E_001","Pacific Islander (Non-Hispanic)",NA,NA
"3607327958",2022,"Orleans","Gaines town","B19013F_001","Other (Non-Hispanic)",NA,NA
"3607327958",2022,"Orleans","Gaines town","B19013G_001","Two or More Races (Non-Hispanic)",NA,NA
"3607327958",2022,"Orleans","Gaines town","B19013H_001","White (Non-Hispanic)",50222,8573
"3607327958",2022,"Orleans","Gaines town","B19013I_001","Hispanic or Latino (Any Race)",NA,NA
"3607339188",2022,"Orleans","Kendall town","B19013B_001","Black (Non-Hispanic)",NA,NA
"3607339188",2022,"Orleans","Kendall town","B19013C_001","Native American (Non-Hispanic)",NA,NA
"3607339188",2022,"Orleans","Kendall town","B19013D_001","Asian (Non-Hispanic)",NA,NA
"3607339188",2022,"Orleans","Kendall town","B19013E_001","Pacific Islander (Non-Hispanic)",NA,NA
"3607339188",2022,"Orleans","Kendall town","B19013F_001","Other (Non-Hispanic)",NA,NA
"3607339188",2022,"Orleans","Kendall town","B19013G_001","Two or More Races (Non-Hispanic)",161470,602
"3607339188",2022,"Orleans","Kendall town","B19013H_001","White (Non-Hispanic)",85667,10284
"3607339188",2022,"Orleans","Kendall town","B19013I_001","Hispanic or Latino (Any Race)",160709,99157
"3607349286",2022,"Orleans","Murray town","B19013B_001","Black (Non-Hispanic)",NA,NA
"3607349286",2022,"Orleans","Murray town","B19013C_001","Native American (Non-Hispanic)",NA,NA
"3607349286",2022,"Orleans","Murray town","B19013D_001","Asian (Non-Hispanic)",NA,NA
"3607349286",2022,"Orleans","Murray town","B19013E_001","Pacific Islander (Non-Hispanic)",NA,NA
"3607349286",2022,"Orleans","Murray town","B19013F_001","Other (Non-Hispanic)",NA,NA
"3607349286",2022,"Orleans","Murray town","B19013G_001","Two or More Races (Non-Hispanic)",94716,83180
"3607349286",2022,"Orleans","Murray town","B19013H_001","White (Non-Hispanic)",59722,9979
"3607349286",2022,"Orleans","Murray town","B19013I_001","Hispanic or Latino (Any Race)",NA,NA
"3607361742",2022,"Orleans","Ridgeway town","B19013B_001","Black (Non-Hispanic)",176032,429
"3607361742",2022,"Orleans","Ridgeway town","B19013C_001","Native American (Non-Hispanic)",NA,NA
"3607361742",2022,"Orleans","Ridgeway town","B19013D_001","Asian (Non-Hispanic)",NA,NA
"3607361742",2022,"Orleans","Ridgeway town","B19013E_001","Pacific Islander (Non-Hispanic)",NA,NA
"3607361742",2022,"Orleans","Ridgeway town","B19013F_001","Other (Non-Hispanic)",NA,NA
"3607361742",2022,"Orleans","Ridgeway town","B19013G_001","Two or More Races (Non-Hispanic)",66367,25272
"3607361742",2022,"Orleans","Ridgeway town","B19013H_001","White (Non-Hispanic)",61448,7873
"3607361742",2022,"Orleans","Ridgeway town","B19013I_001","Hispanic or Latino (Any Race)",NA,NA
"3607366751",2022,"Orleans","Shelby town","B19013B_001","Black (Non-Hispanic)",NA,NA
"3607366751",2022,"Orleans","Shelby town","B19013C_001","Native American (Non-Hispanic)",NA,NA
"3607366751",2022,"Orleans","Shelby town","B19013D_001","Asian (Non-Hispanic)",NA,NA
"3607366751",2022,"Orleans","Shelby town","B19013E_001","Pacific Islander (Non-Hispanic)",NA,NA
"3607366751",2022,"Orleans","Shelby town","B19013F_001","Other (Non-Hispanic)",NA,NA
"3607366751",2022,"Orleans","Shelby town","B19013G_001","Two or More Races (Non-Hispanic)",NA,NA
"3607366751",2022,"Orleans","Shelby town","B19013H_001","White (Non-Hispanic)",62772,10103
"3607366751",2022,"Orleans","Shelby town","B19013I_001","Hispanic or Latino (Any Race)",2499,NA
"3607383448",2022,"Orleans","Yates town","B19013B_001","Black (Non-Hispanic)",NA,NA
"3607383448",2022,"Orleans","Yates town","B19013C_001","Native American (Non-Hispanic)",NA,NA
"3607383448",2022,"Orleans","Yates town","B19013D_001","Asian (Non-Hispanic)",NA,NA
"3607383448",2022,"Orleans","Yates town","B19013E_001","Pacific Islander (Non-Hispanic)",NA,NA
"3607383448",2022,"Orleans","Yates town","B19013F_001","Other (Non-Hispanic)",NA,NA
"3607383448",2022,"Orleans","Yates town","B19013G_001","Two or More Races (Non-Hispanic)",64318,61803
"3607383448",2022,"Orleans","Yates town","B19013H_001","White (Non-Hispanic)",61948,8839
"3607383448",2022,"Orleans","Yates town","B19013I_001","Hispanic or Latino (Any Race)",NA,NA
"3609918663",2022,"Seneca","Covert town","B19013B_001","Black (Non-Hispanic)",140893,85857
"3609918663",2022,"Seneca","Covert town","B19013C_001","Native American (Non-Hispanic)",NA,NA
"3609918663",2022,"Seneca","Covert town","B19013D_001","Asian (Non-Hispanic)",NA,NA
"3609918663",2022,"Seneca","Covert town","B19013E_001","Pacific Islander (Non-Hispanic)",NA,NA
"3609918663",2022,"Seneca","Covert town","B19013F_001","Other (Non-Hispanic)",NA,NA
"3609918663",2022,"Seneca","Covert town","B19013G_001","Two or More Races (Non-Hispanic)",NA,NA
"3609918663",2022,"Seneca","Covert town","B19013H_001","White (Non-Hispanic)",71442,13288
"3609918663",2022,"Seneca","Covert town","B19013I_001","Hispanic or Latino (Any Race)",140893,24392
"3609925505",2022,"Seneca","Fayette town","B19013B_001","Black (Non-Hispanic)",NA,NA
"3609925505",2022,"Seneca","Fayette town","B19013C_001","Native American (Non-Hispanic)",NA,NA
"3609925505",2022,"Seneca","Fayette town","B19013D_001","Asian (Non-Hispanic)",NA,NA
"3609925505",2022,"Seneca","Fayette town","B19013E_001","Pacific Islander (Non-Hispanic)",NA,NA
"3609925505",2022,"Seneca","Fayette town","B19013F_001","Other (Non-Hispanic)",NA,NA
"3609925505",2022,"Seneca","Fayette town","B19013G_001","Two or More Races (Non-Hispanic)",NA,NA
"3609925505",2022,"Seneca","Fayette town","B19013H_001","White (Non-Hispanic)",82202,13048
"3609925505",2022,"Seneca","Fayette town","B19013I_001","Hispanic or Latino (Any Race)",NA,NA
"3609928640",2022,"Seneca","Geneva city","B19013B_001","Black (Non-Hispanic)",NA,NA
"3609928640",2022,"Seneca","Geneva city","B19013C_001","Native American (Non-Hispanic)",NA,NA
"3609928640",2022,"Seneca","Geneva city","B19013D_001","Asian (Non-Hispanic)",NA,NA
"3609928640",2022,"Seneca","Geneva city","B19013E_001","Pacific Islander (Non-Hispanic)",NA,NA
"3609928640",2022,"Seneca","Geneva city","B19013F_001","Other (Non-Hispanic)",NA,NA
"3609928640",2022,"Seneca","Geneva city","B19013G_001","Two or More Races (Non-Hispanic)",NA,NA
"3609928640",2022,"Seneca","Geneva city","B19013H_001","White (Non-Hispanic)",NA,NA
"3609928640",2022,"Seneca","Geneva city","B19013I_001","Hispanic or Latino (Any Race)",NA,NA
"3609938858",2022,"Seneca","Junius town","B19013B_001","Black (Non-Hispanic)",NA,NA
"3609938858",2022,"Seneca","Junius town","B19013C_001","Native American (Non-Hispanic)",NA,NA
"3609938858",2022,"Seneca","Junius town","B19013D_001","Asian (Non-Hispanic)",NA,NA
"3609938858",2022,"Seneca","Junius town","B19013E_001","Pacific Islander (Non-Hispanic)",NA,NA
"3609938858",2022,"Seneca","Junius town","B19013F_001","Other (Non-Hispanic)",NA,NA
"3609938858",2022,"Seneca","Junius town","B19013G_001","Two or More Races (Non-Hispanic)",NA,NA
"3609938858",2022,"Seneca","Junius town","B19013H_001","White (Non-Hispanic)",81389,10221
"3609938858",2022,"Seneca","Junius town","B19013I_001","Hispanic or Latino (Any Race)",NA,NA
"3609943225",2022,"Seneca","Lodi town","B19013B_001","Black (Non-Hispanic)",NA,NA
"3609943225",2022,"Seneca","Lodi town","B19013C_001","Native American (Non-Hispanic)",NA,NA
"3609943225",2022,"Seneca","Lodi town","B19013D_001","Asian (Non-Hispanic)",NA,NA
"3609943225",2022,"Seneca","Lodi town","B19013E_001","Pacific Islander (Non-Hispanic)",NA,NA
"3609943225",2022,"Seneca","Lodi town","B19013F_001","Other (Non-Hispanic)",NA,NA
"3609943225",2022,"Seneca","Lodi town","B19013G_001","Two or More Races (Non-Hispanic)",61250,35861
"3609943225",2022,"Seneca","Lodi town","B19013H_001","White (Non-Hispanic)",72803,9010
"3609943225",2022,"Seneca","Lodi town","B19013I_001","Hispanic or Latino (Any Race)",NA,NA
"3609955827",2022,"Seneca","Ovid town","B19013B_001","Black (Non-Hispanic)",NA,NA
"3609955827",2022,"Seneca","Ovid town","B19013C_001","Native American (Non-Hispanic)",NA,NA
"3609955827",2022,"Seneca","Ovid town","B19013D_001","Asian (Non-Hispanic)",NA,NA
"3609955827",2022,"Seneca","Ovid town","B19013E_001","Pacific Islander (Non-Hispanic)",NA,NA
"3609955827",2022,"Seneca","Ovid town","B19013F_001","Other (Non-Hispanic)",NA,NA
"3609955827",2022,"Seneca","Ovid town","B19013G_001","Two or More Races (Non-Hispanic)",123393,32848
"3609955827",2022,"Seneca","Ovid town","B19013H_001","White (Non-Hispanic)",54432,8752
"3609955827",2022,"Seneca","Ovid town","B19013I_001","Hispanic or Latino (Any Race)",NA,NA
"3609963440",2022,"Seneca","Romulus town","B19013B_001","Black (Non-Hispanic)",43750,26706
"3609963440",2022,"Seneca","Romulus town","B19013C_001","Native American (Non-Hispanic)",NA,NA
"3609963440",2022,"Seneca","Romulus town","B19013D_001","Asian (Non-Hispanic)",NA,NA
"3609963440",2022,"Seneca","Romulus town","B19013E_001","Pacific Islander (Non-Hispanic)",NA,NA
"3609963440",2022,"Seneca","Romulus town","B19013F_001","Other (Non-Hispanic)",NA,NA
"3609963440",2022,"Seneca","Romulus town","B19013G_001","Two or More Races (Non-Hispanic)",NA,NA
"3609963440",2022,"Seneca","Romulus town","B19013H_001","White (Non-Hispanic)",71932,10070
"3609963440",2022,"Seneca","Romulus town","B19013I_001","Hispanic or Latino (Any Race)",NA,NA
"3609966333",2022,"Seneca","Seneca Falls town","B19013B_001","Black (Non-Hispanic)",NA,NA
"3609966333",2022,"Seneca","Seneca Falls town","B19013C_001","Native American (Non-Hispanic)",NA,NA
"3609966333",2022,"Seneca","Seneca Falls town","B19013D_001","Asian (Non-Hispanic)",74375,56594
"3609966333",2022,"Seneca","Seneca Falls town","B19013E_001","Pacific Islander (Non-Hispanic)",NA,NA
"3609966333",2022,"Seneca","Seneca Falls town","B19013F_001","Other (Non-Hispanic)",NA,NA
"3609966333",2022,"Seneca","Seneca Falls town","B19013G_001","Two or More Races (Non-Hispanic)",75625,8474
"3609966333",2022,"Seneca","Seneca Falls town","B19013H_001","White (Non-Hispanic)",53974,6977
"3609966333",2022,"Seneca","Seneca Falls town","B19013I_001","Hispanic or Latino (Any Race)",NA,NA
"3609975902",2022,"Seneca","Tyre town","B19013B_001","Black (Non-Hispanic)",NA,NA
"3609975902",2022,"Seneca","Tyre town","B19013C_001","Native American (Non-Hispanic)",NA,NA
"3609975902",2022,"Seneca","Tyre town","B19013D_001","Asian (Non-Hispanic)",NA,NA
"3609975902",2022,"Seneca","Tyre town","B19013E_001","Pacific Islander (Non-Hispanic)",NA,NA
"3609975902",2022,"Seneca","Tyre town","B19013F_001","Other (Non-Hispanic)",NA,NA
"3609975902",2022,"Seneca","Tyre town","B19013G_001","Two or More Races (Non-Hispanic)",NA,NA
"3609975902",2022,"Seneca","Tyre town","B19013H_001","White (Non-Hispanic)",64688,13099
"3609975902",2022,"Seneca","Tyre town","B19013I_001","Hispanic or Latino (Any Race)",NA,NA
"3609976958",2022,"Seneca","Varick town","B19013B_001","Black (Non-Hispanic)",NA,NA
"3609976958",2022,"Seneca","Varick town","B19013C_001","Native American (Non-Hispanic)",NA,NA
"3609976958",2022,"Seneca","Varick town","B19013D_001","Asian (Non-Hispanic)",NA,NA
"3609976958",2022,"Seneca","Varick town","B19013E_001","Pacific Islander (Non-Hispanic)",NA,NA
"3609976958",2022,"Seneca","Varick town","B19013F_001","Other (Non-Hispanic)",NA,NA
"3609976958",2022,"Seneca","Varick town","B19013G_001","Two or More Races (Non-Hispanic)",NA,NA
"3609976958",2022,"Seneca","Varick town","B19013H_001","White (Non-Hispanic)",73482,7631
"3609976958",2022,"Seneca","Varick town","B19013I_001","Hispanic or Latino (Any Race)",NA,NA
"3609978564",2022,"Seneca","Waterloo town","B19013B_001","Black (Non-Hispanic)",21492,7863
"3609978564",2022,"Seneca","Waterloo town","B19013C_001","Native American (Non-Hispanic)",NA,NA
"3609978564",2022,"Seneca","Waterloo town","B19013D_001","Asian (Non-Hispanic)",NA,NA
"3609978564",2022,"Seneca","Waterloo town","B19013E_001","Pacific Islander (Non-Hispanic)",NA,NA
"3609978564",2022,"Seneca","Waterloo town","B19013F_001","Other (Non-Hispanic)",NA,NA
"3609978564",2022,"Seneca","Waterloo town","B19013G_001","Two or More Races (Non-Hispanic)",11264,1647
"3609978564",2022,"Seneca","Waterloo town","B19013H_001","White (Non-Hispanic)",67028,5110
"3609978564",2022,"Seneca","Waterloo town","B19013I_001","Hispanic or Latino (Any Race)",NA,NA
"3611700000",2022,"Wayne","County subdivisions not defined","B19013B_001","Black (Non-Hispanic)",NA,NA
"3611700000",2022,"Wayne","County subdivisions not defined","B19013C_001","Native American (Non-Hispanic)",NA,NA
"3611700000",2022,"Wayne","County subdivisions not defined","B19013D_001","Asian (Non-Hispanic)",NA,NA
"3611700000",2022,"Wayne","County subdivisions not defined","B19013E_001","Pacific Islander (Non-Hispanic)",NA,NA
"3611700000",2022,"Wayne","County subdivisions not defined","B19013F_001","Other (Non-Hispanic)",NA,NA
"3611700000",2022,"Wayne","County subdivisions not defined","B19013G_001","Two or More Races (Non-Hispanic)",NA,NA
"3611700000",2022,"Wayne","County subdivisions not defined","B19013H_001","White (Non-Hispanic)",NA,NA
"3611700000",2022,"Wayne","County subdivisions not defined","B19013I_001","Hispanic or Latino (Any Race)",NA,NA
"3611702440",2022,"Wayne","Arcadia town","B19013B_001","Black (Non-Hispanic)",67197,21462
"3611702440",2022,"Wayne","Arcadia town","B19013C_001","Native American (Non-Hispanic)",NA,NA
"3611702440",2022,"Wayne","Arcadia town","B19013D_001","Asian (Non-Hispanic)",NA,NA
"3611702440",2022,"Wayne","Arcadia town","B19013E_001","Pacific Islander (Non-Hispanic)",NA,NA
"3611702440",2022,"Wayne","Arcadia town","B19013F_001","Other (Non-Hispanic)",31974,15056
"3611702440",2022,"Wayne","Arcadia town","B19013G_001","Two or More Races (Non-Hispanic)",55861,15648
"3611702440",2022,"Wayne","Arcadia town","B19013H_001","White (Non-Hispanic)",61976,4654
"3611702440",2022,"Wayne","Arcadia town","B19013I_001","Hispanic or Latino (Any Race)",38209,2075
"3611711473",2022,"Wayne","Butler town","B19013B_001","Black (Non-Hispanic)",NA,NA
"3611711473",2022,"Wayne","Butler town","B19013C_001","Native American (Non-Hispanic)",NA,NA
"3611711473",2022,"Wayne","Butler town","B19013D_001","Asian (Non-Hispanic)",NA,NA
"3611711473",2022,"Wayne","Butler town","B19013E_001","Pacific Islander (Non-Hispanic)",NA,NA
"3611711473",2022,"Wayne","Butler town","B19013F_001","Other (Non-Hispanic)",NA,NA
"3611711473",2022,"Wayne","Butler town","B19013G_001","Two or More Races (Non-Hispanic)",68750,3390
"3611711473",2022,"Wayne","Butler town","B19013H_001","White (Non-Hispanic)",61818,8885
"3611711473",2022,"Wayne","Butler town","B19013I_001","Hispanic or Latino (Any Race)",NA,NA
"3611728013",2022,"Wayne","Galen town","B19013B_001","Black (Non-Hispanic)",NA,NA
"3611728013",2022,"Wayne","Galen town","B19013C_001","Native American (Non-Hispanic)",NA,NA
"3611728013",2022,"Wayne","Galen town","B19013D_001","Asian (Non-Hispanic)",NA,NA
"3611728013",2022,"Wayne","Galen town","B19013E_001","Pacific Islander (Non-Hispanic)",NA,NA
"3611728013",2022,"Wayne","Galen town","B19013F_001","Other (Non-Hispanic)",NA,NA
"3611728013",2022,"Wayne","Galen town","B19013G_001","Two or More Races (Non-Hispanic)",21010,7334
"3611728013",2022,"Wayne","Galen town","B19013H_001","White (Non-Hispanic)",62443,5358
"3611728013",2022,"Wayne","Galen town","B19013I_001","Hispanic or Latino (Any Race)",NA,NA
"3611737165",2022,"Wayne","Huron town","B19013B_001","Black (Non-Hispanic)",NA,NA
"3611737165",2022,"Wayne","Huron town","B19013C_001","Native American (Non-Hispanic)",NA,NA
"3611737165",2022,"Wayne","Huron town","B19013D_001","Asian (Non-Hispanic)",NA,NA
"3611737165",2022,"Wayne","Huron town","B19013E_001","Pacific Islander (Non-Hispanic)",NA,NA
"3611737165",2022,"Wayne","Huron town","B19013F_001","Other (Non-Hispanic)",NA,NA
"3611737165",2022,"Wayne","Huron town","B19013G_001","Two or More Races (Non-Hispanic)",84167,59881
"3611737165",2022,"Wayne","Huron town","B19013H_001","White (Non-Hispanic)",72981,13860
"3611737165",2022,"Wayne","Huron town","B19013I_001","Hispanic or Latino (Any Race)",NA,NA
"3611743973",2022,"Wayne","Lyons town","B19013B_001","Black (Non-Hispanic)",NA,NA
"3611743973",2022,"Wayne","Lyons town","B19013C_001","Native American (Non-Hispanic)",NA,NA
"3611743973",2022,"Wayne","Lyons town","B19013D_001","Asian (Non-Hispanic)",NA,NA
"3611743973",2022,"Wayne","Lyons town","B19013E_001","Pacific Islander (Non-Hispanic)",NA,NA
"3611743973",2022,"Wayne","Lyons town","B19013F_001","Other (Non-Hispanic)",NA,NA
"3611743973",2022,"Wayne","Lyons town","B19013G_001","Two or More Races (Non-Hispanic)",NA,NA
"3611743973",2022,"Wayne","Lyons town","B19013H_001","White (Non-Hispanic)",62355,19645
"3611743973",2022,"Wayne","Lyons town","B19013I_001","Hispanic or Latino (Any Race)",71856,53978
"3611744160",2022,"Wayne","Macedon town","B19013B_001","Black (Non-Hispanic)",NA,NA
"3611744160",2022,"Wayne","Macedon town","B19013C_001","Native American (Non-Hispanic)",NA,NA
"3611744160",2022,"Wayne","Macedon town","B19013D_001","Asian (Non-Hispanic)",NA,NA
"3611744160",2022,"Wayne","Macedon town","B19013E_001","Pacific Islander (Non-Hispanic)",NA,NA
"3611744160",2022,"Wayne","Macedon town","B19013F_001","Other (Non-Hispanic)",NA,NA
"3611744160",2022,"Wayne","Macedon town","B19013G_001","Two or More Races (Non-Hispanic)",149297,54572
"3611744160",2022,"Wayne","Macedon town","B19013H_001","White (Non-Hispanic)",94375,17406
"3611744160",2022,"Wayne","Macedon town","B19013I_001","Hispanic or Latino (Any Race)",NA,NA
"3611745645",2022,"Wayne","Marion town","B19013B_001","Black (Non-Hispanic)",NA,NA
"3611745645",2022,"Wayne","Marion town","B19013C_001","Native American (Non-Hispanic)",NA,NA
"3611745645",2022,"Wayne","Marion town","B19013D_001","Asian (Non-Hispanic)",NA,NA
"3611745645",2022,"Wayne","Marion town","B19013E_001","Pacific Islander (Non-Hispanic)",NA,NA
"3611745645",2022,"Wayne","Marion town","B19013F_001","Other (Non-Hispanic)",NA,NA
"3611745645",2022,"Wayne","Marion town","B19013G_001","Two or More Races (Non-Hispanic)",NA,NA
"3611745645",2022,"Wayne","Marion town","B19013H_001","White (Non-Hispanic)",73506,16924
"3611745645",2022,"Wayne","Marion town","B19013I_001","Hispanic or Latino (Any Race)",200787,195818
"3611755013",2022,"Wayne","Ontario town","B19013B_001","Black (Non-Hispanic)",33690,19156
"3611755013",2022,"Wayne","Ontario town","B19013C_001","Native American (Non-Hispanic)",NA,NA
"3611755013",2022,"Wayne","Ontario town","B19013D_001","Asian (Non-Hispanic)",NA,NA
"3611755013",2022,"Wayne","Ontario town","B19013E_001","Pacific Islander (Non-Hispanic)",NA,NA
"3611755013",2022,"Wayne","Ontario town","B19013F_001","Other (Non-Hispanic)",NA,NA
"3611755013",2022,"Wayne","Ontario town","B19013G_001","Two or More Races (Non-Hispanic)",90903,548
"3611755013",2022,"Wayne","Ontario town","B19013H_001","White (Non-Hispanic)",87727,10938
"3611755013",2022,"Wayne","Ontario town","B19013I_001","Hispanic or Latino (Any Race)",NA,NA
"3611756198",2022,"Wayne","Palmyra town","B19013B_001","Black (Non-Hispanic)",NA,NA
"3611756198",2022,"Wayne","Palmyra town","B19013C_001","Native American (Non-Hispanic)",NA,NA
"3611756198",2022,"Wayne","Palmyra town","B19013D_001","Asian (Non-Hispanic)",155854,21100
"3611756198",2022,"Wayne","Palmyra town","B19013E_001","Pacific Islander (Non-Hispanic)",NA,NA
"3611756198",2022,"Wayne","Palmyra town","B19013F_001","Other (Non-Hispanic)",NA,NA
"3611756198",2022,"Wayne","Palmyra town","B19013G_001","Two or More Races (Non-Hispanic)",NA,NA
"3611756198",2022,"Wayne","Palmyra town","B19013H_001","White (Non-Hispanic)",72738,12087
"3611756198",2022,"Wayne","Palmyra town","B19013I_001","Hispanic or Latino (Any Race)",NA,NA
"3611763605",2022,"Wayne","Rose town","B19013B_001","Black (Non-Hispanic)",NA,NA
"3611763605",2022,"Wayne","Rose town","B19013C_001","Native American (Non-Hispanic)",NA,NA
"3611763605",2022,"Wayne","Rose town","B19013D_001","Asian (Non-Hispanic)",NA,NA
"3611763605",2022,"Wayne","Rose town","B19013E_001","Pacific Islander (Non-Hispanic)",NA,NA
"3611763605",2022,"Wayne","Rose town","B19013F_001","Other (Non-Hispanic)",NA,NA
"3611763605",2022,"Wayne","Rose town","B19013G_001","Two or More Races (Non-Hispanic)",NA,NA
"3611763605",2022,"Wayne","Rose town","B19013H_001","White (Non-Hispanic)",72391,10184
"3611763605",2022,"Wayne","Rose town","B19013I_001","Hispanic or Latino (Any Race)",NA,NA
"3611765343",2022,"Wayne","Savannah town","B19013B_001","Black (Non-Hispanic)",NA,NA
"3611765343",2022,"Wayne","Savannah town","B19013C_001","Native American (Non-Hispanic)",NA,NA
"3611765343",2022,"Wayne","Savannah town","B19013D_001","Asian (Non-Hispanic)",NA,NA
"3611765343",2022,"Wayne","Savannah town","B19013E_001","Pacific Islander (Non-Hispanic)",NA,NA
"3611765343",2022,"Wayne","Savannah town","B19013F_001","Other (Non-Hispanic)",NA,NA
"3611765343",2022,"Wayne","Savannah town","B19013G_001","Two or More Races (Non-Hispanic)",46786,27473
"3611765343",2022,"Wayne","Savannah town","B19013H_001","White (Non-Hispanic)",61528,12745
"3611765343",2022,"Wayne","Savannah town","B19013I_001","Hispanic or Latino (Any Race)",NA,NA
"3611768220",2022,"Wayne","Sodus town","B19013B_001","Black (Non-Hispanic)",46786,16992
"3611768220",2022,"Wayne","Sodus town","B19013C_001","Native American (Non-Hispanic)",NA,NA
"3611768220",2022,"Wayne","Sodus town","B19013D_001","Asian (Non-Hispanic)",NA,NA
"3611768220",2022,"Wayne","Sodus town","B19013E_001","Pacific Islander (Non-Hispanic)",NA,NA
"3611768220",2022,"Wayne","Sodus town","B19013F_001","Other (Non-Hispanic)",43819,15349
"3611768220",2022,"Wayne","Sodus town","B19013G_001","Two or More Races (Non-Hispanic)",38015,21816
"3611768220",2022,"Wayne","Sodus town","B19013H_001","White (Non-Hispanic)",67953,12797
"3611768220",2022,"Wayne","Sodus town","B19013I_001","Hispanic or Latino (Any Race)",44848,12353
"3611778102",2022,"Wayne","Walworth town","B19013B_001","Black (Non-Hispanic)",220089,199959
"3611778102",2022,"Wayne","Walworth town","B19013C_001","Native American (Non-Hispanic)",NA,NA
"3611778102",2022,"Wayne","Walworth town","B19013D_001","Asian (Non-Hispanic)",113365,28291
"3611778102",2022,"Wayne","Walworth town","B19013E_001","Pacific Islander (Non-Hispanic)",NA,NA
"3611778102",2022,"Wayne","Walworth town","B19013F_001","Other (Non-Hispanic)",NA,NA
"3611778102",2022,"Wayne","Walworth town","B19013G_001","Two or More Races (Non-Hispanic)",59297,1014
"3611778102",2022,"Wayne","Walworth town","B19013H_001","White (Non-Hispanic)",92000,11550
"3611778102",2022,"Wayne","Walworth town","B19013I_001","Hispanic or Latino (Any Race)",NA,NA
"3611782040",2022,"Wayne","Williamson town","B19013B_001","Black (Non-Hispanic)",NA,NA
"3611782040",2022,"Wayne","Williamson town","B19013C_001","Native American (Non-Hispanic)",NA,NA
"3611782040",2022,"Wayne","Williamson town","B19013D_001","Asian (Non-Hispanic)",NA,NA
"3611782040",2022,"Wayne","Williamson town","B19013E_001","Pacific Islander (Non-Hispanic)",NA,NA
"3611782040",2022,"Wayne","Williamson town","B19013F_001","Other (Non-Hispanic)",NA,NA
"3611782040",2022,"Wayne","Williamson town","B19013G_001","Two or More Races (Non-Hispanic)",74219,30302
"3611782040",2022,"Wayne","Williamson town","B19013H_001","White (Non-Hispanic)",81250,14048
"3611782040",2022,"Wayne","Williamson town","B19013I_001","Hispanic or Latino (Any Race)",72132,60140
"3611782689",2022,"Wayne","Wolcott town","B19013B_001","Black (Non-Hispanic)",NA,NA
"3611782689",2022,"Wayne","Wolcott town","B19013C_001","Native American (Non-Hispanic)",NA,NA
"3611782689",2022,"Wayne","Wolcott town","B19013D_001","Asian (Non-Hispanic)",NA,NA
"3611782689",2022,"Wayne","Wolcott town","B19013E_001","Pacific Islander (Non-Hispanic)",NA,NA
"3611782689",2022,"Wayne","Wolcott town","B19013F_001","Other (Non-Hispanic)",NA,NA
"3611782689",2022,"Wayne","Wolcott town","B19013G_001","Two or More Races (Non-Hispanic)",39375,19824
"3611782689",2022,"Wayne","Wolcott town","B19013H_001","White (Non-Hispanic)",67769,9313
"3611782689",2022,"Wayne","Wolcott town","B19013I_001","Hispanic or Latino (Any Race)",65313,47584
"3612304594",2022,"Yates","Barrington town","B19013B_001","Black (Non-Hispanic)",NA,NA
"3612304594",2022,"Yates","Barrington town","B19013C_001","Native American (Non-Hispanic)",NA,NA
"3612304594",2022,"Yates","Barrington town","B19013D_001","Asian (Non-Hispanic)",NA,NA
"3612304594",2022,"Yates","Barrington town","B19013E_001","Pacific Islander (Non-Hispanic)",NA,NA
"3612304594",2022,"Yates","Barrington town","B19013F_001","Other (Non-Hispanic)",NA,NA
"3612304594",2022,"Yates","Barrington town","B19013G_001","Two or More Races (Non-Hispanic)",36625,33281
"3612304594",2022,"Yates","Barrington town","B19013H_001","White (Non-Hispanic)",78125,23753
"3612304594",2022,"Yates","Barrington town","B19013I_001","Hispanic or Latino (Any Race)",NA,NA
"3612306002",2022,"Yates","Benton town","B19013B_001","Black (Non-Hispanic)",NA,NA
"3612306002",2022,"Yates","Benton town","B19013C_001","Native American (Non-Hispanic)",NA,NA
"3612306002",2022,"Yates","Benton town","B19013D_001","Asian (Non-Hispanic)",NA,NA
"3612306002",2022,"Yates","Benton town","B19013E_001","Pacific Islander (Non-Hispanic)",NA,NA
"3612306002",2022,"Yates","Benton town","B19013F_001","Other (Non-Hispanic)",NA,NA
"3612306002",2022,"Yates","Benton town","B19013G_001","Two or More Races (Non-Hispanic)",NA,NA
"3612306002",2022,"Yates","Benton town","B19013H_001","White (Non-Hispanic)",74199,15399
"3612306002",2022,"Yates","Benton town","B19013I_001","Hispanic or Latino (Any Race)",NA,NA
"3612338044",2022,"Yates","Italy town","B19013B_001","Black (Non-Hispanic)",NA,NA
"3612338044",2022,"Yates","Italy town","B19013C_001","Native American (Non-Hispanic)",NA,NA
"3612338044",2022,"Yates","Italy town","B19013D_001","Asian (Non-Hispanic)",NA,NA
"3612338044",2022,"Yates","Italy town","B19013E_001","Pacific Islander (Non-Hispanic)",NA,NA
"3612338044",2022,"Yates","Italy town","B19013F_001","Other (Non-Hispanic)",NA,NA
"3612338044",2022,"Yates","Italy town","B19013G_001","Two or More Races (Non-Hispanic)",57500,55128
"3612338044",2022,"Yates","Italy town","B19013H_001","White (Non-Hispanic)",51324,11426
"3612338044",2022,"Yates","Italy town","B19013I_001","Hispanic or Latino (Any Race)",NA,NA
"3612338583",2022,"Yates","Jerusalem town","B19013B_001","Black (Non-Hispanic)",NA,NA
"3612338583",2022,"Yates","Jerusalem town","B19013C_001","Native American (Non-Hispanic)",NA,NA
"3612338583",2022,"Yates","Jerusalem town","B19013D_001","Asian (Non-Hispanic)",NA,NA
"3612338583",2022,"Yates","Jerusalem town","B19013E_001","Pacific Islander (Non-Hispanic)",NA,NA
"3612338583",2022,"Yates","Jerusalem town","B19013F_001","Other (Non-Hispanic)",NA,NA
"3612338583",2022,"Yates","Jerusalem town","B19013G_001","Two or More Races (Non-Hispanic)",250001,NA
"3612338583",2022,"Yates","Jerusalem town","B19013H_001","White (Non-Hispanic)",81745,8336
"3612338583",2022,"Yates","Jerusalem town","B19013I_001","Hispanic or Latino (Any Race)",NA,NA
"3612347020",2022,"Yates","Middlesex town","B19013B_001","Black (Non-Hispanic)",NA,NA
"3612347020",2022,"Yates","Middlesex town","B19013C_001","Native American (Non-Hispanic)",NA,NA
"3612347020",2022,"Yates","Middlesex town","B19013D_001","Asian (Non-Hispanic)",NA,NA
"3612347020",2022,"Yates","Middlesex town","B19013E_001","Pacific Islander (Non-Hispanic)",NA,NA
"3612347020",2022,"Yates","Middlesex town","B19013F_001","Other (Non-Hispanic)",NA,NA
"3612347020",2022,"Yates","Middlesex town","B19013G_001","Two or More Races (Non-Hispanic)",NA,NA
"3612347020",2022,"Yates","Middlesex town","B19013H_001","White (Non-Hispanic)",70109,17317
"3612347020",2022,"Yates","Middlesex town","B19013I_001","Hispanic or Latino (Any Race)",NA,NA
"3612347504",2022,"Yates","Milo town","B19013B_001","Black (Non-Hispanic)",NA,NA
"3612347504",2022,"Yates","Milo town","B19013C_001","Native American (Non-Hispanic)",NA,NA
"3612347504",2022,"Yates","Milo town","B19013D_001","Asian (Non-Hispanic)",NA,NA
"3612347504",2022,"Yates","Milo town","B19013E_001","Pacific Islander (Non-Hispanic)",NA,NA
"3612347504",2022,"Yates","Milo town","B19013F_001","Other (Non-Hispanic)",NA,NA
"3612347504",2022,"Yates","Milo town","B19013G_001","Two or More Races (Non-Hispanic)",NA,NA
"3612347504",2022,"Yates","Milo town","B19013H_001","White (Non-Hispanic)",53887,6599
"3612347504",2022,"Yates","Milo town","B19013I_001","Hispanic or Latino (Any Race)",NA,NA
"3612359597",2022,"Yates","Potter town","B19013B_001","Black (Non-Hispanic)",NA,NA
"3612359597",2022,"Yates","Potter town","B19013C_001","Native American (Non-Hispanic)",NA,NA
"3612359597",2022,"Yates","Potter town","B19013D_001","Asian (Non-Hispanic)",NA,NA
"3612359597",2022,"Yates","Potter town","B19013E_001","Pacific Islander (Non-Hispanic)",NA,NA
"3612359597",2022,"Yates","Potter town","B19013F_001","Other (Non-Hispanic)",NA,NA
"3612359597",2022,"Yates","Potter town","B19013G_001","Two or More Races (Non-Hispanic)",NA,NA
"3612359597",2022,"Yates","Potter town","B19013H_001","White (Non-Hispanic)",82083,14818
"3612359597",2022,"Yates","Potter town","B19013I_001","Hispanic or Latino (Any Race)",89125,8795
"3612370816",2022,"Yates","Starkey town","B19013B_001","Black (Non-Hispanic)",NA,NA
"3612370816",2022,"Yates","Starkey town","B19013C_001","Native American (Non-Hispanic)",NA,NA
"3612370816",2022,"Yates","Starkey town","B19013D_001","Asian (Non-Hispanic)",NA,NA
"3612370816",2022,"Yates","Starkey town","B19013E_001","Pacific Islander (Non-Hispanic)",NA,NA
"3612370816",2022,"Yates","Starkey town","B19013F_001","Other (Non-Hispanic)",NA,NA
"3612370816",2022,"Yates","Starkey town","B19013G_001","Two or More Races (Non-Hispanic)",16250,4309
"3612370816",2022,"Yates","Starkey town","B19013H_001","White (Non-Hispanic)",51996,10847
"3612370816",2022,"Yates","Starkey town","B19013I_001","Hispanic or Latino (Any Race)",NA,NA
"3612375055",2022,"Yates","Torrey town","B19013B_001","Black (Non-Hispanic)",NA,NA
"3612375055",2022,"Yates","Torrey town","B19013C_001","Native American (Non-Hispanic)",NA,NA
"3612375055",2022,"Yates","Torrey town","B19013D_001","Asian (Non-Hispanic)",NA,NA
"3612375055",2022,"Yates","Torrey town","B19013E_001","Pacific Islander (Non-Hispanic)",NA,NA
"3612375055",2022,"Yates","Torrey town","B19013F_001","Other (Non-Hispanic)",NA,NA
"3612375055",2022,"Yates","Torrey town","B19013G_001","Two or More Races (Non-Hispanic)",NA,NA
"3612375055",2022,"Yates","Torrey town","B19013H_001","White (Non-Hispanic)",73036,13752
"3612375055",2022,"Yates","Torrey town","B19013I_001","Hispanic or Latino (Any Race)",NA,NA
"3603700474",2023,"Genesee","Alabama town","B19013B_001","Black (Non-Hispanic)",NA,NA
"3603700474",2023,"Genesee","Alabama town","B19013C_001","Native American (Non-Hispanic)",NA,NA
"3603700474",2023,"Genesee","Alabama town","B19013D_001","Asian (Non-Hispanic)",NA,NA
"3603700474",2023,"Genesee","Alabama town","B19013E_001","Pacific Islander (Non-Hispanic)",NA,NA
"3603700474",2023,"Genesee","Alabama town","B19013F_001","Other (Non-Hispanic)",NA,NA
"3603700474",2023,"Genesee","Alabama town","B19013G_001","Two or More Races (Non-Hispanic)",73472,21568
"3603700474",2023,"Genesee","Alabama town","B19013H_001","White (Non-Hispanic)",86992,7571
"3603700474",2023,"Genesee","Alabama town","B19013I_001","Hispanic or Latino (Any Race)",64250,57162
"3603701165",2023,"Genesee","Alexander town","B19013B_001","Black (Non-Hispanic)",NA,NA
"3603701165",2023,"Genesee","Alexander town","B19013C_001","Native American (Non-Hispanic)",NA,NA
"3603701165",2023,"Genesee","Alexander town","B19013D_001","Asian (Non-Hispanic)",NA,NA
"3603701165",2023,"Genesee","Alexander town","B19013E_001","Pacific Islander (Non-Hispanic)",NA,NA
"3603701165",2023,"Genesee","Alexander town","B19013F_001","Other (Non-Hispanic)",NA,NA
"3603701165",2023,"Genesee","Alexander town","B19013G_001","Two or More Races (Non-Hispanic)",46719,17037
"3603701165",2023,"Genesee","Alexander town","B19013H_001","White (Non-Hispanic)",74375,21213
"3603701165",2023,"Genesee","Alexander town","B19013I_001","Hispanic or Latino (Any Race)",NA,NA
"3603704715",2023,"Genesee","Batavia city","B19013B_001","Black (Non-Hispanic)",37026,32292
"3603704715",2023,"Genesee","Batavia city","B19013C_001","Native American (Non-Hispanic)",NA,NA
"3603704715",2023,"Genesee","Batavia city","B19013D_001","Asian (Non-Hispanic)",33262,18279
"3603704715",2023,"Genesee","Batavia city","B19013E_001","Pacific Islander (Non-Hispanic)",NA,NA
"3603704715",2023,"Genesee","Batavia city","B19013F_001","Other (Non-Hispanic)",NA,NA
"3603704715",2023,"Genesee","Batavia city","B19013G_001","Two or More Races (Non-Hispanic)",55931,16851
"3603704715",2023,"Genesee","Batavia city","B19013H_001","White (Non-Hispanic)",59253,10715
"3603704715",2023,"Genesee","Batavia city","B19013I_001","Hispanic or Latino (Any Race)",75886,25978
"3603704726",2023,"Genesee","Batavia town","B19013B_001","Black (Non-Hispanic)",NA,NA
"3603704726",2023,"Genesee","Batavia town","B19013C_001","Native American (Non-Hispanic)",NA,NA
"3603704726",2023,"Genesee","Batavia town","B19013D_001","Asian (Non-Hispanic)",NA,NA
"3603704726",2023,"Genesee","Batavia town","B19013E_001","Pacific Islander (Non-Hispanic)",NA,NA
"3603704726",2023,"Genesee","Batavia town","B19013F_001","Other (Non-Hispanic)",NA,NA
"3603704726",2023,"Genesee","Batavia town","B19013G_001","Two or More Races (Non-Hispanic)",NA,NA
"3603704726",2023,"Genesee","Batavia town","B19013H_001","White (Non-Hispanic)",64944,14604
"3603704726",2023,"Genesee","Batavia town","B19013I_001","Hispanic or Latino (Any Race)",NA,NA
"3603706057",2023,"Genesee","Bergen town","B19013B_001","Black (Non-Hispanic)",NA,NA
"3603706057",2023,"Genesee","Bergen town","B19013C_001","Native American (Non-Hispanic)",NA,NA
"3603706057",2023,"Genesee","Bergen town","B19013D_001","Asian (Non-Hispanic)",NA,NA
"3603706057",2023,"Genesee","Bergen town","B19013E_001","Pacific Islander (Non-Hispanic)",NA,NA
"3603706057",2023,"Genesee","Bergen town","B19013F_001","Other (Non-Hispanic)",NA,NA
"3603706057",2023,"Genesee","Bergen town","B19013G_001","Two or More Races (Non-Hispanic)",NA,NA
"3603706057",2023,"Genesee","Bergen town","B19013H_001","White (Non-Hispanic)",73807,11390
"3603706057",2023,"Genesee","Bergen town","B19013I_001","Hispanic or Latino (Any Race)",NA,NA
"3603706266",2023,"Genesee","Bethany town","B19013B_001","Black (Non-Hispanic)",NA,NA
"3603706266",2023,"Genesee","Bethany town","B19013C_001","Native American (Non-Hispanic)",NA,NA
"3603706266",2023,"Genesee","Bethany town","B19013D_001","Asian (Non-Hispanic)",NA,NA
"3603706266",2023,"Genesee","Bethany town","B19013E_001","Pacific Islander (Non-Hispanic)",NA,NA
"3603706266",2023,"Genesee","Bethany town","B19013F_001","Other (Non-Hispanic)",NA,NA
"3603706266",2023,"Genesee","Bethany town","B19013G_001","Two or More Races (Non-Hispanic)",NA,NA
"3603706266",2023,"Genesee","Bethany town","B19013H_001","White (Non-Hispanic)",74375,11297
"3603706266",2023,"Genesee","Bethany town","B19013I_001","Hispanic or Latino (Any Race)",NA,NA
"3603711572",2023,"Genesee","Byron town","B19013B_001","Black (Non-Hispanic)",NA,NA
"3603711572",2023,"Genesee","Byron town","B19013C_001","Native American (Non-Hispanic)",NA,NA
"3603711572",2023,"Genesee","Byron town","B19013D_001","Asian (Non-Hispanic)",NA,NA
"3603711572",2023,"Genesee","Byron town","B19013E_001","Pacific Islander (Non-Hispanic)",NA,NA
"3603711572",2023,"Genesee","Byron town","B19013F_001","Other (Non-Hispanic)",NA,NA
"3603711572",2023,"Genesee","Byron town","B19013G_001","Two or More Races (Non-Hispanic)",94306,66167
"3603711572",2023,"Genesee","Byron town","B19013H_001","White (Non-Hispanic)",90833,28257
"3603711572",2023,"Genesee","Byron town","B19013I_001","Hispanic or Latino (Any Race)",NA,NA
"3603719719",2023,"Genesee","Darien town","B19013B_001","Black (Non-Hispanic)",NA,NA
"3603719719",2023,"Genesee","Darien town","B19013C_001","Native American (Non-Hispanic)",NA,NA
"3603719719",2023,"Genesee","Darien town","B19013D_001","Asian (Non-Hispanic)",NA,NA
"3603719719",2023,"Genesee","Darien town","B19013E_001","Pacific Islander (Non-Hispanic)",NA,NA
"3603719719",2023,"Genesee","Darien town","B19013F_001","Other (Non-Hispanic)",NA,NA
"3603719719",2023,"Genesee","Darien town","B19013G_001","Two or More Races (Non-Hispanic)",NA,NA
"3603719719",2023,"Genesee","Darien town","B19013H_001","White (Non-Hispanic)",86859,21630
"3603719719",2023,"Genesee","Darien town","B19013I_001","Hispanic or Latino (Any Race)",NA,NA
"3603723756",2023,"Genesee","Elba town","B19013B_001","Black (Non-Hispanic)",NA,NA
"3603723756",2023,"Genesee","Elba town","B19013C_001","Native American (Non-Hispanic)",NA,NA
"3603723756",2023,"Genesee","Elba town","B19013D_001","Asian (Non-Hispanic)",NA,NA
"3603723756",2023,"Genesee","Elba town","B19013E_001","Pacific Islander (Non-Hispanic)",NA,NA
"3603723756",2023,"Genesee","Elba town","B19013F_001","Other (Non-Hispanic)",NA,NA
"3603723756",2023,"Genesee","Elba town","B19013G_001","Two or More Races (Non-Hispanic)",115768,3978
"3603723756",2023,"Genesee","Elba town","B19013H_001","White (Non-Hispanic)",88036,18745
"3603723756",2023,"Genesee","Elba town","B19013I_001","Hispanic or Latino (Any Race)",115648,63578
"3603742037",2023,"Genesee","Le Roy town","B19013B_001","Black (Non-Hispanic)",NA,NA
"3603742037",2023,"Genesee","Le Roy town","B19013C_001","Native American (Non-Hispanic)",NA,NA
"3603742037",2023,"Genesee","Le Roy town","B19013D_001","Asian (Non-Hispanic)",NA,NA
"3603742037",2023,"Genesee","Le Roy town","B19013E_001","Pacific Islander (Non-Hispanic)",NA,NA
"3603742037",2023,"Genesee","Le Roy town","B19013F_001","Other (Non-Hispanic)",NA,NA
"3603742037",2023,"Genesee","Le Roy town","B19013G_001","Two or More Races (Non-Hispanic)",NA,NA
"3603742037",2023,"Genesee","Le Roy town","B19013H_001","White (Non-Hispanic)",74349,12004
"3603742037",2023,"Genesee","Le Roy town","B19013I_001","Hispanic or Latino (Any Race)",NA,NA
"3603754166",2023,"Genesee","Oakfield town","B19013B_001","Black (Non-Hispanic)",NA,NA
"3603754166",2023,"Genesee","Oakfield town","B19013C_001","Native American (Non-Hispanic)",NA,NA
"3603754166",2023,"Genesee","Oakfield town","B19013D_001","Asian (Non-Hispanic)",NA,NA
"3603754166",2023,"Genesee","Oakfield town","B19013E_001","Pacific Islander (Non-Hispanic)",NA,NA
"3603754166",2023,"Genesee","Oakfield town","B19013F_001","Other (Non-Hispanic)",NA,NA
"3603754166",2023,"Genesee","Oakfield town","B19013G_001","Two or More Races (Non-Hispanic)",100417,37280
"3603754166",2023,"Genesee","Oakfield town","B19013H_001","White (Non-Hispanic)",57125,8597
"3603754166",2023,"Genesee","Oakfield town","B19013I_001","Hispanic or Latino (Any Race)",84519,21471
"3603756792",2023,"Genesee","Pavilion town","B19013B_001","Black (Non-Hispanic)",NA,NA
"3603756792",2023,"Genesee","Pavilion town","B19013C_001","Native American (Non-Hispanic)",NA,NA
"3603756792",2023,"Genesee","Pavilion town","B19013D_001","Asian (Non-Hispanic)",NA,NA
"3603756792",2023,"Genesee","Pavilion town","B19013E_001","Pacific Islander (Non-Hispanic)",NA,NA
"3603756792",2023,"Genesee","Pavilion town","B19013F_001","Other (Non-Hispanic)",NA,NA
"3603756792",2023,"Genesee","Pavilion town","B19013G_001","Two or More Races (Non-Hispanic)",53555,691
"3603756792",2023,"Genesee","Pavilion town","B19013H_001","White (Non-Hispanic)",84467,7258
"3603756792",2023,"Genesee","Pavilion town","B19013I_001","Hispanic or Latino (Any Race)",NA,NA
"3603757078",2023,"Genesee","Pembroke town","B19013B_001","Black (Non-Hispanic)",NA,NA
"3603757078",2023,"Genesee","Pembroke town","B19013C_001","Native American (Non-Hispanic)",NA,NA
"3603757078",2023,"Genesee","Pembroke town","B19013D_001","Asian (Non-Hispanic)",NA,NA
"3603757078",2023,"Genesee","Pembroke town","B19013E_001","Pacific Islander (Non-Hispanic)",NA,NA
"3603757078",2023,"Genesee","Pembroke town","B19013F_001","Other (Non-Hispanic)",NA,NA
"3603757078",2023,"Genesee","Pembroke town","B19013G_001","Two or More Races (Non-Hispanic)",138750,71775
"3603757078",2023,"Genesee","Pembroke town","B19013H_001","White (Non-Hispanic)",84250,14223
"3603757078",2023,"Genesee","Pembroke town","B19013I_001","Hispanic or Latino (Any Race)",NA,NA
"3603770607",2023,"Genesee","Stafford town","B19013B_001","Black (Non-Hispanic)",NA,NA
"3603770607",2023,"Genesee","Stafford town","B19013C_001","Native American (Non-Hispanic)",NA,NA
"3603770607",2023,"Genesee","Stafford town","B19013D_001","Asian (Non-Hispanic)",NA,NA
"3603770607",2023,"Genesee","Stafford town","B19013E_001","Pacific Islander (Non-Hispanic)",NA,NA
"3603770607",2023,"Genesee","Stafford town","B19013F_001","Other (Non-Hispanic)",NA,NA
"3603770607",2023,"Genesee","Stafford town","B19013G_001","Two or More Races (Non-Hispanic)",NA,NA
"3603770607",2023,"Genesee","Stafford town","B19013H_001","White (Non-Hispanic)",91042,19142
"3603770607",2023,"Genesee","Stafford town","B19013I_001","Hispanic or Latino (Any Race)",NA,NA
"3603775011",2023,"Genesee","Tonawanda Reservation","B19013B_001","Black (Non-Hispanic)",NA,NA
"3603775011",2023,"Genesee","Tonawanda Reservation","B19013C_001","Native American (Non-Hispanic)",53036,39247
"3603775011",2023,"Genesee","Tonawanda Reservation","B19013D_001","Asian (Non-Hispanic)",NA,NA
"3603775011",2023,"Genesee","Tonawanda Reservation","B19013E_001","Pacific Islander (Non-Hispanic)",NA,NA
"3603775011",2023,"Genesee","Tonawanda Reservation","B19013F_001","Other (Non-Hispanic)",NA,NA
"3603775011",2023,"Genesee","Tonawanda Reservation","B19013G_001","Two or More Races (Non-Hispanic)",NA,NA
"3603775011",2023,"Genesee","Tonawanda Reservation","B19013H_001","White (Non-Hispanic)",NA,NA
"3603775011",2023,"Genesee","Tonawanda Reservation","B19013I_001","Hispanic or Latino (Any Race)",NA,NA
"3605103364",2023,"Livingston","Avon town","B19013B_001","Black (Non-Hispanic)",NA,NA
"3605103364",2023,"Livingston","Avon town","B19013C_001","Native American (Non-Hispanic)",NA,NA
"3605103364",2023,"Livingston","Avon town","B19013D_001","Asian (Non-Hispanic)",NA,NA
"3605103364",2023,"Livingston","Avon town","B19013E_001","Pacific Islander (Non-Hispanic)",NA,NA
"3605103364",2023,"Livingston","Avon town","B19013F_001","Other (Non-Hispanic)",NA,NA
"3605103364",2023,"Livingston","Avon town","B19013G_001","Two or More Races (Non-Hispanic)",NA,NA
"3605103364",2023,"Livingston","Avon town","B19013H_001","White (Non-Hispanic)",78726,8623
"3605103364",2023,"Livingston","Avon town","B19013I_001","Hispanic or Latino (Any Race)",NA,NA
"3605111715",2023,"Livingston","Caledonia town","B19013B_001","Black (Non-Hispanic)",112566,78076
"3605111715",2023,"Livingston","Caledonia town","B19013C_001","Native American (Non-Hispanic)",NA,NA
"3605111715",2023,"Livingston","Caledonia town","B19013D_001","Asian (Non-Hispanic)",NA,NA
"3605111715",2023,"Livingston","Caledonia town","B19013E_001","Pacific Islander (Non-Hispanic)",NA,NA
"3605111715",2023,"Livingston","Caledonia town","B19013F_001","Other (Non-Hispanic)",NA,NA
"3605111715",2023,"Livingston","Caledonia town","B19013G_001","Two or More Races (Non-Hispanic)",238010,152317
"3605111715",2023,"Livingston","Caledonia town","B19013H_001","White (Non-Hispanic)",74878,8054
"3605111715",2023,"Livingston","Caledonia town","B19013I_001","Hispanic or Latino (Any Race)",238372,18266
"3605117618",2023,"Livingston","Conesus town","B19013B_001","Black (Non-Hispanic)",NA,NA
"3605117618",2023,"Livingston","Conesus town","B19013C_001","Native American (Non-Hispanic)",NA,NA
"3605117618",2023,"Livingston","Conesus town","B19013D_001","Asian (Non-Hispanic)",NA,NA
"3605117618",2023,"Livingston","Conesus town","B19013E_001","Pacific Islander (Non-Hispanic)",NA,NA
"3605117618",2023,"Livingston","Conesus town","B19013F_001","Other (Non-Hispanic)",NA,NA
"3605117618",2023,"Livingston","Conesus town","B19013G_001","Two or More Races (Non-Hispanic)",NA,NA
"3605117618",2023,"Livingston","Conesus town","B19013H_001","White (Non-Hispanic)",80769,16206
"3605117618",2023,"Livingston","Conesus town","B19013I_001","Hispanic or Latino (Any Race)",NA,NA
"3605128629",2023,"Livingston","Geneseo town","B19013B_001","Black (Non-Hispanic)",NA,NA
"3605128629",2023,"Livingston","Geneseo town","B19013C_001","Native American (Non-Hispanic)",NA,NA
"3605128629",2023,"Livingston","Geneseo town","B19013D_001","Asian (Non-Hispanic)",103199,16785
"3605128629",2023,"Livingston","Geneseo town","B19013E_001","Pacific Islander (Non-Hispanic)",NA,NA
"3605128629",2023,"Livingston","Geneseo town","B19013F_001","Other (Non-Hispanic)",NA,NA
"3605128629",2023,"Livingston","Geneseo town","B19013G_001","Two or More Races (Non-Hispanic)",NA,NA
"3605128629",2023,"Livingston","Geneseo town","B19013H_001","White (Non-Hispanic)",59356,4871
"3605128629",2023,"Livingston","Geneseo town","B19013I_001","Hispanic or Latino (Any Race)",NA,NA
"3605131016",2023,"Livingston","Groveland town","B19013B_001","Black (Non-Hispanic)",NA,NA
"3605131016",2023,"Livingston","Groveland town","B19013C_001","Native American (Non-Hispanic)",NA,NA
"3605131016",2023,"Livingston","Groveland town","B19013D_001","Asian (Non-Hispanic)",NA,NA
"3605131016",2023,"Livingston","Groveland town","B19013E_001","Pacific Islander (Non-Hispanic)",NA,NA
"3605131016",2023,"Livingston","Groveland town","B19013F_001","Other (Non-Hispanic)",NA,NA
"3605131016",2023,"Livingston","Groveland town","B19013G_001","Two or More Races (Non-Hispanic)",85682,9693
"3605131016",2023,"Livingston","Groveland town","B19013H_001","White (Non-Hispanic)",80000,9928
"3605131016",2023,"Livingston","Groveland town","B19013I_001","Hispanic or Latino (Any Race)",NA,NA
"3605141883",2023,"Livingston","Leicester town","B19013B_001","Black (Non-Hispanic)",NA,NA
"3605141883",2023,"Livingston","Leicester town","B19013C_001","Native American (Non-Hispanic)",NA,NA
"3605141883",2023,"Livingston","Leicester town","B19013D_001","Asian (Non-Hispanic)",NA,NA
"3605141883",2023,"Livingston","Leicester town","B19013E_001","Pacific Islander (Non-Hispanic)",NA,NA
"3605141883",2023,"Livingston","Leicester town","B19013F_001","Other (Non-Hispanic)",NA,NA
"3605141883",2023,"Livingston","Leicester town","B19013G_001","Two or More Races (Non-Hispanic)",59375,14101
"3605141883",2023,"Livingston","Leicester town","B19013H_001","White (Non-Hispanic)",77308,10309
"3605141883",2023,"Livingston","Leicester town","B19013I_001","Hispanic or Latino (Any Race)",NA,NA
"3605142334",2023,"Livingston","Lima town","B19013B_001","Black (Non-Hispanic)",NA,NA
"3605142334",2023,"Livingston","Lima town","B19013C_001","Native American (Non-Hispanic)",NA,NA
"3605142334",2023,"Livingston","Lima town","B19013D_001","Asian (Non-Hispanic)",NA,NA
"3605142334",2023,"Livingston","Lima town","B19013E_001","Pacific Islander (Non-Hispanic)",NA,NA
"3605142334",2023,"Livingston","Lima town","B19013F_001","Other (Non-Hispanic)",NA,NA
"3605142334",2023,"Livingston","Lima town","B19013G_001","Two or More Races (Non-Hispanic)",2499,NA
"3605142334",2023,"Livingston","Lima town","B19013H_001","White (Non-Hispanic)",84943,11117
"3605142334",2023,"Livingston","Lima town","B19013I_001","Hispanic or Latino (Any Race)",157885,104926
"3605142961",2023,"Livingston","Livonia town","B19013B_001","Black (Non-Hispanic)",NA,NA
"3605142961",2023,"Livingston","Livonia town","B19013C_001","Native American (Non-Hispanic)",NA,NA
"3605142961",2023,"Livingston","Livonia town","B19013D_001","Asian (Non-Hispanic)",NA,NA
"3605142961",2023,"Livingston","Livonia town","B19013E_001","Pacific Islander (Non-Hispanic)",NA,NA
"3605142961",2023,"Livingston","Livonia town","B19013F_001","Other (Non-Hispanic)",NA,NA
"3605142961",2023,"Livingston","Livonia town","B19013G_001","Two or More Races (Non-Hispanic)",76033,30114
"3605142961",2023,"Livingston","Livonia town","B19013H_001","White (Non-Hispanic)",90726,9071
"3605142961",2023,"Livingston","Livonia town","B19013I_001","Hispanic or Latino (Any Race)",NA,NA
"3605148956",2023,"Livingston","Mount Morris town","B19013B_001","Black (Non-Hispanic)",NA,NA
"3605148956",2023,"Livingston","Mount Morris town","B19013C_001","Native American (Non-Hispanic)",NA,NA
"3605148956",2023,"Livingston","Mount Morris town","B19013D_001","Asian (Non-Hispanic)",NA,NA
"3605148956",2023,"Livingston","Mount Morris town","B19013E_001","Pacific Islander (Non-Hispanic)",NA,NA
"3605148956",2023,"Livingston","Mount Morris town","B19013F_001","Other (Non-Hispanic)",NA,NA
"3605148956",2023,"Livingston","Mount Morris town","B19013G_001","Two or More Races (Non-Hispanic)",45326,22885
"3605148956",2023,"Livingston","Mount Morris town","B19013H_001","White (Non-Hispanic)",62347,12930
"3605148956",2023,"Livingston","Mount Morris town","B19013I_001","Hispanic or Latino (Any Race)",NA,NA
"3605151869",2023,"Livingston","North Dansville town","B19013B_001","Black (Non-Hispanic)",NA,NA
"3605151869",2023,"Livingston","North Dansville town","B19013C_001","Native American (Non-Hispanic)",NA,NA
"3605151869",2023,"Livingston","North Dansville town","B19013D_001","Asian (Non-Hispanic)",NA,NA
"3605151869",2023,"Livingston","North Dansville town","B19013E_001","Pacific Islander (Non-Hispanic)",NA,NA
"3605151869",2023,"Livingston","North Dansville town","B19013F_001","Other (Non-Hispanic)",NA,NA
"3605151869",2023,"Livingston","North Dansville town","B19013G_001","Two or More Races (Non-Hispanic)",NA,NA
"3605151869",2023,"Livingston","North Dansville town","B19013H_001","White (Non-Hispanic)",63523,12977
"3605151869",2023,"Livingston","North Dansville town","B19013I_001","Hispanic or Latino (Any Race)",31319,3652
"3605154089",2023,"Livingston","Nunda town","B19013B_001","Black (Non-Hispanic)",NA,NA
"3605154089",2023,"Livingston","Nunda town","B19013C_001","Native American (Non-Hispanic)",NA,NA
"3605154089",2023,"Livingston","Nunda town","B19013D_001","Asian (Non-Hispanic)",NA,NA
"3605154089",2023,"Livingston","Nunda town","B19013E_001","Pacific Islander (Non-Hispanic)",NA,NA
"3605154089",2023,"Livingston","Nunda town","B19013F_001","Other (Non-Hispanic)",NA,NA
"3605154089",2023,"Livingston","Nunda town","B19013G_001","Two or More Races (Non-Hispanic)",54155,615
"3605154089",2023,"Livingston","Nunda town","B19013H_001","White (Non-Hispanic)",68750,10660
"3605154089",2023,"Livingston","Nunda town","B19013I_001","Hispanic or Latino (Any Race)",NA,NA
"3605155508",2023,"Livingston","Ossian town","B19013B_001","Black (Non-Hispanic)",NA,NA
"3605155508",2023,"Livingston","Ossian town","B19013C_001","Native American (Non-Hispanic)",NA,NA
"3605155508",2023,"Livingston","Ossian town","B19013D_001","Asian (Non-Hispanic)",NA,NA
"3605155508",2023,"Livingston","Ossian town","B19013E_001","Pacific Islander (Non-Hispanic)",NA,NA
"3605155508",2023,"Livingston","Ossian town","B19013F_001","Other (Non-Hispanic)",NA,NA
"3605155508",2023,"Livingston","Ossian town","B19013G_001","Two or More Races (Non-Hispanic)",NA,NA
"3605155508",2023,"Livingston","Ossian town","B19013H_001","White (Non-Hispanic)",69514,9816
"3605155508",2023,"Livingston","Ossian town","B19013I_001","Hispanic or Latino (Any Race)",NA,NA
"3605159179",2023,"Livingston","Portage town","B19013B_001","Black (Non-Hispanic)",NA,NA
"3605159179",2023,"Livingston","Portage town","B19013C_001","Native American (Non-Hispanic)",NA,NA
"3605159179",2023,"Livingston","Portage town","B19013D_001","Asian (Non-Hispanic)",NA,NA
"3605159179",2023,"Livingston","Portage town","B19013E_001","Pacific Islander (Non-Hispanic)",NA,NA
"3605159179",2023,"Livingston","Portage town","B19013F_001","Other (Non-Hispanic)",NA,NA
"3605159179",2023,"Livingston","Portage town","B19013G_001","Two or More Races (Non-Hispanic)",NA,NA
"3605159179",2023,"Livingston","Portage town","B19013H_001","White (Non-Hispanic)",60625,21739
"3605159179",2023,"Livingston","Portage town","B19013I_001","Hispanic or Latino (Any Race)",NA,NA
"3605170101",2023,"Livingston","Sparta town","B19013B_001","Black (Non-Hispanic)",NA,NA
"3605170101",2023,"Livingston","Sparta town","B19013C_001","Native American (Non-Hispanic)",NA,NA
"3605170101",2023,"Livingston","Sparta town","B19013D_001","Asian (Non-Hispanic)",NA,NA
"3605170101",2023,"Livingston","Sparta town","B19013E_001","Pacific Islander (Non-Hispanic)",NA,NA
"3605170101",2023,"Livingston","Sparta town","B19013F_001","Other (Non-Hispanic)",NA,NA
"3605170101",2023,"Livingston","Sparta town","B19013G_001","Two or More Races (Non-Hispanic)",NA,NA
"3605170101",2023,"Livingston","Sparta town","B19013H_001","White (Non-Hispanic)",82961,5197
"3605170101",2023,"Livingston","Sparta town","B19013I_001","Hispanic or Latino (Any Race)",141250,70523
"3605170475",2023,"Livingston","Springwater town","B19013B_001","Black (Non-Hispanic)",NA,NA
"3605170475",2023,"Livingston","Springwater town","B19013C_001","Native American (Non-Hispanic)",NA,NA
"3605170475",2023,"Livingston","Springwater town","B19013D_001","Asian (Non-Hispanic)",NA,NA
"3605170475",2023,"Livingston","Springwater town","B19013E_001","Pacific Islander (Non-Hispanic)",NA,NA
"3605170475",2023,"Livingston","Springwater town","B19013F_001","Other (Non-Hispanic)",NA,NA
"3605170475",2023,"Livingston","Springwater town","B19013G_001","Two or More Races (Non-Hispanic)",73712,43355
"3605170475",2023,"Livingston","Springwater town","B19013H_001","White (Non-Hispanic)",82500,23513
"3605170475",2023,"Livingston","Springwater town","B19013I_001","Hispanic or Latino (Any Race)",NA,NA
"3605181006",2023,"Livingston","West Sparta town","B19013B_001","Black (Non-Hispanic)",NA,NA
"3605181006",2023,"Livingston","West Sparta town","B19013C_001","Native American (Non-Hispanic)",NA,NA
"3605181006",2023,"Livingston","West Sparta town","B19013D_001","Asian (Non-Hispanic)",NA,NA
"3605181006",2023,"Livingston","West Sparta town","B19013E_001","Pacific Islander (Non-Hispanic)",NA,NA
"3605181006",2023,"Livingston","West Sparta town","B19013F_001","Other (Non-Hispanic)",NA,NA
"3605181006",2023,"Livingston","West Sparta town","B19013G_001","Two or More Races (Non-Hispanic)",36875,35049
"3605181006",2023,"Livingston","West Sparta town","B19013H_001","White (Non-Hispanic)",63056,21798
"3605181006",2023,"Livingston","West Sparta town","B19013I_001","Hispanic or Latino (Any Race)",NA,NA
"3605184022",2023,"Livingston","York town","B19013B_001","Black (Non-Hispanic)",NA,NA
"3605184022",2023,"Livingston","York town","B19013C_001","Native American (Non-Hispanic)",NA,NA
"3605184022",2023,"Livingston","York town","B19013D_001","Asian (Non-Hispanic)",NA,NA
"3605184022",2023,"Livingston","York town","B19013E_001","Pacific Islander (Non-Hispanic)",NA,NA
"3605184022",2023,"Livingston","York town","B19013F_001","Other (Non-Hispanic)",NA,NA
"3605184022",2023,"Livingston","York town","B19013G_001","Two or More Races (Non-Hispanic)",NA,NA
"3605184022",2023,"Livingston","York town","B19013H_001","White (Non-Hispanic)",78477,7625
"3605184022",2023,"Livingston","York town","B19013I_001","Hispanic or Latino (Any Race)",164215,12134
"3605500000",2023,"Monroe","County subdivisions not defined","B19013B_001","Black (Non-Hispanic)",NA,NA
"3605500000",2023,"Monroe","County subdivisions not defined","B19013C_001","Native American (Non-Hispanic)",NA,NA
"3605500000",2023,"Monroe","County subdivisions not defined","B19013D_001","Asian (Non-Hispanic)",NA,NA
"3605500000",2023,"Monroe","County subdivisions not defined","B19013E_001","Pacific Islander (Non-Hispanic)",NA,NA
"3605500000",2023,"Monroe","County subdivisions not defined","B19013F_001","Other (Non-Hispanic)",NA,NA
"3605500000",2023,"Monroe","County subdivisions not defined","B19013G_001","Two or More Races (Non-Hispanic)",NA,NA
"3605500000",2023,"Monroe","County subdivisions not defined","B19013H_001","White (Non-Hispanic)",NA,NA
"3605500000",2023,"Monroe","County subdivisions not defined","B19013I_001","Hispanic or Latino (Any Race)",NA,NA
"3605508246",2023,"Monroe","Brighton town","B19013B_001","Black (Non-Hispanic)",44473,4964
"3605508246",2023,"Monroe","Brighton town","B19013C_001","Native American (Non-Hispanic)",NA,NA
"3605508246",2023,"Monroe","Brighton town","B19013D_001","Asian (Non-Hispanic)",69635,32640
"3605508246",2023,"Monroe","Brighton town","B19013E_001","Pacific Islander (Non-Hispanic)",NA,NA
"3605508246",2023,"Monroe","Brighton town","B19013F_001","Other (Non-Hispanic)",66543,41672
"3605508246",2023,"Monroe","Brighton town","B19013G_001","Two or More Races (Non-Hispanic)",76500,12763
"3605508246",2023,"Monroe","Brighton town","B19013H_001","White (Non-Hispanic)",92512,6019
"3605508246",2023,"Monroe","Brighton town","B19013I_001","Hispanic or Latino (Any Race)",64313,10965
"3605515462",2023,"Monroe","Chili town","B19013B_001","Black (Non-Hispanic)",54593,11401
"3605515462",2023,"Monroe","Chili town","B19013C_001","Native American (Non-Hispanic)",NA,NA
"3605515462",2023,"Monroe","Chili town","B19013D_001","Asian (Non-Hispanic)",140500,111213
"3605515462",2023,"Monroe","Chili town","B19013E_001","Pacific Islander (Non-Hispanic)",NA,NA
"3605515462",2023,"Monroe","Chili town","B19013F_001","Other (Non-Hispanic)",76821,48008
"3605515462",2023,"Monroe","Chili town","B19013G_001","Two or More Races (Non-Hispanic)",65341,30764
"3605515462",2023,"Monroe","Chili town","B19013H_001","White (Non-Hispanic)",88508,6492
"3605515462",2023,"Monroe","Chili town","B19013I_001","Hispanic or Latino (Any Race)",86940,33505
"3605515957",2023,"Monroe","Clarkson town","B19013B_001","Black (Non-Hispanic)",NA,NA
"3605515957",2023,"Monroe","Clarkson town","B19013C_001","Native American (Non-Hispanic)",NA,NA
"3605515957",2023,"Monroe","Clarkson town","B19013D_001","Asian (Non-Hispanic)",NA,NA
"3605515957",2023,"Monroe","Clarkson town","B19013E_001","Pacific Islander (Non-Hispanic)",NA,NA
"3605515957",2023,"Monroe","Clarkson town","B19013F_001","Other (Non-Hispanic)",NA,NA
"3605515957",2023,"Monroe","Clarkson town","B19013G_001","Two or More Races (Non-Hispanic)",NA,NA
"3605515957",2023,"Monroe","Clarkson town","B19013H_001","White (Non-Hispanic)",78832,10889
"3605515957",2023,"Monroe","Clarkson town","B19013I_001","Hispanic or Latino (Any Race)",NA,NA
"3605522870",2023,"Monroe","East Rochester town","B19013B_001","Black (Non-Hispanic)",NA,NA
"3605522870",2023,"Monroe","East Rochester town","B19013C_001","Native American (Non-Hispanic)",NA,NA
"3605522870",2023,"Monroe","East Rochester town","B19013D_001","Asian (Non-Hispanic)",NA,NA
"3605522870",2023,"Monroe","East Rochester town","B19013E_001","Pacific Islander (Non-Hispanic)",NA,NA
"3605522870",2023,"Monroe","East Rochester town","B19013F_001","Other (Non-Hispanic)",11638,9857
"3605522870",2023,"Monroe","East Rochester town","B19013G_001","Two or More Races (Non-Hispanic)",NA,NA
"3605522870",2023,"Monroe","East Rochester town","B19013H_001","White (Non-Hispanic)",74063,8063
"3605522870",2023,"Monroe","East Rochester town","B19013I_001","Hispanic or Latino (Any Race)",71979,65163
"3605528442",2023,"Monroe","Gates town","B19013B_001","Black (Non-Hispanic)",73646,17318
"3605528442",2023,"Monroe","Gates town","B19013C_001","Native American (Non-Hispanic)",NA,NA
"3605528442",2023,"Monroe","Gates town","B19013D_001","Asian (Non-Hispanic)",86679,4789
"3605528442",2023,"Monroe","Gates town","B19013E_001","Pacific Islander (Non-Hispanic)",NA,NA
"3605528442",2023,"Monroe","Gates town","B19013F_001","Other (Non-Hispanic)",38605,7666
"3605528442",2023,"Monroe","Gates town","B19013G_001","Two or More Races (Non-Hispanic)",85179,36658
"3605528442",2023,"Monroe","Gates town","B19013H_001","White (Non-Hispanic)",77044,4918
"3605528442",2023,"Monroe","Gates town","B19013I_001","Hispanic or Latino (Any Race)",39186,6314
"3605530290",2023,"Monroe","Greece town","B19013B_001","Black (Non-Hispanic)",60331,9208
"3605530290",2023,"Monroe","Greece town","B19013C_001","Native American (Non-Hispanic)",NA,NA
"3605530290",2023,"Monroe","Greece town","B19013D_001","Asian (Non-Hispanic)",71964,21733
"3605530290",2023,"Monroe","Greece town","B19013E_001","Pacific Islander (Non-Hispanic)",NA,NA
"3605530290",2023,"Monroe","Greece town","B19013F_001","Other (Non-Hispanic)",78750,11071
"3605530290",2023,"Monroe","Greece town","B19013G_001","Two or More Races (Non-Hispanic)",61500,10663
"3605530290",2023,"Monroe","Greece town","B19013H_001","White (Non-Hispanic)",82162,2885
"3605530290",2023,"Monroe","Greece town","B19013I_001","Hispanic or Latino (Any Race)",58512,21340
"3605531797",2023,"Monroe","Hamlin town","B19013B_001","Black (Non-Hispanic)",2499,NA
"3605531797",2023,"Monroe","Hamlin town","B19013C_001","Native American (Non-Hispanic)",NA,NA
"3605531797",2023,"Monroe","Hamlin town","B19013D_001","Asian (Non-Hispanic)",NA,NA
"3605531797",2023,"Monroe","Hamlin town","B19013E_001","Pacific Islander (Non-Hispanic)",NA,NA
"3605531797",2023,"Monroe","Hamlin town","B19013F_001","Other (Non-Hispanic)",NA,NA
"3605531797",2023,"Monroe","Hamlin town","B19013G_001","Two or More Races (Non-Hispanic)",50313,47529
"3605531797",2023,"Monroe","Hamlin town","B19013H_001","White (Non-Hispanic)",84867,15251
"3605531797",2023,"Monroe","Hamlin town","B19013I_001","Hispanic or Latino (Any Race)",NA,NA
"3605534099",2023,"Monroe","Henrietta town","B19013B_001","Black (Non-Hispanic)",64207,16292
"3605534099",2023,"Monroe","Henrietta town","B19013C_001","Native American (Non-Hispanic)",NA,NA
"3605534099",2023,"Monroe","Henrietta town","B19013D_001","Asian (Non-Hispanic)",61203,11393
"3605534099",2023,"Monroe","Henrietta town","B19013E_001","Pacific Islander (Non-Hispanic)",NA,NA
"3605534099",2023,"Monroe","Henrietta town","B19013F_001","Other (Non-Hispanic)",123350,32327
"3605534099",2023,"Monroe","Henrietta town","B19013G_001","Two or More Races (Non-Hispanic)",88843,34898
"3605534099",2023,"Monroe","Henrietta town","B19013H_001","White (Non-Hispanic)",89183,5183
"3605534099",2023,"Monroe","Henrietta town","B19013I_001","Hispanic or Latino (Any Race)",127396,11426
"3605537726",2023,"Monroe","Irondequoit town","B19013B_001","Black (Non-Hispanic)",58049,21440
"3605537726",2023,"Monroe","Irondequoit town","B19013C_001","Native American (Non-Hispanic)",NA,NA
"3605537726",2023,"Monroe","Irondequoit town","B19013D_001","Asian (Non-Hispanic)",65339,14116
"3605537726",2023,"Monroe","Irondequoit town","B19013E_001","Pacific Islander (Non-Hispanic)",NA,NA
"3605537726",2023,"Monroe","Irondequoit town","B19013F_001","Other (Non-Hispanic)",35656,7035
"3605537726",2023,"Monroe","Irondequoit town","B19013G_001","Two or More Races (Non-Hispanic)",64246,10171
"3605537726",2023,"Monroe","Irondequoit town","B19013H_001","White (Non-Hispanic)",83494,4722
"3605537726",2023,"Monroe","Irondequoit town","B19013I_001","Hispanic or Latino (Any Race)",75517,4678
"3605546558",2023,"Monroe","Mendon town","B19013B_001","Black (Non-Hispanic)",NA,NA
"3605546558",2023,"Monroe","Mendon town","B19013C_001","Native American (Non-Hispanic)",NA,NA
"3605546558",2023,"Monroe","Mendon town","B19013D_001","Asian (Non-Hispanic)",NA,NA
"3605546558",2023,"Monroe","Mendon town","B19013E_001","Pacific Islander (Non-Hispanic)",NA,NA
"3605546558",2023,"Monroe","Mendon town","B19013F_001","Other (Non-Hispanic)",NA,NA
"3605546558",2023,"Monroe","Mendon town","B19013G_001","Two or More Races (Non-Hispanic)",196905,61247
"3605546558",2023,"Monroe","Mendon town","B19013H_001","White (Non-Hispanic)",124265,24217
"3605546558",2023,"Monroe","Mendon town","B19013I_001","Hispanic or Latino (Any Race)",NA,NA
"3605554474",2023,"Monroe","Ogden town","B19013B_001","Black (Non-Hispanic)",36937,9919
"3605554474",2023,"Monroe","Ogden town","B19013C_001","Native American (Non-Hispanic)",NA,NA
"3605554474",2023,"Monroe","Ogden town","B19013D_001","Asian (Non-Hispanic)",NA,NA
"3605554474",2023,"Monroe","Ogden town","B19013E_001","Pacific Islander (Non-Hispanic)",NA,NA
"3605554474",2023,"Monroe","Ogden town","B19013F_001","Other (Non-Hispanic)",NA,NA
"3605554474",2023,"Monroe","Ogden town","B19013G_001","Two or More Races (Non-Hispanic)",195625,37695
"3605554474",2023,"Monroe","Ogden town","B19013H_001","White (Non-Hispanic)",89304,6814
"3605554474",2023,"Monroe","Ogden town","B19013I_001","Hispanic or Latino (Any Race)",86705,26435
"3605556561",2023,"Monroe","Parma town","B19013B_001","Black (Non-Hispanic)",NA,NA
"3605556561",2023,"Monroe","Parma town","B19013C_001","Native American (Non-Hispanic)",NA,NA
"3605556561",2023,"Monroe","Parma town","B19013D_001","Asian (Non-Hispanic)",NA,NA
"3605556561",2023,"Monroe","Parma town","B19013E_001","Pacific Islander (Non-Hispanic)",NA,NA
"3605556561",2023,"Monroe","Parma town","B19013F_001","Other (Non-Hispanic)",NA,NA
"3605556561",2023,"Monroe","Parma town","B19013G_001","Two or More Races (Non-Hispanic)",66916,49877
"3605556561",2023,"Monroe","Parma town","B19013H_001","White (Non-Hispanic)",93540,6670
"3605556561",2023,"Monroe","Parma town","B19013I_001","Hispanic or Latino (Any Race)",66656,7156
"3605557144",2023,"Monroe","Penfield town","B19013B_001","Black (Non-Hispanic)",52039,24115
"3605557144",2023,"Monroe","Penfield town","B19013C_001","Native American (Non-Hispanic)",NA,NA
"3605557144",2023,"Monroe","Penfield town","B19013D_001","Asian (Non-Hispanic)",180357,135263
"3605557144",2023,"Monroe","Penfield town","B19013E_001","Pacific Islander (Non-Hispanic)",NA,NA
"3605557144",2023,"Monroe","Penfield town","B19013F_001","Other (Non-Hispanic)",NA,NA
"3605557144",2023,"Monroe","Penfield town","B19013G_001","Two or More Races (Non-Hispanic)",107708,66851
"3605557144",2023,"Monroe","Penfield town","B19013H_001","White (Non-Hispanic)",115871,6852
"3605557144",2023,"Monroe","Penfield town","B19013I_001","Hispanic or Latino (Any Race)",95500,52853
"3605557221",2023,"Monroe","Perinton town","B19013B_001","Black (Non-Hispanic)",53125,42539
"3605557221",2023,"Monroe","Perinton town","B19013C_001","Native American (Non-Hispanic)",NA,NA
"3605557221",2023,"Monroe","Perinton town","B19013D_001","Asian (Non-Hispanic)",131607,30566
"3605557221",2023,"Monroe","Perinton town","B19013E_001","Pacific Islander (Non-Hispanic)",NA,NA
"3605557221",2023,"Monroe","Perinton town","B19013F_001","Other (Non-Hispanic)",33860,27425
"3605557221",2023,"Monroe","Perinton town","B19013G_001","Two or More Races (Non-Hispanic)",115500,41661
"3605557221",2023,"Monroe","Perinton town","B19013H_001","White (Non-Hispanic)",112976,6864
"3605557221",2023,"Monroe","Perinton town","B19013I_001","Hispanic or Latino (Any Race)",68385,19949
"3605558365",2023,"Monroe","Pittsford town","B19013B_001","Black (Non-Hispanic)",88698,36757
"3605558365",2023,"Monroe","Pittsford town","B19013C_001","Native American (Non-Hispanic)",NA,NA
"3605558365",2023,"Monroe","Pittsford town","B19013D_001","Asian (Non-Hispanic)",212292,23930
"3605558365",2023,"Monroe","Pittsford town","B19013E_001","Pacific Islander (Non-Hispanic)",NA,NA
"3605558365",2023,"Monroe","Pittsford town","B19013F_001","Other (Non-Hispanic)",124620,20075
"3605558365",2023,"Monroe","Pittsford town","B19013G_001","Two or More Races (Non-Hispanic)",192188,124624
"3605558365",2023,"Monroe","Pittsford town","B19013H_001","White (Non-Hispanic)",146445,8773
"3605558365",2023,"Monroe","Pittsford town","B19013I_001","Hispanic or Latino (Any Race)",140781,120495
"3605561808",2023,"Monroe","Riga town","B19013B_001","Black (Non-Hispanic)",NA,NA
"3605561808",2023,"Monroe","Riga town","B19013C_001","Native American (Non-Hispanic)",NA,NA
"3605561808",2023,"Monroe","Riga town","B19013D_001","Asian (Non-Hispanic)",NA,NA
"3605561808",2023,"Monroe","Riga town","B19013E_001","Pacific Islander (Non-Hispanic)",NA,NA
"3605561808",2023,"Monroe","Riga town","B19013F_001","Other (Non-Hispanic)",NA,NA
"3605561808",2023,"Monroe","Riga town","B19013G_001","Two or More Races (Non-Hispanic)",113750,50185
"3605561808",2023,"Monroe","Riga town","B19013H_001","White (Non-Hispanic)",93846,11194
"3605561808",2023,"Monroe","Riga town","B19013I_001","Hispanic or Latino (Any Race)",NA,NA
"3605563000",2023,"Monroe","Rochester city","B19013B_001","Black (Non-Hispanic)",36918,2296
"3605563000",2023,"Monroe","Rochester city","B19013C_001","Native American (Non-Hispanic)",37120,10952
"3605563000",2023,"Monroe","Rochester city","B19013D_001","Asian (Non-Hispanic)",32599,12309
"3605563000",2023,"Monroe","Rochester city","B19013E_001","Pacific Islander (Non-Hispanic)",NA,NA
"3605563000",2023,"Monroe","Rochester city","B19013F_001","Other (Non-Hispanic)",37544,3427
"3605563000",2023,"Monroe","Rochester city","B19013G_001","Two or More Races (Non-Hispanic)",42713,6231
"3605563000",2023,"Monroe","Rochester city","B19013H_001","White (Non-Hispanic)",58689,2938
"3605563000",2023,"Monroe","Rochester city","B19013I_001","Hispanic or Latino (Any Race)",38587,2736
"3605564144",2023,"Monroe","Rush town","B19013B_001","Black (Non-Hispanic)",NA,NA
"3605564144",2023,"Monroe","Rush town","B19013C_001","Native American (Non-Hispanic)",NA,NA
"3605564144",2023,"Monroe","Rush town","B19013D_001","Asian (Non-Hispanic)",NA,NA
"3605564144",2023,"Monroe","Rush town","B19013E_001","Pacific Islander (Non-Hispanic)",NA,NA
"3605564144",2023,"Monroe","Rush town","B19013F_001","Other (Non-Hispanic)",NA,NA
"3605564144",2023,"Monroe","Rush town","B19013G_001","Two or More Races (Non-Hispanic)",115156,78715
"3605564144",2023,"Monroe","Rush town","B19013H_001","White (Non-Hispanic)",111250,17989
"3605564144",2023,"Monroe","Rush town","B19013I_001","Hispanic or Latino (Any Race)",NA,NA
"3605572455",2023,"Monroe","Sweden town","B19013B_001","Black (Non-Hispanic)",48214,32754
"3605572455",2023,"Monroe","Sweden town","B19013C_001","Native American (Non-Hispanic)",NA,NA
"3605572455",2023,"Monroe","Sweden town","B19013D_001","Asian (Non-Hispanic)",NA,NA
"3605572455",2023,"Monroe","Sweden town","B19013E_001","Pacific Islander (Non-Hispanic)",NA,NA
"3605572455",2023,"Monroe","Sweden town","B19013F_001","Other (Non-Hispanic)",17050,9176
"3605572455",2023,"Monroe","Sweden town","B19013G_001","Two or More Races (Non-Hispanic)",126094,24779
"3605572455",2023,"Monroe","Sweden town","B19013H_001","White (Non-Hispanic)",73368,11868
"3605572455",2023,"Monroe","Sweden town","B19013I_001","Hispanic or Latino (Any Race)",NA,NA
"3605578971",2023,"Monroe","Webster town","B19013B_001","Black (Non-Hispanic)",89028,63482
"3605578971",2023,"Monroe","Webster town","B19013C_001","Native American (Non-Hispanic)",NA,NA
"3605578971",2023,"Monroe","Webster town","B19013D_001","Asian (Non-Hispanic)",101643,17844
"3605578971",2023,"Monroe","Webster town","B19013E_001","Pacific Islander (Non-Hispanic)",NA,NA
"3605578971",2023,"Monroe","Webster town","B19013F_001","Other (Non-Hispanic)",82545,23395
"3605578971",2023,"Monroe","Webster town","B19013G_001","Two or More Races (Non-Hispanic)",104091,23669
"3605578971",2023,"Monroe","Webster town","B19013H_001","White (Non-Hispanic)",91627,3604
"3605578971",2023,"Monroe","Webster town","B19013I_001","Hispanic or Latino (Any Race)",62880,8913
"3605581402",2023,"Monroe","Wheatland town","B19013B_001","Black (Non-Hispanic)",NA,NA
"3605581402",2023,"Monroe","Wheatland town","B19013C_001","Native American (Non-Hispanic)",NA,NA
"3605581402",2023,"Monroe","Wheatland town","B19013D_001","Asian (Non-Hispanic)",NA,NA
"3605581402",2023,"Monroe","Wheatland town","B19013E_001","Pacific Islander (Non-Hispanic)",NA,NA
"3605581402",2023,"Monroe","Wheatland town","B19013F_001","Other (Non-Hispanic)",NA,NA
"3605581402",2023,"Monroe","Wheatland town","B19013G_001","Two or More Races (Non-Hispanic)",90625,39567
"3605581402",2023,"Monroe","Wheatland town","B19013H_001","White (Non-Hispanic)",78144,6432
"3605581402",2023,"Monroe","Wheatland town","B19013I_001","Hispanic or Latino (Any Race)",NA,NA
"3606908378",2023,"Ontario","Bristol town","B19013B_001","Black (Non-Hispanic)",NA,NA
"3606908378",2023,"Ontario","Bristol town","B19013C_001","Native American (Non-Hispanic)",NA,NA
"3606908378",2023,"Ontario","Bristol town","B19013D_001","Asian (Non-Hispanic)",NA,NA
"3606908378",2023,"Ontario","Bristol town","B19013E_001","Pacific Islander (Non-Hispanic)",NA,NA
"3606908378",2023,"Ontario","Bristol town","B19013F_001","Other (Non-Hispanic)",NA,NA
"3606908378",2023,"Ontario","Bristol town","B19013G_001","Two or More Races (Non-Hispanic)",120500,50851
"3606908378",2023,"Ontario","Bristol town","B19013H_001","White (Non-Hispanic)",88611,21977
"3606908378",2023,"Ontario","Bristol town","B19013I_001","Hispanic or Latino (Any Race)",NA,NA
"3606912100",2023,"Ontario","Canadice town","B19013B_001","Black (Non-Hispanic)",NA,NA
"3606912100",2023,"Ontario","Canadice town","B19013C_001","Native American (Non-Hispanic)",NA,NA
"3606912100",2023,"Ontario","Canadice town","B19013D_001","Asian (Non-Hispanic)",NA,NA
"3606912100",2023,"Ontario","Canadice town","B19013E_001","Pacific Islander (Non-Hispanic)",NA,NA
"3606912100",2023,"Ontario","Canadice town","B19013F_001","Other (Non-Hispanic)",NA,NA
"3606912100",2023,"Ontario","Canadice town","B19013G_001","Two or More Races (Non-Hispanic)",NA,NA
"3606912100",2023,"Ontario","Canadice town","B19013H_001","White (Non-Hispanic)",74167,15493
"3606912100",2023,"Ontario","Canadice town","B19013I_001","Hispanic or Latino (Any Race)",NA,NA
"3606912144",2023,"Ontario","Canandaigua city","B19013B_001","Black (Non-Hispanic)",55882,30874
"3606912144",2023,"Ontario","Canandaigua city","B19013C_001","Native American (Non-Hispanic)",NA,NA
"3606912144",2023,"Ontario","Canandaigua city","B19013D_001","Asian (Non-Hispanic)",176607,172111
"3606912144",2023,"Ontario","Canandaigua city","B19013E_001","Pacific Islander (Non-Hispanic)",NA,NA
"3606912144",2023,"Ontario","Canandaigua city","B19013F_001","Other (Non-Hispanic)",NA,NA
"3606912144",2023,"Ontario","Canandaigua city","B19013G_001","Two or More Races (Non-Hispanic)",46843,30036
"3606912144",2023,"Ontario","Canandaigua city","B19013H_001","White (Non-Hispanic)",63804,7523
"3606912144",2023,"Ontario","Canandaigua city","B19013I_001","Hispanic or Latino (Any Race)",80476,60743
"3606912155",2023,"Ontario","Canandaigua town","B19013B_001","Black (Non-Hispanic)",NA,NA
"3606912155",2023,"Ontario","Canandaigua town","B19013C_001","Native American (Non-Hispanic)",NA,NA
"3606912155",2023,"Ontario","Canandaigua town","B19013D_001","Asian (Non-Hispanic)",NA,NA
"3606912155",2023,"Ontario","Canandaigua town","B19013E_001","Pacific Islander (Non-Hispanic)",NA,NA
"3606912155",2023,"Ontario","Canandaigua town","B19013F_001","Other (Non-Hispanic)",NA,NA
"3606912155",2023,"Ontario","Canandaigua town","B19013G_001","Two or More Races (Non-Hispanic)",NA,NA
"3606912155",2023,"Ontario","Canandaigua town","B19013H_001","White (Non-Hispanic)",94853,7763
"3606912155",2023,"Ontario","Canandaigua town","B19013I_001","Hispanic or Latino (Any Race)",NA,NA
"3606921699",2023,"Ontario","East Bloomfield town","B19013B_001","Black (Non-Hispanic)",NA,NA
"3606921699",2023,"Ontario","East Bloomfield town","B19013C_001","Native American (Non-Hispanic)",NA,NA
"3606921699",2023,"Ontario","East Bloomfield town","B19013D_001","Asian (Non-Hispanic)",NA,NA
"3606921699",2023,"Ontario","East Bloomfield town","B19013E_001","Pacific Islander (Non-Hispanic)",NA,NA
"3606921699",2023,"Ontario","East Bloomfield town","B19013F_001","Other (Non-Hispanic)",NA,NA
"3606921699",2023,"Ontario","East Bloomfield town","B19013G_001","Two or More Races (Non-Hispanic)",NA,NA
"3606921699",2023,"Ontario","East Bloomfield town","B19013H_001","White (Non-Hispanic)",85326,12617
"3606921699",2023,"Ontario","East Bloomfield town","B19013I_001","Hispanic or Latino (Any Race)",NA,NA
"3606925406",2023,"Ontario","Farmington town","B19013B_001","Black (Non-Hispanic)",NA,NA
"3606925406",2023,"Ontario","Farmington town","B19013C_001","Native American (Non-Hispanic)",NA,NA
"3606925406",2023,"Ontario","Farmington town","B19013D_001","Asian (Non-Hispanic)",146058,118100
"3606925406",2023,"Ontario","Farmington town","B19013E_001","Pacific Islander (Non-Hispanic)",NA,NA
"3606925406",2023,"Ontario","Farmington town","B19013F_001","Other (Non-Hispanic)",NA,NA
"3606925406",2023,"Ontario","Farmington town","B19013G_001","Two or More Races (Non-Hispanic)",69511,42322
"3606925406",2023,"Ontario","Farmington town","B19013H_001","White (Non-Hispanic)",96354,11024
"3606925406",2023,"Ontario","Farmington town","B19013I_001","Hispanic or Latino (Any Race)",50684,24517
"3606928640",2023,"Ontario","Geneva city","B19013B_001","Black (Non-Hispanic)",NA,NA
"3606928640",2023,"Ontario","Geneva city","B19013C_001","Native American (Non-Hispanic)",NA,NA
"3606928640",2023,"Ontario","Geneva city","B19013D_001","Asian (Non-Hispanic)",NA,NA
"3606928640",2023,"Ontario","Geneva city","B19013E_001","Pacific Islander (Non-Hispanic)",NA,NA
"3606928640",2023,"Ontario","Geneva city","B19013F_001","Other (Non-Hispanic)",90417,36025
"3606928640",2023,"Ontario","Geneva city","B19013G_001","Two or More Races (Non-Hispanic)",64909,32347
"3606928640",2023,"Ontario","Geneva city","B19013H_001","White (Non-Hispanic)",69437,10948
"3606928640",2023,"Ontario","Geneva city","B19013I_001","Hispanic or Latino (Any Race)",NA,NA
"3606928651",2023,"Ontario","Geneva town","B19013B_001","Black (Non-Hispanic)",NA,NA
"3606928651",2023,"Ontario","Geneva town","B19013C_001","Native American (Non-Hispanic)",NA,NA
"3606928651",2023,"Ontario","Geneva town","B19013D_001","Asian (Non-Hispanic)",NA,NA
"3606928651",2023,"Ontario","Geneva town","B19013E_001","Pacific Islander (Non-Hispanic)",NA,NA
"3606928651",2023,"Ontario","Geneva town","B19013F_001","Other (Non-Hispanic)",NA,NA
"3606928651",2023,"Ontario","Geneva town","B19013G_001","Two or More Races (Non-Hispanic)",50703,39892
"3606928651",2023,"Ontario","Geneva town","B19013H_001","White (Non-Hispanic)",86934,15488
"3606928651",2023,"Ontario","Geneva town","B19013I_001","Hispanic or Latino (Any Race)",NA,NA
"3606929531",2023,"Ontario","Gorham town","B19013B_001","Black (Non-Hispanic)",NA,NA
"3606929531",2023,"Ontario","Gorham town","B19013C_001","Native American (Non-Hispanic)",NA,NA
"3606929531",2023,"Ontario","Gorham town","B19013D_001","Asian (Non-Hispanic)",NA,NA
"3606929531",2023,"Ontario","Gorham town","B19013E_001","Pacific Islander (Non-Hispanic)",NA,NA
"3606929531",2023,"Ontario","Gorham town","B19013F_001","Other (Non-Hispanic)",NA,NA
"3606929531",2023,"Ontario","Gorham town","B19013G_001","Two or More Races (Non-Hispanic)",NA,NA
"3606929531",2023,"Ontario","Gorham town","B19013H_001","White (Non-Hispanic)",62323,8407
"3606929531",2023,"Ontario","Gorham town","B19013I_001","Hispanic or Latino (Any Race)",NA,NA
"3606935551",2023,"Ontario","Hopewell town","B19013B_001","Black (Non-Hispanic)",NA,NA
"3606935551",2023,"Ontario","Hopewell town","B19013C_001","Native American (Non-Hispanic)",NA,NA
"3606935551",2023,"Ontario","Hopewell town","B19013D_001","Asian (Non-Hispanic)",NA,NA
"3606935551",2023,"Ontario","Hopewell town","B19013E_001","Pacific Islander (Non-Hispanic)",NA,NA
"3606935551",2023,"Ontario","Hopewell town","B19013F_001","Other (Non-Hispanic)",NA,NA
"3606935551",2023,"Ontario","Hopewell town","B19013G_001","Two or More Races (Non-Hispanic)",NA,NA
"3606935551",2023,"Ontario","Hopewell town","B19013H_001","White (Non-Hispanic)",80121,15921
"3606935551",2023,"Ontario","Hopewell town","B19013I_001","Hispanic or Latino (Any Race)",NA,NA
"3606944864",2023,"Ontario","Manchester town","B19013B_001","Black (Non-Hispanic)",NA,NA
"3606944864",2023,"Ontario","Manchester town","B19013C_001","Native American (Non-Hispanic)",NA,NA
"3606944864",2023,"Ontario","Manchester town","B19013D_001","Asian (Non-Hispanic)",NA,NA
"3606944864",2023,"Ontario","Manchester town","B19013E_001","Pacific Islander (Non-Hispanic)",NA,NA
"3606944864",2023,"Ontario","Manchester town","B19013F_001","Other (Non-Hispanic)",105324,23926
"3606944864",2023,"Ontario","Manchester town","B19013G_001","Two or More Races (Non-Hispanic)",39550,15873
"3606944864",2023,"Ontario","Manchester town","B19013H_001","White (Non-Hispanic)",69333,8531
"3606944864",2023,"Ontario","Manchester town","B19013I_001","Hispanic or Latino (Any Race)",90848,20091
"3606949440",2023,"Ontario","Naples town","B19013B_001","Black (Non-Hispanic)",NA,NA
"3606949440",2023,"Ontario","Naples town","B19013C_001","Native American (Non-Hispanic)",NA,NA
"3606949440",2023,"Ontario","Naples town","B19013D_001","Asian (Non-Hispanic)",NA,NA
"3606949440",2023,"Ontario","Naples town","B19013E_001","Pacific Islander (Non-Hispanic)",NA,NA
"3606949440",2023,"Ontario","Naples town","B19013F_001","Other (Non-Hispanic)",NA,NA
"3606949440",2023,"Ontario","Naples town","B19013G_001","Two or More Races (Non-Hispanic)",126250,34440
"3606949440",2023,"Ontario","Naples town","B19013H_001","White (Non-Hispanic)",64813,14255
"3606949440",2023,"Ontario","Naples town","B19013I_001","Hispanic or Latino (Any Race)",NA,NA
"3606957529",2023,"Ontario","Phelps town","B19013B_001","Black (Non-Hispanic)",NA,NA
"3606957529",2023,"Ontario","Phelps town","B19013C_001","Native American (Non-Hispanic)",NA,NA
"3606957529",2023,"Ontario","Phelps town","B19013D_001","Asian (Non-Hispanic)",NA,NA
"3606957529",2023,"Ontario","Phelps town","B19013E_001","Pacific Islander (Non-Hispanic)",NA,NA
"3606957529",2023,"Ontario","Phelps town","B19013F_001","Other (Non-Hispanic)",NA,NA
"3606957529",2023,"Ontario","Phelps town","B19013G_001","Two or More Races (Non-Hispanic)",NA,NA
"3606957529",2023,"Ontario","Phelps town","B19013H_001","White (Non-Hispanic)",72647,17019
"3606957529",2023,"Ontario","Phelps town","B19013I_001","Hispanic or Latino (Any Race)",NA,NA
"3606961544",2023,"Ontario","Richmond town","B19013B_001","Black (Non-Hispanic)",NA,NA
"3606961544",2023,"Ontario","Richmond town","B19013C_001","Native American (Non-Hispanic)",NA,NA
"3606961544",2023,"Ontario","Richmond town","B19013D_001","Asian (Non-Hispanic)",NA,NA
"3606961544",2023,"Ontario","Richmond town","B19013E_001","Pacific Islander (Non-Hispanic)",NA,NA
"3606961544",2023,"Ontario","Richmond town","B19013F_001","Other (Non-Hispanic)",NA,NA
"3606961544",2023,"Ontario","Richmond town","B19013G_001","Two or More Races (Non-Hispanic)",NA,NA
"3606961544",2023,"Ontario","Richmond town","B19013H_001","White (Non-Hispanic)",77083,7362
"3606961544",2023,"Ontario","Richmond town","B19013I_001","Hispanic or Latino (Any Race)",NA,NA
"3606966289",2023,"Ontario","Seneca town","B19013B_001","Black (Non-Hispanic)",NA,NA
"3606966289",2023,"Ontario","Seneca town","B19013C_001","Native American (Non-Hispanic)",NA,NA
"3606966289",2023,"Ontario","Seneca town","B19013D_001","Asian (Non-Hispanic)",NA,NA
"3606966289",2023,"Ontario","Seneca town","B19013E_001","Pacific Islander (Non-Hispanic)",NA,NA
"3606966289",2023,"Ontario","Seneca town","B19013F_001","Other (Non-Hispanic)",NA,NA
"3606966289",2023,"Ontario","Seneca town","B19013G_001","Two or More Races (Non-Hispanic)",NA,NA
"3606966289",2023,"Ontario","Seneca town","B19013H_001","White (Non-Hispanic)",78750,17455
"3606966289",2023,"Ontario","Seneca town","B19013I_001","Hispanic or Latino (Any Race)",NA,NA
"3606968660",2023,"Ontario","South Bristol town","B19013B_001","Black (Non-Hispanic)",NA,NA
"3606968660",2023,"Ontario","South Bristol town","B19013C_001","Native American (Non-Hispanic)",NA,NA
"3606968660",2023,"Ontario","South Bristol town","B19013D_001","Asian (Non-Hispanic)",NA,NA
"3606968660",2023,"Ontario","South Bristol town","B19013E_001","Pacific Islander (Non-Hispanic)",NA,NA
"3606968660",2023,"Ontario","South Bristol town","B19013F_001","Other (Non-Hispanic)",NA,NA
"3606968660",2023,"Ontario","South Bristol town","B19013G_001","Two or More Races (Non-Hispanic)",93393,60780
"3606968660",2023,"Ontario","South Bristol town","B19013H_001","White (Non-Hispanic)",92500,7446
"3606968660",2023,"Ontario","South Bristol town","B19013I_001","Hispanic or Latino (Any Race)",NA,NA
"3606977387",2023,"Ontario","Victor town","B19013B_001","Black (Non-Hispanic)",NA,NA
"3606977387",2023,"Ontario","Victor town","B19013C_001","Native American (Non-Hispanic)",NA,NA
"3606977387",2023,"Ontario","Victor town","B19013D_001","Asian (Non-Hispanic)",205544,38695
"3606977387",2023,"Ontario","Victor town","B19013E_001","Pacific Islander (Non-Hispanic)",NA,NA
"3606977387",2023,"Ontario","Victor town","B19013F_001","Other (Non-Hispanic)",NA,NA
"3606977387",2023,"Ontario","Victor town","B19013G_001","Two or More Races (Non-Hispanic)",NA,NA
"3606977387",2023,"Ontario","Victor town","B19013H_001","White (Non-Hispanic)",110850,6118
"3606977387",2023,"Ontario","Victor town","B19013I_001","Hispanic or Latino (Any Race)",NA,NA
"3606979356",2023,"Ontario","West Bloomfield town","B19013B_001","Black (Non-Hispanic)",NA,NA
"3606979356",2023,"Ontario","West Bloomfield town","B19013C_001","Native American (Non-Hispanic)",NA,NA
"3606979356",2023,"Ontario","West Bloomfield town","B19013D_001","Asian (Non-Hispanic)",NA,NA
"3606979356",2023,"Ontario","West Bloomfield town","B19013E_001","Pacific Islander (Non-Hispanic)",NA,NA
"3606979356",2023,"Ontario","West Bloomfield town","B19013F_001","Other (Non-Hispanic)",NA,NA
"3606979356",2023,"Ontario","West Bloomfield town","B19013G_001","Two or More Races (Non-Hispanic)",119107,77169
"3606979356",2023,"Ontario","West Bloomfield town","B19013H_001","White (Non-Hispanic)",59412,11455
"3606979356",2023,"Ontario","West Bloomfield town","B19013I_001","Hispanic or Latino (Any Race)",NA,NA
"3607300000",2023,"Orleans","County subdivisions not defined","B19013B_001","Black (Non-Hispanic)",NA,NA
"3607300000",2023,"Orleans","County subdivisions not defined","B19013C_001","Native American (Non-Hispanic)",NA,NA
"3607300000",2023,"Orleans","County subdivisions not defined","B19013D_001","Asian (Non-Hispanic)",NA,NA
"3607300000",2023,"Orleans","County subdivisions not defined","B19013E_001","Pacific Islander (Non-Hispanic)",NA,NA
"3607300000",2023,"Orleans","County subdivisions not defined","B19013F_001","Other (Non-Hispanic)",NA,NA
"3607300000",2023,"Orleans","County subdivisions not defined","B19013G_001","Two or More Races (Non-Hispanic)",NA,NA
"3607300000",2023,"Orleans","County subdivisions not defined","B19013H_001","White (Non-Hispanic)",NA,NA
"3607300000",2023,"Orleans","County subdivisions not defined","B19013I_001","Hispanic or Latino (Any Race)",NA,NA
"3607301044",2023,"Orleans","Albion town","B19013B_001","Black (Non-Hispanic)",NA,NA
"3607301044",2023,"Orleans","Albion town","B19013C_001","Native American (Non-Hispanic)",NA,NA
"3607301044",2023,"Orleans","Albion town","B19013D_001","Asian (Non-Hispanic)",NA,NA
"3607301044",2023,"Orleans","Albion town","B19013E_001","Pacific Islander (Non-Hispanic)",NA,NA
"3607301044",2023,"Orleans","Albion town","B19013F_001","Other (Non-Hispanic)",NA,NA
"3607301044",2023,"Orleans","Albion town","B19013G_001","Two or More Races (Non-Hispanic)",21932,19885
"3607301044",2023,"Orleans","Albion town","B19013H_001","White (Non-Hispanic)",54250,18740
"3607301044",2023,"Orleans","Albion town","B19013I_001","Hispanic or Latino (Any Race)",NA,NA
"3607304572",2023,"Orleans","Barre town","B19013B_001","Black (Non-Hispanic)",NA,NA
"3607304572",2023,"Orleans","Barre town","B19013C_001","Native American (Non-Hispanic)",NA,NA
"3607304572",2023,"Orleans","Barre town","B19013D_001","Asian (Non-Hispanic)",NA,NA
"3607304572",2023,"Orleans","Barre town","B19013E_001","Pacific Islander (Non-Hispanic)",NA,NA
"3607304572",2023,"Orleans","Barre town","B19013F_001","Other (Non-Hispanic)",NA,NA
"3607304572",2023,"Orleans","Barre town","B19013G_001","Two or More Races (Non-Hispanic)",NA,NA
"3607304572",2023,"Orleans","Barre town","B19013H_001","White (Non-Hispanic)",77386,6990
"3607304572",2023,"Orleans","Barre town","B19013I_001","Hispanic or Latino (Any Race)",NA,NA
"3607312496",2023,"Orleans","Carlton town","B19013B_001","Black (Non-Hispanic)",NA,NA
"3607312496",2023,"Orleans","Carlton town","B19013C_001","Native American (Non-Hispanic)",NA,NA
"3607312496",2023,"Orleans","Carlton town","B19013D_001","Asian (Non-Hispanic)",NA,NA
"3607312496",2023,"Orleans","Carlton town","B19013E_001","Pacific Islander (Non-Hispanic)",NA,NA
"3607312496",2023,"Orleans","Carlton town","B19013F_001","Other (Non-Hispanic)",NA,NA
"3607312496",2023,"Orleans","Carlton town","B19013G_001","Two or More Races (Non-Hispanic)",NA,NA
"3607312496",2023,"Orleans","Carlton town","B19013H_001","White (Non-Hispanic)",82000,21977
"3607312496",2023,"Orleans","Carlton town","B19013I_001","Hispanic or Latino (Any Race)",NA,NA
"3607315880",2023,"Orleans","Clarendon town","B19013B_001","Black (Non-Hispanic)",NA,NA
"3607315880",2023,"Orleans","Clarendon town","B19013C_001","Native American (Non-Hispanic)",NA,NA
"3607315880",2023,"Orleans","Clarendon town","B19013D_001","Asian (Non-Hispanic)",NA,NA
"3607315880",2023,"Orleans","Clarendon town","B19013E_001","Pacific Islander (Non-Hispanic)",NA,NA
"3607315880",2023,"Orleans","Clarendon town","B19013F_001","Other (Non-Hispanic)",NA,NA
"3607315880",2023,"Orleans","Clarendon town","B19013G_001","Two or More Races (Non-Hispanic)",NA,NA
"3607315880",2023,"Orleans","Clarendon town","B19013H_001","White (Non-Hispanic)",60789,21839
"3607315880",2023,"Orleans","Clarendon town","B19013I_001","Hispanic or Latino (Any Race)",NA,NA
"3607327958",2023,"Orleans","Gaines town","B19013B_001","Black (Non-Hispanic)",NA,NA
"3607327958",2023,"Orleans","Gaines town","B19013C_001","Native American (Non-Hispanic)",NA,NA
"3607327958",2023,"Orleans","Gaines town","B19013D_001","Asian (Non-Hispanic)",NA,NA
"3607327958",2023,"Orleans","Gaines town","B19013E_001","Pacific Islander (Non-Hispanic)",NA,NA
"3607327958",2023,"Orleans","Gaines town","B19013F_001","Other (Non-Hispanic)",NA,NA
"3607327958",2023,"Orleans","Gaines town","B19013G_001","Two or More Races (Non-Hispanic)",NA,NA
"3607327958",2023,"Orleans","Gaines town","B19013H_001","White (Non-Hispanic)",53702,4961
"3607327958",2023,"Orleans","Gaines town","B19013I_001","Hispanic or Latino (Any Race)",35980,2385
"3607339188",2023,"Orleans","Kendall town","B19013B_001","Black (Non-Hispanic)",NA,NA
"3607339188",2023,"Orleans","Kendall town","B19013C_001","Native American (Non-Hispanic)",NA,NA
"3607339188",2023,"Orleans","Kendall town","B19013D_001","Asian (Non-Hispanic)",NA,NA
"3607339188",2023,"Orleans","Kendall town","B19013E_001","Pacific Islander (Non-Hispanic)",NA,NA
"3607339188",2023,"Orleans","Kendall town","B19013F_001","Other (Non-Hispanic)",NA,NA
"3607339188",2023,"Orleans","Kendall town","B19013G_001","Two or More Races (Non-Hispanic)",168868,214
"3607339188",2023,"Orleans","Kendall town","B19013H_001","White (Non-Hispanic)",84286,10487
"3607339188",2023,"Orleans","Kendall town","B19013I_001","Hispanic or Latino (Any Race)",168277,109171
"3607349286",2023,"Orleans","Murray town","B19013B_001","Black (Non-Hispanic)",NA,NA
"3607349286",2023,"Orleans","Murray town","B19013C_001","Native American (Non-Hispanic)",NA,NA
"3607349286",2023,"Orleans","Murray town","B19013D_001","Asian (Non-Hispanic)",NA,NA
"3607349286",2023,"Orleans","Murray town","B19013E_001","Pacific Islander (Non-Hispanic)",NA,NA
"3607349286",2023,"Orleans","Murray town","B19013F_001","Other (Non-Hispanic)",NA,NA
"3607349286",2023,"Orleans","Murray town","B19013G_001","Two or More Races (Non-Hispanic)",98333,97924
"3607349286",2023,"Orleans","Murray town","B19013H_001","White (Non-Hispanic)",60396,5927
"3607349286",2023,"Orleans","Murray town","B19013I_001","Hispanic or Latino (Any Race)",61049,708
"3607361742",2023,"Orleans","Ridgeway town","B19013B_001","Black (Non-Hispanic)",183551,491
"3607361742",2023,"Orleans","Ridgeway town","B19013C_001","Native American (Non-Hispanic)",NA,NA
"3607361742",2023,"Orleans","Ridgeway town","B19013D_001","Asian (Non-Hispanic)",NA,NA
"3607361742",2023,"Orleans","Ridgeway town","B19013E_001","Pacific Islander (Non-Hispanic)",NA,NA
"3607361742",2023,"Orleans","Ridgeway town","B19013F_001","Other (Non-Hispanic)",158875,2872
"3607361742",2023,"Orleans","Ridgeway town","B19013G_001","Two or More Races (Non-Hispanic)",68712,23139
"3607361742",2023,"Orleans","Ridgeway town","B19013H_001","White (Non-Hispanic)",62088,8561
"3607361742",2023,"Orleans","Ridgeway town","B19013I_001","Hispanic or Latino (Any Race)",NA,NA
"3607366751",2023,"Orleans","Shelby town","B19013B_001","Black (Non-Hispanic)",NA,NA
"3607366751",2023,"Orleans","Shelby town","B19013C_001","Native American (Non-Hispanic)",NA,NA
"3607366751",2023,"Orleans","Shelby town","B19013D_001","Asian (Non-Hispanic)",NA,NA
"3607366751",2023,"Orleans","Shelby town","B19013E_001","Pacific Islander (Non-Hispanic)",NA,NA
"3607366751",2023,"Orleans","Shelby town","B19013F_001","Other (Non-Hispanic)",NA,NA
"3607366751",2023,"Orleans","Shelby town","B19013G_001","Two or More Races (Non-Hispanic)",NA,NA
"3607366751",2023,"Orleans","Shelby town","B19013H_001","White (Non-Hispanic)",68021,11446
"3607366751",2023,"Orleans","Shelby town","B19013I_001","Hispanic or Latino (Any Race)",NA,NA
"3607383448",2023,"Orleans","Yates town","B19013B_001","Black (Non-Hispanic)",NA,NA
"3607383448",2023,"Orleans","Yates town","B19013C_001","Native American (Non-Hispanic)",NA,NA
"3607383448",2023,"Orleans","Yates town","B19013D_001","Asian (Non-Hispanic)",NA,NA
"3607383448",2023,"Orleans","Yates town","B19013E_001","Pacific Islander (Non-Hispanic)",NA,NA
"3607383448",2023,"Orleans","Yates town","B19013F_001","Other (Non-Hispanic)",NA,NA
"3607383448",2023,"Orleans","Yates town","B19013G_001","Two or More Races (Non-Hispanic)",65625,23312
"3607383448",2023,"Orleans","Yates town","B19013H_001","White (Non-Hispanic)",70938,17805
"3607383448",2023,"Orleans","Yates town","B19013I_001","Hispanic or Latino (Any Race)",NA,NA
"3609918663",2023,"Seneca","Covert town","B19013B_001","Black (Non-Hispanic)",NA,NA
"3609918663",2023,"Seneca","Covert town","B19013C_001","Native American (Non-Hispanic)",NA,NA
"3609918663",2023,"Seneca","Covert town","B19013D_001","Asian (Non-Hispanic)",NA,NA
"3609918663",2023,"Seneca","Covert town","B19013E_001","Pacific Islander (Non-Hispanic)",NA,NA
"3609918663",2023,"Seneca","Covert town","B19013F_001","Other (Non-Hispanic)",NA,NA
"3609918663",2023,"Seneca","Covert town","B19013G_001","Two or More Races (Non-Hispanic)",NA,NA
"3609918663",2023,"Seneca","Covert town","B19013H_001","White (Non-Hispanic)",64545,17098
"3609918663",2023,"Seneca","Covert town","B19013I_001","Hispanic or Latino (Any Race)",NA,NA
"3609925505",2023,"Seneca","Fayette town","B19013B_001","Black (Non-Hispanic)",NA,NA
"3609925505",2023,"Seneca","Fayette town","B19013C_001","Native American (Non-Hispanic)",NA,NA
"3609925505",2023,"Seneca","Fayette town","B19013D_001","Asian (Non-Hispanic)",NA,NA
"3609925505",2023,"Seneca","Fayette town","B19013E_001","Pacific Islander (Non-Hispanic)",NA,NA
"3609925505",2023,"Seneca","Fayette town","B19013F_001","Other (Non-Hispanic)",NA,NA
"3609925505",2023,"Seneca","Fayette town","B19013G_001","Two or More Races (Non-Hispanic)",NA,NA
"3609925505",2023,"Seneca","Fayette town","B19013H_001","White (Non-Hispanic)",84267,20415
"3609925505",2023,"Seneca","Fayette town","B19013I_001","Hispanic or Latino (Any Race)",NA,NA
"3609928640",2023,"Seneca","Geneva city","B19013B_001","Black (Non-Hispanic)",NA,NA
"3609928640",2023,"Seneca","Geneva city","B19013C_001","Native American (Non-Hispanic)",NA,NA
"3609928640",2023,"Seneca","Geneva city","B19013D_001","Asian (Non-Hispanic)",NA,NA
"3609928640",2023,"Seneca","Geneva city","B19013E_001","Pacific Islander (Non-Hispanic)",NA,NA
"3609928640",2023,"Seneca","Geneva city","B19013F_001","Other (Non-Hispanic)",NA,NA
"3609928640",2023,"Seneca","Geneva city","B19013G_001","Two or More Races (Non-Hispanic)",NA,NA
"3609928640",2023,"Seneca","Geneva city","B19013H_001","White (Non-Hispanic)",NA,NA
"3609928640",2023,"Seneca","Geneva city","B19013I_001","Hispanic or Latino (Any Race)",NA,NA
"3609938858",2023,"Seneca","Junius town","B19013B_001","Black (Non-Hispanic)",NA,NA
"3609938858",2023,"Seneca","Junius town","B19013C_001","Native American (Non-Hispanic)",NA,NA
"3609938858",2023,"Seneca","Junius town","B19013D_001","Asian (Non-Hispanic)",NA,NA
"3609938858",2023,"Seneca","Junius town","B19013E_001","Pacific Islander (Non-Hispanic)",NA,NA
"3609938858",2023,"Seneca","Junius town","B19013F_001","Other (Non-Hispanic)",NA,NA
"3609938858",2023,"Seneca","Junius town","B19013G_001","Two or More Races (Non-Hispanic)",250001,NA
"3609938858",2023,"Seneca","Junius town","B19013H_001","White (Non-Hispanic)",86023,10848
"3609938858",2023,"Seneca","Junius town","B19013I_001","Hispanic or Latino (Any Race)",250001,NA
"3609943225",2023,"Seneca","Lodi town","B19013B_001","Black (Non-Hispanic)",NA,NA
"3609943225",2023,"Seneca","Lodi town","B19013C_001","Native American (Non-Hispanic)",NA,NA
"3609943225",2023,"Seneca","Lodi town","B19013D_001","Asian (Non-Hispanic)",NA,NA
"3609943225",2023,"Seneca","Lodi town","B19013E_001","Pacific Islander (Non-Hispanic)",NA,NA
"3609943225",2023,"Seneca","Lodi town","B19013F_001","Other (Non-Hispanic)",NA,NA
"3609943225",2023,"Seneca","Lodi town","B19013G_001","Two or More Races (Non-Hispanic)",78125,63756
"3609943225",2023,"Seneca","Lodi town","B19013H_001","White (Non-Hispanic)",75728,2048
"3609943225",2023,"Seneca","Lodi town","B19013I_001","Hispanic or Latino (Any Race)",NA,NA
"3609955827",2023,"Seneca","Ovid town","B19013B_001","Black (Non-Hispanic)",NA,NA
"3609955827",2023,"Seneca","Ovid town","B19013C_001","Native American (Non-Hispanic)",NA,NA
"3609955827",2023,"Seneca","Ovid town","B19013D_001","Asian (Non-Hispanic)",NA,NA
"3609955827",2023,"Seneca","Ovid town","B19013E_001","Pacific Islander (Non-Hispanic)",NA,NA
"3609955827",2023,"Seneca","Ovid town","B19013F_001","Other (Non-Hispanic)",NA,NA
"3609955827",2023,"Seneca","Ovid town","B19013G_001","Two or More Races (Non-Hispanic)",128281,45512
"3609955827",2023,"Seneca","Ovid town","B19013H_001","White (Non-Hispanic)",56987,7134
"3609955827",2023,"Seneca","Ovid town","B19013I_001","Hispanic or Latino (Any Race)",NA,NA
"3609963440",2023,"Seneca","Romulus town","B19013B_001","Black (Non-Hispanic)",45278,30951
"3609963440",2023,"Seneca","Romulus town","B19013C_001","Native American (Non-Hispanic)",NA,NA
"3609963440",2023,"Seneca","Romulus town","B19013D_001","Asian (Non-Hispanic)",NA,NA
"3609963440",2023,"Seneca","Romulus town","B19013E_001","Pacific Islander (Non-Hispanic)",NA,NA
"3609963440",2023,"Seneca","Romulus town","B19013F_001","Other (Non-Hispanic)",NA,NA
"3609963440",2023,"Seneca","Romulus town","B19013G_001","Two or More Races (Non-Hispanic)",NA,NA
"3609963440",2023,"Seneca","Romulus town","B19013H_001","White (Non-Hispanic)",75250,8930
"3609963440",2023,"Seneca","Romulus town","B19013I_001","Hispanic or Latino (Any Race)",NA,NA
"3609966333",2023,"Seneca","Seneca Falls town","B19013B_001","Black (Non-Hispanic)",36250,26385
"3609966333",2023,"Seneca","Seneca Falls town","B19013C_001","Native American (Non-Hispanic)",NA,NA
"3609966333",2023,"Seneca","Seneca Falls town","B19013D_001","Asian (Non-Hispanic)",78173,43701
"3609966333",2023,"Seneca","Seneca Falls town","B19013E_001","Pacific Islander (Non-Hispanic)",NA,NA
"3609966333",2023,"Seneca","Seneca Falls town","B19013F_001","Other (Non-Hispanic)",37500,1945
"3609966333",2023,"Seneca","Seneca Falls town","B19013G_001","Two or More Races (Non-Hispanic)",77581,50292
"3609966333",2023,"Seneca","Seneca Falls town","B19013H_001","White (Non-Hispanic)",57457,5026
"3609966333",2023,"Seneca","Seneca Falls town","B19013I_001","Hispanic or Latino (Any Race)",35588,27410
"3609975902",2023,"Seneca","Tyre town","B19013B_001","Black (Non-Hispanic)",NA,NA
"3609975902",2023,"Seneca","Tyre town","B19013C_001","Native American (Non-Hispanic)",NA,NA
"3609975902",2023,"Seneca","Tyre town","B19013D_001","Asian (Non-Hispanic)",NA,NA
"3609975902",2023,"Seneca","Tyre town","B19013E_001","Pacific Islander (Non-Hispanic)",NA,NA
"3609975902",2023,"Seneca","Tyre town","B19013F_001","Other (Non-Hispanic)",NA,NA
"3609975902",2023,"Seneca","Tyre town","B19013G_001","Two or More Races (Non-Hispanic)",85833,45283
"3609975902",2023,"Seneca","Tyre town","B19013H_001","White (Non-Hispanic)",64688,11150
"3609975902",2023,"Seneca","Tyre town","B19013I_001","Hispanic or Latino (Any Race)",NA,NA
"3609976958",2023,"Seneca","Varick town","B19013B_001","Black (Non-Hispanic)",NA,NA
"3609976958",2023,"Seneca","Varick town","B19013C_001","Native American (Non-Hispanic)",NA,NA
"3609976958",2023,"Seneca","Varick town","B19013D_001","Asian (Non-Hispanic)",NA,NA
"3609976958",2023,"Seneca","Varick town","B19013E_001","Pacific Islander (Non-Hispanic)",NA,NA
"3609976958",2023,"Seneca","Varick town","B19013F_001","Other (Non-Hispanic)",NA,NA
"3609976958",2023,"Seneca","Varick town","B19013G_001","Two or More Races (Non-Hispanic)",NA,NA
"3609976958",2023,"Seneca","Varick town","B19013H_001","White (Non-Hispanic)",79844,7422
"3609976958",2023,"Seneca","Varick town","B19013I_001","Hispanic or Latino (Any Race)",16583,7900
"3609978564",2023,"Seneca","Waterloo town","B19013B_001","Black (Non-Hispanic)",NA,NA
"3609978564",2023,"Seneca","Waterloo town","B19013C_001","Native American (Non-Hispanic)",NA,NA
"3609978564",2023,"Seneca","Waterloo town","B19013D_001","Asian (Non-Hispanic)",NA,NA
"3609978564",2023,"Seneca","Waterloo town","B19013E_001","Pacific Islander (Non-Hispanic)",NA,NA
"3609978564",2023,"Seneca","Waterloo town","B19013F_001","Other (Non-Hispanic)",NA,NA
"3609978564",2023,"Seneca","Waterloo town","B19013G_001","Two or More Races (Non-Hispanic)",NA,NA
"3609978564",2023,"Seneca","Waterloo town","B19013H_001","White (Non-Hispanic)",66583,7976
"3609978564",2023,"Seneca","Waterloo town","B19013I_001","Hispanic or Latino (Any Race)",NA,NA
"3611700000",2023,"Wayne","County subdivisions not defined","B19013B_001","Black (Non-Hispanic)",NA,NA
"3611700000",2023,"Wayne","County subdivisions not defined","B19013C_001","Native American (Non-Hispanic)",NA,NA
"3611700000",2023,"Wayne","County subdivisions not defined","B19013D_001","Asian (Non-Hispanic)",NA,NA
"3611700000",2023,"Wayne","County subdivisions not defined","B19013E_001","Pacific Islander (Non-Hispanic)",NA,NA
"3611700000",2023,"Wayne","County subdivisions not defined","B19013F_001","Other (Non-Hispanic)",NA,NA
"3611700000",2023,"Wayne","County subdivisions not defined","B19013G_001","Two or More Races (Non-Hispanic)",NA,NA
"3611700000",2023,"Wayne","County subdivisions not defined","B19013H_001","White (Non-Hispanic)",NA,NA
"3611700000",2023,"Wayne","County subdivisions not defined","B19013I_001","Hispanic or Latino (Any Race)",NA,NA
"3611702440",2023,"Wayne","Arcadia town","B19013B_001","Black (Non-Hispanic)",63958,57987
"3611702440",2023,"Wayne","Arcadia town","B19013C_001","Native American (Non-Hispanic)",NA,NA
"3611702440",2023,"Wayne","Arcadia town","B19013D_001","Asian (Non-Hispanic)",NA,NA
"3611702440",2023,"Wayne","Arcadia town","B19013E_001","Pacific Islander (Non-Hispanic)",NA,NA
"3611702440",2023,"Wayne","Arcadia town","B19013F_001","Other (Non-Hispanic)",26875,11717
"3611702440",2023,"Wayne","Arcadia town","B19013G_001","Two or More Races (Non-Hispanic)",58046,23315
"3611702440",2023,"Wayne","Arcadia town","B19013H_001","White (Non-Hispanic)",63708,4690
"3611702440",2023,"Wayne","Arcadia town","B19013I_001","Hispanic or Latino (Any Race)",37160,6408
"3611711473",2023,"Wayne","Butler town","B19013B_001","Black (Non-Hispanic)",NA,NA
"3611711473",2023,"Wayne","Butler town","B19013C_001","Native American (Non-Hispanic)",NA,NA
"3611711473",2023,"Wayne","Butler town","B19013D_001","Asian (Non-Hispanic)",NA,NA
"3611711473",2023,"Wayne","Butler town","B19013E_001","Pacific Islander (Non-Hispanic)",NA,NA
"3611711473",2023,"Wayne","Butler town","B19013F_001","Other (Non-Hispanic)",NA,NA
"3611711473",2023,"Wayne","Butler town","B19013G_001","Two or More Races (Non-Hispanic)",NA,NA
"3611711473",2023,"Wayne","Butler town","B19013H_001","White (Non-Hispanic)",61023,17805
"3611711473",2023,"Wayne","Butler town","B19013I_001","Hispanic or Latino (Any Race)",NA,NA
"3611728013",2023,"Wayne","Galen town","B19013B_001","Black (Non-Hispanic)",NA,NA
"3611728013",2023,"Wayne","Galen town","B19013C_001","Native American (Non-Hispanic)",NA,NA
"3611728013",2023,"Wayne","Galen town","B19013D_001","Asian (Non-Hispanic)",NA,NA
"3611728013",2023,"Wayne","Galen town","B19013E_001","Pacific Islander (Non-Hispanic)",NA,NA
"3611728013",2023,"Wayne","Galen town","B19013F_001","Other (Non-Hispanic)",NA,NA
"3611728013",2023,"Wayne","Galen town","B19013G_001","Two or More Races (Non-Hispanic)",23295,6353
"3611728013",2023,"Wayne","Galen town","B19013H_001","White (Non-Hispanic)",67102,7115
"3611728013",2023,"Wayne","Galen town","B19013I_001","Hispanic or Latino (Any Race)",NA,NA
"3611737165",2023,"Wayne","Huron town","B19013B_001","Black (Non-Hispanic)",NA,NA
"3611737165",2023,"Wayne","Huron town","B19013C_001","Native American (Non-Hispanic)",NA,NA
"3611737165",2023,"Wayne","Huron town","B19013D_001","Asian (Non-Hispanic)",NA,NA
"3611737165",2023,"Wayne","Huron town","B19013E_001","Pacific Islander (Non-Hispanic)",NA,NA
"3611737165",2023,"Wayne","Huron town","B19013F_001","Other (Non-Hispanic)",NA,NA
"3611737165",2023,"Wayne","Huron town","B19013G_001","Two or More Races (Non-Hispanic)",86875,84373
"3611737165",2023,"Wayne","Huron town","B19013H_001","White (Non-Hispanic)",77422,15174
"3611737165",2023,"Wayne","Huron town","B19013I_001","Hispanic or Latino (Any Race)",NA,NA
"3611743973",2023,"Wayne","Lyons town","B19013B_001","Black (Non-Hispanic)",NA,NA
"3611743973",2023,"Wayne","Lyons town","B19013C_001","Native American (Non-Hispanic)",NA,NA
"3611743973",2023,"Wayne","Lyons town","B19013D_001","Asian (Non-Hispanic)",NA,NA
"3611743973",2023,"Wayne","Lyons town","B19013E_001","Pacific Islander (Non-Hispanic)",NA,NA
"3611743973",2023,"Wayne","Lyons town","B19013F_001","Other (Non-Hispanic)",NA,NA
"3611743973",2023,"Wayne","Lyons town","B19013G_001","Two or More Races (Non-Hispanic)",58813,25267
"3611743973",2023,"Wayne","Lyons town","B19013H_001","White (Non-Hispanic)",74625,17628
"3611743973",2023,"Wayne","Lyons town","B19013I_001","Hispanic or Latino (Any Race)",NA,NA
"3611744160",2023,"Wayne","Macedon town","B19013B_001","Black (Non-Hispanic)",NA,NA
"3611744160",2023,"Wayne","Macedon town","B19013C_001","Native American (Non-Hispanic)",NA,NA
"3611744160",2023,"Wayne","Macedon town","B19013D_001","Asian (Non-Hispanic)",NA,NA
"3611744160",2023,"Wayne","Macedon town","B19013E_001","Pacific Islander (Non-Hispanic)",NA,NA
"3611744160",2023,"Wayne","Macedon town","B19013F_001","Other (Non-Hispanic)",NA,NA
"3611744160",2023,"Wayne","Macedon town","B19013G_001","Two or More Races (Non-Hispanic)",163438,17562
"3611744160",2023,"Wayne","Macedon town","B19013H_001","White (Non-Hispanic)",97656,17205
"3611744160",2023,"Wayne","Macedon town","B19013I_001","Hispanic or Latino (Any Race)",NA,NA
"3611745645",2023,"Wayne","Marion town","B19013B_001","Black (Non-Hispanic)",NA,NA
"3611745645",2023,"Wayne","Marion town","B19013C_001","Native American (Non-Hispanic)",NA,NA
"3611745645",2023,"Wayne","Marion town","B19013D_001","Asian (Non-Hispanic)",NA,NA
"3611745645",2023,"Wayne","Marion town","B19013E_001","Pacific Islander (Non-Hispanic)",NA,NA
"3611745645",2023,"Wayne","Marion town","B19013F_001","Other (Non-Hispanic)",NA,NA
"3611745645",2023,"Wayne","Marion town","B19013G_001","Two or More Races (Non-Hispanic)",NA,NA
"3611745645",2023,"Wayne","Marion town","B19013H_001","White (Non-Hispanic)",86274,15557
"3611745645",2023,"Wayne","Marion town","B19013I_001","Hispanic or Latino (Any Race)",208514,132396
"3611755013",2023,"Wayne","Ontario town","B19013B_001","Black (Non-Hispanic)",33750,23672
"3611755013",2023,"Wayne","Ontario town","B19013C_001","Native American (Non-Hispanic)",NA,NA
"3611755013",2023,"Wayne","Ontario town","B19013D_001","Asian (Non-Hispanic)",NA,NA
"3611755013",2023,"Wayne","Ontario town","B19013E_001","Pacific Islander (Non-Hispanic)",NA,NA
"3611755013",2023,"Wayne","Ontario town","B19013F_001","Other (Non-Hispanic)",NA,NA
"3611755013",2023,"Wayne","Ontario town","B19013G_001","Two or More Races (Non-Hispanic)",93002,14623
"3611755013",2023,"Wayne","Ontario town","B19013H_001","White (Non-Hispanic)",94944,7224
"3611755013",2023,"Wayne","Ontario town","B19013I_001","Hispanic or Latino (Any Race)",NA,NA
"3611756198",2023,"Wayne","Palmyra town","B19013B_001","Black (Non-Hispanic)",NA,NA
"3611756198",2023,"Wayne","Palmyra town","B19013C_001","Native American (Non-Hispanic)",NA,NA
"3611756198",2023,"Wayne","Palmyra town","B19013D_001","Asian (Non-Hispanic)",160586,81503
"3611756198",2023,"Wayne","Palmyra town","B19013E_001","Pacific Islander (Non-Hispanic)",NA,NA
"3611756198",2023,"Wayne","Palmyra town","B19013F_001","Other (Non-Hispanic)",NA,NA
"3611756198",2023,"Wayne","Palmyra town","B19013G_001","Two or More Races (Non-Hispanic)",NA,NA
"3611756198",2023,"Wayne","Palmyra town","B19013H_001","White (Non-Hispanic)",72316,14650
"3611756198",2023,"Wayne","Palmyra town","B19013I_001","Hispanic or Latino (Any Race)",NA,NA
"3611763605",2023,"Wayne","Rose town","B19013B_001","Black (Non-Hispanic)",NA,NA
"3611763605",2023,"Wayne","Rose town","B19013C_001","Native American (Non-Hispanic)",NA,NA
"3611763605",2023,"Wayne","Rose town","B19013D_001","Asian (Non-Hispanic)",NA,NA
"3611763605",2023,"Wayne","Rose town","B19013E_001","Pacific Islander (Non-Hispanic)",NA,NA
"3611763605",2023,"Wayne","Rose town","B19013F_001","Other (Non-Hispanic)",NA,NA
"3611763605",2023,"Wayne","Rose town","B19013G_001","Two or More Races (Non-Hispanic)",NA,NA
"3611763605",2023,"Wayne","Rose town","B19013H_001","White (Non-Hispanic)",75714,10806
"3611763605",2023,"Wayne","Rose town","B19013I_001","Hispanic or Latino (Any Race)",NA,NA
"3611765343",2023,"Wayne","Savannah town","B19013B_001","Black (Non-Hispanic)",NA,NA
"3611765343",2023,"Wayne","Savannah town","B19013C_001","Native American (Non-Hispanic)",NA,NA
"3611765343",2023,"Wayne","Savannah town","B19013D_001","Asian (Non-Hispanic)",NA,NA
"3611765343",2023,"Wayne","Savannah town","B19013E_001","Pacific Islander (Non-Hispanic)",NA,NA
"3611765343",2023,"Wayne","Savannah town","B19013F_001","Other (Non-Hispanic)",NA,NA
"3611765343",2023,"Wayne","Savannah town","B19013G_001","Two or More Races (Non-Hispanic)",49688,36499
"3611765343",2023,"Wayne","Savannah town","B19013H_001","White (Non-Hispanic)",63529,6766
"3611765343",2023,"Wayne","Savannah town","B19013I_001","Hispanic or Latino (Any Race)",NA,NA
"3611768220",2023,"Wayne","Sodus town","B19013B_001","Black (Non-Hispanic)",55509,18413
"3611768220",2023,"Wayne","Sodus town","B19013C_001","Native American (Non-Hispanic)",NA,NA
"3611768220",2023,"Wayne","Sodus town","B19013D_001","Asian (Non-Hispanic)",NA,NA
"3611768220",2023,"Wayne","Sodus town","B19013E_001","Pacific Islander (Non-Hispanic)",NA,NA
"3611768220",2023,"Wayne","Sodus town","B19013F_001","Other (Non-Hispanic)",NA,NA
"3611768220",2023,"Wayne","Sodus town","B19013G_001","Two or More Races (Non-Hispanic)",40673,25403
"3611768220",2023,"Wayne","Sodus town","B19013H_001","White (Non-Hispanic)",67724,10594
"3611768220",2023,"Wayne","Sodus town","B19013I_001","Hispanic or Latino (Any Race)",63365,18847
"3611778102",2023,"Wayne","Walworth town","B19013B_001","Black (Non-Hispanic)",NA,NA
"3611778102",2023,"Wayne","Walworth town","B19013C_001","Native American (Non-Hispanic)",NA,NA
"3611778102",2023,"Wayne","Walworth town","B19013D_001","Asian (Non-Hispanic)",148750,117568
"3611778102",2023,"Wayne","Walworth town","B19013E_001","Pacific Islander (Non-Hispanic)",NA,NA
"3611778102",2023,"Wayne","Walworth town","B19013F_001","Other (Non-Hispanic)",NA,NA
"3611778102",2023,"Wayne","Walworth town","B19013G_001","Two or More Races (Non-Hispanic)",61554,814
"3611778102",2023,"Wayne","Walworth town","B19013H_001","White (Non-Hispanic)",90952,9997
"3611778102",2023,"Wayne","Walworth town","B19013I_001","Hispanic or Latino (Any Race)",NA,NA
"3611782040",2023,"Wayne","Williamson town","B19013B_001","Black (Non-Hispanic)",NA,NA
"3611782040",2023,"Wayne","Williamson town","B19013C_001","Native American (Non-Hispanic)",NA,NA
"3611782040",2023,"Wayne","Williamson town","B19013D_001","Asian (Non-Hispanic)",NA,NA
"3611782040",2023,"Wayne","Williamson town","B19013E_001","Pacific Islander (Non-Hispanic)",NA,NA
"3611782040",2023,"Wayne","Williamson town","B19013F_001","Other (Non-Hispanic)",NA,NA
"3611782040",2023,"Wayne","Williamson town","B19013G_001","Two or More Races (Non-Hispanic)",73529,14636
"3611782040",2023,"Wayne","Williamson town","B19013H_001","White (Non-Hispanic)",92409,11262
"3611782040",2023,"Wayne","Williamson town","B19013I_001","Hispanic or Latino (Any Race)",73942,1073
"3611782689",2023,"Wayne","Wolcott town","B19013B_001","Black (Non-Hispanic)",NA,NA
"3611782689",2023,"Wayne","Wolcott town","B19013C_001","Native American (Non-Hispanic)",NA,NA
"3611782689",2023,"Wayne","Wolcott town","B19013D_001","Asian (Non-Hispanic)",NA,NA
"3611782689",2023,"Wayne","Wolcott town","B19013E_001","Pacific Islander (Non-Hispanic)",NA,NA
"3611782689",2023,"Wayne","Wolcott town","B19013F_001","Other (Non-Hispanic)",NA,NA
"3611782689",2023,"Wayne","Wolcott town","B19013G_001","Two or More Races (Non-Hispanic)",NA,NA
"3611782689",2023,"Wayne","Wolcott town","B19013H_001","White (Non-Hispanic)",63796,11336
"3611782689",2023,"Wayne","Wolcott town","B19013I_001","Hispanic or Latino (Any Race)",43214,17071
"3612304594",2023,"Yates","Barrington town","B19013B_001","Black (Non-Hispanic)",NA,NA
"3612304594",2023,"Yates","Barrington town","B19013C_001","Native American (Non-Hispanic)",NA,NA
"3612304594",2023,"Yates","Barrington town","B19013D_001","Asian (Non-Hispanic)",NA,NA
"3612304594",2023,"Yates","Barrington town","B19013E_001","Pacific Islander (Non-Hispanic)",NA,NA
"3612304594",2023,"Yates","Barrington town","B19013F_001","Other (Non-Hispanic)",NA,NA
"3612304594",2023,"Yates","Barrington town","B19013G_001","Two or More Races (Non-Hispanic)",36607,23228
"3612304594",2023,"Yates","Barrington town","B19013H_001","White (Non-Hispanic)",94643,16516
"3612304594",2023,"Yates","Barrington town","B19013I_001","Hispanic or Latino (Any Race)",NA,NA
"3612306002",2023,"Yates","Benton town","B19013B_001","Black (Non-Hispanic)",NA,NA
"3612306002",2023,"Yates","Benton town","B19013C_001","Native American (Non-Hispanic)",NA,NA
"3612306002",2023,"Yates","Benton town","B19013D_001","Asian (Non-Hispanic)",NA,NA
"3612306002",2023,"Yates","Benton town","B19013E_001","Pacific Islander (Non-Hispanic)",NA,NA
"3612306002",2023,"Yates","Benton town","B19013F_001","Other (Non-Hispanic)",NA,NA
"3612306002",2023,"Yates","Benton town","B19013G_001","Two or More Races (Non-Hispanic)",NA,NA
"3612306002",2023,"Yates","Benton town","B19013H_001","White (Non-Hispanic)",71739,17030
"3612306002",2023,"Yates","Benton town","B19013I_001","Hispanic or Latino (Any Race)",NA,NA
"3612338044",2023,"Yates","Italy town","B19013B_001","Black (Non-Hispanic)",NA,NA
"3612338044",2023,"Yates","Italy town","B19013C_001","Native American (Non-Hispanic)",NA,NA
"3612338044",2023,"Yates","Italy town","B19013D_001","Asian (Non-Hispanic)",NA,NA
"3612338044",2023,"Yates","Italy town","B19013E_001","Pacific Islander (Non-Hispanic)",NA,NA
"3612338044",2023,"Yates","Italy town","B19013F_001","Other (Non-Hispanic)",NA,NA
"3612338044",2023,"Yates","Italy town","B19013G_001","Two or More Races (Non-Hispanic)",78750,61675
"3612338044",2023,"Yates","Italy town","B19013H_001","White (Non-Hispanic)",56875,12284
"3612338044",2023,"Yates","Italy town","B19013I_001","Hispanic or Latino (Any Race)",NA,NA
"3612338583",2023,"Yates","Jerusalem town","B19013B_001","Black (Non-Hispanic)",NA,NA
"3612338583",2023,"Yates","Jerusalem town","B19013C_001","Native American (Non-Hispanic)",NA,NA
"3612338583",2023,"Yates","Jerusalem town","B19013D_001","Asian (Non-Hispanic)",NA,NA
"3612338583",2023,"Yates","Jerusalem town","B19013E_001","Pacific Islander (Non-Hispanic)",NA,NA
"3612338583",2023,"Yates","Jerusalem town","B19013F_001","Other (Non-Hispanic)",NA,NA
"3612338583",2023,"Yates","Jerusalem town","B19013G_001","Two or More Races (Non-Hispanic)",250001,NA
"3612338583",2023,"Yates","Jerusalem town","B19013H_001","White (Non-Hispanic)",84306,5559
"3612338583",2023,"Yates","Jerusalem town","B19013I_001","Hispanic or Latino (Any Race)",NA,NA
"3612347020",2023,"Yates","Middlesex town","B19013B_001","Black (Non-Hispanic)",NA,NA
"3612347020",2023,"Yates","Middlesex town","B19013C_001","Native American (Non-Hispanic)",NA,NA
"3612347020",2023,"Yates","Middlesex town","B19013D_001","Asian (Non-Hispanic)",NA,NA
"3612347020",2023,"Yates","Middlesex town","B19013E_001","Pacific Islander (Non-Hispanic)",NA,NA
"3612347020",2023,"Yates","Middlesex town","B19013F_001","Other (Non-Hispanic)",NA,NA
"3612347020",2023,"Yates","Middlesex town","B19013G_001","Two or More Races (Non-Hispanic)",68333,31362
"3612347020",2023,"Yates","Middlesex town","B19013H_001","White (Non-Hispanic)",69583,17770
"3612347020",2023,"Yates","Middlesex town","B19013I_001","Hispanic or Latino (Any Race)",NA,NA
"3612347504",2023,"Yates","Milo town","B19013B_001","Black (Non-Hispanic)",NA,NA
"3612347504",2023,"Yates","Milo town","B19013C_001","Native American (Non-Hispanic)",NA,NA
"3612347504",2023,"Yates","Milo town","B19013D_001","Asian (Non-Hispanic)",NA,NA
"3612347504",2023,"Yates","Milo town","B19013E_001","Pacific Islander (Non-Hispanic)",NA,NA
"3612347504",2023,"Yates","Milo town","B19013F_001","Other (Non-Hispanic)",NA,NA
"3612347504",2023,"Yates","Milo town","B19013G_001","Two or More Races (Non-Hispanic)",NA,NA
"3612347504",2023,"Yates","Milo town","B19013H_001","White (Non-Hispanic)",60396,10482
"3612347504",2023,"Yates","Milo town","B19013I_001","Hispanic or Latino (Any Race)",NA,NA
"3612359597",2023,"Yates","Potter town","B19013B_001","Black (Non-Hispanic)",NA,NA
"3612359597",2023,"Yates","Potter town","B19013C_001","Native American (Non-Hispanic)",NA,NA
"3612359597",2023,"Yates","Potter town","B19013D_001","Asian (Non-Hispanic)",NA,NA
"3612359597",2023,"Yates","Potter town","B19013E_001","Pacific Islander (Non-Hispanic)",NA,NA
"3612359597",2023,"Yates","Potter town","B19013F_001","Other (Non-Hispanic)",NA,NA
"3612359597",2023,"Yates","Potter town","B19013G_001","Two or More Races (Non-Hispanic)",102857,80289
"3612359597",2023,"Yates","Potter town","B19013H_001","White (Non-Hispanic)",74861,24678
"3612359597",2023,"Yates","Potter town","B19013I_001","Hispanic or Latino (Any Race)",94432,7424
"3612370816",2023,"Yates","Starkey town","B19013B_001","Black (Non-Hispanic)",NA,NA
"3612370816",2023,"Yates","Starkey town","B19013C_001","Native American (Non-Hispanic)",NA,NA
"3612370816",2023,"Yates","Starkey town","B19013D_001","Asian (Non-Hispanic)",NA,NA
"3612370816",2023,"Yates","Starkey town","B19013E_001","Pacific Islander (Non-Hispanic)",NA,NA
"3612370816",2023,"Yates","Starkey town","B19013F_001","Other (Non-Hispanic)",NA,NA
"3612370816",2023,"Yates","Starkey town","B19013G_001","Two or More Races (Non-Hispanic)",17188,10709
"3612370816",2023,"Yates","Starkey town","B19013H_001","White (Non-Hispanic)",50380,11043
"3612370816",2023,"Yates","Starkey town","B19013I_001","Hispanic or Latino (Any Race)",56771,55883
"3612375055",2023,"Yates","Torrey town","B19013B_001","Black (Non-Hispanic)",NA,NA
"3612375055",2023,"Yates","Torrey town","B19013C_001","Native American (Non-Hispanic)",NA,NA
"3612375055",2023,"Yates","Torrey town","B19013D_001","Asian (Non-Hispanic)",NA,NA
"3612375055",2023,"Yates","Torrey town","B19013E_001","Pacific Islander (Non-Hispanic)",NA,NA
"3612375055",2023,"Yates","Torrey town","B19013F_001","Other (Non-Hispanic)",NA,NA
"3612375055",2023,"Yates","Torrey town","B19013G_001","Two or More Races (Non-Hispanic)",NA,NA
"3612375055",2023,"Yates","Torrey town","B19013H_001","White (Non-Hispanic)",75781,16994
"3612375055",2023,"Yates","Torrey town","B19013I_001","Hispanic or Latino (Any Race)",NA,NA
"3603700474",2024,"Genesee","Alabama town","B19013B_001","Black (Non-Hispanic)",NA,NA
"3603700474",2024,"Genesee","Alabama town","B19013C_001","Native American (Non-Hispanic)",NA,NA
"3603700474",2024,"Genesee","Alabama town","B19013D_001","Asian (Non-Hispanic)",NA,NA
"3603700474",2024,"Genesee","Alabama town","B19013E_001","Pacific Islander (Non-Hispanic)",NA,NA
"3603700474",2024,"Genesee","Alabama town","B19013F_001","Other (Non-Hispanic)",NA,NA
"3603700474",2024,"Genesee","Alabama town","B19013G_001","Two or More Races (Non-Hispanic)",87500,84765
"3603700474",2024,"Genesee","Alabama town","B19013H_001","White (Non-Hispanic)",83646,10486
"3603700474",2024,"Genesee","Alabama town","B19013I_001","Hispanic or Latino (Any Race)",NA,NA
"3603701165",2024,"Genesee","Alexander town","B19013B_001","Black (Non-Hispanic)",NA,NA
"3603701165",2024,"Genesee","Alexander town","B19013C_001","Native American (Non-Hispanic)",NA,NA
"3603701165",2024,"Genesee","Alexander town","B19013D_001","Asian (Non-Hispanic)",NA,NA
"3603701165",2024,"Genesee","Alexander town","B19013E_001","Pacific Islander (Non-Hispanic)",NA,NA
"3603701165",2024,"Genesee","Alexander town","B19013F_001","Other (Non-Hispanic)",NA,NA
"3603701165",2024,"Genesee","Alexander town","B19013G_001","Two or More Races (Non-Hispanic)",49000,12155
"3603701165",2024,"Genesee","Alexander town","B19013H_001","White (Non-Hispanic)",76313,14968
"3603701165",2024,"Genesee","Alexander town","B19013I_001","Hispanic or Latino (Any Race)",NA,NA
"3603704715",2024,"Genesee","Batavia city","B19013B_001","Black (Non-Hispanic)",NA,NA
"3603704715",2024,"Genesee","Batavia city","B19013C_001","Native American (Non-Hispanic)",NA,NA
"3603704715",2024,"Genesee","Batavia city","B19013D_001","Asian (Non-Hispanic)",NA,NA
"3603704715",2024,"Genesee","Batavia city","B19013E_001","Pacific Islander (Non-Hispanic)",NA,NA
"3603704715",2024,"Genesee","Batavia city","B19013F_001","Other (Non-Hispanic)",NA,NA
"3603704715",2024,"Genesee","Batavia city","B19013G_001","Two or More Races (Non-Hispanic)",63333,21984
"3603704715",2024,"Genesee","Batavia city","B19013H_001","White (Non-Hispanic)",59882,8832
"3603704715",2024,"Genesee","Batavia city","B19013I_001","Hispanic or Latino (Any Race)",78646,63617
"3603704726",2024,"Genesee","Batavia town","B19013B_001","Black (Non-Hispanic)",NA,NA
"3603704726",2024,"Genesee","Batavia town","B19013C_001","Native American (Non-Hispanic)",NA,NA
"3603704726",2024,"Genesee","Batavia town","B19013D_001","Asian (Non-Hispanic)",NA,NA
"3603704726",2024,"Genesee","Batavia town","B19013E_001","Pacific Islander (Non-Hispanic)",NA,NA
"3603704726",2024,"Genesee","Batavia town","B19013F_001","Other (Non-Hispanic)",NA,NA
"3603704726",2024,"Genesee","Batavia town","B19013G_001","Two or More Races (Non-Hispanic)",38075,18213
"3603704726",2024,"Genesee","Batavia town","B19013H_001","White (Non-Hispanic)",69036,16620
"3603704726",2024,"Genesee","Batavia town","B19013I_001","Hispanic or Latino (Any Race)",38700,23974
"3603706057",2024,"Genesee","Bergen town","B19013B_001","Black (Non-Hispanic)",NA,NA
"3603706057",2024,"Genesee","Bergen town","B19013C_001","Native American (Non-Hispanic)",NA,NA
"3603706057",2024,"Genesee","Bergen town","B19013D_001","Asian (Non-Hispanic)",NA,NA
"3603706057",2024,"Genesee","Bergen town","B19013E_001","Pacific Islander (Non-Hispanic)",NA,NA
"3603706057",2024,"Genesee","Bergen town","B19013F_001","Other (Non-Hispanic)",NA,NA
"3603706057",2024,"Genesee","Bergen town","B19013G_001","Two or More Races (Non-Hispanic)",73681,49255
"3603706057",2024,"Genesee","Bergen town","B19013H_001","White (Non-Hispanic)",76685,10782
"3603706057",2024,"Genesee","Bergen town","B19013I_001","Hispanic or Latino (Any Race)",NA,NA
"3603706266",2024,"Genesee","Bethany town","B19013B_001","Black (Non-Hispanic)",NA,NA
"3603706266",2024,"Genesee","Bethany town","B19013C_001","Native American (Non-Hispanic)",NA,NA
"3603706266",2024,"Genesee","Bethany town","B19013D_001","Asian (Non-Hispanic)",NA,NA
"3603706266",2024,"Genesee","Bethany town","B19013E_001","Pacific Islander (Non-Hispanic)",NA,NA
"3603706266",2024,"Genesee","Bethany town","B19013F_001","Other (Non-Hispanic)",NA,NA
"3603706266",2024,"Genesee","Bethany town","B19013G_001","Two or More Races (Non-Hispanic)",NA,NA
"3603706266",2024,"Genesee","Bethany town","B19013H_001","White (Non-Hispanic)",75156,15209
"3603706266",2024,"Genesee","Bethany town","B19013I_001","Hispanic or Latino (Any Race)",NA,NA
"3603711572",2024,"Genesee","Byron town","B19013B_001","Black (Non-Hispanic)",NA,NA
"3603711572",2024,"Genesee","Byron town","B19013C_001","Native American (Non-Hispanic)",NA,NA
"3603711572",2024,"Genesee","Byron town","B19013D_001","Asian (Non-Hispanic)",NA,NA
"3603711572",2024,"Genesee","Byron town","B19013E_001","Pacific Islander (Non-Hispanic)",NA,NA
"3603711572",2024,"Genesee","Byron town","B19013F_001","Other (Non-Hispanic)",NA,NA
"3603711572",2024,"Genesee","Byron town","B19013G_001","Two or More Races (Non-Hispanic)",99000,23051
"3603711572",2024,"Genesee","Byron town","B19013H_001","White (Non-Hispanic)",97426,33721
"3603711572",2024,"Genesee","Byron town","B19013I_001","Hispanic or Latino (Any Race)",NA,NA
"3603719719",2024,"Genesee","Darien town","B19013B_001","Black (Non-Hispanic)",NA,NA
"3603719719",2024,"Genesee","Darien town","B19013C_001","Native American (Non-Hispanic)",NA,NA
"3603719719",2024,"Genesee","Darien town","B19013D_001","Asian (Non-Hispanic)",NA,NA
"3603719719",2024,"Genesee","Darien town","B19013E_001","Pacific Islander (Non-Hispanic)",NA,NA
"3603719719",2024,"Genesee","Darien town","B19013F_001","Other (Non-Hispanic)",NA,NA
"3603719719",2024,"Genesee","Darien town","B19013G_001","Two or More Races (Non-Hispanic)",NA,NA
"3603719719",2024,"Genesee","Darien town","B19013H_001","White (Non-Hispanic)",89308,20898
"3603719719",2024,"Genesee","Darien town","B19013I_001","Hispanic or Latino (Any Race)",NA,NA
"3603723756",2024,"Genesee","Elba town","B19013B_001","Black (Non-Hispanic)",NA,NA
"3603723756",2024,"Genesee","Elba town","B19013C_001","Native American (Non-Hispanic)",NA,NA
"3603723756",2024,"Genesee","Elba town","B19013D_001","Asian (Non-Hispanic)",NA,NA
"3603723756",2024,"Genesee","Elba town","B19013E_001","Pacific Islander (Non-Hispanic)",NA,NA
"3603723756",2024,"Genesee","Elba town","B19013F_001","Other (Non-Hispanic)",74306,37905
"3603723756",2024,"Genesee","Elba town","B19013G_001","Two or More Races (Non-Hispanic)",113958,8940
"3603723756",2024,"Genesee","Elba town","B19013H_001","White (Non-Hispanic)",90156,18746
"3603723756",2024,"Genesee","Elba town","B19013I_001","Hispanic or Latino (Any Race)",82083,76764
"3603742037",2024,"Genesee","Le Roy town","B19013B_001","Black (Non-Hispanic)",NA,NA
"3603742037",2024,"Genesee","Le Roy town","B19013C_001","Native American (Non-Hispanic)",NA,NA
"3603742037",2024,"Genesee","Le Roy town","B19013D_001","Asian (Non-Hispanic)",NA,NA
"3603742037",2024,"Genesee","Le Roy town","B19013E_001","Pacific Islander (Non-Hispanic)",NA,NA
"3603742037",2024,"Genesee","Le Roy town","B19013F_001","Other (Non-Hispanic)",NA,NA
"3603742037",2024,"Genesee","Le Roy town","B19013G_001","Two or More Races (Non-Hispanic)",35764,19605
"3603742037",2024,"Genesee","Le Roy town","B19013H_001","White (Non-Hispanic)",72516,14250
"3603742037",2024,"Genesee","Le Roy town","B19013I_001","Hispanic or Latino (Any Race)",NA,NA
"3603754166",2024,"Genesee","Oakfield town","B19013B_001","Black (Non-Hispanic)",NA,NA
"3603754166",2024,"Genesee","Oakfield town","B19013C_001","Native American (Non-Hispanic)",NA,NA
"3603754166",2024,"Genesee","Oakfield town","B19013D_001","Asian (Non-Hispanic)",NA,NA
"3603754166",2024,"Genesee","Oakfield town","B19013E_001","Pacific Islander (Non-Hispanic)",NA,NA
"3603754166",2024,"Genesee","Oakfield town","B19013F_001","Other (Non-Hispanic)",NA,NA
"3603754166",2024,"Genesee","Oakfield town","B19013G_001","Two or More Races (Non-Hispanic)",105167,28907
"3603754166",2024,"Genesee","Oakfield town","B19013H_001","White (Non-Hispanic)",65625,12650
"3603754166",2024,"Genesee","Oakfield town","B19013I_001","Hispanic or Latino (Any Race)",88750,22159
"3603756792",2024,"Genesee","Pavilion town","B19013B_001","Black (Non-Hispanic)",NA,NA
"3603756792",2024,"Genesee","Pavilion town","B19013C_001","Native American (Non-Hispanic)",NA,NA
"3603756792",2024,"Genesee","Pavilion town","B19013D_001","Asian (Non-Hispanic)",NA,NA
"3603756792",2024,"Genesee","Pavilion town","B19013E_001","Pacific Islander (Non-Hispanic)",NA,NA
"3603756792",2024,"Genesee","Pavilion town","B19013F_001","Other (Non-Hispanic)",NA,NA
"3603756792",2024,"Genesee","Pavilion town","B19013G_001","Two or More Races (Non-Hispanic)",55847,5961
"3603756792",2024,"Genesee","Pavilion town","B19013H_001","White (Non-Hispanic)",87442,9530
"3603756792",2024,"Genesee","Pavilion town","B19013I_001","Hispanic or Latino (Any Race)",NA,NA
"3603757078",2024,"Genesee","Pembroke town","B19013B_001","Black (Non-Hispanic)",NA,NA
"3603757078",2024,"Genesee","Pembroke town","B19013C_001","Native American (Non-Hispanic)",NA,NA
"3603757078",2024,"Genesee","Pembroke town","B19013D_001","Asian (Non-Hispanic)",NA,NA
"3603757078",2024,"Genesee","Pembroke town","B19013E_001","Pacific Islander (Non-Hispanic)",NA,NA
"3603757078",2024,"Genesee","Pembroke town","B19013F_001","Other (Non-Hispanic)",NA,NA
"3603757078",2024,"Genesee","Pembroke town","B19013G_001","Two or More Races (Non-Hispanic)",120833,59599
"3603757078",2024,"Genesee","Pembroke town","B19013H_001","White (Non-Hispanic)",90375,14010
"3603757078",2024,"Genesee","Pembroke town","B19013I_001","Hispanic or Latino (Any Race)",152917,80180
"3603770607",2024,"Genesee","Stafford town","B19013B_001","Black (Non-Hispanic)",NA,NA
"3603770607",2024,"Genesee","Stafford town","B19013C_001","Native American (Non-Hispanic)",NA,NA
"3603770607",2024,"Genesee","Stafford town","B19013D_001","Asian (Non-Hispanic)",NA,NA
"3603770607",2024,"Genesee","Stafford town","B19013E_001","Pacific Islander (Non-Hispanic)",NA,NA
"3603770607",2024,"Genesee","Stafford town","B19013F_001","Other (Non-Hispanic)",NA,NA
"3603770607",2024,"Genesee","Stafford town","B19013G_001","Two or More Races (Non-Hispanic)",53750,24685
"3603770607",2024,"Genesee","Stafford town","B19013H_001","White (Non-Hispanic)",89783,19530
"3603770607",2024,"Genesee","Stafford town","B19013I_001","Hispanic or Latino (Any Race)",NA,NA
"3603775011",2024,"Genesee","Tonawanda Reservation","B19013B_001","Black (Non-Hispanic)",NA,NA
"3603775011",2024,"Genesee","Tonawanda Reservation","B19013C_001","Native American (Non-Hispanic)",56458,45631
"3603775011",2024,"Genesee","Tonawanda Reservation","B19013D_001","Asian (Non-Hispanic)",NA,NA
"3603775011",2024,"Genesee","Tonawanda Reservation","B19013E_001","Pacific Islander (Non-Hispanic)",NA,NA
"3603775011",2024,"Genesee","Tonawanda Reservation","B19013F_001","Other (Non-Hispanic)",NA,NA
"3603775011",2024,"Genesee","Tonawanda Reservation","B19013G_001","Two or More Races (Non-Hispanic)",NA,NA
"3603775011",2024,"Genesee","Tonawanda Reservation","B19013H_001","White (Non-Hispanic)",NA,NA
"3603775011",2024,"Genesee","Tonawanda Reservation","B19013I_001","Hispanic or Latino (Any Race)",NA,NA
"3605103364",2024,"Livingston","Avon town","B19013B_001","Black (Non-Hispanic)",NA,NA
"3605103364",2024,"Livingston","Avon town","B19013C_001","Native American (Non-Hispanic)",NA,NA
"3605103364",2024,"Livingston","Avon town","B19013D_001","Asian (Non-Hispanic)",NA,NA
"3605103364",2024,"Livingston","Avon town","B19013E_001","Pacific Islander (Non-Hispanic)",NA,NA
"3605103364",2024,"Livingston","Avon town","B19013F_001","Other (Non-Hispanic)",NA,NA
"3605103364",2024,"Livingston","Avon town","B19013G_001","Two or More Races (Non-Hispanic)",60625,49329
"3605103364",2024,"Livingston","Avon town","B19013H_001","White (Non-Hispanic)",77083,10340
"3605103364",2024,"Livingston","Avon town","B19013I_001","Hispanic or Latino (Any Race)",47446,25585
"3605111715",2024,"Livingston","Caledonia town","B19013B_001","Black (Non-Hispanic)",96563,58512
"3605111715",2024,"Livingston","Caledonia town","B19013C_001","Native American (Non-Hispanic)",NA,NA
"3605111715",2024,"Livingston","Caledonia town","B19013D_001","Asian (Non-Hispanic)",NA,NA
"3605111715",2024,"Livingston","Caledonia town","B19013E_001","Pacific Islander (Non-Hispanic)",NA,NA
"3605111715",2024,"Livingston","Caledonia town","B19013F_001","Other (Non-Hispanic)",NA,NA
"3605111715",2024,"Livingston","Caledonia town","B19013G_001","Two or More Races (Non-Hispanic)",NA,NA
"3605111715",2024,"Livingston","Caledonia town","B19013H_001","White (Non-Hispanic)",77568,11170
"3605111715",2024,"Livingston","Caledonia town","B19013I_001","Hispanic or Latino (Any Race)",243198,114731
"3605117618",2024,"Livingston","Conesus town","B19013B_001","Black (Non-Hispanic)",NA,NA
"3605117618",2024,"Livingston","Conesus town","B19013C_001","Native American (Non-Hispanic)",NA,NA
"3605117618",2024,"Livingston","Conesus town","B19013D_001","Asian (Non-Hispanic)",NA,NA
"3605117618",2024,"Livingston","Conesus town","B19013E_001","Pacific Islander (Non-Hispanic)",NA,NA
"3605117618",2024,"Livingston","Conesus town","B19013F_001","Other (Non-Hispanic)",NA,NA
"3605117618",2024,"Livingston","Conesus town","B19013G_001","Two or More Races (Non-Hispanic)",NA,NA
"3605117618",2024,"Livingston","Conesus town","B19013H_001","White (Non-Hispanic)",85893,18187
"3605117618",2024,"Livingston","Conesus town","B19013I_001","Hispanic or Latino (Any Race)",NA,NA
"3605128629",2024,"Livingston","Geneseo town","B19013B_001","Black (Non-Hispanic)",51500,28360
"3605128629",2024,"Livingston","Geneseo town","B19013C_001","Native American (Non-Hispanic)",NA,NA
"3605128629",2024,"Livingston","Geneseo town","B19013D_001","Asian (Non-Hispanic)",95789,57413
"3605128629",2024,"Livingston","Geneseo town","B19013E_001","Pacific Islander (Non-Hispanic)",NA,NA
"3605128629",2024,"Livingston","Geneseo town","B19013F_001","Other (Non-Hispanic)",NA,NA
"3605128629",2024,"Livingston","Geneseo town","B19013G_001","Two or More Races (Non-Hispanic)",137907,113978
"3605128629",2024,"Livingston","Geneseo town","B19013H_001","White (Non-Hispanic)",61817,11543
"3605128629",2024,"Livingston","Geneseo town","B19013I_001","Hispanic or Latino (Any Race)",138081,85786
"3605131016",2024,"Livingston","Groveland town","B19013B_001","Black (Non-Hispanic)",NA,NA
"3605131016",2024,"Livingston","Groveland town","B19013C_001","Native American (Non-Hispanic)",NA,NA
"3605131016",2024,"Livingston","Groveland town","B19013D_001","Asian (Non-Hispanic)",NA,NA
"3605131016",2024,"Livingston","Groveland town","B19013E_001","Pacific Islander (Non-Hispanic)",NA,NA
"3605131016",2024,"Livingston","Groveland town","B19013F_001","Other (Non-Hispanic)",NA,NA
"3605131016",2024,"Livingston","Groveland town","B19013G_001","Two or More Races (Non-Hispanic)",79830,17668
"3605131016",2024,"Livingston","Groveland town","B19013H_001","White (Non-Hispanic)",82426,7979
"3605131016",2024,"Livingston","Groveland town","B19013I_001","Hispanic or Latino (Any Race)",NA,NA
"3605141883",2024,"Livingston","Leicester town","B19013B_001","Black (Non-Hispanic)",NA,NA
"3605141883",2024,"Livingston","Leicester town","B19013C_001","Native American (Non-Hispanic)",NA,NA
"3605141883",2024,"Livingston","Leicester town","B19013D_001","Asian (Non-Hispanic)",NA,NA
"3605141883",2024,"Livingston","Leicester town","B19013E_001","Pacific Islander (Non-Hispanic)",NA,NA
"3605141883",2024,"Livingston","Leicester town","B19013F_001","Other (Non-Hispanic)",NA,NA
"3605141883",2024,"Livingston","Leicester town","B19013G_001","Two or More Races (Non-Hispanic)",63750,14327
"3605141883",2024,"Livingston","Leicester town","B19013H_001","White (Non-Hispanic)",80814,6592
"3605141883",2024,"Livingston","Leicester town","B19013I_001","Hispanic or Latino (Any Race)",NA,NA
"3605142334",2024,"Livingston","Lima town","B19013B_001","Black (Non-Hispanic)",NA,NA
"3605142334",2024,"Livingston","Lima town","B19013C_001","Native American (Non-Hispanic)",NA,NA
"3605142334",2024,"Livingston","Lima town","B19013D_001","Asian (Non-Hispanic)",NA,NA
"3605142334",2024,"Livingston","Lima town","B19013E_001","Pacific Islander (Non-Hispanic)",NA,NA
"3605142334",2024,"Livingston","Lima town","B19013F_001","Other (Non-Hispanic)",NA,NA
"3605142334",2024,"Livingston","Lima town","B19013G_001","Two or More Races (Non-Hispanic)",2499,NA
"3605142334",2024,"Livingston","Lima town","B19013H_001","White (Non-Hispanic)",88466,5992
"3605142334",2024,"Livingston","Lima town","B19013I_001","Hispanic or Latino (Any Race)",104375,31300
"3605142961",2024,"Livingston","Livonia town","B19013B_001","Black (Non-Hispanic)",NA,NA
"3605142961",2024,"Livingston","Livonia town","B19013C_001","Native American (Non-Hispanic)",NA,NA
"3605142961",2024,"Livingston","Livonia town","B19013D_001","Asian (Non-Hispanic)",NA,NA
"3605142961",2024,"Livingston","Livonia town","B19013E_001","Pacific Islander (Non-Hispanic)",NA,NA
"3605142961",2024,"Livingston","Livonia town","B19013F_001","Other (Non-Hispanic)",250001,NA
"3605142961",2024,"Livingston","Livonia town","B19013G_001","Two or More Races (Non-Hispanic)",107601,65586
"3605142961",2024,"Livingston","Livonia town","B19013H_001","White (Non-Hispanic)",87739,15510
"3605142961",2024,"Livingston","Livonia town","B19013I_001","Hispanic or Latino (Any Race)",94583,48131
"3605148956",2024,"Livingston","Mount Morris town","B19013B_001","Black (Non-Hispanic)",NA,NA
"3605148956",2024,"Livingston","Mount Morris town","B19013C_001","Native American (Non-Hispanic)",NA,NA
"3605148956",2024,"Livingston","Mount Morris town","B19013D_001","Asian (Non-Hispanic)",NA,NA
"3605148956",2024,"Livingston","Mount Morris town","B19013E_001","Pacific Islander (Non-Hispanic)",NA,NA
"3605148956",2024,"Livingston","Mount Morris town","B19013F_001","Other (Non-Hispanic)",NA,NA
"3605148956",2024,"Livingston","Mount Morris town","B19013G_001","Two or More Races (Non-Hispanic)",35197,23278
"3605148956",2024,"Livingston","Mount Morris town","B19013H_001","White (Non-Hispanic)",60093,9858
"3605148956",2024,"Livingston","Mount Morris town","B19013I_001","Hispanic or Latino (Any Race)",25521,1986
"3605151869",2024,"Livingston","North Dansville town","B19013B_001","Black (Non-Hispanic)",NA,NA
"3605151869",2024,"Livingston","North Dansville town","B19013C_001","Native American (Non-Hispanic)",NA,NA
"3605151869",2024,"Livingston","North Dansville town","B19013D_001","Asian (Non-Hispanic)",NA,NA
"3605151869",2024,"Livingston","North Dansville town","B19013E_001","Pacific Islander (Non-Hispanic)",NA,NA
"3605151869",2024,"Livingston","North Dansville town","B19013F_001","Other (Non-Hispanic)",NA,NA
"3605151869",2024,"Livingston","North Dansville town","B19013G_001","Two or More Races (Non-Hispanic)",102935,90886
"3605151869",2024,"Livingston","North Dansville town","B19013H_001","White (Non-Hispanic)",57286,6099
"3605151869",2024,"Livingston","North Dansville town","B19013I_001","Hispanic or Latino (Any Race)",NA,NA
"3605154089",2024,"Livingston","Nunda town","B19013B_001","Black (Non-Hispanic)",NA,NA
"3605154089",2024,"Livingston","Nunda town","B19013C_001","Native American (Non-Hispanic)",NA,NA
"3605154089",2024,"Livingston","Nunda town","B19013D_001","Asian (Non-Hispanic)",NA,NA
"3605154089",2024,"Livingston","Nunda town","B19013E_001","Pacific Islander (Non-Hispanic)",NA,NA
"3605154089",2024,"Livingston","Nunda town","B19013F_001","Other (Non-Hispanic)",NA,NA
"3605154089",2024,"Livingston","Nunda town","B19013G_001","Two or More Races (Non-Hispanic)",57045,5942
"3605154089",2024,"Livingston","Nunda town","B19013H_001","White (Non-Hispanic)",72794,12701
"3605154089",2024,"Livingston","Nunda town","B19013I_001","Hispanic or Latino (Any Race)",31250,193
"3605155508",2024,"Livingston","Ossian town","B19013B_001","Black (Non-Hispanic)",NA,NA
"3605155508",2024,"Livingston","Ossian town","B19013C_001","Native American (Non-Hispanic)",NA,NA
"3605155508",2024,"Livingston","Ossian town","B19013D_001","Asian (Non-Hispanic)",NA,NA
"3605155508",2024,"Livingston","Ossian town","B19013E_001","Pacific Islander (Non-Hispanic)",NA,NA
"3605155508",2024,"Livingston","Ossian town","B19013F_001","Other (Non-Hispanic)",NA,NA
"3605155508",2024,"Livingston","Ossian town","B19013G_001","Two or More Races (Non-Hispanic)",NA,NA
"3605155508",2024,"Livingston","Ossian town","B19013H_001","White (Non-Hispanic)",72195,11367
"3605155508",2024,"Livingston","Ossian town","B19013I_001","Hispanic or Latino (Any Race)",NA,NA
"3605159179",2024,"Livingston","Portage town","B19013B_001","Black (Non-Hispanic)",NA,NA
"3605159179",2024,"Livingston","Portage town","B19013C_001","Native American (Non-Hispanic)",NA,NA
"3605159179",2024,"Livingston","Portage town","B19013D_001","Asian (Non-Hispanic)",NA,NA
"3605159179",2024,"Livingston","Portage town","B19013E_001","Pacific Islander (Non-Hispanic)",NA,NA
"3605159179",2024,"Livingston","Portage town","B19013F_001","Other (Non-Hispanic)",NA,NA
"3605159179",2024,"Livingston","Portage town","B19013G_001","Two or More Races (Non-Hispanic)",NA,NA
"3605159179",2024,"Livingston","Portage town","B19013H_001","White (Non-Hispanic)",72679,19476
"3605159179",2024,"Livingston","Portage town","B19013I_001","Hispanic or Latino (Any Race)",NA,NA
"3605170101",2024,"Livingston","Sparta town","B19013B_001","Black (Non-Hispanic)",NA,NA
"3605170101",2024,"Livingston","Sparta town","B19013C_001","Native American (Non-Hispanic)",NA,NA
"3605170101",2024,"Livingston","Sparta town","B19013D_001","Asian (Non-Hispanic)",NA,NA
"3605170101",2024,"Livingston","Sparta town","B19013E_001","Pacific Islander (Non-Hispanic)",NA,NA
"3605170101",2024,"Livingston","Sparta town","B19013F_001","Other (Non-Hispanic)",NA,NA
"3605170101",2024,"Livingston","Sparta town","B19013G_001","Two or More Races (Non-Hispanic)",NA,NA
"3605170101",2024,"Livingston","Sparta town","B19013H_001","White (Non-Hispanic)",87250,6281
"3605170101",2024,"Livingston","Sparta town","B19013I_001","Hispanic or Latino (Any Race)",167917,74593
"3605170475",2024,"Livingston","Springwater town","B19013B_001","Black (Non-Hispanic)",NA,NA
"3605170475",2024,"Livingston","Springwater town","B19013C_001","Native American (Non-Hispanic)",NA,NA
"3605170475",2024,"Livingston","Springwater town","B19013D_001","Asian (Non-Hispanic)",NA,NA
"3605170475",2024,"Livingston","Springwater town","B19013E_001","Pacific Islander (Non-Hispanic)",NA,NA
"3605170475",2024,"Livingston","Springwater town","B19013F_001","Other (Non-Hispanic)",NA,NA
"3605170475",2024,"Livingston","Springwater town","B19013G_001","Two or More Races (Non-Hispanic)",75848,59320
"3605170475",2024,"Livingston","Springwater town","B19013H_001","White (Non-Hispanic)",88309,16281
"3605170475",2024,"Livingston","Springwater town","B19013I_001","Hispanic or Latino (Any Race)",NA,NA
"3605181006",2024,"Livingston","West Sparta town","B19013B_001","Black (Non-Hispanic)",NA,NA
"3605181006",2024,"Livingston","West Sparta town","B19013C_001","Native American (Non-Hispanic)",NA,NA
"3605181006",2024,"Livingston","West Sparta town","B19013D_001","Asian (Non-Hispanic)",NA,NA
"3605181006",2024,"Livingston","West Sparta town","B19013E_001","Pacific Islander (Non-Hispanic)",NA,NA
"3605181006",2024,"Livingston","West Sparta town","B19013F_001","Other (Non-Hispanic)",NA,NA
"3605181006",2024,"Livingston","West Sparta town","B19013G_001","Two or More Races (Non-Hispanic)",85833,75526
"3605181006",2024,"Livingston","West Sparta town","B19013H_001","White (Non-Hispanic)",72778,13862
"3605181006",2024,"Livingston","West Sparta town","B19013I_001","Hispanic or Latino (Any Race)",NA,NA
"3605184022",2024,"Livingston","York town","B19013B_001","Black (Non-Hispanic)",NA,NA
"3605184022",2024,"Livingston","York town","B19013C_001","Native American (Non-Hispanic)",NA,NA
"3605184022",2024,"Livingston","York town","B19013D_001","Asian (Non-Hispanic)",NA,NA
"3605184022",2024,"Livingston","York town","B19013E_001","Pacific Islander (Non-Hispanic)",NA,NA
"3605184022",2024,"Livingston","York town","B19013F_001","Other (Non-Hispanic)",NA,NA
"3605184022",2024,"Livingston","York town","B19013G_001","Two or More Races (Non-Hispanic)",167909,146975
"3605184022",2024,"Livingston","York town","B19013H_001","White (Non-Hispanic)",74015,15114
"3605184022",2024,"Livingston","York town","B19013I_001","Hispanic or Latino (Any Race)",NA,NA
"3605500000",2024,"Monroe","County subdivisions not defined","B19013B_001","Black (Non-Hispanic)",NA,NA
"3605500000",2024,"Monroe","County subdivisions not defined","B19013C_001","Native American (Non-Hispanic)",NA,NA
"3605500000",2024,"Monroe","County subdivisions not defined","B19013D_001","Asian (Non-Hispanic)",NA,NA
"3605500000",2024,"Monroe","County subdivisions not defined","B19013E_001","Pacific Islander (Non-Hispanic)",NA,NA
"3605500000",2024,"Monroe","County subdivisions not defined","B19013F_001","Other (Non-Hispanic)",NA,NA
"3605500000",2024,"Monroe","County subdivisions not defined","B19013G_001","Two or More Races (Non-Hispanic)",NA,NA
"3605500000",2024,"Monroe","County subdivisions not defined","B19013H_001","White (Non-Hispanic)",NA,NA
"3605500000",2024,"Monroe","County subdivisions not defined","B19013I_001","Hispanic or Latino (Any Race)",NA,NA
"3605508246",2024,"Monroe","Brighton town","B19013B_001","Black (Non-Hispanic)",44348,12057
"3605508246",2024,"Monroe","Brighton town","B19013C_001","Native American (Non-Hispanic)",66250,49139
"3605508246",2024,"Monroe","Brighton town","B19013D_001","Asian (Non-Hispanic)",71563,34491
"3605508246",2024,"Monroe","Brighton town","B19013E_001","Pacific Islander (Non-Hispanic)",NA,NA
"3605508246",2024,"Monroe","Brighton town","B19013F_001","Other (Non-Hispanic)",69745,65584
"3605508246",2024,"Monroe","Brighton town","B19013G_001","Two or More Races (Non-Hispanic)",78263,10562
"3605508246",2024,"Monroe","Brighton town","B19013H_001","White (Non-Hispanic)",95929,8071
"3605508246",2024,"Monroe","Brighton town","B19013I_001","Hispanic or Latino (Any Race)",69898,20789
"3605515462",2024,"Monroe","Chili town","B19013B_001","Black (Non-Hispanic)",97529,46782
"3605515462",2024,"Monroe","Chili town","B19013C_001","Native American (Non-Hispanic)",NA,NA
"3605515462",2024,"Monroe","Chili town","B19013D_001","Asian (Non-Hispanic)",100714,73810
"3605515462",2024,"Monroe","Chili town","B19013E_001","Pacific Islander (Non-Hispanic)",NA,NA
"3605515462",2024,"Monroe","Chili town","B19013F_001","Other (Non-Hispanic)",79375,53557
"3605515462",2024,"Monroe","Chili town","B19013G_001","Two or More Races (Non-Hispanic)",66801,45772
"3605515462",2024,"Monroe","Chili town","B19013H_001","White (Non-Hispanic)",90859,8337
"3605515462",2024,"Monroe","Chili town","B19013I_001","Hispanic or Latino (Any Race)",88731,23995
"3605515957",2024,"Monroe","Clarkson town","B19013B_001","Black (Non-Hispanic)",NA,NA
"3605515957",2024,"Monroe","Clarkson town","B19013C_001","Native American (Non-Hispanic)",NA,NA
"3605515957",2024,"Monroe","Clarkson town","B19013D_001","Asian (Non-Hispanic)",NA,NA
"3605515957",2024,"Monroe","Clarkson town","B19013E_001","Pacific Islander (Non-Hispanic)",NA,NA
"3605515957",2024,"Monroe","Clarkson town","B19013F_001","Other (Non-Hispanic)",NA,NA
"3605515957",2024,"Monroe","Clarkson town","B19013G_001","Two or More Races (Non-Hispanic)",112768,111268
"3605515957",2024,"Monroe","Clarkson town","B19013H_001","White (Non-Hispanic)",87407,10189
"3605515957",2024,"Monroe","Clarkson town","B19013I_001","Hispanic or Latino (Any Race)",NA,NA
"3605522870",2024,"Monroe","East Rochester town","B19013B_001","Black (Non-Hispanic)",NA,NA
"3605522870",2024,"Monroe","East Rochester town","B19013C_001","Native American (Non-Hispanic)",NA,NA
"3605522870",2024,"Monroe","East Rochester town","B19013D_001","Asian (Non-Hispanic)",NA,NA
"3605522870",2024,"Monroe","East Rochester town","B19013E_001","Pacific Islander (Non-Hispanic)",NA,NA
"3605522870",2024,"Monroe","East Rochester town","B19013F_001","Other (Non-Hispanic)",NA,NA
"3605522870",2024,"Monroe","East Rochester town","B19013G_001","Two or More Races (Non-Hispanic)",NA,NA
"3605522870",2024,"Monroe","East Rochester town","B19013H_001","White (Non-Hispanic)",73063,11474
"3605522870",2024,"Monroe","East Rochester town","B19013I_001","Hispanic or Latino (Any Race)",98205,73686
"3605528442",2024,"Monroe","Gates town","B19013B_001","Black (Non-Hispanic)",74707,17461
"3605528442",2024,"Monroe","Gates town","B19013C_001","Native American (Non-Hispanic)",NA,NA
"3605528442",2024,"Monroe","Gates town","B19013D_001","Asian (Non-Hispanic)",78750,22323
"3605528442",2024,"Monroe","Gates town","B19013E_001","Pacific Islander (Non-Hispanic)",NA,NA
"3605528442",2024,"Monroe","Gates town","B19013F_001","Other (Non-Hispanic)",38865,9849
"3605528442",2024,"Monroe","Gates town","B19013G_001","Two or More Races (Non-Hispanic)",75179,24523
"3605528442",2024,"Monroe","Gates town","B19013H_001","White (Non-Hispanic)",79547,5113
"3605528442",2024,"Monroe","Gates town","B19013I_001","Hispanic or Latino (Any Race)",38141,7061
"3605530290",2024,"Monroe","Greece town","B19013B_001","Black (Non-Hispanic)",67463,7884
"3605530290",2024,"Monroe","Greece town","B19013C_001","Native American (Non-Hispanic)",82880,45567
"3605530290",2024,"Monroe","Greece town","B19013D_001","Asian (Non-Hispanic)",81902,32233
"3605530290",2024,"Monroe","Greece town","B19013E_001","Pacific Islander (Non-Hispanic)",NA,NA
"3605530290",2024,"Monroe","Greece town","B19013F_001","Other (Non-Hispanic)",84212,9588
"3605530290",2024,"Monroe","Greece town","B19013G_001","Two or More Races (Non-Hispanic)",60536,18338
"3605530290",2024,"Monroe","Greece town","B19013H_001","White (Non-Hispanic)",83780,3531
"3605530290",2024,"Monroe","Greece town","B19013I_001","Hispanic or Latino (Any Race)",66548,14820
"3605531797",2024,"Monroe","Hamlin town","B19013B_001","Black (Non-Hispanic)",NA,NA
"3605531797",2024,"Monroe","Hamlin town","B19013C_001","Native American (Non-Hispanic)",NA,NA
"3605531797",2024,"Monroe","Hamlin town","B19013D_001","Asian (Non-Hispanic)",NA,NA
"3605531797",2024,"Monroe","Hamlin town","B19013E_001","Pacific Islander (Non-Hispanic)",NA,NA
"3605531797",2024,"Monroe","Hamlin town","B19013F_001","Other (Non-Hispanic)",NA,NA
"3605531797",2024,"Monroe","Hamlin town","B19013G_001","Two or More Races (Non-Hispanic)",80035,71590
"3605531797",2024,"Monroe","Hamlin town","B19013H_001","White (Non-Hispanic)",85114,11141
"3605531797",2024,"Monroe","Hamlin town","B19013I_001","Hispanic or Latino (Any Race)",NA,NA
"3605534099",2024,"Monroe","Henrietta town","B19013B_001","Black (Non-Hispanic)",74007,20589
"3605534099",2024,"Monroe","Henrietta town","B19013C_001","Native American (Non-Hispanic)",NA,NA
"3605534099",2024,"Monroe","Henrietta town","B19013D_001","Asian (Non-Hispanic)",66667,14179
"3605534099",2024,"Monroe","Henrietta town","B19013E_001","Pacific Islander (Non-Hispanic)",NA,NA
"3605534099",2024,"Monroe","Henrietta town","B19013F_001","Other (Non-Hispanic)",128909,16799
"3605534099",2024,"Monroe","Henrietta town","B19013G_001","Two or More Races (Non-Hispanic)",127813,76220
"3605534099",2024,"Monroe","Henrietta town","B19013H_001","White (Non-Hispanic)",89474,5731
"3605534099",2024,"Monroe","Henrietta town","B19013I_001","Hispanic or Latino (Any Race)",128991,32883
"3605537726",2024,"Monroe","Irondequoit town","B19013B_001","Black (Non-Hispanic)",52105,9830
"3605537726",2024,"Monroe","Irondequoit town","B19013C_001","Native American (Non-Hispanic)",2499,NA
"3605537726",2024,"Monroe","Irondequoit town","B19013D_001","Asian (Non-Hispanic)",NA,NA
"3605537726",2024,"Monroe","Irondequoit town","B19013E_001","Pacific Islander (Non-Hispanic)",NA,NA
"3605537726",2024,"Monroe","Irondequoit town","B19013F_001","Other (Non-Hispanic)",35840,13954
"3605537726",2024,"Monroe","Irondequoit town","B19013G_001","Two or More Races (Non-Hispanic)",62964,8954
"3605537726",2024,"Monroe","Irondequoit town","B19013H_001","White (Non-Hispanic)",85856,5330
"3605537726",2024,"Monroe","Irondequoit town","B19013I_001","Hispanic or Latino (Any Race)",60391,21653
"3605546558",2024,"Monroe","Mendon town","B19013B_001","Black (Non-Hispanic)",NA,NA
"3605546558",2024,"Monroe","Mendon town","B19013C_001","Native American (Non-Hispanic)",NA,NA
"3605546558",2024,"Monroe","Mendon town","B19013D_001","Asian (Non-Hispanic)",NA,NA
"3605546558",2024,"Monroe","Mendon town","B19013E_001","Pacific Islander (Non-Hispanic)",NA,NA
"3605546558",2024,"Monroe","Mendon town","B19013F_001","Other (Non-Hispanic)",NA,NA
"3605546558",2024,"Monroe","Mendon town","B19013G_001","Two or More Races (Non-Hispanic)",NA,NA
"3605546558",2024,"Monroe","Mendon town","B19013H_001","White (Non-Hispanic)",132361,17100
"3605546558",2024,"Monroe","Mendon town","B19013I_001","Hispanic or Latino (Any Race)",91655,51979
"3605554474",2024,"Monroe","Ogden town","B19013B_001","Black (Non-Hispanic)",NA,NA
"3605554474",2024,"Monroe","Ogden town","B19013C_001","Native American (Non-Hispanic)",NA,NA
"3605554474",2024,"Monroe","Ogden town","B19013D_001","Asian (Non-Hispanic)",93171,29945
"3605554474",2024,"Monroe","Ogden town","B19013E_001","Pacific Islander (Non-Hispanic)",NA,NA
"3605554474",2024,"Monroe","Ogden town","B19013F_001","Other (Non-Hispanic)",NA,NA
"3605554474",2024,"Monroe","Ogden town","B19013G_001","Two or More Races (Non-Hispanic)",180968,24530
"3605554474",2024,"Monroe","Ogden town","B19013H_001","White (Non-Hispanic)",91082,7764
"3605554474",2024,"Monroe","Ogden town","B19013I_001","Hispanic or Latino (Any Race)",103606,24341
"3605556561",2024,"Monroe","Parma town","B19013B_001","Black (Non-Hispanic)",NA,NA
"3605556561",2024,"Monroe","Parma town","B19013C_001","Native American (Non-Hispanic)",NA,NA
"3605556561",2024,"Monroe","Parma town","B19013D_001","Asian (Non-Hispanic)",NA,NA
"3605556561",2024,"Monroe","Parma town","B19013E_001","Pacific Islander (Non-Hispanic)",NA,NA
"3605556561",2024,"Monroe","Parma town","B19013F_001","Other (Non-Hispanic)",NA,NA
"3605556561",2024,"Monroe","Parma town","B19013G_001","Two or More Races (Non-Hispanic)",107708,86546
"3605556561",2024,"Monroe","Parma town","B19013H_001","White (Non-Hispanic)",93503,7076
"3605556561",2024,"Monroe","Parma town","B19013I_001","Hispanic or Latino (Any Race)",66957,27483
"3605557144",2024,"Monroe","Penfield town","B19013B_001","Black (Non-Hispanic)",61000,35044
"3605557144",2024,"Monroe","Penfield town","B19013C_001","Native American (Non-Hispanic)",NA,NA
"3605557144",2024,"Monroe","Penfield town","B19013D_001","Asian (Non-Hispanic)",223281,139188
"3605557144",2024,"Monroe","Penfield town","B19013E_001","Pacific Islander (Non-Hispanic)",NA,NA
"3605557144",2024,"Monroe","Penfield town","B19013F_001","Other (Non-Hispanic)",NA,NA
"3605557144",2024,"Monroe","Penfield town","B19013G_001","Two or More Races (Non-Hispanic)",98452,56094
"3605557144",2024,"Monroe","Penfield town","B19013H_001","White (Non-Hispanic)",119910,5490
"3605557144",2024,"Monroe","Penfield town","B19013I_001","Hispanic or Latino (Any Race)",91250,33443
"3605557221",2024,"Monroe","Perinton town","B19013B_001","Black (Non-Hispanic)",55708,28391
"3605557221",2024,"Monroe","Perinton town","B19013C_001","Native American (Non-Hispanic)",NA,NA
"3605557221",2024,"Monroe","Perinton town","B19013D_001","Asian (Non-Hispanic)",139167,46883
"3605557221",2024,"Monroe","Perinton town","B19013E_001","Pacific Islander (Non-Hispanic)",NA,NA
"3605557221",2024,"Monroe","Perinton town","B19013F_001","Other (Non-Hispanic)",NA,NA
"3605557221",2024,"Monroe","Perinton town","B19013G_001","Two or More Races (Non-Hispanic)",98376,21605
"3605557221",2024,"Monroe","Perinton town","B19013H_001","White (Non-Hispanic)",114035,5240
"3605557221",2024,"Monroe","Perinton town","B19013I_001","Hispanic or Latino (Any Race)",70417,27757
"3605558365",2024,"Monroe","Pittsford town","B19013B_001","Black (Non-Hispanic)",101250,36722
"3605558365",2024,"Monroe","Pittsford town","B19013C_001","Native American (Non-Hispanic)",NA,NA
"3605558365",2024,"Monroe","Pittsford town","B19013D_001","Asian (Non-Hispanic)",215543,31230
"3605558365",2024,"Monroe","Pittsford town","B19013E_001","Pacific Islander (Non-Hispanic)",NA,NA
"3605558365",2024,"Monroe","Pittsford town","B19013F_001","Other (Non-Hispanic)",143796,17377
"3605558365",2024,"Monroe","Pittsford town","B19013G_001","Two or More Races (Non-Hispanic)",145357,108900
"3605558365",2024,"Monroe","Pittsford town","B19013H_001","White (Non-Hispanic)",144630,11689
"3605558365",2024,"Monroe","Pittsford town","B19013I_001","Hispanic or Latino (Any Race)",126250,89507
"3605561808",2024,"Monroe","Riga town","B19013B_001","Black (Non-Hispanic)",NA,NA
"3605561808",2024,"Monroe","Riga town","B19013C_001","Native American (Non-Hispanic)",NA,NA
"3605561808",2024,"Monroe","Riga town","B19013D_001","Asian (Non-Hispanic)",NA,NA
"3605561808",2024,"Monroe","Riga town","B19013E_001","Pacific Islander (Non-Hispanic)",NA,NA
"3605561808",2024,"Monroe","Riga town","B19013F_001","Other (Non-Hispanic)",NA,NA
"3605561808",2024,"Monroe","Riga town","B19013G_001","Two or More Races (Non-Hispanic)",116875,98648
"3605561808",2024,"Monroe","Riga town","B19013H_001","White (Non-Hispanic)",101000,9042
"3605561808",2024,"Monroe","Riga town","B19013I_001","Hispanic or Latino (Any Race)",218523,151032
"3605563000",2024,"Monroe","Rochester city","B19013B_001","Black (Non-Hispanic)",36573,2076
"3605563000",2024,"Monroe","Rochester city","B19013C_001","Native American (Non-Hispanic)",58654,30271
"3605563000",2024,"Monroe","Rochester city","B19013D_001","Asian (Non-Hispanic)",35000,13000
"3605563000",2024,"Monroe","Rochester city","B19013E_001","Pacific Islander (Non-Hispanic)",48732,971
"3605563000",2024,"Monroe","Rochester city","B19013F_001","Other (Non-Hispanic)",38961,4571
"3605563000",2024,"Monroe","Rochester city","B19013G_001","Two or More Races (Non-Hispanic)",45231,6132
"3605563000",2024,"Monroe","Rochester city","B19013H_001","White (Non-Hispanic)",60078,2474
"3605563000",2024,"Monroe","Rochester city","B19013I_001","Hispanic or Latino (Any Race)",37813,3637
"3605564144",2024,"Monroe","Rush town","B19013B_001","Black (Non-Hispanic)",NA,NA
"3605564144",2024,"Monroe","Rush town","B19013C_001","Native American (Non-Hispanic)",NA,NA
"3605564144",2024,"Monroe","Rush town","B19013D_001","Asian (Non-Hispanic)",NA,NA
"3605564144",2024,"Monroe","Rush town","B19013E_001","Pacific Islander (Non-Hispanic)",NA,NA
"3605564144",2024,"Monroe","Rush town","B19013F_001","Other (Non-Hispanic)",NA,NA
"3605564144",2024,"Monroe","Rush town","B19013G_001","Two or More Races (Non-Hispanic)",139063,65045
"3605564144",2024,"Monroe","Rush town","B19013H_001","White (Non-Hispanic)",116375,22768
"3605564144",2024,"Monroe","Rush town","B19013I_001","Hispanic or Latino (Any Race)",NA,NA
"3605572455",2024,"Monroe","Sweden town","B19013B_001","Black (Non-Hispanic)",NA,NA
"3605572455",2024,"Monroe","Sweden town","B19013C_001","Native American (Non-Hispanic)",NA,NA
"3605572455",2024,"Monroe","Sweden town","B19013D_001","Asian (Non-Hispanic)",82188,80639
"3605572455",2024,"Monroe","Sweden town","B19013E_001","Pacific Islander (Non-Hispanic)",NA,NA
"3605572455",2024,"Monroe","Sweden town","B19013F_001","Other (Non-Hispanic)",NA,NA
"3605572455",2024,"Monroe","Sweden town","B19013G_001","Two or More Races (Non-Hispanic)",127708,125188
"3605572455",2024,"Monroe","Sweden town","B19013H_001","White (Non-Hispanic)",79675,8234
"3605572455",2024,"Monroe","Sweden town","B19013I_001","Hispanic or Latino (Any Race)",NA,NA
"3605578971",2024,"Monroe","Webster town","B19013B_001","Black (Non-Hispanic)",64548,23910
"3605578971",2024,"Monroe","Webster town","B19013C_001","Native American (Non-Hispanic)",NA,NA
"3605578971",2024,"Monroe","Webster town","B19013D_001","Asian (Non-Hispanic)",95795,32632
"3605578971",2024,"Monroe","Webster town","B19013E_001","Pacific Islander (Non-Hispanic)",NA,NA
"3605578971",2024,"Monroe","Webster town","B19013F_001","Other (Non-Hispanic)",NA,NA
"3605578971",2024,"Monroe","Webster town","B19013G_001","Two or More Races (Non-Hispanic)",108984,52587
"3605578971",2024,"Monroe","Webster town","B19013H_001","White (Non-Hispanic)",94771,4694
"3605578971",2024,"Monroe","Webster town","B19013I_001","Hispanic or Latino (Any Race)",63883,5265
"3605581402",2024,"Monroe","Wheatland town","B19013B_001","Black (Non-Hispanic)",NA,NA
"3605581402",2024,"Monroe","Wheatland town","B19013C_001","Native American (Non-Hispanic)",NA,NA
"3605581402",2024,"Monroe","Wheatland town","B19013D_001","Asian (Non-Hispanic)",NA,NA
"3605581402",2024,"Monroe","Wheatland town","B19013E_001","Pacific Islander (Non-Hispanic)",NA,NA
"3605581402",2024,"Monroe","Wheatland town","B19013F_001","Other (Non-Hispanic)",NA,NA
"3605581402",2024,"Monroe","Wheatland town","B19013G_001","Two or More Races (Non-Hispanic)",113125,59561
"3605581402",2024,"Monroe","Wheatland town","B19013H_001","White (Non-Hispanic)",82134,16161
"3605581402",2024,"Monroe","Wheatland town","B19013I_001","Hispanic or Latino (Any Race)",NA,NA
"3606908378",2024,"Ontario","Bristol town","B19013B_001","Black (Non-Hispanic)",NA,NA
"3606908378",2024,"Ontario","Bristol town","B19013C_001","Native American (Non-Hispanic)",NA,NA
"3606908378",2024,"Ontario","Bristol town","B19013D_001","Asian (Non-Hispanic)",NA,NA
"3606908378",2024,"Ontario","Bristol town","B19013E_001","Pacific Islander (Non-Hispanic)",NA,NA
"3606908378",2024,"Ontario","Bristol town","B19013F_001","Other (Non-Hispanic)",NA,NA
"3606908378",2024,"Ontario","Bristol town","B19013G_001","Two or More Races (Non-Hispanic)",106875,31139
"3606908378",2024,"Ontario","Bristol town","B19013H_001","White (Non-Hispanic)",85250,23730
"3606908378",2024,"Ontario","Bristol town","B19013I_001","Hispanic or Latino (Any Race)",NA,NA
"3606912100",2024,"Ontario","Canadice town","B19013B_001","Black (Non-Hispanic)",NA,NA
"3606912100",2024,"Ontario","Canadice town","B19013C_001","Native American (Non-Hispanic)",NA,NA
"3606912100",2024,"Ontario","Canadice town","B19013D_001","Asian (Non-Hispanic)",NA,NA
"3606912100",2024,"Ontario","Canadice town","B19013E_001","Pacific Islander (Non-Hispanic)",NA,NA
"3606912100",2024,"Ontario","Canadice town","B19013F_001","Other (Non-Hispanic)",NA,NA
"3606912100",2024,"Ontario","Canadice town","B19013G_001","Two or More Races (Non-Hispanic)",63750,19878
"3606912100",2024,"Ontario","Canadice town","B19013H_001","White (Non-Hispanic)",68478,6815
"3606912100",2024,"Ontario","Canadice town","B19013I_001","Hispanic or Latino (Any Race)",NA,NA
"3606912144",2024,"Ontario","Canandaigua city","B19013B_001","Black (Non-Hispanic)",56908,48529
"3606912144",2024,"Ontario","Canandaigua city","B19013C_001","Native American (Non-Hispanic)",NA,NA
"3606912144",2024,"Ontario","Canandaigua city","B19013D_001","Asian (Non-Hispanic)",NA,NA
"3606912144",2024,"Ontario","Canandaigua city","B19013E_001","Pacific Islander (Non-Hispanic)",NA,NA
"3606912144",2024,"Ontario","Canandaigua city","B19013F_001","Other (Non-Hispanic)",NA,NA
"3606912144",2024,"Ontario","Canandaigua city","B19013G_001","Two or More Races (Non-Hispanic)",57792,16096
"3606912144",2024,"Ontario","Canandaigua city","B19013H_001","White (Non-Hispanic)",66320,6314
"3606912144",2024,"Ontario","Canandaigua city","B19013I_001","Hispanic or Latino (Any Race)",57889,28261
"3606912155",2024,"Ontario","Canandaigua town","B19013B_001","Black (Non-Hispanic)",NA,NA
"3606912155",2024,"Ontario","Canandaigua town","B19013C_001","Native American (Non-Hispanic)",NA,NA
"3606912155",2024,"Ontario","Canandaigua town","B19013D_001","Asian (Non-Hispanic)",NA,NA
"3606912155",2024,"Ontario","Canandaigua town","B19013E_001","Pacific Islander (Non-Hispanic)",NA,NA
"3606912155",2024,"Ontario","Canandaigua town","B19013F_001","Other (Non-Hispanic)",NA,NA
"3606912155",2024,"Ontario","Canandaigua town","B19013G_001","Two or More Races (Non-Hispanic)",NA,NA
"3606912155",2024,"Ontario","Canandaigua town","B19013H_001","White (Non-Hispanic)",99868,12262
"3606912155",2024,"Ontario","Canandaigua town","B19013I_001","Hispanic or Latino (Any Race)",69185,47673
"3606921699",2024,"Ontario","East Bloomfield town","B19013B_001","Black (Non-Hispanic)",NA,NA
"3606921699",2024,"Ontario","East Bloomfield town","B19013C_001","Native American (Non-Hispanic)",NA,NA
"3606921699",2024,"Ontario","East Bloomfield town","B19013D_001","Asian (Non-Hispanic)",NA,NA
"3606921699",2024,"Ontario","East Bloomfield town","B19013E_001","Pacific Islander (Non-Hispanic)",NA,NA
"3606921699",2024,"Ontario","East Bloomfield town","B19013F_001","Other (Non-Hispanic)",NA,NA
"3606921699",2024,"Ontario","East Bloomfield town","B19013G_001","Two or More Races (Non-Hispanic)",NA,NA
"3606921699",2024,"Ontario","East Bloomfield town","B19013H_001","White (Non-Hispanic)",91354,10818
"3606921699",2024,"Ontario","East Bloomfield town","B19013I_001","Hispanic or Latino (Any Race)",NA,NA
"3606925406",2024,"Ontario","Farmington town","B19013B_001","Black (Non-Hispanic)",116094,73329
"3606925406",2024,"Ontario","Farmington town","B19013C_001","Native American (Non-Hispanic)",NA,NA
"3606925406",2024,"Ontario","Farmington town","B19013D_001","Asian (Non-Hispanic)",NA,NA
"3606925406",2024,"Ontario","Farmington town","B19013E_001","Pacific Islander (Non-Hispanic)",NA,NA
"3606925406",2024,"Ontario","Farmington town","B19013F_001","Other (Non-Hispanic)",NA,NA
"3606925406",2024,"Ontario","Farmington town","B19013G_001","Two or More Races (Non-Hispanic)",72198,33016
"3606925406",2024,"Ontario","Farmington town","B19013H_001","White (Non-Hispanic)",98679,13394
"3606925406",2024,"Ontario","Farmington town","B19013I_001","Hispanic or Latino (Any Race)",51625,21138
"3606928640",2024,"Ontario","Geneva city","B19013B_001","Black (Non-Hispanic)",NA,NA
"3606928640",2024,"Ontario","Geneva city","B19013C_001","Native American (Non-Hispanic)",NA,NA
"3606928640",2024,"Ontario","Geneva city","B19013D_001","Asian (Non-Hispanic)",98393,26015
"3606928640",2024,"Ontario","Geneva city","B19013E_001","Pacific Islander (Non-Hispanic)",NA,NA
"3606928640",2024,"Ontario","Geneva city","B19013F_001","Other (Non-Hispanic)",127565,69318
"3606928640",2024,"Ontario","Geneva city","B19013G_001","Two or More Races (Non-Hispanic)",92556,25000
"3606928640",2024,"Ontario","Geneva city","B19013H_001","White (Non-Hispanic)",76213,13284
"3606928640",2024,"Ontario","Geneva city","B19013I_001","Hispanic or Latino (Any Race)",86034,31147
"3606928651",2024,"Ontario","Geneva town","B19013B_001","Black (Non-Hispanic)",74120,24243
"3606928651",2024,"Ontario","Geneva town","B19013C_001","Native American (Non-Hispanic)",NA,NA
"3606928651",2024,"Ontario","Geneva town","B19013D_001","Asian (Non-Hispanic)",NA,NA
"3606928651",2024,"Ontario","Geneva town","B19013E_001","Pacific Islander (Non-Hispanic)",NA,NA
"3606928651",2024,"Ontario","Geneva town","B19013F_001","Other (Non-Hispanic)",NA,NA
"3606928651",2024,"Ontario","Geneva town","B19013G_001","Two or More Races (Non-Hispanic)",53065,50416
"3606928651",2024,"Ontario","Geneva town","B19013H_001","White (Non-Hispanic)",89727,15149
"3606928651",2024,"Ontario","Geneva town","B19013I_001","Hispanic or Latino (Any Race)",19583,10322
"3606929531",2024,"Ontario","Gorham town","B19013B_001","Black (Non-Hispanic)",NA,NA
"3606929531",2024,"Ontario","Gorham town","B19013C_001","Native American (Non-Hispanic)",NA,NA
"3606929531",2024,"Ontario","Gorham town","B19013D_001","Asian (Non-Hispanic)",NA,NA
"3606929531",2024,"Ontario","Gorham town","B19013E_001","Pacific Islander (Non-Hispanic)",NA,NA
"3606929531",2024,"Ontario","Gorham town","B19013F_001","Other (Non-Hispanic)",NA,NA
"3606929531",2024,"Ontario","Gorham town","B19013G_001","Two or More Races (Non-Hispanic)",NA,NA
"3606929531",2024,"Ontario","Gorham town","B19013H_001","White (Non-Hispanic)",65185,8669
"3606929531",2024,"Ontario","Gorham town","B19013I_001","Hispanic or Latino (Any Race)",NA,NA
"3606935551",2024,"Ontario","Hopewell town","B19013B_001","Black (Non-Hispanic)",NA,NA
"3606935551",2024,"Ontario","Hopewell town","B19013C_001","Native American (Non-Hispanic)",NA,NA
"3606935551",2024,"Ontario","Hopewell town","B19013D_001","Asian (Non-Hispanic)",NA,NA
"3606935551",2024,"Ontario","Hopewell town","B19013E_001","Pacific Islander (Non-Hispanic)",NA,NA
"3606935551",2024,"Ontario","Hopewell town","B19013F_001","Other (Non-Hispanic)",NA,NA
"3606935551",2024,"Ontario","Hopewell town","B19013G_001","Two or More Races (Non-Hispanic)",71250,60724
"3606935551",2024,"Ontario","Hopewell town","B19013H_001","White (Non-Hispanic)",82734,20325
"3606935551",2024,"Ontario","Hopewell town","B19013I_001","Hispanic or Latino (Any Race)",NA,NA
"3606944864",2024,"Ontario","Manchester town","B19013B_001","Black (Non-Hispanic)",NA,NA
"3606944864",2024,"Ontario","Manchester town","B19013C_001","Native American (Non-Hispanic)",NA,NA
"3606944864",2024,"Ontario","Manchester town","B19013D_001","Asian (Non-Hispanic)",NA,NA
"3606944864",2024,"Ontario","Manchester town","B19013E_001","Pacific Islander (Non-Hispanic)",NA,NA
"3606944864",2024,"Ontario","Manchester town","B19013F_001","Other (Non-Hispanic)",107681,42613
"3606944864",2024,"Ontario","Manchester town","B19013G_001","Two or More Races (Non-Hispanic)",39850,30662
"3606944864",2024,"Ontario","Manchester town","B19013H_001","White (Non-Hispanic)",68600,7720
"3606944864",2024,"Ontario","Manchester town","B19013I_001","Hispanic or Latino (Any Race)",63417,56189
"3606949440",2024,"Ontario","Naples town","B19013B_001","Black (Non-Hispanic)",NA,NA
"3606949440",2024,"Ontario","Naples town","B19013C_001","Native American (Non-Hispanic)",NA,NA
"3606949440",2024,"Ontario","Naples town","B19013D_001","Asian (Non-Hispanic)",NA,NA
"3606949440",2024,"Ontario","Naples town","B19013E_001","Pacific Islander (Non-Hispanic)",NA,NA
"3606949440",2024,"Ontario","Naples town","B19013F_001","Other (Non-Hispanic)",NA,NA
"3606949440",2024,"Ontario","Naples town","B19013G_001","Two or More Races (Non-Hispanic)",51528,14633
"3606949440",2024,"Ontario","Naples town","B19013H_001","White (Non-Hispanic)",70337,6462
"3606949440",2024,"Ontario","Naples town","B19013I_001","Hispanic or Latino (Any Race)",NA,NA
"3606957529",2024,"Ontario","Phelps town","B19013B_001","Black (Non-Hispanic)",NA,NA
"3606957529",2024,"Ontario","Phelps town","B19013C_001","Native American (Non-Hispanic)",NA,NA
"3606957529",2024,"Ontario","Phelps town","B19013D_001","Asian (Non-Hispanic)",NA,NA
"3606957529",2024,"Ontario","Phelps town","B19013E_001","Pacific Islander (Non-Hispanic)",NA,NA
"3606957529",2024,"Ontario","Phelps town","B19013F_001","Other (Non-Hispanic)",NA,NA
"3606957529",2024,"Ontario","Phelps town","B19013G_001","Two or More Races (Non-Hispanic)",81447,7405
"3606957529",2024,"Ontario","Phelps town","B19013H_001","White (Non-Hispanic)",82005,11943
"3606957529",2024,"Ontario","Phelps town","B19013I_001","Hispanic or Latino (Any Race)",42679,35016
"3606961544",2024,"Ontario","Richmond town","B19013B_001","Black (Non-Hispanic)",NA,NA
"3606961544",2024,"Ontario","Richmond town","B19013C_001","Native American (Non-Hispanic)",NA,NA
"3606961544",2024,"Ontario","Richmond town","B19013D_001","Asian (Non-Hispanic)",NA,NA
"3606961544",2024,"Ontario","Richmond town","B19013E_001","Pacific Islander (Non-Hispanic)",NA,NA
"3606961544",2024,"Ontario","Richmond town","B19013F_001","Other (Non-Hispanic)",NA,NA
"3606961544",2024,"Ontario","Richmond town","B19013G_001","Two or More Races (Non-Hispanic)",81563,58457
"3606961544",2024,"Ontario","Richmond town","B19013H_001","White (Non-Hispanic)",79130,7381
"3606961544",2024,"Ontario","Richmond town","B19013I_001","Hispanic or Latino (Any Race)",NA,NA
"3606966289",2024,"Ontario","Seneca town","B19013B_001","Black (Non-Hispanic)",NA,NA
"3606966289",2024,"Ontario","Seneca town","B19013C_001","Native American (Non-Hispanic)",NA,NA
"3606966289",2024,"Ontario","Seneca town","B19013D_001","Asian (Non-Hispanic)",NA,NA
"3606966289",2024,"Ontario","Seneca town","B19013E_001","Pacific Islander (Non-Hispanic)",NA,NA
"3606966289",2024,"Ontario","Seneca town","B19013F_001","Other (Non-Hispanic)",NA,NA
"3606966289",2024,"Ontario","Seneca town","B19013G_001","Two or More Races (Non-Hispanic)",NA,NA
"3606966289",2024,"Ontario","Seneca town","B19013H_001","White (Non-Hispanic)",90592,21560
"3606966289",2024,"Ontario","Seneca town","B19013I_001","Hispanic or Latino (Any Race)",NA,NA
"3606968660",2024,"Ontario","South Bristol town","B19013B_001","Black (Non-Hispanic)",NA,NA
"3606968660",2024,"Ontario","South Bristol town","B19013C_001","Native American (Non-Hispanic)",NA,NA
"3606968660",2024,"Ontario","South Bristol town","B19013D_001","Asian (Non-Hispanic)",NA,NA
"3606968660",2024,"Ontario","South Bristol town","B19013E_001","Pacific Islander (Non-Hispanic)",NA,NA
"3606968660",2024,"Ontario","South Bristol town","B19013F_001","Other (Non-Hispanic)",NA,NA
"3606968660",2024,"Ontario","South Bristol town","B19013G_001","Two or More Races (Non-Hispanic)",96406,44300
"3606968660",2024,"Ontario","South Bristol town","B19013H_001","White (Non-Hispanic)",100313,16470
"3606968660",2024,"Ontario","South Bristol town","B19013I_001","Hispanic or Latino (Any Race)",NA,NA
"3606977387",2024,"Ontario","Victor town","B19013B_001","Black (Non-Hispanic)",161371,114082
"3606977387",2024,"Ontario","Victor town","B19013C_001","Native American (Non-Hispanic)",NA,NA
"3606977387",2024,"Ontario","Victor town","B19013D_001","Asian (Non-Hispanic)",179671,80647
"3606977387",2024,"Ontario","Victor town","B19013E_001","Pacific Islander (Non-Hispanic)",NA,NA
"3606977387",2024,"Ontario","Victor town","B19013F_001","Other (Non-Hispanic)",100069,83029
"3606977387",2024,"Ontario","Victor town","B19013G_001","Two or More Races (Non-Hispanic)",NA,NA
"3606977387",2024,"Ontario","Victor town","B19013H_001","White (Non-Hispanic)",115300,15163
"3606977387",2024,"Ontario","Victor town","B19013I_001","Hispanic or Latino (Any Race)",69303,29540
"3606979356",2024,"Ontario","West Bloomfield town","B19013B_001","Black (Non-Hispanic)",NA,NA
"3606979356",2024,"Ontario","West Bloomfield town","B19013C_001","Native American (Non-Hispanic)",NA,NA
"3606979356",2024,"Ontario","West Bloomfield town","B19013D_001","Asian (Non-Hispanic)",NA,NA
"3606979356",2024,"Ontario","West Bloomfield town","B19013E_001","Pacific Islander (Non-Hispanic)",NA,NA
"3606979356",2024,"Ontario","West Bloomfield town","B19013F_001","Other (Non-Hispanic)",NA,NA
"3606979356",2024,"Ontario","West Bloomfield town","B19013G_001","Two or More Races (Non-Hispanic)",121750,115964
"3606979356",2024,"Ontario","West Bloomfield town","B19013H_001","White (Non-Hispanic)",60989,7598
"3606979356",2024,"Ontario","West Bloomfield town","B19013I_001","Hispanic or Latino (Any Race)",NA,NA
"3607300000",2024,"Orleans","County subdivisions not defined","B19013B_001","Black (Non-Hispanic)",NA,NA
"3607300000",2024,"Orleans","County subdivisions not defined","B19013C_001","Native American (Non-Hispanic)",NA,NA
"3607300000",2024,"Orleans","County subdivisions not defined","B19013D_001","Asian (Non-Hispanic)",NA,NA
"3607300000",2024,"Orleans","County subdivisions not defined","B19013E_001","Pacific Islander (Non-Hispanic)",NA,NA
"3607300000",2024,"Orleans","County subdivisions not defined","B19013F_001","Other (Non-Hispanic)",NA,NA
"3607300000",2024,"Orleans","County subdivisions not defined","B19013G_001","Two or More Races (Non-Hispanic)",NA,NA
"3607300000",2024,"Orleans","County subdivisions not defined","B19013H_001","White (Non-Hispanic)",NA,NA
"3607300000",2024,"Orleans","County subdivisions not defined","B19013I_001","Hispanic or Latino (Any Race)",NA,NA
"3607301044",2024,"Orleans","Albion town","B19013B_001","Black (Non-Hispanic)",31439,16222
"3607301044",2024,"Orleans","Albion town","B19013C_001","Native American (Non-Hispanic)",NA,NA
"3607301044",2024,"Orleans","Albion town","B19013D_001","Asian (Non-Hispanic)",NA,NA
"3607301044",2024,"Orleans","Albion town","B19013E_001","Pacific Islander (Non-Hispanic)",NA,NA
"3607301044",2024,"Orleans","Albion town","B19013F_001","Other (Non-Hispanic)",NA,NA
"3607301044",2024,"Orleans","Albion town","B19013G_001","Two or More Races (Non-Hispanic)",NA,NA
"3607301044",2024,"Orleans","Albion town","B19013H_001","White (Non-Hispanic)",52000,32673
"3607301044",2024,"Orleans","Albion town","B19013I_001","Hispanic or Latino (Any Race)",102273,80435
"3607304572",2024,"Orleans","Barre town","B19013B_001","Black (Non-Hispanic)",NA,NA
"3607304572",2024,"Orleans","Barre town","B19013C_001","Native American (Non-Hispanic)",NA,NA
"3607304572",2024,"Orleans","Barre town","B19013D_001","Asian (Non-Hispanic)",NA,NA
"3607304572",2024,"Orleans","Barre town","B19013E_001","Pacific Islander (Non-Hispanic)",NA,NA
"3607304572",2024,"Orleans","Barre town","B19013F_001","Other (Non-Hispanic)",NA,NA
"3607304572",2024,"Orleans","Barre town","B19013G_001","Two or More Races (Non-Hispanic)",56250,50968
"3607304572",2024,"Orleans","Barre town","B19013H_001","White (Non-Hispanic)",74609,14294
"3607304572",2024,"Orleans","Barre town","B19013I_001","Hispanic or Latino (Any Race)",NA,NA
"3607312496",2024,"Orleans","Carlton town","B19013B_001","Black (Non-Hispanic)",NA,NA
"3607312496",2024,"Orleans","Carlton town","B19013C_001","Native American (Non-Hispanic)",NA,NA
"3607312496",2024,"Orleans","Carlton town","B19013D_001","Asian (Non-Hispanic)",NA,NA
"3607312496",2024,"Orleans","Carlton town","B19013E_001","Pacific Islander (Non-Hispanic)",NA,NA
"3607312496",2024,"Orleans","Carlton town","B19013F_001","Other (Non-Hispanic)",NA,NA
"3607312496",2024,"Orleans","Carlton town","B19013G_001","Two or More Races (Non-Hispanic)",NA,NA
"3607312496",2024,"Orleans","Carlton town","B19013H_001","White (Non-Hispanic)",81020,11811
"3607312496",2024,"Orleans","Carlton town","B19013I_001","Hispanic or Latino (Any Race)",NA,NA
"3607315880",2024,"Orleans","Clarendon town","B19013B_001","Black (Non-Hispanic)",NA,NA
"3607315880",2024,"Orleans","Clarendon town","B19013C_001","Native American (Non-Hispanic)",NA,NA
"3607315880",2024,"Orleans","Clarendon town","B19013D_001","Asian (Non-Hispanic)",NA,NA
"3607315880",2024,"Orleans","Clarendon town","B19013E_001","Pacific Islander (Non-Hispanic)",NA,NA
"3607315880",2024,"Orleans","Clarendon town","B19013F_001","Other (Non-Hispanic)",NA,NA
"3607315880",2024,"Orleans","Clarendon town","B19013G_001","Two or More Races (Non-Hispanic)",NA,NA
"3607315880",2024,"Orleans","Clarendon town","B19013H_001","White (Non-Hispanic)",52463,25082
"3607315880",2024,"Orleans","Clarendon town","B19013I_001","Hispanic or Latino (Any Race)",NA,NA
"3607327958",2024,"Orleans","Gaines town","B19013B_001","Black (Non-Hispanic)",NA,NA
"3607327958",2024,"Orleans","Gaines town","B19013C_001","Native American (Non-Hispanic)",NA,NA
"3607327958",2024,"Orleans","Gaines town","B19013D_001","Asian (Non-Hispanic)",NA,NA
"3607327958",2024,"Orleans","Gaines town","B19013E_001","Pacific Islander (Non-Hispanic)",NA,NA
"3607327958",2024,"Orleans","Gaines town","B19013F_001","Other (Non-Hispanic)",NA,NA
"3607327958",2024,"Orleans","Gaines town","B19013G_001","Two or More Races (Non-Hispanic)",NA,NA
"3607327958",2024,"Orleans","Gaines town","B19013H_001","White (Non-Hispanic)",57347,11557
"3607327958",2024,"Orleans","Gaines town","B19013I_001","Hispanic or Latino (Any Race)",36104,1070
"3607339188",2024,"Orleans","Kendall town","B19013B_001","Black (Non-Hispanic)",NA,NA
"3607339188",2024,"Orleans","Kendall town","B19013C_001","Native American (Non-Hispanic)",NA,NA
"3607339188",2024,"Orleans","Kendall town","B19013D_001","Asian (Non-Hispanic)",NA,NA
"3607339188",2024,"Orleans","Kendall town","B19013E_001","Pacific Islander (Non-Hispanic)",NA,NA
"3607339188",2024,"Orleans","Kendall town","B19013F_001","Other (Non-Hispanic)",NA,NA
"3607339188",2024,"Orleans","Kendall town","B19013G_001","Two or More Races (Non-Hispanic)",173845,256
"3607339188",2024,"Orleans","Kendall town","B19013H_001","White (Non-Hispanic)",85903,13248
"3607339188",2024,"Orleans","Kendall town","B19013I_001","Hispanic or Latino (Any Race)",173258,110950
"3607349286",2024,"Orleans","Murray town","B19013B_001","Black (Non-Hispanic)",NA,NA
"3607349286",2024,"Orleans","Murray town","B19013C_001","Native American (Non-Hispanic)",NA,NA
"3607349286",2024,"Orleans","Murray town","B19013D_001","Asian (Non-Hispanic)",NA,NA
"3607349286",2024,"Orleans","Murray town","B19013E_001","Pacific Islander (Non-Hispanic)",NA,NA
"3607349286",2024,"Orleans","Murray town","B19013F_001","Other (Non-Hispanic)",NA,NA
"3607349286",2024,"Orleans","Murray town","B19013G_001","Two or More Races (Non-Hispanic)",NA,NA
"3607349286",2024,"Orleans","Murray town","B19013H_001","White (Non-Hispanic)",66077,6244
"3607349286",2024,"Orleans","Murray town","B19013I_001","Hispanic or Latino (Any Race)",64087,41703
"3607361742",2024,"Orleans","Ridgeway town","B19013B_001","Black (Non-Hispanic)",188351,728
"3607361742",2024,"Orleans","Ridgeway town","B19013C_001","Native American (Non-Hispanic)",NA,NA
"3607361742",2024,"Orleans","Ridgeway town","B19013D_001","Asian (Non-Hispanic)",NA,NA
"3607361742",2024,"Orleans","Ridgeway town","B19013E_001","Pacific Islander (Non-Hispanic)",NA,NA
"3607361742",2024,"Orleans","Ridgeway town","B19013F_001","Other (Non-Hispanic)",163819,7472
"3607361742",2024,"Orleans","Ridgeway town","B19013G_001","Two or More Races (Non-Hispanic)",72875,3121
"3607361742",2024,"Orleans","Ridgeway town","B19013H_001","White (Non-Hispanic)",63872,11415
"3607361742",2024,"Orleans","Ridgeway town","B19013I_001","Hispanic or Latino (Any Race)",163819,568
"3607366751",2024,"Orleans","Shelby town","B19013B_001","Black (Non-Hispanic)",NA,NA
"3607366751",2024,"Orleans","Shelby town","B19013C_001","Native American (Non-Hispanic)",NA,NA
"3607366751",2024,"Orleans","Shelby town","B19013D_001","Asian (Non-Hispanic)",NA,NA
"3607366751",2024,"Orleans","Shelby town","B19013E_001","Pacific Islander (Non-Hispanic)",NA,NA
"3607366751",2024,"Orleans","Shelby town","B19013F_001","Other (Non-Hispanic)",NA,NA
"3607366751",2024,"Orleans","Shelby town","B19013G_001","Two or More Races (Non-Hispanic)",NA,NA
"3607366751",2024,"Orleans","Shelby town","B19013H_001","White (Non-Hispanic)",66726,12785
"3607366751",2024,"Orleans","Shelby town","B19013I_001","Hispanic or Latino (Any Race)",NA,NA
"3607383448",2024,"Orleans","Yates town","B19013B_001","Black (Non-Hispanic)",NA,NA
"3607383448",2024,"Orleans","Yates town","B19013C_001","Native American (Non-Hispanic)",NA,NA
"3607383448",2024,"Orleans","Yates town","B19013D_001","Asian (Non-Hispanic)",NA,NA
"3607383448",2024,"Orleans","Yates town","B19013E_001","Pacific Islander (Non-Hispanic)",NA,NA
"3607383448",2024,"Orleans","Yates town","B19013F_001","Other (Non-Hispanic)",NA,NA
"3607383448",2024,"Orleans","Yates town","B19013G_001","Two or More Races (Non-Hispanic)",NA,NA
"3607383448",2024,"Orleans","Yates town","B19013H_001","White (Non-Hispanic)",89375,16285
"3607383448",2024,"Orleans","Yates town","B19013I_001","Hispanic or Latino (Any Race)",NA,NA
"3609918663",2024,"Seneca","Covert town","B19013B_001","Black (Non-Hispanic)",NA,NA
"3609918663",2024,"Seneca","Covert town","B19013C_001","Native American (Non-Hispanic)",NA,NA
"3609918663",2024,"Seneca","Covert town","B19013D_001","Asian (Non-Hispanic)",NA,NA
"3609918663",2024,"Seneca","Covert town","B19013E_001","Pacific Islander (Non-Hispanic)",NA,NA
"3609918663",2024,"Seneca","Covert town","B19013F_001","Other (Non-Hispanic)",NA,NA
"3609918663",2024,"Seneca","Covert town","B19013G_001","Two or More Races (Non-Hispanic)",56382,28351
"3609918663",2024,"Seneca","Covert town","B19013H_001","White (Non-Hispanic)",76750,14198
"3609918663",2024,"Seneca","Covert town","B19013I_001","Hispanic or Latino (Any Race)",NA,NA
"3609925505",2024,"Seneca","Fayette town","B19013B_001","Black (Non-Hispanic)",NA,NA
"3609925505",2024,"Seneca","Fayette town","B19013C_001","Native American (Non-Hispanic)",NA,NA
"3609925505",2024,"Seneca","Fayette town","B19013D_001","Asian (Non-Hispanic)",NA,NA
"3609925505",2024,"Seneca","Fayette town","B19013E_001","Pacific Islander (Non-Hispanic)",NA,NA
"3609925505",2024,"Seneca","Fayette town","B19013F_001","Other (Non-Hispanic)",NA,NA
"3609925505",2024,"Seneca","Fayette town","B19013G_001","Two or More Races (Non-Hispanic)",NA,NA
"3609925505",2024,"Seneca","Fayette town","B19013H_001","White (Non-Hispanic)",77375,25189
"3609925505",2024,"Seneca","Fayette town","B19013I_001","Hispanic or Latino (Any Race)",NA,NA
"3609928640",2024,"Seneca","Geneva city","B19013B_001","Black (Non-Hispanic)",NA,NA
"3609928640",2024,"Seneca","Geneva city","B19013C_001","Native American (Non-Hispanic)",NA,NA
"3609928640",2024,"Seneca","Geneva city","B19013D_001","Asian (Non-Hispanic)",NA,NA
"3609928640",2024,"Seneca","Geneva city","B19013E_001","Pacific Islander (Non-Hispanic)",NA,NA
"3609928640",2024,"Seneca","Geneva city","B19013F_001","Other (Non-Hispanic)",NA,NA
"3609928640",2024,"Seneca","Geneva city","B19013G_001","Two or More Races (Non-Hispanic)",NA,NA
"3609928640",2024,"Seneca","Geneva city","B19013H_001","White (Non-Hispanic)",NA,NA
"3609928640",2024,"Seneca","Geneva city","B19013I_001","Hispanic or Latino (Any Race)",NA,NA
"3609938858",2024,"Seneca","Junius town","B19013B_001","Black (Non-Hispanic)",NA,NA
"3609938858",2024,"Seneca","Junius town","B19013C_001","Native American (Non-Hispanic)",NA,NA
"3609938858",2024,"Seneca","Junius town","B19013D_001","Asian (Non-Hispanic)",NA,NA
"3609938858",2024,"Seneca","Junius town","B19013E_001","Pacific Islander (Non-Hispanic)",NA,NA
"3609938858",2024,"Seneca","Junius town","B19013F_001","Other (Non-Hispanic)",NA,NA
"3609938858",2024,"Seneca","Junius town","B19013G_001","Two or More Races (Non-Hispanic)",250001,NA
"3609938858",2024,"Seneca","Junius town","B19013H_001","White (Non-Hispanic)",77000,11051
"3609938858",2024,"Seneca","Junius town","B19013I_001","Hispanic or Latino (Any Race)",250001,NA
"3609943225",2024,"Seneca","Lodi town","B19013B_001","Black (Non-Hispanic)",NA,NA
"3609943225",2024,"Seneca","Lodi town","B19013C_001","Native American (Non-Hispanic)",NA,NA
"3609943225",2024,"Seneca","Lodi town","B19013D_001","Asian (Non-Hispanic)",NA,NA
"3609943225",2024,"Seneca","Lodi town","B19013E_001","Pacific Islander (Non-Hispanic)",NA,NA
"3609943225",2024,"Seneca","Lodi town","B19013F_001","Other (Non-Hispanic)",NA,NA
"3609943225",2024,"Seneca","Lodi town","B19013G_001","Two or More Races (Non-Hispanic)",73750,42030
"3609943225",2024,"Seneca","Lodi town","B19013H_001","White (Non-Hispanic)",78679,1514
"3609943225",2024,"Seneca","Lodi town","B19013I_001","Hispanic or Latino (Any Race)",NA,NA
"3609955827",2024,"Seneca","Ovid town","B19013B_001","Black (Non-Hispanic)",NA,NA
"3609955827",2024,"Seneca","Ovid town","B19013C_001","Native American (Non-Hispanic)",NA,NA
"3609955827",2024,"Seneca","Ovid town","B19013D_001","Asian (Non-Hispanic)",NA,NA
"3609955827",2024,"Seneca","Ovid town","B19013E_001","Pacific Islander (Non-Hispanic)",NA,NA
"3609955827",2024,"Seneca","Ovid town","B19013F_001","Other (Non-Hispanic)",NA,NA
"3609955827",2024,"Seneca","Ovid town","B19013G_001","Two or More Races (Non-Hispanic)",92917,75419
"3609955827",2024,"Seneca","Ovid town","B19013H_001","White (Non-Hispanic)",61875,13976
"3609955827",2024,"Seneca","Ovid town","B19013I_001","Hispanic or Latino (Any Race)",NA,NA
"3609963440",2024,"Seneca","Romulus town","B19013B_001","Black (Non-Hispanic)",NA,NA
"3609963440",2024,"Seneca","Romulus town","B19013C_001","Native American (Non-Hispanic)",NA,NA
"3609963440",2024,"Seneca","Romulus town","B19013D_001","Asian (Non-Hispanic)",NA,NA
"3609963440",2024,"Seneca","Romulus town","B19013E_001","Pacific Islander (Non-Hispanic)",NA,NA
"3609963440",2024,"Seneca","Romulus town","B19013F_001","Other (Non-Hispanic)",NA,NA
"3609963440",2024,"Seneca","Romulus town","B19013G_001","Two or More Races (Non-Hispanic)",NA,NA
"3609963440",2024,"Seneca","Romulus town","B19013H_001","White (Non-Hispanic)",69712,7075
"3609963440",2024,"Seneca","Romulus town","B19013I_001","Hispanic or Latino (Any Race)",NA,NA
"3609966333",2024,"Seneca","Seneca Falls town","B19013B_001","Black (Non-Hispanic)",61944,22661
"3609966333",2024,"Seneca","Seneca Falls town","B19013C_001","Native American (Non-Hispanic)",NA,NA
"3609966333",2024,"Seneca","Seneca Falls town","B19013D_001","Asian (Non-Hispanic)",153594,10688
"3609966333",2024,"Seneca","Seneca Falls town","B19013E_001","Pacific Islander (Non-Hispanic)",NA,NA
"3609966333",2024,"Seneca","Seneca Falls town","B19013F_001","Other (Non-Hispanic)",NA,NA
"3609966333",2024,"Seneca","Seneca Falls town","B19013G_001","Two or More Races (Non-Hispanic)",80784,23235
"3609966333",2024,"Seneca","Seneca Falls town","B19013H_001","White (Non-Hispanic)",62788,12254
"3609966333",2024,"Seneca","Seneca Falls town","B19013I_001","Hispanic or Latino (Any Race)",35741,27686
"3609975902",2024,"Seneca","Tyre town","B19013B_001","Black (Non-Hispanic)",NA,NA
"3609975902",2024,"Seneca","Tyre town","B19013C_001","Native American (Non-Hispanic)",NA,NA
"3609975902",2024,"Seneca","Tyre town","B19013D_001","Asian (Non-Hispanic)",NA,NA
"3609975902",2024,"Seneca","Tyre town","B19013E_001","Pacific Islander (Non-Hispanic)",NA,NA
"3609975902",2024,"Seneca","Tyre town","B19013F_001","Other (Non-Hispanic)",NA,NA
"3609975902",2024,"Seneca","Tyre town","B19013G_001","Two or More Races (Non-Hispanic)",87857,71936
"3609975902",2024,"Seneca","Tyre town","B19013H_001","White (Non-Hispanic)",63438,13471
"3609975902",2024,"Seneca","Tyre town","B19013I_001","Hispanic or Latino (Any Race)",NA,NA
"3609976958",2024,"Seneca","Varick town","B19013B_001","Black (Non-Hispanic)",NA,NA
"3609976958",2024,"Seneca","Varick town","B19013C_001","Native American (Non-Hispanic)",NA,NA
"3609976958",2024,"Seneca","Varick town","B19013D_001","Asian (Non-Hispanic)",NA,NA
"3609976958",2024,"Seneca","Varick town","B19013E_001","Pacific Islander (Non-Hispanic)",NA,NA
"3609976958",2024,"Seneca","Varick town","B19013F_001","Other (Non-Hispanic)",16364,716
"3609976958",2024,"Seneca","Varick town","B19013G_001","Two or More Races (Non-Hispanic)",102188,76932
"3609976958",2024,"Seneca","Varick town","B19013H_001","White (Non-Hispanic)",81500,6736
"3609976958",2024,"Seneca","Varick town","B19013I_001","Hispanic or Latino (Any Race)",16364,2824
"3609978564",2024,"Seneca","Waterloo town","B19013B_001","Black (Non-Hispanic)",NA,NA
"3609978564",2024,"Seneca","Waterloo town","B19013C_001","Native American (Non-Hispanic)",NA,NA
"3609978564",2024,"Seneca","Waterloo town","B19013D_001","Asian (Non-Hispanic)",NA,NA
"3609978564",2024,"Seneca","Waterloo town","B19013E_001","Pacific Islander (Non-Hispanic)",NA,NA
"3609978564",2024,"Seneca","Waterloo town","B19013F_001","Other (Non-Hispanic)",NA,NA
"3609978564",2024,"Seneca","Waterloo town","B19013G_001","Two or More Races (Non-Hispanic)",NA,NA
"3609978564",2024,"Seneca","Waterloo town","B19013H_001","White (Non-Hispanic)",65577,10203
"3609978564",2024,"Seneca","Waterloo town","B19013I_001","Hispanic or Latino (Any Race)",NA,NA
"3611700000",2024,"Wayne","County subdivisions not defined","B19013B_001","Black (Non-Hispanic)",NA,NA
"3611700000",2024,"Wayne","County subdivisions not defined","B19013C_001","Native American (Non-Hispanic)",NA,NA
"3611700000",2024,"Wayne","County subdivisions not defined","B19013D_001","Asian (Non-Hispanic)",NA,NA
"3611700000",2024,"Wayne","County subdivisions not defined","B19013E_001","Pacific Islander (Non-Hispanic)",NA,NA
"3611700000",2024,"Wayne","County subdivisions not defined","B19013F_001","Other (Non-Hispanic)",NA,NA
"3611700000",2024,"Wayne","County subdivisions not defined","B19013G_001","Two or More Races (Non-Hispanic)",NA,NA
"3611700000",2024,"Wayne","County subdivisions not defined","B19013H_001","White (Non-Hispanic)",NA,NA
"3611700000",2024,"Wayne","County subdivisions not defined","B19013I_001","Hispanic or Latino (Any Race)",NA,NA
"3611702440",2024,"Wayne","Arcadia town","B19013B_001","Black (Non-Hispanic)",NA,NA
"3611702440",2024,"Wayne","Arcadia town","B19013C_001","Native American (Non-Hispanic)",NA,NA
"3611702440",2024,"Wayne","Arcadia town","B19013D_001","Asian (Non-Hispanic)",NA,NA
"3611702440",2024,"Wayne","Arcadia town","B19013E_001","Pacific Islander (Non-Hispanic)",NA,NA
"3611702440",2024,"Wayne","Arcadia town","B19013F_001","Other (Non-Hispanic)",26625,19906
"3611702440",2024,"Wayne","Arcadia town","B19013G_001","Two or More Races (Non-Hispanic)",NA,NA
"3611702440",2024,"Wayne","Arcadia town","B19013H_001","White (Non-Hispanic)",66662,4341
"3611702440",2024,"Wayne","Arcadia town","B19013I_001","Hispanic or Latino (Any Race)",41830,8963
"3611711473",2024,"Wayne","Butler town","B19013B_001","Black (Non-Hispanic)",NA,NA
"3611711473",2024,"Wayne","Butler town","B19013C_001","Native American (Non-Hispanic)",NA,NA
"3611711473",2024,"Wayne","Butler town","B19013D_001","Asian (Non-Hispanic)",NA,NA
"3611711473",2024,"Wayne","Butler town","B19013E_001","Pacific Islander (Non-Hispanic)",NA,NA
"3611711473",2024,"Wayne","Butler town","B19013F_001","Other (Non-Hispanic)",21504,738
"3611711473",2024,"Wayne","Butler town","B19013G_001","Two or More Races (Non-Hispanic)",NA,NA
"3611711473",2024,"Wayne","Butler town","B19013H_001","White (Non-Hispanic)",60268,11344
"3611711473",2024,"Wayne","Butler town","B19013I_001","Hispanic or Latino (Any Race)",59191,1680
"3611728013",2024,"Wayne","Galen town","B19013B_001","Black (Non-Hispanic)",NA,NA
"3611728013",2024,"Wayne","Galen town","B19013C_001","Native American (Non-Hispanic)",NA,NA
"3611728013",2024,"Wayne","Galen town","B19013D_001","Asian (Non-Hispanic)",NA,NA
"3611728013",2024,"Wayne","Galen town","B19013E_001","Pacific Islander (Non-Hispanic)",NA,NA
"3611728013",2024,"Wayne","Galen town","B19013F_001","Other (Non-Hispanic)",NA,NA
"3611728013",2024,"Wayne","Galen town","B19013G_001","Two or More Races (Non-Hispanic)",NA,NA
"3611728013",2024,"Wayne","Galen town","B19013H_001","White (Non-Hispanic)",66290,6246
"3611728013",2024,"Wayne","Galen town","B19013I_001","Hispanic or Latino (Any Race)",NA,NA
"3611737165",2024,"Wayne","Huron town","B19013B_001","Black (Non-Hispanic)",NA,NA
"3611737165",2024,"Wayne","Huron town","B19013C_001","Native American (Non-Hispanic)",NA,NA
"3611737165",2024,"Wayne","Huron town","B19013D_001","Asian (Non-Hispanic)",NA,NA
"3611737165",2024,"Wayne","Huron town","B19013E_001","Pacific Islander (Non-Hispanic)",NA,NA
"3611737165",2024,"Wayne","Huron town","B19013F_001","Other (Non-Hispanic)",NA,NA
"3611737165",2024,"Wayne","Huron town","B19013G_001","Two or More Races (Non-Hispanic)",NA,NA
"3611737165",2024,"Wayne","Huron town","B19013H_001","White (Non-Hispanic)",90190,10400
"3611737165",2024,"Wayne","Huron town","B19013I_001","Hispanic or Latino (Any Race)",NA,NA
"3611743973",2024,"Wayne","Lyons town","B19013B_001","Black (Non-Hispanic)",NA,NA
"3611743973",2024,"Wayne","Lyons town","B19013C_001","Native American (Non-Hispanic)",NA,NA
"3611743973",2024,"Wayne","Lyons town","B19013D_001","Asian (Non-Hispanic)",NA,NA
"3611743973",2024,"Wayne","Lyons town","B19013E_001","Pacific Islander (Non-Hispanic)",NA,NA
"3611743973",2024,"Wayne","Lyons town","B19013F_001","Other (Non-Hispanic)",NA,NA
"3611743973",2024,"Wayne","Lyons town","B19013G_001","Two or More Races (Non-Hispanic)",61375,27439
"3611743973",2024,"Wayne","Lyons town","B19013H_001","White (Non-Hispanic)",73929,12883
"3611743973",2024,"Wayne","Lyons town","B19013I_001","Hispanic or Latino (Any Race)",NA,NA
"3611744160",2024,"Wayne","Macedon town","B19013B_001","Black (Non-Hispanic)",NA,NA
"3611744160",2024,"Wayne","Macedon town","B19013C_001","Native American (Non-Hispanic)",NA,NA
"3611744160",2024,"Wayne","Macedon town","B19013D_001","Asian (Non-Hispanic)",NA,NA
"3611744160",2024,"Wayne","Macedon town","B19013E_001","Pacific Islander (Non-Hispanic)",NA,NA
"3611744160",2024,"Wayne","Macedon town","B19013F_001","Other (Non-Hispanic)",NA,NA
"3611744160",2024,"Wayne","Macedon town","B19013G_001","Two or More Races (Non-Hispanic)",NA,NA
"3611744160",2024,"Wayne","Macedon town","B19013H_001","White (Non-Hispanic)",96546,15914
"3611744160",2024,"Wayne","Macedon town","B19013I_001","Hispanic or Latino (Any Race)",NA,NA
"3611745645",2024,"Wayne","Marion town","B19013B_001","Black (Non-Hispanic)",NA,NA
"3611745645",2024,"Wayne","Marion town","B19013C_001","Native American (Non-Hispanic)",NA,NA
"3611745645",2024,"Wayne","Marion town","B19013D_001","Asian (Non-Hispanic)",NA,NA
"3611745645",2024,"Wayne","Marion town","B19013E_001","Pacific Islander (Non-Hispanic)",NA,NA
"3611745645",2024,"Wayne","Marion town","B19013F_001","Other (Non-Hispanic)",NA,NA
"3611745645",2024,"Wayne","Marion town","B19013G_001","Two or More Races (Non-Hispanic)",80481,23241
"3611745645",2024,"Wayne","Marion town","B19013H_001","White (Non-Hispanic)",80297,13501
"3611745645",2024,"Wayne","Marion town","B19013I_001","Hispanic or Latino (Any Race)",NA,NA
"3611755013",2024,"Wayne","Ontario town","B19013B_001","Black (Non-Hispanic)",36139,9731
"3611755013",2024,"Wayne","Ontario town","B19013C_001","Native American (Non-Hispanic)",NA,NA
"3611755013",2024,"Wayne","Ontario town","B19013D_001","Asian (Non-Hispanic)",NA,NA
"3611755013",2024,"Wayne","Ontario town","B19013E_001","Pacific Islander (Non-Hispanic)",NA,NA
"3611755013",2024,"Wayne","Ontario town","B19013F_001","Other (Non-Hispanic)",NA,NA
"3611755013",2024,"Wayne","Ontario town","B19013G_001","Two or More Races (Non-Hispanic)",95681,15947
"3611755013",2024,"Wayne","Ontario town","B19013H_001","White (Non-Hispanic)",82459,6838
"3611755013",2024,"Wayne","Ontario town","B19013I_001","Hispanic or Latino (Any Race)",111154,58282
"3611756198",2024,"Wayne","Palmyra town","B19013B_001","Black (Non-Hispanic)",NA,NA
"3611756198",2024,"Wayne","Palmyra town","B19013C_001","Native American (Non-Hispanic)",NA,NA
"3611756198",2024,"Wayne","Palmyra town","B19013D_001","Asian (Non-Hispanic)",165375,101485
"3611756198",2024,"Wayne","Palmyra town","B19013E_001","Pacific Islander (Non-Hispanic)",NA,NA
"3611756198",2024,"Wayne","Palmyra town","B19013F_001","Other (Non-Hispanic)",NA,NA
"3611756198",2024,"Wayne","Palmyra town","B19013G_001","Two or More Races (Non-Hispanic)",55625,16689
"3611756198",2024,"Wayne","Palmyra town","B19013H_001","White (Non-Hispanic)",67426,7956
"3611756198",2024,"Wayne","Palmyra town","B19013I_001","Hispanic or Latino (Any Race)",31964,20434
"3611763605",2024,"Wayne","Rose town","B19013B_001","Black (Non-Hispanic)",NA,NA
"3611763605",2024,"Wayne","Rose town","B19013C_001","Native American (Non-Hispanic)",NA,NA
"3611763605",2024,"Wayne","Rose town","B19013D_001","Asian (Non-Hispanic)",NA,NA
"3611763605",2024,"Wayne","Rose town","B19013E_001","Pacific Islander (Non-Hispanic)",NA,NA
"3611763605",2024,"Wayne","Rose town","B19013F_001","Other (Non-Hispanic)",NA,NA
"3611763605",2024,"Wayne","Rose town","B19013G_001","Two or More Races (Non-Hispanic)",40714,35847
"3611763605",2024,"Wayne","Rose town","B19013H_001","White (Non-Hispanic)",76600,10902
"3611763605",2024,"Wayne","Rose town","B19013I_001","Hispanic or Latino (Any Race)",NA,NA
"3611765343",2024,"Wayne","Savannah town","B19013B_001","Black (Non-Hispanic)",NA,NA
"3611765343",2024,"Wayne","Savannah town","B19013C_001","Native American (Non-Hispanic)",NA,NA
"3611765343",2024,"Wayne","Savannah town","B19013D_001","Asian (Non-Hispanic)",NA,NA
"3611765343",2024,"Wayne","Savannah town","B19013E_001","Pacific Islander (Non-Hispanic)",NA,NA
"3611765343",2024,"Wayne","Savannah town","B19013F_001","Other (Non-Hispanic)",NA,NA
"3611765343",2024,"Wayne","Savannah town","B19013G_001","Two or More Races (Non-Hispanic)",68125,35221
"3611765343",2024,"Wayne","Savannah town","B19013H_001","White (Non-Hispanic)",62813,8666
"3611765343",2024,"Wayne","Savannah town","B19013I_001","Hispanic or Latino (Any Race)",NA,NA
"3611768220",2024,"Wayne","Sodus town","B19013B_001","Black (Non-Hispanic)",73125,50524
"3611768220",2024,"Wayne","Sodus town","B19013C_001","Native American (Non-Hispanic)",NA,NA
"3611768220",2024,"Wayne","Sodus town","B19013D_001","Asian (Non-Hispanic)",NA,NA
"3611768220",2024,"Wayne","Sodus town","B19013E_001","Pacific Islander (Non-Hispanic)",NA,NA
"3611768220",2024,"Wayne","Sodus town","B19013F_001","Other (Non-Hispanic)",29130,20604
"3611768220",2024,"Wayne","Sodus town","B19013G_001","Two or More Races (Non-Hispanic)",91875,69878
"3611768220",2024,"Wayne","Sodus town","B19013H_001","White (Non-Hispanic)",70556,13208
"3611768220",2024,"Wayne","Sodus town","B19013I_001","Hispanic or Latino (Any Race)",80714,36497
"3611778102",2024,"Wayne","Walworth town","B19013B_001","Black (Non-Hispanic)",NA,NA
"3611778102",2024,"Wayne","Walworth town","B19013C_001","Native American (Non-Hispanic)",NA,NA
"3611778102",2024,"Wayne","Walworth town","B19013D_001","Asian (Non-Hispanic)",220337,199758
"3611778102",2024,"Wayne","Walworth town","B19013E_001","Pacific Islander (Non-Hispanic)",NA,NA
"3611778102",2024,"Wayne","Walworth town","B19013F_001","Other (Non-Hispanic)",NA,NA
"3611778102",2024,"Wayne","Walworth town","B19013G_001","Two or More Races (Non-Hispanic)",64167,635
"3611778102",2024,"Wayne","Walworth town","B19013H_001","White (Non-Hispanic)",94481,10069
"3611778102",2024,"Wayne","Walworth town","B19013I_001","Hispanic or Latino (Any Race)",NA,NA
"3611782040",2024,"Wayne","Williamson town","B19013B_001","Black (Non-Hispanic)",NA,NA
"3611782040",2024,"Wayne","Williamson town","B19013C_001","Native American (Non-Hispanic)",NA,NA
"3611782040",2024,"Wayne","Williamson town","B19013D_001","Asian (Non-Hispanic)",NA,NA
"3611782040",2024,"Wayne","Williamson town","B19013E_001","Pacific Islander (Non-Hispanic)",NA,NA
"3611782040",2024,"Wayne","Williamson town","B19013F_001","Other (Non-Hispanic)",NA,NA
"3611782040",2024,"Wayne","Williamson town","B19013G_001","Two or More Races (Non-Hispanic)",68274,44535
"3611782040",2024,"Wayne","Williamson town","B19013H_001","White (Non-Hispanic)",93689,13989
"3611782040",2024,"Wayne","Williamson town","B19013I_001","Hispanic or Latino (Any Race)",64545,18408
"3611782689",2024,"Wayne","Wolcott town","B19013B_001","Black (Non-Hispanic)",NA,NA
"3611782689",2024,"Wayne","Wolcott town","B19013C_001","Native American (Non-Hispanic)",NA,NA
"3611782689",2024,"Wayne","Wolcott town","B19013D_001","Asian (Non-Hispanic)",NA,NA
"3611782689",2024,"Wayne","Wolcott town","B19013E_001","Pacific Islander (Non-Hispanic)",NA,NA
"3611782689",2024,"Wayne","Wolcott town","B19013F_001","Other (Non-Hispanic)",NA,NA
"3611782689",2024,"Wayne","Wolcott town","B19013G_001","Two or More Races (Non-Hispanic)",NA,NA
"3611782689",2024,"Wayne","Wolcott town","B19013H_001","White (Non-Hispanic)",56319,10938
"3611782689",2024,"Wayne","Wolcott town","B19013I_001","Hispanic or Latino (Any Race)",43250,8100
"3612304594",2024,"Yates","Barrington town","B19013B_001","Black (Non-Hispanic)",NA,NA
"3612304594",2024,"Yates","Barrington town","B19013C_001","Native American (Non-Hispanic)",NA,NA
"3612304594",2024,"Yates","Barrington town","B19013D_001","Asian (Non-Hispanic)",NA,NA
"3612304594",2024,"Yates","Barrington town","B19013E_001","Pacific Islander (Non-Hispanic)",NA,NA
"3612304594",2024,"Yates","Barrington town","B19013F_001","Other (Non-Hispanic)",NA,NA
"3612304594",2024,"Yates","Barrington town","B19013G_001","Two or More Races (Non-Hispanic)",65333,40876
"3612304594",2024,"Yates","Barrington town","B19013H_001","White (Non-Hispanic)",97031,19150
"3612304594",2024,"Yates","Barrington town","B19013I_001","Hispanic or Latino (Any Race)",NA,NA
"3612306002",2024,"Yates","Benton town","B19013B_001","Black (Non-Hispanic)",NA,NA
"3612306002",2024,"Yates","Benton town","B19013C_001","Native American (Non-Hispanic)",NA,NA
"3612306002",2024,"Yates","Benton town","B19013D_001","Asian (Non-Hispanic)",NA,NA
"3612306002",2024,"Yates","Benton town","B19013E_001","Pacific Islander (Non-Hispanic)",NA,NA
"3612306002",2024,"Yates","Benton town","B19013F_001","Other (Non-Hispanic)",NA,NA
"3612306002",2024,"Yates","Benton town","B19013G_001","Two or More Races (Non-Hispanic)",NA,NA
"3612306002",2024,"Yates","Benton town","B19013H_001","White (Non-Hispanic)",75208,12766
"3612306002",2024,"Yates","Benton town","B19013I_001","Hispanic or Latino (Any Race)",NA,NA
"3612338044",2024,"Yates","Italy town","B19013B_001","Black (Non-Hispanic)",NA,NA
"3612338044",2024,"Yates","Italy town","B19013C_001","Native American (Non-Hispanic)",NA,NA
"3612338044",2024,"Yates","Italy town","B19013D_001","Asian (Non-Hispanic)",NA,NA
"3612338044",2024,"Yates","Italy town","B19013E_001","Pacific Islander (Non-Hispanic)",NA,NA
"3612338044",2024,"Yates","Italy town","B19013F_001","Other (Non-Hispanic)",NA,NA
"3612338044",2024,"Yates","Italy town","B19013G_001","Two or More Races (Non-Hispanic)",NA,NA
"3612338044",2024,"Yates","Italy town","B19013H_001","White (Non-Hispanic)",57266,9541
"3612338044",2024,"Yates","Italy town","B19013I_001","Hispanic or Latino (Any Race)",NA,NA
"3612338583",2024,"Yates","Jerusalem town","B19013B_001","Black (Non-Hispanic)",NA,NA
"3612338583",2024,"Yates","Jerusalem town","B19013C_001","Native American (Non-Hispanic)",NA,NA
"3612338583",2024,"Yates","Jerusalem town","B19013D_001","Asian (Non-Hispanic)",NA,NA
"3612338583",2024,"Yates","Jerusalem town","B19013E_001","Pacific Islander (Non-Hispanic)",NA,NA
"3612338583",2024,"Yates","Jerusalem town","B19013F_001","Other (Non-Hispanic)",NA,NA
"3612338583",2024,"Yates","Jerusalem town","B19013G_001","Two or More Races (Non-Hispanic)",250001,NA
"3612338583",2024,"Yates","Jerusalem town","B19013H_001","White (Non-Hispanic)",86042,8987
"3612338583",2024,"Yates","Jerusalem town","B19013I_001","Hispanic or Latino (Any Race)",NA,NA
"3612347020",2024,"Yates","Middlesex town","B19013B_001","Black (Non-Hispanic)",NA,NA
"3612347020",2024,"Yates","Middlesex town","B19013C_001","Native American (Non-Hispanic)",NA,NA
"3612347020",2024,"Yates","Middlesex town","B19013D_001","Asian (Non-Hispanic)",NA,NA
"3612347020",2024,"Yates","Middlesex town","B19013E_001","Pacific Islander (Non-Hispanic)",NA,NA
"3612347020",2024,"Yates","Middlesex town","B19013F_001","Other (Non-Hispanic)",NA,NA
"3612347020",2024,"Yates","Middlesex town","B19013G_001","Two or More Races (Non-Hispanic)",54659,24121
"3612347020",2024,"Yates","Middlesex town","B19013H_001","White (Non-Hispanic)",76667,21228
"3612347020",2024,"Yates","Middlesex town","B19013I_001","Hispanic or Latino (Any Race)",NA,NA
"3612347504",2024,"Yates","Milo town","B19013B_001","Black (Non-Hispanic)",NA,NA
"3612347504",2024,"Yates","Milo town","B19013C_001","Native American (Non-Hispanic)",NA,NA
"3612347504",2024,"Yates","Milo town","B19013D_001","Asian (Non-Hispanic)",NA,NA
"3612347504",2024,"Yates","Milo town","B19013E_001","Pacific Islander (Non-Hispanic)",NA,NA
"3612347504",2024,"Yates","Milo town","B19013F_001","Other (Non-Hispanic)",NA,NA
"3612347504",2024,"Yates","Milo town","B19013G_001","Two or More Races (Non-Hispanic)",NA,NA
"3612347504",2024,"Yates","Milo town","B19013H_001","White (Non-Hispanic)",65152,8568
"3612347504",2024,"Yates","Milo town","B19013I_001","Hispanic or Latino (Any Race)",NA,NA
"3612359597",2024,"Yates","Potter town","B19013B_001","Black (Non-Hispanic)",NA,NA
"3612359597",2024,"Yates","Potter town","B19013C_001","Native American (Non-Hispanic)",NA,NA
"3612359597",2024,"Yates","Potter town","B19013D_001","Asian (Non-Hispanic)",NA,NA
"3612359597",2024,"Yates","Potter town","B19013E_001","Pacific Islander (Non-Hispanic)",NA,NA
"3612359597",2024,"Yates","Potter town","B19013F_001","Other (Non-Hispanic)",NA,NA
"3612359597",2024,"Yates","Potter town","B19013G_001","Two or More Races (Non-Hispanic)",NA,NA
"3612359597",2024,"Yates","Potter town","B19013H_001","White (Non-Hispanic)",68750,21321
"3612359597",2024,"Yates","Potter town","B19013I_001","Hispanic or Latino (Any Race)",96136,24668
"3612370816",2024,"Yates","Starkey town","B19013B_001","Black (Non-Hispanic)",NA,NA
"3612370816",2024,"Yates","Starkey town","B19013C_001","Native American (Non-Hispanic)",NA,NA
"3612370816",2024,"Yates","Starkey town","B19013D_001","Asian (Non-Hispanic)",NA,NA
"3612370816",2024,"Yates","Starkey town","B19013E_001","Pacific Islander (Non-Hispanic)",NA,NA
"3612370816",2024,"Yates","Starkey town","B19013F_001","Other (Non-Hispanic)",NA,NA
"3612370816",2024,"Yates","Starkey town","B19013G_001","Two or More Races (Non-Hispanic)",NA,NA
"3612370816",2024,"Yates","Starkey town","B19013H_001","White (Non-Hispanic)",53500,6995
"3612370816",2024,"Yates","Starkey town","B19013I_001","Hispanic or Latino (Any Race)",NA,NA
"3612375055",2024,"Yates","Torrey town","B19013B_001","Black (Non-Hispanic)",NA,NA
"3612375055",2024,"Yates","Torrey town","B19013C_001","Native American (Non-Hispanic)",NA,NA
"3612375055",2024,"Yates","Torrey town","B19013D_001","Asian (Non-Hispanic)",NA,NA
"3612375055",2024,"Yates","Torrey town","B19013E_001","Pacific Islander (Non-Hispanic)",NA,NA
"3612375055",2024,"Yates","Torrey town","B19013F_001","Other (Non-Hispanic)",NA,NA
"3612375055",2024,"Yates","Torrey town","B19013G_001","Two or More Races (Non-Hispanic)",55417,32873
"3612375055",2024,"Yates","Torrey town","B19013H_001","White (Non-Hispanic)",97125,13210
"3612375055",2024,"Yates","Torrey town","B19013I_001","Hispanic or Latino (Any Race)",NA,NA
